# 
# Wavefront OBJ file
# Created with Kaydara FBX
# 
mtllib c:\users\tjvan\onedrive\documenten\fontys\minor\nx\.mtlmodels\1th_to_4th_perforating_branches_of_the_deep_femoral_vein.r_obj.obj

g 1th_to_4th_perforating_branches_of_the_deep_femoral_vein_r_obj
v -0.135895 0.663661 -0.027840
v -0.136906 0.661634 -0.026611
v -0.136918 0.661562 -0.026745
v -0.135909 0.663583 -0.027974
v -0.136857 0.661475 -0.026853
v -0.135813 0.663693 -0.027711
v -0.136824 0.661671 -0.026488
v -0.135853 0.663480 -0.028078
v -0.136739 0.661396 -0.026908
v -0.135687 0.663672 -0.027622
v -0.136694 0.661663 -0.026409
v -0.135742 0.663381 -0.028124
v -0.136597 0.661345 -0.026894
v -0.135549 0.663603 -0.027597
v -0.136551 0.661612 -0.026395
v -0.135604 0.663312 -0.028098
v -0.136467 0.661338 -0.026815
v -0.135437 0.663504 -0.027642
v -0.136434 0.661533 -0.026450
v -0.135477 0.663291 -0.028009
v -0.136385 0.661374 -0.026692
v -0.135381 0.663402 -0.027746
v -0.136373 0.661446 -0.026559
v -0.135396 0.663324 -0.027880
v -0.134716 0.665230 -0.028924
v -0.134733 0.665147 -0.029059
v -0.134637 0.665258 -0.028787
v -0.134686 0.665030 -0.029157
v -0.134518 0.665222 -0.028686
v -0.134584 0.664910 -0.029191
v -0.134391 0.665132 -0.028647
v -0.134458 0.664820 -0.029153
v -0.134290 0.665013 -0.028682
v -0.134339 0.664784 -0.029052
v -0.134242 0.664895 -0.028780
v -0.134260 0.664812 -0.028915
v -0.133380 0.666413 -0.029859
v -0.133401 0.666325 -0.029997
v -0.133307 0.666434 -0.029714
v -0.133363 0.666195 -0.030089
v -0.133201 0.666383 -0.029599
v -0.133278 0.666057 -0.030112
v -0.133091 0.666274 -0.029546
v -0.133168 0.665947 -0.030059
v -0.133005 0.666136 -0.029569
v -0.133062 0.665897 -0.029944
v -0.132968 0.666005 -0.029661
v -0.132989 0.665918 -0.029798
v -0.131905 0.667278 -0.030642
v -0.131927 0.667188 -0.030782
v -0.131842 0.667293 -0.030487
v -0.131900 0.667048 -0.030871
v -0.131753 0.667229 -0.030359
v -0.131833 0.666894 -0.030884
v -0.131663 0.667104 -0.030292
v -0.131743 0.666768 -0.030817
v -0.131596 0.666950 -0.030305
v -0.131654 0.666705 -0.030689
v -0.131569 0.666810 -0.030393
v -0.131590 0.666720 -0.030534
v -0.130329 0.667807 -0.031412
v -0.130310 0.667898 -0.031267
v -0.130311 0.667660 -0.031499
v -0.130259 0.667908 -0.031103
v -0.130260 0.667495 -0.031505
v -0.130190 0.667834 -0.030963
v -0.130120 0.667697 -0.030886
v -0.130191 0.667358 -0.031428
v -0.130121 0.667284 -0.031289
v -0.130070 0.667532 -0.030892
v -0.130070 0.667294 -0.031124
v -0.130051 0.667385 -0.030979
v -0.128626 0.668258 -0.031884
v -0.128614 0.668349 -0.031733
v -0.128611 0.668106 -0.031972
v -0.128577 0.668355 -0.031561
v -0.128573 0.667934 -0.031974
v -0.128526 0.668274 -0.031413
v -0.128521 0.667788 -0.031890
v -0.128474 0.668128 -0.031329
v -0.128469 0.667707 -0.031742
v -0.128435 0.667956 -0.031331
v -0.128433 0.667713 -0.031570
v -0.128420 0.667804 -0.031419
v -0.126835 0.668615 -0.032197
v -0.126832 0.668706 -0.032041
v -0.126817 0.668460 -0.032288
v -0.126810 0.668709 -0.031862
v -0.126784 0.668283 -0.032289
v -0.126775 0.668623 -0.031708
v -0.126744 0.668131 -0.032201
v -0.126735 0.668471 -0.031620
v -0.126709 0.668045 -0.032046
v -0.126702 0.668294 -0.031621
v -0.126686 0.668048 -0.031867
v -0.126684 0.668139 -0.031712
v -0.124942 0.668800 -0.032447
v -0.124907 0.668619 -0.032448
v -0.124968 0.668957 -0.032353
v -0.124979 0.669047 -0.032193
v -0.124948 0.668957 -0.031850
v -0.124915 0.668800 -0.031759
v -0.124972 0.669047 -0.032009
v -0.124873 0.668462 -0.032357
v -0.124880 0.668619 -0.031760
v -0.124850 0.668371 -0.032198
v -0.124853 0.668462 -0.031854
v -0.124842 0.668371 -0.032014
v -0.123066 0.669446 -0.032190
v -0.123039 0.669356 -0.032354
v -0.123073 0.669442 -0.032002
v -0.123058 0.669348 -0.031840
v -0.122998 0.669199 -0.032449
v -0.123024 0.669187 -0.031747
v -0.122955 0.669016 -0.032451
v -0.122981 0.669004 -0.031748
v -0.122921 0.668855 -0.032358
v -0.122940 0.668847 -0.031843
v -0.122905 0.668761 -0.032196
v -0.122912 0.668758 -0.032007
v -0.121114 0.669870 -0.031677
v -0.121074 0.669707 -0.031582
v -0.121125 0.669967 -0.031842
v -0.121105 0.669974 -0.032034
v -0.121058 0.669888 -0.032200
v -0.121017 0.669523 -0.031582
v -0.120998 0.669733 -0.032296
v -0.120957 0.669368 -0.031678
v -0.120941 0.669549 -0.032296
v -0.120910 0.669282 -0.031844
v -0.120890 0.669289 -0.032035
v -0.120901 0.669386 -0.032201
v -0.119126 0.670595 -0.031362
v -0.119136 0.670695 -0.031530
v -0.119075 0.670433 -0.031263
v -0.119104 0.670706 -0.031724
v -0.118999 0.670251 -0.031261
v -0.119038 0.670625 -0.031890
v -0.118917 0.670100 -0.031355
v -0.118955 0.670474 -0.031985
v -0.118850 0.670019 -0.031522
v -0.118879 0.670293 -0.031983
v -0.118818 0.670031 -0.031715
v -0.118828 0.670131 -0.031884
v -0.117089 0.671605 -0.030890
v -0.117095 0.671709 -0.031061
v -0.117035 0.671440 -0.030788
v -0.117052 0.671725 -0.031256
v -0.116947 0.671260 -0.030784
v -0.116971 0.671649 -0.031423
v -0.116850 0.671111 -0.030878
v -0.116873 0.671500 -0.031517
v -0.116769 0.671035 -0.031045
v -0.116786 0.671320 -0.031513
v -0.116726 0.671051 -0.031240
v -0.116732 0.671155 -0.031411
v -0.114385 0.672928 -0.030085
v -0.114347 0.672753 -0.029987
v -0.114376 0.673041 -0.030255
v -0.114320 0.673063 -0.030451
v -0.114270 0.672563 -0.029986
v -0.114234 0.672987 -0.030620
v -0.114176 0.672410 -0.030083
v -0.114140 0.672833 -0.030717
v -0.114089 0.672333 -0.030252
v -0.114063 0.672643 -0.030716
v -0.114034 0.672355 -0.030448
v -0.114024 0.672468 -0.030618
v -0.111900 0.673746 -0.029184
v -0.111889 0.673558 -0.029094
v -0.111867 0.673869 -0.029349
v -0.111835 0.673357 -0.029102
v -0.111796 0.673896 -0.029544
v -0.111753 0.673196 -0.029206
v -0.111709 0.673818 -0.029716
v -0.111666 0.673118 -0.029379
v -0.111627 0.673657 -0.029821
v -0.111595 0.673144 -0.029573
v -0.111573 0.673455 -0.029828
v -0.111561 0.673268 -0.029738
v -0.109655 0.673956 -0.028127
v -0.109640 0.674152 -0.028207
v -0.109624 0.673747 -0.028145
v -0.109581 0.674283 -0.028364
v -0.109553 0.673580 -0.028256
v -0.109495 0.674312 -0.028557
v -0.109462 0.673501 -0.028432
v -0.109404 0.674233 -0.028732
v -0.109376 0.673531 -0.028624
v -0.109333 0.674067 -0.028844
v -0.109317 0.673661 -0.028781
v -0.109302 0.673857 -0.028861
v -0.107635 0.674048 -0.027100
v -0.107622 0.673834 -0.027128
v -0.107595 0.674249 -0.027170
v -0.107559 0.673664 -0.027246
v -0.107513 0.674383 -0.027319
v -0.107463 0.673583 -0.027423
v -0.107411 0.674414 -0.027507
v -0.107360 0.673614 -0.027611
v -0.107315 0.674334 -0.027684
v -0.107278 0.673748 -0.027760
v -0.107252 0.674164 -0.027803
v -0.107239 0.673949 -0.027830
v -0.105816 0.673717 -0.026064
v -0.105817 0.673935 -0.026028
v -0.105756 0.673544 -0.026187
v -0.105759 0.674139 -0.026089
v -0.105653 0.673462 -0.026364
v -0.105657 0.674275 -0.026231
v -0.105534 0.673493 -0.026548
v -0.105539 0.674305 -0.026414
v -0.105433 0.673628 -0.026689
v -0.105436 0.674223 -0.026591
v -0.105375 0.673832 -0.026750
v -0.105376 0.674050 -0.026714
v -0.104193 0.673496 -0.024967
v -0.104130 0.673319 -0.025091
v -0.104190 0.673717 -0.024928
v -0.104017 0.673235 -0.025266
v -0.104121 0.673924 -0.024983
v -0.103885 0.673265 -0.025445
v -0.104004 0.674060 -0.025118
v -0.103768 0.673401 -0.025580
v -0.103872 0.674090 -0.025297
v -0.103699 0.673608 -0.025635
v -0.103759 0.674005 -0.025472
v -0.103695 0.673829 -0.025595
v -0.102743 0.673268 -0.023850
v -0.102670 0.673088 -0.023969
v -0.102744 0.673494 -0.023813
v -0.102543 0.673000 -0.024138
v -0.102673 0.673704 -0.023868
v -0.102398 0.673029 -0.024312
v -0.102547 0.673842 -0.024001
v -0.102273 0.673167 -0.024444
v -0.102402 0.673871 -0.024175
v -0.102201 0.673377 -0.024499
v -0.102275 0.673783 -0.024344
v -0.102202 0.673602 -0.024463
v -0.101454 0.673135 -0.022724
v -0.101361 0.672949 -0.022830
v -0.101470 0.673365 -0.022700
v -0.101217 0.672859 -0.022989
v -0.101406 0.673580 -0.022764
v -0.101061 0.672887 -0.023159
v -0.101279 0.673720 -0.022899
v -0.100933 0.673028 -0.023294
v -0.101122 0.673749 -0.023069
v -0.100869 0.673242 -0.023358
v -0.100978 0.673658 -0.023228
v -0.100886 0.673473 -0.023334
v -0.100312 0.673196 -0.021602
v -0.100191 0.673010 -0.021683
v -0.100357 0.673428 -0.021605
v -0.100312 0.673645 -0.021690
v -0.100025 0.672919 -0.021826
v -0.100191 0.673787 -0.021836
v -0.099860 0.672949 -0.021993
v -0.100026 0.673817 -0.022002
v -0.099739 0.673091 -0.022138
v -0.099860 0.673726 -0.022145
v -0.099694 0.673307 -0.022224
v -0.099739 0.673540 -0.022226
v -0.099308 0.673559 -0.020496
v -0.099391 0.673781 -0.020539
v -0.099150 0.673383 -0.020541
v -0.099377 0.673989 -0.020660
v -0.098960 0.673300 -0.020663
v -0.099270 0.674127 -0.020825
v -0.098788 0.673331 -0.020828
v -0.099098 0.674158 -0.020991
v -0.098681 0.673469 -0.020994
v -0.098908 0.674075 -0.021113
v -0.098668 0.673677 -0.021115
v -0.098751 0.673899 -0.021158
v -0.098558 0.674523 -0.019513
v -0.098435 0.674332 -0.019423
v -0.098577 0.674705 -0.019675
v -0.098242 0.674182 -0.019429
v -0.098487 0.674829 -0.019867
v -0.098029 0.674114 -0.019529
v -0.098312 0.674861 -0.020035
v -0.097854 0.674146 -0.019698
v -0.098100 0.674793 -0.020136
v -0.097765 0.674270 -0.019889
v -0.097906 0.674644 -0.020142
v -0.097784 0.674452 -0.020051
v -0.097830 0.675785 -0.018517
v -0.097867 0.675943 -0.018706
v -0.097687 0.675616 -0.018404
v -0.097791 0.676048 -0.018917
v -0.097478 0.675481 -0.018395
v -0.097620 0.676072 -0.019097
v -0.097259 0.675417 -0.018493
v -0.097400 0.676008 -0.019195
v -0.097087 0.675441 -0.018672
v -0.097191 0.675873 -0.019186
v -0.096661 0.677683 -0.017245
v -0.096703 0.677863 -0.017457
v -0.097011 0.675546 -0.018884
v -0.096510 0.677478 -0.017126
v -0.097049 0.675704 -0.019072
v -0.096626 0.677968 -0.017706
v -0.096291 0.677302 -0.017133
v -0.096449 0.677972 -0.017924
v -0.096062 0.677203 -0.017263
v -0.096220 0.677872 -0.018054
v -0.095885 0.677206 -0.017481
v -0.096001 0.677696 -0.018061
v -0.095808 0.677312 -0.017730
v -0.095850 0.677491 -0.017942
v -0.094873 0.679462 -0.015938
v -0.094908 0.679674 -0.016166
v -0.094730 0.679207 -0.015824
v -0.094827 0.679787 -0.016447
v -0.094519 0.678978 -0.015855
v -0.094651 0.679770 -0.016706
v -0.094296 0.678836 -0.016022
v -0.094428 0.679627 -0.016873
v -0.094120 0.678818 -0.016281
v -0.094217 0.679398 -0.016904
v -0.094039 0.678931 -0.016562
v -0.094074 0.679143 -0.016790
v -0.092635 0.681139 -0.014604
v -0.092665 0.681380 -0.014850
v -0.092498 0.680843 -0.014490
v -0.092579 0.681502 -0.015162
v -0.092289 0.680572 -0.014538
v -0.092399 0.681472 -0.015456
v -0.092065 0.680398 -0.014736
v -0.092176 0.681297 -0.015654
v -0.091886 0.680368 -0.015030
v -0.091967 0.681026 -0.015702
v -0.091800 0.680489 -0.015342
v -0.091829 0.680730 -0.015588
v -0.090092 0.682764 -0.013231
v -0.090118 0.683031 -0.013497
v -0.089953 0.682433 -0.013112
v -0.090024 0.683164 -0.013838
v -0.089738 0.682127 -0.013172
v -0.089836 0.683126 -0.014164
v -0.089506 0.681929 -0.013395
v -0.089603 0.682928 -0.014386
v -0.089318 0.681891 -0.013720
v -0.089389 0.682622 -0.014446
v -0.089224 0.682024 -0.014061
v -0.089250 0.682291 -0.014327
v -0.087384 0.684382 -0.011807
v -0.087409 0.684675 -0.012094
v -0.087237 0.684021 -0.011680
v -0.087306 0.684820 -0.012463
v -0.087007 0.683687 -0.011746
v -0.087101 0.684779 -0.012816
v -0.086757 0.683471 -0.011989
v -0.086850 0.684562 -0.013059
v -0.086552 0.683430 -0.012342
v -0.086621 0.684229 -0.013125
v -0.086448 0.683575 -0.012711
v -0.086474 0.683868 -0.012998
v -0.084654 0.686038 -0.010323
v -0.084682 0.686353 -0.010632
v -0.084491 0.685651 -0.010183
v -0.084565 0.686513 -0.011028
v -0.084235 0.685296 -0.010251
v -0.084336 0.686474 -0.011405
v -0.083955 0.685069 -0.010507
v -0.084056 0.686246 -0.011662
v -0.083726 0.685030 -0.010884
v -0.083800 0.685892 -0.011729
v -0.083609 0.685189 -0.011280
v -0.083636 0.685505 -0.011589
v -0.082045 0.687771 -0.008773
v -0.082077 0.688107 -0.009107
v -0.081856 0.687365 -0.008615
v -0.081944 0.688284 -0.009527
v -0.081560 0.686998 -0.008675
v -0.081681 0.688253 -0.009921
v -0.081238 0.686768 -0.008938
v -0.081358 0.688023 -0.010184
v -0.080974 0.686738 -0.009332
v -0.081063 0.687656 -0.010244
v -0.080841 0.686914 -0.009752
v -0.080874 0.687250 -0.010086
v -0.079698 0.689617 -0.007152
v -0.079739 0.689970 -0.007513
v -0.079472 0.689201 -0.006968
v -0.079585 0.690168 -0.007955
v -0.079123 0.688836 -0.007010
v -0.079277 0.690156 -0.008358
v -0.078743 0.688618 -0.007266
v -0.078898 0.689938 -0.008614
v -0.078435 0.688606 -0.007669
v -0.078548 0.689573 -0.008656
v -0.078281 0.688804 -0.008111
v -0.078323 0.689158 -0.008472
v -0.077750 0.691606 -0.005461
v -0.077804 0.691972 -0.005853
v -0.077478 0.691197 -0.005238
v -0.077626 0.692197 -0.006310
v -0.077061 0.690854 -0.005244
v -0.077263 0.692220 -0.006709
v -0.076611 0.690669 -0.005478
v -0.076813 0.692036 -0.006943
v -0.076249 0.690693 -0.005877
v -0.076396 0.691693 -0.006949
v -0.076071 0.690918 -0.006334
v -0.076125 0.691284 -0.006726
v -0.076328 0.693768 -0.003697
v -0.076396 0.694139 -0.004127
v -0.076005 0.693386 -0.003419
v -0.076192 0.694400 -0.004593
v -0.075515 0.693096 -0.003368
v -0.075771 0.694480 -0.004971
v -0.074989 0.692975 -0.003556
v -0.075244 0.694360 -0.005160
v -0.074567 0.693056 -0.003934
v -0.074754 0.694069 -0.005108
v -0.075540 0.696141 -0.001852
v -0.075621 0.696508 -0.002325
v -0.075175 0.695810 -0.001503
v -0.074363 0.693317 -0.004400
v -0.075395 0.696815 -0.002794
v -0.074432 0.693688 -0.004830
v -0.074622 0.695606 -0.001370
v -0.074923 0.696978 -0.003134
v -0.075496 0.698787 0.000103
v -0.075583 0.699145 -0.000416
v -0.075343 0.699504 -0.000885
v -0.075108 0.698524 0.000533
v -0.074030 0.695581 -0.001490
v -0.074842 0.699766 -0.001177
v -0.074331 0.696954 -0.003254
v -0.074521 0.698428 0.000759
v -0.073558 0.695745 -0.001830
v -0.074214 0.699862 -0.001215
v -0.073779 0.696749 -0.003121
v -0.073892 0.698524 0.000721
v -0.073332 0.696051 -0.002299
v -0.073413 0.696419 -0.002772
v -0.073627 0.699766 -0.000989
v -0.073392 0.698787 0.000429
v -0.073238 0.699504 -0.000558
v -0.073152 0.699145 -0.000039
v -0.094549 0.611995 -0.022776
v -0.093080 0.609843 -0.023369
v -0.094564 0.612023 -0.022964
v -0.093016 0.609912 -0.023519
v -0.094497 0.612100 -0.023125
v -0.094457 0.612023 -0.022611
v -0.093069 0.609821 -0.023194
v -0.092893 0.610008 -0.023604
v -0.094367 0.612206 -0.023217
v -0.094312 0.612100 -0.022514
v -0.092985 0.609850 -0.023040
v -0.092746 0.610106 -0.023601
v -0.094208 0.612312 -0.023213
v -0.094153 0.612206 -0.022510
v -0.092852 0.609923 -0.022950
v -0.092612 0.610179 -0.023511
v -0.094063 0.612389 -0.023116
v -0.094023 0.612312 -0.022601
v -0.092704 0.610021 -0.022946
v -0.092529 0.610209 -0.023357
v -0.093971 0.612417 -0.022951
v -0.093956 0.612389 -0.022763
v -0.092582 0.610117 -0.023031
v -0.092517 0.610186 -0.023182
v -0.091937 0.608173 -0.023626
v -0.091929 0.608155 -0.023463
v -0.091876 0.608234 -0.023765
v -0.091762 0.608321 -0.023843
v -0.091854 0.608185 -0.023321
v -0.091626 0.608412 -0.023840
v -0.091732 0.608255 -0.023237
v -0.091505 0.608482 -0.023756
v -0.091596 0.608346 -0.023234
v -0.091430 0.608512 -0.023614
v -0.091482 0.608434 -0.023313
v -0.091422 0.608495 -0.023452
v -0.091054 0.606917 -0.023780
v -0.091048 0.606903 -0.023631
v -0.090998 0.606972 -0.023908
v -0.090894 0.607053 -0.023980
v -0.090982 0.606934 -0.023501
v -0.090771 0.607138 -0.023977
v -0.090872 0.607001 -0.023423
v -0.090662 0.607205 -0.023900
v -0.090749 0.607087 -0.023420
v -0.090595 0.607236 -0.023769
v -0.090646 0.607168 -0.023492
v -0.090589 0.607222 -0.023620
v -0.090351 0.605982 -0.023880
v -0.090346 0.605969 -0.023745
v -0.090302 0.606034 -0.023996
v -0.090210 0.606111 -0.024061
v -0.090287 0.605999 -0.023626
v -0.090102 0.606194 -0.024058
v -0.090190 0.606064 -0.023555
v -0.090005 0.606258 -0.023987
v -0.090081 0.606146 -0.023552
v -0.089946 0.606288 -0.023868
v -0.089990 0.606223 -0.023617
v -0.089941 0.606276 -0.023732
v -0.089748 0.605274 -0.023973
v -0.089740 0.605259 -0.023851
v -0.089709 0.605328 -0.024076
v -0.089633 0.605405 -0.024133
v -0.089687 0.605286 -0.023744
v -0.089541 0.605486 -0.024129
v -0.089603 0.605348 -0.023680
v -0.089457 0.605548 -0.024065
v -0.089510 0.605428 -0.023676
v -0.089403 0.605574 -0.023958
v -0.089435 0.605506 -0.023733
v -0.089395 0.605559 -0.023836
v -0.089168 0.604705 -0.024104
v -0.089154 0.604685 -0.023998
v -0.089141 0.604761 -0.024193
v -0.089082 0.604839 -0.024242
v -0.089105 0.604706 -0.023903
v -0.089006 0.604916 -0.024236
v -0.089032 0.604764 -0.023845
v -0.088934 0.604974 -0.024179
v -0.088956 0.604841 -0.023840
v -0.088884 0.604995 -0.024084
v -0.088897 0.604919 -0.023889
v -0.088871 0.604975 -0.023978
v -0.088533 0.604183 -0.024319
v -0.088518 0.604239 -0.024394
v -0.088515 0.604159 -0.024229
v -0.088473 0.604313 -0.024434
v -0.088468 0.604175 -0.024147
v -0.088411 0.604385 -0.024428
v -0.088405 0.604225 -0.024097
v -0.088348 0.604435 -0.024378
v -0.088343 0.604297 -0.024091
v -0.088301 0.604451 -0.024296
v -0.088298 0.604371 -0.024131
v -0.088283 0.604427 -0.024206
v -0.087765 0.603612 -0.024665
v -0.087757 0.603664 -0.024727
v -0.087745 0.603588 -0.024590
v -0.087722 0.603730 -0.024760
v -0.087702 0.603599 -0.024522
v -0.087671 0.603793 -0.024754
v -0.087647 0.603642 -0.024479
v -0.087616 0.603836 -0.024711
v -0.087595 0.603705 -0.024473
v -0.087573 0.603846 -0.024643
v -0.087561 0.603771 -0.024505
v -0.087553 0.603823 -0.024567
v -0.086780 0.602897 -0.025189
v -0.086761 0.602875 -0.025127
v -0.086775 0.602941 -0.025239
v -0.086747 0.602997 -0.025266
v -0.086705 0.603050 -0.025261
v -0.086723 0.602883 -0.025071
v -0.086658 0.603084 -0.025226
v -0.086677 0.602917 -0.025036
v -0.086620 0.603092 -0.025170
v -0.086634 0.602970 -0.025031
v -0.086601 0.603070 -0.025108
v -0.086606 0.603026 -0.025058
v -0.085493 0.601977 -0.025978
v -0.085496 0.601941 -0.025938
v -0.085471 0.602022 -0.025999
v -0.085481 0.601924 -0.025889
v -0.085436 0.602063 -0.025995
v -0.085449 0.601929 -0.025845
v -0.085398 0.602090 -0.025968
v -0.085411 0.601956 -0.025818
v -0.085367 0.602096 -0.025924
v -0.085377 0.601997 -0.025814
v -0.085355 0.602042 -0.025835
v -0.085351 0.602078 -0.025875
v -0.083833 0.600651 -0.026959
v -0.083821 0.600638 -0.026923
v -0.083831 0.600678 -0.026989
v -0.083814 0.600711 -0.027005
v -0.083788 0.600742 -0.027003
v -0.083798 0.600642 -0.026890
v -0.083759 0.600762 -0.026982
v -0.083769 0.600662 -0.026870
v -0.083735 0.600765 -0.026950
v -0.083743 0.600692 -0.026868
v -0.083726 0.600725 -0.026884
v -0.083723 0.600752 -0.026914
v -0.081711 0.598933 -0.028300
v -0.081703 0.598924 -0.028276
v -0.081709 0.598951 -0.028320
v -0.081698 0.598973 -0.028331
v -0.081680 0.598993 -0.028329
v -0.081687 0.598927 -0.028255
v -0.081661 0.599005 -0.028316
v -0.081668 0.598940 -0.028242
v -0.081645 0.599008 -0.028295
v -0.081650 0.598960 -0.028240
v -0.081639 0.598981 -0.028251
v -0.081637 0.598999 -0.028271
v -0.098001 0.675028 -0.019268
v -0.097636 0.674103 -0.019963
v -0.097977 0.675120 -0.019434
v -0.097929 0.674961 -0.019105
v -0.097658 0.674009 -0.019806
v -0.097532 0.674206 -0.020075
v -0.097864 0.675211 -0.019558
v -0.097780 0.674937 -0.018987
v -0.097590 0.673951 -0.019645
v -0.097373 0.674291 -0.020110
v -0.097692 0.675278 -0.019606
v -0.097452 0.673943 -0.019523
v -0.097595 0.674961 -0.018947
v -0.097202 0.674336 -0.020060
v -0.097507 0.675303 -0.019566
v -0.097191 0.673265 -0.020417
v -0.097208 0.673171 -0.020268
v -0.097098 0.673380 -0.020516
v -0.097147 0.673121 -0.020110
v -0.097281 0.673988 -0.019473
v -0.097423 0.675028 -0.018995
v -0.096956 0.673483 -0.020538
v -0.097064 0.674328 -0.019939
v -0.097358 0.675278 -0.019448
v -0.097022 0.673129 -0.019984
v -0.097310 0.675120 -0.019119
v -0.097122 0.674073 -0.019509
v -0.096802 0.673548 -0.020478
v -0.096996 0.674270 -0.019777
v -0.097286 0.675211 -0.019285
v -0.097018 0.674177 -0.019620
v -0.096869 0.673194 -0.019924
v -0.096654 0.672588 -0.020803
v -0.096667 0.672492 -0.020663
v -0.096678 0.673557 -0.020352
v -0.096576 0.672712 -0.020890
v -0.096612 0.672450 -0.020507
v -0.096727 0.673297 -0.019946
v -0.096454 0.672831 -0.020900
v -0.096616 0.673507 -0.020194
v -0.096504 0.672473 -0.020377
v -0.096634 0.673412 -0.020045
v -0.096322 0.672913 -0.020831
v -0.096372 0.672555 -0.020308
v -0.096214 0.672936 -0.020702
v -0.096250 0.672674 -0.020319
v -0.096042 0.672050 -0.021130
v -0.096051 0.671954 -0.020998
v -0.095980 0.672180 -0.021206
v -0.096159 0.672894 -0.020546
v -0.096003 0.671918 -0.020845
v -0.096172 0.672798 -0.020406
v -0.095881 0.672310 -0.021207
v -0.095913 0.671952 -0.020713
v -0.095771 0.672405 -0.021131
v -0.095803 0.672047 -0.020638
v -0.095680 0.672439 -0.020999
v -0.095704 0.672177 -0.020638
v -0.095633 0.672403 -0.020846
v -0.095642 0.672307 -0.020714
v -0.095375 0.671629 -0.021406
v -0.095379 0.671534 -0.021281
v -0.095327 0.671762 -0.021474
v -0.095338 0.671503 -0.021133
v -0.095248 0.671897 -0.021467
v -0.095264 0.671544 -0.021001
v -0.095160 0.671999 -0.021387
v -0.095176 0.671646 -0.020921
v -0.095086 0.672040 -0.021255
v -0.095098 0.671781 -0.020914
v -0.095046 0.672009 -0.021107
v -0.095050 0.671914 -0.020982
v -0.094669 0.671301 -0.021642
v -0.094669 0.671208 -0.021524
v -0.094633 0.671432 -0.021704
v -0.094635 0.671181 -0.021381
v -0.094571 0.671569 -0.021692
v -0.094574 0.671225 -0.021251
v -0.094501 0.671673 -0.021611
v -0.094503 0.671329 -0.021169
v -0.094440 0.671717 -0.021481
v -0.094442 0.671465 -0.021158
v -0.094405 0.671689 -0.021338
v -0.094406 0.671597 -0.021220
v -0.093939 0.671038 -0.021849
v -0.093938 0.670949 -0.021737
v -0.093912 0.671167 -0.021905
v -0.093907 0.670924 -0.021599
v -0.093862 0.671300 -0.021892
v -0.093856 0.670969 -0.021473
v -0.093804 0.671403 -0.021811
v -0.093798 0.671072 -0.021393
v -0.093753 0.671448 -0.021685
v -0.093749 0.671205 -0.021379
v -0.093723 0.671422 -0.021548
v -0.093721 0.671333 -0.021436
v -0.093200 0.670816 -0.022037
v -0.093198 0.670731 -0.021931
v -0.093177 0.670939 -0.022090
v -0.093170 0.670707 -0.021799
v -0.093134 0.671068 -0.022076
v -0.093125 0.670751 -0.021679
v -0.093084 0.671167 -0.021998
v -0.093074 0.670850 -0.021601
v -0.093038 0.671211 -0.021877
v -0.093031 0.670979 -0.021586
v -0.093011 0.671187 -0.021746
v -0.093008 0.671102 -0.021639
v -0.092464 0.670609 -0.022218
v -0.092461 0.670528 -0.022117
v -0.092442 0.670726 -0.022269
v -0.092435 0.670506 -0.021992
v -0.092401 0.670848 -0.022255
v -0.092392 0.670547 -0.021878
v -0.092353 0.670943 -0.022181
v -0.092344 0.670642 -0.021804
v -0.092310 0.670984 -0.022066
v -0.092303 0.670764 -0.021790
v -0.092281 0.670881 -0.021840
v -0.092284 0.670962 -0.021941
v -0.091741 0.670393 -0.022402
v -0.091740 0.670317 -0.022306
v -0.091718 0.670503 -0.022451
v -0.091714 0.670295 -0.022189
v -0.091676 0.670618 -0.022439
v -0.091670 0.670334 -0.022081
v -0.091626 0.670706 -0.022370
v -0.091620 0.670422 -0.022012
v -0.091582 0.670744 -0.022262
v -0.091578 0.670536 -0.022000
v -0.091556 0.670722 -0.022144
v -0.091554 0.670646 -0.022048
v -0.091045 0.670145 -0.022600
v -0.091046 0.670074 -0.022508
v -0.091018 0.670247 -0.022647
v -0.091019 0.670052 -0.022398
v -0.090971 0.670352 -0.022638
v -0.090972 0.670086 -0.022298
v -0.090916 0.670432 -0.022575
v -0.090918 0.670166 -0.022235
v -0.090869 0.670466 -0.022475
v -0.090870 0.670272 -0.022226
v -0.090842 0.670445 -0.022365
v -0.090843 0.670373 -0.022273
v -0.090385 0.669840 -0.022821
v -0.090386 0.669773 -0.022735
v -0.090354 0.669933 -0.022867
v -0.090357 0.669751 -0.022632
v -0.090302 0.670028 -0.022862
v -0.090306 0.669780 -0.022540
v -0.090242 0.670100 -0.022806
v -0.090246 0.669851 -0.022484
v -0.090191 0.670128 -0.022714
v -0.090194 0.669946 -0.022479
v -0.090162 0.670106 -0.022611
v -0.090163 0.670040 -0.022525
v -0.089721 0.669463 -0.023101
v -0.089721 0.669399 -0.023021
v -0.089690 0.669549 -0.023145
v -0.089689 0.669376 -0.022927
v -0.089636 0.669635 -0.023142
v -0.089635 0.669399 -0.022844
v -0.089573 0.669698 -0.023093
v -0.089572 0.669463 -0.022794
v -0.089519 0.669722 -0.023010
v -0.089518 0.669549 -0.022791
v -0.089487 0.669698 -0.022916
v -0.089487 0.669635 -0.022835
v -0.089077 0.669061 -0.023433
v -0.089074 0.669000 -0.023359
v -0.089048 0.669141 -0.023474
v -0.089041 0.668976 -0.023273
v -0.088995 0.669220 -0.023473
v -0.088985 0.668995 -0.023198
v -0.088932 0.669277 -0.023429
v -0.088923 0.669051 -0.023154
v -0.088877 0.669295 -0.023354
v -0.088870 0.669130 -0.023153
v -0.088843 0.669271 -0.023268
v -0.088841 0.669211 -0.023194
v -0.088449 0.668646 -0.023804
v -0.088445 0.668589 -0.023737
v -0.088423 0.668721 -0.023843
v -0.088412 0.668565 -0.023659
v -0.088372 0.668793 -0.023842
v -0.088312 0.668844 -0.023802
v -0.088357 0.668580 -0.023591
v -0.088297 0.668631 -0.023551
v -0.088258 0.668860 -0.023734
v -0.088247 0.668704 -0.023551
v -0.088224 0.668836 -0.023656
v -0.088220 0.668779 -0.023589
v -0.087837 0.668231 -0.024202
v -0.087832 0.668178 -0.024141
v -0.087813 0.668301 -0.024237
v -0.087799 0.668154 -0.024071
v -0.087766 0.668368 -0.024237
v -0.087709 0.668414 -0.024201
v -0.087747 0.668167 -0.024009
v -0.087690 0.668213 -0.023973
v -0.087658 0.668427 -0.024140
v -0.087644 0.668280 -0.023973
v -0.087625 0.668404 -0.024069
v -0.087620 0.668350 -0.024008
v -0.087236 0.667829 -0.024615
v -0.087231 0.667779 -0.024560
v -0.087216 0.667893 -0.024647
v -0.087173 0.667955 -0.024646
v -0.087199 0.667757 -0.024496
v -0.087151 0.667768 -0.024440
v -0.087121 0.667997 -0.024613
v -0.087073 0.668009 -0.024557
v -0.087099 0.667810 -0.024408
v -0.087057 0.667872 -0.024407
v -0.087042 0.667987 -0.024493
v -0.087036 0.667937 -0.024438
v -0.086646 0.667451 -0.025030
v -0.086639 0.667405 -0.024981
v -0.086628 0.667511 -0.025058
v -0.086591 0.667568 -0.025056
v -0.086610 0.667385 -0.024923
v -0.086545 0.667606 -0.025025
v -0.086567 0.667395 -0.024872
v -0.086501 0.667617 -0.024975
v -0.086520 0.667434 -0.024842
v -0.086472 0.667597 -0.024917
v -0.086483 0.667491 -0.024840
v -0.086466 0.667550 -0.024867
v -0.086054 0.667069 -0.025391
v -0.086028 0.667050 -0.025339
v -0.086061 0.667111 -0.025434
v -0.086047 0.667165 -0.025458
v -0.086016 0.667217 -0.025455
v -0.085975 0.667254 -0.025426
v -0.085990 0.667060 -0.025292
v -0.085937 0.667264 -0.025380
v -0.085950 0.667096 -0.025264
v -0.085911 0.667245 -0.025328
v -0.085919 0.667149 -0.025261
v -0.085905 0.667203 -0.025284
v -0.085479 0.666820 -0.025815
v -0.085472 0.666782 -0.025777
v -0.085469 0.666869 -0.025834
v -0.085444 0.666917 -0.025830
v -0.085449 0.666766 -0.025731
v -0.085411 0.666950 -0.025803
v -0.085417 0.666776 -0.025688
v -0.085379 0.666960 -0.025760
v -0.085384 0.666809 -0.025661
v -0.085356 0.666944 -0.025714
v -0.085360 0.666857 -0.025657
v -0.085349 0.666906 -0.025676
v -0.084897 0.666591 -0.026160
v -0.084890 0.666558 -0.026127
v -0.084891 0.666635 -0.026175
v -0.084873 0.666679 -0.026169
v -0.084871 0.666544 -0.026086
v -0.084848 0.666709 -0.026143
v -0.084846 0.666554 -0.026047
v -0.084822 0.666719 -0.026104
v -0.084821 0.666584 -0.026022
v -0.084803 0.666627 -0.026015
v -0.084796 0.666672 -0.026031
v -0.084803 0.666705 -0.026063
v -0.084312 0.666437 -0.026456
v -0.084305 0.666408 -0.026428
v -0.084310 0.666476 -0.026467
v -0.084299 0.666514 -0.026459
v -0.084290 0.666397 -0.026392
v -0.084282 0.666542 -0.026435
v -0.084272 0.666406 -0.026357
v -0.084264 0.666551 -0.026400
v -0.084255 0.666434 -0.026333
v -0.084249 0.666539 -0.026364
v -0.084244 0.666472 -0.026325
v -0.084242 0.666510 -0.026337
v -0.083715 0.666347 -0.026667
v -0.083704 0.666338 -0.026636
v -0.083721 0.666371 -0.026689
v -0.083723 0.666404 -0.026697
v -0.083719 0.666436 -0.026689
v -0.083710 0.666459 -0.026666
v -0.083699 0.666468 -0.026635
v -0.083693 0.666346 -0.026605
v -0.083685 0.666369 -0.026583
v -0.083680 0.666402 -0.026574
v -0.083682 0.666434 -0.026583
v -0.083689 0.666458 -0.026605
v -0.083117 0.666386 -0.026829
v -0.083124 0.666405 -0.026847
v -0.083111 0.666379 -0.026804
v -0.083107 0.666385 -0.026779
v -0.083128 0.666431 -0.026852
v -0.083105 0.666403 -0.026759
v -0.083130 0.666456 -0.026844
v -0.083107 0.666429 -0.026751
v -0.083129 0.666475 -0.026825
v -0.083111 0.666454 -0.026757
v -0.083124 0.666481 -0.026799
v -0.083118 0.666474 -0.026774
v -0.125459 0.571595 -0.025369
v -0.126364 0.572525 -0.024501
v -0.126366 0.572513 -0.024487
v -0.125449 0.571621 -0.025378
v -0.126354 0.572539 -0.024510
v -0.125458 0.571572 -0.025351
v -0.126360 0.572506 -0.024470
v -0.125447 0.571559 -0.025328
v -0.126347 0.572505 -0.024456
v -0.125428 0.571559 -0.025306
v -0.126331 0.572511 -0.024449
v -0.125406 0.571571 -0.025291
v -0.126316 0.572523 -0.024449
v -0.125388 0.571593 -0.025287
v -0.126306 0.572536 -0.024458
v -0.125430 0.571643 -0.025374
v -0.126339 0.572550 -0.024510
v -0.125408 0.571655 -0.025359
v -0.126322 0.572556 -0.024503
v -0.125389 0.571655 -0.025338
v -0.126310 0.572556 -0.024489
v -0.125378 0.571642 -0.025314
v -0.126304 0.572548 -0.024472
v -0.125377 0.571619 -0.025296
v -0.124458 0.571126 -0.026210
v -0.124439 0.571107 -0.026182
v -0.124467 0.571159 -0.026229
v -0.124462 0.571198 -0.026233
v -0.124445 0.571232 -0.026221
v -0.124415 0.571107 -0.026151
v -0.124422 0.571251 -0.026196
v -0.124391 0.571126 -0.026127
v -0.124397 0.571251 -0.026166
v -0.124375 0.571160 -0.026115
v -0.124370 0.571198 -0.026119
v -0.124378 0.571232 -0.026138
v -0.123405 0.571157 -0.027075
v -0.123386 0.571115 -0.027059
v -0.123411 0.571206 -0.027071
v -0.123400 0.571248 -0.027048
v -0.123358 0.571090 -0.027026
v -0.123328 0.571090 -0.026987
v -0.123377 0.571273 -0.027012
v -0.123348 0.571273 -0.026973
v -0.123305 0.571115 -0.026951
v -0.123320 0.571248 -0.026940
v -0.123295 0.571157 -0.026928
v -0.123300 0.571206 -0.026924
v -0.122295 0.571523 -0.027902
v -0.122263 0.571474 -0.027888
v -0.122312 0.571579 -0.027890
v -0.122309 0.571627 -0.027855
v -0.122288 0.571654 -0.027807
v -0.122253 0.571654 -0.027758
v -0.122225 0.571446 -0.027852
v -0.122215 0.571626 -0.027722
v -0.122191 0.571446 -0.027804
v -0.122170 0.571473 -0.027756
v -0.122167 0.571522 -0.027721
v -0.122184 0.571577 -0.027708
v -0.121187 0.572304 -0.028638
v -0.121182 0.572252 -0.028685
v -0.121167 0.572333 -0.028579
v -0.121154 0.572191 -0.028705
v -0.121128 0.572332 -0.028521
v -0.121110 0.572138 -0.028693
v -0.121080 0.572301 -0.028481
v -0.121063 0.572107 -0.028653
v -0.121036 0.572248 -0.028470
v -0.121023 0.572106 -0.028596
v -0.121008 0.572188 -0.028490
v -0.121004 0.572136 -0.028536
v -0.120050 0.573217 -0.029395
v -0.120039 0.573162 -0.029452
v -0.120031 0.573247 -0.029324
v -0.119987 0.573246 -0.029258
v -0.120001 0.573097 -0.029479
v -0.119930 0.573212 -0.029214
v -0.119946 0.573040 -0.029469
v -0.119875 0.573155 -0.029204
v -0.119888 0.573006 -0.029425
v -0.119836 0.573090 -0.029231
v -0.119844 0.573004 -0.029358
v -0.119825 0.573035 -0.029287
v -0.118916 0.574301 -0.030121
v -0.118897 0.574333 -0.030039
v -0.118899 0.574243 -0.030187
v -0.118848 0.574331 -0.029964
v -0.118852 0.574174 -0.030221
v -0.118782 0.574294 -0.029915
v -0.118786 0.574113 -0.030212
v -0.118717 0.574233 -0.029906
v -0.118720 0.574077 -0.030163
v -0.118669 0.574164 -0.029939
v -0.118671 0.574074 -0.030088
v -0.118652 0.574106 -0.030006
v -0.117803 0.575493 -0.030811
v -0.117784 0.575526 -0.030719
v -0.117781 0.575431 -0.030887
v -0.117730 0.575523 -0.030635
v -0.117725 0.575358 -0.030926
v -0.117655 0.575483 -0.030582
v -0.117650 0.575293 -0.030918
v -0.117580 0.575418 -0.030573
v -0.117575 0.575253 -0.030864
v -0.117524 0.575345 -0.030612
v -0.117521 0.575250 -0.030780
v -0.117502 0.575283 -0.030688
v -0.116728 0.576727 -0.031463
v -0.116708 0.576763 -0.031360
v -0.116702 0.576661 -0.031547
v -0.116649 0.576758 -0.031267
v -0.116638 0.576583 -0.031591
v -0.116566 0.576716 -0.031209
v -0.116554 0.576513 -0.031583
v -0.116481 0.576646 -0.031201
v -0.116470 0.576470 -0.031524
v -0.116418 0.576567 -0.031245
v -0.116411 0.576466 -0.031431
v -0.116392 0.576502 -0.031329
v -0.115707 0.577940 -0.032071
v -0.115687 0.577978 -0.031958
v -0.115679 0.577869 -0.032163
v -0.115623 0.577973 -0.031857
v -0.115532 0.577927 -0.031793
v -0.115608 0.577784 -0.032212
v -0.115439 0.577851 -0.031784
v -0.115515 0.577708 -0.032203
v -0.115425 0.577662 -0.032139
v -0.115368 0.577766 -0.031833
v -0.115360 0.577657 -0.032038
v -0.115340 0.577695 -0.031925
v -0.114759 0.579068 -0.032632
v -0.114737 0.579109 -0.032510
v -0.114729 0.578990 -0.032732
v -0.114667 0.579104 -0.032400
v -0.114569 0.579053 -0.032331
v -0.114653 0.578897 -0.032784
v -0.114469 0.578970 -0.032320
v -0.114554 0.578814 -0.032774
v -0.114394 0.578877 -0.032373
v -0.114456 0.578763 -0.032704
v -0.114386 0.578757 -0.032594
v -0.114363 0.578799 -0.032473
v -0.113895 0.580051 -0.033145
v -0.113868 0.580099 -0.033016
v -0.113867 0.579961 -0.033250
v -0.113793 0.580093 -0.032897
v -0.113691 0.580034 -0.032820
v -0.113793 0.579854 -0.033302
v -0.113588 0.579939 -0.032806
v -0.113690 0.579759 -0.033288
v -0.113588 0.579700 -0.033212
v -0.113514 0.579832 -0.032859
v -0.113513 0.579694 -0.033093
v -0.113486 0.579743 -0.032963
v -0.113015 0.580843 -0.033669
v -0.112982 0.580898 -0.033534
v -0.112995 0.580740 -0.033775
v -0.112904 0.580890 -0.033407
v -0.112927 0.580617 -0.033825
v -0.112802 0.580822 -0.033322
v -0.112828 0.580507 -0.033804
v -0.112704 0.580712 -0.033301
v -0.112726 0.580438 -0.033719
v -0.112636 0.580589 -0.033350
v -0.112648 0.580431 -0.033592
v -0.112615 0.580486 -0.033457
v -0.111768 0.581733 -0.034370
v -0.111732 0.581792 -0.034228
v -0.111752 0.581620 -0.034480
v -0.111653 0.581781 -0.034091
v -0.111688 0.581484 -0.034527
v -0.111553 0.581703 -0.033997
v -0.111593 0.581360 -0.034500
v -0.111458 0.581579 -0.033970
v -0.111493 0.581282 -0.034406
v -0.111395 0.581443 -0.034017
v -0.111415 0.581271 -0.034269
v -0.111378 0.581330 -0.034127
v -0.110218 0.582689 -0.035150
v -0.110184 0.582749 -0.034999
v -0.110202 0.582570 -0.035266
v -0.110107 0.582734 -0.034851
v -0.110140 0.582423 -0.035314
v -0.110010 0.582647 -0.034747
v -0.110047 0.582288 -0.035281
v -0.109917 0.582512 -0.034715
v -0.109950 0.582201 -0.035178
v -0.109855 0.582365 -0.034763
v -0.109873 0.582185 -0.035030
v -0.109839 0.582245 -0.034878
v -0.108429 0.583684 -0.035914
v -0.108399 0.583743 -0.035752
v -0.108409 0.583559 -0.036037
v -0.108329 0.583721 -0.035592
v -0.108346 0.583403 -0.036086
v -0.108236 0.583624 -0.035479
v -0.108256 0.583257 -0.036049
v -0.108146 0.583478 -0.035442
v -0.108163 0.583160 -0.035936
v -0.108082 0.583322 -0.035492
v -0.108092 0.583138 -0.035777
v -0.108063 0.583198 -0.035614
v -0.106461 0.584686 -0.036565
v -0.106442 0.584743 -0.036391
v -0.106435 0.584559 -0.036696
v -0.106382 0.584713 -0.036219
v -0.106369 0.584394 -0.036747
v -0.106298 0.584605 -0.036096
v -0.106282 0.584237 -0.036706
v -0.106211 0.584447 -0.036055
v -0.106198 0.584129 -0.036583
v -0.106145 0.584283 -0.036106
v -0.106138 0.584099 -0.036411
v -0.106118 0.584155 -0.036237
v -0.104378 0.585667 -0.037006
v -0.104376 0.585718 -0.036820
v -0.104339 0.585539 -0.037145
v -0.104333 0.585677 -0.036636
v -0.104262 0.585556 -0.036504
v -0.104269 0.585367 -0.037199
v -0.104181 0.585387 -0.036459
v -0.104188 0.585198 -0.037154
v -0.104111 0.585215 -0.036513
v -0.104117 0.585077 -0.037022
v -0.104074 0.585036 -0.036838
v -0.104072 0.585086 -0.036652
v -0.102264 0.586639 -0.036942
v -0.102239 0.586597 -0.037138
v -0.102249 0.586584 -0.036749
v -0.102182 0.586470 -0.037284
v -0.102198 0.586447 -0.036609
v -0.102106 0.586292 -0.037341
v -0.102125 0.586264 -0.036562
v -0.102034 0.586109 -0.037293
v -0.102050 0.586086 -0.036618
v -0.101983 0.585972 -0.037154
v -0.101993 0.585959 -0.036764
v -0.101968 0.585917 -0.036960
v -0.100194 0.587401 -0.036464
v -0.100170 0.587474 -0.036660
v -0.100173 0.587246 -0.036323
v -0.100108 0.587445 -0.036859
v -0.100113 0.587049 -0.036276
v -0.100024 0.587321 -0.037008
v -0.100030 0.586865 -0.036334
v -0.099941 0.587137 -0.037066
v -0.099946 0.586742 -0.036483
v -0.099881 0.586941 -0.037019
v -0.099883 0.586713 -0.036682
v -0.099859 0.586786 -0.036878
v -0.098249 0.587924 -0.035560
v -0.098234 0.588099 -0.035692
v -0.098205 0.587714 -0.035518
v -0.098161 0.588192 -0.035877
v -0.098111 0.587524 -0.035576
v -0.098051 0.588177 -0.036066
v -0.097994 0.587406 -0.035719
v -0.097934 0.588059 -0.036209
v -0.097884 0.587391 -0.035908
v -0.097840 0.587869 -0.036267
v -0.097811 0.587484 -0.036093
v -0.097796 0.587659 -0.036225
v -0.096479 0.588458 -0.034229
v -0.096449 0.588234 -0.034198
v -0.096425 0.588651 -0.034338
v -0.096345 0.588039 -0.034253
v -0.096302 0.588761 -0.034495
v -0.096192 0.587925 -0.034379
v -0.096143 0.588759 -0.034659
v -0.096033 0.587923 -0.034542
v -0.095990 0.588646 -0.034785
v -0.095910 0.588034 -0.034699
v -0.095886 0.588451 -0.034839
v -0.095856 0.588227 -0.034808
v -0.094892 0.588585 -0.032210
v -0.094909 0.588821 -0.032226
v -0.094777 0.588384 -0.032259
v -0.094824 0.589028 -0.032303
v -0.094594 0.588272 -0.032360
v -0.094659 0.589151 -0.032420
v -0.094394 0.588278 -0.032486
v -0.094458 0.589157 -0.032546
v -0.094229 0.588401 -0.032603
v -0.094276 0.589045 -0.032647
v -0.094143 0.588608 -0.032680
v -0.094161 0.588844 -0.032696
v -0.093566 0.588739 -0.029390
v -0.093582 0.588984 -0.029402
v -0.093443 0.588531 -0.029434
v -0.093485 0.589200 -0.029467
v -0.093244 0.588416 -0.029522
v -0.093303 0.589330 -0.029568
v -0.093024 0.588425 -0.029631
v -0.093083 0.589338 -0.029677
v -0.092842 0.588555 -0.029731
v -0.092884 0.589223 -0.029765
v -0.092745 0.588771 -0.029797
v -0.092761 0.589016 -0.029809
v -0.093177 0.588819 -0.028577
v -0.093201 0.589074 -0.028605
v -0.093045 0.588602 -0.028618
v -0.093111 0.589298 -0.028694
v -0.092840 0.588480 -0.028716
v -0.092931 0.589431 -0.028820
v -0.092618 0.588487 -0.028846
v -0.092476 0.589061 -0.027467
v -0.092512 0.589324 -0.027513
v -0.092334 0.588835 -0.027504
v -0.092433 0.589553 -0.027631
v -0.092709 0.589438 -0.028950
v -0.092438 0.588621 -0.028973
v -0.092124 0.588707 -0.027614
v -0.092260 0.589688 -0.027788
v -0.092504 0.589317 -0.029049
v -0.091904 0.588710 -0.027769
v -0.092348 0.588845 -0.029062
v -0.092372 0.589100 -0.029090
v -0.092040 0.589691 -0.027942
v -0.091731 0.588844 -0.027926
v -0.091830 0.589562 -0.028053
v -0.091528 0.589476 -0.026143
v -0.091576 0.589746 -0.026205
v -0.091374 0.589242 -0.026174
v -0.091652 0.589074 -0.028043
v -0.091506 0.589980 -0.026344
v -0.091688 0.589336 -0.028090
v -0.091157 0.589108 -0.026291
v -0.091336 0.590115 -0.026523
v -0.090933 0.589108 -0.026462
v -0.091113 0.590116 -0.026694
v -0.090764 0.589243 -0.026641
v -0.090895 0.589981 -0.026811
v -0.090694 0.589478 -0.026780
v -0.090742 0.589748 -0.026842
v -0.090377 0.590081 -0.024652
v -0.090438 0.590357 -0.024731
v -0.090211 0.589841 -0.024676
v -0.090377 0.590594 -0.024891
v -0.089983 0.589701 -0.024797
v -0.090210 0.590730 -0.025089
v -0.089755 0.589699 -0.024981
v -0.089981 0.590728 -0.025273
v -0.089588 0.589835 -0.025179
v -0.089754 0.590589 -0.025394
v -0.089526 0.590073 -0.025339
v -0.089587 0.590349 -0.025418
v -0.089071 0.590893 -0.023050
v -0.089146 0.591172 -0.023146
v -0.088889 0.590648 -0.023064
v -0.089095 0.591412 -0.023327
v -0.088649 0.590505 -0.023186
v -0.088930 0.591548 -0.023545
v -0.088416 0.590500 -0.023383
v -0.088697 0.591543 -0.023741
v -0.088251 0.590636 -0.023601
v -0.088457 0.591400 -0.023863
v -0.088200 0.590876 -0.023782
v -0.088275 0.591155 -0.023878
v -0.087749 0.592209 -0.021508
v -0.087656 0.591929 -0.021392
v -0.087709 0.592448 -0.021712
v -0.087457 0.591683 -0.021396
v -0.087548 0.592582 -0.021950
v -0.087204 0.591537 -0.021518
v -0.087309 0.592575 -0.022158
v -0.086964 0.591529 -0.021725
v -0.087055 0.592429 -0.022280
v -0.086803 0.591663 -0.021963
v -0.086856 0.592182 -0.022283
v -0.086764 0.591902 -0.022167
v -0.086294 0.593484 -0.019876
v -0.086182 0.593207 -0.019738
v -0.086269 0.593718 -0.020105
v -0.085963 0.592963 -0.019727
v -0.086112 0.593847 -0.020364
v -0.085694 0.592816 -0.019848
v -0.085867 0.593837 -0.020583
v -0.085449 0.592805 -0.020067
v -0.085599 0.593690 -0.020703
v -0.085293 0.592935 -0.020325
v -0.085380 0.593446 -0.020693
v -0.085268 0.593169 -0.020555
v -0.084832 0.595011 -0.018307
v -0.084697 0.594744 -0.018144
v -0.084824 0.595235 -0.018564
v -0.084455 0.594506 -0.018118
v -0.084674 0.595357 -0.018844
v -0.084170 0.594361 -0.018235
v -0.084423 0.595343 -0.019074
v -0.083919 0.594347 -0.018465
v -0.084138 0.595198 -0.019192
v -0.083769 0.594469 -0.018746
v -0.083896 0.594960 -0.019165
v -0.083761 0.594693 -0.019002
v -0.083412 0.596807 -0.016861
v -0.083250 0.596558 -0.016671
v -0.083423 0.597014 -0.017146
v -0.082982 0.596333 -0.016626
v -0.083281 0.597123 -0.017450
v -0.082679 0.596193 -0.016740
v -0.083024 0.597105 -0.017691
v -0.082422 0.596176 -0.016980
v -0.082721 0.596965 -0.017804
v -0.082281 0.596285 -0.017284
v -0.082453 0.596741 -0.017760
v -0.082292 0.596492 -0.017569
v -0.082081 0.598887 -0.015594
v -0.082114 0.599068 -0.015909
v -0.081891 0.598666 -0.015376
v -0.081982 0.599159 -0.016236
v -0.081595 0.598463 -0.015313
v -0.081719 0.599136 -0.016488
v -0.081272 0.598333 -0.015421
v -0.081397 0.599006 -0.016596
v -0.081010 0.598310 -0.015673
v -0.081101 0.598803 -0.016533
v -0.080877 0.598401 -0.016000
v -0.080911 0.598581 -0.016315
v -0.080889 0.601268 -0.014565
v -0.080945 0.601411 -0.014909
v -0.080669 0.601086 -0.014320
v -0.080822 0.601477 -0.015258
v -0.080344 0.600914 -0.014239
v -0.080554 0.601448 -0.015520
v -0.080002 0.600798 -0.014343
v -0.080211 0.601333 -0.015625
v -0.079733 0.600770 -0.014605
v -0.079886 0.601161 -0.015543
v -0.079610 0.600836 -0.014954
v -0.079883 0.603964 -0.013832
v -0.079961 0.604061 -0.014200
v -0.079666 0.600979 -0.015298
v -0.079635 0.603833 -0.013564
v -0.079847 0.604096 -0.014569
v -0.079283 0.603701 -0.013468
v -0.079572 0.604061 -0.014841
v -0.078921 0.603605 -0.013569
v -0.079210 0.603964 -0.014942
v -0.078646 0.603569 -0.013841
v -0.078857 0.603833 -0.014846
v -0.078532 0.603605 -0.014210
v -0.078609 0.603701 -0.014578
v -0.125589 0.726165 -0.029432
v -0.126562 0.726875 -0.029358
v -0.126553 0.726880 -0.029291
v -0.125576 0.726193 -0.029507
v -0.126551 0.726898 -0.029421
v -0.125580 0.726173 -0.029352
v -0.126524 0.726912 -0.029237
v -0.125543 0.726247 -0.029557
v -0.126521 0.726942 -0.029463
v -0.125550 0.726213 -0.029289
v -0.126485 0.726961 -0.029212
v -0.125501 0.726315 -0.029568
v -0.126481 0.726996 -0.029473
v -0.125508 0.726276 -0.029259
v -0.126445 0.727016 -0.029222
v -0.125459 0.726377 -0.029538
v -0.126441 0.727046 -0.029448
v -0.125465 0.726343 -0.029270
v -0.126415 0.727060 -0.029265
v -0.125429 0.726417 -0.029475
v -0.126413 0.727077 -0.029395
v -0.125433 0.726398 -0.029320
v -0.126403 0.727083 -0.029328
v -0.125420 0.726425 -0.029395
v -0.124592 0.725546 -0.029476
v -0.124577 0.725578 -0.029563
v -0.124584 0.725557 -0.029384
v -0.124543 0.725643 -0.029620
v -0.124555 0.725607 -0.029310
v -0.124499 0.725724 -0.029633
v -0.124513 0.725682 -0.029275
v -0.124457 0.725800 -0.029598
v -0.124470 0.725764 -0.029288
v -0.124428 0.725850 -0.029525
v -0.124436 0.725829 -0.029346
v -0.124420 0.725860 -0.029432
v -0.123575 0.725016 -0.029484
v -0.123558 0.725051 -0.029582
v -0.123570 0.725030 -0.029379
v -0.123523 0.725127 -0.029647
v -0.123545 0.725090 -0.029296
v -0.123479 0.725223 -0.029662
v -0.123505 0.725180 -0.029256
v -0.123440 0.725313 -0.029623
v -0.123462 0.725276 -0.029271
v -0.123414 0.725373 -0.029539
v -0.123427 0.725351 -0.029336
v -0.123410 0.725387 -0.029434
v -0.122543 0.724574 -0.029449
v -0.122522 0.724613 -0.029559
v -0.122543 0.724592 -0.029332
v -0.122487 0.724700 -0.029632
v -0.122524 0.724663 -0.029239
v -0.122447 0.724810 -0.029649
v -0.122489 0.724767 -0.029195
v -0.122412 0.724914 -0.029605
v -0.122448 0.724877 -0.029212
v -0.122392 0.724985 -0.029512
v -0.122413 0.724964 -0.029285
v -0.122392 0.725003 -0.029395
v -0.121500 0.724220 -0.029365
v -0.121475 0.724263 -0.029486
v -0.121508 0.724242 -0.029236
v -0.121440 0.724359 -0.029567
v -0.121497 0.724324 -0.029134
v -0.121404 0.724484 -0.029587
v -0.121470 0.724443 -0.029086
v -0.121377 0.724603 -0.029539
v -0.121434 0.724567 -0.029106
v -0.121366 0.724684 -0.029437
v -0.121398 0.724664 -0.029187
v -0.121373 0.724707 -0.029308
v -0.120451 0.723953 -0.029225
v -0.120421 0.723999 -0.029357
v -0.120469 0.723979 -0.029085
v -0.120470 0.724072 -0.028975
v -0.120386 0.724105 -0.029447
v -0.120453 0.724205 -0.028925
v -0.120356 0.724244 -0.029469
v -0.120423 0.724344 -0.028947
v -0.120339 0.724377 -0.029419
v -0.120388 0.724450 -0.029037
v -0.120339 0.724470 -0.029309
v -0.120357 0.724496 -0.029169
v -0.119432 0.723802 -0.028873
v -0.119402 0.723771 -0.029023
v -0.119448 0.723905 -0.028756
v -0.119364 0.723821 -0.029166
v -0.119443 0.724052 -0.028704
v -0.119329 0.723937 -0.029264
v -0.119421 0.724204 -0.028730
v -0.119306 0.724089 -0.029290
v -0.119386 0.724320 -0.028828
v -0.119302 0.724237 -0.029238
v -0.119348 0.724370 -0.028972
v -0.119317 0.724339 -0.029122
v -0.118435 0.723821 -0.028471
v -0.118402 0.723709 -0.028593
v -0.118446 0.723981 -0.028419
v -0.118356 0.723675 -0.028752
v -0.118432 0.724147 -0.028451
v -0.118309 0.723728 -0.028905
v -0.118397 0.724273 -0.028557
v -0.118273 0.723854 -0.029011
v -0.118350 0.724326 -0.028710
v -0.118259 0.724020 -0.029043
v -0.118303 0.724292 -0.028869
v -0.118270 0.724180 -0.028991
v -0.117437 0.723820 -0.028115
v -0.117465 0.723992 -0.028065
v -0.117384 0.723700 -0.028240
v -0.117461 0.724169 -0.028102
v -0.117319 0.723664 -0.028406
v -0.117424 0.724305 -0.028217
v -0.117261 0.723721 -0.028568
v -0.117366 0.724362 -0.028379
v -0.117225 0.723856 -0.028683
v -0.117302 0.724326 -0.028544
v -0.117220 0.724034 -0.028720
v -0.117249 0.724205 -0.028669
v -0.116505 0.724082 -0.027635
v -0.116459 0.723900 -0.027682
v -0.116510 0.724271 -0.027679
v -0.116383 0.723773 -0.027808
v -0.116472 0.724415 -0.027803
v -0.116298 0.723735 -0.027978
v -0.116401 0.724477 -0.027972
v -0.116227 0.723797 -0.028148
v -0.116317 0.724440 -0.028142
v -0.116189 0.723942 -0.028271
v -0.116241 0.724313 -0.028268
v -0.116194 0.724131 -0.028315
v -0.115570 0.724249 -0.027125
v -0.115504 0.724058 -0.027167
v -0.115584 0.724448 -0.027177
v -0.115544 0.724602 -0.027308
v -0.115404 0.723926 -0.027290
v -0.115297 0.723889 -0.027463
v -0.115459 0.724670 -0.027483
v -0.115352 0.724633 -0.027656
v -0.115212 0.723957 -0.027639
v -0.115252 0.724501 -0.027780
v -0.115172 0.724111 -0.027770
v -0.115186 0.724310 -0.027822
v -0.114647 0.724496 -0.026518
v -0.114664 0.724707 -0.026574
v -0.114572 0.724295 -0.026560
v -0.114619 0.724871 -0.026712
v -0.114460 0.724156 -0.026687
v -0.114524 0.724944 -0.026895
v -0.114340 0.724119 -0.026867
v -0.114404 0.724907 -0.027074
v -0.114245 0.724192 -0.027050
v -0.114292 0.724768 -0.027202
v -0.114200 0.724356 -0.027188
v -0.114217 0.724567 -0.027243
v -0.113897 0.724662 -0.026058
v -0.113902 0.724878 -0.026107
v -0.113839 0.724454 -0.026110
v -0.113853 0.725045 -0.026245
v -0.113743 0.724311 -0.026249
v -0.113762 0.725117 -0.026433
v -0.113635 0.724270 -0.026438
v -0.113654 0.725077 -0.026622
v -0.113544 0.724343 -0.026627
v -0.113558 0.724933 -0.026762
v -0.113494 0.724510 -0.026764
v -0.113499 0.724726 -0.026813
v -0.113105 0.724721 -0.025675
v -0.113073 0.724509 -0.025740
v -0.113093 0.724942 -0.025716
v -0.113038 0.725111 -0.025853
v -0.113003 0.724362 -0.025894
v -0.112916 0.724319 -0.026096
v -0.112956 0.725184 -0.026048
v -0.112868 0.725141 -0.026250
v -0.112833 0.724392 -0.026292
v -0.112799 0.724993 -0.026405
v -0.112779 0.724561 -0.026428
v -0.112766 0.724781 -0.026470
v -0.112303 0.724699 -0.025362
v -0.112290 0.724485 -0.025436
v -0.112277 0.724922 -0.025399
v -0.112242 0.724336 -0.025601
v -0.112218 0.725093 -0.025536
v -0.112171 0.724293 -0.025812
v -0.112143 0.725166 -0.025737
v -0.112096 0.724367 -0.026013
v -0.112072 0.725123 -0.025948
v -0.112038 0.724538 -0.026150
v -0.112024 0.724975 -0.026113
v -0.112011 0.724761 -0.026187
v -0.111506 0.724407 -0.025183
v -0.111505 0.724623 -0.025103
v -0.111472 0.724258 -0.025354
v -0.111469 0.724847 -0.025137
v -0.111412 0.724216 -0.025571
v -0.111408 0.725020 -0.025276
v -0.111342 0.724291 -0.025777
v -0.111339 0.725095 -0.025481
v -0.111282 0.724464 -0.025915
v -0.111279 0.725052 -0.025699
v -0.111246 0.724688 -0.025949
v -0.111245 0.724903 -0.025870
v -0.110731 0.724302 -0.024963
v -0.110704 0.724152 -0.025139
v -0.110724 0.724519 -0.024882
v -0.110650 0.724110 -0.025361
v -0.110684 0.724745 -0.024915
v -0.110584 0.724186 -0.025570
v -0.110623 0.724920 -0.025055
v -0.110522 0.724361 -0.025710
v -0.110556 0.724997 -0.025264
v -0.110483 0.724588 -0.025743
v -0.110502 0.724954 -0.025486
v -0.110475 0.724805 -0.025661
v -0.109981 0.724195 -0.024763
v -0.109952 0.724043 -0.024940
v -0.109975 0.724414 -0.024680
v -0.109898 0.724000 -0.025164
v -0.109937 0.724644 -0.024715
v -0.109832 0.724078 -0.025376
v -0.109877 0.724821 -0.024857
v -0.109772 0.724255 -0.025518
v -0.109811 0.724899 -0.025068
v -0.109734 0.724484 -0.025552
v -0.109757 0.724856 -0.025293
v -0.109728 0.724704 -0.025470
v -0.109266 0.724112 -0.024564
v -0.109227 0.723957 -0.024741
v -0.109272 0.724335 -0.024484
v -0.109165 0.723913 -0.024966
v -0.109243 0.724568 -0.024522
v -0.109096 0.723992 -0.025179
v -0.109186 0.724748 -0.024667
v -0.109040 0.724171 -0.025324
v -0.109118 0.724826 -0.024880
v -0.109011 0.724404 -0.025361
v -0.109056 0.724782 -0.025105
v -0.109017 0.724628 -0.025281
v -0.108601 0.724079 -0.024353
v -0.108538 0.723922 -0.024524
v -0.108630 0.724306 -0.024279
v -0.108618 0.724541 -0.024323
v -0.108460 0.723877 -0.024746
v -0.108568 0.724723 -0.024471
v -0.108385 0.723956 -0.024960
v -0.108494 0.724802 -0.024686
v -0.108336 0.724138 -0.025109
v -0.108415 0.724757 -0.024908
v -0.108324 0.724374 -0.025153
v -0.108353 0.724601 -0.025079
v -0.108064 0.724348 -0.024052
v -0.107998 0.724122 -0.024112
v -0.108080 0.724584 -0.024107
v -0.107898 0.723966 -0.024270
v -0.108040 0.724766 -0.024262
v -0.107792 0.723923 -0.024484
v -0.107956 0.724847 -0.024475
v -0.107708 0.724004 -0.024697
v -0.107850 0.724804 -0.024689
v -0.107669 0.724187 -0.024852
v -0.107684 0.724423 -0.024907
v -0.107751 0.724649 -0.024847
v -0.107585 0.724480 -0.023792
v -0.107471 0.724266 -0.023826
v -0.107636 0.724708 -0.023867
v -0.107609 0.724889 -0.024030
v -0.107322 0.724123 -0.023959
v -0.107512 0.724975 -0.024239
v -0.107181 0.724090 -0.024157
v -0.107370 0.724941 -0.024436
v -0.107083 0.724175 -0.024366
v -0.107222 0.724798 -0.024570
v -0.107056 0.724356 -0.024529
v -0.107107 0.724584 -0.024604
v -0.107280 0.724933 -0.023584
v -0.107195 0.724724 -0.023482
v -0.107266 0.725108 -0.023759
v -0.107032 0.724537 -0.023479
v -0.107155 0.725202 -0.023960
v -0.106835 0.724422 -0.023578
v -0.106977 0.725190 -0.024133
v -0.106658 0.724410 -0.023751
v -0.106993 0.725305 -0.023218
v -0.106885 0.725118 -0.023089
v -0.106987 0.725472 -0.023405
v -0.106781 0.725075 -0.024232
v -0.106692 0.724963 -0.023054
v -0.106547 0.724504 -0.023952
v -0.106868 0.725575 -0.023600
v -0.106618 0.724888 -0.024229
v -0.106532 0.724679 -0.024127
v -0.106465 0.724879 -0.023121
v -0.106668 0.725586 -0.023751
v -0.106743 0.725817 -0.022778
v -0.106625 0.725646 -0.022634
v -0.106742 0.725976 -0.022975
v -0.106418 0.725509 -0.022580
v -0.106621 0.726081 -0.023172
v -0.106265 0.724891 -0.023272
v -0.106442 0.725503 -0.023818
v -0.106512 0.726399 -0.022328
v -0.106388 0.726238 -0.022172
v -0.106515 0.726551 -0.022533
v -0.106179 0.725443 -0.022632
v -0.106147 0.724993 -0.023467
v -0.106414 0.726104 -0.023315
v -0.106248 0.725347 -0.023783
v -0.106174 0.726113 -0.022108
v -0.106394 0.726654 -0.022734
v -0.106140 0.725161 -0.023654
v -0.106309 0.727028 -0.021884
v -0.106179 0.726878 -0.021718
v -0.106314 0.727174 -0.022098
v -0.105972 0.725466 -0.022775
v -0.106174 0.726038 -0.023367
v -0.105928 0.726056 -0.022153
v -0.106182 0.726681 -0.022876
v -0.105959 0.726763 -0.021645
v -0.106193 0.727275 -0.022303
v -0.106132 0.727698 -0.021453
v -0.105998 0.727558 -0.021278
v -0.106140 0.727836 -0.021675
v -0.105851 0.725571 -0.022971
v -0.105968 0.725901 -0.023313
v -0.105978 0.727305 -0.022444
v -0.106019 0.727935 -0.021884
v -0.105717 0.726082 -0.022295
v -0.105937 0.726624 -0.022921
v -0.105708 0.726714 -0.021685
v -0.105772 0.727453 -0.021197
v -0.105850 0.725730 -0.023168
v -0.105983 0.728401 -0.021039
v -0.105845 0.728270 -0.020856
v -0.105993 0.728531 -0.021269
v -0.105871 0.728627 -0.021482
v -0.105801 0.727968 -0.022025
v -0.105614 0.728176 -0.020767
v -0.105860 0.729128 -0.020648
v -0.105872 0.729250 -0.020885
v -0.105596 0.726186 -0.022496
v -0.105723 0.726498 -0.022857
v -0.105517 0.727412 -0.021231
v -0.105727 0.727256 -0.022484
v -0.105719 0.729009 -0.020457
v -0.105493 0.726744 -0.021826
v -0.105750 0.729343 -0.021103
v -0.105651 0.728662 -0.021623
v -0.105765 0.729874 -0.020285
v -0.105778 0.729987 -0.020529
v -0.105598 0.726338 -0.022701
v -0.105484 0.728924 -0.020362
v -0.105620 0.729765 -0.020086
v -0.105545 0.727927 -0.022059
v -0.105354 0.728142 -0.020798
v -0.105655 0.730075 -0.020752
v -0.105527 0.729381 -0.021245
v -0.105695 0.730630 -0.019955
v -0.105547 0.730533 -0.019748
v -0.105709 0.730733 -0.020206
v -0.105372 0.726846 -0.022031
v -0.105507 0.727141 -0.022411
v -0.105299 0.727445 -0.021372
v -0.105382 0.729691 -0.019984
v -0.105652 0.731388 -0.019662
v -0.105586 0.730816 -0.020434
v -0.105667 0.731481 -0.019920
v -0.105502 0.731305 -0.019448
v -0.105671 0.733667 -0.019047
v -0.105656 0.732950 -0.019483
v -0.105687 0.733739 -0.019320
v -0.105530 0.733010 -0.019725
v -0.105183 0.736179 -0.018225
v -0.105560 0.733790 -0.019567
v -0.105184 0.736324 -0.018527
v -0.105391 0.728628 -0.021654
v -0.105430 0.730115 -0.020894
v -0.105634 0.732143 -0.019413
v -0.105482 0.732075 -0.019191
v -0.105649 0.732222 -0.019678
v -0.105543 0.731558 -0.020153
v -0.105641 0.732886 -0.019211
v -0.105488 0.732835 -0.018982
v -0.105524 0.732292 -0.019915
v -0.105517 0.733595 -0.018822
v -0.105033 0.735987 -0.017996
v -0.105220 0.728897 -0.020388
v -0.105306 0.730469 -0.019640
v -0.105377 0.726991 -0.022245
v -0.105358 0.730857 -0.020577
v -0.105296 0.733049 -0.019873
v -0.105324 0.733808 -0.019722
v -0.105034 0.736382 -0.018820
v -0.105178 0.727544 -0.021582
v -0.105320 0.727822 -0.021978
v -0.105134 0.728177 -0.020939
v -0.105114 0.729670 -0.020008
v -0.105263 0.729353 -0.021272
v -0.105257 0.731253 -0.019334
v -0.105234 0.732036 -0.019072
v -0.105313 0.731599 -0.020298
v -0.105238 0.732810 -0.018858
v -0.105292 0.732332 -0.020062
v -0.105266 0.733542 -0.018704
v -0.104773 0.735798 -0.017901
v -0.105162 0.730094 -0.020918
v -0.105185 0.727682 -0.021804
v -0.105160 0.728533 -0.021565
v -0.105035 0.730456 -0.019661
v -0.104998 0.728934 -0.020530
v -0.105088 0.730843 -0.020598
v -0.105012 0.728273 -0.021153
v -0.104983 0.731247 -0.019353
v -0.105039 0.731592 -0.020316
v -0.105015 0.732333 -0.020078
v -0.105017 0.733058 -0.019887
v -0.105043 0.733788 -0.019744
v -0.104774 0.736339 -0.019027
v -0.105029 0.729269 -0.021176
v -0.104957 0.732037 -0.019088
v -0.104985 0.733522 -0.018725
v -0.104473 0.735665 -0.017966
v -0.104889 0.729710 -0.020150
v -0.104958 0.732819 -0.018872
v -0.105022 0.728403 -0.021382
v -0.103404 0.738031 -0.016854
v -0.103319 0.737710 -0.016656
v -0.103351 0.738257 -0.017163
v -0.104924 0.730020 -0.020816
v -0.104875 0.729027 -0.020748
v -0.104808 0.730496 -0.019804
v -0.104846 0.730780 -0.020490
v -0.104887 0.729149 -0.020985
v -0.104753 0.731288 -0.019498
v -0.104794 0.731541 -0.020203
v -0.104768 0.732295 -0.019959
v -0.104767 0.733034 -0.019763
v -0.104792 0.733735 -0.019626
v -0.104474 0.736205 -0.019092
v -0.103121 0.737379 -0.016622
v -0.103175 0.738328 -0.017501
v -0.104766 0.729798 -0.020373
v -0.104725 0.732077 -0.019234
v -0.104749 0.733540 -0.018880
v -0.104214 0.735621 -0.018173
v -0.104724 0.732859 -0.019020
v -0.104779 0.729911 -0.020617
v -0.104684 0.730579 -0.020032
v -0.104698 0.730683 -0.020283
v -0.104629 0.731365 -0.019730
v -0.104644 0.731457 -0.019988
v -0.104614 0.732983 -0.019535
v -0.104638 0.733663 -0.019400
v -0.104214 0.736017 -0.018997
v -0.104616 0.732226 -0.019737
v -0.102861 0.737129 -0.016761
v -0.102924 0.738224 -0.017776
v -0.104600 0.732147 -0.019472
v -0.104622 0.733591 -0.019127
v -0.104064 0.735680 -0.018466
v -0.104598 0.732919 -0.019263
v -0.104064 0.735825 -0.018768
v -0.102610 0.737025 -0.017036
v -0.102664 0.737973 -0.017915
v -0.102434 0.737096 -0.017373
v -0.102465 0.737643 -0.017881
v -0.102381 0.737322 -0.017682
v -0.100682 0.739290 -0.015061
v -0.100659 0.738889 -0.014883
v -0.100576 0.739568 -0.015383
v -0.100515 0.738475 -0.014895
v -0.100371 0.739652 -0.015763
v -0.100287 0.738158 -0.015096
v -0.100122 0.739516 -0.016097
v -0.100037 0.738022 -0.015430
v -0.099894 0.739199 -0.016298
v -0.099832 0.738105 -0.015809
v -0.099749 0.738785 -0.016310
v -0.099727 0.738384 -0.016131
v -0.097304 0.739693 -0.012736
v -0.097286 0.740152 -0.012910
v -0.097188 0.739218 -0.012778
v -0.097139 0.740472 -0.013252
v -0.096968 0.738854 -0.013023
v -0.096901 0.740567 -0.013671
v -0.096704 0.738699 -0.013407
v -0.096637 0.740412 -0.014055
v -0.096466 0.738794 -0.013826
v -0.096417 0.740048 -0.014300
v -0.096319 0.739113 -0.014168
v -0.096301 0.739572 -0.014342
v -0.093497 0.740278 -0.010272
v -0.093387 0.739749 -0.010330
v -0.093455 0.740789 -0.010450
v -0.093156 0.739344 -0.010609
v -0.093272 0.741146 -0.010817
v -0.092864 0.739172 -0.011034
v -0.092998 0.741253 -0.011274
v -0.092590 0.739279 -0.011490
v -0.092706 0.741081 -0.011698
v -0.092407 0.739636 -0.011857
v -0.092475 0.740677 -0.011977
v -0.092365 0.740148 -0.012035
v -0.089482 0.740793 -0.007551
v -0.089361 0.740214 -0.007614
v -0.089429 0.741354 -0.007742
v -0.089098 0.739771 -0.007914
v -0.089216 0.741747 -0.008135
v -0.088765 0.739585 -0.008371
v -0.088901 0.741867 -0.008626
v -0.088450 0.739704 -0.008861
v -0.088568 0.741680 -0.009083
v -0.088237 0.740097 -0.009255
v -0.088305 0.741238 -0.009383
v -0.088184 0.740658 -0.009446
v -0.085506 0.741386 -0.004635
v -0.085353 0.740759 -0.004688
v -0.085457 0.741995 -0.004848
v -0.085040 0.740283 -0.004994
v -0.085219 0.742424 -0.005271
v -0.084649 0.740084 -0.005471
v -0.084855 0.742557 -0.005790
v -0.084285 0.740217 -0.005990
v -0.084464 0.742358 -0.006267
v -0.084047 0.740646 -0.006413
v -0.084150 0.741882 -0.006573
v -0.083998 0.741255 -0.006626
v -0.081822 0.742199 -0.001593
v -0.081612 0.741532 -0.001615
v -0.081793 0.742852 -0.001843
v -0.081220 0.741030 -0.001903
v -0.081533 0.743315 -0.002298
v -0.080750 0.740826 -0.002380
v -0.081112 0.743465 -0.002836
v -0.080329 0.740976 -0.002918
v -0.080643 0.743262 -0.003313
v -0.080070 0.741440 -0.003373
v -0.080251 0.742759 -0.003601
v -0.080041 0.742092 -0.003623
v -0.078680 0.743366 0.001498
v -0.078382 0.742678 0.001544
v -0.078692 0.744051 0.001187
v -0.077878 0.742169 0.001313
v -0.078416 0.744548 0.000696
v -0.077304 0.741978 0.000867
v -0.077925 0.744724 0.000154
v -0.076813 0.742154 0.000326
v -0.077351 0.744532 -0.000291
v -0.076537 0.742651 -0.000166
v -0.076848 0.744024 -0.000522
v -0.076550 0.743335 -0.000476
v -0.076318 0.745005 0.004555
v -0.075904 0.744337 0.004725
v -0.076391 0.745694 0.004148
v -0.076103 0.746220 0.003613
v -0.075260 0.743869 0.004612
v -0.075532 0.746441 0.003092
v -0.074559 0.743727 0.004245
v -0.074831 0.746299 0.002726
v -0.073988 0.743949 0.003725
v -0.074187 0.745831 0.002612
v -0.073700 0.744474 0.003189
v -0.073773 0.745164 0.002782
v -0.074937 0.747225 0.007515
v -0.075069 0.747871 0.006970
v -0.074412 0.746651 0.007871
v -0.074772 0.748417 0.006381
v -0.073633 0.746303 0.007941
v -0.074125 0.748716 0.005907
v -0.072810 0.746274 0.007708
v -0.074712 0.750176 0.010367
v -0.074866 0.750732 0.009665
v -0.074132 0.749770 0.010935
v -0.074553 0.751287 0.009018
v -0.073302 0.748687 0.005674
v -0.072163 0.746572 0.007234
v -0.073857 0.751693 0.008600
v -0.073282 0.749621 0.011219
v -0.072523 0.748339 0.005745
v -0.071865 0.747118 0.006646
v -0.072964 0.751842 0.008522
v -0.071997 0.747765 0.006100
v -0.072390 0.749770 0.011141
v -0.072115 0.751693 0.008805
v -0.071694 0.750176 0.010723
v -0.071381 0.750732 0.010076
v -0.071535 0.751287 0.009374
v -0.129727 0.593368 -0.027734
v -0.129959 0.592055 -0.027240
v -0.129951 0.592040 -0.027273
v -0.129715 0.593350 -0.027780
v -0.129926 0.592026 -0.027296
v -0.129713 0.593381 -0.027686
v -0.129948 0.592067 -0.027207
v -0.129677 0.593385 -0.027651
v -0.129921 0.592073 -0.027182
v -0.129681 0.593331 -0.027812
v -0.129891 0.592017 -0.027304
v -0.129629 0.593379 -0.027636
v -0.129886 0.592071 -0.027173
v -0.129633 0.593316 -0.027822
v -0.129855 0.592015 -0.027295
v -0.129581 0.593364 -0.027646
v -0.129851 0.592062 -0.027181
v -0.129585 0.593310 -0.027807
v -0.129829 0.592021 -0.027270
v -0.129547 0.593345 -0.027678
v -0.129826 0.592048 -0.027204
v -0.129549 0.593314 -0.027771
v -0.129818 0.592033 -0.027237
v -0.129535 0.593327 -0.027724
v -0.129387 0.594742 -0.028156
v -0.129372 0.594721 -0.028216
v -0.129371 0.594755 -0.028095
v -0.129326 0.594755 -0.028047
v -0.129328 0.594696 -0.028257
v -0.129266 0.594742 -0.028027
v -0.129268 0.594674 -0.028269
v -0.129206 0.594720 -0.028039
v -0.129208 0.594661 -0.028248
v -0.129162 0.594695 -0.028080
v -0.129163 0.594661 -0.028201
v -0.129147 0.594674 -0.028139
v -0.128934 0.596145 -0.028524
v -0.128915 0.596157 -0.028448
v -0.128915 0.596120 -0.028596
v -0.128863 0.596151 -0.028389
v -0.128862 0.596087 -0.028645
v -0.128791 0.596130 -0.028363
v -0.128791 0.596056 -0.028659
v -0.128720 0.596099 -0.028376
v -0.128720 0.596035 -0.028632
v -0.128668 0.596067 -0.028425
v -0.128667 0.596030 -0.028573
v -0.128648 0.596041 -0.028498
v -0.128361 0.597544 -0.028852
v -0.128340 0.597554 -0.028762
v -0.128338 0.597514 -0.028937
v -0.128281 0.597542 -0.028691
v -0.128278 0.597472 -0.028994
v -0.128200 0.597511 -0.028658
v -0.128197 0.597429 -0.029008
v -0.128118 0.597468 -0.028672
v -0.128116 0.597397 -0.028976
v -0.128058 0.597426 -0.028730
v -0.128057 0.597385 -0.028905
v -0.128035 0.597396 -0.028815
v -0.127661 0.598906 -0.029156
v -0.127638 0.598916 -0.029052
v -0.127636 0.598869 -0.029254
v -0.127573 0.598896 -0.028969
v -0.127570 0.598815 -0.029318
v -0.127484 0.598851 -0.028930
v -0.127481 0.598758 -0.029333
v -0.127395 0.598794 -0.028944
v -0.127392 0.598714 -0.029293
v -0.127329 0.598740 -0.029009
v -0.127327 0.598693 -0.029210
v -0.127304 0.598703 -0.029106
v -0.126827 0.600200 -0.029453
v -0.126802 0.600209 -0.029335
v -0.126801 0.600154 -0.029562
v -0.126733 0.600180 -0.029240
v -0.126732 0.600085 -0.029634
v -0.126639 0.600120 -0.029193
v -0.126638 0.600010 -0.029648
v -0.126544 0.600046 -0.029207
v -0.126544 0.599950 -0.029601
v -0.126475 0.599976 -0.029278
v -0.126475 0.599921 -0.029505
v -0.126450 0.599931 -0.029387
v -0.125852 0.601391 -0.029759
v -0.125828 0.601334 -0.029879
v -0.125824 0.601401 -0.029627
v -0.125752 0.601363 -0.029519
v -0.125760 0.601246 -0.029956
v -0.125656 0.601285 -0.029464
v -0.125665 0.601151 -0.029968
v -0.125561 0.601190 -0.029476
v -0.125569 0.601073 -0.029913
v -0.125493 0.601102 -0.029553
v -0.125497 0.601035 -0.029805
v -0.125470 0.601045 -0.029673
v -0.124727 0.602446 -0.030089
v -0.124696 0.602458 -0.029944
v -0.124710 0.602376 -0.030219
v -0.124623 0.602409 -0.029822
v -0.124648 0.602267 -0.030300
v -0.124530 0.602313 -0.029758
v -0.124558 0.602148 -0.030310
v -0.124440 0.602194 -0.029767
v -0.124464 0.602051 -0.030245
v -0.124378 0.602085 -0.029848
v -0.124392 0.602003 -0.030124
v -0.124360 0.602015 -0.029979
v -0.123446 0.603329 -0.030460
v -0.123409 0.603344 -0.030302
v -0.123439 0.603244 -0.030600
v -0.123338 0.603285 -0.030167
v -0.123390 0.603112 -0.030683
v -0.123252 0.603169 -0.030092
v -0.123313 0.602969 -0.030687
v -0.123175 0.603025 -0.030097
v -0.123227 0.602852 -0.030612
v -0.123126 0.602894 -0.030180
v -0.123156 0.602794 -0.030477
v -0.123119 0.602809 -0.030319
v -0.122003 0.604004 -0.030889
v -0.122012 0.603904 -0.031036
v -0.121959 0.604022 -0.030719
v -0.121984 0.603750 -0.031119
v -0.121891 0.603954 -0.030570
v -0.121818 0.603819 -0.030482
v -0.121925 0.603583 -0.031116
v -0.121852 0.603448 -0.031028
v -0.121759 0.603652 -0.030479
v -0.121730 0.603498 -0.030562
v -0.121784 0.603380 -0.030879
v -0.121739 0.603398 -0.030709
v -0.120395 0.604434 -0.031391
v -0.120425 0.604321 -0.031543
v -0.120340 0.604455 -0.031209
v -0.120423 0.604148 -0.031624
v -0.120277 0.604379 -0.031045
v -0.120389 0.603960 -0.031612
v -0.120220 0.604227 -0.030944
v -0.120333 0.603808 -0.031510
v -0.120187 0.604039 -0.030932
v -0.120269 0.603732 -0.031346
v -0.120215 0.603754 -0.031164
v -0.120185 0.603866 -0.031012
v -0.118678 0.604460 -0.032135
v -0.118700 0.604272 -0.032214
v -0.118629 0.604582 -0.031977
v -0.118689 0.604068 -0.032193
v -0.118566 0.604606 -0.031783
v -0.118649 0.603903 -0.032077
v -0.118506 0.604524 -0.031605
v -0.118589 0.603821 -0.031899
v -0.118465 0.604359 -0.031490
v -0.118525 0.603845 -0.031705
v -0.118454 0.604155 -0.031469
v -0.118476 0.603967 -0.031547
v -0.116247 0.604197 -0.033033
v -0.116213 0.604391 -0.032955
v -0.116249 0.603987 -0.033007
v -0.116156 0.604517 -0.032795
v -0.116218 0.603817 -0.032885
v -0.116091 0.604541 -0.032595
v -0.116162 0.603732 -0.032698
v -0.116036 0.604456 -0.032408
v -0.116098 0.603756 -0.032498
v -0.116005 0.604286 -0.032286
v -0.116041 0.603882 -0.032338
v -0.116007 0.604076 -0.032260
v -0.113987 0.604054 -0.033742
v -0.113995 0.603838 -0.033713
v -0.113948 0.604254 -0.033663
v -0.113971 0.603663 -0.033584
v -0.113889 0.604384 -0.033498
v -0.113921 0.603577 -0.033391
v -0.113826 0.604409 -0.033290
v -0.113858 0.603602 -0.033183
v -0.113775 0.604322 -0.033096
v -0.113799 0.603732 -0.033018
v -0.113751 0.604147 -0.032968
v -0.113760 0.603931 -0.032939
v -0.111910 0.603861 -0.034341
v -0.111925 0.603639 -0.034310
v -0.111866 0.604067 -0.034261
v -0.111908 0.603460 -0.034175
v -0.111807 0.604200 -0.034091
v -0.111864 0.603372 -0.033974
v -0.111746 0.604226 -0.033876
v -0.111803 0.603398 -0.033759
v -0.111702 0.604138 -0.033674
v -0.111744 0.603532 -0.033589
v -0.111685 0.603959 -0.033540
v -0.111700 0.603737 -0.033508
v -0.110024 0.603407 -0.034801
v -0.110003 0.603635 -0.034835
v -0.110015 0.603224 -0.034660
v -0.109956 0.603846 -0.034752
v -0.109978 0.603134 -0.034451
v -0.109897 0.603983 -0.034577
v -0.109922 0.603162 -0.034228
v -0.109842 0.604011 -0.034354
v -0.109864 0.603300 -0.034052
v -0.109804 0.603921 -0.034144
v -0.109817 0.603510 -0.033970
v -0.109795 0.603738 -0.034004
v -0.108281 0.603158 -0.035187
v -0.108280 0.602971 -0.035041
v -0.108253 0.603391 -0.035223
v -0.108205 0.603608 -0.035139
v -0.108251 0.602880 -0.034824
v -0.108149 0.603750 -0.034957
v -0.108203 0.602909 -0.034593
v -0.108101 0.603779 -0.034727
v -0.108147 0.603051 -0.034411
v -0.108072 0.603689 -0.034509
v -0.108099 0.603268 -0.034327
v -0.108071 0.603501 -0.034363
v -0.106681 0.602907 -0.035472
v -0.106688 0.602717 -0.035321
v -0.106649 0.603146 -0.035509
v -0.106670 0.602625 -0.035095
v -0.106602 0.603369 -0.035422
v -0.106631 0.602657 -0.034857
v -0.106552 0.603517 -0.035234
v -0.106581 0.602804 -0.034669
v -0.106513 0.603549 -0.034996
v -0.106534 0.603027 -0.034582
v -0.106502 0.603266 -0.034619
v -0.106495 0.603457 -0.034771
v -0.105211 0.602673 -0.035657
v -0.105227 0.602478 -0.035500
v -0.105177 0.602918 -0.035695
v -0.105220 0.602386 -0.035267
v -0.105135 0.603148 -0.035605
v -0.105194 0.602421 -0.035021
v -0.105095 0.603301 -0.035411
v -0.105154 0.602574 -0.034827
v -0.105068 0.603336 -0.035164
v -0.105112 0.602804 -0.034737
v -0.105078 0.603049 -0.034775
v -0.105062 0.603243 -0.034932
v -0.103880 0.602272 -0.035581
v -0.103888 0.602180 -0.035342
v -0.103857 0.602471 -0.035742
v -0.103824 0.602723 -0.035781
v -0.103878 0.602218 -0.035088
v -0.103792 0.602960 -0.035689
v -0.103854 0.602377 -0.034888
v -0.103767 0.603119 -0.035489
v -0.103821 0.602614 -0.034795
v -0.103789 0.602866 -0.034834
v -0.103758 0.603157 -0.035235
v -0.103765 0.603065 -0.034995
v -0.102658 0.602023 -0.035320
v -0.102634 0.602116 -0.035565
v -0.102670 0.602064 -0.035060
v -0.102605 0.602319 -0.035730
v -0.102668 0.602230 -0.034855
v -0.102579 0.602578 -0.035770
v -0.102651 0.602475 -0.034761
v -0.102562 0.602823 -0.035675
v -0.102624 0.602734 -0.034801
v -0.102559 0.602988 -0.035471
v -0.102595 0.602937 -0.034966
v -0.102571 0.603030 -0.035211
v -0.101516 0.601933 -0.035201
v -0.101475 0.602027 -0.035450
v -0.101555 0.601977 -0.034938
v -0.101582 0.602149 -0.034731
v -0.101589 0.602401 -0.034637
v -0.101443 0.602235 -0.035619
v -0.101574 0.602667 -0.034680
v -0.101428 0.602501 -0.035661
v -0.101542 0.602875 -0.034848
v -0.101435 0.602754 -0.035567
v -0.101462 0.602925 -0.035360
v -0.101501 0.602970 -0.035097
v -0.100583 0.602150 -0.034517
v -0.100519 0.601975 -0.034721
v -0.100622 0.602408 -0.034427
v -0.100626 0.602680 -0.034475
v -0.100448 0.601930 -0.034984
v -0.100594 0.602893 -0.034648
v -0.100389 0.602027 -0.035236
v -0.100535 0.602990 -0.034900
v -0.100358 0.602239 -0.035409
v -0.100465 0.602944 -0.035163
v -0.100362 0.602511 -0.035457
v -0.100401 0.602769 -0.035367
v -0.099739 0.602510 -0.034136
v -0.099666 0.602249 -0.034218
v -0.099762 0.602786 -0.034191
v -0.099730 0.603004 -0.034368
v -0.099562 0.602074 -0.034414
v -0.099650 0.603105 -0.034619
v -0.099457 0.602032 -0.034673
v -0.099544 0.603063 -0.034878
v -0.099377 0.602133 -0.034924
v -0.099441 0.602888 -0.035074
v -0.099344 0.602351 -0.035101
v -0.099367 0.602627 -0.035156
v -0.098708 0.602725 -0.033668
v -0.098742 0.602998 -0.033729
v -0.098606 0.602470 -0.033737
v -0.098701 0.603218 -0.033901
v -0.098465 0.602303 -0.033916
v -0.098595 0.603325 -0.034141
v -0.098323 0.602268 -0.034157
v -0.098453 0.603290 -0.034382
v -0.098217 0.602374 -0.034396
v -0.098312 0.603123 -0.034561
v -0.098175 0.602594 -0.034569
v -0.098210 0.602868 -0.034630
v -0.097900 0.602962 -0.033131
v -0.097945 0.603232 -0.033199
v -0.097770 0.602716 -0.033181
v -0.097893 0.603455 -0.033364
v -0.097590 0.602560 -0.033333
v -0.097758 0.603571 -0.033584
v -0.097408 0.602537 -0.033548
v -0.097576 0.603548 -0.033799
v -0.097273 0.602653 -0.033768
v -0.097396 0.603392 -0.033952
v -0.097221 0.602875 -0.033934
v -0.097266 0.603146 -0.034001
v -0.097270 0.603246 -0.032518
v -0.097328 0.603511 -0.032598
v -0.097111 0.603013 -0.032539
v -0.097271 0.603736 -0.032758
v -0.096894 0.602875 -0.032656
v -0.097112 0.603863 -0.032955
v -0.096677 0.602868 -0.032837
v -0.096895 0.603856 -0.033136
v -0.096519 0.602994 -0.033034
v -0.096678 0.603717 -0.033252
v -0.096780 0.603606 -0.031813
v -0.096851 0.603862 -0.031911
v -0.096461 0.603220 -0.033194
v -0.096519 0.603485 -0.033274
v -0.096598 0.603391 -0.031802
v -0.096792 0.604088 -0.032069
v -0.096353 0.603273 -0.031879
v -0.096618 0.604226 -0.032245
v -0.096112 0.603284 -0.032025
v -0.096376 0.604237 -0.032391
v -0.096480 0.604316 -0.031120
v -0.096399 0.604072 -0.031003
v -0.096422 0.604541 -0.031281
v -0.096202 0.603875 -0.030960
v -0.095938 0.603421 -0.032201
v -0.096132 0.604119 -0.032468
v -0.096241 0.604687 -0.031442
v -0.095940 0.603777 -0.031003
v -0.095879 0.603648 -0.032359
v -0.095950 0.603903 -0.032457
v -0.096191 0.604904 -0.030216
v -0.096104 0.604673 -0.030080
v -0.096135 0.605125 -0.030384
v -0.095898 0.604492 -0.030011
v -0.095986 0.604715 -0.031560
v -0.095685 0.603804 -0.031121
v -0.095952 0.605275 -0.030537
v -0.095628 0.604410 -0.030028
v -0.095962 0.605652 -0.029196
v -0.095871 0.605432 -0.029043
v -0.095724 0.604617 -0.031603
v -0.095908 0.605866 -0.029372
v -0.095504 0.603950 -0.031281
v -0.095661 0.605265 -0.028956
v -0.095691 0.605315 -0.030636
v -0.095767 0.606582 -0.028061
v -0.095674 0.606373 -0.027895
v -0.095527 0.604419 -0.031560
v -0.095725 0.606016 -0.029526
v -0.095446 0.604175 -0.031442
v -0.095366 0.604450 -0.030127
v -0.095387 0.605196 -0.028956
v -0.095715 0.606788 -0.028248
v -0.095461 0.606217 -0.027795
v -0.095578 0.607718 -0.026814
v -0.095484 0.607518 -0.026638
v -0.095421 0.605234 -0.030654
v -0.095533 0.606936 -0.028405
v -0.095461 0.606063 -0.029615
v -0.095528 0.607915 -0.027010
v -0.095183 0.604601 -0.030281
v -0.095269 0.607369 -0.026529
v -0.095185 0.606155 -0.027786
v -0.095123 0.605243 -0.029045
v -0.095367 0.609081 -0.025456
v -0.095271 0.608890 -0.025271
v -0.095215 0.605053 -0.030585
v -0.095346 0.608056 -0.027174
v -0.095268 0.606985 -0.028491
v -0.095318 0.609269 -0.025661
v -0.095128 0.604821 -0.030449
v -0.095056 0.608746 -0.025157
v -0.095187 0.605994 -0.029616
v -0.094993 0.607312 -0.026516
v -0.094939 0.605393 -0.029199
v -0.094921 0.606205 -0.027872
v -0.095103 0.610694 -0.023986
v -0.095006 0.610510 -0.023795
v -0.095138 0.609403 -0.025832
v -0.095082 0.608105 -0.027261
v -0.095056 0.610873 -0.024200
v -0.094992 0.606924 -0.028482
v -0.094779 0.608689 -0.025143
v -0.094790 0.610370 -0.023678
v -0.094977 0.605827 -0.029528
v -0.094886 0.605607 -0.029375
v -0.094729 0.607360 -0.026603
v -0.094738 0.606352 -0.028029
v -0.094874 0.609448 -0.025923
v -0.094877 0.610998 -0.024379
v -0.094748 0.612613 -0.022376
v -0.094651 0.612430 -0.022185
v -0.094806 0.608047 -0.027248
v -0.094514 0.610312 -0.023666
v -0.094704 0.612780 -0.022600
v -0.094438 0.612278 -0.022077
v -0.094779 0.606767 -0.028381
v -0.094516 0.608734 -0.025234
v -0.094686 0.606558 -0.028216
v -0.094547 0.607502 -0.026767
v -0.094614 0.611037 -0.024475
v -0.094598 0.609391 -0.025910
v -0.094530 0.612885 -0.022796
v -0.094592 0.607899 -0.027139
v -0.094167 0.612199 -0.022082
v -0.094251 0.610350 -0.023762
v -0.094497 0.607699 -0.026963
v -0.094335 0.608868 -0.025406
v -0.093995 0.614457 -0.020949
v -0.093896 0.614250 -0.020752
v -0.093956 0.614618 -0.021202
v -0.093686 0.614051 -0.020665
v -0.094338 0.610978 -0.024463
v -0.094273 0.612900 -0.022912
v -0.094382 0.609247 -0.025796
v -0.094286 0.609056 -0.025611
v -0.093790 0.614688 -0.021445
v -0.094072 0.610476 -0.023941
v -0.093909 0.612215 -0.022198
v -0.093420 0.613913 -0.020712
v -0.094122 0.610838 -0.024346
v -0.094025 0.610654 -0.024155
v -0.094001 0.612822 -0.022917
v -0.093540 0.614650 -0.021611
v -0.093735 0.612320 -0.022395
v -0.093171 0.613875 -0.020878
v -0.093788 0.612670 -0.022810
v -0.093691 0.612486 -0.022618
v -0.093274 0.614513 -0.021657
v -0.092537 0.616154 -0.019773
v -0.092441 0.615922 -0.019571
v -0.092510 0.616308 -0.020055
v -0.093004 0.613945 -0.021121
v -0.092248 0.615672 -0.019504
v -0.093064 0.614313 -0.021570
v -0.092368 0.616342 -0.020342
v -0.092965 0.614106 -0.021374
v -0.092010 0.615473 -0.019590
v -0.092148 0.616246 -0.020557
v -0.091790 0.615377 -0.019806
v -0.091909 0.616047 -0.020643
v -0.091647 0.615411 -0.020093
v -0.091716 0.615797 -0.020576
v -0.091620 0.615565 -0.020375
v -0.090576 0.617736 -0.018817
v -0.090479 0.617484 -0.018606
v -0.090561 0.617887 -0.019124
v -0.090299 0.617199 -0.018547
v -0.090441 0.617898 -0.019444
v -0.090081 0.616958 -0.018656
v -0.090245 0.617765 -0.019692
v -0.089886 0.616825 -0.018904
v -0.090028 0.617523 -0.019801
v -0.089765 0.616836 -0.019224
v -0.089847 0.617239 -0.019742
v -0.089751 0.616987 -0.019531
v -0.088277 0.619288 -0.018009
v -0.088175 0.619022 -0.017785
v -0.088273 0.619441 -0.018337
v -0.087994 0.618714 -0.017726
v -0.088165 0.619439 -0.018683
v -0.087783 0.618446 -0.017849
v -0.087980 0.619283 -0.018953
v -0.087598 0.618290 -0.018119
v -0.087769 0.619015 -0.019075
v -0.087490 0.618288 -0.018464
v -0.087588 0.618707 -0.019016
v -0.087486 0.618441 -0.018793
v -0.085792 0.620898 -0.017278
v -0.085677 0.620622 -0.017040
v -0.085797 0.621053 -0.017627
v -0.085483 0.620298 -0.016977
v -0.085690 0.621046 -0.017994
v -0.085262 0.620015 -0.017106
v -0.085500 0.620878 -0.018280
v -0.085073 0.619847 -0.017393
v -0.085279 0.620595 -0.018409
v -0.084966 0.619840 -0.017760
v -0.085085 0.620272 -0.018347
v -0.084970 0.619995 -0.018109
v -0.083268 0.622642 -0.016561
v -0.083135 0.622360 -0.016307
v -0.083279 0.622801 -0.016930
v -0.083164 0.622796 -0.017315
v -0.082915 0.622031 -0.016237
v -0.082666 0.621743 -0.016368
v -0.082954 0.622626 -0.017614
v -0.082705 0.622339 -0.017745
v -0.082456 0.621574 -0.016666
v -0.082485 0.622010 -0.017674
v -0.082341 0.621568 -0.017052
v -0.082352 0.621728 -0.017421
v -0.080852 0.624592 -0.015799
v -0.080866 0.624757 -0.016187
v -0.080694 0.624310 -0.015527
v -0.080733 0.624761 -0.016587
v -0.080435 0.623988 -0.015444
v -0.080488 0.624603 -0.016893
v -0.080144 0.623711 -0.015572
v -0.080196 0.624326 -0.017021
v -0.079898 0.623553 -0.015877
v -0.079937 0.624004 -0.016938
v -0.079765 0.623557 -0.016278
v -0.079779 0.623722 -0.016666
v -0.078686 0.626815 -0.014934
v -0.078702 0.626987 -0.015341
v -0.078499 0.626543 -0.014640
v -0.078542 0.627012 -0.015752
v -0.078190 0.626243 -0.014539
v -0.078249 0.626884 -0.016057
v -0.077843 0.625996 -0.014656
v -0.077902 0.626637 -0.016175
v -0.077550 0.625868 -0.014962
v -0.077593 0.626337 -0.016074
v -0.077390 0.625894 -0.015373
v -0.077406 0.626065 -0.015780
v -0.076903 0.629382 -0.013910
v -0.076685 0.629129 -0.013591
v -0.076919 0.629562 -0.014335
v -0.076728 0.629622 -0.014752
v -0.076323 0.628872 -0.013462
v -0.076382 0.629545 -0.015048
v -0.075915 0.628679 -0.013559
v -0.075974 0.629353 -0.015145
v -0.075569 0.628602 -0.013856
v -0.075612 0.629095 -0.015017
v -0.075379 0.628662 -0.014272
v -0.075394 0.628843 -0.014697
v -0.075628 0.632372 -0.012667
v -0.075643 0.632564 -0.013109
v -0.075383 0.632148 -0.012317
v -0.075424 0.632671 -0.013525
v -0.074975 0.631952 -0.012154
v -0.075031 0.632666 -0.013803
v -0.074512 0.631835 -0.012220
v -0.074568 0.632549 -0.013870
v -0.074119 0.631830 -0.012499
v -0.074988 0.635884 -0.011137
v -0.075003 0.636088 -0.011595
v -0.074160 0.632353 -0.013706
v -0.074725 0.635693 -0.010755
v -0.073900 0.631937 -0.012915
v -0.074766 0.636251 -0.012006
v -0.073916 0.632129 -0.013357
v -0.074285 0.635566 -0.010551
v -0.075128 0.640018 -0.009249
v -0.075144 0.640235 -0.009723
v -0.074898 0.640453 -0.010129
v -0.074856 0.639858 -0.008834
v -0.074340 0.636328 -0.012260
v -0.073785 0.635537 -0.010580
v -0.074457 0.640613 -0.010357
v -0.074399 0.639800 -0.008589
v -0.073840 0.636299 -0.012290
v -0.073359 0.635614 -0.010834
v -0.073939 0.640671 -0.010347
v -0.073881 0.639858 -0.008579
v -0.073399 0.636172 -0.012086
v -0.073122 0.635776 -0.011245
v -0.073482 0.640613 -0.010102
v -0.073137 0.635980 -0.011703
v -0.073440 0.640018 -0.008807
v -0.073209 0.640453 -0.009686
v -0.073194 0.640235 -0.009213
v -0.136224 0.618528 -0.026125
v -0.136425 0.618507 -0.025926
v -0.136224 0.618515 -0.026125
v -0.136221 0.618504 -0.026121
v -0.136219 0.618538 -0.026119
v -0.136214 0.618496 -0.026113
v -0.136212 0.618544 -0.026110
v -0.136206 0.618495 -0.026104
v -0.136204 0.618543 -0.026100
v -0.136199 0.618501 -0.026095
v -0.136197 0.618535 -0.026092
v -0.136194 0.618511 -0.026089
v -0.136193 0.618524 -0.026088
v -0.136012 0.618525 -0.026311
v -0.136014 0.618506 -0.026312
v -0.136004 0.618541 -0.026303
v -0.136009 0.618489 -0.026305
v -0.135993 0.618549 -0.026290
v -0.136000 0.618478 -0.026292
v -0.135981 0.618547 -0.026275
v -0.135988 0.618476 -0.026277
v -0.135972 0.618536 -0.026262
v -0.135977 0.618484 -0.026264
v -0.135968 0.618519 -0.026255
v -0.135970 0.618500 -0.026256
v -0.135798 0.618455 -0.026483
v -0.135802 0.618478 -0.026493
v -0.135787 0.618440 -0.026465
v -0.135772 0.618438 -0.026445
v -0.135756 0.618449 -0.026427
v -0.135798 0.618503 -0.026493
v -0.135745 0.618469 -0.026417
v -0.135787 0.618523 -0.026483
v -0.135741 0.618495 -0.026418
v -0.135772 0.618534 -0.026466
v -0.135757 0.618532 -0.026446
v -0.135746 0.618517 -0.026428
v -0.135591 0.618430 -0.026669
v -0.135588 0.618402 -0.026655
v -0.135585 0.618461 -0.026670
v -0.135570 0.618487 -0.026659
v -0.135575 0.618384 -0.026631
v -0.135550 0.618500 -0.026637
v -0.135557 0.618381 -0.026606
v -0.135532 0.618497 -0.026612
v -0.135537 0.618394 -0.026584
v -0.135522 0.618420 -0.026573
v -0.135515 0.618451 -0.026574
v -0.135519 0.618480 -0.026589
v -0.135382 0.618363 -0.026838
v -0.135380 0.618330 -0.026819
v -0.135372 0.618400 -0.026842
v -0.135352 0.618430 -0.026829
v -0.135366 0.618309 -0.026791
v -0.135328 0.618446 -0.026803
v -0.135344 0.618306 -0.026759
v -0.135307 0.618443 -0.026772
v -0.135321 0.618322 -0.026734
v -0.135293 0.618422 -0.026743
v -0.135301 0.618352 -0.026721
v -0.135291 0.618389 -0.026724
v -0.135175 0.618240 -0.026976
v -0.135161 0.618216 -0.026941
v -0.135174 0.618278 -0.027000
v -0.135160 0.618320 -0.027006
v -0.135136 0.618354 -0.026992
v -0.135136 0.618213 -0.026904
v -0.135107 0.618372 -0.026963
v -0.135108 0.618231 -0.026875
v -0.135083 0.618369 -0.026926
v -0.135083 0.618266 -0.026861
v -0.135069 0.618308 -0.026867
v -0.135069 0.618345 -0.026891
v -0.134970 0.618173 -0.027153
v -0.134973 0.618131 -0.027124
v -0.134951 0.618219 -0.027162
v -0.134960 0.618105 -0.027083
v -0.134921 0.618258 -0.027148
v -0.134933 0.618102 -0.027040
v -0.134888 0.618279 -0.027115
v -0.134900 0.618122 -0.027007
v -0.134861 0.618275 -0.027072
v -0.134870 0.618161 -0.026992
v -0.134847 0.618249 -0.027030
v -0.134850 0.618208 -0.027001
v -0.134771 0.618049 -0.027298
v -0.134777 0.618004 -0.027263
v -0.134746 0.618099 -0.027309
v -0.134765 0.617976 -0.027214
v -0.134710 0.618142 -0.027295
v -0.134735 0.617973 -0.027165
v -0.134672 0.618164 -0.027258
v -0.134697 0.617996 -0.027128
v -0.134643 0.618161 -0.027209
v -0.134661 0.618038 -0.027114
v -0.134630 0.618134 -0.027160
v -0.134636 0.618088 -0.027126
v -0.134588 0.617859 -0.027391
v -0.134576 0.617830 -0.027335
v -0.134576 0.617906 -0.027432
v -0.134545 0.617960 -0.027447
v -0.134502 0.618005 -0.027432
v -0.134545 0.617828 -0.027279
v -0.134460 0.618029 -0.027392
v -0.134502 0.617852 -0.027239
v -0.134428 0.618027 -0.027337
v -0.134459 0.617897 -0.027224
v -0.134428 0.617951 -0.027240
v -0.134417 0.617998 -0.027281
v -0.134405 0.617696 -0.027507
v -0.134395 0.617666 -0.027444
v -0.134388 0.617745 -0.027554
v -0.134350 0.617800 -0.027573
v -0.134362 0.617665 -0.027382
v -0.134300 0.617847 -0.027559
v -0.134314 0.617691 -0.027338
v -0.134252 0.617874 -0.027515
v -0.134264 0.617739 -0.027324
v -0.134219 0.617872 -0.027453
v -0.134226 0.617794 -0.027343
v -0.134210 0.617843 -0.027390
v -0.134230 0.617515 -0.027610
v -0.134208 0.617564 -0.027665
v -0.134223 0.617486 -0.027540
v -0.134162 0.617621 -0.027688
v -0.134188 0.617486 -0.027472
v -0.134104 0.617669 -0.027674
v -0.134135 0.617514 -0.027424
v -0.134051 0.617697 -0.027626
v -0.134078 0.617563 -0.027410
v -0.134016 0.617697 -0.027558
v -0.133486 0.616672 -0.027990
v -0.133482 0.616645 -0.027913
v -0.133457 0.616719 -0.028050
v -0.133403 0.616775 -0.028078
v -0.134032 0.617619 -0.027434
v -0.134009 0.617668 -0.027488
v -0.133445 0.616645 -0.027839
v -0.133338 0.616823 -0.028064
v -0.133387 0.616674 -0.027789
v -0.133280 0.616852 -0.028014
v -0.133322 0.616722 -0.027776
v -0.133244 0.616852 -0.027941
v -0.133268 0.616777 -0.027803
v -0.133239 0.616825 -0.027863
v -0.132834 0.615796 -0.028301
v -0.132832 0.615771 -0.028217
v -0.132799 0.615841 -0.028367
v -0.132737 0.615895 -0.028398
v -0.132794 0.615773 -0.028138
v -0.132664 0.615942 -0.028386
v -0.132730 0.615801 -0.028085
v -0.132600 0.615970 -0.028333
v -0.132657 0.615849 -0.028072
v -0.132562 0.615972 -0.028254
v -0.132595 0.615902 -0.028104
v -0.132560 0.615947 -0.028170
v -0.132260 0.614896 -0.028551
v -0.132261 0.614874 -0.028460
v -0.132219 0.614938 -0.028623
v -0.132222 0.614877 -0.028376
v -0.132149 0.614989 -0.028657
v -0.132152 0.614906 -0.028320
v -0.132069 0.615035 -0.028645
v -0.132072 0.614951 -0.028308
v -0.132000 0.615064 -0.028590
v -0.132002 0.615002 -0.028342
v -0.131961 0.615067 -0.028505
v -0.131961 0.615045 -0.028415
v -0.131753 0.613981 -0.028746
v -0.131756 0.613961 -0.028650
v -0.131706 0.614020 -0.028824
v -0.131715 0.613966 -0.028560
v -0.131629 0.614068 -0.028862
v -0.131641 0.613995 -0.028501
v -0.131542 0.614113 -0.028850
v -0.131554 0.614040 -0.028489
v -0.131468 0.614141 -0.028791
v -0.131477 0.614088 -0.028527
v -0.131427 0.614147 -0.028701
v -0.131430 0.614127 -0.028605
v -0.131300 0.613059 -0.028896
v -0.131305 0.613042 -0.028793
v -0.131248 0.613095 -0.028979
v -0.131263 0.613049 -0.028698
v -0.131164 0.613141 -0.029019
v -0.131185 0.613079 -0.028636
v -0.131070 0.613185 -0.029007
v -0.131091 0.613122 -0.028624
v -0.130991 0.613214 -0.028945
v -0.131006 0.613168 -0.028665
v -0.130949 0.613221 -0.028850
v -0.130955 0.613204 -0.028747
v -0.130889 0.612139 -0.029006
v -0.130897 0.612125 -0.028897
v -0.130833 0.612173 -0.029093
v -0.130853 0.612134 -0.028797
v -0.130742 0.612217 -0.029137
v -0.130770 0.612165 -0.028731
v -0.130642 0.612260 -0.029124
v -0.130670 0.612208 -0.028719
v -0.130559 0.612291 -0.029059
v -0.130579 0.612253 -0.028762
v -0.130515 0.612300 -0.028959
v -0.130523 0.612286 -0.028850
v -0.130508 0.611230 -0.029083
v -0.130517 0.611218 -0.028969
v -0.130447 0.611262 -0.029176
v -0.130473 0.611230 -0.028863
v -0.130351 0.611306 -0.029222
v -0.130385 0.611262 -0.028795
v -0.130245 0.611350 -0.029209
v -0.130280 0.611306 -0.028782
v -0.130158 0.611382 -0.029141
v -0.130183 0.611350 -0.028828
v -0.130113 0.611394 -0.029035
v -0.130145 0.610340 -0.029137
v -0.130156 0.610330 -0.029016
v -0.130080 0.610372 -0.029234
v -0.130123 0.611383 -0.028920
v -0.130109 0.610344 -0.028906
v -0.129979 0.610417 -0.029282
v -0.130019 0.610380 -0.028834
v -0.129868 0.610463 -0.029268
v -0.129908 0.610426 -0.028820
v -0.129778 0.610499 -0.029196
v -0.129807 0.610471 -0.028868
v -0.129787 0.609478 -0.029172
v -0.129799 0.609469 -0.029046
v -0.129731 0.610513 -0.029086
v -0.129719 0.609511 -0.029274
v -0.129751 0.609487 -0.028930
v -0.129742 0.610503 -0.028966
v -0.129614 0.609560 -0.029324
v -0.129657 0.609526 -0.028855
v -0.129499 0.609610 -0.029310
v -0.129542 0.609576 -0.028841
v -0.129405 0.609649 -0.029234
v -0.129422 0.608653 -0.029197
v -0.129434 0.608644 -0.029066
v -0.129437 0.609624 -0.028891
v -0.129352 0.608690 -0.029303
v -0.129357 0.609667 -0.029118
v -0.129385 0.608665 -0.028945
v -0.129369 0.609657 -0.028993
v -0.129243 0.608743 -0.029356
v -0.129289 0.608709 -0.028866
v -0.129125 0.608800 -0.029341
v -0.129171 0.608766 -0.028851
v -0.129029 0.608845 -0.029262
v -0.129036 0.607874 -0.029219
v -0.129048 0.607863 -0.029083
v -0.129062 0.608820 -0.028904
v -0.128965 0.607916 -0.029330
v -0.128980 0.608865 -0.029141
v -0.128999 0.607887 -0.028956
v -0.128992 0.608856 -0.029010
v -0.128855 0.607978 -0.029384
v -0.128901 0.607938 -0.028874
v -0.128735 0.608043 -0.029368
v -0.128781 0.608004 -0.028858
v -0.128638 0.608095 -0.029286
v -0.128671 0.608066 -0.028913
v -0.128615 0.607146 -0.029246
v -0.128627 0.607134 -0.029104
v -0.128545 0.607196 -0.029361
v -0.128588 0.608119 -0.029160
v -0.128578 0.607162 -0.028972
v -0.128601 0.608108 -0.029023
v -0.128436 0.607270 -0.029417
v -0.128481 0.607224 -0.028887
v -0.128318 0.607348 -0.029400
v -0.128363 0.607302 -0.028870
v -0.128221 0.607410 -0.029315
v -0.128254 0.607376 -0.028926
v -0.128172 0.607438 -0.029183
v -0.128231 0.606620 -0.029262
v -0.128243 0.606607 -0.029118
v -0.128166 0.606678 -0.029378
v -0.128184 0.607426 -0.029041
v -0.128199 0.606643 -0.028985
v -0.128065 0.606765 -0.029435
v -0.128110 0.606717 -0.028898
v -0.127956 0.606858 -0.029417
v -0.128000 0.606810 -0.028881
v -0.127866 0.606932 -0.029330
v -0.127899 0.606897 -0.028937
v -0.127834 0.606211 -0.029267
v -0.127845 0.606197 -0.029122
v -0.127777 0.606279 -0.029384
v -0.127822 0.606968 -0.029197
v -0.127807 0.606240 -0.028987
v -0.127834 0.606955 -0.029053
v -0.127689 0.606381 -0.029442
v -0.127730 0.606328 -0.028898
v -0.127594 0.606491 -0.029424
v -0.127635 0.606438 -0.028881
v -0.127517 0.606579 -0.029336
v -0.127547 0.606541 -0.028938
v -0.127479 0.606622 -0.029201
v -0.127419 0.605904 -0.029272
v -0.127426 0.605887 -0.029124
v -0.127373 0.605981 -0.029390
v -0.127490 0.606608 -0.029055
v -0.127394 0.605935 -0.028988
v -0.127303 0.606098 -0.029448
v -0.127331 0.606035 -0.028898
v -0.127225 0.606223 -0.029429
v -0.127254 0.606160 -0.028880
v -0.127162 0.606323 -0.029340
v -0.127183 0.606277 -0.028938
v -0.127130 0.606371 -0.029203
v -0.127138 0.606355 -0.029056
v -0.126981 0.605678 -0.029286
v -0.126982 0.605658 -0.029137
v -0.126950 0.605764 -0.029405
v -0.126954 0.605708 -0.028998
v -0.126898 0.605892 -0.029463
v -0.126903 0.605816 -0.028908
v -0.126839 0.606029 -0.029444
v -0.126844 0.605953 -0.028888
v -0.126788 0.606137 -0.029353
v -0.126792 0.606081 -0.028946
v -0.126759 0.606187 -0.029214
v -0.126761 0.606167 -0.029065
v -0.126520 0.605511 -0.029319
v -0.126513 0.605488 -0.029169
v -0.126503 0.605603 -0.029438
v -0.126484 0.605539 -0.029029
v -0.126467 0.605739 -0.029496
v -0.126440 0.605651 -0.028936
v -0.126420 0.605882 -0.029475
v -0.126394 0.605794 -0.028916
v -0.126377 0.605995 -0.029383
v -0.126358 0.605930 -0.028973
v -0.126348 0.606046 -0.029243
v -0.126341 0.606022 -0.029093
v -0.126028 0.605378 -0.029380
v -0.126012 0.605351 -0.029230
v -0.126023 0.605474 -0.029500
v -0.125996 0.605614 -0.029556
v -0.125978 0.605402 -0.029089
v -0.125957 0.605761 -0.029535
v -0.125936 0.605516 -0.028995
v -0.125896 0.605663 -0.028973
v -0.125914 0.605875 -0.029441
v -0.125881 0.605926 -0.029300
v -0.125870 0.605803 -0.029030
v -0.125864 0.605899 -0.029150
v -0.125497 0.605351 -0.029598
v -0.125495 0.605252 -0.029478
v -0.125476 0.605494 -0.029654
v -0.125470 0.605223 -0.029328
v -0.125436 0.605643 -0.029632
v -0.125429 0.605272 -0.029186
v -0.125390 0.605757 -0.029538
v -0.125382 0.605387 -0.029092
v -0.125348 0.605807 -0.029397
v -0.125343 0.605535 -0.029070
v -0.125323 0.605778 -0.029246
v -0.125321 0.605679 -0.029127
v -0.124913 0.605210 -0.029742
v -0.124907 0.605109 -0.029622
v -0.124892 0.605355 -0.029799
v -0.124874 0.605078 -0.029471
v -0.124848 0.605505 -0.029778
v -0.124824 0.605126 -0.029331
v -0.124794 0.605618 -0.029684
v -0.124769 0.605240 -0.029237
v -0.124743 0.605666 -0.029543
v -0.124725 0.605389 -0.029216
v -0.124710 0.605635 -0.029393
v -0.124704 0.605534 -0.029273
v -0.124259 0.605029 -0.029942
v -0.124250 0.604926 -0.029821
v -0.124234 0.605175 -0.030000
v -0.124183 0.605324 -0.029981
v -0.124211 0.604893 -0.029671
v -0.124119 0.605436 -0.029889
v -0.124151 0.604939 -0.029531
v -0.124059 0.605482 -0.029750
v -0.124087 0.605051 -0.029440
v -0.124019 0.605449 -0.029599
v -0.124035 0.605200 -0.029420
v -0.124011 0.605346 -0.029479
v -0.123521 0.604783 -0.030209
v -0.123512 0.604679 -0.030087
v -0.123491 0.604929 -0.030269
v -0.123431 0.605077 -0.030253
v -0.123468 0.604644 -0.029937
v -0.123357 0.605187 -0.030164
v -0.123399 0.604688 -0.029798
v -0.123288 0.605231 -0.030025
v -0.123324 0.604798 -0.029709
v -0.123243 0.605196 -0.029875
v -0.123264 0.604946 -0.029692
v -0.123234 0.605092 -0.029753
v -0.122689 0.604450 -0.030552
v -0.122681 0.604345 -0.030429
v -0.122653 0.604595 -0.030616
v -0.122584 0.604741 -0.030603
v -0.122632 0.604308 -0.030279
v -0.122500 0.604849 -0.030516
v -0.122555 0.604349 -0.030142
v -0.122423 0.604890 -0.030379
v -0.122471 0.604457 -0.030055
v -0.122374 0.604853 -0.030229
v -0.122401 0.604603 -0.030042
v -0.122366 0.604748 -0.030105
v -0.121752 0.604005 -0.030983
v -0.121746 0.603899 -0.030857
v -0.121711 0.604149 -0.031050
v -0.121633 0.604293 -0.031040
v -0.121693 0.603861 -0.030707
v -0.121539 0.604398 -0.030956
v -0.121609 0.603899 -0.030572
v -0.121454 0.604437 -0.030821
v -0.121515 0.604005 -0.030488
v -0.121402 0.604398 -0.030670
v -0.121437 0.604149 -0.030478
v -0.121396 0.604293 -0.030545
usemtl 1th_to_4th_perforating_branches_of_the_deep_femoral_vein_r_objMaterial0
f 1 2 3
f 4 3 5
f 1 3 4
f 6 7 2
f 6 2 1
f 8 5 9
f 4 5 8
f 10 11 7
f 10 7 6
f 12 9 13
f 8 9 12
f 14 15 11
f 14 11 10
f 16 13 17
f 12 13 16
f 18 19 15
f 18 15 14
f 20 17 21
f 16 17 20
f 22 23 19
f 22 19 18
f 24 21 23
f 20 21 24
f 24 23 22
f 25 1 4
f 26 4 8
f 25 4 26
f 27 6 1
f 27 1 25
f 28 8 12
f 26 8 28
f 29 10 6
f 29 6 27
f 30 12 16
f 28 12 30
f 31 14 10
f 31 10 29
f 32 16 20
f 30 16 32
f 33 18 14
f 33 14 31
f 34 20 24
f 32 20 34
f 35 22 18
f 35 18 33
f 36 24 22
f 34 24 36
f 36 22 35
f 37 25 26
f 38 26 28
f 37 26 38
f 39 27 25
f 39 25 37
f 40 28 30
f 38 28 40
f 41 29 27
f 41 27 39
f 42 30 32
f 40 30 42
f 43 31 29
f 43 29 41
f 44 32 34
f 42 32 44
f 45 33 31
f 45 31 43
f 46 34 36
f 44 34 46
f 47 35 33
f 47 33 45
f 48 36 35
f 46 36 48
f 48 35 47
f 49 37 38
f 50 38 40
f 49 38 50
f 51 39 37
f 51 37 49
f 52 40 42
f 50 40 52
f 53 41 39
f 53 39 51
f 54 42 44
f 52 42 54
f 55 43 41
f 55 41 53
f 56 44 46
f 54 44 56
f 57 45 43
f 57 43 55
f 58 46 48
f 56 46 58
f 59 47 45
f 59 45 57
f 60 48 47
f 58 48 60
f 60 47 59
f 61 50 52
f 62 49 50
f 62 50 61
f 63 52 54
f 61 52 63
f 64 51 49
f 64 49 62
f 65 54 56
f 63 54 65
f 66 53 51
f 66 51 64
f 67 55 53
f 67 53 66
f 68 56 58
f 65 56 68
f 69 58 60
f 68 58 69
f 70 57 55
f 70 55 67
f 71 60 59
f 69 60 71
f 72 59 57
f 72 57 70
f 71 59 72
f 73 61 63
f 74 62 61
f 74 61 73
f 75 63 65
f 73 63 75
f 76 64 62
f 76 62 74
f 77 65 68
f 75 65 77
f 78 66 64
f 78 64 76
f 79 68 69
f 77 68 79
f 80 67 66
f 80 66 78
f 81 69 71
f 79 69 81
f 82 70 67
f 82 67 80
f 83 71 72
f 81 71 83
f 84 72 70
f 84 70 82
f 83 72 84
f 85 73 75
f 86 74 73
f 86 73 85
f 87 75 77
f 85 75 87
f 88 76 74
f 88 74 86
f 89 77 79
f 87 77 89
f 90 78 76
f 90 76 88
f 91 79 81
f 89 79 91
f 92 80 78
f 92 78 90
f 93 81 83
f 91 81 93
f 94 82 80
f 94 80 92
f 95 83 84
f 93 83 95
f 96 84 82
f 96 82 94
f 95 84 96
f 97 87 89
f 98 89 91
f 97 89 98
f 99 85 87
f 99 87 97
f 100 86 85
f 100 85 99
f 101 90 88
f 102 92 90
f 102 90 101
f 103 88 86
f 103 86 100
f 101 88 103
f 104 91 93
f 98 91 104
f 105 94 92
f 105 92 102
f 106 93 95
f 104 93 106
f 107 96 94
f 107 94 105
f 108 95 96
f 106 95 108
f 108 96 107
f 109 100 99
f 110 99 97
f 109 99 110
f 111 103 100
f 111 100 109
f 112 101 103
f 112 103 111
f 113 97 98
f 110 97 113
f 114 102 101
f 114 101 112
f 115 98 104
f 113 98 115
f 116 105 102
f 116 102 114
f 117 104 106
f 115 104 117
f 118 107 105
f 118 105 116
f 119 106 108
f 117 106 119
f 120 108 107
f 119 108 120
f 120 107 118
f 121 112 111
f 122 114 112
f 122 112 121
f 123 111 109
f 124 109 110
f 123 109 124
f 121 111 123
f 125 110 113
f 124 110 125
f 126 116 114
f 126 114 122
f 127 113 115
f 125 113 127
f 128 118 116
f 128 116 126
f 129 115 117
f 127 115 129
f 130 120 118
f 130 118 128
f 131 119 120
f 132 117 119
f 132 119 131
f 131 120 130
f 129 117 132
f 133 121 123
f 134 123 124
f 133 123 134
f 135 122 121
f 135 121 133
f 136 124 125
f 134 124 136
f 137 126 122
f 137 122 135
f 138 125 127
f 136 125 138
f 139 128 126
f 139 126 137
f 140 127 129
f 138 127 140
f 141 130 128
f 141 128 139
f 142 129 132
f 140 129 142
f 143 131 130
f 143 130 141
f 144 132 131
f 142 132 144
f 144 131 143
f 145 133 134
f 146 134 136
f 145 134 146
f 147 135 133
f 147 133 145
f 148 136 138
f 146 136 148
f 149 137 135
f 149 135 147
f 150 138 140
f 148 138 150
f 151 139 137
f 151 137 149
f 152 140 142
f 150 140 152
f 153 141 139
f 153 139 151
f 154 142 144
f 152 142 154
f 155 143 141
f 155 141 153
f 156 144 143
f 154 144 156
f 156 143 155
f 157 145 146
f 158 147 145
f 158 145 157
f 159 146 148
f 157 146 159
f 160 148 150
f 159 148 160
f 161 149 147
f 161 147 158
f 162 150 152
f 160 150 162
f 163 151 149
f 163 149 161
f 164 152 154
f 162 152 164
f 165 153 151
f 165 151 163
f 166 154 156
f 164 154 166
f 167 155 153
f 167 153 165
f 168 156 155
f 168 155 167
f 166 156 168
f 169 157 159
f 170 158 157
f 170 157 169
f 171 159 160
f 169 159 171
f 172 161 158
f 172 158 170
f 173 160 162
f 171 160 173
f 174 163 161
f 174 161 172
f 175 162 164
f 173 162 175
f 176 165 163
f 176 163 174
f 177 164 166
f 175 164 177
f 178 167 165
f 178 165 176
f 179 166 168
f 177 166 179
f 180 168 167
f 180 167 178
f 179 168 180
f 181 170 169
f 182 169 171
f 181 169 182
f 183 172 170
f 183 170 181
f 184 171 173
f 182 171 184
f 185 174 172
f 185 172 183
f 186 173 175
f 184 173 186
f 187 176 174
f 187 174 185
f 188 175 177
f 186 175 188
f 189 178 176
f 189 176 187
f 190 177 179
f 188 177 190
f 191 180 178
f 191 178 189
f 192 179 180
f 190 179 192
f 192 180 191
f 193 181 182
f 194 183 181
f 194 181 193
f 195 182 184
f 193 182 195
f 196 185 183
f 196 183 194
f 197 184 186
f 195 184 197
f 198 187 185
f 198 185 196
f 199 186 188
f 197 186 199
f 200 189 187
f 200 187 198
f 201 188 190
f 199 188 201
f 202 191 189
f 202 189 200
f 203 190 192
f 201 190 203
f 204 192 191
f 204 191 202
f 203 192 204
f 205 194 193
f 206 193 195
f 205 193 206
f 207 196 194
f 207 194 205
f 208 195 197
f 206 195 208
f 209 198 196
f 209 196 207
f 210 197 199
f 208 197 210
f 211 200 198
f 211 198 209
f 212 199 201
f 210 199 212
f 213 202 200
f 213 200 211
f 214 201 203
f 212 201 214
f 215 204 202
f 215 202 213
f 216 203 204
f 214 203 216
f 216 204 215
f 217 205 206
f 218 207 205
f 218 205 217
f 219 206 208
f 217 206 219
f 220 209 207
f 220 207 218
f 221 208 210
f 219 208 221
f 222 211 209
f 222 209 220
f 223 210 212
f 221 210 223
f 224 213 211
f 224 211 222
f 225 212 214
f 223 212 225
f 226 215 213
f 226 213 224
f 227 214 216
f 225 214 227
f 228 216 215
f 228 215 226
f 227 216 228
f 229 217 219
f 230 218 217
f 230 217 229
f 231 219 221
f 229 219 231
f 232 220 218
f 232 218 230
f 233 221 223
f 231 221 233
f 234 222 220
f 234 220 232
f 235 223 225
f 233 223 235
f 236 224 222
f 236 222 234
f 237 225 227
f 235 225 237
f 238 226 224
f 238 224 236
f 239 227 228
f 237 227 239
f 240 228 226
f 240 226 238
f 239 228 240
f 241 229 231
f 242 230 229
f 242 229 241
f 243 231 233
f 241 231 243
f 244 232 230
f 244 230 242
f 245 233 235
f 243 233 245
f 246 234 232
f 246 232 244
f 247 235 237
f 245 235 247
f 248 236 234
f 248 234 246
f 249 237 239
f 247 237 249
f 250 238 236
f 250 236 248
f 251 239 240
f 249 239 251
f 252 240 238
f 252 238 250
f 251 240 252
f 253 241 243
f 254 242 241
f 254 241 253
f 255 243 245
f 253 243 255
f 256 245 247
f 255 245 256
f 257 244 242
f 257 242 254
f 258 247 249
f 256 247 258
f 259 246 244
f 259 244 257
f 260 249 251
f 258 249 260
f 261 248 246
f 261 246 259
f 262 251 252
f 260 251 262
f 263 250 248
f 263 248 261
f 264 252 250
f 262 252 264
f 264 250 263
f 265 253 255
f 266 255 256
f 265 255 266
f 267 254 253
f 267 253 265
f 268 256 258
f 266 256 268
f 269 257 254
f 269 254 267
f 270 258 260
f 268 258 270
f 271 259 257
f 271 257 269
f 272 260 262
f 270 260 272
f 273 261 259
f 273 259 271
f 274 262 264
f 272 262 274
f 275 263 261
f 275 261 273
f 276 264 263
f 274 264 276
f 276 263 275
f 277 266 268
f 278 265 266
f 278 266 277
f 279 268 270
f 277 268 279
f 280 267 265
f 280 265 278
f 281 270 272
f 279 270 281
f 282 269 267
f 282 267 280
f 283 272 274
f 281 272 283
f 284 271 269
f 284 269 282
f 285 274 276
f 283 274 285
f 286 273 271
f 286 271 284
f 287 276 275
f 285 276 287
f 288 275 273
f 288 273 286
f 287 275 288
f 289 277 279
f 290 279 281
f 289 279 290
f 291 278 277
f 291 277 289
f 292 281 283
f 290 281 292
f 293 280 278
f 293 278 291
f 294 283 285
f 292 283 294
f 295 282 280
f 295 280 293
f 296 285 287
f 294 285 296
f 297 284 282
f 297 282 295
f 298 287 288
f 296 287 298
f 299 289 290
f 300 290 292
f 299 290 300
f 301 286 284
f 301 284 297
f 302 291 289
f 302 289 299
f 303 288 286
f 298 288 303
f 304 292 294
f 300 292 304
f 303 286 301
f 305 293 291
f 305 291 302
f 306 294 296
f 304 294 306
f 307 295 293
f 307 293 305
f 308 296 298
f 306 296 308
f 309 297 295
f 309 295 307
f 310 298 303
f 308 298 310
f 311 301 297
f 311 297 309
f 312 303 301
f 310 303 312
f 312 301 311
f 313 299 300
f 314 300 304
f 313 300 314
f 315 302 299
f 315 299 313
f 316 304 306
f 314 304 316
f 317 305 302
f 317 302 315
f 318 306 308
f 316 306 318
f 319 307 305
f 319 305 317
f 320 308 310
f 318 308 320
f 321 309 307
f 321 307 319
f 322 310 312
f 320 310 322
f 323 311 309
f 323 309 321
f 324 312 311
f 322 312 324
f 324 311 323
f 325 313 314
f 326 314 316
f 325 314 326
f 327 315 313
f 327 313 325
f 328 316 318
f 326 316 328
f 329 317 315
f 329 315 327
f 330 318 320
f 328 318 330
f 331 319 317
f 331 317 329
f 332 320 322
f 330 320 332
f 333 321 319
f 333 319 331
f 334 322 324
f 332 322 334
f 335 323 321
f 335 321 333
f 336 324 323
f 334 324 336
f 336 323 335
f 337 325 326
f 338 326 328
f 337 326 338
f 339 327 325
f 339 325 337
f 340 328 330
f 338 328 340
f 341 329 327
f 341 327 339
f 342 330 332
f 340 330 342
f 343 331 329
f 343 329 341
f 344 332 334
f 342 332 344
f 345 333 331
f 345 331 343
f 346 334 336
f 344 334 346
f 347 335 333
f 347 333 345
f 348 336 335
f 346 336 348
f 348 335 347
f 349 337 338
f 350 338 340
f 349 338 350
f 351 339 337
f 351 337 349
f 352 340 342
f 350 340 352
f 353 341 339
f 353 339 351
f 354 342 344
f 352 342 354
f 355 343 341
f 355 341 353
f 356 344 346
f 354 344 356
f 357 345 343
f 357 343 355
f 358 346 348
f 356 346 358
f 359 347 345
f 359 345 357
f 360 348 347
f 358 348 360
f 360 347 359
f 361 349 350
f 362 350 352
f 361 350 362
f 363 351 349
f 363 349 361
f 364 352 354
f 362 352 364
f 365 353 351
f 365 351 363
f 366 354 356
f 364 354 366
f 367 355 353
f 367 353 365
f 368 356 358
f 366 356 368
f 369 357 355
f 369 355 367
f 370 358 360
f 368 358 370
f 371 359 357
f 371 357 369
f 372 360 359
f 370 360 372
f 372 359 371
f 373 361 362
f 374 362 364
f 373 362 374
f 375 363 361
f 375 361 373
f 376 364 366
f 374 364 376
f 377 365 363
f 377 363 375
f 378 366 368
f 376 366 378
f 379 367 365
f 379 365 377
f 380 368 370
f 378 368 380
f 381 369 367
f 381 367 379
f 382 370 372
f 380 370 382
f 383 371 369
f 383 369 381
f 384 372 371
f 382 372 384
f 384 371 383
f 385 373 374
f 386 374 376
f 385 374 386
f 387 375 373
f 387 373 385
f 388 376 378
f 386 376 388
f 389 377 375
f 389 375 387
f 390 378 380
f 388 378 390
f 391 379 377
f 391 377 389
f 392 380 382
f 390 380 392
f 393 381 379
f 393 379 391
f 394 382 384
f 392 382 394
f 395 383 381
f 395 381 393
f 396 384 383
f 394 384 396
f 396 383 395
f 397 385 386
f 398 386 388
f 397 386 398
f 399 387 385
f 399 385 397
f 400 388 390
f 398 388 400
f 401 389 387
f 401 387 399
f 402 390 392
f 400 390 402
f 403 391 389
f 403 389 401
f 404 392 394
f 402 392 404
f 405 393 391
f 405 391 403
f 406 394 396
f 404 394 406
f 407 395 393
f 407 393 405
f 408 396 395
f 406 396 408
f 408 395 407
f 409 397 398
f 410 398 400
f 409 398 410
f 411 399 397
f 411 397 409
f 412 400 402
f 410 400 412
f 413 401 399
f 413 399 411
f 414 402 404
f 412 402 414
f 415 403 401
f 415 401 413
f 416 404 406
f 414 404 416
f 417 405 403
f 417 403 415
f 418 406 408
f 416 406 418
f 419 409 410
f 420 410 412
f 419 410 420
f 421 411 409
f 421 409 419
f 422 407 405
f 422 405 417
f 423 412 414
f 420 412 423
f 424 408 407
f 418 408 424
f 424 407 422
f 425 413 411
f 425 411 421
f 423 414 426
f 426 414 416
f 427 420 428
f 428 420 423
f 427 419 420
f 428 423 429
f 430 419 427
f 430 421 419
f 431 415 413
f 431 413 425
f 429 423 426
f 429 426 432
f 426 416 433
f 433 416 418
f 434 421 430
f 434 425 421
f 435 417 415
f 435 415 431
f 432 426 433
f 432 433 436
f 437 418 424
f 433 418 437
f 438 425 434
f 438 431 425
f 439 422 417
f 439 417 435
f 440 424 422
f 437 424 440
f 440 422 439
f 436 433 437
f 436 437 441
f 442 431 438
f 442 435 431
f 441 437 440
f 441 440 443
f 444 435 442
f 444 439 435
f 443 440 439
f 443 439 444
f 445 446 447
f 447 448 449
f 447 446 448
f 450 451 445
f 445 451 446
f 449 452 453
f 449 448 452
f 454 455 450
f 450 455 451
f 453 456 457
f 453 452 456
f 458 459 454
f 454 459 455
f 457 460 461
f 457 456 460
f 462 463 458
f 458 463 459
f 461 464 465
f 461 460 464
f 466 467 462
f 462 467 463
f 465 468 466
f 465 464 468
f 466 468 467
f 451 469 446
f 455 470 451
f 451 470 469
f 446 471 448
f 446 469 471
f 448 472 452
f 448 471 472
f 459 473 455
f 455 473 470
f 452 474 456
f 452 472 474
f 463 475 459
f 459 475 473
f 456 476 460
f 456 474 476
f 467 477 463
f 463 477 475
f 460 478 464
f 460 476 478
f 468 479 467
f 467 479 477
f 464 480 468
f 464 478 480
f 468 480 479
f 470 481 469
f 473 482 470
f 470 482 481
f 469 483 471
f 469 481 483
f 471 484 472
f 471 483 484
f 475 485 473
f 473 485 482
f 472 486 474
f 472 484 486
f 477 487 475
f 475 487 485
f 474 488 476
f 474 486 488
f 479 489 477
f 477 489 487
f 476 490 478
f 476 488 490
f 480 491 479
f 479 491 489
f 478 492 480
f 480 492 491
f 478 490 492
f 482 493 481
f 485 494 482
f 482 494 493
f 481 495 483
f 481 493 495
f 483 496 484
f 483 495 496
f 487 497 485
f 485 497 494
f 484 498 486
f 484 496 498
f 489 499 487
f 487 499 497
f 486 500 488
f 486 498 500
f 491 501 489
f 489 501 499
f 488 502 490
f 488 500 502
f 492 503 491
f 491 503 501
f 490 504 492
f 492 504 503
f 490 502 504
f 494 505 493
f 497 506 494
f 494 506 505
f 493 507 495
f 493 505 507
f 495 508 496
f 495 507 508
f 499 509 497
f 497 509 506
f 496 510 498
f 496 508 510
f 501 511 499
f 499 511 509
f 498 512 500
f 498 510 512
f 503 513 501
f 501 513 511
f 500 514 502
f 500 512 514
f 504 515 503
f 503 515 513
f 502 516 504
f 504 516 515
f 502 514 516
f 506 517 505
f 509 518 506
f 506 518 517
f 505 519 507
f 505 517 519
f 507 520 508
f 507 519 520
f 511 521 509
f 509 521 518
f 508 522 510
f 508 520 522
f 513 523 511
f 511 523 521
f 510 524 512
f 510 522 524
f 515 525 513
f 513 525 523
f 512 526 514
f 512 524 526
f 516 527 515
f 515 527 525
f 514 528 516
f 516 528 527
f 514 526 528
f 518 529 517
f 517 530 519
f 517 529 530
f 521 531 518
f 518 531 529
f 519 532 520
f 519 530 532
f 523 533 521
f 521 533 531
f 520 534 522
f 520 532 534
f 525 535 523
f 523 535 533
f 522 536 524
f 522 534 536
f 527 537 525
f 525 537 535
f 524 538 526
f 524 536 538
f 528 539 527
f 527 539 537
f 526 540 528
f 528 540 539
f 526 538 540
f 531 541 529
f 529 542 530
f 529 541 542
f 533 543 531
f 531 543 541
f 530 544 532
f 530 542 544
f 535 545 533
f 533 545 543
f 532 546 534
f 532 544 546
f 537 547 535
f 535 547 545
f 534 548 536
f 534 546 548
f 539 549 537
f 537 549 547
f 536 550 538
f 536 548 550
f 540 551 539
f 539 551 549
f 538 552 540
f 538 550 552
f 540 552 551
f 543 553 541
f 545 554 543
f 543 554 553
f 541 555 542
f 541 553 555
f 542 556 544
f 542 555 556
f 544 557 546
f 544 556 557
f 547 558 545
f 545 558 554
f 546 559 548
f 546 557 559
f 549 560 547
f 547 560 558
f 548 561 550
f 548 559 561
f 551 562 549
f 549 562 560
f 550 563 552
f 550 561 563
f 552 564 551
f 551 564 562
f 552 563 564
f 553 565 555
f 554 566 553
f 553 566 565
f 555 567 556
f 555 565 567
f 558 568 554
f 554 568 566
f 556 569 557
f 556 567 569
f 560 570 558
f 558 570 568
f 557 571 559
f 557 569 571
f 562 572 560
f 560 572 570
f 559 573 561
f 559 571 573
f 564 574 562
f 562 574 572
f 563 575 564
f 564 575 574
f 561 576 563
f 563 576 575
f 561 573 576
f 568 577 566
f 570 578 568
f 568 578 577
f 566 579 565
f 566 577 579
f 565 580 567
f 565 579 580
f 567 581 569
f 567 580 581
f 572 582 570
f 570 582 578
f 569 583 571
f 569 581 583
f 574 584 572
f 572 584 582
f 571 585 573
f 571 583 585
f 575 586 574
f 574 586 584
f 576 587 575
f 575 587 586
f 573 588 576
f 576 588 587
f 573 585 588
f 578 589 577
f 582 590 578
f 578 590 589
f 577 591 579
f 577 589 591
f 579 592 580
f 579 591 592
f 580 593 581
f 580 592 593
f 584 594 582
f 582 594 590
f 581 595 583
f 581 593 595
f 586 596 584
f 584 596 594
f 583 597 585
f 583 595 597
f 587 598 586
f 586 598 596
f 588 599 587
f 587 599 598
f 585 600 588
f 588 600 599
f 585 597 600
f 601 602 603
f 604 605 601
f 601 605 602
f 603 606 607
f 603 602 606
f 608 609 604
f 604 609 605
f 607 610 611
f 607 606 610
f 608 612 609
f 613 612 608
f 611 614 615
f 611 610 614
f 605 616 602
f 609 617 605
f 605 617 616
f 602 618 606
f 602 616 618
f 612 619 609
f 609 619 617
f 613 620 612
f 621 620 613
f 606 622 610
f 606 618 622
f 615 623 624
f 615 614 623
f 620 625 612
f 612 625 619
f 626 627 621
f 621 627 620
f 610 628 614
f 610 622 628
f 624 629 630
f 624 623 629
f 630 631 626
f 626 631 627
f 627 632 620
f 620 632 625
f 630 629 631
f 617 633 616
f 619 634 617
f 617 634 633
f 614 635 623
f 614 628 635
f 616 636 618
f 616 633 636
f 625 637 619
f 619 637 634
f 631 638 627
f 627 638 632
f 618 639 622
f 618 636 639
f 623 640 629
f 623 635 640
f 632 641 625
f 625 641 637
f 629 642 631
f 631 642 638
f 629 640 642
f 622 643 628
f 622 639 643
f 638 644 632
f 632 644 641
f 628 645 635
f 628 643 645
f 642 646 638
f 638 646 644
f 634 647 633
f 637 648 634
f 634 648 647
f 633 649 636
f 633 647 649
f 635 650 640
f 635 645 650
f 641 651 637
f 637 651 648
f 640 652 642
f 642 652 646
f 640 650 652
f 636 653 639
f 636 649 653
f 644 654 641
f 641 654 651
f 639 655 643
f 639 653 655
f 646 656 644
f 644 656 654
f 643 657 645
f 643 655 657
f 652 658 646
f 646 658 656
f 645 659 650
f 645 657 659
f 650 660 652
f 652 660 658
f 650 659 660
f 648 661 647
f 651 662 648
f 648 662 661
f 647 663 649
f 647 661 663
f 654 664 651
f 651 664 662
f 649 665 653
f 649 663 665
f 656 666 654
f 654 666 664
f 653 667 655
f 653 665 667
f 658 668 656
f 656 668 666
f 655 669 657
f 655 667 669
f 660 670 658
f 658 670 668
f 657 671 659
f 657 669 671
f 659 672 660
f 660 672 670
f 659 671 672
f 662 673 661
f 664 674 662
f 662 674 673
f 661 675 663
f 661 673 675
f 666 676 664
f 664 676 674
f 663 677 665
f 663 675 677
f 668 678 666
f 666 678 676
f 665 679 667
f 665 677 679
f 670 680 668
f 668 680 678
f 667 681 669
f 667 679 681
f 672 682 670
f 670 682 680
f 669 683 671
f 669 681 683
f 671 684 672
f 672 684 682
f 671 683 684
f 674 685 673
f 676 686 674
f 674 686 685
f 673 687 675
f 673 685 687
f 678 688 676
f 676 688 686
f 675 689 677
f 675 687 689
f 680 690 678
f 678 690 688
f 677 691 679
f 677 689 691
f 682 692 680
f 680 692 690
f 679 693 681
f 679 691 693
f 684 694 682
f 682 694 692
f 681 695 683
f 681 693 695
f 683 696 684
f 684 696 694
f 683 695 696
f 686 697 685
f 688 698 686
f 686 698 697
f 685 699 687
f 685 697 699
f 690 700 688
f 688 700 698
f 687 701 689
f 687 699 701
f 692 702 690
f 690 702 700
f 689 703 691
f 689 701 703
f 694 704 692
f 692 704 702
f 691 705 693
f 691 703 705
f 696 706 694
f 694 706 704
f 693 707 695
f 693 705 707
f 695 708 696
f 696 708 706
f 695 707 708
f 698 709 697
f 700 710 698
f 698 710 709
f 697 711 699
f 697 709 711
f 702 712 700
f 700 712 710
f 699 713 701
f 699 711 713
f 704 714 702
f 702 714 712
f 701 715 703
f 701 713 715
f 706 716 704
f 704 716 714
f 703 717 705
f 703 715 717
f 708 718 706
f 706 718 716
f 707 719 708
f 708 719 718
f 705 720 707
f 707 720 719
f 705 717 720
f 710 721 709
f 712 722 710
f 710 722 721
f 709 723 711
f 709 721 723
f 714 724 712
f 712 724 722
f 711 725 713
f 711 723 725
f 716 726 714
f 714 726 724
f 713 727 715
f 713 725 727
f 718 728 716
f 716 728 726
f 715 729 717
f 715 727 729
f 719 730 718
f 718 730 728
f 717 731 720
f 717 729 731
f 720 732 719
f 719 732 730
f 720 731 732
f 722 733 721
f 724 734 722
f 722 734 733
f 721 735 723
f 721 733 735
f 726 736 724
f 724 736 734
f 723 737 725
f 723 735 737
f 728 738 726
f 726 738 736
f 725 739 727
f 725 737 739
f 730 740 728
f 728 740 738
f 727 741 729
f 727 739 741
f 732 742 730
f 730 742 740
f 729 743 731
f 729 741 743
f 731 744 732
f 732 744 742
f 731 743 744
f 734 745 733
f 736 746 734
f 734 746 745
f 733 747 735
f 733 745 747
f 738 748 736
f 736 748 746
f 735 749 737
f 735 747 749
f 740 750 738
f 738 750 748
f 737 751 739
f 737 749 751
f 742 752 740
f 740 752 750
f 739 753 741
f 739 751 753
f 744 754 742
f 742 754 752
f 741 755 743
f 741 753 755
f 743 756 744
f 744 756 754
f 743 755 756
f 746 757 745
f 748 758 746
f 746 758 757
f 745 759 747
f 745 757 759
f 750 760 748
f 748 760 758
f 747 761 749
f 747 759 761
f 752 762 750
f 750 762 760
f 749 763 751
f 749 761 763
f 754 764 752
f 752 764 762
f 751 765 753
f 751 763 765
f 756 766 754
f 754 766 764
f 753 767 755
f 753 765 767
f 755 768 756
f 756 768 766
f 755 767 768
f 758 769 757
f 760 770 758
f 758 770 769
f 757 771 759
f 757 769 771
f 762 772 760
f 760 772 770
f 759 773 761
f 759 771 773
f 764 774 762
f 762 774 772
f 761 775 763
f 761 773 775
f 766 776 764
f 764 776 774
f 763 777 765
f 763 775 777
f 768 778 766
f 766 778 776
f 765 779 767
f 765 777 779
f 767 780 768
f 768 780 778
f 767 779 780
f 770 781 769
f 772 782 770
f 770 782 781
f 769 783 771
f 769 781 783
f 774 784 772
f 772 784 782
f 771 785 773
f 771 783 785
f 773 786 775
f 773 785 786
f 776 787 774
f 774 787 784
f 778 788 776
f 776 788 787
f 775 789 777
f 775 786 789
f 780 790 778
f 778 790 788
f 777 791 779
f 777 789 791
f 779 792 780
f 780 792 790
f 779 791 792
f 782 793 781
f 784 794 782
f 782 794 793
f 781 795 783
f 781 793 795
f 787 796 784
f 784 796 794
f 783 797 785
f 783 795 797
f 785 798 786
f 785 797 798
f 788 799 787
f 787 799 796
f 790 800 788
f 788 800 799
f 786 801 789
f 786 798 801
f 792 802 790
f 790 802 800
f 789 803 791
f 789 801 803
f 791 804 792
f 792 804 802
f 791 803 804
f 794 805 793
f 796 806 794
f 794 806 805
f 793 807 795
f 793 805 807
f 795 808 797
f 795 807 808
f 799 809 796
f 796 809 806
f 800 810 799
f 799 810 809
f 797 811 798
f 797 808 811
f 798 812 801
f 798 811 812
f 802 813 800
f 800 813 810
f 804 814 802
f 802 814 813
f 801 815 803
f 801 812 815
f 803 816 804
f 804 816 814
f 803 815 816
f 806 817 805
f 809 818 806
f 806 818 817
f 805 819 807
f 805 817 819
f 807 820 808
f 807 819 820
f 810 821 809
f 809 821 818
f 808 822 811
f 808 820 822
f 813 823 810
f 810 823 821
f 811 824 812
f 811 822 824
f 814 825 813
f 813 825 823
f 812 826 815
f 812 824 826
f 816 827 814
f 814 827 825
f 815 828 816
f 816 828 827
f 815 826 828
f 821 829 818
f 823 830 821
f 821 830 829
f 818 831 817
f 818 829 831
f 817 832 819
f 817 831 832
f 819 833 820
f 819 832 833
f 820 834 822
f 820 833 834
f 825 835 823
f 823 835 830
f 822 836 824
f 822 834 836
f 827 837 825
f 825 837 835
f 824 838 826
f 824 836 838
f 828 839 827
f 827 839 837
f 826 840 828
f 828 840 839
f 826 838 840
f 829 841 831
f 830 842 829
f 829 842 841
f 831 843 832
f 831 841 843
f 832 844 833
f 832 843 844
f 835 845 830
f 830 845 842
f 833 846 834
f 833 844 846
f 837 847 835
f 835 847 845
f 834 848 836
f 834 846 848
f 839 849 837
f 837 849 847
f 836 850 838
f 836 848 850
f 840 851 839
f 839 851 849
f 838 852 840
f 840 852 851
f 838 850 852
f 842 853 841
f 845 854 842
f 842 854 853
f 841 855 843
f 841 853 855
f 843 856 844
f 843 855 856
f 847 857 845
f 845 857 854
f 844 858 846
f 844 856 858
f 849 859 847
f 847 859 857
f 846 860 848
f 846 858 860
f 851 861 849
f 849 861 859
f 852 862 851
f 851 862 861
f 850 863 852
f 852 863 862
f 848 864 850
f 850 864 863
f 848 860 864
f 854 865 853
f 857 866 854
f 854 866 865
f 853 867 855
f 853 865 867
f 855 868 856
f 855 867 868
f 859 869 857
f 857 869 866
f 856 870 858
f 856 868 870
f 861 871 859
f 859 871 869
f 858 872 860
f 858 870 872
f 862 873 861
f 861 873 871
f 860 874 864
f 860 872 874
f 863 875 862
f 862 875 873
f 864 876 863
f 863 876 875
f 864 874 876
f 869 877 866
f 871 878 869
f 869 878 877
f 866 879 865
f 866 877 879
f 865 880 867
f 865 879 880
f 867 881 868
f 867 880 881
f 868 882 870
f 868 881 882
f 870 883 872
f 870 882 883
f 873 884 871
f 871 884 878
f 875 885 873
f 873 885 884
f 876 886 875
f 875 886 885
f 874 887 876
f 876 887 886
f 872 888 874
f 874 888 887
f 872 883 888
f 878 889 877
f 877 890 879
f 877 889 890
f 884 891 878
f 878 891 889
f 885 892 884
f 884 892 891
f 879 893 880
f 879 890 893
f 886 894 885
f 885 894 892
f 880 895 881
f 880 893 895
f 887 896 886
f 886 896 894
f 881 897 882
f 881 895 897
f 888 898 887
f 887 898 896
f 882 899 883
f 882 897 899
f 883 900 888
f 883 899 900
f 888 900 898
f 901 902 903
f 904 905 902
f 904 902 901
f 906 903 907
f 901 903 906
f 908 907 909
f 906 907 908
f 910 909 911
f 908 909 910
f 912 911 913
f 910 911 912
f 914 913 915
f 912 913 914
f 916 917 905
f 916 905 904
f 918 919 917
f 918 917 916
f 920 921 919
f 920 919 918
f 922 923 921
f 922 921 920
f 924 915 923
f 924 923 922
f 914 915 924
f 925 906 908
f 926 908 910
f 925 908 926
f 927 901 906
f 927 906 925
f 928 904 901
f 928 901 927
f 929 916 904
f 929 904 928
f 930 910 912
f 926 910 930
f 931 918 916
f 931 916 929
f 932 912 914
f 930 912 932
f 933 920 918
f 933 918 931
f 934 914 924
f 932 914 934
f 935 924 922
f 934 924 935
f 936 922 920
f 935 922 936
f 936 920 933
f 937 927 925
f 938 925 926
f 937 925 938
f 939 928 927
f 939 927 937
f 940 929 928
f 940 928 939
f 941 926 930
f 938 926 941
f 942 930 932
f 941 930 942
f 943 931 929
f 943 929 940
f 944 933 931
f 944 931 943
f 945 932 934
f 942 932 945
f 946 936 933
f 946 933 944
f 947 934 935
f 945 934 947
f 948 935 936
f 947 935 948
f 948 936 946
f 949 937 938
f 950 938 941
f 949 938 950
f 951 939 937
f 951 937 949
f 952 940 939
f 952 939 951
f 953 943 940
f 953 940 952
f 954 944 943
f 954 943 953
f 955 941 942
f 950 941 955
f 956 946 944
f 956 944 954
f 957 942 945
f 955 942 957
f 958 945 947
f 957 945 958
f 959 947 948
f 958 947 959
f 960 948 946
f 959 948 960
f 960 946 956
f 961 952 951
f 962 951 949
f 961 951 962
f 963 953 952
f 963 952 961
f 964 949 950
f 962 949 964
f 965 954 953
f 965 953 963
f 966 950 955
f 964 950 966
f 967 956 954
f 967 954 965
f 968 955 957
f 966 955 968
f 969 960 956
f 969 956 967
f 970 957 958
f 968 957 970
f 971 959 960
f 971 960 969
f 972 958 959
f 970 958 972
f 972 959 971
f 973 961 962
f 974 962 964
f 973 962 974
f 975 963 961
f 975 961 973
f 976 965 963
f 976 963 975
f 977 964 966
f 974 964 977
f 978 967 965
f 978 965 976
f 979 966 968
f 977 966 979
f 980 969 967
f 980 967 978
f 981 968 970
f 979 968 981
f 982 971 969
f 982 969 980
f 983 970 972
f 981 970 983
f 984 972 971
f 983 972 984
f 984 971 982
f 985 973 974
f 986 975 973
f 986 973 985
f 987 974 977
f 985 974 987
f 988 976 975
f 988 975 986
f 989 977 979
f 987 977 989
f 990 978 976
f 990 976 988
f 991 979 981
f 989 979 991
f 992 980 978
f 992 978 990
f 993 981 983
f 991 981 993
f 994 982 980
f 994 980 992
f 995 983 984
f 993 983 995
f 996 984 982
f 996 982 994
f 995 984 996
f 997 985 987
f 998 986 985
f 998 985 997
f 999 987 989
f 997 987 999
f 1000 988 986
f 1000 986 998
f 1001 989 991
f 999 989 1001
f 1002 990 988
f 1002 988 1000
f 1003 991 993
f 1001 991 1003
f 1004 992 990
f 1004 990 1002
f 1005 993 995
f 1003 993 1005
f 1006 994 992
f 1006 992 1004
f 1007 995 996
f 1005 995 1007
f 1008 996 994
f 1008 994 1006
f 1007 996 1008
f 1009 997 999
f 1010 998 997
f 1010 997 1009
f 1011 999 1001
f 1009 999 1011
f 1012 1000 998
f 1012 998 1010
f 1013 1001 1003
f 1011 1001 1013
f 1014 1002 1000
f 1014 1000 1012
f 1015 1003 1005
f 1013 1003 1015
f 1016 1004 1002
f 1016 1002 1014
f 1017 1005 1007
f 1015 1005 1017
f 1018 1006 1004
f 1018 1004 1016
f 1019 1007 1008
f 1017 1007 1019
f 1020 1008 1006
f 1020 1006 1018
f 1019 1008 1020
f 1021 1009 1011
f 1022 1010 1009
f 1022 1009 1021
f 1023 1011 1013
f 1021 1011 1023
f 1024 1012 1010
f 1024 1010 1022
f 1025 1014 1012
f 1025 1012 1024
f 1026 1013 1015
f 1023 1013 1026
f 1027 1016 1014
f 1027 1014 1025
f 1028 1015 1017
f 1026 1015 1028
f 1029 1017 1019
f 1028 1017 1029
f 1030 1018 1016
f 1030 1016 1027
f 1031 1019 1020
f 1029 1019 1031
f 1032 1020 1018
f 1031 1020 1032
f 1032 1018 1030
f 1033 1021 1023
f 1034 1022 1021
f 1034 1021 1033
f 1035 1023 1026
f 1033 1023 1035
f 1036 1024 1022
f 1036 1022 1034
f 1037 1025 1024
f 1037 1024 1036
f 1038 1026 1028
f 1035 1026 1038
f 1039 1027 1025
f 1039 1025 1037
f 1040 1028 1029
f 1038 1028 1040
f 1041 1030 1027
f 1041 1027 1039
f 1042 1029 1031
f 1040 1029 1042
f 1043 1031 1032
f 1042 1031 1043
f 1044 1032 1030
f 1044 1030 1041
f 1043 1032 1044
f 1045 1033 1035
f 1046 1034 1033
f 1046 1033 1045
f 1047 1035 1038
f 1045 1035 1047
f 1048 1036 1034
f 1048 1034 1046
f 1049 1037 1036
f 1049 1036 1048
f 1050 1038 1040
f 1047 1038 1050
f 1051 1039 1037
f 1051 1037 1049
f 1052 1040 1042
f 1050 1040 1052
f 1053 1042 1043
f 1052 1042 1053
f 1054 1041 1039
f 1054 1039 1051
f 1055 1043 1044
f 1053 1043 1055
f 1056 1044 1041
f 1056 1041 1054
f 1055 1044 1056
f 1057 1045 1047
f 1058 1046 1045
f 1058 1045 1057
f 1059 1047 1050
f 1057 1047 1059
f 1060 1048 1046
f 1060 1046 1058
f 1061 1050 1052
f 1059 1050 1061
f 1062 1049 1048
f 1062 1048 1060
f 1063 1052 1053
f 1061 1052 1063
f 1064 1051 1049
f 1064 1049 1062
f 1065 1053 1055
f 1063 1053 1065
f 1066 1054 1051
f 1066 1051 1064
f 1067 1055 1056
f 1065 1055 1067
f 1068 1056 1054
f 1068 1054 1066
f 1067 1056 1068
f 1069 1057 1059
f 1070 1058 1057
f 1070 1057 1069
f 1071 1059 1061
f 1069 1059 1071
f 1072 1060 1058
f 1072 1058 1070
f 1073 1061 1063
f 1071 1061 1073
f 1074 1062 1060
f 1074 1060 1072
f 1075 1063 1065
f 1073 1063 1075
f 1076 1064 1062
f 1076 1062 1074
f 1077 1065 1067
f 1075 1065 1077
f 1078 1066 1064
f 1078 1064 1076
f 1079 1067 1068
f 1077 1067 1079
f 1080 1068 1066
f 1080 1066 1078
f 1079 1068 1080
f 1081 1069 1071
f 1082 1070 1069
f 1082 1069 1081
f 1083 1071 1073
f 1081 1071 1083
f 1084 1072 1070
f 1084 1070 1082
f 1085 1073 1075
f 1083 1073 1085
f 1086 1074 1072
f 1086 1072 1084
f 1087 1075 1077
f 1085 1075 1087
f 1088 1076 1074
f 1088 1074 1086
f 1089 1077 1079
f 1087 1077 1089
f 1090 1078 1076
f 1090 1076 1088
f 1091 1079 1080
f 1089 1079 1091
f 1092 1080 1078
f 1092 1078 1090
f 1091 1080 1092
f 1093 1081 1083
f 1094 1082 1081
f 1094 1081 1093
f 1095 1083 1085
f 1093 1083 1095
f 1096 1084 1082
f 1096 1082 1094
f 1097 1085 1087
f 1095 1085 1097
f 1098 1086 1084
f 1098 1084 1096
f 1099 1087 1089
f 1097 1087 1099
f 1100 1088 1086
f 1100 1086 1098
f 1101 1089 1091
f 1099 1089 1101
f 1102 1090 1088
f 1102 1088 1100
f 1103 1091 1092
f 1101 1091 1103
f 1104 1092 1090
f 1104 1090 1102
f 1103 1092 1104
f 1105 1093 1095
f 1106 1094 1093
f 1106 1093 1105
f 1107 1095 1097
f 1105 1095 1107
f 1108 1096 1094
f 1108 1094 1106
f 1109 1097 1099
f 1107 1097 1109
f 1110 1098 1096
f 1110 1096 1108
f 1111 1099 1101
f 1109 1099 1111
f 1112 1100 1098
f 1112 1098 1110
f 1113 1101 1103
f 1111 1101 1113
f 1114 1102 1100
f 1114 1100 1112
f 1115 1103 1104
f 1113 1103 1115
f 1116 1104 1102
f 1115 1104 1116
f 1116 1102 1114
f 1117 1105 1107
f 1118 1106 1105
f 1118 1105 1117
f 1119 1107 1109
f 1117 1107 1119
f 1120 1108 1106
f 1120 1106 1118
f 1121 1110 1108
f 1121 1108 1120
f 1122 1109 1111
f 1119 1109 1122
f 1123 1112 1110
f 1123 1110 1121
f 1124 1111 1113
f 1122 1111 1124
f 1125 1114 1112
f 1125 1112 1123
f 1126 1113 1115
f 1124 1113 1126
f 1127 1115 1116
f 1126 1115 1127
f 1128 1116 1114
f 1128 1114 1125
f 1127 1116 1128
f 1129 1118 1117
f 1130 1117 1119
f 1129 1117 1130
f 1131 1120 1118
f 1131 1118 1129
f 1132 1119 1122
f 1130 1119 1132
f 1133 1121 1120
f 1133 1120 1131
f 1134 1122 1124
f 1132 1122 1134
f 1135 1123 1121
f 1135 1121 1133
f 1136 1124 1126
f 1134 1124 1136
f 1137 1125 1123
f 1137 1123 1135
f 1138 1126 1127
f 1136 1126 1138
f 1139 1128 1125
f 1139 1125 1137
f 1140 1127 1128
f 1138 1127 1140
f 1140 1128 1139
f 1141 1131 1129
f 1142 1129 1130
f 1141 1129 1142
f 1143 1133 1131
f 1143 1131 1141
f 1144 1130 1132
f 1142 1130 1144
f 1145 1135 1133
f 1145 1133 1143
f 1146 1132 1134
f 1144 1132 1146
f 1147 1137 1135
f 1147 1135 1145
f 1148 1134 1136
f 1146 1134 1148
f 1149 1139 1137
f 1149 1137 1147
f 1150 1136 1138
f 1148 1136 1150
f 1151 1140 1139
f 1151 1139 1149
f 1152 1138 1140
f 1150 1138 1152
f 1152 1140 1151
f 1153 1143 1141
f 1154 1141 1142
f 1153 1141 1154
f 1155 1145 1143
f 1155 1143 1153
f 1156 1142 1144
f 1154 1142 1156
f 1157 1147 1145
f 1157 1145 1155
f 1158 1144 1146
f 1156 1144 1158
f 1159 1149 1147
f 1159 1147 1157
f 1160 1146 1148
f 1158 1146 1160
f 1161 1151 1149
f 1161 1149 1159
f 1162 1148 1150
f 1160 1148 1162
f 1163 1152 1151
f 1163 1151 1161
f 1164 1150 1152
f 1162 1150 1164
f 1164 1152 1163
f 1165 1153 1154
f 1166 1155 1153
f 1166 1153 1165
f 1167 1154 1156
f 1165 1154 1167
f 1168 1157 1155
f 1168 1155 1166
f 1169 1156 1158
f 1167 1156 1169
f 1170 1159 1157
f 1170 1157 1168
f 1171 1158 1160
f 1169 1158 1171
f 1172 1161 1159
f 1172 1159 1170
f 1173 1160 1162
f 1171 1160 1173
f 1174 1163 1161
f 1174 1161 1172
f 1175 1162 1164
f 1173 1162 1175
f 1176 1164 1163
f 1176 1163 1174
f 1175 1164 1176
f 1177 1166 1165
f 1178 1165 1167
f 1177 1165 1178
f 1179 1168 1166
f 1179 1166 1177
f 1180 1167 1169
f 1178 1167 1180
f 1181 1170 1168
f 1181 1168 1179
f 1182 1169 1171
f 1180 1169 1182
f 1183 1172 1170
f 1183 1170 1181
f 1184 1171 1173
f 1182 1171 1184
f 1185 1174 1172
f 1185 1172 1183
f 1186 1173 1175
f 1184 1173 1186
f 1187 1176 1174
f 1187 1174 1185
f 1188 1175 1176
f 1186 1175 1188
f 1188 1176 1187
f 1189 1177 1178
f 1190 1178 1180
f 1189 1178 1190
f 1191 1179 1177
f 1191 1177 1189
f 1192 1180 1182
f 1190 1180 1192
f 1193 1181 1179
f 1193 1179 1191
f 1194 1182 1184
f 1192 1182 1194
f 1195 1183 1181
f 1195 1181 1193
f 1196 1184 1186
f 1194 1184 1196
f 1197 1185 1183
f 1197 1183 1195
f 1198 1186 1188
f 1196 1186 1198
f 1199 1187 1185
f 1199 1185 1197
f 1200 1188 1187
f 1200 1187 1199
f 1198 1188 1200
f 1201 1189 1190
f 1202 1190 1192
f 1201 1190 1202
f 1203 1191 1189
f 1203 1189 1201
f 1204 1192 1194
f 1202 1192 1204
f 1205 1193 1191
f 1205 1191 1203
f 1204 1194 1206
f 1206 1194 1196
f 1207 1195 1193
f 1207 1193 1205
f 1208 1201 1202
f 1209 1202 1204
f 1208 1202 1209
f 1210 1203 1201
f 1210 1201 1208
f 1211 1204 1206
f 1209 1204 1211
f 1206 1196 1212
f 1212 1196 1198
f 1213 1197 1195
f 1213 1195 1207
f 1214 1205 1203
f 1214 1203 1210
f 1215 1206 1212
f 1211 1206 1215
f 1216 1198 1200
f 1212 1198 1216
f 1217 1207 1205
f 1217 1205 1214
f 1218 1199 1197
f 1218 1197 1213
f 1219 1200 1199
f 1216 1200 1219
f 1219 1199 1218
f 1220 1212 1216
f 1215 1212 1220
f 1221 1213 1207
f 1221 1207 1217
f 1222 1216 1219
f 1220 1216 1222
f 1223 1208 1209
f 1224 1209 1211
f 1223 1209 1224
f 1225 1210 1208
f 1225 1208 1223
f 1226 1218 1213
f 1226 1213 1221
f 1227 1211 1215
f 1224 1211 1227
f 1228 1219 1218
f 1222 1219 1228
f 1228 1218 1226
f 1229 1214 1210
f 1229 1210 1225
f 1230 1215 1220
f 1227 1215 1230
f 1231 1217 1214
f 1231 1214 1229
f 1232 1220 1222
f 1230 1220 1232
f 1233 1221 1217
f 1233 1217 1231
f 1234 1222 1228
f 1232 1222 1234
f 1235 1226 1221
f 1235 1221 1233
f 1236 1228 1226
f 1234 1228 1236
f 1236 1226 1235
f 1237 1223 1224
f 1238 1224 1227
f 1237 1224 1238
f 1239 1225 1223
f 1239 1223 1237
f 1240 1227 1230
f 1238 1227 1240
f 1241 1229 1225
f 1241 1225 1239
f 1242 1230 1232
f 1240 1230 1242
f 1243 1231 1229
f 1243 1229 1241
f 1244 1232 1234
f 1242 1232 1244
f 1245 1233 1231
f 1245 1231 1243
f 1246 1234 1236
f 1244 1234 1246
f 1247 1235 1233
f 1247 1233 1245
f 1248 1236 1235
f 1246 1236 1248
f 1248 1235 1247
f 1249 1237 1238
f 1250 1238 1240
f 1249 1238 1250
f 1251 1239 1237
f 1251 1237 1249
f 1252 1240 1242
f 1250 1240 1252
f 1253 1241 1239
f 1253 1239 1251
f 1254 1242 1244
f 1252 1242 1254
f 1255 1243 1241
f 1255 1241 1253
f 1256 1244 1246
f 1254 1244 1256
f 1257 1245 1243
f 1257 1243 1255
f 1258 1246 1248
f 1256 1246 1258
f 1259 1247 1245
f 1259 1245 1257
f 1260 1248 1247
f 1258 1248 1260
f 1260 1247 1259
f 1261 1250 1252
f 1262 1249 1250
f 1262 1250 1261
f 1263 1252 1254
f 1261 1252 1263
f 1264 1251 1249
f 1264 1249 1262
f 1265 1254 1256
f 1263 1254 1265
f 1266 1253 1251
f 1266 1251 1264
f 1267 1256 1258
f 1265 1256 1267
f 1268 1255 1253
f 1268 1253 1266
f 1269 1258 1260
f 1267 1258 1269
f 1270 1257 1255
f 1270 1255 1268
f 1271 1260 1259
f 1269 1260 1271
f 1272 1259 1257
f 1272 1257 1270
f 1271 1259 1272
f 1273 1261 1263
f 1274 1262 1261
f 1274 1261 1273
f 1275 1263 1265
f 1273 1263 1275
f 1276 1264 1262
f 1276 1262 1274
f 1277 1265 1267
f 1275 1265 1277
f 1278 1266 1264
f 1278 1264 1276
f 1279 1267 1269
f 1277 1267 1279
f 1280 1268 1266
f 1280 1266 1278
f 1281 1269 1271
f 1279 1269 1281
f 1282 1270 1268
f 1282 1268 1280
f 1283 1271 1272
f 1281 1271 1283
f 1284 1272 1270
f 1284 1270 1282
f 1283 1272 1284
f 1285 1273 1275
f 1286 1274 1273
f 1286 1273 1285
f 1287 1275 1277
f 1285 1275 1287
f 1288 1276 1274
f 1288 1274 1286
f 1289 1277 1279
f 1287 1277 1289
f 1290 1278 1276
f 1290 1276 1288
f 1291 1279 1281
f 1289 1279 1291
f 1292 1280 1278
f 1292 1278 1290
f 1293 1281 1283
f 1291 1281 1293
f 1294 1282 1280
f 1294 1280 1292
f 1295 1283 1284
f 1293 1283 1295
f 1296 1284 1282
f 1296 1282 1294
f 1295 1284 1296
f 1297 1285 1287
f 1298 1286 1285
f 1298 1285 1297
f 1299 1287 1289
f 1297 1287 1299
f 1300 1288 1286
f 1300 1286 1298
f 1301 1289 1291
f 1299 1289 1301
f 1302 1290 1288
f 1302 1288 1300
f 1303 1291 1293
f 1301 1291 1303
f 1304 1292 1290
f 1304 1290 1302
f 1305 1293 1295
f 1303 1293 1305
f 1306 1294 1292
f 1306 1292 1304
f 1307 1295 1296
f 1305 1295 1307
f 1308 1296 1294
f 1308 1294 1306
f 1307 1296 1308
f 1309 1297 1299
f 1310 1299 1301
f 1309 1299 1310
f 1311 1298 1297
f 1311 1297 1309
f 1312 1301 1303
f 1310 1301 1312
f 1313 1300 1298
f 1313 1298 1311
f 1314 1303 1305
f 1312 1303 1314
f 1315 1302 1300
f 1315 1300 1313
f 1316 1305 1307
f 1314 1305 1316
f 1317 1304 1302
f 1317 1302 1315
f 1318 1307 1308
f 1316 1307 1318
f 1319 1306 1304
f 1319 1304 1317
f 1320 1308 1306
f 1318 1308 1320
f 1320 1306 1319
f 1321 1309 1310
f 1322 1310 1312
f 1321 1310 1322
f 1323 1311 1309
f 1323 1309 1321
f 1324 1312 1314
f 1322 1312 1324
f 1325 1313 1311
f 1325 1311 1323
f 1326 1314 1316
f 1324 1314 1326
f 1327 1315 1313
f 1327 1313 1325
f 1328 1316 1318
f 1326 1316 1328
f 1329 1317 1315
f 1329 1315 1327
f 1330 1318 1320
f 1328 1318 1330
f 1331 1319 1317
f 1331 1317 1329
f 1332 1321 1322
f 1333 1322 1324
f 1332 1322 1333
f 1334 1320 1319
f 1330 1320 1334
f 1335 1323 1321
f 1335 1321 1332
f 1334 1319 1331
f 1336 1324 1326
f 1333 1324 1336
f 1337 1325 1323
f 1337 1323 1335
f 1338 1326 1328
f 1336 1326 1338
f 1339 1327 1325
f 1339 1325 1337
f 1340 1328 1330
f 1338 1328 1340
f 1341 1329 1327
f 1341 1327 1339
f 1342 1330 1334
f 1340 1330 1342
f 1343 1331 1329
f 1343 1329 1341
f 1344 1334 1331
f 1342 1334 1344
f 1344 1331 1343
f 1345 1346 1347
f 1348 1349 1346
f 1348 1346 1345
f 1350 1347 1351
f 1345 1347 1350
f 1352 1353 1349
f 1352 1349 1348
f 1354 1351 1355
f 1350 1351 1354
f 1356 1357 1353
f 1356 1353 1352
f 1358 1355 1359
f 1354 1355 1358
f 1360 1361 1357
f 1360 1357 1356
f 1362 1359 1363
f 1358 1359 1362
f 1364 1365 1361
f 1364 1361 1360
f 1366 1363 1367
f 1362 1363 1366
f 1368 1367 1365
f 1368 1365 1364
f 1366 1367 1368
f 1369 1345 1350
f 1370 1348 1345
f 1370 1345 1369
f 1371 1350 1354
f 1369 1350 1371
f 1372 1352 1348
f 1372 1348 1370
f 1373 1354 1358
f 1371 1354 1373
f 1374 1356 1352
f 1374 1352 1372
f 1375 1358 1362
f 1373 1358 1375
f 1376 1360 1356
f 1376 1356 1374
f 1377 1362 1366
f 1375 1362 1377
f 1378 1364 1360
f 1378 1360 1376
f 1379 1366 1368
f 1377 1366 1379
f 1380 1368 1364
f 1380 1364 1378
f 1379 1368 1380
f 1381 1369 1371
f 1382 1370 1369
f 1382 1369 1381
f 1383 1371 1373
f 1381 1371 1383
f 1384 1372 1370
f 1384 1370 1382
f 1385 1373 1375
f 1383 1373 1385
f 1386 1374 1372
f 1386 1372 1384
f 1387 1375 1377
f 1385 1375 1387
f 1388 1376 1374
f 1388 1374 1386
f 1389 1377 1379
f 1387 1377 1389
f 1390 1378 1376
f 1390 1376 1388
f 1391 1379 1380
f 1389 1379 1391
f 1392 1380 1378
f 1392 1378 1390
f 1391 1380 1392
f 1393 1381 1383
f 1394 1382 1381
f 1394 1381 1393
f 1395 1383 1385
f 1393 1383 1395
f 1396 1384 1382
f 1396 1382 1394
f 1397 1385 1387
f 1395 1385 1397
f 1398 1386 1384
f 1398 1384 1396
f 1399 1387 1389
f 1397 1387 1399
f 1400 1388 1386
f 1400 1386 1398
f 1401 1389 1391
f 1399 1389 1401
f 1402 1390 1388
f 1402 1388 1400
f 1403 1391 1392
f 1401 1391 1403
f 1404 1392 1390
f 1404 1390 1402
f 1403 1392 1404
f 1405 1393 1395
f 1406 1394 1393
f 1406 1393 1405
f 1407 1395 1397
f 1405 1395 1407
f 1408 1396 1394
f 1408 1394 1406
f 1409 1397 1399
f 1407 1397 1409
f 1410 1398 1396
f 1410 1396 1408
f 1411 1399 1401
f 1409 1399 1411
f 1412 1400 1398
f 1412 1398 1410
f 1413 1401 1403
f 1411 1401 1413
f 1414 1402 1400
f 1414 1400 1412
f 1415 1403 1404
f 1413 1403 1415
f 1416 1404 1402
f 1416 1402 1414
f 1415 1404 1416
f 1417 1405 1407
f 1418 1406 1405
f 1418 1405 1417
f 1419 1407 1409
f 1417 1407 1419
f 1420 1409 1411
f 1419 1409 1420
f 1421 1408 1406
f 1421 1406 1418
f 1422 1411 1413
f 1420 1411 1422
f 1423 1410 1408
f 1423 1408 1421
f 1424 1413 1415
f 1422 1413 1424
f 1425 1412 1410
f 1425 1410 1423
f 1426 1415 1416
f 1424 1415 1426
f 1427 1414 1412
f 1427 1412 1425
f 1428 1416 1414
f 1428 1414 1427
f 1426 1416 1428
f 1429 1419 1420
f 1430 1417 1419
f 1430 1419 1429
f 1431 1420 1422
f 1429 1420 1431
f 1432 1418 1417
f 1432 1417 1430
f 1433 1422 1424
f 1431 1422 1433
f 1434 1421 1418
f 1434 1418 1432
f 1435 1424 1426
f 1433 1424 1435
f 1436 1423 1421
f 1436 1421 1434
f 1437 1426 1428
f 1435 1426 1437
f 1438 1425 1423
f 1438 1423 1436
f 1439 1428 1427
f 1437 1428 1439
f 1440 1427 1425
f 1440 1425 1438
f 1439 1427 1440
f 1441 1431 1433
f 1442 1429 1431
f 1442 1431 1441
f 1443 1433 1435
f 1441 1433 1443
f 1444 1430 1429
f 1444 1429 1442
f 1445 1435 1437
f 1443 1435 1445
f 1446 1432 1430
f 1446 1430 1444
f 1447 1437 1439
f 1445 1437 1447
f 1448 1434 1432
f 1448 1432 1446
f 1449 1439 1440
f 1447 1439 1449
f 1450 1436 1434
f 1450 1434 1448
f 1451 1440 1438
f 1449 1440 1451
f 1452 1438 1436
f 1452 1436 1450
f 1451 1438 1452
f 1453 1441 1443
f 1454 1443 1445
f 1453 1443 1454
f 1455 1442 1441
f 1455 1441 1453
f 1456 1445 1447
f 1454 1445 1456
f 1457 1444 1442
f 1457 1442 1455
f 1458 1447 1449
f 1456 1447 1458
f 1459 1446 1444
f 1459 1444 1457
f 1460 1449 1451
f 1458 1449 1460
f 1461 1448 1446
f 1461 1446 1459
f 1462 1451 1452
f 1460 1451 1462
f 1463 1450 1448
f 1463 1448 1461
f 1464 1452 1450
f 1462 1452 1464
f 1464 1450 1463
f 1465 1454 1456
f 1466 1453 1454
f 1466 1454 1465
f 1467 1456 1458
f 1465 1456 1467
f 1468 1455 1453
f 1468 1453 1466
f 1469 1458 1460
f 1467 1458 1469
f 1470 1457 1455
f 1470 1455 1468
f 1471 1460 1462
f 1469 1460 1471
f 1472 1459 1457
f 1472 1457 1470
f 1473 1462 1464
f 1471 1462 1473
f 1474 1461 1459
f 1474 1459 1472
f 1475 1464 1463
f 1473 1464 1475
f 1476 1463 1461
f 1476 1461 1474
f 1475 1463 1476
f 1477 1465 1467
f 1478 1466 1465
f 1478 1465 1477
f 1479 1467 1469
f 1477 1467 1479
f 1480 1469 1471
f 1479 1469 1480
f 1481 1468 1466
f 1481 1466 1478
f 1482 1470 1468
f 1482 1468 1481
f 1483 1471 1473
f 1480 1471 1483
f 1484 1473 1475
f 1483 1473 1484
f 1485 1472 1470
f 1485 1470 1482
f 1486 1475 1476
f 1484 1475 1486
f 1487 1474 1472
f 1487 1472 1485
f 1488 1476 1474
f 1488 1474 1487
f 1486 1476 1488
f 1489 1477 1479
f 1490 1479 1480
f 1489 1479 1490
f 1491 1478 1477
f 1491 1477 1489
f 1492 1480 1483
f 1490 1480 1492
f 1493 1481 1478
f 1493 1478 1491
f 1494 1483 1484
f 1492 1483 1494
f 1495 1482 1481
f 1495 1481 1493
f 1496 1484 1486
f 1494 1484 1496
f 1497 1485 1482
f 1497 1482 1495
f 1498 1486 1488
f 1496 1486 1498
f 1499 1487 1485
f 1499 1485 1497
f 1500 1488 1487
f 1498 1488 1500
f 1500 1487 1499
f 1501 1489 1490
f 1502 1490 1492
f 1501 1490 1502
f 1503 1491 1489
f 1503 1489 1501
f 1504 1492 1494
f 1502 1492 1504
f 1505 1493 1491
f 1505 1491 1503
f 1506 1494 1496
f 1504 1494 1506
f 1507 1495 1493
f 1507 1493 1505
f 1508 1496 1498
f 1506 1496 1508
f 1509 1497 1495
f 1509 1495 1507
f 1510 1498 1500
f 1508 1498 1510
f 1511 1499 1497
f 1511 1497 1509
f 1512 1500 1499
f 1510 1500 1512
f 1512 1499 1511
f 1513 1501 1502
f 1514 1503 1501
f 1514 1501 1513
f 1515 1502 1504
f 1513 1502 1515
f 1516 1504 1506
f 1515 1504 1516
f 1517 1505 1503
f 1517 1503 1514
f 1518 1507 1505
f 1518 1505 1517
f 1519 1506 1508
f 1516 1506 1519
f 1520 1508 1510
f 1519 1508 1520
f 1521 1509 1507
f 1521 1507 1518
f 1522 1510 1512
f 1520 1510 1522
f 1523 1511 1509
f 1523 1509 1521
f 1524 1512 1511
f 1524 1511 1523
f 1522 1512 1524
f 1525 1513 1515
f 1526 1514 1513
f 1526 1513 1525
f 1527 1515 1516
f 1525 1515 1527
f 1528 1517 1514
f 1528 1514 1526
f 1529 1516 1519
f 1527 1516 1529
f 1530 1518 1517
f 1530 1517 1528
f 1531 1519 1520
f 1529 1519 1531
f 1532 1521 1518
f 1532 1518 1530
f 1533 1520 1522
f 1531 1520 1533
f 1534 1523 1521
f 1534 1521 1532
f 1535 1522 1524
f 1533 1522 1535
f 1536 1524 1523
f 1536 1523 1534
f 1535 1524 1536
f 1537 1526 1525
f 1538 1525 1527
f 1537 1525 1538
f 1539 1528 1526
f 1539 1526 1537
f 1540 1527 1529
f 1538 1527 1540
f 1541 1530 1528
f 1541 1528 1539
f 1542 1529 1531
f 1540 1529 1542
f 1543 1532 1530
f 1543 1530 1541
f 1544 1531 1533
f 1542 1531 1544
f 1545 1534 1532
f 1545 1532 1543
f 1546 1533 1535
f 1544 1533 1546
f 1547 1536 1534
f 1547 1534 1545
f 1548 1535 1536
f 1546 1535 1548
f 1548 1536 1547
f 1549 1537 1538
f 1550 1539 1537
f 1550 1537 1549
f 1551 1538 1540
f 1549 1538 1551
f 1552 1541 1539
f 1552 1539 1550
f 1553 1540 1542
f 1551 1540 1553
f 1554 1543 1541
f 1554 1541 1552
f 1555 1542 1544
f 1553 1542 1555
f 1556 1545 1543
f 1556 1543 1554
f 1557 1544 1546
f 1555 1544 1557
f 1558 1547 1545
f 1558 1545 1556
f 1559 1546 1548
f 1557 1546 1559
f 1560 1548 1547
f 1560 1547 1558
f 1559 1548 1560
f 1561 1549 1551
f 1562 1550 1549
f 1562 1549 1561
f 1563 1551 1553
f 1561 1551 1563
f 1564 1552 1550
f 1564 1550 1562
f 1565 1553 1555
f 1563 1553 1565
f 1566 1554 1552
f 1566 1552 1564
f 1567 1555 1557
f 1565 1555 1567
f 1568 1556 1554
f 1568 1554 1566
f 1569 1557 1559
f 1567 1557 1569
f 1570 1558 1556
f 1570 1556 1568
f 1571 1559 1560
f 1569 1559 1571
f 1572 1560 1558
f 1572 1558 1570
f 1571 1560 1572
f 1573 1561 1563
f 1574 1562 1561
f 1574 1561 1573
f 1575 1563 1565
f 1573 1563 1575
f 1576 1564 1562
f 1576 1562 1574
f 1577 1565 1567
f 1575 1565 1577
f 1578 1566 1564
f 1578 1564 1576
f 1579 1567 1569
f 1577 1567 1579
f 1580 1568 1566
f 1580 1566 1578
f 1581 1569 1571
f 1579 1569 1581
f 1582 1570 1568
f 1582 1568 1580
f 1583 1571 1572
f 1581 1571 1583
f 1584 1572 1570
f 1584 1570 1582
f 1583 1572 1584
f 1585 1573 1575
f 1586 1574 1573
f 1586 1573 1585
f 1587 1575 1577
f 1585 1575 1587
f 1588 1577 1579
f 1587 1577 1588
f 1589 1576 1574
f 1589 1574 1586
f 1590 1579 1581
f 1588 1579 1590
f 1591 1578 1576
f 1591 1576 1589
f 1592 1581 1583
f 1590 1581 1592
f 1593 1580 1578
f 1593 1578 1591
f 1594 1583 1584
f 1592 1583 1594
f 1595 1582 1580
f 1595 1580 1593
f 1596 1584 1582
f 1596 1582 1595
f 1594 1584 1596
f 1597 1587 1588
f 1598 1585 1587
f 1598 1587 1597
f 1599 1588 1590
f 1597 1588 1599
f 1600 1586 1585
f 1600 1585 1598
f 1601 1590 1592
f 1599 1590 1601
f 1602 1589 1586
f 1602 1586 1600
f 1603 1592 1594
f 1601 1592 1603
f 1604 1591 1589
f 1604 1589 1602
f 1605 1594 1596
f 1603 1594 1605
f 1606 1593 1591
f 1606 1591 1604
f 1607 1595 1593
f 1607 1593 1606
f 1608 1596 1595
f 1608 1595 1607
f 1605 1596 1608
f 1609 1597 1599
f 1610 1598 1597
f 1610 1597 1609
f 1611 1599 1601
f 1609 1599 1611
f 1612 1601 1603
f 1611 1601 1612
f 1613 1600 1598
f 1613 1598 1610
f 1614 1603 1605
f 1612 1603 1614
f 1615 1602 1600
f 1615 1600 1613
f 1616 1605 1608
f 1614 1605 1616
f 1617 1604 1602
f 1617 1602 1615
f 1618 1608 1607
f 1616 1608 1618
f 1619 1606 1604
f 1619 1604 1617
f 1620 1607 1606
f 1618 1607 1620
f 1620 1606 1619
f 1621 1611 1612
f 1622 1609 1611
f 1622 1611 1621
f 1623 1612 1614
f 1621 1612 1623
f 1624 1610 1609
f 1624 1609 1622
f 1625 1614 1616
f 1623 1614 1625
f 1626 1613 1610
f 1626 1610 1624
f 1627 1616 1618
f 1625 1616 1627
f 1628 1615 1613
f 1628 1613 1626
f 1629 1621 1623
f 1630 1622 1621
f 1630 1621 1629
f 1631 1623 1625
f 1629 1623 1631
f 1632 1618 1620
f 1627 1618 1632
f 1633 1624 1622
f 1633 1622 1630
f 1634 1617 1615
f 1634 1615 1628
f 1635 1625 1627
f 1631 1625 1635
f 1636 1620 1619
f 1632 1620 1636
f 1637 1619 1617
f 1637 1617 1634
f 1636 1619 1637
f 1638 1626 1624
f 1638 1624 1633
f 1635 1627 1639
f 1639 1627 1632
f 1640 1629 1631
f 1641 1630 1629
f 1641 1629 1640
f 1642 1631 1635
f 1640 1631 1642
f 1643 1633 1630
f 1643 1630 1641
f 1642 1635 1644
f 1644 1635 1639
f 1645 1628 1626
f 1645 1626 1638
f 1639 1632 1646
f 1646 1632 1636
f 1647 1640 1642
f 1648 1641 1640
f 1648 1640 1647
f 1649 1642 1644
f 1647 1642 1649
f 1650 1638 1633
f 1650 1633 1643
f 1651 1634 1628
f 1651 1628 1645
f 1644 1639 1652
f 1652 1639 1646
f 1653 1636 1637
f 1646 1636 1653
f 1654 1643 1641
f 1654 1641 1648
f 1649 1644 1655
f 1655 1644 1652
f 1656 1637 1634
f 1656 1634 1651
f 1653 1637 1656
f 1657 1647 1649
f 1658 1648 1647
f 1658 1647 1657
f 1659 1649 1655
f 1657 1649 1659
f 1660 1645 1638
f 1660 1638 1650
f 1652 1646 1661
f 1661 1646 1653
f 1662 1650 1643
f 1662 1643 1654
f 1655 1652 1663
f 1663 1652 1661
f 1664 1654 1648
f 1664 1648 1658
f 1659 1655 1665
f 1665 1655 1663
f 1666 1657 1659
f 1667 1658 1657
f 1667 1657 1666
f 1668 1659 1665
f 1666 1659 1668
f 1669 1651 1645
f 1669 1645 1660
f 1661 1653 1670
f 1670 1653 1656
f 1665 1663 1671
f 1668 1665 1672
f 1672 1665 1671
f 1673 1660 1650
f 1673 1650 1662
f 1663 1661 1674
f 1674 1661 1670
f 1675 1654 1664
f 1675 1662 1654
f 1671 1663 1674
f 1676 1658 1667
f 1676 1664 1658
f 1677 1656 1651
f 1677 1651 1669
f 1670 1656 1677
f 1678 1666 1668
f 1679 1667 1666
f 1679 1666 1678
f 1680 1668 1672
f 1678 1668 1680
f 1680 1672 1681
f 1672 1671 1682
f 1681 1672 1682
f 1683 1667 1679
f 1683 1676 1667
f 1684 1678 1680
f 1685 1680 1681
f 1684 1680 1685
f 1686 1669 1660
f 1686 1660 1673
f 1674 1670 1687
f 1687 1670 1677
f 1688 1664 1676
f 1688 1675 1664
f 1671 1674 1689
f 1682 1671 1689
f 1690 1679 1678
f 1690 1678 1684
f 1691 1673 1662
f 1691 1662 1675
f 1689 1674 1687
f 1685 1681 1692
f 1681 1682 1693
f 1692 1681 1693
f 1694 1684 1685
f 1695 1685 1692
f 1694 1685 1695
f 1696 1677 1669
f 1696 1669 1686
f 1687 1677 1696
f 1697 1679 1690
f 1697 1683 1679
f 1698 1684 1694
f 1698 1690 1684
f 1682 1689 1699
f 1693 1682 1699
f 1700 1676 1683
f 1700 1688 1676
f 1695 1692 1701
f 1692 1693 1702
f 1701 1692 1702
f 1703 1694 1695
f 1704 1694 1703
f 1704 1698 1694
f 1703 1695 1705
f 1705 1695 1701
f 1706 1686 1673
f 1706 1673 1691
f 1689 1687 1707
f 1707 1687 1696
f 1708 1691 1675
f 1708 1675 1688
f 1699 1689 1707
f 1709 1690 1698
f 1709 1697 1690
f 1710 1703 1705
f 1705 1701 1711
f 1710 1705 1712
f 1712 1705 1711
f 1713 1703 1710
f 1713 1704 1703
f 1714 1715 1716
f 1716 1715 1717
f 1718 1714 1716
f 1716 1717 1719
f 1720 1716 1719
f 1718 1716 1720
f 1693 1699 1721
f 1702 1693 1721
f 1711 1701 1722
f 1701 1702 1722
f 1723 1710 1712
f 1724 1710 1723
f 1724 1713 1710
f 1723 1712 1725
f 1725 1712 1726
f 1712 1711 1726
f 1727 1723 1725
f 1728 1723 1727
f 1728 1724 1723
f 1727 1725 1715
f 1715 1725 1729
f 1725 1726 1729
f 1714 1727 1715
f 1730 1727 1714
f 1730 1728 1727
f 1715 1729 1717
f 1731 1730 1714
f 1731 1714 1718
f 1732 1683 1697
f 1732 1700 1683
f 1733 1698 1704
f 1733 1709 1698
f 1734 1696 1686
f 1734 1686 1706
f 1707 1696 1734
f 1726 1711 1735
f 1711 1722 1735
f 1719 1717 1736
f 1719 1736 1737
f 1738 1719 1737
f 1720 1719 1738
f 1739 1706 1691
f 1739 1691 1708
f 1699 1707 1740
f 1740 1707 1734
f 1741 1688 1700
f 1741 1708 1688
f 1721 1699 1740
f 1742 1697 1709
f 1742 1732 1697
f 1722 1702 1743
f 1702 1721 1743
f 1744 1704 1713
f 1744 1733 1704
f 1745 1713 1724
f 1745 1744 1713
f 1729 1726 1746
f 1726 1735 1746
f 1747 1724 1728
f 1747 1745 1724
f 1717 1729 1748
f 1729 1746 1748
f 1749 1728 1730
f 1749 1747 1728
f 1717 1748 1736
f 1750 1749 1730
f 1750 1730 1731
f 1735 1722 1751
f 1722 1743 1751
f 1752 1734 1706
f 1752 1706 1739
f 1740 1734 1752
f 1721 1740 1753
f 1743 1721 1753
f 1754 1709 1733
f 1754 1742 1709
f 1755 1700 1732
f 1755 1741 1700
f 1746 1735 1756
f 1735 1751 1756
f 1757 1739 1708
f 1757 1708 1741
f 1753 1740 1752
f 1758 1733 1744
f 1758 1754 1733
f 1748 1746 1759
f 1746 1756 1759
f 1736 1748 1760
f 1748 1759 1760
f 1737 1736 1761
f 1736 1760 1761
f 1737 1761 1762
f 1763 1737 1762
f 1738 1737 1763
f 1743 1753 1764
f 1751 1743 1764
f 1765 1744 1745
f 1765 1758 1744
f 1766 1747 1749
f 1767 1766 1749
f 1767 1749 1750
f 1768 1732 1742
f 1768 1755 1732
f 1769 1745 1747
f 1769 1765 1745
f 1766 1769 1747
f 1770 1752 1739
f 1770 1739 1757
f 1753 1752 1770
f 1771 1718 1720
f 1772 1731 1718
f 1772 1718 1771
f 1773 1720 1738
f 1771 1720 1773
f 1764 1753 1770
f 1756 1751 1774
f 1751 1764 1774
f 1775 1757 1741
f 1775 1741 1755
f 1776 1742 1754
f 1776 1768 1742
f 1759 1756 1777
f 1756 1774 1777
f 1778 1770 1757
f 1778 1757 1775
f 1764 1770 1778
f 1774 1764 1778
f 1779 1754 1758
f 1779 1776 1754
f 1760 1759 1780
f 1759 1777 1780
f 1761 1760 1781
f 1760 1780 1781
f 1762 1761 1782
f 1761 1781 1782
f 1762 1782 1783
f 1784 1762 1783
f 1763 1762 1784
f 1785 1750 1731
f 1785 1731 1772
f 1786 1738 1763
f 1773 1738 1786
f 1787 1755 1768
f 1787 1775 1755
f 1788 1758 1765
f 1788 1779 1758
f 1789 1769 1766
f 1790 1789 1766
f 1790 1766 1767
f 1791 1765 1769
f 1791 1788 1765
f 1789 1791 1769
f 1774 1778 1792
f 1777 1774 1792
f 1792 1778 1775
f 1793 1768 1776
f 1793 1787 1768
f 1792 1775 1787
f 1780 1777 1794
f 1777 1792 1794
f 1795 1776 1779
f 1795 1793 1776
f 1781 1780 1796
f 1780 1794 1796
f 1783 1782 1797
f 1783 1797 1798
f 1799 1783 1798
f 1784 1783 1799
f 1794 1792 1787
f 1794 1787 1793
f 1782 1781 1800
f 1781 1796 1800
f 1782 1800 1797
f 1801 1767 1750
f 1801 1750 1785
f 1802 1763 1784
f 1786 1763 1802
f 1803 1779 1788
f 1803 1795 1779
f 1804 1791 1789
f 1805 1804 1789
f 1805 1789 1790
f 1806 1788 1791
f 1806 1803 1788
f 1804 1806 1791
f 1796 1794 1793
f 1796 1793 1795
f 1800 1796 1795
f 1800 1795 1803
f 1797 1800 1803
f 1798 1797 1806
f 1797 1803 1806
f 1798 1806 1804
f 1807 1798 1804
f 1807 1804 1805
f 1799 1798 1807
f 1808 1790 1767
f 1808 1767 1801
f 1809 1784 1799
f 1802 1784 1809
f 1810 1805 1790
f 1810 1790 1808
f 1811 1799 1807
f 1809 1799 1811
f 1812 1807 1805
f 1812 1805 1810
f 1811 1807 1812
f 1813 1771 1773
f 1814 1772 1771
f 1814 1771 1813
f 1815 1773 1786
f 1813 1773 1815
f 1816 1785 1772
f 1816 1772 1814
f 1817 1786 1802
f 1815 1786 1817
f 1818 1801 1785
f 1818 1785 1816
f 1819 1802 1809
f 1817 1802 1819
f 1820 1808 1801
f 1820 1801 1818
f 1821 1809 1811
f 1819 1809 1821
f 1822 1810 1808
f 1822 1808 1820
f 1823 1811 1812
f 1821 1811 1823
f 1824 1812 1810
f 1824 1810 1822
f 1823 1812 1824
f 1825 1814 1813
f 1826 1813 1815
f 1825 1813 1826
f 1827 1816 1814
f 1827 1814 1825
f 1828 1815 1817
f 1826 1815 1828
f 1829 1818 1816
f 1829 1816 1827
f 1830 1817 1819
f 1828 1817 1830
f 1831 1820 1818
f 1831 1818 1829
f 1832 1819 1821
f 1830 1819 1832
f 1833 1822 1820
f 1833 1820 1831
f 1834 1821 1823
f 1832 1821 1834
f 1835 1824 1822
f 1835 1822 1833
f 1836 1823 1824
f 1834 1823 1836
f 1836 1824 1835
f 1837 1825 1826
f 1838 1827 1825
f 1838 1825 1837
f 1839 1826 1828
f 1837 1826 1839
f 1840 1829 1827
f 1840 1827 1838
f 1841 1828 1830
f 1839 1828 1841
f 1842 1831 1829
f 1842 1829 1840
f 1843 1830 1832
f 1841 1830 1843
f 1844 1833 1831
f 1844 1831 1842
f 1845 1832 1834
f 1843 1832 1845
f 1846 1835 1833
f 1846 1833 1844
f 1847 1834 1836
f 1845 1834 1847
f 1848 1836 1835
f 1848 1835 1846
f 1847 1836 1848
f 1849 1837 1839
f 1850 1838 1837
f 1850 1837 1849
f 1851 1839 1841
f 1849 1839 1851
f 1852 1840 1838
f 1852 1838 1850
f 1853 1841 1843
f 1851 1841 1853
f 1854 1842 1840
f 1854 1840 1852
f 1855 1843 1845
f 1853 1843 1855
f 1856 1844 1842
f 1856 1842 1854
f 1857 1845 1847
f 1855 1845 1857
f 1858 1846 1844
f 1858 1844 1856
f 1859 1847 1848
f 1857 1847 1859
f 1860 1848 1846
f 1860 1846 1858
f 1859 1848 1860
f 1861 1849 1851
f 1862 1850 1849
f 1862 1849 1861
f 1863 1851 1853
f 1861 1851 1863
f 1864 1852 1850
f 1864 1850 1862
f 1865 1853 1855
f 1863 1853 1865
f 1866 1854 1852
f 1866 1852 1864
f 1867 1855 1857
f 1865 1855 1867
f 1868 1856 1854
f 1868 1854 1866
f 1869 1857 1859
f 1867 1857 1869
f 1870 1858 1856
f 1870 1856 1868
f 1871 1859 1860
f 1869 1859 1871
f 1872 1860 1858
f 1872 1858 1870
f 1871 1860 1872
f 1873 1861 1863
f 1874 1862 1861
f 1874 1861 1873
f 1875 1863 1865
f 1873 1863 1875
f 1876 1864 1862
f 1876 1862 1874
f 1877 1865 1867
f 1875 1865 1877
f 1878 1866 1864
f 1878 1864 1876
f 1879 1867 1869
f 1877 1867 1879
f 1880 1868 1866
f 1880 1866 1878
f 1881 1869 1871
f 1879 1869 1881
f 1882 1870 1868
f 1882 1868 1880
f 1883 1871 1872
f 1881 1871 1883
f 1884 1872 1870
f 1884 1870 1882
f 1883 1872 1884
f 1885 1873 1875
f 1886 1874 1873
f 1886 1873 1885
f 1887 1875 1877
f 1885 1875 1887
f 1888 1876 1874
f 1888 1874 1886
f 1889 1877 1879
f 1887 1877 1889
f 1890 1878 1876
f 1890 1876 1888
f 1891 1879 1881
f 1889 1879 1891
f 1892 1880 1878
f 1892 1878 1890
f 1893 1881 1883
f 1891 1881 1893
f 1894 1882 1880
f 1894 1880 1892
f 1895 1883 1884
f 1893 1883 1895
f 1896 1884 1882
f 1896 1882 1894
f 1895 1884 1896
f 1897 1885 1887
f 1898 1886 1885
f 1898 1885 1897
f 1899 1887 1889
f 1897 1887 1899
f 1900 1889 1891
f 1899 1889 1900
f 1901 1888 1886
f 1901 1886 1898
f 1902 1891 1893
f 1900 1891 1902
f 1903 1890 1888
f 1903 1888 1901
f 1904 1893 1895
f 1902 1893 1904
f 1905 1892 1890
f 1905 1890 1903
f 1906 1895 1896
f 1904 1895 1906
f 1907 1894 1892
f 1907 1892 1905
f 1908 1896 1894
f 1906 1896 1908
f 1908 1894 1907
f 1909 1897 1899
f 1910 1899 1900
f 1909 1899 1910
f 1911 1898 1897
f 1911 1897 1909
f 1912 1900 1902
f 1910 1900 1912
f 1913 1901 1898
f 1913 1898 1911
f 1914 1902 1904
f 1912 1902 1914
f 1915 1903 1901
f 1915 1901 1913
f 1916 1909 1910
f 1917 1910 1912
f 1916 1910 1917
f 1918 1909 1916
f 1918 1911 1909
f 1917 1912 1919
f 1920 1904 1906
f 1914 1904 1920
f 1919 1912 1914
f 1921 1905 1903
f 1921 1903 1915
f 1919 1914 1922
f 1923 1911 1918
f 1923 1913 1911
f 1924 1906 1908
f 1920 1906 1924
f 1922 1914 1920
f 1925 1907 1905
f 1925 1905 1921
f 1922 1920 1926
f 1927 1908 1907
f 1924 1908 1927
f 1927 1907 1925
f 1928 1913 1923
f 1928 1915 1913
f 1926 1920 1924
f 1926 1924 1929
f 1930 1915 1928
f 1930 1921 1915
f 1929 1924 1927
f 1931 1925 1921
f 1931 1921 1930
f 1929 1927 1932
f 1932 1927 1925
f 1932 1925 1931
f 1933 1934 1935
f 1936 1935 1937
f 1933 1935 1936
f 1938 1939 1934
f 1938 1934 1933
f 1940 1941 1939
f 1940 1939 1938
f 1942 1937 1943
f 1936 1937 1942
f 1944 1945 1941
f 1944 1941 1940
f 1946 1943 1947
f 1942 1943 1946
f 1948 1949 1945
f 1948 1945 1944
f 1950 1947 1951
f 1946 1947 1950
f 1952 1953 1949
f 1952 1949 1948
f 1954 1951 1955
f 1950 1951 1954
f 1956 1955 1953
f 1954 1955 1956
f 1956 1953 1952
f 1957 1933 1936
f 1958 1936 1942
f 1957 1936 1958
f 1959 1938 1933
f 1959 1933 1957
f 1960 1940 1938
f 1960 1938 1959
f 1961 1942 1946
f 1958 1942 1961
f 1962 1944 1940
f 1962 1940 1960
f 1963 1946 1950
f 1961 1946 1963
f 1964 1948 1944
f 1964 1944 1962
f 1965 1950 1954
f 1963 1950 1965
f 1966 1952 1948
f 1966 1948 1964
f 1967 1954 1956
f 1965 1954 1967
f 1968 1956 1952
f 1967 1956 1968
f 1968 1952 1966
f 1969 1957 1958
f 1970 1959 1957
f 1970 1957 1969
f 1971 1958 1961
f 1969 1958 1971
f 1972 1960 1959
f 1972 1959 1970
f 1973 1961 1963
f 1971 1961 1973
f 1974 1962 1960
f 1974 1960 1972
f 1975 1963 1965
f 1973 1963 1975
f 1976 1964 1962
f 1976 1962 1974
f 1977 1965 1967
f 1975 1965 1977
f 1978 1966 1964
f 1978 1964 1976
f 1979 1967 1968
f 1977 1967 1979
f 1980 1968 1966
f 1980 1966 1978
f 1979 1968 1980
f 1981 1969 1971
f 1982 1970 1969
f 1982 1969 1981
f 1983 1971 1973
f 1981 1971 1983
f 1984 1972 1970
f 1984 1970 1982
f 1985 1973 1975
f 1983 1973 1985
f 1986 1974 1972
f 1986 1972 1984
f 1987 1975 1977
f 1985 1975 1987
f 1988 1976 1974
f 1988 1974 1986
f 1989 1977 1979
f 1987 1977 1989
f 1990 1978 1976
f 1990 1976 1988
f 1991 1979 1980
f 1989 1979 1991
f 1992 1980 1978
f 1992 1978 1990
f 1991 1980 1992
f 1993 1981 1983
f 1994 1982 1981
f 1994 1981 1993
f 1995 1983 1985
f 1993 1983 1995
f 1996 1984 1982
f 1996 1982 1994
f 1997 1985 1987
f 1995 1985 1997
f 1998 1986 1984
f 1998 1984 1996
f 1999 1987 1989
f 1997 1987 1999
f 2000 1988 1986
f 2000 1986 1998
f 2001 1989 1991
f 1999 1989 2001
f 2002 1990 1988
f 2002 1988 2000
f 2003 1991 1992
f 2001 1991 2003
f 2004 1992 1990
f 2004 1990 2002
f 2003 1992 2004
f 2005 1993 1995
f 2006 1994 1993
f 2006 1993 2005
f 2007 1995 1997
f 2005 1995 2007
f 2008 1996 1994
f 2008 1994 2006
f 2009 1997 1999
f 2007 1997 2009
f 2010 1998 1996
f 2010 1996 2008
f 2011 1999 2001
f 2009 1999 2011
f 2012 2000 1998
f 2012 1998 2010
f 2013 2001 2003
f 2011 2001 2013
f 2014 2002 2000
f 2014 2000 2012
f 2015 2003 2004
f 2013 2003 2015
f 2016 2004 2002
f 2016 2002 2014
f 2015 2004 2016
f 2017 2005 2007
f 2018 2007 2009
f 2017 2007 2018
f 2019 2006 2005
f 2019 2005 2017
f 2020 2008 2006
f 2020 2006 2019
f 2021 2009 2011
f 2018 2009 2021
f 2022 2010 2008
f 2022 2008 2020
f 2023 2011 2013
f 2021 2011 2023
f 2024 2012 2010
f 2024 2010 2022
f 2025 2013 2015
f 2023 2013 2025
f 2026 2014 2012
f 2026 2012 2024
f 2027 2015 2016
f 2025 2015 2027
f 2028 2016 2014
f 2028 2014 2026
f 2027 2016 2028
f 2029 2017 2018
f 2030 2019 2017
f 2030 2017 2029
f 2031 2018 2021
f 2029 2018 2031
f 2032 2020 2019
f 2032 2019 2030
f 2033 2021 2023
f 2031 2021 2033
f 2034 2022 2020
f 2034 2020 2032
f 2035 2023 2025
f 2033 2023 2035
f 2036 2024 2022
f 2036 2022 2034
f 2037 2025 2027
f 2035 2025 2037
f 2038 2026 2024
f 2038 2024 2036
f 2039 2027 2028
f 2037 2027 2039
f 2040 2028 2026
f 2040 2026 2038
f 2039 2028 2040
f 2041 2029 2031
f 2042 2030 2029
f 2042 2029 2041
f 2043 2031 2033
f 2041 2031 2043
f 2044 2032 2030
f 2044 2030 2042
f 2045 2033 2035
f 2043 2033 2045
f 2046 2034 2032
f 2046 2032 2044
f 2047 2035 2037
f 2045 2035 2047
f 2048 2036 2034
f 2048 2034 2046
f 2049 2037 2039
f 2047 2037 2049
f 2050 2038 2036
f 2050 2036 2048
f 2051 2039 2040
f 2049 2039 2051
f 2052 2040 2038
f 2051 2040 2052
f 2052 2038 2050
f 2053 2041 2043
f 2054 2043 2045
f 2053 2043 2054
f 2055 2042 2041
f 2055 2041 2053
f 2056 2045 2047
f 2054 2045 2056
f 2057 2044 2042
f 2057 2042 2055
f 2058 2046 2044
f 2058 2044 2057
f 2059 2047 2049
f 2056 2047 2059
f 2060 2049 2051
f 2059 2049 2060
f 2061 2048 2046
f 2061 2046 2058
f 2062 2050 2048
f 2062 2048 2061
f 2063 2051 2052
f 2060 2051 2063
f 2064 2052 2050
f 2063 2052 2064
f 2064 2050 2062
f 2065 2053 2054
f 2066 2054 2056
f 2065 2054 2066
f 2067 2055 2053
f 2067 2053 2065
f 2068 2056 2059
f 2066 2056 2068
f 2069 2057 2055
f 2069 2055 2067
f 2070 2059 2060
f 2068 2059 2070
f 2071 2058 2057
f 2071 2057 2069
f 2072 2060 2063
f 2070 2060 2072
f 2073 2061 2058
f 2073 2058 2071
f 2074 2063 2064
f 2072 2063 2074
f 2075 2064 2062
f 2074 2064 2075
f 2076 2062 2061
f 2075 2062 2076
f 2076 2061 2073
f 2077 2066 2068
f 2078 2068 2070
f 2077 2068 2078
f 2079 2065 2066
f 2079 2066 2077
f 2080 2070 2072
f 2078 2070 2080
f 2081 2067 2065
f 2081 2065 2079
f 2082 2072 2074
f 2080 2072 2082
f 2083 2069 2067
f 2083 2067 2081
f 2084 2074 2075
f 2082 2074 2084
f 2085 2071 2069
f 2085 2069 2083
f 2086 2075 2076
f 2084 2075 2086
f 2087 2073 2071
f 2087 2071 2085
f 2088 2076 2073
f 2086 2076 2088
f 2088 2073 2087
f 2089 2078 2080
f 2090 2077 2078
f 2090 2078 2089
f 2091 2080 2082
f 2089 2080 2091
f 2092 2079 2077
f 2092 2077 2090
f 2093 2082 2084
f 2091 2082 2093
f 2094 2081 2079
f 2094 2079 2092
f 2095 2084 2086
f 2093 2084 2095
f 2096 2083 2081
f 2096 2081 2094
f 2097 2086 2088
f 2095 2086 2097
f 2098 2085 2083
f 2098 2083 2096
f 2099 2088 2087
f 2097 2088 2099
f 2100 2087 2085
f 2100 2085 2098
f 2099 2087 2100
f 2101 2089 2091
f 2102 2091 2093
f 2101 2091 2102
f 2103 2090 2089
f 2103 2089 2101
f 2104 2093 2095
f 2102 2093 2104
f 2105 2092 2090
f 2105 2090 2103
f 2106 2095 2097
f 2104 2095 2106
f 2107 2094 2092
f 2107 2092 2105
f 2108 2097 2099
f 2106 2097 2108
f 2109 2096 2094
f 2109 2094 2107
f 2110 2099 2100
f 2108 2099 2110
f 2111 2098 2096
f 2111 2096 2109
f 2112 2100 2098
f 2110 2100 2112
f 2112 2098 2111
f 2113 2101 2102
f 2114 2102 2104
f 2113 2102 2114
f 2115 2103 2101
f 2115 2101 2113
f 2116 2104 2106
f 2114 2104 2116
f 2117 2105 2103
f 2117 2103 2115
f 2118 2106 2108
f 2116 2106 2118
f 2119 2107 2105
f 2119 2105 2117
f 2120 2108 2110
f 2118 2108 2120
f 2121 2109 2107
f 2121 2107 2119
f 2122 2110 2112
f 2120 2110 2122
f 2123 2111 2109
f 2123 2109 2121
f 2124 2112 2111
f 2122 2112 2124
f 2124 2111 2123
f 2125 2114 2116
f 2126 2113 2114
f 2126 2114 2125
f 2127 2116 2118
f 2125 2116 2127
f 2128 2115 2113
f 2128 2113 2126
f 2129 2118 2120
f 2127 2118 2129
f 2130 2117 2115
f 2130 2115 2128
f 2131 2120 2122
f 2129 2120 2131
f 2132 2119 2117
f 2132 2117 2130
f 2133 2122 2124
f 2131 2122 2133
f 2134 2121 2119
f 2134 2119 2132
f 2135 2124 2123
f 2133 2124 2135
f 2136 2123 2121
f 2136 2121 2134
f 2135 2123 2136
f 2137 2125 2127
f 2138 2127 2129
f 2137 2127 2138
f 2139 2126 2125
f 2139 2125 2137
f 2140 2128 2126
f 2140 2126 2139
f 2141 2129 2131
f 2138 2129 2141
f 2142 2130 2128
f 2142 2128 2140
f 2143 2131 2133
f 2141 2131 2143
f 2144 2132 2130
f 2144 2130 2142
f 2145 2133 2135
f 2143 2133 2145
f 2146 2134 2132
f 2146 2132 2144
f 2147 2135 2136
f 2145 2135 2147
f 2148 2136 2134
f 2147 2136 2148
f 2148 2134 2146
f 2149 2137 2138
f 2150 2138 2141
f 2149 2138 2150
f 2151 2139 2137
f 2151 2137 2149
f 2152 2141 2143
f 2150 2141 2152
f 2153 2140 2139
f 2153 2139 2151
f 2154 2143 2145
f 2152 2143 2154
f 2155 2142 2140
f 2155 2140 2153
f 2156 2145 2147
f 2154 2145 2156
f 2157 2144 2142
f 2157 2142 2155
f 2158 2147 2148
f 2156 2147 2158
f 2159 2148 2146
f 2158 2148 2159
f 2160 2146 2144
f 2159 2146 2160
f 2160 2144 2157
f 2161 2149 2150
f 2162 2150 2152
f 2161 2150 2162
f 2163 2151 2149
f 2163 2149 2161
f 2164 2152 2154
f 2162 2152 2164
f 2165 2153 2151
f 2165 2151 2163
f 2166 2154 2156
f 2164 2154 2166
f 2167 2155 2153
f 2167 2153 2165
f 2168 2156 2158
f 2166 2156 2168
f 2169 2157 2155
f 2169 2155 2167
f 2170 2158 2159
f 2168 2158 2170
f 2171 2159 2160
f 2170 2159 2171
f 2172 2160 2157
f 2171 2160 2172
f 2172 2157 2169
f 2173 2162 2164
f 2174 2164 2166
f 2173 2164 2174
f 2175 2161 2162
f 2175 2162 2173
f 2176 2163 2161
f 2176 2161 2175
f 2177 2166 2168
f 2174 2166 2177
f 2178 2165 2163
f 2178 2163 2176
f 2179 2168 2170
f 2177 2168 2179
f 2180 2167 2165
f 2180 2165 2178
f 2181 2170 2171
f 2179 2170 2181
f 2182 2171 2172
f 2181 2171 2182
f 2183 2169 2167
f 2183 2167 2180
f 2184 2172 2169
f 2182 2172 2184
f 2184 2169 2183
f 2185 2174 2177
f 2186 2173 2174
f 2186 2174 2185
f 2187 2177 2179
f 2185 2177 2187
f 2188 2175 2173
f 2188 2173 2186
f 2189 2179 2181
f 2187 2179 2189
f 2190 2176 2175
f 2190 2175 2188
f 2191 2181 2182
f 2189 2181 2191
f 2192 2178 2176
f 2192 2176 2190
f 2193 2182 2184
f 2191 2182 2193
f 2194 2180 2178
f 2194 2178 2192
f 2195 2184 2183
f 2193 2184 2195
f 2196 2183 2180
f 2196 2180 2194
f 2195 2183 2196
f 2197 2185 2187
f 2198 2186 2185
f 2198 2185 2197
f 2199 2187 2189
f 2197 2187 2199
f 2200 2189 2191
f 2199 2189 2200
f 2201 2191 2193
f 2200 2191 2201
f 2202 2188 2186
f 2202 2186 2198
f 2203 2193 2195
f 2201 2193 2203
f 2204 2190 2188
f 2204 2188 2202
f 2205 2195 2196
f 2203 2195 2205
f 2206 2192 2190
f 2206 2190 2204
f 2207 2194 2192
f 2207 2192 2206
f 2208 2196 2194
f 2208 2194 2207
f 2205 2196 2208
f 2209 2200 2201
f 2210 2199 2200
f 2210 2200 2209
f 2211 2201 2203
f 2209 2201 2211
f 2212 2203 2205
f 2211 2203 2212
f 2213 2197 2199
f 2213 2199 2210
f 2214 2205 2208
f 2212 2205 2214
f 2215 2198 2197
f 2215 2197 2213
f 2216 2208 2207
f 2214 2208 2216
f 2217 2202 2198
f 2217 2198 2215
f 2218 2207 2206
f 2216 2207 2218
f 2219 2204 2202
f 2219 2202 2217
f 2220 2206 2204
f 2220 2204 2219
f 2218 2206 2220
f 2221 2211 2212
f 2222 2209 2211
f 2222 2211 2221
f 2223 2212 2214
f 2221 2212 2223
f 2224 2214 2216
f 2223 2214 2224
f 2225 2210 2209
f 2225 2209 2222
f 2226 2216 2218
f 2224 2216 2226
f 2227 2213 2210
f 2227 2210 2225
f 2228 2218 2220
f 2226 2218 2228
f 2229 2215 2213
f 2229 2213 2227
f 2230 2220 2219
f 2228 2220 2230
f 2231 2217 2215
f 2231 2215 2229
f 2232 2219 2217
f 2232 2217 2231
f 2230 2219 2232
f 2233 2221 2223
f 2234 2223 2224
f 2233 2223 2234
f 2235 2222 2221
f 2235 2221 2233
f 2236 2224 2226
f 2234 2224 2236
f 2237 2225 2222
f 2237 2222 2235
f 2238 2226 2228
f 2236 2226 2238
f 2239 2227 2225
f 2239 2225 2237
f 2240 2228 2230
f 2238 2228 2240
f 2241 2229 2227
f 2241 2227 2239
f 2242 2230 2232
f 2240 2230 2242
f 2243 2231 2229
f 2243 2229 2241
f 2244 2232 2231
f 2242 2232 2244
f 2244 2231 2243
f 2245 2233 2234
f 2246 2234 2236
f 2245 2234 2246
f 2247 2235 2233
f 2247 2233 2245
f 2248 2236 2238
f 2246 2236 2248
f 2249 2237 2235
f 2249 2235 2247
f 2250 2238 2240
f 2248 2238 2250
f 2251 2239 2237
f 2251 2237 2249
f 2252 2240 2242
f 2250 2240 2252
f 2253 2241 2239
f 2253 2239 2251
f 2254 2242 2244
f 2252 2242 2254
f 2255 2243 2241
f 2255 2241 2253
f 2256 2244 2243
f 2254 2244 2256
f 2256 2243 2255
f 2257 2245 2246
f 2258 2246 2248
f 2257 2246 2258
f 2259 2247 2245
f 2259 2245 2257
f 2260 2248 2250
f 2258 2248 2260
f 2261 2249 2247
f 2261 2247 2259
f 2262 2250 2252
f 2260 2250 2262
f 2263 2251 2249
f 2263 2249 2261
f 2264 2252 2254
f 2262 2252 2264
f 2265 2253 2251
f 2265 2251 2263
f 2266 2254 2256
f 2264 2254 2266
f 2267 2257 2258
f 2268 2258 2260
f 2267 2258 2268
f 2269 2255 2253
f 2269 2253 2265
f 2270 2256 2255
f 2266 2256 2270
f 2271 2259 2257
f 2271 2257 2267
f 2272 2260 2262
f 2268 2260 2272
f 2270 2255 2269
f 2273 2261 2259
f 2273 2259 2271
f 2274 2262 2264
f 2272 2262 2274
f 2275 2263 2261
f 2275 2261 2273
f 2276 2264 2266
f 2274 2264 2276
f 2277 2268 2272
f 2278 2267 2268
f 2278 2268 2277
f 2279 2272 2274
f 2277 2272 2279
f 2280 2271 2267
f 2280 2267 2278
f 2281 2265 2263
f 2281 2263 2275
f 2282 2266 2270
f 2276 2266 2282
f 2279 2274 2283
f 2283 2274 2276
f 2284 2273 2271
f 2284 2271 2280
f 2285 2269 2265
f 2285 2265 2281
f 2286 2270 2269
f 2282 2270 2286
f 2287 2277 2279
f 2288 2278 2277
f 2288 2277 2287
f 2286 2269 2285
f 2289 2279 2283
f 2287 2279 2289
f 2290 2280 2278
f 2290 2278 2288
f 2283 2276 2291
f 2291 2276 2282
f 2292 2275 2273
f 2292 2273 2284
f 2289 2283 2293
f 2293 2283 2291
f 2294 2284 2280
f 2294 2280 2290
f 2295 2287 2289
f 2296 2288 2287
f 2296 2287 2295
f 2291 2282 2297
f 2297 2282 2286
f 2295 2289 2298
f 2298 2289 2293
f 2299 2281 2275
f 2299 2275 2292
f 2300 2290 2288
f 2300 2288 2296
f 2293 2291 2301
f 2301 2291 2297
f 2302 2295 2298
f 2303 2296 2295
f 2303 2295 2302
f 2304 2286 2285
f 2297 2286 2304
f 2298 2293 2305
f 2305 2293 2301
f 2306 2285 2281
f 2306 2281 2299
f 2307 2292 2284
f 2307 2284 2294
f 2308 2290 2300
f 2308 2294 2290
f 2302 2298 2309
f 2309 2298 2305
f 2304 2285 2306
f 2310 2296 2303
f 2310 2300 2296
f 2311 2302 2309
f 2312 2303 2302
f 2312 2302 2311
f 2301 2297 2313
f 2313 2297 2304
f 2309 2305 2314
f 2305 2301 2315
f 2314 2305 2315
f 2311 2309 2316
f 2316 2309 2314
f 2317 2299 2292
f 2317 2292 2307
f 2315 2301 2313
f 2318 2303 2312
f 2318 2310 2303
f 2319 2300 2310
f 2319 2308 2300
f 2320 2307 2294
f 2320 2294 2308
f 2321 2311 2316
f 2322 2312 2311
f 2322 2311 2321
f 2323 2304 2306
f 2313 2304 2323
f 2316 2314 2324
f 2314 2315 2325
f 2324 2314 2325
f 2321 2316 2326
f 2326 2316 2324
f 2327 2306 2299
f 2327 2299 2317
f 2328 2318 2312
f 2328 2312 2322
f 2315 2313 2329
f 2325 2315 2329
f 2330 2310 2318
f 2330 2319 2310
f 2323 2306 2327
f 2329 2313 2323
f 2331 2317 2307
f 2331 2307 2320
f 2332 2308 2319
f 2332 2320 2308
f 2333 2321 2326
f 2334 2322 2321
f 2334 2321 2333
f 2326 2324 2335
f 2324 2325 2336
f 2335 2324 2336
f 2337 2326 2335
f 2333 2326 2337
f 2325 2329 2338
f 2336 2325 2338
f 2339 2318 2328
f 2339 2330 2318
f 2340 2328 2322
f 2340 2322 2334
f 2329 2323 2341
f 2341 2323 2327
f 2342 2327 2317
f 2342 2317 2331
f 2338 2329 2341
f 2343 2319 2330
f 2343 2332 2319
f 2341 2327 2342
f 2344 2331 2320
f 2344 2320 2332
f 2335 2336 2345
f 2337 2335 2346
f 2346 2335 2345
f 2347 2333 2337
f 2348 2334 2333
f 2348 2333 2347
f 2336 2338 2349
f 2345 2336 2349
f 2350 2328 2340
f 2350 2339 2328
f 2351 2337 2346
f 2347 2337 2351
f 2352 2340 2334
f 2352 2334 2348
f 2338 2341 2353
f 2349 2338 2353
f 2354 2330 2339
f 2354 2343 2330
f 2353 2341 2342
f 2355 2342 2331
f 2355 2331 2344
f 2356 2344 2332
f 2356 2332 2343
f 2353 2342 2355
f 2346 2345 2357
f 2345 2349 2358
f 2357 2345 2358
f 2351 2346 2359
f 2359 2346 2357
f 2349 2353 2360
f 2358 2349 2360
f 2361 2350 2340
f 2361 2340 2352
f 2360 2353 2355
f 2362 2354 2339
f 2362 2339 2350
f 2363 2355 2344
f 2363 2344 2356
f 2364 2356 2343
f 2364 2343 2354
f 2365 2347 2351
f 2366 2348 2347
f 2366 2347 2365
f 2367 2351 2359
f 2365 2351 2367
f 2360 2355 2363
f 2368 2352 2348
f 2368 2348 2366
f 2357 2358 2369
f 2359 2357 2370
f 2370 2357 2369
f 2358 2360 2371
f 2371 2360 2363
f 2369 2358 2371
f 2372 2363 2356
f 2372 2356 2364
f 2373 2359 2370
f 2367 2359 2373
f 2374 2364 2354
f 2374 2354 2362
f 2375 2362 2350
f 2375 2350 2361
f 2371 2363 2372
f 2376 2361 2352
f 2376 2352 2368
f 2369 2371 2377
f 2377 2371 2372
f 2378 2372 2364
f 2378 2364 2374
f 2370 2369 2379
f 2379 2369 2377
f 2377 2372 2378
f 2380 2370 2379
f 2373 2370 2380
f 2381 2374 2362
f 2381 2362 2375
f 2382 2375 2361
f 2382 2361 2376
f 2383 2377 2378
f 2379 2377 2383
f 2384 2378 2374
f 2384 2374 2381
f 2383 2378 2384
f 2385 2379 2383
f 2380 2379 2385
f 2386 2365 2367
f 2387 2366 2365
f 2387 2365 2386
f 2388 2367 2373
f 2386 2367 2388
f 2389 2381 2375
f 2389 2375 2382
f 2390 2368 2366
f 2390 2366 2387
f 2391 2383 2384
f 2385 2383 2391
f 2392 2373 2380
f 2388 2373 2392
f 2393 2384 2381
f 2393 2381 2389
f 2391 2384 2393
f 2394 2376 2368
f 2394 2368 2390
f 2395 2380 2385
f 2392 2380 2395
f 2396 2382 2376
f 2396 2376 2394
f 2397 2385 2391
f 2395 2385 2397
f 2398 2389 2382
f 2398 2382 2396
f 2399 2391 2393
f 2397 2391 2399
f 2400 2393 2389
f 2400 2389 2398
f 2399 2393 2400
f 2401 2386 2388
f 2402 2387 2386
f 2402 2386 2401
f 2403 2388 2392
f 2401 2388 2403
f 2404 2390 2387
f 2404 2387 2402
f 2405 2392 2395
f 2403 2392 2405
f 2406 2394 2390
f 2406 2390 2404
f 2407 2395 2397
f 2405 2395 2407
f 2408 2396 2394
f 2408 2394 2406
f 2409 2397 2399
f 2407 2397 2409
f 2410 2398 2396
f 2410 2396 2408
f 2411 2399 2400
f 2409 2399 2411
f 2412 2400 2398
f 2412 2398 2410
f 2411 2400 2412
f 2413 2401 2403
f 2414 2402 2401
f 2414 2401 2413
f 2415 2403 2405
f 2413 2403 2415
f 2416 2404 2402
f 2416 2402 2414
f 2417 2405 2407
f 2415 2405 2417
f 2418 2406 2404
f 2418 2404 2416
f 2419 2407 2409
f 2417 2407 2419
f 2420 2408 2406
f 2420 2406 2418
f 2421 2409 2411
f 2419 2409 2421
f 2422 2410 2408
f 2422 2408 2420
f 2423 2411 2412
f 2421 2411 2423
f 2424 2412 2410
f 2424 2410 2422
f 2423 2412 2424
f 2425 2413 2415
f 2426 2414 2413
f 2426 2413 2425
f 2427 2415 2417
f 2425 2415 2427
f 2428 2416 2414
f 2428 2414 2426
f 2429 2417 2419
f 2427 2417 2429
f 2430 2418 2416
f 2430 2416 2428
f 2431 2419 2421
f 2429 2419 2431
f 2432 2420 2418
f 2432 2418 2430
f 2433 2421 2423
f 2431 2421 2433
f 2434 2422 2420
f 2434 2420 2432
f 2435 2423 2424
f 2433 2423 2435
f 2436 2424 2422
f 2436 2422 2434
f 2435 2424 2436
f 2437 2425 2427
f 2438 2426 2425
f 2438 2425 2437
f 2439 2427 2429
f 2437 2427 2439
f 2440 2429 2431
f 2439 2429 2440
f 2441 2428 2426
f 2441 2426 2438
f 2442 2430 2428
f 2442 2428 2441
f 2443 2431 2433
f 2440 2431 2443
f 2444 2433 2435
f 2443 2433 2444
f 2445 2432 2430
f 2445 2430 2442
f 2446 2435 2436
f 2444 2435 2446
f 2447 2434 2432
f 2447 2432 2445
f 2448 2436 2434
f 2448 2434 2447
f 2446 2436 2448
f 2449 2437 2439
f 2450 2439 2440
f 2449 2439 2450
f 2451 2438 2437
f 2451 2437 2449
f 2452 2440 2443
f 2450 2440 2452
f 2453 2441 2438
f 2453 2438 2451
f 2454 2443 2444
f 2452 2443 2454
f 2455 2442 2441
f 2455 2441 2453
f 2456 2444 2446
f 2454 2444 2456
f 2457 2445 2442
f 2457 2442 2455
f 2458 2446 2448
f 2456 2446 2458
f 2459 2447 2445
f 2459 2445 2457
f 2460 2448 2447
f 2458 2448 2460
f 2460 2447 2459
f 2461 2449 2450
f 2462 2450 2452
f 2461 2450 2462
f 2463 2451 2449
f 2463 2449 2461
f 2464 2452 2454
f 2462 2452 2464
f 2465 2453 2451
f 2465 2451 2463
f 2466 2454 2456
f 2464 2454 2466
f 2467 2455 2453
f 2467 2453 2465
f 2468 2456 2458
f 2466 2456 2468
f 2469 2457 2455
f 2469 2455 2467
f 2470 2458 2460
f 2468 2458 2470
f 2471 2459 2457
f 2471 2457 2469
f 2472 2460 2459
f 2470 2460 2472
f 2472 2459 2471
f 2473 2461 2462
f 2474 2463 2461
f 2474 2461 2473
f 2475 2462 2464
f 2473 2462 2475
f 2476 2464 2466
f 2475 2464 2476
f 2477 2465 2463
f 2477 2463 2474
f 2478 2466 2468
f 2476 2466 2478
f 2479 2467 2465
f 2479 2465 2477
f 2480 2468 2470
f 2478 2468 2480
f 2481 2469 2467
f 2481 2467 2479
f 2482 2470 2472
f 2480 2470 2482
f 2483 2471 2469
f 2483 2469 2481
f 2484 2472 2471
f 2482 2472 2484
f 2484 2471 2483
f 2485 2473 2475
f 2486 2475 2476
f 2485 2475 2486
f 2487 2474 2473
f 2487 2473 2485
f 2488 2476 2478
f 2486 2476 2488
f 2489 2477 2474
f 2489 2474 2487
f 2490 2478 2480
f 2488 2478 2490
f 2491 2479 2477
f 2491 2477 2489
f 2492 2480 2482
f 2490 2480 2492
f 2493 2481 2479
f 2493 2479 2491
f 2494 2485 2486
f 2495 2486 2488
f 2494 2486 2495
f 2496 2482 2484
f 2492 2482 2496
f 2497 2487 2485
f 2497 2485 2494
f 2498 2483 2481
f 2498 2481 2493
f 2499 2488 2490
f 2495 2488 2499
f 2500 2484 2483
f 2496 2484 2500
f 2500 2483 2498
f 2501 2489 2487
f 2501 2487 2497
f 2502 2495 2503
f 2503 2495 2499
f 2503 2499 2504
f 2502 2494 2495
f 2505 2494 2502
f 2499 2490 2506
f 2506 2490 2492
f 2505 2497 2494
f 2507 2491 2489
f 2507 2489 2501
f 2504 2499 2506
f 2504 2506 2508
f 2509 2497 2505
f 2509 2501 2497
f 2506 2492 2510
f 2510 2492 2496
f 2511 2493 2491
f 2511 2491 2507
f 2508 2506 2510
f 2508 2510 2512
f 2513 2501 2509
f 2513 2507 2501
f 2514 2496 2500
f 2510 2496 2514
f 2515 2498 2493
f 2515 2493 2511
f 2512 2510 2514
f 2512 2514 2516
f 2517 2500 2498
f 2514 2500 2517
f 2517 2498 2515
f 2518 2507 2513
f 2518 2511 2507
f 2516 2514 2517
f 2516 2517 2519
f 2520 2511 2518
f 2520 2515 2511
f 2519 2515 2520
f 2519 2517 2515
f 2521 2522 2523
f 2523 2522 2524
f 2525 2522 2521
f 2524 2522 2526
f 2527 2522 2525
f 2526 2522 2528
f 2529 2522 2527
f 2528 2522 2530
f 2531 2522 2529
f 2530 2522 2532
f 2533 2522 2531
f 2532 2522 2533
f 2534 2521 2523
f 2535 2523 2524
f 2534 2523 2535
f 2536 2525 2521
f 2536 2521 2534
f 2537 2524 2526
f 2535 2524 2537
f 2538 2527 2525
f 2538 2525 2536
f 2539 2526 2528
f 2537 2526 2539
f 2540 2529 2527
f 2540 2527 2538
f 2541 2528 2530
f 2539 2528 2541
f 2542 2531 2529
f 2542 2529 2540
f 2543 2530 2532
f 2541 2530 2543
f 2544 2533 2531
f 2544 2531 2542
f 2545 2532 2533
f 2543 2532 2545
f 2545 2533 2544
f 2546 2537 2539
f 2547 2535 2537
f 2547 2537 2546
f 2548 2539 2541
f 2546 2539 2548
f 2549 2541 2543
f 2548 2541 2549
f 2550 2543 2545
f 2549 2543 2550
f 2551 2534 2535
f 2551 2535 2547
f 2552 2545 2544
f 2550 2545 2552
f 2553 2536 2534
f 2553 2534 2551
f 2554 2544 2542
f 2552 2544 2554
f 2555 2538 2536
f 2555 2536 2553
f 2556 2540 2538
f 2556 2538 2555
f 2557 2542 2540
f 2557 2540 2556
f 2554 2542 2557
f 2558 2547 2546
f 2559 2546 2548
f 2558 2546 2559
f 2560 2551 2547
f 2560 2547 2558
f 2561 2553 2551
f 2561 2551 2560
f 2562 2548 2549
f 2559 2548 2562
f 2563 2555 2553
f 2563 2553 2561
f 2564 2549 2550
f 2562 2549 2564
f 2565 2556 2555
f 2565 2555 2563
f 2566 2550 2552
f 2564 2550 2566
f 2567 2552 2554
f 2566 2552 2567
f 2568 2554 2557
f 2567 2554 2568
f 2569 2557 2556
f 2568 2557 2569
f 2569 2556 2565
f 2570 2558 2559
f 2571 2559 2562
f 2570 2559 2571
f 2572 2560 2558
f 2572 2558 2570
f 2573 2561 2560
f 2573 2560 2572
f 2574 2562 2564
f 2571 2562 2574
f 2575 2563 2561
f 2575 2561 2573
f 2576 2564 2566
f 2574 2564 2576
f 2577 2565 2563
f 2577 2563 2575
f 2578 2566 2567
f 2576 2566 2578
f 2579 2569 2565
f 2579 2565 2577
f 2580 2567 2568
f 2578 2567 2580
f 2581 2568 2569
f 2580 2568 2581
f 2581 2569 2579
f 2582 2571 2574
f 2583 2574 2576
f 2582 2574 2583
f 2584 2570 2571
f 2584 2571 2582
f 2585 2572 2570
f 2585 2570 2584
f 2586 2573 2572
f 2586 2572 2585
f 2587 2576 2578
f 2583 2576 2587
f 2588 2575 2573
f 2588 2573 2586
f 2589 2578 2580
f 2587 2578 2589
f 2590 2577 2575
f 2590 2575 2588
f 2591 2580 2581
f 2589 2580 2591
f 2592 2581 2579
f 2591 2581 2592
f 2593 2579 2577
f 2592 2579 2593
f 2593 2577 2590
f 2594 2584 2582
f 2595 2582 2583
f 2594 2582 2595
f 2596 2585 2584
f 2596 2584 2594
f 2597 2583 2587
f 2595 2583 2597
f 2598 2586 2585
f 2598 2585 2596
f 2599 2587 2589
f 2597 2587 2599
f 2600 2588 2586
f 2600 2586 2598
f 2601 2589 2591
f 2599 2589 2601
f 2602 2590 2588
f 2602 2588 2600
f 2603 2591 2592
f 2601 2591 2603
f 2604 2593 2590
f 2604 2590 2602
f 2605 2592 2593
f 2603 2592 2605
f 2605 2593 2604
f 2606 2594 2595
f 2607 2595 2597
f 2606 2595 2607
f 2608 2596 2594
f 2608 2594 2606
f 2609 2597 2599
f 2607 2597 2609
f 2610 2598 2596
f 2610 2596 2608
f 2611 2599 2601
f 2609 2599 2611
f 2612 2600 2598
f 2612 2598 2610
f 2613 2601 2603
f 2611 2601 2613
f 2614 2602 2600
f 2614 2600 2612
f 2615 2603 2605
f 2613 2603 2615
f 2616 2604 2602
f 2616 2602 2614
f 2617 2605 2604
f 2615 2605 2617
f 2617 2604 2616
f 2618 2607 2609
f 2619 2609 2611
f 2618 2609 2619
f 2620 2606 2607
f 2620 2607 2618
f 2621 2608 2606
f 2621 2606 2620
f 2622 2610 2608
f 2622 2608 2621
f 2623 2611 2613
f 2619 2611 2623
f 2624 2612 2610
f 2624 2610 2622
f 2625 2613 2615
f 2623 2613 2625
f 2626 2614 2612
f 2626 2612 2624
f 2627 2615 2617
f 2625 2615 2627
f 2628 2617 2616
f 2627 2617 2628
f 2629 2616 2614
f 2628 2616 2629
f 2629 2614 2626
f 2630 2618 2619
f 2631 2619 2623
f 2630 2619 2631
f 2632 2620 2618
f 2632 2618 2630
f 2633 2621 2620
f 2633 2620 2632
f 2634 2623 2625
f 2631 2623 2634
f 2635 2622 2621
f 2635 2621 2633
f 2636 2625 2627
f 2634 2625 2636
f 2637 2624 2622
f 2637 2622 2635
f 2638 2627 2628
f 2636 2627 2638
f 2639 2626 2624
f 2639 2624 2637
f 2640 2628 2629
f 2638 2628 2640
f 2641 2629 2626
f 2641 2626 2639
f 2640 2629 2641
f 2642 2630 2631
f 2643 2632 2630
f 2643 2630 2642
f 2644 2631 2634
f 2642 2631 2644
f 2645 2633 2632
f 2645 2632 2643
f 2646 2634 2636
f 2644 2634 2646
f 2647 2635 2633
f 2647 2633 2645
f 2648 2636 2638
f 2646 2636 2648
f 2649 2637 2635
f 2649 2635 2647
f 2650 2638 2640
f 2648 2638 2650
f 2651 2639 2637
f 2651 2637 2649
f 2652 2642 2644
f 2653 2644 2646
f 2652 2644 2653
f 2654 2643 2642
f 2654 2642 2652
f 2655 2645 2643
f 2655 2643 2654
f 2656 2640 2641
f 2650 2640 2656
f 2657 2641 2639
f 2656 2641 2657
f 2657 2639 2651
f 2658 2646 2648
f 2653 2646 2658
f 2659 2647 2645
f 2659 2645 2655
f 2660 2648 2650
f 2658 2648 2660
f 2661 2649 2647
f 2661 2647 2659
f 2662 2650 2656
f 2660 2650 2662
f 2663 2651 2649
f 2663 2649 2661
f 2664 2656 2657
f 2662 2656 2664
f 2665 2657 2651
f 2664 2657 2665
f 2665 2651 2663
f 2666 2652 2653
f 2667 2653 2658
f 2666 2653 2667
f 2668 2654 2652
f 2668 2652 2666
f 2669 2655 2654
f 2669 2654 2668
f 2670 2658 2660
f 2667 2658 2670
f 2671 2659 2655
f 2671 2655 2669
f 2672 2660 2662
f 2670 2660 2672
f 2673 2661 2659
f 2673 2659 2671
f 2674 2662 2664
f 2672 2662 2674
f 2675 2663 2661
f 2675 2661 2673
f 2676 2664 2665
f 2674 2664 2676
f 2677 2665 2663
f 2676 2665 2677
f 2677 2663 2675
f 2678 2666 2667
f 2679 2667 2670
f 2678 2667 2679
f 2680 2668 2666
f 2680 2666 2678
f 2681 2670 2672
f 2679 2670 2681
f 2682 2669 2668
f 2682 2668 2680
f 2683 2672 2674
f 2681 2672 2683
f 2684 2671 2669
f 2684 2669 2682
f 2685 2674 2676
f 2683 2674 2685
f 2686 2673 2671
f 2686 2671 2684
f 2687 2676 2677
f 2685 2676 2687
f 2688 2675 2673
f 2688 2673 2686
f 2689 2677 2675
f 2687 2677 2689
f 2689 2675 2688
f 2690 2678 2679
f 2691 2679 2681
f 2690 2679 2691
f 2692 2680 2678
f 2692 2678 2690
f 2693 2681 2683
f 2691 2681 2693
f 2694 2682 2680
f 2694 2680 2692
f 2695 2683 2685
f 2693 2683 2695
f 2696 2684 2682
f 2696 2682 2694
f 2697 2685 2687
f 2695 2685 2697
f 2698 2686 2684
f 2698 2684 2696
f 2699 2687 2689
f 2697 2687 2699
f 2700 2688 2686
f 2700 2686 2698
f 2701 2689 2688
f 2699 2689 2701
f 2701 2688 2700
f 2702 2690 2691
f 2703 2691 2693
f 2702 2691 2703
f 2704 2692 2690
f 2704 2690 2702
f 2705 2693 2695
f 2703 2693 2705
f 2706 2694 2692
f 2706 2692 2704
f 2707 2695 2697
f 2705 2695 2707
f 2708 2696 2694
f 2708 2694 2706
f 2709 2697 2699
f 2707 2697 2709
f 2710 2698 2696
f 2710 2696 2708
f 2711 2699 2701
f 2709 2699 2711
f 2712 2700 2698
f 2712 2698 2710
f 2713 2701 2700
f 2711 2701 2713
f 2713 2700 2712
f 2714 2702 2703
f 2715 2703 2705
f 2714 2703 2715
f 2716 2704 2702
f 2716 2702 2714
f 2717 2705 2707
f 2715 2705 2717
f 2718 2706 2704
f 2718 2704 2716
f 2719 2707 2709
f 2717 2707 2719
f 2720 2708 2706
f 2720 2706 2718
f 2721 2709 2711
f 2719 2709 2721
f 2722 2710 2708
f 2722 2708 2720
f 2723 2711 2713
f 2721 2711 2723
f 2724 2712 2710
f 2724 2710 2722
f 2725 2713 2712
f 2723 2713 2725
f 2725 2712 2724
f 2726 2714 2715
f 2727 2715 2717
f 2726 2715 2727
f 2728 2716 2714
f 2728 2714 2726
f 2729 2717 2719
f 2727 2717 2729
f 2730 2718 2716
f 2730 2716 2728
f 2731 2719 2721
f 2729 2719 2731
f 2732 2720 2718
f 2732 2718 2730
f 2733 2721 2723
f 2731 2721 2733
f 2734 2722 2720
f 2734 2720 2732
f 2735 2723 2725
f 2733 2723 2735
f 2736 2724 2722
f 2736 2722 2734
f 2737 2726 2727
f 2738 2727 2729
f 2737 2727 2738
f 2739 2728 2726
f 2739 2726 2737
f 2740 2725 2724
f 2735 2725 2740
f 2740 2724 2736
f 2741 2729 2731
f 2738 2729 2741
f 2742 2730 2728
f 2742 2728 2739
f 2743 2731 2733
f 2741 2731 2743
f 2744 2732 2730
f 2744 2730 2742
f 2745 2733 2735
f 2743 2733 2745
f 2746 2734 2732
f 2746 2732 2744
f 2747 2735 2740
f 2745 2735 2747
f 2748 2737 2738
f 2749 2738 2741
f 2748 2738 2749
f 2750 2736 2734
f 2750 2734 2746
f 2751 2739 2737
f 2751 2737 2748
f 2752 2741 2743
f 2749 2741 2752
f 2753 2740 2736
f 2747 2740 2753
f 2753 2736 2750
f 2754 2742 2739
f 2754 2739 2751
f 2755 2743 2745
f 2752 2743 2755
f 2756 2744 2742
f 2756 2742 2754
f 2757 2745 2747
f 2755 2745 2757
f 2758 2746 2744
f 2758 2744 2756
f 2759 2748 2749
f 2760 2749 2752
f 2759 2749 2760
f 2761 2747 2753
f 2757 2747 2761
f 2762 2751 2748
f 2762 2748 2759
f 2763 2750 2746
f 2763 2746 2758
f 2764 2752 2755
f 2760 2752 2764
f 2765 2753 2750
f 2761 2753 2765
f 2766 2754 2751
f 2766 2751 2762
f 2765 2750 2763
f 2767 2755 2757
f 2764 2755 2767
f 2768 2756 2754
f 2768 2754 2766
f 2769 2757 2761
f 2767 2757 2769
f 2770 2758 2756
f 2770 2756 2768
f 2771 2759 2760
f 2772 2760 2764
f 2771 2760 2772
f 2773 2761 2765
f 2769 2761 2773
f 2774 2762 2759
f 2774 2759 2771
f 2775 2763 2758
f 2775 2758 2770
f 2776 2764 2767
f 2772 2764 2776
f 2777 2765 2763
f 2773 2765 2777
f 2778 2766 2762
f 2778 2762 2774
f 2777 2763 2775
f 2779 2767 2769
f 2776 2767 2779
f 2780 2768 2766
f 2780 2766 2778
f 2781 2769 2773
f 2779 2769 2781
f 2782 2770 2768
f 2782 2768 2780
f 2783 2773 2777
f 2781 2773 2783
f 2784 2771 2772
f 2785 2772 2776
f 2784 2772 2785
f 2786 2774 2771
f 2786 2771 2784
f 2787 2775 2770
f 2787 2770 2782
f 2788 2776 2779
f 2785 2776 2788
f 2789 2777 2775
f 2783 2777 2789
f 2789 2775 2787
f 2790 2778 2774
f 2790 2774 2786
f 2791 2779 2781
f 2788 2779 2791
f 2792 2780 2778
f 2792 2778 2790
f 2793 2781 2783
f 2791 2781 2793
f 2794 2782 2780
f 2794 2780 2792
f 2795 2783 2789
f 2793 2783 2795
f 2796 2787 2782
f 2796 2782 2794
f 2797 2784 2785
f 2798 2785 2788
f 2797 2785 2798
f 2799 2786 2784
f 2799 2784 2797
f 2800 2789 2787
f 2795 2789 2800
f 2800 2787 2796
f 2801 2788 2791
f 2798 2788 2801
f 2802 2790 2786
f 2802 2786 2799
f 2803 2791 2793
f 2801 2791 2803
f 2804 2792 2790
f 2804 2790 2802
f 2805 2793 2795
f 2803 2793 2805
f 2806 2794 2792
f 2806 2792 2804
f 2807 2795 2800
f 2805 2795 2807
f 2808 2797 2798
f 2809 2798 2801
f 2808 2798 2809
f 2810 2799 2797
f 2810 2797 2808
f 2811 2796 2794
f 2811 2794 2806
f 2812 2801 2803
f 2809 2801 2812
f 2813 2800 2796
f 2807 2800 2813
f 2814 2802 2799
f 2814 2799 2810
f 2813 2796 2811
f 2815 2803 2805
f 2812 2803 2815
f 2816 2804 2802
f 2816 2802 2814
f 2817 2805 2807
f 2815 2805 2817
f 2818 2806 2804
f 2818 2804 2816
f 2819 2807 2813
f 2817 2807 2819
f 2820 2811 2806
f 2820 2806 2818
f 2821 2808 2809
f 2822 2809 2812
f 2821 2809 2822
f 2823 2810 2808
f 2823 2808 2821
f 2824 2813 2811
f 2819 2813 2824
f 2824 2811 2820
f 2825 2812 2815
f 2822 2812 2825
f 2826 2814 2810
f 2826 2810 2823
f 2827 2815 2817
f 2825 2815 2827
f 2828 2816 2814
f 2828 2814 2826
f 2829 2817 2819
f 2827 2817 2829
f 2830 2818 2816
f 2830 2816 2828
f 2831 2819 2824
f 2829 2819 2831
f 2832 2820 2818
f 2832 2818 2830
f 2833 2824 2820
f 2831 2824 2833
f 2833 2820 2832
f 2834 2821 2822
f 2835 2822 2825
f 2834 2822 2835
f 2836 2823 2821
f 2836 2821 2834
f 2837 2825 2827
f 2835 2825 2837
f 2838 2826 2823
f 2838 2823 2836
f 2839 2827 2829
f 2837 2827 2839
f 2840 2828 2826
f 2840 2826 2838
f 2841 2829 2831
f 2839 2829 2841
f 2842 2830 2828
f 2842 2828 2840
f 2843 2831 2833
f 2841 2831 2843
f 2844 2832 2830
f 2844 2830 2842
f 2845 2833 2832
f 2843 2833 2845
f 2845 2832 2844
f 2846 2834 2835
f 2847 2835 2837
f 2846 2835 2847
f 2848 2836 2834
f 2848 2834 2846
f 2849 2837 2839
f 2847 2837 2849
f 2850 2838 2836
f 2850 2836 2848
f 2851 2839 2841
f 2849 2839 2851
f 2852 2840 2838
f 2852 2838 2850
f 2853 2841 2843
f 2851 2841 2853
f 2854 2842 2840
f 2854 2840 2852
f 2855 2843 2845
f 2853 2843 2855
f 2856 2844 2842
f 2856 2842 2854
f 2857 2845 2844
f 2855 2845 2857
f 2857 2844 2856
f 2858 2846 2847
f 2859 2847 2849
f 2858 2847 2859
f 2860 2848 2846
f 2860 2846 2858
f 2861 2850 2848
f 2861 2848 2860
f 2862 2849 2851
f 2859 2849 2862
f 2863 2852 2850
f 2863 2850 2861
f 2864 2851 2853
f 2862 2851 2864
f 2865 2853 2855
f 2864 2853 2865
f 2866 2854 2852
f 2866 2852 2863
f 2867 2856 2854
f 2867 2854 2866
f 2868 2855 2857
f 2865 2855 2868
f 2869 2857 2856
f 2868 2857 2869
f 2869 2856 2867
f 2870 2860 2858
f 2871 2858 2859
f 2870 2858 2871
f 2872 2861 2860
f 2872 2860 2870
f 2873 2859 2862
f 2871 2859 2873
f 2874 2863 2861
f 2874 2861 2872
f 2875 2862 2864
f 2873 2862 2875
f 2876 2866 2863
f 2876 2863 2874
f 2877 2864 2865
f 2875 2864 2877
f 2878 2867 2866
f 2878 2866 2876
f 2879 2865 2868
f 2877 2865 2879
f 2880 2869 2867
f 2880 2867 2878
f 2881 2868 2869
f 2879 2868 2881
f 2881 2869 2880
f 2882 2870 2871
f 2883 2871 2873
f 2882 2871 2883
f 2884 2872 2870
f 2884 2870 2882
f 2885 2873 2875
f 2883 2873 2885
f 2886 2874 2872
f 2886 2872 2884
f 2887 2875 2877
f 2885 2875 2887
f 2888 2876 2874
f 2888 2874 2886
f 2889 2877 2879
f 2887 2877 2889
f 2890 2878 2876
f 2890 2876 2888
f 2891 2879 2881
f 2889 2879 2891
f 2892 2880 2878
f 2892 2878 2890
f 2893 2881 2880
f 2891 2881 2893
f 2893 2880 2892
f 2894 2882 2883
f 2895 2883 2885
f 2894 2883 2895
f 2896 2884 2882
f 2896 2882 2894
f 2897 2886 2884
f 2897 2884 2896
f 2898 2885 2887
f 2895 2885 2898
f 2899 2888 2886
f 2899 2886 2897
f 2900 2887 2889
f 2898 2887 2900
f 2901 2890 2888
f 2901 2888 2899
f 2902 2889 2891
f 2900 2889 2902
f 2903 2892 2890
f 2903 2890 2901
f 2904 2891 2893
f 2902 2891 2904
f 2905 2893 2892
f 2904 2893 2905
f 2905 2892 2903
f 2906 2894 2895
f 2907 2895 2898
f 2906 2895 2907
f 2908 2896 2894
f 2908 2894 2906
f 2909 2897 2896
f 2909 2896 2908
f 2910 2898 2900
f 2907 2898 2910
f 2911 2899 2897
f 2911 2897 2909
f 2912 2900 2902
f 2910 2900 2912
f 2913 2901 2899
f 2913 2899 2911
f 2914 2902 2904
f 2912 2902 2914
f 2915 2903 2901
f 2915 2901 2913
f 2916 2904 2905
f 2914 2904 2916
f 2917 2905 2903
f 2916 2905 2917
f 2917 2903 2915
f 2918 2906 2907
f 2919 2907 2910
f 2918 2907 2919
f 2920 2908 2906
f 2920 2906 2918
f 2921 2909 2908
f 2921 2908 2920
f 2922 2910 2912
f 2919 2910 2922
f 2923 2911 2909
f 2923 2909 2921
f 2924 2912 2914
f 2922 2912 2924
f 2925 2913 2911
f 2925 2911 2923
f 2926 2914 2916
f 2924 2914 2926
f 2927 2915 2913
f 2927 2913 2925
f 2928 2916 2917
f 2926 2916 2928
f 2929 2917 2915
f 2928 2917 2929
f 2929 2915 2927
f 2930 2918 2919
f 2931 2919 2922
f 2930 2919 2931
f 2932 2920 2918
f 2932 2918 2930
f 2933 2921 2920
f 2933 2920 2932
f 2934 2922 2924
f 2931 2922 2934
f 2935 2923 2921
f 2935 2921 2933
f 2936 2924 2926
f 2934 2924 2936
f 2937 2925 2923
f 2937 2923 2935
f 2938 2926 2928
f 2936 2926 2938
f 2939 2927 2925
f 2939 2925 2937
f 2940 2928 2929
f 2938 2928 2940
f 2941 2929 2927
f 2940 2929 2941
f 2941 2927 2939
