# 
# Wavefront OBJ file
# Created with Kaydara FBX
# 
mtllib c:\users\tjvan\onedrive\documenten\fontys\minor\nx\.mtlmodels\anterior_tibial_vein.r.obj

g Anterior_tibial_vein_r
v -0.106536 0.361750 -0.032415
v -0.106563 0.357904 -0.032366
v -0.106576 0.357912 -0.032815
v -0.106352 0.354541 -0.032974
v -0.106550 0.361732 -0.032866
v -0.106364 0.357925 -0.033210
v -0.106143 0.354591 -0.033366
v -0.106298 0.361756 -0.032032
v -0.106336 0.354508 -0.032529
v -0.106326 0.357905 -0.031984
v -0.106196 0.366212 -0.032729
v -0.106337 0.361706 -0.033262
v -0.106214 0.366157 -0.033179
v -0.105957 0.366230 -0.032345
v -0.105982 0.357940 -0.033446
v -0.105766 0.354647 -0.033599
v -0.105934 0.351477 -0.033294
v -0.105730 0.351559 -0.033681
v -0.106101 0.354503 -0.032149
v -0.105916 0.351424 -0.032853
v -0.105901 0.361748 -0.031818
v -0.105931 0.357912 -0.031771
v -0.106004 0.366080 -0.033573
v -0.105954 0.361680 -0.033499
v -0.105560 0.366205 -0.032129
v -0.105538 0.369958 -0.033414
v -0.105570 0.369830 -0.033867
v -0.105283 0.370004 -0.033020
v -0.105359 0.351648 -0.033910
v -0.105708 0.354526 -0.031936
v -0.105681 0.351415 -0.032475
v -0.105624 0.366001 -0.033806
v -0.105372 0.369655 -0.034257
v -0.105534 0.357953 -0.033460
v -0.105321 0.354692 -0.033611
v -0.105503 0.361661 -0.033512
v -0.104874 0.369956 -0.032790
v -0.105384 0.348580 -0.033722
v -0.105185 0.348680 -0.034105
v -0.105451 0.361729 -0.031831
v -0.105482 0.357926 -0.031785
v -0.105364 0.348514 -0.033284
v -0.105111 0.366146 -0.032139
v -0.104920 0.351720 -0.033919
v -0.104819 0.348790 -0.034329
v -0.105292 0.351451 -0.032262
v -0.105264 0.354571 -0.031948
v -0.105129 0.348502 -0.032909
v -0.105175 0.365942 -0.033816
v -0.104995 0.369479 -0.034480
v -0.104420 0.369827 -0.032786
v -0.104434 0.372783 -0.034635
v -0.104505 0.372560 -0.035066
v -0.105138 0.357961 -0.033247
v -0.104928 0.354715 -0.033399
v -0.104154 0.372868 -0.034242
v -0.105106 0.361653 -0.033299
v -0.105068 0.361703 -0.032068
v -0.105101 0.357941 -0.032021
v -0.104731 0.366067 -0.032372
v -0.104761 0.345703 -0.034206
v -0.104563 0.345808 -0.034587
v -0.104740 0.345635 -0.033771
v -0.104385 0.348879 -0.034336
v -0.104347 0.372258 -0.035419
v -0.104531 0.351756 -0.033706
v -0.104853 0.351523 -0.032271
v -0.104743 0.348547 -0.032696
v -0.103739 0.372791 -0.033991
v -0.104886 0.354627 -0.032182
v -0.104200 0.345922 -0.034809
v -0.104778 0.365918 -0.033600
v -0.104541 0.369350 -0.034476
v -0.104507 0.345622 -0.033397
v -0.104902 0.357961 -0.032865
v -0.104693 0.354710 -0.033019
v -0.104855 0.361677 -0.032465
v -0.104888 0.357953 -0.032417
v -0.104869 0.361659 -0.032915
v -0.104043 0.369651 -0.033009
v -0.104521 0.365990 -0.032767
v -0.104004 0.371958 -0.035599
v -0.103999 0.348923 -0.034123
v -0.104296 0.351746 -0.033329
v -0.104677 0.354678 -0.032574
v -0.104482 0.351612 -0.032500
v -0.104538 0.365935 -0.033216
v -0.103302 0.372574 -0.033950
v -0.104309 0.348635 -0.032702
v -0.103769 0.346015 -0.034815
v -0.104132 0.369302 -0.034246
v -0.104122 0.342697 -0.034697
v -0.103923 0.342792 -0.035077
v -0.104102 0.342635 -0.034263
v -0.104123 0.345669 -0.033185
v -0.103845 0.369476 -0.033399
v -0.104278 0.351694 -0.032887
v -0.103560 0.342897 -0.035300
v -0.103764 0.348911 -0.033748
v -0.103877 0.369348 -0.033852
v -0.103566 0.371740 -0.035558
v -0.103870 0.342625 -0.033890
v -0.102957 0.374824 -0.036307
v -0.103080 0.374523 -0.036699
v -0.103944 0.348745 -0.032927
v -0.102646 0.374940 -0.035921
v -0.102958 0.372274 -0.034130
v -0.103385 0.346062 -0.034603
v -0.102983 0.374118 -0.036991
v -0.103692 0.345762 -0.033191
v -0.103744 0.348846 -0.033310
v -0.103129 0.342983 -0.035307
v -0.102230 0.374840 -0.035645
v -0.103523 0.339409 -0.035146
v -0.103322 0.339485 -0.035526
v -0.103488 0.342668 -0.033679
v -0.103151 0.371664 -0.035307
v -0.103506 0.339361 -0.034712
v -0.102801 0.371972 -0.034483
v -0.103152 0.346050 -0.034229
v -0.102692 0.373716 -0.037105
v -0.103329 0.345876 -0.033414
v -0.102957 0.339568 -0.035751
v -0.103276 0.339354 -0.034340
v -0.102871 0.371748 -0.034914
v -0.102747 0.343026 -0.035096
v -0.103131 0.345982 -0.033794
v -0.101822 0.374551 -0.035551
v -0.103057 0.342754 -0.033686
v -0.102525 0.339637 -0.035761
v -0.102284 0.373427 -0.037012
v -0.103019 0.335685 -0.035504
v -0.102816 0.335735 -0.035885
v -0.103005 0.335655 -0.035070
v -0.102893 0.339390 -0.034131
v -0.102515 0.343016 -0.034724
v -0.102449 0.335791 -0.036112
v -0.102694 0.342858 -0.033910
v -0.101530 0.374149 -0.035665
v -0.102776 0.335652 -0.034700
v -0.102495 0.342954 -0.034289
v -0.101868 0.373327 -0.036735
v -0.102143 0.339673 -0.035552
v -0.101376 0.375926 -0.038669
v -0.101205 0.376275 -0.038312
v -0.102462 0.339459 -0.034140
v -0.102667 0.331371 -0.035724
v -0.102654 0.331360 -0.035291
v -0.102462 0.331393 -0.036105
v -0.102016 0.335838 -0.036123
v -0.101433 0.373744 -0.035957
v -0.101333 0.375457 -0.038908
v -0.100864 0.376410 -0.037932
v -0.102394 0.335678 -0.034493
v -0.101557 0.373443 -0.036349
v -0.102766 0.315694 -0.034899
v -0.102772 0.311135 -0.034738
v -0.102785 0.311122 -0.035167
v -0.102677 0.306649 -0.035059
v -0.102778 0.315677 -0.035327
v -0.102581 0.311113 -0.035545
v -0.102473 0.306649 -0.035437
v -0.102540 0.315706 -0.034534
v -0.102664 0.306658 -0.034630
v -0.102547 0.311148 -0.034373
v -0.102631 0.320371 -0.035119
v -0.102643 0.320354 -0.035547
v -0.102575 0.315658 -0.035705
v -0.102406 0.320381 -0.034753
v -0.102427 0.331361 -0.034922
v -0.102094 0.331420 -0.036332
v -0.101912 0.339666 -0.035180
v -0.102097 0.339542 -0.034365
v -0.101086 0.374994 -0.038963
v -0.102470 0.302204 -0.034997
v -0.102267 0.302212 -0.035375
v -0.102439 0.306673 -0.034265
v -0.102457 0.302209 -0.034568
v -0.102510 0.326321 -0.035324
v -0.102440 0.320334 -0.035925
v -0.102522 0.326315 -0.035755
v -0.102284 0.326327 -0.034957
v -0.102318 0.326311 -0.036134
v -0.100447 0.376295 -0.037630
v -0.102216 0.311111 -0.035770
v -0.102108 0.306658 -0.035663
v -0.102209 0.315643 -0.035930
v -0.102163 0.315708 -0.034330
v -0.102169 0.311159 -0.034170
v -0.102028 0.320379 -0.034550
v -0.101634 0.335864 -0.035916
v -0.101895 0.339618 -0.034746
v -0.102179 0.297733 -0.034971
v -0.101976 0.297747 -0.035349
v -0.102232 0.302225 -0.034203
v -0.102166 0.297735 -0.034542
v -0.101902 0.302230 -0.035600
v -0.102061 0.306690 -0.034062
v -0.102075 0.320315 -0.036149
v -0.102046 0.331376 -0.034716
v -0.101951 0.326309 -0.036361
v -0.101662 0.331444 -0.036344
v -0.101962 0.335725 -0.034504
v -0.101904 0.326332 -0.034752
v -0.101612 0.297773 -0.035575
v -0.100703 0.374660 -0.038821
v -0.101940 0.297752 -0.034177
v -0.101855 0.302248 -0.033999
v -0.100063 0.375962 -0.037488
v -0.101787 0.311115 -0.035783
v -0.101680 0.306672 -0.035676
v -0.101780 0.315636 -0.035942
v -0.101818 0.293182 -0.034975
v -0.101616 0.293201 -0.035353
v -0.101805 0.293182 -0.034546
v -0.101734 0.315701 -0.034342
v -0.101740 0.311163 -0.034182
v -0.101599 0.320368 -0.034562
v -0.101252 0.293232 -0.035579
v -0.101474 0.302254 -0.035614
v -0.101633 0.306705 -0.034075
v -0.101646 0.320304 -0.036161
v -0.101473 0.326333 -0.034765
v -0.101613 0.331400 -0.034729
v -0.101520 0.326310 -0.036373
v -0.101595 0.335781 -0.034731
v -0.101281 0.331459 -0.036138
v -0.101406 0.335861 -0.035546
v -0.101563 0.297780 -0.033974
v -0.101580 0.293200 -0.034181
v -0.101184 0.297803 -0.035588
v -0.101426 0.302272 -0.034012
v -0.101391 0.335831 -0.035112
v -0.100285 0.374545 -0.038520
v -0.101403 0.288497 -0.035001
v -0.101201 0.288518 -0.035379
v -0.099817 0.375498 -0.037544
v -0.101390 0.288496 -0.034572
v -0.101409 0.311125 -0.035579
v -0.101302 0.306690 -0.035473
v -0.101403 0.315639 -0.035738
v -0.101368 0.315686 -0.034567
v -0.101375 0.311160 -0.034408
v -0.101234 0.320350 -0.034786
v -0.100837 0.288553 -0.035604
v -0.101203 0.293231 -0.033978
v -0.101164 0.288514 -0.034207
v -0.100824 0.293268 -0.035592
v -0.101136 0.297811 -0.033987
v -0.101096 0.302277 -0.035410
v -0.101268 0.306713 -0.034301
v -0.101268 0.320303 -0.035958
v -0.101106 0.326331 -0.034991
v -0.101245 0.331427 -0.034956
v -0.101140 0.326314 -0.036168
v -0.101053 0.331460 -0.035770
v -0.099945 0.374681 -0.038140
v -0.099773 0.375029 -0.037782
v -0.100807 0.297831 -0.035385
v -0.100948 0.283623 -0.035040
v -0.100746 0.283645 -0.035418
v -0.101062 0.302290 -0.034238
v -0.101183 0.311139 -0.035214
v -0.101077 0.306705 -0.035108
v -0.101177 0.315650 -0.035373
v -0.101040 0.331449 -0.035337
v -0.100935 0.283621 -0.034611
v -0.101165 0.315668 -0.034944
v -0.101171 0.311152 -0.034785
v -0.101030 0.320330 -0.035164
v -0.099461 0.377001 -0.040891
v -0.099259 0.377376 -0.040548
v -0.099447 0.376497 -0.041102
v -0.100410 0.288592 -0.035617
v -0.100871 0.302293 -0.035045
v -0.101064 0.306713 -0.034679
v -0.101043 0.320312 -0.035592
v -0.100914 0.326320 -0.035801
v -0.100901 0.326326 -0.035370
v -0.100383 0.283681 -0.035644
v -0.100788 0.288546 -0.034003
v -0.100775 0.293267 -0.033991
v -0.098897 0.377522 -0.040165
v -0.100709 0.283639 -0.034246
v -0.100448 0.293299 -0.035389
v -0.100771 0.297837 -0.034213
v -0.100582 0.297848 -0.035020
v -0.100858 0.302298 -0.034616
v -0.099223 0.375999 -0.041124
v -0.100468 0.278506 -0.035086
v -0.100266 0.278528 -0.035464
v -0.100455 0.278503 -0.034657
v -0.100569 0.297850 -0.034591
v -0.098472 0.377399 -0.039845
v -0.099955 0.283721 -0.035657
v -0.100361 0.288585 -0.034016
v -0.100333 0.283672 -0.034043
v -0.100033 0.288625 -0.035414
v -0.100412 0.293298 -0.034217
v -0.100222 0.293316 -0.035024
v -0.099902 0.278563 -0.035690
v -0.100229 0.278521 -0.034292
v -0.098848 0.375641 -0.040953
v -0.100209 0.293316 -0.034595
v -0.099977 0.273090 -0.035130
v -0.099775 0.273110 -0.035508
v -0.099964 0.273088 -0.034701
v -0.099808 0.288643 -0.035049
v -0.098097 0.377041 -0.039673
v -0.099579 0.283755 -0.035454
v -0.099997 0.288620 -0.034242
v -0.099475 0.278602 -0.035703
v -0.099906 0.283712 -0.034056
v -0.099853 0.278554 -0.034089
v -0.099412 0.273144 -0.035734
v -0.098423 0.375518 -0.040632
v -0.099739 0.273105 -0.034336
v -0.099795 0.288641 -0.034620
v -0.097873 0.376543 -0.039696
v -0.099354 0.283773 -0.035089
v -0.099491 0.267321 -0.035165
v -0.099289 0.267338 -0.035543
v -0.099478 0.267320 -0.034736
v -0.099099 0.278635 -0.035499
v -0.099542 0.283748 -0.034282
v -0.098061 0.375663 -0.040250
v -0.098984 0.273181 -0.035747
v -0.099426 0.278593 -0.034102
v -0.099362 0.273136 -0.034133
v -0.098925 0.267369 -0.035769
v -0.099340 0.283770 -0.034660
v -0.097859 0.376038 -0.039907
v -0.099253 0.267336 -0.034371
v -0.098874 0.278653 -0.035134
v -0.099062 0.278629 -0.034327
v -0.099024 0.261142 -0.035184
v -0.098821 0.261157 -0.035562
v -0.099011 0.261142 -0.034755
v -0.098608 0.273212 -0.035544
v -0.097391 0.377981 -0.043293
v -0.097382 0.377458 -0.043506
v -0.097179 0.378371 -0.042943
v -0.098498 0.267403 -0.035782
v -0.098935 0.273174 -0.034146
v -0.098876 0.267365 -0.034168
v -0.098860 0.278651 -0.034705
v -0.098457 0.261184 -0.035788
v -0.098786 0.261157 -0.034390
v -0.097155 0.376940 -0.043524
v -0.096803 0.378522 -0.042548
v -0.098382 0.273230 -0.035179
v -0.098672 0.256282 -0.035187
v -0.098472 0.256296 -0.035561
v -0.098659 0.256282 -0.034764
v -0.098571 0.273207 -0.034372
v -0.098030 0.261215 -0.035801
v -0.098121 0.267432 -0.035579
v -0.098448 0.267400 -0.034181
v -0.096364 0.378395 -0.042216
v -0.098408 0.261184 -0.034186
v -0.098369 0.273228 -0.034750
v -0.096770 0.376568 -0.043342
v -0.098113 0.256321 -0.035784
v -0.098437 0.256297 -0.034404
v -0.098321 0.251180 -0.035191
v -0.098123 0.251193 -0.035559
v -0.098308 0.251181 -0.034773
v -0.097895 0.267448 -0.035214
v -0.098085 0.267430 -0.034407
v -0.098486 0.174457 -0.034082
v -0.098463 0.168576 -0.034071
v -0.098498 0.174440 -0.034441
v -0.098296 0.168556 -0.034383
v -0.098304 0.179608 -0.034255
v -0.098328 0.174422 -0.034756
v -0.098315 0.179599 -0.034617
v -0.097652 0.261243 -0.035597
v -0.098452 0.168603 -0.033717
v -0.098233 0.162162 -0.033506
v -0.098067 0.162138 -0.033814
v -0.098297 0.174469 -0.033778
v -0.098265 0.168629 -0.033417
v -0.098222 0.162197 -0.033157
v -0.098113 0.179606 -0.033946
v -0.097768 0.251216 -0.035779
v -0.097690 0.256350 -0.035796
v -0.097981 0.261216 -0.034200
v -0.095979 0.378022 -0.042034
v -0.098065 0.256322 -0.034203
v -0.098088 0.251195 -0.034418
v -0.096331 0.376440 -0.043010
v -0.097882 0.267448 -0.034785
v -0.097994 0.168548 -0.034570
v -0.097769 0.162134 -0.033999
v -0.098144 0.179583 -0.034936
v -0.098024 0.174408 -0.034945
v -0.097981 0.174472 -0.033608
v -0.097794 0.179596 -0.033774
v -0.097778 0.188957 -0.034397
v -0.097789 0.188952 -0.034765
v -0.097585 0.188952 -0.034084
v -0.097985 0.245806 -0.035192
v -0.097790 0.245817 -0.035555
v -0.097973 0.245807 -0.034779
v -0.097828 0.155339 -0.032741
v -0.097664 0.155313 -0.033046
v -0.098038 0.162235 -0.032860
v -0.097952 0.168648 -0.033250
v -0.097818 0.155383 -0.032397
v -0.097836 0.179564 -0.035127
v -0.097615 0.188939 -0.035090
v -0.097261 0.188938 -0.033910
v -0.097440 0.245837 -0.035772
v -0.097351 0.251243 -0.035792
v -0.097427 0.261258 -0.035232
v -0.097721 0.251218 -0.034220
v -0.097756 0.245819 -0.034429
v -0.097617 0.261243 -0.034425
v -0.095752 0.377505 -0.042052
v -0.097369 0.155310 -0.033230
v -0.097642 0.256351 -0.034216
v -0.095955 0.376592 -0.042615
v -0.097729 0.162266 -0.032697
v -0.097636 0.155431 -0.032105
v -0.097640 0.168554 -0.034582
v -0.097665 0.174402 -0.034956
v -0.097318 0.256375 -0.035596
v -0.097419 0.162149 -0.034012
v -0.097623 0.174466 -0.033619
v -0.097432 0.179578 -0.033785
v -0.097682 0.240125 -0.035187
v -0.097490 0.240133 -0.035545
v -0.097670 0.240126 -0.034780
v -0.097598 0.168654 -0.033262
v -0.097414 0.261258 -0.034803
v -0.095744 0.376981 -0.042265
v -0.097271 0.148253 -0.031775
v -0.097108 0.148222 -0.032076
v -0.097261 0.148304 -0.031436
v -0.097474 0.179547 -0.035138
v -0.097303 0.188921 -0.035283
v -0.096893 0.188920 -0.033921
v -0.097412 0.197723 -0.034513
v -0.097424 0.197718 -0.034886
v -0.097144 0.240149 -0.035760
v -0.097023 0.155332 -0.033243
v -0.097216 0.197720 -0.034195
v -0.097393 0.245839 -0.034233
v -0.097456 0.240136 -0.034434
v -0.097028 0.245860 -0.035785
v -0.097331 0.155472 -0.031945
v -0.097378 0.162281 -0.032709
v -0.097304 0.251244 -0.034232
v -0.096817 0.148220 -0.032257
v -0.097327 0.168572 -0.034415
v -0.097349 0.174405 -0.034787
v -0.097427 0.234103 -0.035174
v -0.097237 0.234109 -0.035527
v -0.097414 0.234105 -0.034772
v -0.096984 0.251266 -0.035594
v -0.097082 0.148362 -0.031149
v -0.097110 0.162180 -0.033848
v -0.097318 0.174452 -0.033808
v -0.097124 0.179559 -0.033976
v -0.097247 0.197708 -0.035215
v -0.097283 0.256376 -0.034439
v -0.097096 0.256390 -0.035236
v -0.097296 0.168646 -0.033449
v -0.096887 0.197710 -0.034018
v -0.097154 0.179536 -0.034966
v -0.096935 0.188902 -0.035294
v -0.096895 0.234120 -0.035738
v -0.097203 0.234113 -0.034431
v -0.097098 0.240153 -0.034241
v -0.096718 0.155373 -0.033082
v -0.096581 0.188901 -0.034114
v -0.097190 0.205947 -0.034603
v -0.097201 0.205944 -0.034982
v -0.096991 0.205947 -0.034280
v -0.097235 0.227708 -0.035149
v -0.097048 0.227710 -0.035498
v -0.097223 0.227710 -0.034753
v -0.096737 0.240168 -0.035772
v -0.097083 0.256390 -0.034812
v -0.096581 0.141045 -0.030603
v -0.096420 0.141009 -0.030900
v -0.096573 0.141105 -0.030269
v -0.096475 0.148247 -0.032271
v -0.096985 0.155494 -0.031958
v -0.096781 0.148412 -0.030991
v -0.097080 0.162276 -0.032894
v -0.097140 0.168599 -0.034115
v -0.096925 0.162218 -0.033552
v -0.097148 0.174434 -0.034124
v -0.097128 0.168626 -0.033761
v -0.097160 0.174417 -0.034482
v -0.096952 0.179543 -0.034295
v -0.096929 0.197694 -0.035412
v -0.096514 0.197697 -0.034029
v -0.096981 0.245862 -0.034246
v -0.096665 0.245880 -0.035590
v -0.096949 0.251267 -0.034452
v -0.096764 0.251280 -0.035239
v -0.095218 0.379092 -0.045809
v -0.095190 0.378560 -0.046050
v -0.095014 0.379487 -0.045431
v -0.097022 0.205937 -0.035316
v -0.096657 0.205941 -0.034101
v -0.097123 0.220905 -0.035111
v -0.096938 0.220904 -0.035455
v -0.097015 0.227716 -0.034417
v -0.097111 0.220908 -0.034721
v -0.096711 0.227717 -0.035706
v -0.096914 0.162253 -0.033203
v -0.096964 0.179535 -0.034657
v -0.096611 0.188888 -0.035120
v -0.097095 0.213665 -0.034672
v -0.097107 0.213662 -0.035056
v -0.096892 0.213666 -0.034344
v -0.096850 0.234126 -0.034241
v -0.096494 0.234134 -0.035751
v -0.094937 0.378036 -0.046090
v -0.094631 0.379640 -0.045017
v -0.096406 0.188888 -0.034438
v -0.096924 0.213658 -0.035395
v -0.096132 0.141007 -0.031079
v -0.096397 0.141173 -0.029987
v -0.096536 0.155421 -0.032790
v -0.096690 0.155491 -0.032141
v -0.096906 0.220911 -0.034389
v -0.096691 0.240172 -0.034254
v -0.096751 0.251280 -0.034821
v -0.096606 0.220906 -0.035660
v -0.096174 0.148297 -0.032113
v -0.096439 0.148439 -0.031005
v -0.096699 0.205928 -0.035516
v -0.096553 0.213665 -0.034162
v -0.096666 0.227724 -0.034229
v -0.096379 0.240185 -0.035579
v -0.096631 0.245882 -0.034463
v -0.096449 0.245892 -0.035239
v -0.096418 0.188883 -0.034806
v -0.096526 0.155464 -0.032446
v -0.096556 0.197681 -0.035423
v -0.096196 0.197683 -0.034225
v -0.096277 0.205933 -0.034112
v -0.096597 0.213654 -0.035597
v -0.096562 0.220915 -0.034204
v -0.096315 0.227725 -0.035718
v -0.095794 0.141039 -0.031093
v -0.096449 0.234140 -0.034253
v -0.094174 0.379510 -0.044678
v -0.096100 0.141231 -0.029832
v -0.096141 0.234147 -0.035561
v -0.096436 0.245893 -0.034826
v -0.094527 0.377658 -0.045917
v -0.095995 0.148355 -0.031826
v -0.096148 0.148437 -0.031186
v -0.096320 0.205920 -0.035527
v -0.096169 0.213663 -0.034174
v -0.096216 0.220909 -0.035672
v -0.096270 0.227733 -0.034241
v -0.096345 0.240187 -0.034468
v -0.096165 0.240195 -0.035233
v -0.095782 0.133861 -0.029222
v -0.095621 0.133819 -0.029514
v -0.095774 0.133931 -0.028894
v -0.096227 0.197671 -0.035246
v -0.096019 0.197673 -0.034554
v -0.096212 0.213651 -0.035609
v -0.096172 0.220918 -0.034216
v -0.095985 0.148406 -0.031487
v -0.095955 0.205925 -0.034312
v -0.095967 0.227734 -0.035531
v -0.095497 0.141097 -0.030939
v -0.095336 0.133816 -0.029691
v -0.095601 0.134009 -0.028617
v -0.095762 0.141263 -0.029847
v -0.096031 0.197668 -0.034928
v -0.095986 0.205915 -0.035347
v -0.095872 0.220913 -0.035487
v -0.096108 0.234151 -0.034464
v -0.095930 0.234155 -0.035219
v -0.096153 0.240196 -0.034826
v -0.094069 0.377528 -0.045579
v -0.093763 0.379132 -0.044506
v -0.095842 0.213659 -0.034376
v -0.095934 0.227739 -0.034450
v -0.095873 0.213651 -0.035427
v -0.095775 0.205917 -0.034646
v -0.095003 0.133852 -0.029706
v -0.095321 0.141165 -0.030657
v -0.095474 0.141261 -0.030026
v -0.095840 0.220920 -0.034421
v -0.095758 0.227740 -0.035194
v -0.095918 0.234156 -0.034818
v -0.095309 0.134075 -0.028466
v -0.095787 0.205914 -0.035025
v -0.095313 0.141225 -0.030323
v -0.093510 0.378608 -0.044545
v -0.095659 0.213655 -0.034715
v -0.095667 0.220916 -0.035155
v -0.095746 0.227742 -0.034798
v -0.093687 0.377681 -0.045165
v -0.095671 0.213652 -0.035100
v -0.095655 0.220919 -0.034765
v -0.094892 0.126845 -0.027629
v -0.094733 0.126796 -0.027916
v -0.094886 0.126926 -0.027308
v -0.094710 0.133918 -0.029555
v -0.094976 0.134112 -0.028481
v -0.093482 0.378077 -0.044786
v -0.094451 0.126790 -0.028091
v -0.094717 0.127016 -0.027037
v -0.094537 0.133996 -0.029279
v -0.094691 0.134108 -0.028658
v -0.094122 0.126830 -0.028106
v -0.094429 0.127091 -0.026890
v -0.094530 0.134066 -0.028950
v -0.092995 0.380549 -0.048374
v -0.092928 0.380027 -0.048667
v -0.092813 0.380938 -0.047951
v -0.093834 0.126905 -0.027959
v -0.092430 0.381088 -0.047510
v -0.094100 0.127131 -0.026905
v -0.093934 0.120141 -0.025820
v -0.093775 0.120082 -0.026101
v -0.093931 0.120235 -0.025506
v -0.092629 0.379510 -0.048750
v -0.093496 0.120073 -0.026272
v -0.093765 0.120338 -0.025242
v -0.093664 0.126995 -0.027688
v -0.093818 0.127125 -0.027080
v -0.091949 0.380960 -0.047170
v -0.093659 0.127075 -0.027367
v -0.092178 0.379138 -0.048602
v -0.093171 0.120117 -0.026289
v -0.093483 0.120423 -0.025100
v -0.091499 0.380588 -0.047023
v -0.092889 0.120202 -0.026147
v -0.093158 0.120467 -0.025117
v -0.091697 0.379010 -0.048263
v -0.092929 0.113894 -0.023791
v -0.092770 0.113822 -0.024064
v -0.092929 0.114004 -0.023487
v -0.092723 0.120305 -0.025883
v -0.092879 0.120458 -0.025288
v -0.092493 0.113809 -0.024232
v -0.092768 0.114123 -0.023232
v -0.091200 0.380071 -0.047106
v -0.092720 0.120399 -0.025569
v -0.091314 0.379160 -0.047822
v -0.091132 0.379549 -0.047399
v -0.092173 0.113857 -0.024251
v -0.092490 0.114220 -0.023095
v -0.091896 0.113953 -0.024114
v -0.092170 0.114268 -0.023113
v -0.090769 0.382571 -0.050926
v -0.090620 0.382937 -0.050446
v -0.091898 0.108246 -0.021538
v -0.091737 0.108158 -0.021801
v -0.091901 0.108377 -0.021246
v -0.090648 0.382079 -0.051286
v -0.091735 0.114073 -0.023859
v -0.091894 0.114254 -0.023281
v -0.090241 0.383077 -0.049974
v -0.091463 0.108138 -0.021965
v -0.091746 0.108516 -0.021003
v -0.091734 0.114183 -0.023554
v -0.090289 0.381592 -0.051429
v -0.091147 0.108191 -0.021985
v -0.091475 0.108628 -0.020874
v -0.089734 0.382956 -0.049637
v -0.090876 0.108302 -0.021856
v -0.091160 0.108680 -0.020894
v -0.089789 0.381241 -0.051317
v -0.089234 0.382604 -0.049525
v -0.090862 0.103350 -0.019060
v -0.090700 0.103249 -0.019313
v -0.090869 0.103499 -0.018781
v -0.090721 0.108442 -0.021613
v -0.090885 0.108660 -0.021058
v -0.090428 0.103222 -0.019471
v -0.090720 0.103656 -0.018551
v -0.090725 0.108573 -0.021321
v -0.089282 0.381119 -0.050979
v -0.088875 0.382117 -0.049667
v -0.090455 0.103779 -0.018430
v -0.090117 0.103278 -0.019493
v -0.088903 0.381260 -0.050507
v -0.088754 0.381625 -0.050027
v -0.090144 0.103834 -0.018452
v -0.089852 0.103401 -0.019372
v -0.090680 0.102595 -0.018623
v -0.090520 0.102491 -0.018868
v -0.090689 0.102747 -0.018352
v -0.089703 0.103558 -0.019142
v -0.089872 0.103808 -0.018610
v -0.088586 0.385377 -0.053408
v -0.088474 0.385701 -0.052867
v -0.090544 0.102907 -0.018129
v -0.089710 0.103707 -0.018863
v -0.090252 0.102463 -0.019022
v -0.090537 0.101996 -0.018280
v -0.090381 0.101895 -0.018521
v -0.090545 0.102143 -0.018014
v -0.088407 0.384939 -0.053839
v -0.088100 0.385825 -0.052362
v -0.090423 0.101517 -0.018011
v -0.090270 0.101419 -0.018248
v -0.090402 0.102297 -0.017794
v -0.090431 0.101659 -0.017749
v -0.090284 0.103031 -0.018013
v -0.090118 0.101867 -0.018672
v -0.090330 0.101129 -0.017798
v -0.090181 0.101035 -0.018031
v -0.090290 0.101807 -0.017531
v -0.090337 0.101265 -0.017539
v -0.089948 0.102518 -0.019043
v -0.090147 0.102417 -0.017678
v -0.090013 0.101393 -0.018396
v -0.090250 0.100803 -0.017622
v -0.090104 0.100714 -0.017852
v -0.090199 0.101408 -0.017325
v -0.090256 0.100934 -0.017368
v -0.090040 0.101923 -0.017417
v -0.089979 0.103087 -0.018034
v -0.087984 0.384505 -0.054046
v -0.089929 0.101011 -0.018177
v -0.090174 0.100511 -0.017467
v -0.090032 0.100426 -0.017694
v -0.090120 0.101074 -0.017158
v -0.090180 0.100639 -0.017218
v -0.089819 0.101921 -0.018693
v -0.087565 0.385715 -0.052028
v -0.089953 0.101520 -0.017212
v -0.090094 0.100225 -0.017316
v -0.089955 0.100144 -0.017538
v -0.090047 0.100776 -0.017012
v -0.090100 0.100352 -0.017072
v -0.089858 0.100692 -0.017996
v -0.089848 0.102470 -0.017699
v -0.089880 0.101183 -0.017047
v -0.089720 0.101444 -0.018416
v -0.089688 0.102642 -0.018927
v -0.090003 0.099922 -0.017152
v -0.089867 0.099843 -0.017370
v -0.089971 0.100488 -0.016872
v -0.090009 0.100048 -0.016915
v -0.089791 0.100407 -0.017836
v -0.089721 0.100129 -0.017679
v -0.089812 0.100885 -0.016905
v -0.089746 0.101974 -0.017437
v -0.089893 0.099575 -0.016960
v -0.089761 0.099497 -0.017172
v -0.089884 0.100185 -0.016721
v -0.089900 0.099700 -0.016729
v -0.089641 0.101061 -0.018196
v -0.089742 0.100599 -0.016770
v -0.089711 0.103058 -0.018188
v -0.089638 0.099830 -0.017509
v -0.089666 0.101570 -0.017232
v -0.089564 0.102040 -0.018577
v -0.089576 0.100742 -0.018016
v -0.089757 0.099157 -0.016723
v -0.089627 0.099080 -0.016930
v -0.089779 0.099838 -0.016542
v -0.089764 0.099282 -0.016499
v -0.089537 0.099486 -0.017309
v -0.089661 0.100298 -0.016623
v -0.089516 0.100460 -0.017857
v -0.089599 0.101233 -0.017067
v -0.089585 0.102443 -0.017850
v -0.089543 0.102802 -0.018704
v -0.089537 0.100937 -0.016926
v -0.089469 0.101559 -0.018302
v -0.089647 0.099420 -0.016318
v -0.089562 0.099953 -0.016449
v -0.089453 0.100184 -0.017702
v -0.087431 0.384191 -0.053972
v -0.089586 0.098641 -0.016423
v -0.089459 0.098564 -0.016625
v -0.089594 0.098764 -0.016205
v -0.089409 0.099070 -0.017064
v -0.089474 0.100654 -0.016792
v -0.089489 0.101947 -0.017585
v -0.087012 0.385401 -0.051955
v -0.089377 0.099888 -0.017533
v -0.089396 0.101172 -0.018084
v -0.089552 0.102954 -0.018433
v -0.089421 0.102194 -0.018357
v -0.089400 0.100356 -0.016647
v -0.089414 0.101545 -0.017378
v -0.089480 0.098901 -0.016030
v -0.089436 0.099535 -0.016228
v -0.089283 0.099546 -0.017335
v -0.089336 0.100852 -0.017906
v -0.089246 0.098554 -0.016756
v -0.089373 0.097997 -0.016044
v -0.089248 0.097921 -0.016240
v -0.089380 0.098119 -0.015832
v -0.089281 0.100569 -0.017750
v -0.089352 0.101211 -0.017211
v -0.089429 0.102342 -0.018091
v -0.089161 0.099130 -0.017090
v -0.089308 0.100013 -0.016474
v -0.089297 0.100919 -0.017069
v -0.089329 0.101708 -0.018085
v -0.089223 0.100295 -0.017599
v -0.089274 0.099015 -0.015943
v -0.089269 0.098255 -0.015661
v -0.089239 0.100639 -0.016933
v -0.089258 0.101316 -0.017870
v -0.089336 0.101850 -0.017822
v -0.089040 0.097912 -0.016367
v -0.089154 0.100001 -0.017435
v -0.089004 0.098614 -0.016781
v -0.089188 0.099595 -0.016253
v -0.089171 0.100344 -0.016787
v -0.089200 0.100991 -0.017695
v -0.089264 0.101452 -0.017611
v -0.089066 0.099660 -0.017241
v -0.089149 0.100706 -0.017544
v -0.089206 0.101123 -0.017441
v -0.089084 0.100002 -0.016611
v -0.089154 0.100834 -0.017295
v -0.089069 0.098367 -0.015577
v -0.089032 0.099076 -0.015969
v -0.088950 0.099245 -0.017000
v -0.089094 0.100432 -0.017399
v -0.086896 0.384082 -0.053638
v -0.088804 0.097971 -0.016393
v -0.089029 0.100139 -0.017242
v -0.089100 0.100558 -0.017156
v -0.086589 0.384967 -0.052161
v -0.088969 0.099585 -0.016388
v -0.088798 0.098728 -0.016695
v -0.088944 0.099799 -0.017054
v -0.089035 0.100264 -0.017004
v -0.088951 0.099924 -0.016823
v -0.088833 0.098427 -0.015603
v -0.088832 0.099383 -0.016819
v -0.088819 0.099066 -0.016100
v -0.088604 0.098083 -0.016309
v -0.088839 0.099508 -0.016595
v -0.088684 0.098866 -0.016519
v -0.086522 0.384205 -0.053133
v -0.086410 0.384529 -0.052593
v -0.088625 0.098417 -0.015731
v -0.088692 0.098989 -0.016301
v -0.088492 0.098219 -0.016138
v -0.088500 0.098341 -0.015927
v -0.086412 0.389463 -0.055163
v -0.086491 0.389193 -0.055759
v -0.086042 0.389564 -0.054628
v -0.086259 0.388828 -0.056256
v -0.085481 0.389470 -0.054296
v -0.085777 0.388464 -0.056520
v -0.084878 0.389206 -0.054257
v -0.085175 0.388200 -0.056481
v -0.084396 0.388842 -0.054521
v -0.084613 0.388106 -0.056149
v -0.084164 0.388477 -0.055017
v -0.084243 0.388208 -0.055613
v -0.084479 0.394460 -0.057276
v -0.084534 0.394251 -0.057919
v -0.084110 0.394536 -0.056713
v -0.084259 0.393966 -0.058468
v -0.083525 0.394460 -0.056381
v -0.083728 0.393680 -0.058778
v -0.082880 0.394251 -0.056368
v -0.083084 0.393471 -0.058764
v -0.082349 0.393966 -0.056677
v -0.082498 0.393395 -0.058432
v -0.082074 0.393680 -0.057227
v -0.082129 0.393471 -0.057869
v -0.097340 0.246526 -0.035239
v -0.097315 0.246411 -0.034846
v -0.097295 0.246353 -0.035225
v -0.097191 0.246286 -0.034819
v -0.097170 0.246227 -0.035201
v -0.097358 0.246580 -0.034886
v -0.097273 0.246534 -0.034487
v -0.097150 0.246409 -0.034459
v -0.097293 0.246699 -0.035241
v -0.097318 0.246695 -0.034546
v -0.097179 0.246703 -0.034154
v -0.097056 0.246578 -0.034127
v -0.097309 0.246746 -0.034928
v -0.097166 0.246825 -0.035230
v -0.097273 0.246850 -0.034620
v -0.097227 0.246857 -0.034226
v -0.097180 0.246866 -0.034961
v -0.097188 0.247000 -0.034323
v -0.097149 0.246958 -0.034689
v -0.097036 0.246903 -0.033849
v -0.097088 0.247053 -0.033928
v -0.097019 0.246237 -0.034812
v -0.096999 0.246181 -0.035175
v -0.096981 0.246355 -0.034469
v -0.096892 0.246516 -0.034152
v -0.096915 0.246777 -0.033826
v -0.096995 0.246872 -0.035209
v -0.097007 0.246907 -0.034976
v -0.097072 0.247094 -0.034419
v -0.096980 0.246988 -0.034735
v -0.097057 0.247185 -0.034041
v -0.096904 0.247269 -0.033656
v -0.096850 0.247123 -0.033574
v -0.096951 0.247264 -0.034158
v -0.096910 0.247112 -0.034489
v -0.096758 0.246707 -0.033864
v -0.096881 0.247391 -0.033780
v -0.096846 0.246278 -0.034826
v -0.096828 0.246227 -0.035153
v -0.096812 0.246385 -0.034514
v -0.096730 0.246535 -0.034222
v -0.096824 0.246825 -0.035182
v -0.096836 0.246858 -0.034969
v -0.096733 0.246993 -0.033555
v -0.096811 0.246934 -0.034745
v -0.096798 0.247269 -0.034247
v -0.096786 0.247458 -0.033912
v -0.096606 0.246712 -0.033953
v -0.096584 0.246914 -0.033605
v -0.096746 0.247050 -0.034514
v -0.096678 0.247495 -0.033413
v -0.096623 0.247351 -0.033330
v -0.096662 0.247610 -0.033545
v -0.096718 0.246398 -0.034859
v -0.096702 0.246353 -0.035142
v -0.096688 0.246493 -0.034583
v -0.096614 0.246628 -0.034318
v -0.096699 0.246699 -0.035159
v -0.096712 0.246732 -0.034941
v -0.096687 0.246809 -0.034716
v -0.096511 0.247217 -0.033316
v -0.096645 0.247451 -0.034017
v -0.096641 0.247200 -0.034285
v -0.096579 0.247664 -0.033689
v -0.096500 0.246792 -0.034070
v -0.096443 0.246907 -0.033710
v -0.096373 0.247128 -0.033377
v -0.096624 0.246925 -0.034487
v -0.096669 0.246564 -0.034901
v -0.096655 0.246526 -0.035144
v -0.096642 0.246648 -0.034657
v -0.096575 0.246771 -0.034415
v -0.096496 0.247372 -0.034067
v -0.096520 0.247073 -0.034261
v -0.096451 0.247645 -0.033807
v -0.096411 0.247720 -0.033203
v -0.096356 0.247576 -0.033120
v -0.096402 0.247828 -0.033340
v -0.096468 0.246924 -0.034182
v -0.096348 0.246974 -0.033842
v -0.096245 0.247108 -0.033496
v -0.096253 0.247436 -0.033114
v -0.096333 0.247872 -0.033494
v -0.096378 0.247242 -0.034048
v -0.096129 0.247336 -0.033185
v -0.096324 0.247096 -0.033966
v -0.096313 0.247556 -0.033868
v -0.096162 0.247163 -0.033640
v -0.096146 0.247277 -0.033771
v -0.096202 0.247421 -0.033855
v -0.096017 0.247303 -0.033315
v -0.096221 0.247839 -0.033624
v -0.096097 0.247739 -0.033695
v -0.096051 0.247788 -0.032951
v -0.095960 0.247639 -0.032950
v -0.096103 0.247932 -0.033032
v -0.096102 0.248035 -0.033172
v -0.096047 0.248068 -0.033334
v -0.095947 0.247347 -0.033469
v -0.095854 0.247527 -0.033031
v -0.095955 0.248023 -0.033474
v -0.095993 0.247598 -0.033689
v -0.095939 0.247455 -0.033606
v -0.095762 0.247482 -0.033171
v -0.095849 0.247911 -0.033555
v -0.095755 0.248120 -0.032904
v -0.095709 0.247973 -0.032825
v -0.095760 0.248219 -0.033047
v -0.095635 0.247816 -0.032831
v -0.095724 0.248242 -0.033215
v -0.095707 0.247515 -0.033333
v -0.095758 0.247763 -0.033555
v -0.095706 0.247618 -0.033474
v -0.095553 0.247692 -0.032920
v -0.095656 0.248184 -0.033363
v -0.095484 0.247634 -0.033069
v -0.095574 0.248060 -0.033452
v -0.095448 0.247658 -0.033237
v -0.095500 0.247904 -0.033458
v -0.095368 0.248269 -0.032828
v -0.095331 0.248119 -0.032752
v -0.095380 0.248365 -0.032972
v -0.095454 0.247756 -0.033379
v -0.095280 0.247954 -0.032762
v -0.095365 0.248380 -0.033143
v -0.095326 0.248311 -0.033297
v -0.095227 0.247820 -0.032857
v -0.095274 0.248177 -0.033391
v -0.095188 0.247751 -0.033010
v -0.095222 0.248012 -0.033401
v -0.095173 0.247766 -0.033181
v -0.095185 0.247862 -0.033325
v -0.094946 0.248364 -0.032812
v -0.094965 0.248458 -0.032955
v -0.094922 0.248211 -0.032736
v -0.094972 0.248468 -0.033127
v -0.094898 0.248041 -0.032748
v -0.094967 0.248392 -0.033281
v -0.094884 0.247833 -0.033169
v -0.094876 0.247823 -0.032998
v -0.094903 0.247927 -0.033312
v -0.094882 0.247899 -0.032843
v -0.094927 0.248080 -0.033388
v -0.094950 0.248250 -0.033377
v -0.094553 0.248491 -0.033173
v -0.094583 0.248413 -0.033323
v -0.094523 0.248482 -0.033005
v -0.094499 0.248388 -0.032863
v -0.094578 0.247852 -0.033203
v -0.094602 0.247945 -0.033345
v -0.094547 0.247843 -0.033034
v -0.094517 0.247921 -0.032885
v -0.094611 0.248098 -0.033422
v -0.094496 0.248064 -0.032794
v -0.094605 0.248269 -0.033414
v -0.094489 0.248236 -0.032786
v -0.101915 0.301589 -0.034393
v -0.101504 0.300948 -0.034251
v -0.101913 0.301496 -0.034565
v -0.101419 0.300913 -0.034421
v -0.101828 0.301462 -0.034738
v -0.101835 0.301716 -0.034268
v -0.101510 0.301044 -0.034083
v -0.101276 0.300946 -0.034548
v -0.101683 0.301496 -0.034865
v -0.101693 0.301843 -0.034223
v -0.101433 0.301174 -0.033962
v -0.101528 0.301936 -0.034271
v -0.101295 0.301303 -0.033920
v -0.101114 0.301040 -0.034596
v -0.101518 0.301589 -0.034913
v -0.101154 0.300505 -0.033978
v -0.101068 0.300468 -0.034145
v -0.101162 0.300604 -0.033814
v -0.100976 0.301170 -0.034554
v -0.101376 0.301716 -0.034869
v -0.101383 0.301971 -0.034399
v -0.101133 0.301398 -0.033968
v -0.100927 0.300503 -0.034271
v -0.101090 0.300737 -0.033697
v -0.100899 0.301300 -0.034433
v -0.101296 0.301843 -0.034744
v -0.101298 0.301936 -0.034572
v -0.100990 0.301431 -0.034094
v -0.100770 0.300599 -0.034321
v -0.100958 0.300870 -0.033658
v -0.100905 0.301395 -0.034264
v -0.100848 0.300154 -0.033741
v -0.100762 0.300116 -0.033906
v -0.100859 0.300255 -0.033582
v -0.100800 0.300967 -0.033708
v -0.100626 0.300153 -0.034032
v -0.100794 0.300394 -0.033470
v -0.100637 0.300732 -0.034282
v -0.100659 0.301001 -0.033834
v -0.100565 0.300866 -0.034165
v -0.100475 0.300255 -0.034086
v -0.100669 0.300532 -0.033436
v -0.100573 0.300964 -0.034001
v -0.100573 0.299881 -0.033538
v -0.100588 0.299985 -0.033383
v -0.100489 0.299845 -0.033702
v -0.100360 0.299887 -0.033831
v -0.100531 0.300130 -0.033278
v -0.100350 0.300393 -0.034052
v -0.100518 0.300634 -0.033490
v -0.100417 0.300276 -0.033252
v -0.100381 0.300671 -0.033616
v -0.100284 0.300532 -0.033941
v -0.100219 0.299996 -0.033891
v -0.100313 0.299675 -0.033367
v -0.100235 0.299643 -0.033532
v -0.100332 0.299781 -0.033215
v -0.100296 0.300633 -0.033781
v -0.100286 0.299933 -0.033119
v -0.100276 0.300385 -0.033311
v -0.100117 0.299694 -0.033666
v -0.100105 0.300143 -0.033864
v -0.100188 0.300090 -0.033102
v -0.100146 0.300427 -0.033440
v -0.099993 0.299813 -0.033735
v -0.100047 0.300287 -0.033760
v -0.100053 0.299529 -0.033225
v -0.100074 0.299635 -0.033077
v -0.099986 0.299502 -0.033394
v -0.100043 0.299793 -0.032989
v -0.100063 0.300209 -0.033171
v -0.100063 0.300391 -0.033605
v -0.099889 0.299563 -0.033537
v -0.099895 0.299970 -0.033719
v -0.099967 0.299960 -0.032984
v -0.099946 0.300260 -0.033306
v -0.099785 0.299436 -0.033119
v -0.099805 0.299541 -0.032972
v -0.099790 0.299695 -0.033618
v -0.099849 0.300121 -0.033622
v -0.099868 0.300092 -0.033065
v -0.099868 0.300227 -0.033471
v -0.099735 0.299416 -0.033292
v -0.099788 0.299702 -0.032891
v -0.099667 0.299487 -0.033445
v -0.099714 0.299862 -0.033613
v -0.099740 0.299877 -0.032897
v -0.099771 0.300153 -0.033208
v -0.099601 0.299628 -0.033537
v -0.099682 0.300020 -0.033525
v -0.099674 0.300019 -0.032989
v -0.099703 0.300126 -0.033377
v -0.099510 0.299392 -0.033054
v -0.099482 0.299376 -0.033230
v -0.099523 0.299494 -0.032907
v -0.099553 0.299803 -0.033544
v -0.099518 0.299656 -0.032829
v -0.099606 0.300089 -0.033142
v -0.099447 0.299452 -0.033390
v -0.099497 0.299834 -0.032842
v -0.099415 0.299598 -0.033489
v -0.099537 0.299965 -0.033462
v -0.099556 0.300069 -0.033315
v -0.099464 0.299980 -0.032941
v -0.099393 0.299775 -0.033501
v -0.099430 0.300055 -0.033100
v -0.099389 0.299937 -0.033423
v -0.099402 0.300040 -0.033276
v -0.099227 0.299367 -0.033206
v -0.099220 0.299444 -0.033366
v -0.099233 0.299381 -0.033029
v -0.099236 0.299482 -0.032883
v -0.099236 0.299642 -0.032806
v -0.099232 0.299819 -0.032820
v -0.099214 0.299590 -0.033466
v -0.099226 0.299965 -0.032921
v -0.099211 0.299767 -0.033480
v -0.099210 0.299927 -0.033404
v -0.099213 0.300028 -0.033258
v -0.099219 0.300042 -0.033081
v -0.098960 0.299374 -0.033212
v -0.098972 0.299450 -0.033370
v -0.098948 0.299388 -0.033037
v -0.098981 0.299594 -0.033469
v -0.098940 0.299488 -0.032893
v -0.098985 0.299769 -0.033482
v -0.098937 0.299646 -0.032818
v -0.098982 0.299928 -0.033407
v -0.098941 0.299821 -0.032831
v -0.098973 0.300027 -0.033263
v -0.098950 0.299965 -0.032930
v -0.098962 0.300041 -0.033088
v -0.098665 0.299384 -0.033244
v -0.098687 0.299458 -0.033399
v -0.098641 0.299398 -0.033073
v -0.098701 0.299601 -0.033497
v -0.098622 0.299496 -0.032931
v -0.098704 0.299774 -0.033510
v -0.098612 0.299653 -0.032857
v -0.098694 0.299931 -0.033436
v -0.098615 0.299826 -0.032871
v -0.098675 0.300029 -0.033295
v -0.098629 0.299968 -0.032968
v -0.098651 0.300043 -0.033123
v -0.098324 0.299385 -0.033300
v -0.098350 0.299458 -0.033453
v -0.098292 0.299398 -0.033132
v -0.098364 0.299599 -0.033549
v -0.098361 0.299770 -0.033563
v -0.098343 0.299925 -0.033492
v -0.098315 0.300022 -0.033353
v -0.098283 0.300036 -0.033185
v -0.098257 0.299962 -0.033033
v -0.098264 0.299495 -0.032994
v -0.098246 0.299650 -0.032922
v -0.098243 0.299821 -0.032936
v -0.102103 0.318254 -0.035131
v -0.101997 0.317765 -0.034727
v -0.101962 0.317579 -0.034964
v -0.101853 0.317132 -0.034601
v -0.102065 0.318053 -0.035372
v -0.101782 0.317445 -0.035169
v -0.101682 0.317012 -0.034805
v -0.101980 0.318455 -0.034920
v -0.101878 0.317954 -0.034520
v -0.101886 0.317304 -0.034367
v -0.101877 0.317906 -0.035578
v -0.101729 0.318602 -0.034796
v -0.101734 0.316713 -0.034281
v -0.101573 0.316609 -0.034485
v -0.101771 0.317481 -0.034166
v -0.101763 0.316870 -0.034051
v -0.101506 0.317399 -0.035287
v -0.101588 0.317852 -0.035696
v -0.101637 0.318095 -0.034400
v -0.101652 0.317037 -0.033856
v -0.101599 0.316323 -0.034003
v -0.101625 0.316464 -0.033777
v -0.101418 0.316977 -0.034925
v -0.101539 0.317617 -0.034052
v -0.101449 0.316237 -0.034207
v -0.101418 0.318656 -0.034792
v -0.101443 0.315962 -0.033764
v -0.101306 0.315896 -0.033969
v -0.101518 0.316623 -0.033589
v -0.101464 0.316088 -0.033542
v -0.101322 0.316586 -0.034608
v -0.101213 0.316229 -0.034334
v -0.101431 0.317171 -0.033749
v -0.101207 0.317454 -0.035286
v -0.101277 0.317906 -0.035692
v -0.101338 0.318150 -0.034399
v -0.101362 0.316239 -0.033363
v -0.101308 0.316756 -0.033490
v -0.101132 0.317035 -0.034928
v -0.101253 0.317675 -0.034055
v -0.101259 0.315632 -0.033565
v -0.101274 0.315741 -0.033348
v -0.101137 0.315588 -0.033772
v -0.101088 0.315907 -0.034103
v -0.101050 0.316650 -0.034617
v -0.101158 0.317234 -0.033758
v -0.101129 0.318602 -0.034909
v -0.101178 0.315887 -0.033178
v -0.101165 0.316376 -0.033275
v -0.100956 0.316301 -0.034351
v -0.101061 0.318104 -0.034517
v -0.101039 0.315334 -0.033407
v -0.100938 0.315315 -0.033614
v -0.101046 0.315428 -0.033195
v -0.100941 0.315622 -0.033913
v -0.101051 0.316829 -0.033507
v -0.100989 0.317640 -0.034175
v -0.100965 0.317595 -0.035166
v -0.101026 0.318053 -0.035568
v -0.100848 0.315993 -0.034129
v -0.100901 0.317171 -0.034814
v -0.100996 0.316031 -0.033102
v -0.100957 0.315571 -0.033035
v -0.100925 0.316461 -0.033300
v -0.100908 0.317211 -0.033880
v -0.100769 0.315375 -0.033762
v -0.100828 0.316783 -0.034509
v -0.100941 0.318455 -0.035116
v -0.100775 0.315076 -0.033291
v -0.100700 0.315081 -0.033497
v -0.100772 0.315155 -0.033086
v -0.100723 0.315725 -0.033949
v -0.100746 0.316435 -0.034252
v -0.100815 0.316821 -0.033634
v -0.100846 0.317784 -0.034960
v -0.100903 0.318254 -0.035357
v -0.100881 0.317970 -0.034722
v -0.100796 0.315724 -0.032971
v -0.100778 0.316133 -0.033138
v -0.100818 0.317520 -0.034379
v -0.100568 0.315168 -0.033650
v -0.100693 0.315296 -0.032937
v -0.100579 0.315499 -0.033810
v -0.100651 0.316129 -0.034040
v -0.100707 0.316472 -0.033434
v -0.100785 0.317348 -0.034613
v -0.100717 0.316951 -0.034314
v -0.100746 0.317107 -0.034084
v -0.100464 0.314868 -0.033221
v -0.100420 0.314892 -0.033422
v -0.100452 0.314935 -0.033025
v -0.100414 0.315313 -0.033707
v -0.100606 0.315848 -0.033019
v -0.100559 0.315461 -0.032884
v -0.100542 0.315868 -0.033873
v -0.100582 0.316167 -0.033279
v -0.100639 0.316594 -0.034064
v -0.100664 0.316735 -0.033838
v -0.100549 0.316281 -0.033861
v -0.100330 0.315001 -0.033575
v -0.100385 0.315074 -0.032886
v -0.100418 0.315652 -0.033746
v -0.100569 0.316406 -0.033639
v -0.100445 0.316014 -0.033703
v -0.100405 0.315607 -0.032942
v -0.100438 0.315908 -0.033167
v -0.100219 0.315165 -0.033638
v -0.100283 0.315249 -0.032842
v -0.100279 0.315479 -0.033655
v -0.100329 0.315795 -0.033586
v -0.100460 0.316124 -0.033486
v -0.100113 0.314720 -0.033199
v -0.100098 0.314757 -0.033391
v -0.100091 0.314778 -0.033014
v -0.100336 0.315888 -0.033374
v -0.100272 0.315694 -0.033095
v -0.100052 0.314878 -0.033537
v -0.100117 0.315340 -0.033594
v -0.100172 0.315413 -0.032905
v -0.100200 0.315620 -0.033506
v -0.100039 0.314915 -0.032884
v -0.099986 0.315052 -0.033599
v -0.100198 0.315698 -0.033301
v -0.099971 0.315094 -0.032845
v -0.100051 0.315480 -0.033455
v -0.100082 0.315522 -0.033058
v -0.099918 0.315231 -0.033560
v -0.100038 0.315546 -0.033259
v -0.099905 0.315268 -0.032907
v -0.099739 0.314679 -0.033401
v -0.099728 0.314638 -0.033223
v -0.099730 0.314803 -0.033536
v -0.099700 0.314690 -0.033049
v -0.099866 0.315368 -0.033430
v -0.099859 0.315389 -0.033053
v -0.099703 0.314975 -0.033593
v -0.099662 0.314822 -0.032927
v -0.099845 0.315425 -0.033244
v -0.099666 0.315151 -0.033554
v -0.099625 0.314997 -0.032888
v -0.099629 0.315282 -0.033432
v -0.099599 0.315170 -0.032944
v -0.099601 0.315335 -0.033258
v -0.099590 0.315293 -0.033080
v -0.099342 0.314659 -0.033449
v -0.099313 0.314618 -0.033285
v -0.099361 0.314777 -0.033571
v -0.099365 0.314942 -0.033620
v -0.099281 0.314667 -0.033123
v -0.099256 0.314791 -0.033008
v -0.099353 0.315108 -0.033581
v -0.099328 0.315232 -0.033465
v -0.099244 0.314957 -0.032969
v -0.099248 0.315121 -0.033017
v -0.099296 0.315280 -0.033303
v -0.099267 0.315240 -0.033139
v -0.103323 0.371117 -0.031667
v -0.103318 0.370451 -0.031270
v -0.103258 0.370305 -0.031549
v -0.103218 0.371283 -0.031413
v -0.103265 0.369708 -0.030923
v -0.103207 0.369597 -0.031216
v -0.103213 0.370596 -0.031005
v -0.103290 0.371697 -0.032098
v -0.103263 0.370940 -0.031929
v -0.103183 0.371885 -0.031858
v -0.103231 0.371492 -0.032340
v -0.103230 0.372201 -0.032557
v -0.103120 0.372408 -0.032333
v -0.103209 0.368903 -0.030664
v -0.103154 0.368830 -0.030968
v -0.103159 0.369824 -0.030646
v -0.103049 0.370198 -0.031766
v -0.103001 0.369520 -0.031447
v -0.103053 0.370801 -0.032128
v -0.103220 0.364574 -0.030523
v -0.103219 0.363127 -0.030653
v -0.103165 0.363157 -0.030958
v -0.103113 0.364552 -0.030231
v -0.103193 0.361504 -0.030826
v -0.103139 0.361538 -0.031129
v -0.103113 0.363099 -0.030362
v -0.103207 0.365862 -0.030448
v -0.103166 0.364597 -0.030830
v -0.103100 0.365851 -0.030154
v -0.103192 0.367004 -0.030439
v -0.103152 0.365871 -0.030757
v -0.103085 0.367011 -0.030144
v -0.103189 0.368013 -0.030508
v -0.103135 0.367975 -0.030817
v -0.103101 0.368979 -0.030376
v -0.102949 0.368780 -0.031206
v -0.102975 0.371395 -0.031235
v -0.102971 0.370700 -0.030824
v -0.102938 0.372005 -0.031685
v -0.103173 0.371972 -0.032778
v -0.103022 0.371325 -0.032520
v -0.103153 0.372638 -0.033035
v -0.103040 0.372862 -0.032827
v -0.103128 0.359692 -0.031030
v -0.103074 0.359728 -0.031331
v -0.103087 0.361475 -0.030537
v -0.103138 0.366993 -0.030749
v -0.103081 0.368049 -0.030213
v -0.102873 0.372537 -0.032166
v -0.102966 0.363181 -0.031195
v -0.102940 0.361569 -0.031364
v -0.102965 0.364613 -0.031068
v -0.102951 0.365877 -0.030997
v -0.102932 0.367947 -0.031058
v -0.102917 0.369914 -0.030459
v -0.103099 0.372388 -0.033236
v -0.102966 0.371780 -0.032938
v -0.103071 0.373018 -0.033525
v -0.102954 0.373256 -0.033333
v -0.102959 0.357710 -0.031552
v -0.103023 0.359664 -0.030741
v -0.103012 0.357674 -0.031252
v -0.102876 0.359763 -0.031565
v -0.102874 0.364536 -0.030031
v -0.102875 0.363081 -0.030163
v -0.102859 0.365841 -0.029952
v -0.102936 0.366984 -0.030990
v -0.102791 0.372999 -0.032669
v -0.102843 0.367015 -0.029941
v -0.102859 0.369038 -0.030180
v -0.103020 0.372752 -0.033708
v -0.102894 0.372179 -0.033377
v -0.102762 0.357748 -0.031784
v -0.102850 0.361459 -0.030338
v -0.102839 0.368076 -0.030012
v -0.102994 0.373351 -0.034019
v -0.102874 0.373601 -0.033843
v -0.102747 0.370157 -0.031864
v -0.102701 0.369499 -0.031553
v -0.102749 0.370737 -0.032212
v -0.102702 0.373402 -0.033186
v -0.102907 0.357651 -0.030964
v -0.102832 0.355437 -0.031481
v -0.102779 0.355471 -0.031780
v -0.102787 0.359653 -0.030543
v -0.102651 0.368766 -0.031314
v -0.102718 0.371240 -0.032589
v -0.102946 0.373074 -0.034189
v -0.102817 0.372530 -0.033835
v -0.102932 0.373649 -0.034513
v -0.102810 0.373908 -0.034349
v -0.103005 0.374679 -0.036360
v -0.102877 0.374141 -0.036092
v -0.102961 0.374400 -0.036540
v -0.102923 0.374426 -0.035925
v -0.102882 0.374957 -0.036221
v -0.102729 0.355419 -0.031194
v -0.102673 0.357646 -0.030767
v -0.102583 0.355511 -0.032011
v -0.102649 0.361588 -0.031468
v -0.102587 0.359787 -0.031668
v -0.102673 0.363194 -0.031300
v -0.102672 0.364619 -0.031175
v -0.102656 0.365876 -0.031104
v -0.102640 0.366978 -0.031098
v -0.102635 0.367936 -0.031166
v -0.102657 0.370738 -0.030775
v -0.102604 0.369953 -0.030412
v -0.102659 0.371422 -0.031180
v -0.102622 0.372025 -0.031625
v -0.102663 0.371679 -0.032993
v -0.102556 0.372553 -0.032102
v -0.102885 0.373365 -0.034673
v -0.102743 0.372845 -0.034306
v -0.102620 0.373756 -0.033707
v -0.102894 0.373921 -0.034998
v -0.102771 0.374187 -0.034845
v -0.102672 0.373924 -0.036240
v -0.102760 0.374197 -0.036714
v -0.102842 0.373888 -0.035629
v -0.102889 0.374176 -0.035470
v -0.102800 0.374702 -0.035785
v -0.102474 0.357778 -0.031887
v -0.102567 0.364530 -0.029977
v -0.102569 0.363078 -0.030109
v -0.102551 0.365835 -0.029898
v -0.102592 0.372066 -0.033421
v -0.102472 0.373014 -0.032603
v -0.102847 0.373633 -0.035154
v -0.102682 0.373132 -0.034786
v -0.102553 0.374072 -0.034226
v -0.102765 0.374448 -0.035326
v -0.102637 0.373661 -0.035758
v -0.102623 0.375161 -0.036162
v -0.102524 0.352994 -0.032003
v -0.102577 0.352963 -0.031705
v -0.102545 0.361461 -0.030284
v -0.102533 0.367014 -0.029887
v -0.102527 0.368084 -0.029958
v -0.102547 0.369064 -0.030129
v -0.102643 0.373401 -0.035272
v -0.102329 0.353035 -0.032233
v -0.102297 0.355546 -0.032113
v -0.102484 0.359661 -0.030488
v -0.102515 0.372411 -0.033871
v -0.102382 0.373418 -0.033121
v -0.102512 0.374361 -0.034737
v -0.102365 0.373832 -0.036331
v -0.102457 0.374122 -0.036834
v -0.102504 0.374632 -0.035233
v -0.102539 0.374895 -0.035708
v -0.102433 0.370194 -0.031816
v -0.102388 0.369538 -0.031506
v -0.102434 0.370764 -0.032158
v -0.102440 0.372723 -0.034339
v -0.102496 0.355421 -0.030997
v -0.102475 0.352951 -0.031419
v -0.102402 0.371260 -0.032529
v -0.102339 0.368792 -0.031263
v -0.102298 0.373776 -0.033648
v -0.102371 0.357660 -0.030711
v -0.102345 0.361589 -0.031414
v -0.102284 0.359795 -0.031613
v -0.102367 0.363190 -0.031246
v -0.102364 0.364613 -0.031121
v -0.102348 0.365870 -0.031050
v -0.102330 0.366976 -0.031044
v -0.102323 0.367945 -0.031112
v -0.102356 0.371358 -0.031264
v -0.102354 0.370697 -0.030873
v -0.102318 0.371940 -0.031694
v -0.102346 0.371695 -0.032929
v -0.102253 0.372451 -0.032157
v -0.102377 0.373012 -0.034823
v -0.102336 0.373287 -0.035320
v -0.102328 0.373557 -0.035824
v -0.102228 0.374098 -0.034177
v -0.102299 0.375236 -0.036197
v -0.102304 0.369932 -0.030518
v -0.102182 0.350272 -0.032209
v -0.102235 0.350244 -0.031912
v -0.102045 0.353076 -0.032334
v -0.102172 0.357793 -0.031831
v -0.102273 0.364535 -0.030083
v -0.102277 0.363090 -0.030215
v -0.102256 0.365835 -0.030005
v -0.102274 0.372081 -0.033355
v -0.101988 0.350313 -0.032438
v -0.102244 0.352961 -0.031222
v -0.102196 0.355442 -0.030941
v -0.102255 0.361479 -0.030388
v -0.102237 0.367007 -0.029995
v -0.102230 0.368073 -0.030066
v -0.102248 0.369050 -0.030236
v -0.102195 0.372427 -0.033806
v -0.102170 0.372901 -0.032647
v -0.102184 0.374395 -0.034702
v -0.102176 0.374677 -0.035217
v -0.102211 0.374954 -0.035717
v -0.102134 0.350236 -0.031627
v -0.101998 0.355568 -0.032057
v -0.102194 0.359685 -0.030592
v -0.102190 0.370299 -0.031634
v -0.102146 0.369628 -0.031319
v -0.102191 0.370876 -0.031980
v -0.102118 0.372743 -0.034280
v -0.102080 0.373299 -0.033157
v -0.102037 0.373891 -0.036339
v -0.102132 0.374197 -0.036870
v -0.101705 0.350355 -0.032537
v -0.102083 0.357691 -0.030814
v -0.102108 0.361573 -0.031216
v -0.102048 0.359784 -0.031415
v -0.102129 0.363173 -0.031047
v -0.102125 0.364596 -0.030921
v -0.102107 0.365860 -0.030848
v -0.102089 0.366980 -0.030841
v -0.102081 0.367971 -0.030911
v -0.102096 0.368851 -0.031067
v -0.102145 0.371219 -0.031464
v -0.102145 0.370590 -0.031090
v -0.102157 0.371380 -0.032356
v -0.102109 0.371773 -0.031874
v -0.102099 0.371824 -0.032762
v -0.102045 0.372260 -0.032317
v -0.102052 0.373038 -0.034774
v -0.102009 0.373321 -0.035285
v -0.101995 0.373655 -0.033681
v -0.102000 0.373602 -0.035808
v -0.101747 0.353105 -0.032277
v -0.102098 0.369855 -0.030748
v -0.101924 0.373978 -0.034214
v -0.101995 0.375161 -0.036317
v -0.101938 0.357788 -0.031634
v -0.102073 0.364552 -0.030322
v -0.102077 0.363114 -0.030452
v -0.102055 0.365840 -0.030246
v -0.102025 0.372218 -0.033197
v -0.101563 0.345416 -0.032533
v -0.101617 0.345391 -0.032236
v -0.101946 0.352990 -0.031165
v -0.101904 0.350251 -0.031430
v -0.102056 0.361510 -0.030623
v -0.102035 0.366998 -0.030236
v -0.102027 0.368045 -0.030307
v -0.102044 0.369000 -0.030474
v -0.101965 0.372692 -0.032788
v -0.101878 0.374281 -0.034750
v -0.101904 0.374862 -0.035807
v -0.101369 0.345454 -0.032763
v -0.101910 0.355478 -0.031042
v -0.101765 0.355570 -0.031859
v -0.101996 0.359720 -0.030825
v -0.102085 0.370444 -0.031369
v -0.102040 0.369744 -0.031041
v -0.102085 0.371043 -0.031726
v -0.102050 0.371568 -0.032116
v -0.101943 0.372573 -0.033658
v -0.101877 0.373077 -0.033283
v -0.101868 0.374572 -0.035283
v -0.101515 0.345384 -0.031951
v -0.101086 0.345494 -0.032862
v -0.101409 0.350389 -0.032481
v -0.101516 0.353115 -0.032080
v -0.101887 0.357729 -0.031046
v -0.102002 0.361544 -0.030926
v -0.101943 0.359756 -0.031127
v -0.101833 0.357764 -0.031346
v -0.102023 0.363145 -0.030756
v -0.102018 0.364574 -0.030628
v -0.102000 0.365849 -0.030554
v -0.101981 0.366988 -0.030546
v -0.101973 0.368008 -0.030616
v -0.101988 0.368927 -0.030778
v -0.101989 0.372031 -0.032538
v -0.101912 0.372442 -0.032989
v -0.101827 0.372811 -0.033467
v -0.101863 0.372899 -0.034144
v -0.101795 0.373202 -0.034651
v -0.101792 0.373425 -0.033798
v -0.101750 0.373495 -0.035176
v -0.101739 0.373785 -0.035715
v -0.101720 0.373745 -0.034328
v -0.101776 0.374084 -0.036263
v -0.101874 0.374400 -0.036810
v -0.101795 0.374957 -0.036491
v -0.101608 0.350284 -0.031373
v -0.101662 0.353031 -0.031266
v -0.101661 0.355552 -0.031572
v -0.101286 0.345398 -0.031754
v -0.101714 0.355518 -0.031273
v -0.101744 0.373148 -0.033967
v -0.101674 0.374049 -0.034867
v -0.101663 0.374345 -0.035412
v -0.101652 0.374360 -0.036122
v -0.101750 0.374679 -0.036671
v -0.101699 0.374645 -0.035956
v -0.101414 0.353103 -0.031794
v -0.101673 0.373461 -0.034488
v -0.101615 0.374057 -0.035570
v -0.100790 0.345526 -0.032806
v -0.101180 0.350404 -0.032284
v -0.101467 0.353072 -0.031496
v -0.101627 0.373761 -0.035024
v -0.101084 0.341030 -0.032814
v -0.101138 0.341006 -0.032517
v -0.100889 0.341063 -0.033043
v -0.101325 0.350327 -0.031473
v -0.100990 0.345430 -0.031698
v -0.101036 0.340998 -0.032231
v -0.101078 0.350396 -0.031999
v -0.101131 0.350368 -0.031702
v -0.100560 0.345540 -0.032609
v -0.100606 0.341098 -0.033144
v -0.100707 0.345470 -0.031798
v -0.100806 0.341009 -0.032035
v -0.100459 0.345533 -0.032324
v -0.100778 0.337031 -0.032755
v -0.100724 0.337052 -0.033053
v -0.100512 0.345508 -0.032027
v -0.100676 0.337022 -0.032470
v -0.100529 0.337081 -0.033282
v -0.100309 0.341124 -0.033088
v -0.100510 0.341035 -0.031979
v -0.100244 0.337110 -0.033383
v -0.100463 0.333430 -0.033253
v -0.100517 0.333411 -0.032955
v -0.100446 0.337030 -0.032274
v -0.100079 0.341135 -0.032891
v -0.100268 0.333454 -0.033483
v -0.100226 0.341070 -0.032079
v -0.100416 0.333403 -0.032670
v -0.099947 0.337131 -0.033328
v -0.099977 0.341127 -0.032606
v -0.099983 0.333478 -0.033583
v -0.100282 0.330110 -0.033416
v -0.100337 0.330093 -0.033118
v -0.100149 0.337051 -0.032218
v -0.100031 0.341104 -0.032308
v -0.100086 0.330129 -0.033646
v -0.100185 0.333407 -0.032474
v -0.100235 0.330085 -0.032833
v -0.100162 0.327037 -0.033545
v -0.100216 0.327024 -0.033247
v -0.099717 0.337138 -0.033131
v -0.099966 0.327052 -0.033775
v -0.099801 0.330147 -0.033747
v -0.100115 0.327016 -0.032962
v -0.100083 0.324158 -0.033642
v -0.100137 0.324147 -0.033344
v -0.100004 0.330087 -0.032637
v -0.099888 0.333423 -0.032418
v -0.099685 0.333494 -0.033528
v -0.099865 0.337080 -0.032319
v -0.099886 0.324169 -0.033873
v -0.100079 0.321411 -0.033412
v -0.100025 0.321418 -0.033710
v -0.100035 0.324142 -0.033059
v -0.100023 0.318760 -0.033452
v -0.099969 0.318765 -0.033750
v -0.099978 0.321407 -0.033126
v -0.099828 0.321427 -0.033940
v -0.099884 0.327017 -0.032766
v -0.099681 0.327065 -0.033877
v -0.099615 0.337130 -0.032846
v -0.099922 0.318760 -0.033167
v -0.099950 0.316142 -0.033468
v -0.099895 0.316144 -0.033766
v -0.099772 0.318772 -0.033981
v -0.099805 0.324142 -0.032863
v -0.099669 0.337109 -0.032548
v -0.099849 0.316145 -0.033182
v -0.099785 0.313504 -0.033759
v -0.099839 0.313503 -0.033461
v -0.099699 0.316151 -0.033996
v -0.099747 0.321408 -0.032930
v -0.099601 0.324179 -0.033974
v -0.099707 0.330099 -0.032582
v -0.099504 0.330159 -0.033692
v -0.099455 0.333498 -0.033332
v -0.099691 0.318763 -0.032971
v -0.099588 0.313512 -0.033989
v -0.099543 0.321435 -0.034042
v -0.099586 0.327024 -0.032711
v -0.099603 0.333446 -0.032519
v -0.099738 0.313510 -0.033176
v -0.099617 0.310794 -0.033732
v -0.099672 0.310794 -0.033434
v -0.099618 0.316153 -0.032986
v -0.099487 0.318780 -0.034082
v -0.099421 0.310805 -0.033962
v -0.099414 0.316162 -0.034098
v -0.099507 0.324147 -0.032808
v -0.099383 0.327073 -0.033822
v -0.099571 0.310804 -0.033148
v -0.099508 0.313523 -0.032979
v -0.099449 0.321414 -0.032875
v -0.099256 0.305982 -0.033669
v -0.099310 0.305982 -0.033371
v -0.099303 0.313527 -0.034091
v -0.099393 0.318770 -0.032916
v -0.099303 0.324185 -0.033919
v -0.099422 0.330116 -0.032683
v -0.099273 0.330160 -0.033496
v -0.099407 0.333471 -0.032749
v -0.099353 0.333490 -0.033047
v -0.099060 0.305994 -0.033900
v -0.099341 0.310822 -0.032952
v -0.099209 0.305993 -0.033086
v -0.099137 0.310823 -0.034064
v -0.099320 0.316163 -0.032931
v -0.099245 0.321440 -0.033987
v -0.099301 0.327038 -0.032812
v -0.099189 0.318787 -0.034028
v -0.099210 0.313539 -0.032924
v -0.099116 0.316172 -0.034043
v -0.099222 0.324157 -0.032909
v -0.099152 0.327073 -0.033625
v -0.099164 0.321422 -0.032977
v -0.099171 0.330152 -0.033211
v -0.098775 0.306015 -0.034001
v -0.099006 0.313542 -0.034036
v -0.099108 0.318778 -0.033017
v -0.099073 0.324184 -0.033723
v -0.099226 0.330136 -0.032913
v -0.098980 0.306013 -0.032890
v -0.099044 0.310843 -0.032897
v -0.098872 0.301097 -0.033608
v -0.098677 0.301109 -0.033839
v -0.098927 0.301096 -0.033310
v -0.098826 0.301107 -0.033025
v -0.098839 0.310844 -0.034009
v -0.099035 0.316173 -0.033033
v -0.098925 0.313553 -0.033026
v -0.099015 0.321441 -0.033791
v -0.098959 0.318790 -0.033831
v -0.099105 0.327053 -0.033043
v -0.099025 0.324169 -0.033140
v -0.099051 0.327066 -0.033340
v -0.098886 0.316180 -0.033847
v -0.098968 0.321430 -0.033208
v -0.098971 0.324179 -0.033438
v -0.098478 0.306038 -0.033947
v -0.098776 0.313555 -0.033840
v -0.098912 0.318785 -0.033248
v -0.098913 0.321437 -0.033505
v -0.098392 0.301131 -0.033940
v -0.098683 0.306037 -0.032835
v -0.098759 0.310861 -0.032999
v -0.098609 0.310862 -0.033813
v -0.098839 0.316180 -0.033263
v -0.098857 0.318790 -0.033546
v -0.098476 0.296184 -0.033549
v -0.098531 0.296183 -0.033251
v -0.098597 0.301128 -0.032828
v -0.098729 0.313562 -0.033256
v -0.098784 0.316183 -0.033561
v -0.098280 0.296197 -0.033780
v -0.098674 0.313563 -0.033554
v -0.098248 0.306058 -0.033750
v -0.098430 0.296194 -0.032966
v -0.098095 0.301155 -0.033885
v -0.098508 0.310872 -0.033527
v -0.098563 0.310872 -0.033230
v -0.098398 0.306057 -0.032937
v -0.097996 0.296219 -0.033881
v -0.098300 0.301152 -0.032774
v -0.098147 0.306070 -0.033465
v -0.098200 0.296215 -0.032770
v -0.098202 0.306069 -0.033167
v -0.098075 0.291292 -0.033495
v -0.098129 0.291291 -0.033197
v -0.097879 0.291306 -0.033725
v -0.097865 0.301176 -0.033689
v -0.098028 0.291302 -0.032911
v -0.097699 0.296244 -0.033827
v -0.098015 0.301174 -0.032875
v -0.097594 0.291328 -0.033827
v -0.097903 0.296240 -0.032715
v -0.097764 0.301187 -0.033404
v -0.097799 0.291323 -0.032715
v -0.097819 0.301187 -0.033106
v -0.097677 0.286470 -0.033445
v -0.097732 0.286468 -0.033147
v -0.097469 0.296265 -0.033630
v -0.097481 0.286484 -0.033676
v -0.097631 0.286480 -0.032862
v -0.097619 0.296262 -0.032817
v -0.097297 0.291353 -0.033772
v -0.097502 0.291348 -0.032660
v -0.097197 0.286506 -0.033777
v -0.097368 0.296276 -0.033345
v -0.097423 0.296275 -0.033047
v -0.097401 0.286500 -0.032666
v -0.097291 0.281767 -0.033403
v -0.097346 0.281765 -0.033105
v -0.097095 0.281781 -0.033633
v -0.097068 0.291374 -0.033576
v -0.097245 0.281775 -0.032819
v -0.097217 0.291370 -0.032762
v -0.096900 0.286531 -0.033723
v -0.097104 0.286525 -0.032611
v -0.096811 0.281803 -0.033735
v -0.096967 0.291385 -0.033290
v -0.097021 0.291384 -0.032993
v -0.096926 0.277231 -0.033369
v -0.096730 0.277245 -0.033599
v -0.096980 0.277228 -0.033071
v -0.097015 0.281796 -0.032623
v -0.096670 0.286552 -0.033526
v -0.096879 0.277238 -0.032785
v -0.096819 0.286548 -0.032713
v -0.096514 0.281828 -0.033680
v -0.096445 0.277267 -0.033701
v -0.096718 0.281820 -0.032568
v -0.096569 0.286563 -0.033241
v -0.096589 0.272911 -0.033344
v -0.096643 0.272908 -0.033046
v -0.096649 0.277258 -0.032589
v -0.096624 0.286562 -0.032943
v -0.096393 0.272925 -0.033575
v -0.096542 0.272917 -0.032761
v -0.096284 0.281848 -0.033484
v -0.096148 0.277291 -0.033646
v -0.096433 0.281843 -0.032670
v -0.096108 0.272946 -0.033676
v -0.096289 0.268856 -0.033330
v -0.096344 0.268853 -0.033032
v -0.096352 0.277282 -0.032534
v -0.096312 0.272935 -0.032564
v -0.096183 0.281859 -0.033199
v -0.096094 0.268870 -0.033561
v -0.096238 0.281857 -0.032901
v -0.096243 0.268861 -0.032747
v -0.095918 0.277310 -0.033450
v -0.096425 0.172489 -0.033475
v -0.096389 0.167574 -0.033021
v -0.096335 0.167544 -0.033318
v -0.096185 0.162458 -0.032731
v -0.096371 0.172464 -0.033773
v -0.096140 0.167524 -0.033548
v -0.095989 0.162437 -0.032961
v -0.096322 0.172511 -0.033191
v -0.096287 0.167605 -0.032738
v -0.096239 0.162494 -0.032435
v -0.096364 0.177280 -0.033809
v -0.096311 0.177261 -0.034106
v -0.096175 0.172445 -0.034003
v -0.096262 0.177294 -0.033524
v -0.096091 0.172526 -0.032996
v -0.096031 0.177301 -0.033328
v -0.096228 0.181989 -0.034031
v -0.096174 0.181977 -0.034329
v -0.096115 0.177244 -0.034337
v -0.096126 0.181996 -0.033746
v -0.096036 0.265116 -0.033329
v -0.096090 0.265112 -0.033031
v -0.095809 0.268890 -0.033663
v -0.096015 0.272958 -0.032510
v -0.096013 0.268877 -0.032551
v -0.095811 0.272969 -0.033621
v -0.096068 0.277304 -0.032636
v -0.096136 0.162534 -0.032153
v -0.095899 0.157167 -0.032002
v -0.095953 0.157207 -0.031707
v -0.096056 0.167629 -0.032544
v -0.095895 0.181995 -0.033550
v -0.095840 0.265128 -0.033560
v -0.095989 0.265118 -0.032746
v -0.095817 0.277320 -0.033164
v -0.095872 0.277318 -0.032866
v -0.096035 0.186659 -0.034153
v -0.095933 0.186659 -0.033868
v -0.095703 0.157146 -0.032232
v -0.095905 0.162568 -0.031960
v -0.095851 0.157255 -0.031426
v -0.095855 0.167518 -0.033650
v -0.095704 0.162436 -0.033064
v -0.095890 0.172436 -0.034105
v -0.095979 0.181961 -0.034560
v -0.095981 0.186651 -0.034451
v -0.095703 0.186652 -0.033672
v -0.095581 0.272987 -0.033425
v -0.095793 0.172530 -0.032943
v -0.095733 0.177298 -0.033274
v -0.095830 0.177232 -0.034439
v -0.095836 0.261739 -0.033342
v -0.095890 0.261734 -0.033044
v -0.095555 0.265147 -0.033661
v -0.095512 0.268911 -0.033608
v -0.095731 0.272979 -0.032611
v -0.095757 0.167640 -0.032491
v -0.095597 0.181987 -0.033496
v -0.095805 0.191330 -0.034186
v -0.095704 0.191325 -0.033901
v -0.095640 0.261750 -0.033572
v -0.095715 0.268898 -0.032496
v -0.095758 0.265132 -0.032550
v -0.095419 0.157149 -0.032336
v -0.095785 0.186639 -0.034682
v -0.095694 0.181947 -0.034661
v -0.095751 0.191328 -0.034484
v -0.095789 0.261737 -0.032759
v -0.095459 0.151627 -0.031121
v -0.095514 0.151672 -0.030826
v -0.095473 0.191313 -0.033705
v -0.095480 0.272996 -0.033140
v -0.095264 0.151606 -0.031351
v -0.095621 0.157299 -0.031234
v -0.095608 0.162587 -0.031908
v -0.095557 0.167529 -0.033598
v -0.095592 0.172440 -0.034052
v -0.095405 0.186639 -0.033618
v -0.095698 0.258771 -0.033370
v -0.095753 0.258765 -0.033072
v -0.095535 0.272993 -0.032842
v -0.095413 0.151728 -0.030546
v -0.095406 0.162455 -0.033012
v -0.095532 0.177229 -0.034385
v -0.095502 0.258783 -0.033600
v -0.095355 0.261766 -0.033674
v -0.095558 0.196047 -0.034139
v -0.095456 0.196037 -0.033854
v -0.095258 0.265166 -0.033607
v -0.095282 0.268927 -0.033412
v -0.095508 0.172521 -0.033045
v -0.095448 0.177286 -0.033376
v -0.095555 0.191318 -0.034715
v -0.095500 0.186624 -0.034784
v -0.095651 0.258766 -0.032786
v -0.095558 0.261748 -0.032562
v -0.095472 0.167635 -0.032593
v -0.095503 0.196048 -0.034437
v -0.095606 0.256431 -0.033405
v -0.095661 0.256424 -0.033108
v -0.095461 0.265151 -0.032495
v -0.094979 0.151615 -0.031455
v -0.095121 0.157177 -0.032285
v -0.095312 0.181973 -0.033598
v -0.095396 0.181939 -0.034607
v -0.095175 0.191297 -0.033650
v -0.095226 0.196022 -0.033658
v -0.095410 0.256443 -0.033636
v -0.095431 0.268918 -0.032598
v -0.095559 0.256423 -0.032822
v -0.095509 0.254158 -0.033449
v -0.095564 0.254149 -0.033151
v -0.095420 0.258774 -0.032590
v -0.095217 0.258796 -0.033702
v -0.095324 0.157327 -0.031183
v -0.095183 0.151782 -0.030356
v -0.095323 0.162586 -0.032010
v -0.095326 0.167554 -0.033403
v -0.095361 0.172455 -0.033857
v -0.095120 0.186625 -0.033719
v -0.095314 0.254171 -0.033680
v -0.095180 0.268935 -0.033126
v -0.095175 0.162489 -0.032819
v -0.095270 0.191304 -0.034817
v -0.095307 0.196040 -0.034668
v -0.095341 0.199992 -0.034070
v -0.095240 0.199981 -0.033785
v -0.095462 0.254148 -0.032866
v -0.095408 0.251940 -0.033499
v -0.095462 0.251931 -0.033201
v -0.095328 0.256429 -0.032626
v -0.095261 0.261763 -0.032507
v -0.095057 0.261781 -0.033619
v -0.095301 0.177236 -0.034189
v -0.095235 0.268932 -0.032828
v -0.094846 0.145798 -0.030077
v -0.094901 0.145846 -0.029783
v -0.095312 0.172502 -0.033275
v -0.095252 0.177269 -0.033607
v -0.095203 0.186612 -0.034730
v -0.095287 0.199994 -0.034368
v -0.095212 0.251955 -0.033730
v -0.095125 0.256457 -0.033738
v -0.095027 0.265180 -0.033410
v -0.094650 0.145777 -0.030307
v -0.095277 0.167615 -0.032823
v -0.095116 0.181958 -0.033828
v -0.094928 0.196006 -0.033604
v -0.095009 0.199964 -0.033589
v -0.095360 0.251929 -0.032916
v -0.095301 0.249767 -0.033553
v -0.095355 0.249757 -0.033255
v -0.095231 0.254154 -0.032670
v -0.095176 0.265169 -0.032596
v -0.094800 0.145911 -0.029504
v -0.094683 0.151650 -0.031406
v -0.094891 0.157220 -0.032093
v -0.095165 0.181938 -0.034411
v -0.094891 0.191283 -0.033752
v -0.095105 0.249783 -0.033783
v -0.095029 0.254186 -0.033781
v -0.095123 0.258786 -0.032535
v -0.095223 0.167585 -0.033120
v -0.095258 0.172478 -0.033572
v -0.095253 0.249755 -0.032970
v -0.095189 0.247625 -0.033608
v -0.095243 0.247614 -0.033311
v -0.095130 0.251935 -0.032720
v -0.094920 0.258808 -0.033647
v -0.095039 0.157330 -0.031287
v -0.094886 0.151817 -0.030307
v -0.095127 0.162565 -0.032241
v -0.095073 0.162529 -0.032537
v -0.095198 0.177250 -0.033904
v -0.094924 0.186612 -0.033950
v -0.095022 0.196027 -0.034770
v -0.095090 0.199987 -0.034599
v -0.095021 0.203721 -0.033718
v -0.095122 0.203732 -0.034003
v -0.094993 0.247642 -0.033839
v -0.094927 0.251971 -0.033831
v -0.095031 0.256441 -0.032571
v -0.094366 0.145791 -0.030412
v -0.094572 0.145973 -0.029316
v -0.094789 0.157269 -0.031812
v -0.095063 0.181945 -0.034126
v -0.094972 0.186604 -0.034533
v -0.094972 0.191289 -0.034762
v -0.094643 0.195992 -0.033706
v -0.094712 0.199947 -0.033534
v -0.094791 0.203703 -0.033522
v -0.095068 0.203734 -0.034301
v -0.095071 0.245502 -0.033664
v -0.095141 0.247612 -0.033025
v -0.095125 0.245491 -0.033366
v -0.094875 0.245519 -0.033895
v -0.095023 0.249761 -0.032773
v -0.094820 0.249800 -0.033885
v -0.094934 0.254166 -0.032615
v -0.094828 0.256468 -0.033683
v -0.094976 0.261779 -0.032609
v -0.094827 0.261792 -0.033423
v -0.094980 0.265182 -0.032827
v -0.094926 0.265186 -0.033125
v -0.095023 0.245490 -0.033081
v -0.094911 0.247620 -0.032829
v -0.094453 0.151704 -0.031216
v -0.094843 0.157309 -0.031517
v -0.094870 0.186605 -0.034248
v -0.094695 0.191273 -0.033983
v -0.094908 0.207278 -0.033939
v -0.094807 0.207267 -0.033654
v -0.094947 0.243386 -0.033718
v -0.095001 0.243375 -0.033420
v -0.094832 0.251948 -0.032665
v -0.094731 0.254198 -0.033727
v -0.094838 0.258799 -0.032637
v -0.094708 0.247660 -0.033941
v -0.094872 0.203726 -0.034532
v -0.094806 0.199973 -0.034701
v -0.094854 0.207280 -0.034237
v -0.094751 0.243403 -0.033949
v -0.094689 0.258816 -0.033451
v -0.094602 0.151826 -0.030411
v -0.094725 0.196010 -0.034716
v -0.094493 0.203685 -0.033467
v -0.094577 0.207250 -0.033458
v -0.094899 0.243374 -0.033135
v -0.094871 0.241253 -0.033470
v -0.094817 0.241263 -0.033768
v -0.094793 0.245498 -0.032885
v -0.094590 0.245538 -0.033996
v -0.094725 0.249775 -0.032719
v -0.094629 0.251984 -0.033776
v -0.094746 0.256454 -0.032673
v -0.094725 0.261796 -0.033138
v -0.094071 0.145835 -0.030364
v -0.094742 0.191277 -0.034566
v -0.094780 0.261791 -0.032840
v -0.094039 0.139637 -0.028859
v -0.094095 0.139689 -0.028566
v -0.094276 0.146017 -0.029268
v -0.094352 0.151760 -0.030936
v -0.094640 0.191271 -0.034281
v -0.094447 0.195984 -0.033936
v -0.094427 0.199932 -0.033636
v -0.094587 0.203711 -0.034634
v -0.094658 0.207273 -0.034468
v -0.094604 0.210632 -0.033593
v -0.094705 0.210643 -0.033878
v -0.094770 0.241253 -0.033185
v -0.094681 0.239122 -0.033812
v -0.094735 0.239113 -0.033514
v -0.094669 0.243383 -0.032939
v -0.094621 0.241280 -0.033998
v -0.094467 0.243422 -0.034050
v -0.094613 0.247634 -0.032774
v -0.094523 0.249814 -0.033830
v -0.094649 0.254180 -0.032717
v -0.094597 0.256474 -0.033487
v -0.093844 0.139617 -0.029090
v -0.093995 0.139761 -0.028289
v -0.094406 0.151805 -0.030641
v -0.094508 0.199955 -0.034646
v -0.094279 0.207231 -0.033403
v -0.094374 0.210615 -0.033397
v -0.094651 0.210645 -0.034176
v -0.094485 0.239139 -0.034042
v -0.094495 0.245513 -0.032830
v -0.094411 0.247674 -0.033886
v -0.094547 0.251964 -0.032766
v -0.094500 0.254204 -0.033530
v -0.094642 0.258811 -0.032868
v -0.094587 0.258817 -0.033166
v -0.094633 0.239114 -0.033229
v -0.094539 0.241263 -0.032988
v -0.093842 0.145897 -0.030176
v -0.094494 0.195995 -0.034520
v -0.094393 0.195985 -0.034234
v -0.094209 0.203670 -0.033569
v -0.094419 0.213827 -0.033537
v -0.094520 0.213838 -0.033822
v -0.094538 0.236950 -0.033848
v -0.094342 0.236966 -0.034078
v -0.094592 0.236942 -0.033550
v -0.094337 0.241300 -0.034100
v -0.094293 0.245554 -0.033942
v -0.094440 0.249792 -0.032820
v -0.094399 0.251990 -0.033580
v -0.094550 0.256466 -0.032904
v -0.094495 0.256473 -0.033201
v -0.094372 0.243400 -0.032884
v -0.093561 0.139636 -0.029196
v -0.093768 0.139832 -0.028102
v -0.093992 0.146031 -0.029373
v -0.094231 0.199925 -0.033867
v -0.094373 0.207257 -0.034569
v -0.094290 0.203693 -0.034579
v -0.094076 0.210596 -0.033343
v -0.094455 0.210638 -0.034407
v -0.094189 0.213811 -0.033340
v -0.094466 0.213840 -0.034120
v -0.094491 0.236945 -0.033264
v -0.094388 0.234734 -0.033874
v -0.094443 0.234728 -0.033576
v -0.094403 0.239126 -0.033032
v -0.094200 0.239159 -0.034144
v -0.094169 0.243439 -0.033995
v -0.094328 0.247652 -0.032876
v -0.094292 0.249820 -0.033634
v -0.094453 0.254194 -0.032947
v -0.094398 0.254203 -0.033245
v -0.094278 0.199938 -0.034450
v -0.093995 0.207215 -0.033505
v -0.094360 0.216875 -0.033770
v -0.094259 0.216865 -0.033485
v -0.094192 0.234750 -0.034104
v -0.094341 0.234732 -0.033290
v -0.094261 0.236957 -0.033068
v -0.094057 0.236987 -0.034180
v -0.094242 0.241281 -0.032934
v -0.094210 0.245532 -0.032932
v -0.094180 0.247682 -0.033690
v -0.094351 0.251979 -0.032997
v -0.094297 0.251988 -0.033295
v -0.094270 0.213833 -0.034350
v -0.094305 0.216877 -0.034068
v -0.094039 0.241318 -0.034045
v -0.093742 0.145962 -0.029897
v -0.094176 0.199927 -0.034165
v -0.094170 0.210623 -0.034509
v -0.094232 0.232468 -0.033888
v -0.094286 0.232463 -0.033590
v -0.094245 0.249808 -0.033051
v -0.093797 0.146011 -0.029603
v -0.094013 0.203662 -0.033800
v -0.094028 0.216851 -0.033289
v -0.094036 0.232481 -0.034118
v -0.094106 0.239144 -0.032977
v -0.094062 0.245562 -0.033745
v -0.094190 0.249818 -0.033349
v -0.093266 0.139688 -0.029150
v -0.094075 0.207238 -0.034515
v -0.093891 0.213794 -0.033286
v -0.094129 0.219758 -0.033438
v -0.094231 0.219766 -0.033723
v -0.094185 0.232467 -0.033304
v -0.094111 0.234746 -0.033094
v -0.093908 0.234770 -0.034206
v -0.093903 0.239177 -0.034089
v -0.094087 0.243419 -0.032985
v -0.094132 0.247669 -0.033106
v -0.093473 0.139883 -0.028056
v -0.094059 0.203675 -0.034383
v -0.093792 0.210581 -0.033444
v -0.094109 0.216872 -0.034299
v -0.093985 0.213819 -0.034452
v -0.093899 0.219746 -0.033242
v -0.094176 0.219769 -0.034021
v -0.094105 0.230119 -0.033899
v -0.094160 0.230115 -0.033602
v -0.093963 0.236976 -0.033013
v -0.093939 0.243448 -0.033799
v -0.094078 0.247680 -0.033404
v -0.093957 0.241301 -0.033035
v -0.093958 0.203664 -0.034098
v -0.094140 0.222524 -0.033683
v -0.094038 0.222518 -0.033398
v -0.093909 0.230128 -0.034130
v -0.093799 0.207208 -0.033736
v -0.093872 0.210604 -0.034454
v -0.093731 0.216835 -0.033234
v -0.094085 0.222527 -0.033981
v -0.093980 0.219765 -0.034252
v -0.094058 0.230117 -0.033316
v -0.094098 0.227686 -0.033621
v -0.094043 0.227690 -0.033919
v -0.093955 0.232480 -0.033108
v -0.093751 0.232499 -0.034220
v -0.093760 0.237006 -0.034125
v -0.093809 0.241328 -0.033849
v -0.094015 0.245549 -0.033162
v -0.093960 0.245560 -0.033460
v -0.093808 0.222509 -0.033201
v -0.094093 0.225160 -0.033649
v -0.093991 0.225156 -0.033363
v -0.093021 0.133107 -0.027460
v -0.093077 0.133162 -0.027167
v -0.093038 0.139759 -0.028963
v -0.093845 0.207221 -0.034319
v -0.093606 0.213780 -0.033388
v -0.093824 0.216859 -0.034400
v -0.094038 0.225163 -0.033946
v -0.093889 0.222525 -0.034211
v -0.093996 0.227685 -0.033336
v -0.093847 0.227695 -0.034150
v -0.093828 0.230125 -0.033120
v -0.093814 0.234766 -0.033039
v -0.093610 0.234790 -0.034151
v -0.093821 0.239164 -0.033079
v -0.093891 0.243437 -0.033216
v -0.093837 0.243447 -0.033514
v -0.092826 0.133088 -0.027690
v -0.093601 0.219734 -0.033188
v -0.093761 0.225152 -0.033167
v -0.093842 0.225164 -0.034177
v -0.093624 0.230140 -0.034232
v -0.093673 0.239189 -0.033893
v -0.093744 0.207210 -0.034034
v -0.092978 0.133239 -0.026891
v -0.093190 0.139902 -0.028162
v -0.093595 0.210574 -0.033675
v -0.093687 0.213802 -0.034398
v -0.093695 0.219755 -0.034354
v -0.093765 0.227686 -0.033140
v -0.093657 0.232498 -0.033053
v -0.093679 0.236997 -0.033115
v -0.093761 0.241318 -0.033266
v -0.093707 0.241328 -0.033563
v -0.093446 0.216823 -0.033336
v -0.093510 0.222501 -0.033147
v -0.093604 0.222519 -0.034313
v -0.093561 0.227699 -0.034251
v -0.093453 0.232517 -0.034165
v -0.093530 0.237018 -0.033928
v -0.093642 0.210587 -0.034258
v -0.092543 0.133109 -0.027797
v -0.092939 0.139830 -0.028686
v -0.092994 0.139883 -0.028393
v -0.093541 0.210576 -0.033973
v -0.093410 0.213773 -0.033619
v -0.093527 0.216844 -0.034346
v -0.093463 0.225149 -0.033112
v -0.093557 0.225163 -0.034279
v -0.093530 0.230136 -0.033065
v -0.093529 0.234786 -0.033141
v -0.093625 0.239181 -0.033309
v -0.093571 0.239190 -0.033607
v -0.092752 0.133316 -0.026706
v -0.093467 0.227690 -0.033085
v -0.093326 0.230151 -0.034177
v -0.093380 0.234804 -0.033954
v -0.093316 0.219724 -0.033289
v -0.093457 0.213786 -0.034202
v -0.093397 0.219743 -0.034299
v -0.093372 0.232516 -0.033155
v -0.093483 0.237013 -0.033345
v -0.093428 0.237021 -0.033643
v -0.093263 0.227703 -0.034197
v -0.093356 0.213775 -0.033917
v -0.093249 0.216818 -0.033567
v -0.093224 0.222495 -0.033248
v -0.093306 0.222511 -0.034259
v -0.093223 0.232530 -0.033969
v -0.092249 0.133167 -0.027752
v -0.093259 0.225160 -0.034224
v -0.093296 0.216829 -0.034150
v -0.093245 0.230148 -0.033166
v -0.093333 0.234802 -0.033371
v -0.093279 0.234808 -0.033669
v -0.093178 0.225148 -0.033214
v -0.092458 0.133373 -0.026660
v -0.093120 0.219720 -0.033520
v -0.093182 0.227694 -0.033186
v -0.093096 0.230159 -0.033980
v -0.093195 0.216820 -0.033865
v -0.093167 0.219731 -0.034103
v -0.093176 0.232530 -0.033385
v -0.093122 0.232535 -0.033683
v -0.093033 0.227704 -0.034000
v -0.093028 0.222493 -0.033479
v -0.093075 0.222502 -0.034062
v -0.092022 0.133244 -0.027566
v -0.093065 0.219723 -0.033818
v -0.093028 0.225156 -0.034028
v -0.093049 0.230157 -0.033397
v -0.092981 0.225149 -0.033445
v -0.092994 0.230161 -0.033695
v -0.092175 0.133395 -0.026767
v -0.092986 0.227699 -0.033417
v -0.092974 0.222496 -0.033777
v -0.092931 0.227703 -0.033715
v -0.092289 0.128742 -0.026473
v -0.092344 0.128798 -0.026187
v -0.092097 0.128721 -0.026698
v -0.091924 0.133320 -0.027290
v -0.092927 0.225152 -0.033743
v -0.092248 0.128875 -0.025918
v -0.091980 0.133375 -0.026998
v -0.091821 0.128742 -0.026803
v -0.092026 0.128952 -0.025737
v -0.091533 0.128799 -0.026759
v -0.091739 0.129009 -0.025693
v -0.091645 0.124782 -0.025549
v -0.091699 0.124839 -0.025270
v -0.091457 0.124759 -0.025769
v -0.091605 0.124916 -0.025007
v -0.091312 0.128876 -0.026578
v -0.091462 0.129030 -0.025797
v -0.091187 0.124778 -0.025870
v -0.091389 0.124992 -0.024830
v -0.091216 0.128953 -0.026308
v -0.091271 0.129010 -0.026022
v -0.090905 0.124832 -0.025827
v -0.091108 0.125047 -0.024787
v -0.091074 0.121181 -0.024670
v -0.091127 0.121241 -0.024398
v -0.090890 0.121156 -0.024884
v -0.091036 0.121319 -0.024142
v -0.090689 0.124908 -0.025650
v -0.090625 0.121172 -0.024983
v -0.090837 0.125066 -0.024888
v -0.090825 0.121395 -0.023969
v -0.090595 0.124985 -0.025387
v -0.090649 0.125043 -0.025108
v -0.090350 0.121225 -0.024940
v -0.090561 0.117898 -0.023819
v -0.090614 0.117961 -0.023555
v -0.090550 0.121448 -0.023927
v -0.090381 0.117870 -0.024028
v -0.090525 0.118041 -0.023306
v -0.090139 0.121301 -0.024768
v -0.090122 0.117884 -0.024124
v -0.090285 0.121464 -0.024026
v -0.090319 0.118117 -0.023138
v -0.090048 0.121379 -0.024511
v -0.090101 0.121439 -0.024240
v -0.090091 0.114892 -0.022981
v -0.090143 0.114958 -0.022725
v -0.089853 0.117936 -0.024082
v -0.089914 0.114861 -0.023183
v -0.090051 0.118170 -0.023096
v -0.090057 0.115041 -0.022482
v -0.089661 0.114873 -0.023277
v -0.089647 0.118013 -0.023914
v -0.089857 0.115119 -0.022319
v -0.089792 0.118183 -0.023192
v -0.089648 0.112120 -0.022139
v -0.089700 0.112191 -0.021890
v -0.089559 0.118093 -0.023665
v -0.089399 0.114924 -0.023237
v -0.089476 0.112085 -0.022335
v -0.089611 0.118155 -0.023400
v -0.089618 0.112278 -0.021656
v -0.089595 0.115171 -0.022279
v -0.089228 0.112096 -0.022425
v -0.089423 0.112359 -0.021498
v -0.089198 0.115003 -0.023074
v -0.089342 0.115183 -0.022373
v -0.089219 0.109542 -0.021275
v -0.089271 0.109617 -0.021035
v -0.088973 0.112148 -0.022387
v -0.089050 0.109503 -0.021465
v -0.089113 0.115086 -0.022831
v -0.089192 0.109710 -0.020809
v -0.089165 0.115152 -0.022575
v -0.089168 0.112412 -0.021460
v -0.088809 0.109513 -0.021553
v -0.089003 0.109794 -0.020657
v -0.088778 0.112229 -0.022229
v -0.088921 0.112422 -0.021550
v -0.088788 0.107115 -0.020375
v -0.088840 0.107196 -0.020144
v -0.088623 0.107074 -0.020558
v -0.088561 0.109567 -0.021517
v -0.088764 0.107294 -0.019926
v -0.088696 0.112317 -0.021995
v -0.088754 0.109849 -0.020621
v -0.088748 0.112387 -0.021746
v -0.088388 0.107083 -0.020644
v -0.088581 0.107384 -0.019781
v -0.088371 0.109652 -0.021365
v -0.088513 0.109858 -0.020709
v -0.088341 0.104801 -0.019421
v -0.088393 0.104886 -0.019199
v -0.088179 0.104757 -0.019598
v -0.088146 0.107140 -0.020610
v -0.088292 0.109745 -0.021139
v -0.088320 0.104990 -0.018990
v -0.088340 0.107441 -0.019747
v -0.088344 0.109820 -0.020899
v -0.087950 0.104766 -0.019682
v -0.088144 0.105085 -0.018852
v -0.087963 0.107229 -0.020465
v -0.088105 0.107450 -0.019833
v -0.087862 0.102557 -0.018398
v -0.087914 0.102647 -0.018184
v -0.087716 0.104826 -0.019650
v -0.087887 0.107328 -0.020247
v -0.087704 0.102511 -0.018568
v -0.087909 0.105145 -0.018821
v -0.087939 0.107408 -0.020016
v -0.087845 0.102757 -0.017985
v -0.087481 0.102520 -0.018650
v -0.087675 0.102856 -0.017854
v -0.087539 0.104920 -0.019512
v -0.087681 0.105154 -0.018904
v -0.087467 0.105025 -0.019304
v -0.087254 0.102584 -0.018622
v -0.087519 0.105110 -0.019081
v -0.087336 0.100343 -0.017289
v -0.087388 0.100437 -0.017084
v -0.087448 0.102920 -0.017826
v -0.087182 0.100296 -0.017453
v -0.087323 0.100551 -0.016895
v -0.087084 0.102684 -0.018491
v -0.086966 0.100307 -0.017534
v -0.087159 0.100656 -0.016771
v -0.087225 0.102930 -0.017908
v -0.087015 0.102793 -0.018292
v -0.087067 0.102883 -0.018078
v -0.086747 0.100374 -0.017509
v -0.086940 0.100723 -0.016746
v -0.086750 0.098119 -0.016078
v -0.086802 0.098215 -0.015882
v -0.086599 0.098071 -0.016237
v -0.086740 0.098333 -0.015702
v -0.086582 0.100478 -0.017385
v -0.086724 0.100734 -0.016826
v -0.086390 0.098084 -0.016316
v -0.086583 0.098442 -0.015585
v -0.086518 0.100592 -0.017195
v -0.086569 0.100686 -0.016991
v -0.086178 0.098153 -0.016294
v -0.086371 0.098512 -0.015563
v -0.086020 0.098262 -0.016178
v -0.086161 0.098524 -0.015643
v -0.085959 0.098380 -0.015997
v -0.086011 0.098476 -0.015801
usemtl Anterior_tibial_vein_rMaterial0
f 1 2 3
f 2 4 3
f 1 3 5
f 5 3 6
f 3 7 6
f 3 4 7
f 8 2 1
f 2 9 4
f 10 9 2
f 8 10 2
f 11 1 5
f 5 6 12
f 13 5 12
f 11 5 13
f 14 8 1
f 14 1 11
f 12 6 15
f 6 7 16
f 6 16 15
f 9 17 4
f 4 18 7
f 4 17 18
f 10 19 9
f 19 20 9
f 9 20 17
f 21 10 8
f 22 19 10
f 21 22 10
f 13 12 23
f 23 12 24
f 12 15 24
f 25 8 14
f 25 21 8
f 26 11 13
f 27 13 23
f 26 13 27
f 28 14 11
f 28 11 26
f 7 29 16
f 7 18 29
f 22 30 19
f 19 31 20
f 30 31 19
f 23 24 32
f 33 23 32
f 27 23 33
f 24 15 34
f 15 16 35
f 15 35 34
f 32 24 36
f 24 34 36
f 37 25 14
f 37 14 28
f 20 38 17
f 17 39 18
f 17 38 39
f 40 22 21
f 41 30 22
f 40 41 22
f 31 42 20
f 20 42 38
f 43 21 25
f 43 40 21
f 16 29 44
f 16 44 35
f 18 45 29
f 18 39 45
f 30 46 31
f 41 47 30
f 47 46 30
f 31 48 42
f 46 48 31
f 32 36 49
f 33 32 50
f 50 32 49
f 51 43 25
f 51 25 37
f 52 26 27
f 53 27 33
f 52 27 53
f 36 34 54
f 34 35 55
f 34 55 54
f 56 28 26
f 56 26 52
f 49 36 57
f 36 54 57
f 58 41 40
f 59 47 41
f 58 59 41
f 60 40 43
f 60 58 40
f 42 61 38
f 38 62 39
f 38 61 62
f 48 63 42
f 42 63 61
f 29 64 44
f 29 45 64
f 65 33 50
f 53 33 65
f 35 44 66
f 35 66 55
f 47 67 46
f 46 68 48
f 67 68 46
f 69 37 28
f 69 28 56
f 59 70 47
f 70 67 47
f 39 71 45
f 39 62 71
f 49 57 72
f 50 49 73
f 73 49 72
f 48 74 63
f 68 74 48
f 57 54 75
f 54 55 76
f 54 76 75
f 77 59 58
f 78 70 59
f 77 78 59
f 57 75 79
f 72 57 79
f 80 60 43
f 80 43 51
f 81 77 58
f 81 58 60
f 82 50 73
f 65 50 82
f 44 83 66
f 44 64 83
f 55 84 76
f 55 66 84
f 79 75 78
f 75 85 78
f 75 76 85
f 78 85 70
f 70 86 67
f 85 86 70
f 79 78 77
f 87 79 77
f 72 79 87
f 88 51 37
f 88 37 69
f 67 89 68
f 86 89 67
f 87 77 81
f 45 90 64
f 45 71 90
f 91 72 87
f 73 72 91
f 63 92 61
f 61 93 62
f 61 92 93
f 74 94 63
f 63 94 92
f 68 95 74
f 89 95 68
f 96 81 60
f 96 60 80
f 76 97 85
f 76 84 97
f 85 97 86
f 62 98 71
f 62 93 98
f 66 99 84
f 66 83 99
f 100 87 81
f 91 87 100
f 100 81 96
f 101 73 91
f 82 73 101
f 95 102 74
f 74 102 94
f 103 52 53
f 104 53 65
f 103 53 104
f 86 105 89
f 97 105 86
f 106 56 52
f 106 52 103
f 107 80 51
f 107 51 88
f 64 108 83
f 64 90 108
f 109 65 82
f 104 65 109
f 89 110 95
f 105 110 89
f 84 111 97
f 84 99 111
f 97 111 105
f 71 112 90
f 71 98 112
f 113 69 56
f 113 56 106
f 94 114 92
f 92 115 93
f 92 114 115
f 95 116 102
f 110 116 95
f 117 91 100
f 101 91 117
f 102 118 94
f 94 118 114
f 119 96 80
f 119 80 107
f 83 120 99
f 83 108 120
f 121 82 101
f 109 82 121
f 111 122 105
f 105 122 110
f 93 123 98
f 93 115 123
f 102 124 118
f 116 124 102
f 125 100 96
f 117 100 125
f 125 96 119
f 90 126 108
f 90 112 126
f 99 127 111
f 99 120 127
f 111 127 122
f 128 88 69
f 128 69 113
f 110 129 116
f 122 129 110
f 98 130 112
f 98 123 130
f 131 101 117
f 121 101 131
f 118 132 114
f 114 133 115
f 114 132 133
f 124 134 118
f 118 134 132
f 116 135 124
f 129 135 116
f 108 136 120
f 108 126 136
f 115 137 123
f 115 133 137
f 127 138 122
f 122 138 129
f 139 107 88
f 139 88 128
f 124 140 134
f 135 140 124
f 120 141 127
f 120 136 141
f 142 117 125
f 131 117 142
f 112 143 126
f 112 130 143
f 127 141 138
f 144 104 109
f 145 103 104
f 145 104 144
f 129 146 135
f 138 146 129
f 134 147 132
f 140 148 134
f 134 148 147
f 132 149 133
f 132 147 149
f 123 150 130
f 123 137 150
f 151 119 107
f 151 107 139
f 152 109 121
f 144 109 152
f 153 106 103
f 153 103 145
f 135 154 140
f 146 154 135
f 155 125 119
f 142 125 155
f 156 157 158
f 157 159 158
f 156 158 160
f 160 158 161
f 158 159 162
f 158 162 161
f 163 157 156
f 157 164 159
f 165 164 157
f 163 165 157
f 166 156 160
f 166 160 167
f 167 160 168
f 160 161 168
f 169 156 166
f 169 163 156
f 140 170 148
f 154 170 140
f 133 149 171
f 133 171 137
f 155 119 151
f 126 172 136
f 126 143 172
f 141 173 138
f 138 173 146
f 174 121 131
f 152 121 174
f 164 175 159
f 159 175 176
f 159 176 162
f 165 177 164
f 164 178 175
f 177 178 164
f 179 166 167
f 167 168 180
f 179 167 181
f 181 167 180
f 182 166 179
f 182 169 166
f 148 181 147
f 148 179 181
f 170 179 148
f 147 181 183
f 147 183 149
f 184 113 106
f 184 106 153
f 168 161 185
f 161 162 186
f 161 186 185
f 180 168 187
f 168 185 187
f 188 165 163
f 189 177 165
f 188 189 165
f 190 163 169
f 190 188 163
f 181 180 183
f 170 182 179
f 130 150 191
f 130 191 143
f 136 192 141
f 141 192 173
f 136 172 192
f 178 193 175
f 175 194 176
f 175 193 194
f 177 195 178
f 195 196 178
f 178 196 193
f 162 176 197
f 162 197 186
f 198 195 177
f 189 198 177
f 183 180 199
f 180 187 199
f 154 200 170
f 200 182 170
f 149 183 201
f 149 201 171
f 137 171 202
f 137 202 150
f 146 203 154
f 173 203 146
f 204 169 182
f 204 190 169
f 183 199 201
f 203 200 154
f 176 194 205
f 176 205 197
f 200 204 182
f 206 131 142
f 174 131 206
f 195 207 196
f 198 208 195
f 208 207 195
f 209 128 113
f 209 113 184
f 187 185 210
f 185 186 211
f 185 211 210
f 199 187 212
f 187 210 212
f 196 213 193
f 193 214 194
f 193 213 214
f 207 215 196
f 196 215 213
f 216 189 188
f 217 198 189
f 216 217 189
f 218 188 190
f 218 216 188
f 194 214 219
f 194 219 205
f 186 197 220
f 186 220 211
f 221 208 198
f 217 221 198
f 201 199 222
f 199 212 222
f 223 190 204
f 223 218 190
f 203 224 200
f 224 204 200
f 171 201 225
f 171 225 202
f 173 226 203
f 226 224 203
f 150 202 227
f 150 227 191
f 192 226 173
f 143 228 172
f 143 191 228
f 208 229 207
f 207 230 215
f 229 230 207
f 201 222 225
f 197 205 231
f 197 231 220
f 232 229 208
f 221 232 208
f 224 223 204
f 172 233 192
f 192 233 226
f 172 228 233
f 234 142 155
f 206 142 234
f 215 235 213
f 213 236 214
f 213 235 236
f 237 139 128
f 237 128 209
f 230 238 215
f 215 238 235
f 212 210 239
f 210 211 240
f 210 240 239
f 222 212 241
f 212 239 241
f 242 217 216
f 243 221 217
f 242 243 217
f 244 216 218
f 244 242 216
f 214 245 219
f 214 236 245
f 229 246 230
f 230 247 238
f 246 247 230
f 205 219 248
f 205 248 231
f 232 249 229
f 249 246 229
f 211 220 250
f 211 250 240
f 251 232 221
f 243 251 221
f 225 222 252
f 222 241 252
f 253 218 223
f 253 244 218
f 226 254 224
f 254 223 224
f 202 225 255
f 202 255 227
f 233 254 226
f 191 256 228
f 191 227 256
f 257 155 151
f 234 155 257
f 225 252 255
f 258 151 139
f 258 139 237
f 220 231 259
f 220 259 250
f 254 253 223
f 238 260 235
f 235 261 236
f 235 260 261
f 251 262 232
f 262 249 232
f 241 239 263
f 239 240 264
f 239 264 263
f 252 241 265
f 241 263 265
f 228 266 233
f 228 256 266
f 257 151 258
f 247 267 238
f 238 267 260
f 268 243 242
f 269 251 243
f 268 269 243
f 270 242 244
f 270 268 242
f 233 266 254
f 271 144 152
f 272 145 144
f 272 144 271
f 273 152 174
f 271 152 273
f 219 245 274
f 219 274 248
f 240 250 275
f 240 275 264
f 269 276 251
f 276 262 251
f 252 265 277
f 255 252 277
f 266 253 254
f 227 255 278
f 227 278 256
f 279 270 244
f 279 244 253
f 236 280 245
f 236 261 280
f 246 281 247
f 249 282 246
f 282 281 246
f 283 153 145
f 283 145 272
f 247 284 267
f 281 284 247
f 231 248 285
f 231 285 259
f 265 263 269
f 263 276 269
f 263 264 276
f 265 269 268
f 277 265 268
f 277 268 270
f 262 286 249
f 286 282 249
f 255 277 278
f 250 287 275
f 250 259 287
f 276 288 262
f 288 286 262
f 264 288 276
f 264 275 288
f 278 277 270
f 278 270 279
f 266 279 253
f 256 279 266
f 256 278 279
f 289 174 206
f 273 174 289
f 267 290 260
f 260 291 261
f 260 290 291
f 284 292 267
f 267 292 290
f 275 293 288
f 275 287 293
f 288 293 286
f 294 184 153
f 294 153 283
f 245 295 274
f 245 280 295
f 282 296 281
f 281 297 284
f 296 297 281
f 248 298 285
f 248 274 298
f 286 299 282
f 299 296 282
f 259 300 287
f 259 285 300
f 293 299 286
f 261 301 280
f 261 291 301
f 284 302 292
f 297 302 284
f 303 206 234
f 289 206 303
f 287 304 293
f 287 300 304
f 293 304 299
f 292 305 290
f 290 306 291
f 290 305 306
f 302 307 292
f 292 307 305
f 285 308 300
f 285 298 308
f 309 209 184
f 309 184 294
f 274 310 298
f 274 295 310
f 299 311 296
f 304 311 299
f 280 312 295
f 280 301 312
f 296 313 297
f 311 313 296
f 297 314 302
f 313 314 297
f 291 315 301
f 291 306 315
f 316 234 257
f 303 234 316
f 302 317 307
f 314 317 302
f 300 318 304
f 300 308 318
f 304 318 311
f 319 237 209
f 319 209 309
f 298 320 308
f 298 310 320
f 307 321 305
f 305 322 306
f 305 321 322
f 317 323 307
f 307 323 321
f 295 324 310
f 295 312 324
f 311 325 313
f 318 325 311
f 326 257 258
f 316 257 326
f 301 327 312
f 301 315 327
f 313 328 314
f 325 328 313
f 314 329 317
f 328 329 314
f 306 330 315
f 306 322 330
f 308 331 318
f 308 320 331
f 318 331 325
f 332 258 237
f 326 258 332
f 332 237 319
f 317 333 323
f 329 333 317
f 310 334 320
f 310 324 334
f 325 335 328
f 331 335 325
f 323 336 321
f 321 337 322
f 321 336 337
f 333 338 323
f 323 338 336
f 312 339 324
f 312 327 339
f 340 271 273
f 341 273 289
f 340 273 341
f 342 272 271
f 342 271 340
f 315 330 343
f 315 343 327
f 328 344 329
f 335 344 328
f 329 345 333
f 344 345 329
f 320 346 331
f 320 334 346
f 331 346 335
f 322 347 330
f 322 337 347
f 333 348 338
f 345 348 333
f 349 289 303
f 341 289 349
f 350 283 272
f 350 272 342
f 324 351 334
f 324 339 351
f 338 352 336
f 336 353 337
f 336 352 353
f 348 354 338
f 338 354 352
f 335 355 344
f 346 355 335
f 330 356 343
f 330 347 356
f 327 357 339
f 327 343 357
f 344 358 345
f 355 358 344
f 359 294 283
f 359 283 350
f 345 360 348
f 358 360 345
f 334 361 346
f 334 351 361
f 346 361 355
f 362 303 316
f 349 303 362
f 337 353 363
f 337 363 347
f 348 364 354
f 360 364 348
f 354 365 352
f 352 366 353
f 352 365 366
f 364 367 354
f 354 367 365
f 339 368 351
f 339 357 368
f 355 369 358
f 361 369 355
f 370 371 372
f 372 371 373
f 374 370 372
f 372 373 375
f 376 372 375
f 374 372 376
f 343 377 357
f 343 356 377
f 370 378 371
f 378 379 371
f 371 380 373
f 371 379 380
f 381 378 370
f 381 382 378
f 378 383 379
f 382 383 378
f 384 381 370
f 384 370 374
f 353 366 385
f 353 385 363
f 347 363 386
f 347 386 356
f 358 387 360
f 369 387 358
f 388 309 294
f 388 294 359
f 360 389 364
f 364 390 367
f 389 390 364
f 391 316 326
f 362 316 391
f 387 389 360
f 351 392 361
f 351 368 392
f 361 392 369
f 375 373 393
f 373 380 394
f 373 394 393
f 376 375 395
f 395 375 396
f 375 393 396
f 397 382 381
f 398 381 384
f 398 397 381
f 399 374 376
f 400 376 395
f 399 376 400
f 401 384 374
f 401 374 399
f 367 402 365
f 365 403 366
f 365 402 403
f 390 404 367
f 367 404 402
f 383 405 379
f 379 406 380
f 379 405 406
f 382 407 383
f 408 407 382
f 397 408 382
f 407 409 383
f 383 409 405
f 395 396 410
f 411 395 410
f 400 395 411
f 412 398 384
f 412 384 401
f 366 403 413
f 366 413 385
f 363 385 414
f 363 414 386
f 357 415 368
f 357 377 415
f 389 416 390
f 390 417 404
f 416 417 390
f 369 418 387
f 392 418 369
f 419 319 309
f 419 309 388
f 380 420 394
f 380 406 420
f 387 421 389
f 421 416 389
f 422 326 332
f 391 326 422
f 408 423 407
f 407 424 409
f 423 424 407
f 396 393 425
f 410 396 426
f 396 425 426
f 356 386 427
f 356 427 377
f 393 394 428
f 393 428 425
f 429 408 397
f 430 397 398
f 430 429 397
f 404 431 402
f 402 432 403
f 402 431 432
f 417 433 404
f 404 433 431
f 418 421 387
f 434 423 408
f 429 434 408
f 368 435 392
f 368 415 435
f 392 435 418
f 436 332 319
f 422 332 436
f 436 319 419
f 409 437 405
f 405 438 406
f 405 437 438
f 424 439 409
f 409 439 437
f 410 426 440
f 411 410 441
f 441 410 440
f 442 430 398
f 442 398 412
f 443 399 400
f 444 400 411
f 443 400 444
f 403 432 445
f 403 445 413
f 394 446 428
f 394 420 446
f 447 401 399
f 447 399 443
f 416 448 417
f 417 449 433
f 448 449 417
f 385 413 450
f 385 450 414
f 423 451 424
f 434 452 423
f 452 451 423
f 421 453 416
f 453 448 416
f 406 454 420
f 406 438 454
f 426 425 455
f 440 426 456
f 426 455 456
f 433 457 431
f 431 458 432
f 431 457 458
f 449 459 433
f 433 459 457
f 386 414 460
f 386 460 427
f 424 461 439
f 451 461 424
f 425 428 462
f 425 462 455
f 463 434 429
f 464 429 430
f 464 463 429
f 444 411 465
f 465 411 441
f 418 466 421
f 466 453 421
f 377 467 415
f 377 427 467
f 435 466 418
f 468 452 434
f 463 468 434
f 469 412 401
f 469 401 447
f 440 456 470
f 441 440 471
f 471 440 470
f 432 458 472
f 432 472 445
f 449 473 459
f 448 474 449
f 474 473 449
f 428 475 462
f 428 446 475
f 476 464 430
f 476 430 442
f 477 443 444
f 478 444 465
f 477 444 478
f 479 447 443
f 479 443 477
f 459 480 457
f 457 480 481
f 457 481 458
f 459 482 480
f 473 482 459
f 413 445 483
f 413 483 450
f 415 484 435
f 415 467 484
f 435 484 466
f 439 485 437
f 437 486 438
f 437 485 486
f 461 487 439
f 439 487 485
f 420 488 446
f 420 454 488
f 452 489 451
f 451 490 461
f 489 490 451
f 468 491 452
f 491 489 452
f 456 455 492
f 455 493 492
f 455 462 493
f 494 468 463
f 494 495 468
f 495 491 468
f 456 492 496
f 470 456 496
f 497 494 463
f 497 463 464
f 465 441 498
f 498 441 471
f 499 442 412
f 499 412 469
f 453 500 448
f 500 474 448
f 414 450 501
f 414 501 460
f 466 502 453
f 502 500 453
f 427 503 467
f 427 460 503
f 484 502 466
f 504 340 341
f 505 341 349
f 504 341 505
f 506 342 340
f 506 340 504
f 478 465 507
f 507 465 498
f 508 447 479
f 508 469 447
f 482 509 480
f 480 509 510
f 480 510 481
f 473 511 482
f 482 512 509
f 511 512 482
f 458 481 513
f 458 513 472
f 496 492 495
f 492 514 495
f 492 493 514
f 496 495 494
f 515 496 494
f 470 496 515
f 515 494 497
f 516 470 515
f 471 470 516
f 517 477 478
f 517 478 518
f 518 478 507
f 519 477 517
f 519 479 477
f 474 520 473
f 520 511 473
f 445 472 521
f 445 521 483
f 522 349 362
f 505 349 522
f 523 350 342
f 523 342 506
f 495 514 491
f 524 497 464
f 524 464 476
f 512 518 509
f 509 518 525
f 509 525 510
f 438 526 454
f 438 486 526
f 490 527 461
f 461 527 487
f 462 528 493
f 462 475 528
f 491 529 489
f 514 529 491
f 512 517 518
f 518 507 525
f 530 517 512
f 530 519 517
f 511 530 512
f 500 531 474
f 531 520 474
f 467 532 484
f 467 503 532
f 484 532 502
f 481 510 533
f 481 533 513
f 446 534 475
f 446 488 534
f 489 535 490
f 529 535 489
f 507 498 536
f 525 507 536
f 537 479 519
f 537 508 479
f 538 530 511
f 520 538 511
f 450 483 539
f 450 539 501
f 502 540 500
f 540 531 500
f 460 541 503
f 460 501 541
f 542 515 497
f 516 515 542
f 542 497 524
f 532 540 502
f 493 543 514
f 493 528 543
f 514 543 529
f 498 471 544
f 544 471 516
f 545 476 442
f 545 442 499
f 536 498 544
f 546 469 508
f 546 499 469
f 510 525 547
f 525 536 547
f 548 519 530
f 548 537 519
f 510 547 533
f 538 548 530
f 472 513 549
f 472 549 521
f 454 550 488
f 454 526 550
f 551 538 520
f 531 551 520
f 552 359 350
f 552 350 523
f 490 553 527
f 535 553 490
f 483 521 554
f 483 554 539
f 503 555 532
f 503 541 555
f 532 555 540
f 556 362 391
f 522 362 556
f 475 557 528
f 475 534 557
f 543 558 529
f 529 558 535
f 536 544 559
f 547 536 559
f 560 508 537
f 560 546 508
f 513 533 561
f 513 561 549
f 562 548 538
f 551 562 538
f 540 563 531
f 563 551 531
f 501 539 564
f 501 564 541
f 487 565 485
f 485 566 486
f 485 565 566
f 527 567 487
f 487 567 565
f 544 516 568
f 568 516 542
f 569 524 476
f 569 476 545
f 559 544 568
f 533 547 570
f 547 559 570
f 571 537 548
f 571 560 537
f 533 570 561
f 562 571 548
f 555 563 540
f 528 572 543
f 528 557 572
f 543 572 558
f 573 499 546
f 573 545 499
f 521 549 574
f 521 574 554
f 488 575 534
f 488 550 575
f 486 576 526
f 486 566 576
f 553 577 527
f 527 577 567
f 558 578 535
f 535 578 553
f 579 542 524
f 568 542 579
f 579 524 569
f 559 568 580
f 570 559 580
f 549 561 581
f 549 581 574
f 563 582 551
f 582 562 551
f 539 554 583
f 539 583 564
f 555 584 563
f 584 582 563
f 541 584 555
f 541 564 584
f 585 391 422
f 556 391 585
f 586 388 359
f 586 359 552
f 587 546 560
f 587 573 546
f 588 571 562
f 582 588 562
f 580 568 579
f 561 570 589
f 570 580 589
f 561 589 581
f 590 569 545
f 590 545 573
f 526 591 550
f 526 576 591
f 534 592 557
f 534 575 592
f 572 593 558
f 558 593 578
f 594 560 571
f 594 587 560
f 588 594 571
f 554 574 595
f 554 595 583
f 564 596 584
f 564 583 596
f 584 596 582
f 578 597 553
f 553 597 577
f 596 588 582
f 598 579 569
f 580 579 598
f 598 569 590
f 557 599 572
f 557 592 599
f 572 599 593
f 589 580 598
f 600 419 388
f 600 388 586
f 601 573 587
f 601 590 573
f 574 581 602
f 574 602 595
f 596 603 588
f 603 594 588
f 583 603 596
f 583 595 603
f 604 422 436
f 585 422 604
f 581 589 605
f 589 598 605
f 581 605 602
f 606 587 594
f 606 601 587
f 603 606 594
f 567 607 565
f 565 608 566
f 565 607 608
f 577 609 567
f 567 609 607
f 550 610 575
f 550 591 610
f 605 598 590
f 605 590 601
f 593 611 578
f 578 611 597
f 595 606 603
f 595 602 606
f 612 436 419
f 604 436 612
f 612 419 600
f 602 605 601
f 602 601 606
f 566 613 576
f 566 608 613
f 597 614 577
f 577 614 609
f 575 615 592
f 575 610 615
f 599 616 593
f 593 616 611
f 576 617 591
f 576 613 617
f 611 618 597
f 597 618 614
f 592 619 599
f 592 615 619
f 599 619 616
f 620 504 505
f 621 505 522
f 620 505 621
f 622 506 504
f 622 504 620
f 591 623 610
f 591 617 623
f 624 523 506
f 624 506 622
f 616 625 611
f 611 625 618
f 609 626 607
f 607 627 608
f 607 626 627
f 614 628 609
f 609 628 626
f 629 522 556
f 621 522 629
f 608 630 613
f 608 627 630
f 618 631 614
f 614 631 628
f 610 632 615
f 610 623 632
f 619 633 616
f 616 633 625
f 634 552 523
f 634 523 624
f 615 635 619
f 615 632 635
f 619 635 633
f 636 556 585
f 629 556 636
f 613 637 617
f 613 630 637
f 625 638 618
f 618 638 631
f 639 586 552
f 639 552 634
f 617 640 623
f 617 637 640
f 633 641 625
f 625 641 638
f 642 585 604
f 636 585 642
f 628 643 626
f 626 644 627
f 626 643 644
f 631 645 628
f 628 645 643
f 623 646 632
f 623 640 646
f 635 647 633
f 633 647 641
f 627 648 630
f 627 644 648
f 638 649 631
f 631 649 645
f 650 600 586
f 650 586 639
f 632 651 635
f 632 646 651
f 635 651 647
f 652 604 612
f 642 604 652
f 653 612 600
f 653 600 650
f 630 654 637
f 630 648 654
f 641 655 638
f 638 655 649
f 652 612 653
f 637 656 640
f 637 654 656
f 647 657 641
f 641 657 655
f 658 620 621
f 659 622 620
f 659 620 658
f 645 660 643
f 643 661 644
f 643 660 661
f 649 662 645
f 645 662 660
f 663 621 629
f 658 621 663
f 640 664 646
f 640 656 664
f 651 665 647
f 647 665 657
f 666 624 622
f 666 622 659
f 644 667 648
f 644 661 667
f 655 668 649
f 649 668 662
f 646 669 651
f 646 664 669
f 651 669 665
f 670 629 636
f 663 629 670
f 648 671 654
f 648 667 671
f 657 672 655
f 655 672 668
f 673 634 624
f 673 624 666
f 654 674 656
f 654 671 674
f 665 675 657
f 657 675 672
f 676 636 642
f 670 636 676
f 677 639 634
f 677 634 673
f 662 678 660
f 660 679 661
f 660 678 679
f 668 680 662
f 662 680 678
f 656 681 664
f 656 674 681
f 669 682 665
f 665 682 675
f 661 683 667
f 661 679 683
f 672 684 668
f 668 684 680
f 664 685 669
f 664 681 685
f 669 685 682
f 686 642 652
f 676 642 686
f 687 650 639
f 687 639 677
f 675 688 672
f 672 688 684
f 667 689 671
f 667 683 689
f 690 652 653
f 686 652 690
f 691 653 650
f 691 650 687
f 682 692 675
f 675 692 688
f 671 693 674
f 671 689 693
f 690 653 691
f 680 694 678
f 678 695 679
f 678 694 695
f 684 696 680
f 680 696 694
f 674 697 681
f 674 693 697
f 685 698 682
f 682 698 692
f 699 658 663
f 700 659 658
f 700 658 699
f 684 701 696
f 688 701 684
f 681 702 685
f 681 697 702
f 685 702 698
f 679 695 703
f 679 703 683
f 696 704 694
f 694 704 705
f 694 705 695
f 696 706 704
f 701 706 696
f 707 663 670
f 699 663 707
f 708 666 659
f 708 659 700
f 706 709 704
f 704 709 710
f 704 710 705
f 701 711 706
f 706 712 709
f 711 712 706
f 688 713 701
f 713 711 701
f 695 705 714
f 695 714 703
f 692 713 688
f 712 715 709
f 709 715 716
f 709 716 710
f 711 717 712
f 712 718 715
f 717 718 712
f 683 703 719
f 683 719 689
f 720 717 711
f 713 720 711
f 705 710 721
f 705 721 714
f 718 722 715
f 715 722 723
f 715 723 716
f 717 724 718
f 718 725 722
f 724 725 718
f 726 724 717
f 720 726 717
f 727 720 713
f 692 727 713
f 728 670 676
f 707 670 728
f 710 716 729
f 710 729 721
f 725 730 722
f 722 730 731
f 722 731 723
f 724 732 725
f 725 733 730
f 732 733 725
f 703 714 734
f 703 734 719
f 735 673 666
f 735 666 708
f 736 732 724
f 726 736 724
f 733 737 730
f 730 737 738
f 730 738 731
f 732 739 733
f 733 740 737
f 739 740 733
f 716 723 741
f 716 741 729
f 742 726 720
f 727 742 720
f 698 727 692
f 743 739 732
f 736 743 732
f 714 721 744
f 714 744 734
f 689 719 745
f 689 745 693
f 740 746 737
f 737 746 747
f 737 747 738
f 739 748 740
f 740 749 746
f 748 749 740
f 723 731 750
f 723 750 741
f 731 738 751
f 731 751 750
f 752 748 739
f 743 752 739
f 753 736 726
f 742 753 726
f 749 754 746
f 746 754 755
f 746 755 747
f 748 756 749
f 749 757 754
f 756 757 749
f 721 729 758
f 721 758 744
f 759 756 748
f 752 759 748
f 760 742 727
f 698 760 727
f 738 747 761
f 738 761 751
f 762 743 736
f 753 762 736
f 719 734 763
f 719 763 745
f 729 741 764
f 729 764 758
f 757 765 754
f 754 765 766
f 754 766 755
f 756 767 757
f 767 768 757
f 757 768 765
f 747 755 769
f 747 769 761
f 770 767 756
f 759 770 756
f 741 750 771
f 741 771 764
f 772 752 743
f 762 772 743
f 773 753 742
f 760 773 742
f 693 774 697
f 693 745 774
f 702 760 698
f 775 759 752
f 772 775 752
f 734 744 776
f 734 776 763
f 767 777 768
f 770 778 767
f 778 777 767
f 750 751 779
f 750 779 771
f 780 676 686
f 728 676 780
f 768 781 765
f 765 782 766
f 765 781 782
f 777 783 768
f 768 783 781
f 755 766 784
f 755 784 769
f 785 770 759
f 775 785 759
f 786 762 753
f 773 786 753
f 787 677 673
f 787 673 735
f 751 761 788
f 751 788 779
f 744 758 789
f 744 789 776
f 702 790 760
f 790 773 760
f 697 790 702
f 697 774 790
f 745 763 791
f 745 791 774
f 792 778 770
f 785 792 770
f 793 772 762
f 786 793 762
f 777 794 783
f 778 795 777
f 795 794 777
f 761 769 796
f 761 796 788
f 758 764 797
f 758 797 789
f 766 782 798
f 766 798 784
f 783 799 781
f 781 800 782
f 781 799 800
f 794 801 783
f 783 801 799
f 764 771 802
f 764 802 797
f 803 775 772
f 793 803 772
f 790 804 773
f 804 786 773
f 769 784 805
f 769 805 796
f 806 795 778
f 792 806 778
f 807 785 775
f 803 807 775
f 763 776 808
f 763 808 791
f 774 804 790
f 774 791 804
f 771 779 809
f 771 809 802
f 795 810 794
f 794 811 801
f 810 811 794
f 812 792 785
f 807 812 785
f 776 789 813
f 776 813 808
f 814 793 786
f 804 814 786
f 782 800 815
f 782 815 798
f 779 788 816
f 779 816 809
f 784 798 817
f 784 817 805
f 806 818 795
f 818 810 795
f 819 806 792
f 812 819 792
f 789 797 820
f 789 820 813
f 821 803 793
f 814 821 793
f 791 814 804
f 791 808 814
f 788 796 822
f 788 822 816
f 797 802 823
f 797 823 820
f 824 807 803
f 821 824 803
f 808 821 814
f 808 813 821
f 825 818 806
f 819 825 806
f 826 812 807
f 824 826 807
f 810 827 811
f 818 828 810
f 828 827 810
f 796 805 829
f 796 829 822
f 802 809 830
f 802 830 823
f 813 824 821
f 813 820 824
f 831 686 690
f 780 686 831
f 798 815 832
f 798 832 817
f 809 816 833
f 809 833 830
f 834 819 812
f 826 834 812
f 835 687 677
f 835 677 787
f 825 836 818
f 836 828 818
f 820 826 824
f 820 823 826
f 805 817 837
f 805 837 829
f 816 822 838
f 816 838 833
f 834 839 819
f 839 825 819
f 823 834 826
f 823 830 834
f 830 839 834
f 830 833 839
f 839 840 825
f 840 836 825
f 828 841 827
f 822 829 842
f 822 842 838
f 836 843 828
f 843 841 828
f 833 840 839
f 833 838 840
f 817 832 844
f 817 844 837
f 840 845 836
f 845 843 836
f 829 846 842
f 829 837 846
f 838 845 840
f 838 842 845
f 847 690 691
f 831 690 847
f 848 691 687
f 848 687 835
f 843 849 841
f 842 850 845
f 842 846 850
f 845 850 843
f 837 851 846
f 837 844 851
f 850 849 843
f 847 691 848
f 846 852 850
f 846 851 852
f 850 852 849
f 853 700 699
f 854 699 707
f 853 699 854
f 855 708 700
f 855 700 853
f 856 707 728
f 854 707 856
f 857 735 708
f 857 708 855
f 858 728 780
f 856 728 858
f 859 787 735
f 859 735 857
f 860 780 831
f 858 780 860
f 861 835 787
f 861 787 859
f 862 831 847
f 860 831 862
f 863 848 835
f 863 835 861
f 864 847 848
f 862 847 864
f 865 853 854
f 866 854 856
f 865 854 866
f 864 848 863
f 867 855 853
f 867 853 865
f 868 856 858
f 866 856 868
f 869 857 855
f 869 855 867
f 870 858 860
f 868 858 870
f 871 859 857
f 871 857 869
f 872 860 862
f 870 860 872
f 873 861 859
f 873 859 871
f 874 862 864
f 872 862 874
f 875 863 861
f 875 861 873
f 876 864 863
f 874 864 876
f 876 863 875
f 877 878 879
f 879 878 880
f 879 880 881
f 877 882 878
f 882 883 878
f 878 883 884
f 878 884 880
f 885 882 877
f 882 886 883
f 886 887 883
f 883 888 884
f 883 887 888
f 885 889 882
f 889 886 882
f 890 889 885
f 889 891 886
f 891 892 886
f 886 892 887
f 893 891 889
f 890 893 889
f 891 894 892
f 893 895 891
f 895 894 891
f 892 896 887
f 894 897 892
f 892 897 896
f 881 880 898
f 881 898 899
f 880 884 900
f 880 900 898
f 884 888 901
f 884 901 900
f 887 902 888
f 887 896 902
f 903 893 890
f 904 895 893
f 903 904 893
f 895 905 894
f 906 905 895
f 904 906 895
f 894 907 897
f 905 907 894
f 907 908 897
f 897 909 896
f 897 908 909
f 905 910 907
f 906 911 905
f 911 910 905
f 888 912 901
f 888 902 912
f 910 913 907
f 907 913 908
f 899 898 914
f 899 914 915
f 898 900 916
f 898 916 914
f 900 901 917
f 900 917 916
f 918 904 903
f 919 906 904
f 918 919 904
f 896 920 902
f 896 909 920
f 921 911 906
f 919 921 906
f 911 922 910
f 910 923 913
f 922 923 910
f 901 924 917
f 901 912 924
f 902 925 912
f 902 920 925
f 921 926 911
f 926 922 911
f 913 927 908
f 908 928 909
f 908 927 928
f 923 929 913
f 913 929 927
f 915 914 930
f 915 930 931
f 914 916 932
f 914 932 930
f 916 917 933
f 916 933 932
f 934 919 918
f 935 921 919
f 934 935 919
f 936 926 921
f 935 936 921
f 909 937 920
f 909 928 937
f 922 938 923
f 926 939 922
f 939 938 922
f 938 940 923
f 923 940 929
f 917 941 933
f 917 924 941
f 912 942 924
f 912 925 942
f 920 943 925
f 920 937 943
f 936 944 926
f 944 939 926
f 931 930 945
f 931 945 946
f 930 932 947
f 930 947 945
f 932 948 947
f 932 933 948
f 946 945 935
f 946 935 934
f 945 947 936
f 945 936 935
f 947 944 936
f 947 948 944
f 939 949 938
f 944 950 939
f 950 949 939
f 938 951 940
f 949 951 938
f 929 952 927
f 927 953 928
f 927 952 953
f 940 954 929
f 929 954 952
f 933 955 948
f 933 941 955
f 924 956 941
f 924 942 956
f 948 950 944
f 948 955 950
f 925 957 942
f 925 943 957
f 928 958 937
f 928 953 958
f 951 959 940
f 940 959 954
f 950 960 949
f 955 960 950
f 937 961 943
f 937 958 961
f 941 962 955
f 941 956 962
f 960 963 949
f 949 963 951
f 955 962 960
f 942 964 956
f 942 957 964
f 956 965 962
f 956 964 965
f 962 966 960
f 962 965 966
f 943 967 957
f 943 961 967
f 960 966 963
f 963 968 951
f 963 969 968
f 966 969 963
f 952 970 953
f 953 971 958
f 953 970 971
f 951 968 959
f 954 972 952
f 952 972 970
f 959 973 954
f 954 973 972
f 968 974 959
f 959 974 973
f 957 975 964
f 957 967 975
f 958 976 961
f 958 971 976
f 969 977 968
f 968 977 974
f 965 978 966
f 966 978 969
f 964 979 965
f 964 975 979
f 965 979 978
f 961 980 967
f 961 976 980
f 978 981 969
f 969 981 977
f 973 982 972
f 972 983 970
f 972 982 983
f 974 984 973
f 973 984 982
f 970 985 971
f 970 983 985
f 977 986 974
f 974 986 984
f 967 987 975
f 967 980 987
f 979 988 978
f 978 988 981
f 975 989 979
f 975 987 989
f 979 989 988
f 971 990 976
f 971 985 990
f 981 991 977
f 977 991 986
f 976 992 980
f 976 990 992
f 988 993 981
f 981 993 991
f 980 994 987
f 980 992 994
f 989 995 988
f 988 995 993
f 984 996 982
f 982 997 983
f 982 996 997
f 986 998 984
f 984 998 996
f 987 999 989
f 987 994 999
f 989 999 995
f 983 1000 985
f 983 997 1000
f 991 1001 986
f 986 1001 998
f 993 1002 991
f 991 1002 1001
f 985 1003 990
f 985 1000 1003
f 995 1004 993
f 993 1004 1002
f 990 1005 992
f 990 1003 1005
f 999 1006 995
f 995 1006 1004
f 992 1007 994
f 992 1005 1007
f 994 1008 999
f 994 1007 1008
f 999 1008 1006
f 998 1009 996
f 1001 1010 998
f 998 1010 1009
f 996 1011 997
f 996 1009 1011
f 1002 1012 1001
f 1001 1012 1010
f 997 1013 1000
f 997 1011 1013
f 1004 1014 1002
f 1002 1014 1012
f 1005 1015 1007
f 1003 1016 1005
f 1005 1016 1015
f 1007 1017 1008
f 1007 1015 1017
f 1000 1018 1003
f 1003 1018 1016
f 1008 1019 1006
f 1008 1017 1019
f 1000 1013 1018
f 1006 1020 1004
f 1006 1019 1020
f 1004 1020 1014
f 1014 1021 1012
f 1020 1022 1014
f 1014 1022 1021
f 1012 1023 1010
f 1012 1021 1023
f 1010 1024 1009
f 1010 1023 1024
f 1016 1025 1015
f 1015 1026 1017
f 1015 1025 1026
f 1018 1027 1016
f 1016 1027 1025
f 1013 1028 1018
f 1018 1028 1027
f 1017 1029 1019
f 1017 1026 1029
f 1011 1030 1013
f 1013 1030 1028
f 1019 1031 1020
f 1019 1029 1031
f 1009 1032 1011
f 1011 1032 1030
f 1020 1031 1022
f 1009 1024 1032
f 1033 1034 1035
f 1035 1036 1037
f 1035 1034 1036
f 1038 1039 1033
f 1033 1039 1034
f 1037 1040 1041
f 1037 1036 1040
f 1042 1043 1038
f 1038 1043 1039
f 1044 1045 1042
f 1042 1045 1043
f 1041 1046 1047
f 1041 1040 1046
f 1039 1048 1034
f 1034 1049 1036
f 1034 1048 1049
f 1043 1050 1039
f 1039 1050 1048
f 1047 1051 1052
f 1047 1046 1051
f 1053 1054 1044
f 1044 1054 1045
f 1036 1055 1040
f 1036 1049 1055
f 1045 1056 1043
f 1043 1056 1050
f 1052 1057 1058
f 1052 1051 1057
f 1059 1060 1053
f 1053 1060 1054
f 1040 1061 1046
f 1040 1055 1061
f 1054 1062 1045
f 1045 1062 1056
f 1058 1063 1059
f 1058 1057 1063
f 1059 1063 1060
f 1050 1064 1048
f 1048 1065 1049
f 1048 1064 1065
f 1056 1066 1050
f 1050 1066 1064
f 1060 1067 1054
f 1054 1067 1062
f 1049 1068 1055
f 1049 1065 1068
f 1062 1069 1056
f 1056 1069 1066
f 1046 1070 1051
f 1046 1061 1070
f 1063 1071 1060
f 1060 1071 1067
f 1051 1072 1057
f 1051 1070 1072
f 1055 1073 1061
f 1055 1068 1073
f 1062 1074 1069
f 1067 1074 1062
f 1057 1075 1063
f 1057 1072 1075
f 1063 1075 1071
f 1066 1076 1064
f 1069 1077 1066
f 1066 1077 1076
f 1064 1078 1065
f 1065 1079 1068
f 1065 1078 1079
f 1064 1076 1078
f 1074 1080 1069
f 1069 1080 1077
f 1061 1081 1070
f 1061 1073 1081
f 1067 1082 1074
f 1071 1082 1067
f 1074 1083 1080
f 1082 1083 1074
f 1075 1084 1071
f 1071 1084 1082
f 1070 1085 1072
f 1070 1081 1085
f 1068 1086 1073
f 1068 1079 1086
f 1077 1087 1076
f 1076 1088 1078
f 1076 1087 1088
f 1080 1089 1077
f 1077 1089 1087
f 1072 1090 1075
f 1072 1085 1090
f 1075 1090 1084
f 1083 1091 1080
f 1080 1091 1089
f 1082 1092 1083
f 1084 1092 1082
f 1078 1093 1079
f 1078 1088 1093
f 1073 1094 1081
f 1073 1086 1094
f 1083 1095 1091
f 1092 1095 1083
f 1084 1096 1092
f 1090 1096 1084
f 1079 1097 1086
f 1079 1093 1097
f 1081 1098 1085
f 1081 1094 1098
f 1089 1099 1087
f 1091 1100 1089
f 1089 1100 1099
f 1087 1101 1088
f 1087 1099 1101
f 1095 1102 1091
f 1091 1102 1100
f 1092 1103 1095
f 1096 1103 1092
f 1085 1104 1090
f 1085 1098 1104
f 1090 1104 1096
f 1088 1105 1093
f 1088 1101 1105
f 1086 1106 1094
f 1086 1097 1106
f 1103 1107 1095
f 1095 1107 1102
f 1096 1108 1103
f 1104 1108 1096
f 1100 1109 1099
f 1102 1110 1100
f 1100 1110 1109
f 1093 1111 1097
f 1093 1105 1111
f 1094 1112 1098
f 1094 1106 1112
f 1103 1113 1107
f 1108 1113 1103
f 1098 1114 1104
f 1104 1114 1108
f 1099 1115 1101
f 1099 1109 1115
f 1107 1116 1102
f 1102 1116 1110
f 1098 1112 1114
f 1101 1117 1105
f 1101 1115 1117
f 1097 1118 1106
f 1097 1111 1118
f 1113 1119 1107
f 1107 1119 1116
f 1108 1120 1113
f 1114 1120 1108
f 1105 1121 1111
f 1105 1117 1121
f 1106 1122 1112
f 1106 1118 1122
f 1120 1123 1113
f 1113 1123 1119
f 1112 1124 1114
f 1112 1122 1124
f 1114 1124 1120
f 1110 1125 1109
f 1109 1126 1115
f 1109 1125 1126
f 1116 1127 1110
f 1110 1127 1125
f 1111 1128 1118
f 1111 1121 1128
f 1119 1129 1116
f 1116 1129 1127
f 1120 1130 1123
f 1124 1130 1120
f 1115 1131 1117
f 1115 1126 1131
f 1123 1132 1119
f 1119 1132 1129
f 1117 1133 1121
f 1117 1131 1133
f 1118 1134 1122
f 1118 1128 1134
f 1122 1135 1124
f 1122 1134 1135
f 1130 1136 1123
f 1123 1136 1132
f 1124 1135 1130
f 1121 1137 1128
f 1121 1133 1137
f 1135 1138 1130
f 1130 1138 1136
f 1128 1139 1134
f 1128 1137 1139
f 1134 1140 1135
f 1134 1139 1140
f 1135 1140 1138
f 1125 1141 1126
f 1126 1142 1131
f 1126 1141 1142
f 1127 1143 1125
f 1125 1143 1141
f 1129 1144 1127
f 1127 1144 1143
f 1132 1145 1129
f 1129 1145 1144
f 1136 1146 1132
f 1132 1146 1145
f 1131 1147 1133
f 1131 1142 1147
f 1138 1148 1136
f 1136 1148 1146
f 1133 1149 1137
f 1133 1147 1149
f 1137 1150 1139
f 1137 1149 1150
f 1139 1151 1140
f 1139 1150 1151
f 1140 1152 1138
f 1140 1151 1152
f 1138 1152 1148
f 1143 1153 1141
f 1141 1154 1142
f 1141 1153 1154
f 1144 1155 1143
f 1143 1155 1153
f 1142 1156 1147
f 1142 1154 1156
f 1145 1157 1144
f 1144 1157 1155
f 1147 1158 1149
f 1147 1156 1158
f 1146 1159 1145
f 1145 1159 1157
f 1149 1160 1150
f 1149 1158 1160
f 1148 1161 1146
f 1146 1161 1159
f 1150 1162 1151
f 1150 1160 1162
f 1152 1163 1148
f 1148 1163 1161
f 1151 1164 1152
f 1151 1162 1164
f 1152 1164 1163
f 1155 1165 1153
f 1153 1166 1154
f 1153 1165 1166
f 1157 1167 1155
f 1155 1167 1165
f 1154 1168 1156
f 1154 1166 1168
f 1159 1169 1157
f 1157 1169 1167
f 1156 1170 1158
f 1156 1168 1170
f 1161 1171 1159
f 1159 1171 1169
f 1158 1172 1160
f 1158 1170 1172
f 1163 1173 1161
f 1161 1173 1171
f 1160 1174 1162
f 1160 1172 1174
f 1164 1175 1163
f 1163 1175 1173
f 1162 1176 1164
f 1162 1174 1176
f 1164 1176 1175
f 1167 1177 1165
f 1165 1178 1166
f 1165 1177 1178
f 1169 1179 1167
f 1167 1179 1177
f 1166 1180 1168
f 1166 1178 1180
f 1168 1181 1170
f 1168 1180 1181
f 1170 1182 1172
f 1170 1181 1182
f 1172 1183 1174
f 1172 1182 1183
f 1174 1184 1176
f 1174 1183 1184
f 1176 1185 1175
f 1176 1184 1185
f 1171 1186 1169
f 1169 1186 1179
f 1173 1187 1171
f 1171 1187 1186
f 1175 1188 1173
f 1173 1188 1187
f 1175 1185 1188
f 1189 1190 1191
f 1190 1192 1191
f 1189 1191 1193
f 1193 1191 1194
f 1191 1192 1195
f 1191 1195 1194
f 1196 1190 1189
f 1196 1197 1190
f 1190 1198 1192
f 1197 1198 1190
f 1193 1194 1199
f 1200 1197 1196
f 1198 1201 1192
f 1192 1201 1202
f 1192 1202 1195
f 1197 1203 1198
f 1203 1204 1198
f 1198 1204 1201
f 1199 1194 1205
f 1199 1205 1206
f 1207 1203 1197
f 1200 1207 1197
f 1203 1208 1204
f 1204 1209 1201
f 1204 1210 1209
f 1208 1210 1204
f 1194 1195 1211
f 1194 1211 1205
f 1212 1208 1203
f 1207 1212 1203
f 1201 1209 1213
f 1201 1213 1202
f 1214 1207 1200
f 1210 1215 1209
f 1209 1215 1216
f 1209 1216 1213
f 1208 1217 1210
f 1217 1218 1210
f 1210 1218 1215
f 1195 1202 1219
f 1202 1213 1220
f 1202 1220 1219
f 1195 1219 1211
f 1221 1217 1208
f 1212 1221 1208
f 1206 1205 1222
f 1206 1222 1223
f 1224 1212 1207
f 1214 1224 1207
f 1217 1225 1218
f 1221 1226 1217
f 1226 1225 1217
f 1205 1211 1227
f 1205 1227 1222
f 1228 1221 1212
f 1224 1228 1212
f 1218 1229 1215
f 1225 1230 1218
f 1218 1230 1229
f 1215 1229 1231
f 1215 1231 1216
f 1213 1216 1232
f 1213 1232 1220
f 1211 1219 1233
f 1211 1233 1227
f 1234 1226 1221
f 1228 1234 1221
f 1235 1224 1214
f 1225 1236 1230
f 1226 1237 1225
f 1237 1236 1225
f 1219 1220 1238
f 1219 1238 1233
f 1239 1228 1224
f 1235 1239 1224
f 1230 1240 1229
f 1229 1241 1231
f 1229 1240 1241
f 1236 1242 1230
f 1230 1242 1240
f 1216 1231 1243
f 1216 1243 1232
f 1244 1237 1226
f 1234 1244 1226
f 1245 1234 1228
f 1239 1245 1228
f 1223 1222 1246
f 1223 1246 1247
f 1220 1232 1248
f 1220 1248 1238
f 1222 1227 1249
f 1222 1249 1246
f 1237 1250 1236
f 1236 1251 1242
f 1250 1251 1236
f 1244 1252 1237
f 1252 1250 1237
f 1253 1244 1234
f 1245 1253 1234
f 1231 1241 1254
f 1231 1254 1243
f 1227 1233 1255
f 1227 1255 1249
f 1256 1239 1235
f 1242 1257 1240
f 1240 1258 1241
f 1240 1257 1258
f 1251 1259 1242
f 1242 1259 1257
f 1232 1243 1260
f 1232 1260 1248
f 1233 1238 1261
f 1233 1261 1255
f 1262 1252 1244
f 1253 1262 1244
f 1247 1246 1263
f 1247 1263 1264
f 1265 1245 1239
f 1256 1265 1239
f 1250 1266 1251
f 1252 1267 1250
f 1267 1266 1250
f 1268 1253 1245
f 1265 1268 1245
f 1241 1269 1254
f 1241 1258 1269
f 1251 1270 1259
f 1266 1270 1251
f 1243 1254 1271
f 1243 1271 1260
f 1238 1248 1272
f 1238 1272 1261
f 1273 1267 1252
f 1262 1273 1252
f 1246 1249 1274
f 1246 1274 1263
f 1264 1265 1256
f 1249 1255 1275
f 1249 1275 1274
f 1276 1262 1253
f 1268 1276 1253
f 1264 1263 1265
f 1263 1268 1265
f 1259 1277 1257
f 1257 1278 1258
f 1257 1277 1278
f 1270 1279 1259
f 1259 1279 1277
f 1254 1269 1280
f 1254 1280 1271
f 1267 1281 1266
f 1266 1282 1270
f 1281 1282 1266
f 1248 1260 1283
f 1248 1283 1272
f 1273 1284 1267
f 1284 1281 1267
f 1255 1261 1285
f 1255 1285 1275
f 1276 1286 1262
f 1286 1273 1262
f 1263 1274 1268
f 1274 1276 1268
f 1274 1275 1276
f 1261 1272 1287
f 1261 1287 1285
f 1275 1286 1276
f 1258 1288 1269
f 1258 1278 1288
f 1282 1289 1270
f 1270 1289 1279
f 1260 1271 1290
f 1260 1290 1283
f 1286 1291 1273
f 1291 1284 1273
f 1275 1285 1286
f 1272 1283 1292
f 1272 1292 1287
f 1285 1291 1286
f 1285 1287 1291
f 1281 1293 1282
f 1284 1294 1281
f 1294 1293 1281
f 1269 1295 1280
f 1269 1288 1295
f 1293 1296 1282
f 1282 1296 1289
f 1271 1280 1297
f 1271 1297 1290
f 1283 1298 1292
f 1283 1290 1298
f 1291 1299 1284
f 1299 1294 1284
f 1287 1299 1291
f 1287 1292 1299
f 1279 1300 1277
f 1277 1301 1278
f 1277 1300 1301
f 1289 1302 1279
f 1279 1302 1300
f 1299 1303 1294
f 1294 1304 1293
f 1303 1304 1294
f 1292 1303 1299
f 1292 1298 1303
f 1278 1305 1288
f 1278 1301 1305
f 1280 1306 1297
f 1280 1295 1306
f 1293 1307 1296
f 1304 1307 1293
f 1290 1308 1298
f 1290 1297 1308
f 1296 1309 1289
f 1289 1309 1302
f 1288 1310 1295
f 1288 1305 1310
f 1298 1311 1303
f 1298 1308 1311
f 1303 1311 1304
f 1307 1312 1296
f 1296 1312 1309
f 1297 1313 1308
f 1297 1306 1313
f 1311 1314 1304
f 1304 1314 1307
f 1295 1315 1306
f 1295 1310 1315
f 1308 1316 1311
f 1308 1313 1316
f 1311 1316 1314
f 1314 1317 1307
f 1307 1317 1312
f 1300 1318 1301
f 1302 1319 1300
f 1300 1319 1318
f 1301 1320 1305
f 1301 1318 1320
f 1309 1321 1302
f 1302 1321 1319
f 1306 1322 1313
f 1306 1315 1322
f 1316 1323 1314
f 1314 1323 1317
f 1305 1324 1310
f 1305 1320 1324
f 1312 1325 1309
f 1309 1325 1321
f 1313 1326 1316
f 1313 1322 1326
f 1316 1326 1323
f 1310 1327 1315
f 1310 1324 1327
f 1317 1328 1312
f 1312 1328 1325
f 1315 1329 1322
f 1315 1327 1329
f 1323 1330 1317
f 1317 1330 1328
f 1322 1331 1326
f 1322 1329 1331
f 1326 1332 1323
f 1323 1332 1330
f 1326 1331 1332
f 1319 1333 1318
f 1321 1334 1319
f 1319 1334 1333
f 1318 1335 1320
f 1318 1333 1335
f 1320 1336 1324
f 1320 1335 1336
f 1325 1337 1321
f 1321 1337 1334
f 1328 1338 1325
f 1325 1338 1337
f 1324 1339 1327
f 1324 1336 1339
f 1327 1340 1329
f 1327 1339 1340
f 1330 1341 1328
f 1328 1341 1338
f 1332 1342 1330
f 1330 1342 1341
f 1329 1343 1331
f 1329 1340 1343
f 1331 1344 1332
f 1332 1344 1342
f 1331 1343 1344
f 1345 1346 1347
f 1348 1346 1345
f 1346 1349 1350
f 1351 1349 1346
f 1346 1350 1347
f 1348 1351 1346
f 1352 1345 1353
f 1354 1345 1352
f 1345 1347 1353
f 1354 1348 1345
f 1352 1353 1355
f 1356 1352 1355
f 1357 1352 1356
f 1357 1354 1352
f 1349 1358 1359
f 1360 1358 1349
f 1349 1359 1350
f 1351 1360 1349
f 1353 1347 1361
f 1347 1350 1362
f 1347 1362 1361
f 1355 1353 1363
f 1353 1361 1363
f 1364 1365 1366
f 1367 1365 1364
f 1365 1368 1369
f 1370 1368 1365
f 1365 1369 1366
f 1367 1370 1365
f 1371 1364 1372
f 1373 1364 1371
f 1364 1366 1372
f 1373 1367 1364
f 1374 1371 1375
f 1376 1371 1374
f 1371 1372 1375
f 1376 1373 1371
f 1358 1377 1378
f 1379 1377 1358
f 1358 1378 1359
f 1360 1379 1358
f 1350 1359 1380
f 1350 1380 1362
f 1381 1351 1348
f 1382 1360 1351
f 1381 1382 1351
f 1383 1348 1354
f 1383 1381 1348
f 1356 1355 1384
f 1384 1355 1385
f 1355 1363 1385
f 1386 1356 1384
f 1387 1356 1386
f 1387 1357 1356
f 1368 1388 1389
f 1390 1388 1368
f 1368 1389 1369
f 1370 1390 1368
f 1377 1374 1391
f 1392 1374 1377
f 1374 1375 1391
f 1392 1376 1374
f 1377 1391 1378
f 1379 1392 1377
f 1393 1354 1357
f 1393 1383 1354
f 1372 1366 1394
f 1366 1369 1395
f 1366 1395 1394
f 1375 1372 1396
f 1372 1394 1396
f 1391 1375 1397
f 1375 1396 1397
f 1359 1378 1398
f 1359 1398 1380
f 1399 1379 1360
f 1382 1399 1360
f 1386 1384 1400
f 1400 1384 1401
f 1384 1385 1401
f 1402 1386 1400
f 1403 1386 1402
f 1403 1387 1386
f 1388 1404 1389
f 1390 1405 1388
f 1405 1406 1388
f 1388 1406 1404
f 1369 1389 1407
f 1369 1407 1395
f 1408 1370 1367
f 1409 1390 1370
f 1408 1409 1370
f 1410 1367 1373
f 1410 1408 1367
f 1378 1391 1411
f 1391 1397 1411
f 1378 1411 1398
f 1412 1357 1387
f 1412 1393 1357
f 1413 1373 1376
f 1413 1410 1373
f 1414 1392 1379
f 1399 1414 1379
f 1402 1400 1415
f 1415 1400 1416
f 1400 1401 1416
f 1389 1404 1417
f 1389 1417 1407
f 1418 1405 1390
f 1409 1418 1390
f 1419 1376 1392
f 1419 1413 1376
f 1414 1419 1392
f 1420 1402 1415
f 1421 1402 1420
f 1421 1403 1402
f 1363 1361 1422
f 1361 1362 1423
f 1361 1423 1422
f 1385 1363 1424
f 1363 1422 1424
f 1425 1387 1403
f 1425 1412 1387
f 1405 1426 1406
f 1426 1427 1406
f 1406 1428 1404
f 1406 1427 1428
f 1429 1426 1405
f 1418 1429 1405
f 1362 1380 1430
f 1362 1430 1423
f 1401 1385 1431
f 1385 1424 1431
f 1420 1415 1432
f 1432 1415 1433
f 1415 1416 1433
f 1434 1420 1432
f 1435 1420 1434
f 1435 1421 1420
f 1436 1437 1438
f 1436 1439 1437
f 1440 1439 1436
f 1426 1441 1427
f 1429 1442 1426
f 1442 1441 1426
f 1404 1428 1443
f 1404 1443 1417
f 1394 1395 1444
f 1395 1407 1445
f 1395 1445 1444
f 1396 1394 1446
f 1394 1444 1446
f 1397 1396 1447
f 1396 1446 1447
f 1411 1397 1448
f 1397 1447 1448
f 1398 1411 1449
f 1411 1448 1449
f 1380 1398 1450
f 1398 1449 1450
f 1380 1450 1430
f 1451 1399 1382
f 1452 1414 1399
f 1451 1452 1399
f 1453 1382 1381
f 1453 1451 1382
f 1454 1381 1383
f 1454 1453 1381
f 1416 1401 1455
f 1401 1431 1455
f 1456 1383 1393
f 1456 1454 1383
f 1434 1432 1457
f 1457 1432 1458
f 1432 1433 1458
f 1459 1403 1421
f 1459 1425 1403
f 1460 1434 1457
f 1461 1434 1460
f 1461 1435 1434
f 1438 1437 1462
f 1438 1462 1463
f 1439 1464 1437
f 1439 1465 1464
f 1466 1465 1439
f 1440 1466 1439
f 1407 1417 1467
f 1407 1467 1445
f 1468 1409 1408
f 1469 1418 1409
f 1468 1469 1409
f 1470 1408 1410
f 1470 1468 1408
f 1433 1416 1471
f 1416 1455 1471
f 1472 1393 1412
f 1472 1456 1393
f 1460 1457 1473
f 1473 1457 1474
f 1457 1458 1474
f 1475 1421 1435
f 1475 1459 1421
f 1465 1460 1473
f 1476 1460 1465
f 1476 1461 1460
f 1437 1464 1477
f 1437 1477 1462
f 1465 1473 1464
f 1466 1476 1465
f 1478 1466 1440
f 1427 1479 1428
f 1441 1480 1427
f 1427 1480 1479
f 1481 1429 1418
f 1469 1481 1418
f 1482 1410 1413
f 1482 1470 1410
f 1483 1413 1419
f 1483 1482 1413
f 1484 1419 1414
f 1484 1483 1419
f 1452 1484 1414
f 1464 1473 1485
f 1473 1474 1485
f 1464 1485 1477
f 1428 1486 1443
f 1428 1479 1486
f 1417 1443 1487
f 1417 1487 1467
f 1488 1442 1429
f 1481 1488 1429
f 1458 1433 1489
f 1433 1471 1489
f 1490 1412 1425
f 1490 1472 1412
f 1491 1435 1461
f 1491 1475 1435
f 1463 1462 1492
f 1463 1492 1493
f 1494 1461 1476
f 1494 1491 1461
f 1495 1476 1466
f 1495 1494 1476
f 1478 1495 1466
f 1424 1422 1496
f 1422 1423 1497
f 1422 1497 1496
f 1431 1424 1498
f 1424 1496 1498
f 1474 1458 1499
f 1458 1489 1499
f 1442 1500 1441
f 1441 1501 1480
f 1500 1501 1441
f 1455 1431 1502
f 1431 1498 1502
f 1423 1430 1503
f 1423 1503 1497
f 1504 1425 1459
f 1504 1490 1425
f 1505 1500 1442
f 1488 1505 1442
f 1446 1444 1506
f 1444 1445 1507
f 1444 1507 1506
f 1447 1446 1508
f 1446 1506 1508
f 1448 1447 1509
f 1447 1508 1509
f 1449 1448 1510
f 1448 1509 1510
f 1450 1449 1511
f 1449 1510 1511
f 1430 1450 1512
f 1450 1511 1512
f 1430 1512 1503
f 1513 1451 1453
f 1514 1452 1451
f 1513 1514 1451
f 1515 1453 1454
f 1515 1513 1453
f 1471 1455 1516
f 1455 1502 1516
f 1517 1454 1456
f 1517 1515 1454
f 1485 1474 1518
f 1474 1499 1518
f 1477 1485 1519
f 1485 1518 1519
f 1462 1477 1520
f 1477 1519 1520
f 1521 1459 1475
f 1521 1504 1459
f 1462 1520 1492
f 1522 1495 1478
f 1523 1484 1452
f 1514 1523 1452
f 1480 1524 1479
f 1501 1525 1480
f 1480 1525 1524
f 1443 1486 1526
f 1443 1526 1487
f 1445 1467 1527
f 1445 1527 1507
f 1528 1469 1468
f 1529 1481 1469
f 1528 1529 1469
f 1530 1468 1470
f 1530 1528 1468
f 1489 1471 1531
f 1471 1516 1531
f 1479 1532 1486
f 1479 1524 1532
f 1500 1533 1501
f 1505 1534 1500
f 1534 1533 1500
f 1535 1488 1481
f 1529 1535 1481
f 1536 1470 1482
f 1536 1530 1470
f 1537 1482 1483
f 1537 1536 1482
f 1538 1483 1484
f 1538 1537 1483
f 1523 1538 1484
f 1499 1489 1539
f 1489 1531 1539
f 1540 1456 1472
f 1540 1517 1456
f 1541 1475 1491
f 1541 1521 1475
f 1542 1491 1494
f 1542 1541 1491
f 1543 1494 1495
f 1543 1542 1494
f 1522 1543 1495
f 1501 1544 1525
f 1533 1544 1501
f 1467 1487 1545
f 1467 1545 1527
f 1546 1505 1488
f 1535 1546 1488
f 1498 1496 1547
f 1496 1497 1548
f 1496 1548 1547
f 1502 1498 1549
f 1498 1547 1549
f 1518 1499 1550
f 1499 1539 1550
f 1551 1472 1490
f 1551 1540 1472
f 1493 1492 1552
f 1493 1552 1553
f 1486 1532 1554
f 1486 1554 1526
f 1555 1534 1505
f 1546 1555 1505
f 1508 1506 1556
f 1506 1507 1557
f 1506 1557 1556
f 1509 1508 1558
f 1508 1556 1558
f 1510 1509 1559
f 1509 1558 1559
f 1511 1510 1560
f 1510 1559 1560
f 1512 1511 1561
f 1511 1560 1561
f 1503 1512 1562
f 1512 1561 1562
f 1497 1503 1563
f 1503 1562 1563
f 1497 1563 1548
f 1564 1514 1513
f 1565 1523 1514
f 1564 1565 1514
f 1516 1502 1566
f 1502 1549 1566
f 1567 1513 1515
f 1567 1564 1513
f 1531 1516 1568
f 1516 1566 1568
f 1569 1515 1517
f 1569 1567 1515
f 1519 1518 1570
f 1518 1550 1570
f 1520 1519 1571
f 1519 1570 1571
f 1572 1490 1504
f 1572 1551 1490
f 1492 1520 1573
f 1520 1571 1573
f 1492 1573 1552
f 1487 1526 1574
f 1487 1574 1545
f 1575 1538 1523
f 1565 1575 1523
f 1576 1504 1521
f 1576 1572 1504
f 1577 1543 1522
f 1507 1527 1578
f 1507 1578 1557
f 1579 1529 1528
f 1580 1535 1529
f 1579 1580 1529
f 1581 1528 1530
f 1581 1579 1528
f 1539 1531 1582
f 1531 1568 1582
f 1525 1583 1524
f 1544 1584 1525
f 1525 1584 1583
f 1534 1585 1533
f 1533 1586 1544
f 1585 1586 1533
f 1587 1546 1535
f 1580 1587 1535
f 1588 1530 1536
f 1588 1581 1530
f 1589 1536 1537
f 1589 1588 1536
f 1590 1537 1538
f 1590 1589 1537
f 1575 1590 1538
f 1591 1517 1540
f 1591 1569 1517
f 1592 1521 1541
f 1592 1576 1521
f 1593 1542 1543
f 1577 1593 1543
f 1524 1594 1532
f 1524 1583 1594
f 1555 1595 1534
f 1595 1585 1534
f 1527 1545 1596
f 1527 1596 1578
f 1597 1555 1546
f 1587 1597 1546
f 1549 1547 1598
f 1547 1548 1599
f 1547 1599 1598
f 1566 1549 1600
f 1549 1598 1600
f 1566 1600 1601
f 1568 1566 1601
f 1539 1582 1602
f 1550 1539 1602
f 1603 1591 1540
f 1603 1540 1551
f 1604 1541 1542
f 1604 1592 1541
f 1593 1604 1542
f 1586 1605 1544
f 1544 1605 1584
f 1532 1606 1554
f 1532 1594 1606
f 1526 1554 1607
f 1526 1607 1574
f 1545 1608 1596
f 1545 1574 1608
f 1597 1609 1555
f 1609 1595 1555
f 1610 1597 1587
f 1610 1611 1597
f 1611 1609 1597
f 1556 1557 1611
f 1557 1578 1612
f 1557 1612 1611
f 1613 1610 1587
f 1613 1587 1580
f 1558 1556 1610
f 1556 1611 1610
f 1558 1610 1613
f 1614 1613 1580
f 1614 1580 1579
f 1559 1558 1613
f 1559 1613 1614
f 1615 1614 1579
f 1615 1579 1581
f 1560 1559 1614
f 1560 1614 1615
f 1616 1615 1581
f 1561 1560 1615
f 1561 1615 1616
f 1616 1581 1588
f 1562 1561 1616
f 1617 1616 1588
f 1562 1616 1617
f 1617 1588 1589
f 1563 1562 1617
f 1618 1617 1589
f 1563 1617 1618
f 1618 1589 1590
f 1548 1563 1618
f 1599 1618 1590
f 1548 1618 1599
f 1599 1590 1575
f 1598 1599 1575
f 1598 1575 1565
f 1600 1598 1565
f 1600 1565 1564
f 1601 1600 1564
f 1601 1564 1567
f 1619 1601 1567
f 1568 1601 1619
f 1619 1567 1569
f 1582 1568 1619
f 1582 1619 1620
f 1620 1619 1569
f 1602 1582 1620
f 1620 1569 1591
f 1621 1620 1591
f 1621 1591 1603
f 1570 1550 1622
f 1550 1602 1622
f 1571 1570 1623
f 1570 1622 1623
f 1624 1551 1572
f 1624 1603 1551
f 1573 1571 1625
f 1571 1623 1625
f 1552 1573 1626
f 1573 1625 1626
f 1627 1572 1576
f 1627 1624 1572
f 1553 1552 1628
f 1552 1626 1628
f 1553 1628 1629
f 1630 1593 1577
f 1585 1631 1586
f 1595 1632 1585
f 1632 1631 1585
f 1578 1633 1612
f 1578 1596 1633
f 1611 1612 1609
f 1602 1620 1621
f 1622 1602 1621
f 1631 1634 1586
f 1586 1634 1605
f 1609 1635 1595
f 1635 1632 1595
f 1612 1635 1609
f 1622 1621 1636
f 1623 1622 1636
f 1636 1621 1603
f 1636 1603 1624
f 1637 1576 1592
f 1637 1627 1576
f 1638 1592 1604
f 1638 1637 1592
f 1629 1628 1639
f 1629 1639 1640
f 1641 1604 1593
f 1641 1638 1604
f 1630 1641 1593
f 1612 1633 1635
f 1596 1642 1633
f 1596 1608 1642
f 1623 1636 1643
f 1625 1623 1643
f 1643 1636 1624
f 1643 1624 1627
f 1628 1626 1644
f 1628 1644 1639
f 1640 1641 1630
f 1554 1645 1607
f 1554 1606 1645
f 1574 1646 1608
f 1574 1607 1646
f 1635 1647 1632
f 1633 1647 1635
f 1626 1625 1648
f 1625 1643 1648
f 1648 1643 1627
f 1648 1627 1637
f 1626 1648 1644
f 1640 1639 1641
f 1639 1638 1641
f 1584 1649 1583
f 1605 1650 1584
f 1584 1650 1649
f 1583 1651 1594
f 1583 1649 1651
f 1632 1652 1631
f 1652 1653 1631
f 1631 1653 1634
f 1647 1652 1632
f 1633 1642 1647
f 1644 1648 1637
f 1644 1637 1638
f 1639 1644 1638
f 1634 1654 1605
f 1605 1654 1650
f 1608 1655 1642
f 1608 1646 1655
f 1642 1656 1647
f 1647 1656 1652
f 1607 1657 1646
f 1607 1645 1657
f 1642 1655 1656
f 1594 1658 1606
f 1594 1651 1658
f 1656 1659 1652
f 1652 1659 1653
f 1634 1660 1654
f 1653 1660 1634
f 1646 1661 1655
f 1646 1657 1661
f 1654 1662 1650
f 1650 1663 1649
f 1650 1662 1663
f 1655 1664 1656
f 1656 1664 1659
f 1654 1665 1662
f 1660 1665 1654
f 1649 1666 1651
f 1649 1663 1666
f 1606 1667 1645
f 1606 1658 1667
f 1655 1661 1664
f 1653 1668 1660
f 1659 1668 1653
f 1651 1669 1658
f 1651 1666 1669
f 1662 1670 1663
f 1665 1671 1662
f 1662 1671 1670
f 1660 1672 1665
f 1668 1672 1660
f 1645 1673 1657
f 1645 1667 1673
f 1663 1674 1666
f 1663 1670 1674
f 1659 1675 1668
f 1664 1675 1659
f 1665 1676 1671
f 1672 1676 1665
f 1658 1677 1667
f 1658 1669 1677
f 1657 1678 1661
f 1657 1673 1678
f 1666 1674 1679
f 1666 1679 1669
f 1671 1680 1670
f 1676 1681 1671
f 1671 1681 1680
f 1668 1682 1672
f 1675 1682 1668
f 1661 1683 1664
f 1664 1683 1675
f 1670 1680 1684
f 1670 1684 1674
f 1672 1685 1676
f 1682 1685 1672
f 1661 1678 1683
f 1676 1686 1681
f 1685 1686 1676
f 1681 1687 1680
f 1686 1688 1681
f 1681 1688 1687
f 1667 1689 1673
f 1667 1677 1689
f 1680 1687 1690
f 1680 1690 1684
f 1674 1684 1691
f 1674 1691 1679
f 1686 1692 1688
f 1688 1693 1687
f 1688 1694 1693
f 1692 1694 1688
f 1685 1695 1686
f 1695 1692 1686
f 1682 1696 1685
f 1696 1695 1685
f 1669 1679 1697
f 1669 1697 1677
f 1675 1698 1682
f 1683 1698 1675
f 1687 1693 1699
f 1687 1699 1690
f 1694 1700 1701
f 1702 1700 1694
f 1694 1701 1693
f 1692 1702 1694
f 1698 1696 1682
f 1700 1703 1704
f 1705 1703 1700
f 1700 1704 1701
f 1702 1705 1700
f 1693 1701 1706
f 1693 1706 1699
f 1707 1702 1692
f 1695 1707 1692
f 1684 1690 1708
f 1684 1708 1691
f 1673 1709 1678
f 1673 1689 1709
f 1710 1711 1703
f 1703 1711 1712
f 1703 1712 1704
f 1705 1710 1703
f 1701 1704 1713
f 1701 1713 1706
f 1714 1705 1702
f 1707 1714 1702
f 1678 1715 1683
f 1683 1715 1698
f 1710 1716 1711
f 1711 1717 1712
f 1716 1718 1711
f 1711 1718 1717
f 1704 1712 1719
f 1704 1719 1713
f 1720 1710 1705
f 1714 1720 1705
f 1690 1699 1721
f 1690 1721 1708
f 1722 1707 1695
f 1696 1722 1695
f 1679 1691 1723
f 1679 1723 1697
f 1677 1697 1724
f 1677 1724 1689
f 1678 1709 1715
f 1725 1716 1710
f 1720 1725 1710
f 1712 1717 1726
f 1712 1726 1719
f 1699 1706 1727
f 1699 1727 1721
f 1728 1714 1707
f 1722 1728 1707
f 1698 1729 1696
f 1729 1722 1696
f 1716 1730 1718
f 1718 1731 1717
f 1730 1732 1718
f 1718 1732 1731
f 1733 1730 1716
f 1725 1733 1716
f 1715 1729 1698
f 1706 1713 1734
f 1706 1734 1727
f 1717 1731 1735
f 1717 1735 1726
f 1713 1719 1736
f 1713 1736 1734
f 1737 1720 1714
f 1728 1737 1714
f 1691 1708 1738
f 1691 1738 1723
f 1730 1739 1732
f 1740 1739 1730
f 1733 1740 1730
f 1741 1725 1720
f 1737 1741 1720
f 1732 1742 1731
f 1739 1743 1732
f 1732 1743 1742
f 1719 1726 1744
f 1719 1744 1736
f 1745 1733 1725
f 1741 1745 1725
f 1708 1721 1746
f 1708 1746 1738
f 1747 1728 1722
f 1729 1747 1722
f 1697 1723 1748
f 1697 1748 1724
f 1715 1749 1729
f 1709 1749 1715
f 1689 1750 1709
f 1689 1724 1750
f 1731 1751 1735
f 1731 1742 1751
f 1740 1752 1739
f 1752 1753 1739
f 1739 1753 1743
f 1726 1735 1754
f 1726 1754 1744
f 1755 1740 1733
f 1745 1755 1733
f 1721 1727 1756
f 1721 1756 1746
f 1757 1737 1728
f 1747 1757 1728
f 1749 1747 1729
f 1709 1750 1749
f 1727 1734 1758
f 1727 1758 1756
f 1759 1752 1740
f 1755 1759 1740
f 1734 1736 1760
f 1734 1760 1758
f 1761 1741 1737
f 1757 1761 1737
f 1723 1738 1762
f 1723 1762 1748
f 1763 1745 1741
f 1761 1763 1741
f 1724 1764 1750
f 1724 1748 1764
f 1735 1765 1754
f 1735 1751 1765
f 1736 1744 1766
f 1736 1766 1760
f 1767 1755 1745
f 1763 1767 1745
f 1738 1746 1768
f 1738 1768 1762
f 1749 1769 1747
f 1769 1757 1747
f 1750 1769 1749
f 1750 1764 1769
f 1752 1770 1753
f 1759 1771 1752
f 1771 1770 1752
f 1743 1772 1742
f 1742 1773 1751
f 1742 1772 1773
f 1753 1774 1743
f 1743 1774 1772
f 1753 1775 1774
f 1770 1775 1753
f 1744 1754 1776
f 1744 1776 1766
f 1777 1759 1755
f 1778 1771 1759
f 1777 1778 1759
f 1767 1777 1755
f 1746 1756 1779
f 1756 1758 1780
f 1756 1780 1779
f 1781 1761 1757
f 1782 1763 1761
f 1781 1782 1761
f 1746 1779 1768
f 1769 1781 1757
f 1764 1781 1769
f 1748 1783 1764
f 1748 1762 1783
f 1758 1760 1784
f 1758 1784 1780
f 1785 1767 1763
f 1782 1785 1763
f 1764 1783 1781
f 1762 1768 1786
f 1762 1786 1783
f 1754 1787 1776
f 1754 1765 1787
f 1760 1766 1788
f 1760 1788 1784
f 1789 1777 1767
f 1785 1789 1767
f 1783 1782 1781
f 1768 1779 1790
f 1768 1790 1786
f 1751 1791 1765
f 1751 1773 1791
f 1771 1792 1770
f 1778 1793 1771
f 1793 1792 1771
f 1766 1776 1794
f 1766 1794 1788
f 1795 1778 1777
f 1789 1795 1777
f 1779 1780 1796
f 1779 1796 1790
f 1783 1786 1782
f 1786 1785 1782
f 1774 1797 1772
f 1775 1798 1774
f 1774 1798 1797
f 1770 1799 1775
f 1792 1799 1770
f 1795 1800 1778
f 1800 1793 1778
f 1780 1784 1801
f 1780 1801 1796
f 1786 1790 1785
f 1790 1789 1785
f 1790 1796 1789
f 1796 1795 1789
f 1772 1802 1773
f 1772 1797 1802
f 1784 1788 1803
f 1784 1803 1801
f 1776 1804 1794
f 1776 1787 1804
f 1796 1801 1795
f 1801 1800 1795
f 1799 1805 1775
f 1775 1805 1798
f 1765 1806 1787
f 1765 1791 1806
f 1788 1807 1803
f 1788 1794 1807
f 1801 1803 1800
f 1800 1808 1793
f 1793 1809 1792
f 1808 1809 1793
f 1803 1808 1800
f 1773 1810 1791
f 1773 1802 1810
f 1792 1811 1799
f 1809 1811 1792
f 1803 1807 1808
f 1794 1812 1807
f 1794 1804 1812
f 1799 1813 1805
f 1811 1813 1799
f 1807 1814 1808
f 1808 1814 1809
f 1798 1815 1797
f 1805 1816 1798
f 1798 1816 1815
f 1807 1812 1814
f 1797 1817 1802
f 1797 1815 1817
f 1787 1818 1804
f 1787 1806 1818
f 1813 1819 1805
f 1805 1819 1816
f 1791 1820 1806
f 1791 1810 1820
f 1809 1821 1811
f 1814 1821 1809
f 1802 1822 1810
f 1802 1817 1822
f 1811 1823 1813
f 1821 1823 1811
f 1804 1824 1812
f 1804 1818 1824
f 1813 1825 1819
f 1823 1825 1813
f 1812 1826 1814
f 1814 1826 1821
f 1812 1824 1826
f 1816 1827 1815
f 1819 1828 1816
f 1816 1828 1827
f 1806 1829 1818
f 1806 1820 1829
f 1815 1830 1817
f 1815 1827 1830
f 1825 1831 1819
f 1819 1831 1828
f 1821 1832 1823
f 1826 1832 1821
f 1810 1833 1820
f 1810 1822 1833
f 1823 1834 1825
f 1832 1834 1823
f 1817 1835 1822
f 1817 1830 1835
f 1818 1836 1824
f 1818 1829 1836
f 1824 1837 1826
f 1826 1837 1832
f 1825 1838 1831
f 1834 1838 1825
f 1824 1836 1837
f 1828 1839 1827
f 1831 1840 1828
f 1828 1840 1839
f 1827 1841 1830
f 1827 1839 1841
f 1820 1842 1829
f 1820 1833 1842
f 1831 1843 1840
f 1838 1843 1831
f 1832 1844 1834
f 1837 1844 1832
f 1822 1845 1833
f 1822 1835 1845
f 1834 1846 1838
f 1844 1846 1834
f 1830 1847 1835
f 1830 1841 1847
f 1829 1848 1836
f 1829 1842 1848
f 1836 1849 1837
f 1837 1849 1844
f 1840 1850 1839
f 1839 1851 1841
f 1839 1850 1851
f 1843 1852 1840
f 1840 1852 1850
f 1838 1853 1843
f 1846 1853 1838
f 1833 1854 1842
f 1833 1845 1854
f 1836 1848 1849
f 1843 1855 1852
f 1853 1855 1843
f 1844 1856 1846
f 1849 1856 1844
f 1835 1857 1845
f 1835 1847 1857
f 1841 1858 1847
f 1841 1851 1858
f 1846 1859 1853
f 1856 1859 1846
f 1842 1860 1848
f 1842 1854 1860
f 1852 1861 1850
f 1855 1862 1852
f 1852 1862 1861
f 1853 1863 1855
f 1859 1863 1853
f 1848 1864 1849
f 1849 1864 1856
f 1848 1860 1864
f 1850 1865 1851
f 1850 1861 1865
f 1855 1866 1862
f 1863 1866 1855
f 1845 1867 1854
f 1845 1857 1867
f 1847 1868 1857
f 1847 1858 1868
f 1856 1869 1859
f 1864 1869 1856
f 1851 1865 1870
f 1851 1870 1858
f 1862 1871 1861
f 1866 1872 1862
f 1862 1872 1871
f 1859 1873 1863
f 1863 1874 1866
f 1873 1874 1863
f 1869 1873 1859
f 1854 1875 1860
f 1854 1867 1875
f 1861 1876 1865
f 1861 1871 1876
f 1860 1877 1864
f 1860 1875 1877
f 1864 1877 1869
f 1866 1878 1872
f 1874 1878 1866
f 1857 1879 1867
f 1857 1868 1879
f 1880 1881 1882
f 1881 1883 1882
f 1880 1882 1884
f 1884 1882 1885
f 1882 1883 1886
f 1882 1886 1885
f 1887 1881 1880
f 1887 1888 1881
f 1888 1889 1881
f 1881 1889 1883
f 1890 1880 1884
f 1890 1884 1891
f 1891 1884 1892
f 1884 1885 1892
f 1893 1887 1880
f 1893 1880 1890
f 1894 1888 1887
f 1895 1887 1893
f 1895 1894 1887
f 1896 1890 1891
f 1896 1891 1897
f 1891 1892 1898
f 1897 1891 1898
f 1899 1893 1890
f 1899 1890 1896
f 1872 1900 1871
f 1878 1901 1872
f 1872 1901 1900
f 1865 1876 1902
f 1865 1902 1870
f 1873 1903 1874
f 1874 1904 1878
f 1903 1904 1874
f 1858 1905 1868
f 1858 1870 1905
f 1869 1906 1873
f 1906 1903 1873
f 1877 1906 1869
f 1888 1907 1889
f 1889 1908 1883
f 1907 1909 1889
f 1889 1909 1908
f 1910 1907 1888
f 1894 1910 1888
f 1911 1893 1899
f 1911 1895 1893
f 1871 1912 1876
f 1871 1900 1912
f 1878 1913 1901
f 1904 1913 1878
f 1867 1914 1875
f 1867 1879 1914
f 1875 1915 1877
f 1877 1915 1906
f 1916 1896 1897
f 1917 1899 1896
f 1917 1896 1916
f 1883 1918 1886
f 1883 1908 1918
f 1910 1919 1907
f 1907 1920 1909
f 1919 1920 1907
f 1892 1885 1921
f 1885 1886 1922
f 1885 1922 1921
f 1898 1892 1923
f 1892 1921 1923
f 1897 1898 1924
f 1916 1897 1925
f 1925 1897 1924
f 1926 1899 1917
f 1926 1911 1899
f 1868 1927 1879
f 1868 1905 1927
f 1875 1914 1915
f 1928 1910 1894
f 1929 1894 1895
f 1929 1928 1894
f 1924 1898 1930
f 1898 1923 1930
f 1901 1931 1900
f 1913 1932 1901
f 1901 1932 1931
f 1876 1912 1933
f 1876 1933 1902
f 1870 1902 1934
f 1870 1934 1905
f 1906 1935 1903
f 1915 1935 1906
f 1936 1919 1910
f 1928 1936 1910
f 1937 1895 1911
f 1937 1929 1895
f 1938 1916 1925
f 1939 1917 1916
f 1939 1916 1938
f 1900 1931 1940
f 1900 1940 1912
f 1903 1941 1904
f 1904 1942 1913
f 1941 1942 1904
f 1935 1941 1903
f 1886 1918 1943
f 1886 1943 1922
f 1925 1924 1944
f 1924 1930 1945
f 1944 1924 1945
f 1938 1925 1946
f 1946 1925 1944
f 1913 1947 1932
f 1942 1947 1913
f 1909 1948 1908
f 1920 1949 1909
f 1909 1949 1948
f 1950 1926 1917
f 1950 1917 1939
f 1879 1951 1914
f 1879 1927 1951
f 1908 1952 1918
f 1908 1948 1952
f 1919 1953 1920
f 1936 1954 1919
f 1954 1953 1919
f 1923 1921 1955
f 1930 1923 1956
f 1923 1955 1956
f 1957 1911 1926
f 1957 1937 1911
f 1932 1958 1931
f 1947 1959 1932
f 1932 1959 1958
f 1914 1960 1915
f 1915 1960 1935
f 1953 1961 1920
f 1920 1961 1949
f 1921 1922 1962
f 1921 1962 1955
f 1945 1930 1963
f 1930 1956 1963
f 1931 1958 1964
f 1931 1964 1940
f 1912 1940 1965
f 1912 1965 1933
f 1966 1938 1946
f 1967 1939 1938
f 1967 1938 1966
f 1902 1933 1968
f 1902 1968 1934
f 1905 1969 1927
f 1905 1934 1969
f 1914 1951 1960
f 1970 1936 1928
f 1971 1928 1929
f 1971 1970 1928
f 1946 1944 1972
f 1944 1945 1973
f 1972 1944 1973
f 1947 1974 1959
f 1942 1975 1947
f 1975 1974 1947
f 1976 1954 1936
f 1970 1976 1936
f 1977 1946 1972
f 1966 1946 1977
f 1959 1978 1958
f 1974 1979 1959
f 1959 1979 1978
f 1941 1980 1942
f 1980 1975 1942
f 1918 1981 1943
f 1918 1952 1981
f 1922 1943 1982
f 1922 1982 1962
f 1983 1929 1937
f 1983 1971 1929
f 1945 1963 1984
f 1973 1945 1984
f 1985 1926 1950
f 1985 1957 1926
f 1986 1950 1939
f 1986 1939 1967
f 1958 1978 1987
f 1958 1987 1964
f 1935 1988 1941
f 1988 1980 1941
f 1960 1988 1935
f 1974 1989 1979
f 1979 1990 1978
f 1989 1991 1979
f 1979 1991 1990
f 1992 1989 1974
f 1975 1992 1974
f 1940 1964 1993
f 1940 1993 1965
f 1954 1994 1953
f 1953 1995 1961
f 1994 1995 1953
f 1976 1996 1954
f 1996 1994 1954
f 1956 1955 1997
f 1963 1956 1998
f 1956 1997 1998
f 1999 1937 1957
f 1999 1983 1937
f 1978 1990 2000
f 1978 2000 1987
f 1927 2001 1951
f 1927 1969 2001
f 1955 1962 2002
f 1955 2002 1997
f 1972 1973 2003
f 1977 1972 2004
f 2004 1972 2003
f 2005 1966 1977
f 2006 1967 1966
f 2006 1966 2005
f 1989 2007 1991
f 1991 2008 1990
f 2007 2009 1991
f 1991 2009 2008
f 2010 2007 1989
f 1992 2010 1989
f 1980 2011 1975
f 2011 1992 1975
f 1933 1965 2012
f 1933 2012 1968
f 1984 1963 2013
f 1963 1998 2013
f 1951 2014 1960
f 1960 2014 1988
f 1949 2015 1948
f 1961 2016 1949
f 1949 2016 2015
f 2017 1976 1970
f 2018 1970 1971
f 2018 2017 1970
f 1973 1984 2019
f 2003 1973 2019
f 2020 1977 2004
f 2005 1977 2020
f 1990 2008 2021
f 1990 2021 2000
f 1964 1987 2022
f 1964 2022 1993
f 1934 1968 2023
f 1934 2023 1969
f 1948 2024 1952
f 1948 2015 2024
f 2025 1996 1976
f 2017 2025 1976
f 2026 1971 1983
f 2026 2018 1971
f 2027 1985 1950
f 2027 1950 1986
f 2028 1986 1967
f 2028 1967 2006
f 2007 2029 2009
f 2009 2030 2008
f 2029 2031 2009
f 2009 2031 2030
f 2032 2029 2007
f 2010 2032 2007
f 1988 2033 1980
f 2033 2011 1980
f 1951 2001 2014
f 2014 2033 1988
f 1995 2034 1961
f 1961 2034 2016
f 1943 2035 1982
f 1943 1981 2035
f 1962 2036 2002
f 1962 1982 2036
f 1984 2013 2037
f 2019 1984 2037
f 2038 1957 1985
f 2038 1999 1957
f 2008 2030 2039
f 2008 2039 2021
f 1987 2000 2040
f 1987 2040 2022
f 2041 2010 1992
f 2011 2041 1992
f 1998 1997 2042
f 2013 1998 2043
f 1998 2042 2043
f 2029 2044 2031
f 2031 2045 2030
f 2031 2046 2045
f 2044 2046 2031
f 2047 2044 2029
f 2032 2047 2029
f 1965 1993 2048
f 1965 2048 2012
f 1996 2049 1994
f 1994 2050 1995
f 2049 2050 1994
f 2025 2051 1996
f 2051 2049 1996
f 1997 2002 2052
f 1997 2052 2042
f 2043 2025 2017
f 2053 2043 2017
f 2053 2017 2018
f 2013 2043 2053
f 2037 2013 2053
f 2054 2026 1983
f 2054 1983 1999
f 2004 2003 2055
f 2020 2004 2056
f 2056 2004 2055
f 2057 2006 2005
f 2058 2005 2020
f 2057 2005 2058
f 2030 2045 2059
f 2030 2059 2039
f 2000 2021 2060
f 2000 2060 2040
f 2061 2032 2010
f 2041 2061 2010
f 1952 2062 1981
f 1952 2024 2062
f 2050 2063 1995
f 1995 2063 2034
f 2002 2064 2052
f 2002 2036 2064
f 2043 2042 2025
f 2042 2051 2025
f 2042 2052 2051
f 2065 2053 2018
f 2037 2053 2065
f 2065 2018 2026
f 2019 2037 2066
f 2066 2037 2065
f 2003 2019 2067
f 2067 2019 2066
f 2055 2003 2067
f 2068 2038 1985
f 2068 1985 2027
f 2069 1986 2028
f 2069 2027 1986
f 2070 2028 2006
f 2070 2006 2057
f 2058 2020 2071
f 2071 2020 2056
f 2046 2072 2045
f 2044 2073 2046
f 2073 2074 2046
f 2046 2074 2072
f 2045 2072 2075
f 2045 2075 2059
f 2076 2073 2044
f 2047 2076 2044
f 2021 2039 2077
f 2021 2077 2060
f 2078 2047 2032
f 2061 2078 2032
f 1993 2022 2079
f 1993 2079 2048
f 2033 2080 2011
f 2080 2041 2011
f 1968 2012 2081
f 1968 2081 2023
f 2014 2082 2033
f 2082 2080 2033
f 1969 2083 2001
f 1969 2023 2083
f 2001 2082 2014
f 2001 2083 2082
f 2073 2084 2074
f 2085 2084 2073
f 2076 2085 2073
f 1982 2086 2036
f 1982 2035 2086
f 2052 2087 2051
f 2051 2087 2049
f 2088 2065 2026
f 2088 2026 2054
f 2089 2054 1999
f 2089 1999 2038
f 2090 2058 2071
f 2091 2057 2058
f 2091 2058 2090
f 2074 2092 2072
f 2084 2093 2074
f 2074 2093 2092
f 2094 2076 2047
f 2078 2094 2047
f 2022 2040 2095
f 2022 2095 2079
f 2096 2061 2041
f 2080 2096 2041
f 2039 2059 2097
f 2039 2097 2077
f 2071 2056 2098
f 2056 2055 2099
f 2098 2056 2099
f 2052 2064 2087
f 2066 2065 2088
f 2100 2071 2098
f 2090 2071 2100
f 2072 2092 2101
f 2072 2101 2075
f 2012 2048 2102
f 2012 2102 2081
f 2049 2103 2050
f 2087 2103 2049
f 2055 2067 2104
f 2099 2055 2104
f 2105 2028 2070
f 2105 2069 2028
f 2106 2070 2057
f 2106 2057 2091
f 2084 2107 2093
f 2107 2108 2093
f 2093 2108 2109
f 2093 2109 2092
f 2110 2107 2084
f 2085 2110 2084
f 2059 2075 2111
f 2059 2111 2097
f 2112 2085 2076
f 2094 2112 2076
f 2040 2060 2113
f 2040 2113 2095
f 2114 2078 2061
f 2096 2114 2061
f 2023 2115 2083
f 2023 2081 2115
f 1981 2116 2035
f 1981 2062 2116
f 2067 2066 2117
f 2117 2066 2088
f 2104 2067 2117
f 2082 2118 2080
f 2118 2096 2080
f 2083 2118 2082
f 2016 2119 2015
f 2034 2120 2016
f 2016 2120 2119
f 2050 2121 2063
f 2103 2121 2050
f 2036 2122 2064
f 2036 2086 2122
f 2123 2088 2054
f 2117 2088 2123
f 2123 2054 2089
f 2124 2089 2038
f 2124 2038 2068
f 2125 2027 2069
f 2125 2068 2027
f 2098 2099 2126
f 2100 2098 2127
f 2127 2098 2126
f 2128 2091 2090
f 2129 2090 2100
f 2128 2090 2129
f 2107 2130 2108
f 2108 2131 2109
f 2130 2132 2108
f 2108 2132 2131
f 2110 2133 2107
f 2133 2130 2107
f 2092 2109 2134
f 2092 2134 2101
f 2075 2101 2135
f 2075 2135 2111
f 2136 2110 2085
f 2112 2136 2085
f 2060 2077 2137
f 2060 2137 2113
f 2138 2094 2078
f 2114 2138 2078
f 2048 2079 2139
f 2048 2139 2102
f 2083 2115 2118
f 2015 2140 2024
f 2015 2119 2140
f 2063 2141 2034
f 2034 2141 2120
f 2064 2142 2087
f 2064 2122 2142
f 2087 2142 2103
f 2099 2104 2143
f 2126 2099 2143
f 2144 2070 2106
f 2144 2105 2070
f 2145 2106 2091
f 2145 2091 2128
f 2129 2100 2146
f 2146 2100 2127
f 2109 2131 2147
f 2109 2147 2134
f 2148 2133 2110
f 2136 2148 2110
f 2077 2097 2149
f 2077 2149 2137
f 2150 2112 2094
f 2138 2150 2094
f 2079 2095 2151
f 2079 2151 2139
f 2118 2152 2096
f 2152 2114 2096
f 2081 2102 2153
f 2081 2153 2115
f 2115 2152 2118
f 2130 2154 2132
f 2133 2155 2130
f 2155 2154 2130
f 2035 2156 2086
f 2035 2116 2156
f 2104 2117 2157
f 2157 2117 2123
f 2158 2123 2089
f 2158 2089 2124
f 2143 2104 2157
f 2159 2069 2105
f 2159 2125 2069
f 2160 2128 2129
f 2161 2129 2146
f 2160 2129 2161
f 2132 2162 2131
f 2131 2162 2163
f 2131 2163 2147
f 2154 2164 2132
f 2132 2164 2162
f 2101 2134 2165
f 2101 2165 2135
f 2097 2111 2166
f 2097 2166 2149
f 2167 2136 2112
f 2150 2167 2112
f 2095 2113 2168
f 2095 2168 2151
f 2169 2138 2114
f 2152 2169 2114
f 2102 2139 2170
f 2102 2170 2153
f 2115 2153 2152
f 2171 2155 2133
f 2148 2171 2133
f 2024 2172 2062
f 2024 2140 2172
f 2121 2173 2063
f 2063 2173 2141
f 2142 2174 2103
f 2103 2174 2121
f 2157 2123 2158
f 2175 2124 2068
f 2175 2068 2125
f 2127 2126 2176
f 2126 2143 2177
f 2176 2126 2177
f 2178 2106 2145
f 2178 2144 2106
f 2146 2127 2179
f 2179 2127 2176
f 2180 2128 2160
f 2180 2145 2128
f 2161 2146 2181
f 2181 2146 2179
f 2154 2182 2164
f 2164 2183 2162
f 2182 2184 2164
f 2164 2184 2183
f 2185 2182 2154
f 2155 2185 2154
f 2134 2147 2186
f 2134 2186 2165
f 2111 2135 2187
f 2111 2187 2166
f 2188 2148 2136
f 2167 2188 2136
f 2113 2137 2189
f 2113 2189 2168
f 2190 2150 2138
f 2169 2190 2138
f 2139 2151 2191
f 2139 2191 2170
f 2153 2169 2152
f 2153 2170 2169
f 2143 2157 2192
f 2192 2157 2158
f 2177 2143 2192
f 2193 2105 2144
f 2193 2159 2105
f 2194 2161 2181
f 2195 2160 2161
f 2195 2161 2194
f 2162 2183 2196
f 2162 2196 2163
f 2182 2197 2184
f 2185 2198 2182
f 2198 2197 2182
f 2147 2163 2199
f 2147 2199 2186
f 2200 2185 2155
f 2171 2200 2155
f 2201 2171 2148
f 2188 2201 2148
f 2137 2149 2202
f 2137 2202 2189
f 2203 2167 2150
f 2190 2203 2150
f 2151 2168 2204
f 2151 2204 2191
f 2170 2190 2169
f 2170 2191 2190
f 2181 2179 2205
f 2194 2181 2206
f 2206 2181 2205
f 2135 2165 2207
f 2135 2207 2187
f 2086 2208 2122
f 2086 2156 2208
f 2209 2158 2124
f 2209 2124 2175
f 2179 2176 2210
f 2205 2179 2210
f 2184 2211 2183
f 2197 2212 2184
f 2184 2212 2211
f 2213 2188 2167
f 2203 2213 2167
f 2191 2203 2190
f 2122 2214 2142
f 2142 2214 2174
f 2192 2158 2209
f 2215 2175 2125
f 2215 2125 2159
f 2216 2160 2195
f 2216 2180 2160
f 2183 2211 2217
f 2183 2217 2196
f 2218 2198 2185
f 2200 2218 2185
f 2149 2166 2219
f 2149 2219 2202
f 2168 2189 2220
f 2168 2220 2204
f 2191 2204 2203
f 2062 2221 2116
f 2062 2172 2221
f 2122 2208 2214
f 2176 2177 2222
f 2210 2176 2222
f 2223 2145 2180
f 2223 2178 2145
f 2224 2195 2194
f 2225 2194 2206
f 2224 2194 2225
f 2197 2226 2212
f 2198 2227 2197
f 2227 2226 2197
f 2163 2196 2228
f 2163 2228 2199
f 2165 2186 2229
f 2165 2229 2207
f 2230 2200 2171
f 2201 2230 2171
f 2213 2231 2188
f 2231 2201 2188
f 2204 2213 2203
f 2174 2232 2121
f 2121 2232 2173
f 2177 2192 2233
f 2233 2192 2209
f 2222 2177 2233
f 2234 2144 2178
f 2234 2193 2144
f 2206 2205 2235
f 2205 2210 2236
f 2235 2205 2236
f 2237 2195 2224
f 2237 2216 2195
f 2225 2206 2238
f 2238 2206 2235
f 2212 2239 2211
f 2226 2240 2212
f 2212 2240 2239
f 2241 2227 2198
f 2218 2241 2198
f 2166 2187 2242
f 2166 2242 2219
f 2189 2202 2243
f 2189 2243 2220
f 2204 2220 2213
f 2244 2218 2200
f 2230 2244 2200
f 2220 2231 2213
f 2245 2209 2175
f 2245 2175 2215
f 2246 2225 2238
f 2247 2224 2225
f 2247 2225 2246
f 2211 2239 2248
f 2211 2248 2217
f 2233 2209 2245
f 2249 2215 2159
f 2249 2159 2193
f 2210 2222 2250
f 2236 2210 2250
f 2251 2180 2216
f 2251 2223 2180
f 2246 2238 2252
f 2238 2235 2253
f 2252 2238 2253
f 2226 2254 2240
f 2254 2255 2240
f 2240 2255 2256
f 2240 2256 2239
f 2257 2254 2226
f 2227 2257 2226
f 2196 2217 2258
f 2196 2258 2228
f 2186 2199 2259
f 2186 2259 2229
f 2187 2207 2260
f 2187 2260 2242
f 2231 2261 2201
f 2261 2230 2201
f 2202 2219 2262
f 2202 2262 2243
f 2220 2243 2231
f 2263 2224 2247
f 2263 2237 2224
f 2264 2246 2252
f 2265 2246 2264
f 2265 2247 2246
f 2243 2261 2231
f 2120 2266 2119
f 2141 2267 2120
f 2120 2267 2266
f 2116 2268 2156
f 2116 2221 2268
f 2222 2233 2269
f 2269 2233 2245
f 2250 2222 2269
f 2270 2178 2223
f 2270 2234 2178
f 2235 2236 2271
f 2253 2235 2271
f 2264 2252 2272
f 2272 2252 2273
f 2252 2253 2273
f 2255 2264 2272
f 2274 2264 2255
f 2274 2265 2264
f 2254 2274 2255
f 2255 2272 2256
f 2239 2256 2275
f 2239 2275 2248
f 2276 2274 2254
f 2257 2276 2254
f 2277 2257 2227
f 2241 2277 2227
f 2199 2228 2278
f 2199 2278 2259
f 2279 2241 2218
f 2244 2279 2218
f 2261 2280 2230
f 2280 2244 2230
f 2219 2281 2262
f 2219 2242 2281
f 2243 2262 2261
f 2119 2282 2140
f 2119 2266 2282
f 2283 2216 2237
f 2283 2251 2216
f 2284 2247 2265
f 2284 2263 2247
f 2256 2272 2285
f 2272 2273 2285
f 2256 2285 2275
f 2217 2248 2286
f 2217 2286 2258
f 2207 2229 2287
f 2207 2287 2260
f 2288 2245 2215
f 2288 2215 2249
f 2262 2280 2261
f 2173 2289 2141
f 2141 2289 2267
f 2214 2290 2174
f 2174 2290 2232
f 2291 2249 2193
f 2291 2193 2234
f 2236 2250 2292
f 2271 2236 2292
f 2273 2253 2293
f 2253 2271 2293
f 2294 2265 2274
f 2294 2284 2265
f 2276 2294 2274
f 2269 2245 2288
f 2295 2276 2257
f 2277 2295 2257
f 2296 2277 2241
f 2279 2296 2241
f 2280 2297 2244
f 2297 2279 2244
f 2262 2281 2280
f 2242 2260 2298
f 2242 2298 2281
f 2299 2223 2251
f 2299 2270 2223
f 2300 2237 2263
f 2300 2283 2237
f 2285 2273 2301
f 2273 2293 2301
f 2248 2275 2302
f 2248 2302 2286
f 2228 2258 2303
f 2228 2303 2278
f 2229 2259 2304
f 2229 2304 2287
f 2281 2297 2280
f 2250 2269 2305
f 2292 2250 2305
f 2140 2306 2172
f 2140 2282 2306
f 2156 2307 2208
f 2156 2268 2307
f 2208 2308 2214
f 2214 2308 2290
f 2309 2288 2249
f 2309 2249 2291
f 2305 2269 2288
f 2310 2291 2234
f 2310 2234 2270
f 2271 2292 2311
f 2293 2271 2311
f 2312 2263 2284
f 2312 2300 2263
f 2275 2285 2313
f 2285 2301 2313
f 2275 2313 2302
f 2314 2294 2276
f 2295 2314 2276
f 2315 2295 2277
f 2296 2315 2277
f 2297 2316 2279
f 2316 2296 2279
f 2260 2317 2298
f 2260 2287 2317
f 2281 2298 2297
f 2232 2318 2173
f 2173 2318 2289
f 2208 2307 2308
f 2305 2288 2309
f 2319 2284 2294
f 2319 2312 2284
f 2314 2319 2294
f 2258 2286 2320
f 2258 2320 2303
f 2259 2278 2321
f 2259 2321 2304
f 2298 2316 2297
f 2322 2251 2283
f 2322 2299 2251
f 2298 2317 2316
f 2292 2305 2323
f 2311 2292 2323
f 2301 2293 2324
f 2293 2311 2324
f 2325 2314 2295
f 2315 2325 2295
f 2316 2326 2296
f 2326 2315 2296
f 2287 2327 2317
f 2287 2304 2327
f 2323 2305 2309
f 2286 2302 2328
f 2286 2328 2320
f 2317 2326 2316
f 2329 2309 2291
f 2329 2291 2310
f 2330 2270 2299
f 2330 2310 2270
f 2331 2283 2300
f 2331 2322 2283
f 2313 2301 2332
f 2301 2324 2332
f 2278 2303 2333
f 2278 2333 2321
f 2172 2334 2221
f 2172 2306 2334
f 2302 2313 2335
f 2313 2332 2335
f 2302 2335 2328
f 2317 2327 2326
f 2323 2309 2329
f 2311 2323 2336
f 2324 2311 2336
f 2337 2319 2314
f 2325 2337 2314
f 2326 2338 2315
f 2338 2325 2315
f 2304 2339 2327
f 2304 2321 2339
f 2340 2300 2312
f 2340 2331 2300
f 2290 2341 2232
f 2232 2341 2318
f 2336 2323 2329
f 2342 2299 2322
f 2342 2330 2299
f 2343 2312 2319
f 2343 2340 2312
f 2337 2343 2319
f 2303 2320 2344
f 2303 2344 2333
f 2327 2338 2326
f 2327 2339 2338
f 2345 2329 2310
f 2345 2310 2330
f 2324 2336 2346
f 2332 2324 2346
f 2338 2347 2325
f 2347 2337 2325
f 2321 2348 2339
f 2321 2333 2348
f 2336 2329 2345
f 2320 2328 2349
f 2320 2349 2344
f 2339 2347 2338
f 2346 2336 2345
f 2350 2322 2331
f 2350 2342 2322
f 2335 2332 2351
f 2332 2346 2351
f 2339 2348 2347
f 2221 2352 2268
f 2221 2334 2352
f 2353 2345 2330
f 2353 2330 2342
f 2328 2335 2354
f 2335 2351 2354
f 2328 2354 2349
f 2355 2343 2337
f 2347 2355 2337
f 2356 2331 2340
f 2356 2350 2331
f 2333 2357 2348
f 2333 2344 2357
f 2308 2358 2290
f 2290 2358 2341
f 2346 2345 2353
f 2351 2346 2353
f 2359 2340 2343
f 2359 2356 2340
f 2355 2359 2343
f 2348 2355 2347
f 2360 2353 2342
f 2360 2342 2350
f 2348 2357 2355
f 2344 2349 2361
f 2344 2361 2357
f 2267 2362 2266
f 2289 2363 2267
f 2267 2363 2362
f 2351 2353 2360
f 2354 2351 2360
f 2357 2359 2355
f 2266 2364 2282
f 2266 2362 2364
f 2268 2365 2307
f 2268 2352 2365
f 2366 2360 2350
f 2366 2350 2356
f 2349 2354 2366
f 2354 2360 2366
f 2349 2366 2361
f 2318 2367 2289
f 2289 2367 2363
f 2307 2368 2308
f 2308 2368 2358
f 2361 2356 2359
f 2361 2366 2356
f 2357 2361 2359
f 2307 2365 2368
f 2282 2369 2306
f 2282 2364 2369
f 2341 2370 2318
f 2318 2370 2367
f 2306 2371 2334
f 2306 2369 2371
f 2358 2372 2341
f 2341 2372 2370
f 2363 2373 2362
f 2367 2374 2363
f 2363 2374 2373
f 2362 2375 2364
f 2362 2373 2375
f 2370 2376 2367
f 2367 2376 2374
f 2334 2377 2352
f 2334 2371 2377
f 2368 2378 2358
f 2358 2378 2372
f 2364 2379 2369
f 2364 2375 2379
f 2372 2380 2370
f 2370 2380 2376
f 2352 2381 2365
f 2352 2377 2381
f 2365 2382 2368
f 2368 2382 2378
f 2365 2381 2382
f 2369 2383 2371
f 2369 2379 2383
f 2378 2384 2372
f 2372 2384 2380
f 2374 2385 2373
f 2376 2386 2374
f 2374 2386 2385
f 2373 2387 2375
f 2373 2385 2387
f 2380 2388 2376
f 2376 2388 2386
f 2371 2389 2377
f 2371 2383 2389
f 2375 2390 2379
f 2375 2387 2390
f 2382 2391 2378
f 2378 2391 2384
f 2384 2392 2380
f 2380 2392 2388
f 2377 2393 2381
f 2377 2389 2393
f 2381 2394 2382
f 2382 2394 2391
f 2381 2393 2394
f 2379 2395 2383
f 2379 2390 2395
f 2386 2396 2385
f 2388 2397 2386
f 2386 2397 2396
f 2391 2398 2384
f 2384 2398 2392
f 2385 2399 2387
f 2385 2396 2399
f 2392 2400 2388
f 2388 2400 2397
f 2383 2401 2389
f 2383 2395 2401
f 2387 2402 2390
f 2387 2399 2402
f 2394 2403 2391
f 2391 2403 2398
f 2398 2404 2392
f 2392 2404 2400
f 2389 2405 2393
f 2389 2401 2405
f 2393 2406 2394
f 2394 2406 2403
f 2397 2407 2396
f 2400 2408 2397
f 2397 2408 2407
f 2390 2409 2395
f 2390 2402 2409
f 2393 2405 2406
f 2396 2410 2399
f 2396 2407 2410
f 2398 2411 2404
f 2403 2411 2398
f 2404 2412 2400
f 2400 2412 2408
f 2399 2413 2402
f 2399 2410 2413
f 2395 2414 2401
f 2395 2409 2414
f 2404 2415 2412
f 2411 2415 2404
f 2406 2416 2403
f 2403 2416 2411
f 2408 2417 2407
f 2412 2418 2408
f 2408 2418 2417
f 2401 2419 2405
f 2401 2414 2419
f 2402 2420 2409
f 2402 2413 2420
f 2407 2421 2410
f 2407 2417 2421
f 2405 2422 2406
f 2406 2422 2416
f 2415 2423 2412
f 2412 2423 2418
f 2411 2424 2415
f 2416 2424 2411
f 2405 2419 2422
f 2410 2425 2413
f 2410 2421 2425
f 2415 2426 2423
f 2424 2426 2415
f 2409 2427 2414
f 2409 2420 2427
f 2422 2428 2416
f 2416 2428 2424
f 2418 2429 2417
f 2423 2430 2418
f 2418 2430 2429
f 2413 2431 2420
f 2413 2425 2431
f 2417 2432 2421
f 2417 2429 2432
f 2414 2433 2419
f 2414 2427 2433
f 2426 2434 2423
f 2423 2434 2430
f 2419 2435 2422
f 2422 2435 2428
f 2424 2436 2426
f 2428 2436 2424
f 2419 2433 2435
f 2421 2437 2425
f 2421 2432 2437
f 2426 2438 2434
f 2436 2438 2426
f 2420 2439 2427
f 2420 2431 2439
f 2428 2440 2436
f 2435 2440 2428
f 2430 2441 2429
f 2434 2442 2430
f 2430 2442 2441
f 2429 2443 2432
f 2429 2441 2443
f 2425 2444 2431
f 2425 2437 2444
f 2438 2445 2434
f 2434 2445 2442
f 2427 2446 2433
f 2427 2439 2446
f 2436 2447 2438
f 2440 2447 2436
f 2433 2448 2435
f 2435 2448 2440
f 2433 2446 2448
f 2432 2449 2437
f 2432 2443 2449
f 2438 2450 2445
f 2447 2450 2438
f 2431 2451 2439
f 2431 2444 2451
f 2440 2452 2447
f 2448 2452 2440
f 2442 2453 2441
f 2445 2454 2442
f 2442 2454 2453
f 2441 2455 2443
f 2441 2453 2455
f 2437 2456 2444
f 2437 2449 2456
f 2439 2457 2446
f 2439 2451 2457
f 2450 2458 2445
f 2445 2458 2454
f 2447 2459 2450
f 2452 2459 2447
f 2446 2460 2448
f 2448 2460 2452
f 2446 2457 2460
f 2443 2461 2449
f 2443 2455 2461
f 2459 2462 2450
f 2450 2462 2458
f 2444 2463 2451
f 2444 2456 2463
f 2452 2464 2459
f 2460 2464 2452
f 2454 2465 2453
f 2458 2466 2454
f 2454 2466 2465
f 2449 2467 2456
f 2449 2461 2467
f 2451 2468 2457
f 2451 2463 2468
f 2453 2469 2455
f 2453 2465 2469
f 2459 2470 2462
f 2464 2470 2459
f 2457 2471 2460
f 2460 2471 2464
f 2462 2472 2458
f 2458 2472 2466
f 2457 2468 2471
f 2455 2473 2461
f 2455 2469 2473
f 2470 2474 2462
f 2462 2474 2472
f 2456 2475 2463
f 2456 2467 2475
f 2471 2476 2464
f 2464 2476 2470
f 2463 2477 2468
f 2463 2475 2477
f 2461 2478 2467
f 2461 2473 2478
f 2468 2479 2471
f 2471 2479 2476
f 2466 2480 2465
f 2472 2481 2466
f 2466 2481 2480
f 2470 2482 2474
f 2476 2482 2470
f 2468 2477 2479
f 2465 2483 2469
f 2465 2480 2483
f 2474 2484 2472
f 2472 2484 2481
f 2467 2485 2475
f 2467 2478 2485
f 2469 2486 2473
f 2469 2483 2486
f 2482 2487 2474
f 2474 2487 2484
f 2479 2488 2476
f 2476 2488 2482
f 2475 2489 2477
f 2475 2485 2489
f 2477 2490 2479
f 2479 2490 2488
f 2473 2491 2478
f 2473 2486 2491
f 2477 2489 2490
f 2488 2492 2482
f 2482 2492 2487
f 2481 2493 2480
f 2484 2494 2481
f 2481 2494 2493
f 2480 2495 2483
f 2480 2493 2495
f 2487 2496 2484
f 2484 2496 2494
f 2478 2497 2485
f 2478 2491 2497
f 2490 2498 2488
f 2488 2498 2492
f 2483 2499 2486
f 2483 2495 2499
f 2492 2500 2487
f 2487 2500 2496
f 2485 2501 2489
f 2485 2497 2501
f 2489 2502 2490
f 2490 2502 2498
f 2489 2501 2502
f 2486 2503 2491
f 2486 2499 2503
f 2498 2504 2492
f 2492 2504 2500
f 2491 2505 2497
f 2491 2503 2505
f 2502 2506 2498
f 2498 2506 2504
f 2497 2507 2501
f 2497 2505 2507
f 2501 2508 2502
f 2502 2508 2506
f 2501 2507 2508
