# 
# Wavefront OBJ file
# Created with Kaydara FBX
# 
mtllib c:\users\tjvan\onedrive\documenten\fontys\minor\nx\.mtlmodels\common_fibular_nerve.r.obj

g Common_fibular_nerve_r
v -0.051437 0.913145 -0.021270
v -0.051491 0.913079 -0.021573
v -0.051275 0.913008 -0.021036
v -0.047811 0.915296 -0.023103
v -0.051423 0.912830 -0.021866
v -0.047813 0.915016 -0.023392
v -0.047697 0.915377 -0.022809
v -0.051049 0.912706 -0.020936
v -0.051252 0.912462 -0.022069
v -0.047704 0.914611 -0.023599
v -0.047502 0.915237 -0.022590
v -0.050819 0.912319 -0.020995
v -0.051022 0.912076 -0.022128
v -0.047513 0.914190 -0.023668
v -0.050648 0.911952 -0.021198
v -0.050796 0.911774 -0.022027
v -0.047290 0.913866 -0.023581
v -0.047279 0.914913 -0.022503
v -0.047088 0.914492 -0.022572
v -0.050580 0.911702 -0.021490
v -0.050634 0.911637 -0.021794
v -0.047095 0.913725 -0.023362
v -0.046978 0.914087 -0.022779
v -0.046981 0.913806 -0.023068
v -0.044509 0.916684 -0.025537
v -0.044466 0.916247 -0.025735
v -0.044436 0.916988 -0.025264
v -0.044319 0.915794 -0.025806
v -0.044266 0.917077 -0.024989
v -0.044106 0.915445 -0.025730
v -0.044044 0.916928 -0.024787
v -0.043885 0.915296 -0.025527
v -0.043832 0.916579 -0.024710
v -0.043715 0.915385 -0.025252
v -0.043684 0.916126 -0.024781
v -0.043641 0.915689 -0.024979
v -0.041478 0.917461 -0.028387
v -0.041458 0.917922 -0.028203
v -0.041375 0.916980 -0.028453
v -0.041321 0.918239 -0.027951
v -0.041177 0.916607 -0.028383
v -0.041103 0.918327 -0.027699
v -0.040938 0.916443 -0.028197
v -0.040863 0.918163 -0.027512
v -0.040720 0.916531 -0.027944
v -0.040666 0.917790 -0.027443
v -0.040583 0.916848 -0.027693
v -0.040563 0.917309 -0.027509
v -0.038684 0.918338 -0.031459
v -0.038624 0.917835 -0.031519
v -0.038609 0.918814 -0.031290
v -0.038444 0.917439 -0.031455
v -0.038418 0.919135 -0.031057
v -0.038193 0.917256 -0.031283
v -0.038164 0.919215 -0.030823
v -0.037938 0.917336 -0.031049
v -0.037912 0.919033 -0.030651
v -0.037747 0.917657 -0.030816
v -0.037733 0.918636 -0.030587
v -0.037672 0.918133 -0.030647
v -0.036013 0.918443 -0.034913
v -0.036035 0.918965 -0.034854
v -0.035852 0.918025 -0.034853
v -0.035913 0.919449 -0.034693
v -0.035595 0.917822 -0.034691
v -0.035679 0.919767 -0.034473
v -0.035313 0.917888 -0.034470
v -0.035396 0.919834 -0.034252
v -0.035079 0.918206 -0.034250
v -0.035140 0.919630 -0.034090
v -0.034957 0.918691 -0.034089
v -0.034979 0.919212 -0.034030
v -0.033491 0.918890 -0.038534
v -0.033480 0.919426 -0.038471
v -0.033349 0.918451 -0.038482
v -0.033319 0.919914 -0.038309
v -0.033092 0.918226 -0.038327
v -0.033051 0.920224 -0.038091
v -0.032789 0.918275 -0.038112
v -0.032747 0.920274 -0.037876
v -0.032521 0.918586 -0.037895
v -0.032490 0.920049 -0.037722
v -0.032360 0.919074 -0.037732
v -0.032348 0.919610 -0.037669
v -0.031009 0.919262 -0.042284
v -0.030885 0.918803 -0.042243
v -0.030969 0.919809 -0.042207
v -0.030630 0.918556 -0.042094
v -0.030776 0.920297 -0.042032
v -0.030313 0.918586 -0.041878
v -0.030482 0.920596 -0.041806
v -0.030019 0.918885 -0.041652
v -0.030165 0.920627 -0.041590
v -0.029826 0.919374 -0.041477
v -0.029910 0.920379 -0.041441
v -0.029786 0.919921 -0.041400
v -0.028513 0.919646 -0.046060
v -0.028404 0.919170 -0.046036
v -0.028451 0.920202 -0.045957
v -0.028154 0.918900 -0.045893
v -0.028234 0.920687 -0.045756
v -0.027830 0.918909 -0.045669
v -0.027922 0.920972 -0.045511
v -0.027517 0.919194 -0.045423
v -0.027597 0.920981 -0.045286
v -0.027301 0.919679 -0.045222
v -0.027347 0.920711 -0.045143
v -0.027239 0.920235 -0.045120
v -0.025949 0.920134 -0.049761
v -0.025852 0.919642 -0.049763
v -0.025872 0.920694 -0.049619
v -0.025607 0.919350 -0.049627
v -0.025643 0.921171 -0.049377
v -0.025281 0.919335 -0.049388
v -0.025322 0.921438 -0.049100
v -0.024960 0.919602 -0.049111
v -0.024996 0.921424 -0.048861
v -0.024731 0.920080 -0.048869
v -0.024752 0.921132 -0.048724
v -0.024654 0.920640 -0.048727
v -0.023261 0.920816 -0.053283
v -0.023168 0.920312 -0.053323
v -0.023182 0.921374 -0.053088
v -0.022929 0.919998 -0.053196
v -0.022954 0.921837 -0.052789
v -0.022607 0.919957 -0.052938
v -0.022636 0.922081 -0.052467
v -0.022289 0.920201 -0.052616
v -0.022315 0.922040 -0.052208
v -0.022061 0.920664 -0.052317
v -0.022075 0.921726 -0.052082
v -0.021982 0.921222 -0.052122
v -0.020393 0.921785 -0.056522
v -0.020293 0.921276 -0.056610
v -0.020329 0.922332 -0.056257
v -0.020057 0.920941 -0.056499
v -0.020119 0.922770 -0.055887
v -0.019748 0.920870 -0.056217
v -0.019818 0.922982 -0.055510
v -0.019447 0.921082 -0.055840
v -0.019509 0.922911 -0.055228
v -0.019237 0.921520 -0.055470
v -0.019273 0.922576 -0.055116
v -0.019173 0.922067 -0.055205
v -0.017293 0.923134 -0.059365
v -0.017173 0.922630 -0.059511
v -0.017262 0.923655 -0.059021
v -0.016936 0.922277 -0.059419
v -0.017089 0.924053 -0.058570
v -0.016644 0.922171 -0.059115
v -0.016821 0.924222 -0.058135
v -0.016376 0.922340 -0.058680
v -0.016529 0.924116 -0.057831
v -0.016204 0.922738 -0.058230
v -0.016292 0.923763 -0.057740
v -0.016173 0.923259 -0.057886
v -0.051887 0.918007 -0.018729
v -0.052086 0.918096 -0.019270
v -0.052022 0.917848 -0.019565
v -0.049395 0.919424 -0.020393
v -0.052037 0.918154 -0.018964
v -0.049428 0.919679 -0.020083
v -0.051676 0.917694 -0.018628
v -0.051861 0.917477 -0.019770
v -0.049256 0.919040 -0.020621
v -0.049347 0.919736 -0.019773
v -0.049172 0.919580 -0.019548
v -0.051462 0.917299 -0.018688
v -0.051646 0.917083 -0.019830
v -0.049049 0.918629 -0.020706
v -0.048952 0.919253 -0.019466
v -0.051301 0.916928 -0.018893
v -0.051436 0.916770 -0.019729
v -0.048828 0.918302 -0.020624
v -0.048744 0.918842 -0.019551
v -0.051236 0.916680 -0.019188
v -0.051286 0.916622 -0.019494
v -0.048654 0.918147 -0.020399
v -0.048572 0.918204 -0.020089
v -0.048605 0.918458 -0.019779
v -0.046865 0.920936 -0.021441
v -0.046864 0.921196 -0.021118
v -0.046752 0.920538 -0.021690
v -0.046750 0.921251 -0.020807
v -0.046556 0.920112 -0.021798
v -0.046553 0.921085 -0.020593
v -0.046329 0.919769 -0.021737
v -0.046327 0.920743 -0.020532
v -0.046133 0.919603 -0.021522
v -0.046131 0.920316 -0.020640
v -0.046019 0.919658 -0.021212
v -0.046018 0.919919 -0.020889
v -0.044400 0.922395 -0.022695
v -0.044316 0.921986 -0.022963
v -0.044365 0.922660 -0.022361
v -0.044136 0.921542 -0.023094
v -0.044220 0.922710 -0.022052
v -0.043908 0.921183 -0.023053
v -0.044004 0.922532 -0.021850
v -0.043692 0.921005 -0.022851
v -0.043776 0.922173 -0.021809
v -0.043548 0.921055 -0.022541
v -0.043596 0.921730 -0.021940
v -0.043512 0.921320 -0.022208
v -0.041974 0.923814 -0.024141
v -0.041921 0.923394 -0.024427
v -0.041904 0.924081 -0.023799
v -0.041760 0.922934 -0.024579
v -0.041731 0.924124 -0.023492
v -0.041534 0.922557 -0.024558
v -0.041500 0.923932 -0.023303
v -0.041304 0.922365 -0.024369
v -0.041274 0.923555 -0.023282
v -0.041130 0.922408 -0.024063
v -0.041113 0.923095 -0.023435
v -0.041060 0.922675 -0.023720
v -0.039537 0.924774 -0.026068
v -0.039558 0.925203 -0.025766
v -0.039398 0.924299 -0.026242
v -0.039455 0.925470 -0.025416
v -0.039179 0.923904 -0.026241
v -0.039256 0.925503 -0.025112
v -0.038937 0.923695 -0.026065
v -0.039014 0.925294 -0.024935
v -0.038737 0.923728 -0.025761
v -0.038794 0.924899 -0.024934
v -0.038634 0.923995 -0.025410
v -0.038655 0.924424 -0.025108
v -0.037137 0.926139 -0.027874
v -0.037126 0.926573 -0.027555
v -0.037022 0.925649 -0.028069
v -0.036991 0.926836 -0.027197
v -0.036811 0.925236 -0.028087
v -0.036769 0.926857 -0.026895
v -0.036561 0.925009 -0.027923
v -0.036520 0.926630 -0.026731
v -0.036340 0.925030 -0.027622
v -0.036309 0.926217 -0.026749
v -0.036205 0.925293 -0.027263
v -0.036194 0.925727 -0.026944
v -0.034692 0.927499 -0.029831
v -0.034602 0.926997 -0.030047
v -0.034650 0.927936 -0.029494
v -0.034403 0.926565 -0.030084
v -0.034486 0.928191 -0.029126
v -0.034149 0.926319 -0.029932
v -0.034245 0.928197 -0.028826
v -0.033908 0.926324 -0.029632
v -0.033990 0.927951 -0.028675
v -0.033744 0.926580 -0.029265
v -0.033792 0.927519 -0.028712
v -0.033702 0.927017 -0.028928
v -0.032175 0.928865 -0.031923
v -0.032110 0.928353 -0.032161
v -0.032103 0.929301 -0.031567
v -0.031926 0.927904 -0.032218
v -0.031912 0.929546 -0.031189
v -0.031670 0.927637 -0.032078
v -0.031655 0.929533 -0.030889
v -0.031413 0.927624 -0.031778
v -0.031400 0.929267 -0.030749
v -0.031222 0.927869 -0.031400
v -0.031215 0.928817 -0.030806
v -0.031150 0.928306 -0.031044
v -0.029519 0.929729 -0.034397
v -0.029559 0.930248 -0.034135
v -0.029350 0.929264 -0.034474
v -0.029458 0.930680 -0.033759
v -0.029096 0.928976 -0.034346
v -0.029244 0.930911 -0.033369
v -0.028826 0.928943 -0.034046
v -0.028974 0.930878 -0.033069
v -0.028612 0.929173 -0.033656
v -0.028720 0.930590 -0.032941
v -0.028511 0.929606 -0.033279
v -0.028550 0.930125 -0.033018
v -0.026801 0.931137 -0.036741
v -0.026816 0.931660 -0.036454
v -0.026648 0.930656 -0.036840
v -0.026689 0.932084 -0.036055
v -0.026398 0.930347 -0.036723
v -0.026454 0.932297 -0.035651
v -0.026117 0.930291 -0.036422
v -0.026174 0.932242 -0.035350
v -0.025882 0.930504 -0.036018
v -0.025923 0.931932 -0.035233
v -0.025755 0.930929 -0.035619
v -0.025770 0.931452 -0.035332
v -0.023927 0.932587 -0.039178
v -0.023919 0.933110 -0.038863
v -0.023791 0.932094 -0.039299
v -0.023768 0.933524 -0.038439
v -0.023546 0.931762 -0.039194
v -0.023515 0.933716 -0.038020
v -0.023259 0.931682 -0.038892
v -0.023228 0.933636 -0.037717
v -0.023006 0.931875 -0.038473
v -0.022983 0.933305 -0.037613
v -0.022855 0.932288 -0.038049
v -0.022847 0.932811 -0.037734
v -0.020871 0.934091 -0.041690
v -0.020752 0.933586 -0.041836
v -0.020840 0.934612 -0.041346
v -0.020514 0.933234 -0.041745
v -0.020668 0.935010 -0.040896
v -0.020223 0.933128 -0.041441
v -0.020400 0.935179 -0.040461
v -0.019955 0.933296 -0.041006
v -0.020108 0.935072 -0.040157
v -0.019782 0.933694 -0.040555
v -0.019871 0.934720 -0.040065
v -0.019751 0.934215 -0.040211
v -0.052285 0.921358 -0.016954
v -0.052245 0.921367 -0.017237
v -0.052027 0.921282 -0.017503
v -0.050312 0.925256 -0.016924
v -0.052137 0.921259 -0.016731
v -0.050359 0.925258 -0.016635
v -0.050083 0.925163 -0.017189
v -0.051692 0.921128 -0.017681
v -0.051841 0.921096 -0.016627
v -0.050210 0.925169 -0.016399
v -0.049732 0.925003 -0.017359
v -0.051327 0.920944 -0.017724
v -0.051477 0.920912 -0.016670
v -0.049906 0.925011 -0.016280
v -0.049354 0.924820 -0.017388
v -0.051031 0.920781 -0.017620
v -0.051141 0.920757 -0.016848
v -0.049528 0.924829 -0.016309
v -0.049049 0.924663 -0.017268
v -0.050884 0.920682 -0.017396
v -0.050924 0.920673 -0.017114
v -0.049177 0.924669 -0.016479
v -0.048901 0.924574 -0.017033
v -0.048947 0.924576 -0.016744
v -0.048542 0.929009 -0.016747
v -0.048596 0.929023 -0.016452
v -0.048300 0.928906 -0.017010
v -0.048446 0.928944 -0.016204
v -0.047935 0.928742 -0.017171
v -0.048134 0.928793 -0.016070
v -0.047544 0.928561 -0.017186
v -0.047743 0.928612 -0.016085
v -0.047231 0.928410 -0.017051
v -0.047377 0.928448 -0.016245
v -0.047082 0.928331 -0.016803
v -0.047135 0.928345 -0.016508
v -0.046915 0.932621 -0.016699
v -0.046976 0.932647 -0.016399
v -0.046661 0.932509 -0.016960
v -0.046827 0.932579 -0.016139
v -0.046281 0.932340 -0.017110
v -0.046507 0.932436 -0.015989
v -0.045877 0.932160 -0.017110
v -0.046103 0.932256 -0.015990
v -0.045558 0.932017 -0.016961
v -0.045723 0.932087 -0.016140
v -0.045408 0.931949 -0.016701
v -0.045469 0.931974 -0.016400
v -0.045412 0.936088 -0.016773
v -0.045480 0.936127 -0.016468
v -0.045145 0.935965 -0.017030
v -0.045331 0.936070 -0.016197
v -0.044751 0.935791 -0.017169
v -0.045005 0.935934 -0.016031
v -0.044336 0.935612 -0.017155
v -0.044589 0.935755 -0.016017
v -0.044010 0.935476 -0.016989
v -0.044195 0.935581 -0.016156
v -0.043861 0.935420 -0.016718
v -0.044012 0.939404 -0.016961
v -0.044087 0.939456 -0.016652
v -0.043929 0.935458 -0.016413
v -0.043733 0.939270 -0.017213
v -0.043940 0.939412 -0.016370
v -0.043326 0.939089 -0.017341
v -0.043608 0.939284 -0.016189
v -0.042900 0.938911 -0.017311
v -0.043181 0.939105 -0.016158
v -0.042568 0.938782 -0.017130
v -0.042774 0.938925 -0.016286
v -0.042696 0.942565 -0.017256
v -0.042779 0.942631 -0.016945
v -0.042420 0.938738 -0.016847
v -0.042406 0.942418 -0.017503
v -0.042633 0.942600 -0.016651
v -0.042496 0.938790 -0.016538
v -0.041987 0.942230 -0.017618
v -0.042297 0.942478 -0.016455
v -0.041550 0.942051 -0.017571
v -0.041860 0.942300 -0.016408
v -0.041214 0.941930 -0.017375
v -0.041441 0.942112 -0.016523
v -0.041445 0.945565 -0.017652
v -0.041535 0.945647 -0.017338
v -0.041144 0.945403 -0.017891
v -0.041391 0.945628 -0.017034
v -0.041068 0.941898 -0.017081
v -0.041151 0.941965 -0.016770
v -0.040713 0.945206 -0.017993
v -0.041051 0.945514 -0.016822
v -0.040268 0.945026 -0.017929
v -0.040606 0.945334 -0.016758
v -0.039928 0.944912 -0.017716
v -0.040238 0.948400 -0.018140
v -0.040336 0.948499 -0.017826
v -0.040175 0.945137 -0.016859
v -0.039928 0.948222 -0.018371
v -0.040194 0.948494 -0.017512
v -0.039784 0.944893 -0.017413
v -0.039874 0.944975 -0.017099
v -0.039487 0.948013 -0.018458
v -0.039851 0.948385 -0.017284
v -0.039035 0.947830 -0.018375
v -0.039399 0.948202 -0.017202
v -0.039057 0.951064 -0.018715
v -0.039161 0.951183 -0.018401
v -0.038692 0.947722 -0.018147
v -0.038738 0.950867 -0.018936
v -0.039022 0.951191 -0.018078
v -0.038958 0.947994 -0.017288
v -0.038550 0.947716 -0.017834
v -0.038289 0.950645 -0.019005
v -0.038647 0.947816 -0.017519
v -0.038677 0.951088 -0.017833
v -0.037831 0.950457 -0.018904
v -0.038219 0.950899 -0.017732
v -0.037880 0.953554 -0.019368
v -0.037990 0.953693 -0.019057
v -0.037555 0.953335 -0.019578
v -0.037486 0.950354 -0.018659
v -0.037854 0.953716 -0.018725
v -0.037770 0.950677 -0.017801
v -0.037100 0.953096 -0.019628
v -0.037347 0.950362 -0.018336
v -0.037509 0.953616 -0.018464
v -0.037451 0.950481 -0.018022
v -0.036638 0.952901 -0.019505
v -0.037047 0.953421 -0.018342
v -0.036688 0.955864 -0.020095
v -0.036802 0.956026 -0.019787
v -0.036359 0.955620 -0.020289
v -0.036669 0.956064 -0.019448
v -0.036293 0.952801 -0.019244
v -0.036593 0.953182 -0.018392
v -0.035902 0.955360 -0.020318
v -0.036325 0.955967 -0.019169
v -0.036157 0.952824 -0.018913
v -0.036267 0.952963 -0.018601
v -0.035439 0.955154 -0.020173
v -0.035863 0.955761 -0.019024
v -0.035465 0.957980 -0.020885
v -0.035582 0.958166 -0.020583
v -0.035133 0.957713 -0.021063
v -0.035452 0.958219 -0.020237
v -0.035095 0.955057 -0.019893
v -0.035406 0.955501 -0.019052
v -0.034673 0.957434 -0.021068
v -0.035110 0.958126 -0.019940
v -0.034962 0.955095 -0.019554
v -0.035076 0.955257 -0.019247
v -0.034211 0.957220 -0.020900
v -0.034647 0.957912 -0.019772
v -0.034244 0.959998 -0.021677
v -0.034344 0.960196 -0.021367
v -0.033922 0.959711 -0.021867
v -0.034195 0.960250 -0.021021
v -0.033868 0.957127 -0.020603
v -0.034188 0.957634 -0.019777
v -0.033465 0.959410 -0.021887
v -0.033838 0.960147 -0.020731
v -0.033738 0.957181 -0.020257
v -0.033855 0.957366 -0.019955
v -0.032994 0.959177 -0.021731
v -0.033368 0.959914 -0.020575
v -0.033044 0.961899 -0.022508
v -0.033127 0.962108 -0.022191
v -0.032734 0.961593 -0.022711
v -0.032637 0.959074 -0.021441
v -0.032910 0.959613 -0.020594
v -0.032960 0.962162 -0.021845
v -0.032280 0.961270 -0.022745
v -0.032489 0.959128 -0.021094
v -0.032589 0.959326 -0.020785
v -0.032588 0.962047 -0.021562
v -0.031803 0.961018 -0.022601
v -0.032111 0.961795 -0.021419
v -0.031840 0.963687 -0.023378
v -0.031904 0.963906 -0.023056
v -0.031546 0.963358 -0.023591
v -0.031431 0.960903 -0.022319
v -0.031719 0.963958 -0.022710
v -0.031657 0.961472 -0.021453
v -0.031099 0.963009 -0.023637
v -0.031264 0.960957 -0.021972
v -0.031347 0.961166 -0.021656
v -0.031337 0.963828 -0.022433
v -0.030621 0.962732 -0.023504
v -0.030858 0.963551 -0.022300
v -0.030611 0.965356 -0.024285
v -0.030654 0.965587 -0.023958
v -0.030337 0.965003 -0.024505
v -0.030238 0.962601 -0.023228
v -0.030453 0.965634 -0.023611
v -0.030412 0.963201 -0.022346
v -0.029905 0.964621 -0.024560
v -0.030054 0.962653 -0.022882
v -0.030117 0.962873 -0.022559
v -0.030064 0.965483 -0.023339
v -0.029430 0.964314 -0.024435
v -0.029589 0.965176 -0.023213
v -0.029337 0.966903 -0.025224
v -0.029357 0.967144 -0.024894
v -0.029040 0.964164 -0.024162
v -0.029087 0.966522 -0.025450
v -0.029142 0.967182 -0.024547
v -0.029156 0.964794 -0.023268
v -0.028675 0.966104 -0.025510
v -0.028839 0.964210 -0.023816
v -0.028882 0.964441 -0.023489
v -0.028749 0.967007 -0.024276
v -0.028210 0.965762 -0.025388
v -0.028285 0.966664 -0.024154
v -0.027818 0.965586 -0.025118
v -0.027994 0.968320 -0.026194
v -0.027774 0.967911 -0.026422
v -0.027990 0.968571 -0.025861
v -0.027872 0.966246 -0.024215
v -0.027763 0.968597 -0.025511
v -0.027389 0.967454 -0.026483
v -0.027603 0.965624 -0.024771
v -0.027623 0.965866 -0.024440
v -0.027374 0.968392 -0.025239
v -0.026943 0.967072 -0.026362
v -0.026928 0.968009 -0.025118
v -0.026554 0.966866 -0.026090
v -0.026563 0.969600 -0.027190
v -0.026378 0.969164 -0.027417
v -0.026534 0.969859 -0.026854
v -0.026543 0.967552 -0.025179
v -0.026327 0.966892 -0.025740
v -0.026028 0.968666 -0.027477
v -0.026299 0.969870 -0.026500
v -0.026323 0.967143 -0.025407
v -0.025608 0.968240 -0.027351
v -0.025920 0.969631 -0.026224
v -0.025230 0.968001 -0.027074
v -0.025500 0.969205 -0.026098
v -0.024995 0.968012 -0.026721
v -0.025022 0.970736 -0.028206
v -0.024876 0.970273 -0.028433
v -0.025151 0.968708 -0.026157
v -0.024968 0.970999 -0.027868
v -0.024570 0.969735 -0.028487
v -0.024966 0.968271 -0.026385
v -0.024729 0.970992 -0.027508
v -0.024185 0.969266 -0.028353
v -0.024369 0.970717 -0.027223
v -0.023825 0.968991 -0.028069
v -0.023984 0.970247 -0.027090
v -0.023586 0.968984 -0.027709
v -0.023678 0.969709 -0.027144
v -0.023353 0.971718 -0.029239
v -0.023249 0.971233 -0.029463
v -0.023532 0.969247 -0.027370
v -0.023275 0.971982 -0.028896
v -0.022993 0.970657 -0.029510
v -0.023037 0.971954 -0.028528
v -0.022652 0.970145 -0.029367
v -0.022702 0.971643 -0.028232
v -0.022317 0.969833 -0.029071
v -0.022361 0.971130 -0.028089
v -0.022080 0.969806 -0.028703
v -0.022105 0.970554 -0.028135
v -0.022002 0.970070 -0.028360
v -0.021538 0.972537 -0.030279
v -0.021479 0.972034 -0.030503
v -0.021438 0.972799 -0.029931
v -0.021277 0.971425 -0.030543
v -0.021206 0.972749 -0.029553
v -0.020987 0.970873 -0.030388
v -0.020905 0.972402 -0.029244
v -0.020686 0.970526 -0.030080
v -0.020614 0.971850 -0.029090
v -0.020454 0.970477 -0.029701
v -0.020413 0.971241 -0.029129
v -0.020354 0.970739 -0.029353
v -0.019547 0.972670 -0.031546
v -0.019561 0.973185 -0.031321
v -0.019403 0.972034 -0.031581
v -0.019442 0.973441 -0.030966
v -0.019168 0.971447 -0.031415
v -0.019222 0.973370 -0.030575
v -0.018906 0.971067 -0.031094
v -0.018959 0.972990 -0.030254
v -0.018686 0.970995 -0.030703
v -0.018725 0.972403 -0.030088
v -0.018567 0.971252 -0.030348
v -0.018581 0.971767 -0.030123
v -0.017435 0.973133 -0.032586
v -0.017407 0.973656 -0.032357
v -0.017350 0.972476 -0.032618
v -0.017272 0.973904 -0.031992
v -0.017174 0.971860 -0.032444
v -0.017068 0.973811 -0.031589
v -0.016955 0.971450 -0.032111
v -0.016848 0.973402 -0.031256
v -0.016750 0.971357 -0.031708
v -0.016672 0.972786 -0.031082
v -0.016616 0.971606 -0.031343
v -0.016587 0.972129 -0.031114
v -0.072255 0.870849 -0.051727
v -0.074180 0.865976 -0.053549
v -0.074070 0.865594 -0.052643
v -0.071334 0.865896 -0.056195
v -0.073642 0.866180 -0.054631
v -0.072601 0.866150 -0.055599
v -0.071681 0.871053 -0.052757
v -0.072195 0.870455 -0.050847
v -0.073341 0.865135 -0.052157
v -0.070182 0.865484 -0.056257
v -0.070627 0.871013 -0.053660
v -0.071516 0.869977 -0.050353
v -0.072188 0.864723 -0.052220
v -0.069453 0.865025 -0.055771
v -0.069375 0.870740 -0.054195
v -0.070429 0.875221 -0.049901
v -0.069823 0.875423 -0.050877
v -0.070402 0.869544 -0.050377
v -0.070922 0.864469 -0.052815
v -0.069342 0.864643 -0.054866
v -0.070417 0.874818 -0.049049
v -0.068760 0.875371 -0.051716
v -0.069790 0.874322 -0.048551
v -0.068260 0.870306 -0.054219
v -0.069150 0.869271 -0.050912
v -0.069880 0.864439 -0.053784
v -0.067526 0.875077 -0.052194
v -0.068705 0.879124 -0.048086
v -0.068069 0.879322 -0.049009
v -0.068740 0.878713 -0.047264
v -0.068716 0.873866 -0.048539
v -0.067582 0.869829 -0.053725
v -0.068095 0.869231 -0.051815
v -0.067003 0.879254 -0.049786
v -0.068164 0.878200 -0.046765
v -0.067521 0.869435 -0.052845
v -0.066452 0.874622 -0.052182
v -0.067482 0.873573 -0.049017
v -0.065791 0.878939 -0.050210
v -0.067085 0.882588 -0.046299
v -0.067164 0.882173 -0.045510
v -0.067132 0.877722 -0.046721
v -0.066424 0.882779 -0.047169
v -0.065825 0.874126 -0.051684
v -0.066640 0.881644 -0.045013
v -0.066419 0.873520 -0.049856
v -0.065358 0.882695 -0.047886
v -0.065813 0.873723 -0.050832
v -0.064759 0.878461 -0.050166
v -0.065921 0.877407 -0.047145
v -0.065573 0.885645 -0.044558
v -0.065694 0.885227 -0.043802
v -0.065653 0.881144 -0.044941
v -0.064890 0.885827 -0.045375
v -0.064172 0.882357 -0.048259
v -0.065220 0.884685 -0.043310
v -0.064183 0.877948 -0.049666
v -0.064854 0.877339 -0.047922
v -0.063828 0.885723 -0.046034
v -0.064467 0.880806 -0.045314
v -0.064218 0.877537 -0.048845
v -0.063185 0.881857 -0.048187
v -0.064170 0.888325 -0.042880
v -0.064330 0.887908 -0.042158
v -0.064279 0.884164 -0.043214
v -0.063469 0.888494 -0.043645
v -0.062671 0.885362 -0.046359
v -0.063906 0.887355 -0.041674
v -0.062415 0.888370 -0.044249
v -0.063401 0.880721 -0.046031
v -0.062660 0.881328 -0.047690
v -0.063122 0.883803 -0.043539
v -0.062880 0.890658 -0.041282
v -0.063076 0.890246 -0.040595
v -0.063012 0.886815 -0.041556
v -0.062739 0.880913 -0.046901
v -0.061730 0.884841 -0.046263
v -0.062165 0.890812 -0.041997
v -0.062701 0.889686 -0.040119
v -0.061291 0.887987 -0.044529
v -0.061124 0.890667 -0.042547
v -0.062060 0.883700 -0.044198
v -0.061256 0.884299 -0.045770
v -0.061888 0.886431 -0.041836
v -0.061706 0.892674 -0.039784
v -0.061935 0.892270 -0.039130
v -0.061855 0.889128 -0.039982
v -0.060982 0.892811 -0.040449
v -0.061377 0.883881 -0.045015
v -0.061606 0.891707 -0.038663
v -0.060397 0.887446 -0.044411
v -0.060034 0.890261 -0.042786
v -0.059957 0.892644 -0.040949
v -0.060835 0.886307 -0.042440
v -0.060653 0.894404 -0.038403
v -0.060910 0.894012 -0.037781
v -0.060765 0.888722 -0.040221
v -0.060808 0.891136 -0.038509
v -0.059974 0.886893 -0.043926
v -0.059924 0.894521 -0.039022
v -0.060624 0.893451 -0.037323
v -0.060134 0.886476 -0.043205
v -0.059189 0.889704 -0.042649
v -0.058904 0.892218 -0.041149
v -0.058917 0.894333 -0.039473
v -0.059725 0.895874 -0.037160
v -0.060005 0.895499 -0.036567
v -0.059724 0.888577 -0.040771
v -0.059755 0.890710 -0.038709
v -0.059873 0.892871 -0.037153
v -0.058994 0.895971 -0.037735
v -0.059759 0.894946 -0.036116
v -0.058814 0.889144 -0.042173
v -0.059010 0.888731 -0.041486
v -0.058106 0.891647 -0.040995
v -0.059225 0.896760 -0.035510
v -0.058927 0.897113 -0.036077
v -0.057902 0.893890 -0.039635
v -0.058008 0.895763 -0.038138
v -0.058858 0.892427 -0.037314
v -0.059052 0.894364 -0.035928
v -0.058729 0.890543 -0.039209
v -0.059013 0.896224 -0.035061
v -0.058198 0.897188 -0.036610
v -0.058576 0.897821 -0.034631
v -0.058259 0.898158 -0.035167
v -0.057777 0.891084 -0.040528
v -0.058346 0.895647 -0.034850
v -0.058075 0.893907 -0.036052
v -0.058005 0.890680 -0.039874
v -0.058398 0.897298 -0.034188
v -0.057234 0.896964 -0.036966
v -0.057030 0.895307 -0.038262
v -0.057530 0.898220 -0.035651
v -0.057151 0.893310 -0.039464
v -0.057851 0.892239 -0.037765
v -0.057861 0.899121 -0.033190
v -0.057560 0.899509 -0.033706
v -0.057771 0.896731 -0.033955
v -0.057655 0.898577 -0.032779
v -0.057405 0.895185 -0.034934
v -0.056831 0.899639 -0.034187
v -0.056585 0.897989 -0.035954
v -0.056865 0.892749 -0.039006
v -0.057088 0.893700 -0.036455
v -0.057121 0.892357 -0.038385
v -0.056292 0.896502 -0.037050
v -0.056324 0.894724 -0.038073
v -0.057248 0.900293 -0.031693
v -0.056965 0.900734 -0.032182
v -0.056996 0.898024 -0.032581
v -0.056863 0.896270 -0.033996
v -0.057012 0.899733 -0.031312
v -0.056238 0.900936 -0.032651
v -0.055871 0.899475 -0.034505
v -0.056441 0.894961 -0.035290
v -0.056716 0.901416 -0.030143
v -0.056460 0.901893 -0.030619
v -0.055678 0.897529 -0.035995
v -0.056077 0.894172 -0.037622
v -0.056357 0.893796 -0.037030
v -0.055626 0.895925 -0.036839
v -0.056319 0.899204 -0.031143
v -0.056443 0.900856 -0.029779
v -0.056061 0.897611 -0.032650
v -0.055743 0.902160 -0.031081
v -0.055918 0.896040 -0.034299
v -0.055262 0.900847 -0.032972
v -0.056028 0.903063 -0.029024
v -0.056250 0.902565 -0.028545
v -0.054936 0.899061 -0.034574
v -0.055329 0.903382 -0.029492
v -0.055712 0.895036 -0.035823
v -0.055713 0.900364 -0.029625
v -0.055935 0.902020 -0.028182
v -0.055414 0.895389 -0.036390
v -0.055355 0.898846 -0.031231
v -0.055051 0.896961 -0.035762
v -0.055652 0.904317 -0.027402
v -0.055833 0.903814 -0.026904
v -0.054757 0.902144 -0.031404
v -0.055100 0.897447 -0.032968
v -0.054980 0.904674 -0.027891
v -0.055474 0.903299 -0.026531
v -0.055167 0.901576 -0.028034
v -0.055190 0.896102 -0.034783
v -0.054298 0.900489 -0.033060
v -0.055318 0.905730 -0.025758
v -0.055454 0.905239 -0.025228
v -0.054340 0.903436 -0.029823
v -0.054722 0.900070 -0.029723
v -0.054277 0.898509 -0.034376
v -0.054678 0.906108 -0.026284
v -0.054872 0.896439 -0.035319
v -0.055049 0.904765 -0.024838
v -0.054670 0.902910 -0.026382
v -0.055010 0.907377 -0.024101
v -0.055099 0.906912 -0.023533
v -0.054379 0.898757 -0.031552
v -0.053995 0.904788 -0.028241
v -0.054408 0.907759 -0.024676
v -0.053766 0.901851 -0.031502
v -0.054372 0.897576 -0.033449
v -0.054153 0.901350 -0.028139
v -0.054651 0.906489 -0.023124
v -0.054718 0.909333 -0.022444
v -0.054759 0.908907 -0.021835
v -0.054070 0.897965 -0.033964
v -0.054213 0.904436 -0.024691
v -0.054157 0.909703 -0.023075
v -0.053705 0.906271 -0.026666
v -0.053605 0.899960 -0.032891
v -0.053326 0.903210 -0.029928
v -0.054428 0.911669 -0.020805
v -0.054269 0.908538 -0.021413
v -0.054421 0.911289 -0.020159
v -0.053736 0.900055 -0.030047
v -0.053912 0.912013 -0.021494
v -0.053638 0.902752 -0.026499
v -0.053455 0.907956 -0.025104
v -0.053786 0.906221 -0.022984
v -0.054129 0.914454 -0.019204
v -0.053892 0.910977 -0.019731
v -0.054074 0.914125 -0.018529
v -0.053660 0.914764 -0.019949
v -0.053228 0.909917 -0.023561
v -0.053652 0.898959 -0.032021
v -0.052963 0.904630 -0.028357
v -0.053036 0.901358 -0.031349
v -0.053369 0.899400 -0.032511
v -0.053380 0.908327 -0.021289
v -0.053169 0.904341 -0.024826
v -0.053164 0.901404 -0.028470
v -0.053012 0.912230 -0.022043
v -0.053809 0.917756 -0.017664
v -0.053388 0.918025 -0.018458
v -0.053509 0.913865 -0.018104
v -0.053706 0.917476 -0.016967
v -0.052661 0.906176 -0.026801
v -0.052792 0.914971 -0.020563
v -0.052984 0.910815 -0.019634
v -0.053456 0.921638 -0.016204
v -0.053086 0.921854 -0.017045
v -0.052736 0.906180 -0.023150
v -0.052558 0.902765 -0.029780
v -0.053019 0.900321 -0.030508
v -0.052405 0.907915 -0.025271
v -0.053108 0.917262 -0.016555
v -0.053305 0.921417 -0.015490
v -0.052557 0.918212 -0.019138
v -0.052653 0.902866 -0.026848
v -0.052763 0.900798 -0.030985
v -0.052586 0.913743 -0.018044
v -0.052178 0.909920 -0.023769
v -0.053257 0.923531 -0.015835
v -0.052874 0.923661 -0.016651
v -0.052331 0.908329 -0.021498
v -0.052295 0.922007 -0.017789
v -0.052159 0.904241 -0.028208
v -0.053134 0.923384 -0.015125
v -0.052675 0.921249 -0.015096
v -0.053055 0.925696 -0.015602
v -0.052661 0.925759 -0.016384
v -0.051967 0.912262 -0.022304
v -0.052465 0.901722 -0.028938
v -0.052196 0.904504 -0.025208
v -0.052959 0.925612 -0.014906
v -0.052538 0.923261 -0.014712
v -0.052174 0.917170 -0.016537
v -0.052089 0.923741 -0.017355
v -0.052852 0.928089 -0.015491
v -0.052448 0.928107 -0.016231
v -0.052243 0.902221 -0.029417
v -0.051758 0.915020 -0.020883
v -0.051940 0.910847 -0.019896
v -0.051825 0.905847 -0.026654
v -0.052783 0.928048 -0.014815
v -0.052399 0.925529 -0.014481
v -0.051883 0.925784 -0.017040
v -0.052648 0.930663 -0.015485
v -0.052234 0.930649 -0.016182
v -0.051538 0.918267 -0.019520
v -0.052604 0.930653 -0.014833
v -0.052259 0.927994 -0.014383
v -0.051783 0.906377 -0.023578
v -0.051734 0.921180 -0.015126
v -0.051980 0.903223 -0.027337
v -0.051540 0.907647 -0.025131
v -0.051678 0.928096 -0.016837
v -0.052442 0.933369 -0.015571
v -0.052022 0.933333 -0.016224
v -0.052423 0.933381 -0.014945
v -0.052116 0.930621 -0.014399
v -0.051552 0.913792 -0.018363
v -0.051800 0.903726 -0.027835
v -0.051295 0.922056 -0.018236
v -0.051630 0.923194 -0.014706
v -0.051475 0.930616 -0.016736
v -0.052236 0.936156 -0.015736
v -0.051812 0.936106 -0.016344
v -0.052240 0.936186 -0.015137
v -0.051970 0.933367 -0.014512
v -0.051290 0.909708 -0.023646
v -0.051525 0.925469 -0.014441
v -0.051401 0.908544 -0.021983
v -0.051112 0.923748 -0.017758
v -0.051420 0.927942 -0.014313
v -0.051275 0.933285 -0.016727
v -0.052031 0.938976 -0.015966
v -0.051604 0.938915 -0.016531
v -0.052055 0.939018 -0.015395
v -0.051821 0.936186 -0.014707
v -0.051556 0.904882 -0.025735
v -0.051059 0.912100 -0.022208
v -0.051155 0.917226 -0.016919
v -0.051420 0.905374 -0.026264
v -0.051312 0.930577 -0.014301
v -0.050929 0.925763 -0.017396
v -0.051826 0.941776 -0.016248
v -0.051870 0.941827 -0.015706
v -0.051670 0.939030 -0.014970
v -0.051080 0.936049 -0.016799
v -0.051400 0.941709 -0.016769
v -0.050836 0.914898 -0.020823
v -0.051203 0.933331 -0.014388
v -0.051039 0.911064 -0.020444
v -0.050749 0.928060 -0.017146
v -0.051624 0.944506 -0.016568
v -0.051518 0.941849 -0.015288
v -0.051684 0.944564 -0.016056
v -0.051092 0.907224 -0.024722
v -0.050890 0.938853 -0.016937
v -0.051092 0.936158 -0.014561
v -0.051201 0.944434 -0.017047
v -0.051181 0.906759 -0.024154
v -0.050604 0.918176 -0.019502
v -0.050734 0.921229 -0.015573
v -0.050572 0.930571 -0.016999
v -0.050980 0.939009 -0.014805
v -0.051424 0.947114 -0.016914
v -0.051365 0.944593 -0.015647
v -0.051499 0.947178 -0.016431
v -0.050652 0.923202 -0.015109
v -0.051006 0.947040 -0.017352
v -0.050705 0.941643 -0.017130
v -0.050685 0.913999 -0.018978
v -0.050800 0.909340 -0.023224
v -0.050354 0.921987 -0.018266
v -0.050571 0.925448 -0.014797
v -0.050866 0.941834 -0.015107
v -0.051228 0.949550 -0.017272
v -0.051211 0.947213 -0.016034
v -0.051315 0.949617 -0.016820
v -0.050401 0.933236 -0.016947
v -0.050490 0.927906 -0.014622
v -0.050817 0.949474 -0.017669
v -0.050841 0.908914 -0.022615
v -0.050528 0.944368 -0.017365
v -0.050752 0.944585 -0.015452
v -0.050410 0.930532 -0.014564
v -0.051035 0.951771 -0.017630
v -0.051057 0.949658 -0.016435
v -0.051133 0.951837 -0.017208
v -0.050531 0.911788 -0.021779
v -0.050203 0.923681 -0.017752
v -0.050236 0.935999 -0.016977
v -0.050635 0.951696 -0.017989
v -0.050330 0.933282 -0.014608
v -0.050357 0.946974 -0.017628
v -0.050637 0.947211 -0.015827
v -0.050324 0.917413 -0.017599
v -0.050904 0.951876 -0.016836
v -0.050830 0.954592 -0.018062
v -0.050945 0.954653 -0.017645
v -0.050055 0.925703 -0.017357
v -0.050249 0.936108 -0.014740
v -0.050078 0.938804 -0.017077
v -0.050524 0.911409 -0.021134
v -0.050271 0.914638 -0.020398
v -0.050522 0.949661 -0.016220
v -0.050417 0.954517 -0.018403
v -0.050195 0.949410 -0.017906
v -0.050169 0.938960 -0.014945
v -0.050733 0.954683 -0.017264
v -0.050526 0.957670 -0.018444
v -0.050658 0.957726 -0.018033
v -0.049909 0.928007 -0.017075
v -0.050408 0.951878 -0.016615
v -0.049928 0.941598 -0.017234
v -0.050089 0.941789 -0.015210
v -0.050006 0.917961 -0.019090
v -0.050100 0.957593 -0.018768
v -0.050040 0.951632 -0.018189
v -0.049769 0.930527 -0.016901
v -0.050010 0.944543 -0.015522
v -0.049944 0.921381 -0.016317
v -0.050462 0.957744 -0.017644
v -0.050248 0.954674 -0.017022
v -0.049786 0.944326 -0.017435
v -0.050216 0.914309 -0.019723
v -0.049867 0.923281 -0.015812
v -0.050119 0.960935 -0.018785
v -0.050268 0.960988 -0.018380
v -0.049931 0.947172 -0.015868
v -0.049817 0.954447 -0.018578
v -0.049724 0.921819 -0.017872
v -0.049793 0.925473 -0.015454
v -0.049635 0.933200 -0.016824
v -0.049652 0.946935 -0.017668
v -0.049854 0.949626 -0.016233
v -0.049683 0.960851 -0.019090
v -0.049720 0.927895 -0.015227
v -0.050090 0.960998 -0.017983
v -0.049991 0.957721 -0.017381
v -0.049650 0.930499 -0.015118
v -0.049508 0.935971 -0.016831
v -0.049779 0.951842 -0.016602
v -0.049497 0.957513 -0.018917
v -0.049608 0.923558 -0.017338
v -0.049527 0.949374 -0.017919
v -0.049903 0.917682 -0.018393
v -0.049583 0.933234 -0.015111
v -0.049608 0.964324 -0.019091
v -0.049773 0.964380 -0.018694
v -0.049517 0.936051 -0.015194
v -0.049623 0.954628 -0.016983
v -0.049388 0.938783 -0.016912
v -0.049495 0.925620 -0.016932
v -0.049411 0.951596 -0.018177
v -0.049454 0.938897 -0.015351
v -0.049163 0.964233 -0.019377
v -0.049276 0.941583 -0.017052
v -0.049394 0.941723 -0.015571
v -0.049077 0.960761 -0.019213
v -0.049632 0.960962 -0.017702
v -0.049612 0.964384 -0.018291
v -0.049385 0.927954 -0.016644
v -0.049191 0.954401 -0.018540
v -0.049574 0.921598 -0.017158
v -0.049337 0.944477 -0.015840
v -0.049370 0.957661 -0.017316
v -0.049173 0.944318 -0.017240
v -0.049282 0.947106 -0.016144
v -0.049280 0.930495 -0.016467
v -0.049485 0.923412 -0.016628
v -0.049231 0.949561 -0.016470
v -0.048876 0.957454 -0.018852
v -0.049399 0.925536 -0.016235
v -0.049182 0.933186 -0.016391
v -0.049078 0.946933 -0.017462
v -0.049185 0.951778 -0.016803
v -0.048989 0.967780 -0.019372
v -0.049168 0.967840 -0.018983
v -0.049316 0.927912 -0.015968
v -0.048556 0.964129 -0.019474
v -0.049237 0.930485 -0.015815
v -0.048992 0.949377 -0.017705
v -0.049089 0.935971 -0.016401
v -0.049023 0.954558 -0.017158
v -0.049169 0.964336 -0.017991
v -0.049018 0.960888 -0.017610
v -0.048536 0.967677 -0.019638
v -0.049025 0.967840 -0.018575
v -0.049162 0.933199 -0.015764
v -0.049003 0.938795 -0.016487
v -0.049093 0.936001 -0.015802
v -0.048915 0.951598 -0.017956
v -0.048463 0.960687 -0.019121
v -0.049028 0.938837 -0.015916
v -0.048707 0.954392 -0.018297
v -0.048925 0.941605 -0.016635
v -0.048968 0.941656 -0.016093
v -0.048766 0.957582 -0.017465
v -0.048913 0.944405 -0.016319
v -0.048853 0.944347 -0.016831
v -0.048865 0.947032 -0.016582
v -0.048821 0.949485 -0.016868
v -0.048790 0.946969 -0.017064
v -0.048784 0.951703 -0.017162
v -0.048404 0.957430 -0.018589
v -0.047930 0.967557 -0.019709
v -0.048563 0.964248 -0.017874
v -0.048598 0.967781 -0.018258
v -0.048451 0.971308 -0.019257
v -0.048258 0.971240 -0.019636
v -0.048734 0.949418 -0.017320
v -0.047949 0.964041 -0.019357
v -0.048610 0.954482 -0.017500
v -0.048412 0.960798 -0.017734
v -0.048325 0.971306 -0.018844
v -0.048686 0.951637 -0.017584
v -0.047799 0.971122 -0.019882
v -0.048494 0.954421 -0.017917
v -0.048005 0.960651 -0.018840
v -0.048341 0.957504 -0.017789
v -0.048209 0.957448 -0.018200
v -0.048001 0.967678 -0.018116
v -0.047915 0.971236 -0.018510
v -0.047333 0.967454 -0.019567
v -0.047956 0.964144 -0.017972
v -0.047196 0.970985 -0.019927
v -0.047507 0.963993 -0.019057
v -0.047618 0.974723 -0.019522
v -0.047413 0.974645 -0.019892
v -0.047827 0.960660 -0.018443
v -0.047976 0.960714 -0.018039
v -0.047509 0.974721 -0.019106
v -0.046950 0.974509 -0.020116
v -0.047346 0.963997 -0.018655
v -0.047395 0.967558 -0.018187
v -0.047330 0.971116 -0.018343
v -0.047510 0.964052 -0.018257
v -0.046906 0.967395 -0.019250
v -0.046611 0.970865 -0.019760
v -0.047117 0.974641 -0.018755
v -0.046352 0.974350 -0.020135
v -0.046664 0.978026 -0.019787
v -0.046449 0.977934 -0.020147
v -0.046763 0.967395 -0.018842
v -0.046942 0.967455 -0.018453
v -0.046573 0.978027 -0.019369
v -0.045985 0.977775 -0.020350
v -0.046727 0.970979 -0.018388
v -0.046200 0.970795 -0.019426
v -0.046545 0.974503 -0.018564
v -0.045781 0.974213 -0.019944
v -0.046200 0.977935 -0.019002
v -0.046267 0.970861 -0.018633
v -0.045396 0.977592 -0.020342
v -0.046075 0.970794 -0.019013
v -0.045948 0.974345 -0.018583
v -0.045585 0.981158 -0.020062
v -0.045362 0.981047 -0.020410
v -0.045388 0.974132 -0.019593
v -0.045511 0.981163 -0.019641
v -0.045644 0.977777 -0.018786
v -0.044901 0.980860 -0.020590
v -0.044840 0.977433 -0.020126
v -0.045485 0.974208 -0.018807
v -0.045280 0.974130 -0.019177
v -0.045158 0.981061 -0.019260
v -0.044325 0.980646 -0.020556
v -0.045055 0.977594 -0.018779
v -0.044467 0.977342 -0.019760
v -0.044622 0.980878 -0.019020
v -0.044375 0.984059 -0.020355
v -0.044148 0.983924 -0.020689
v -0.044316 0.984072 -0.019933
v -0.044591 0.977435 -0.018982
v -0.044376 0.977342 -0.019341
v -0.043789 0.980464 -0.020316
v -0.043696 0.983701 -0.020847
v -0.043986 0.983958 -0.019536
v -0.044046 0.980665 -0.018985
v -0.043139 0.983451 -0.020785
v -0.043437 0.980362 -0.019935
v -0.043474 0.983748 -0.019272
v -0.043585 0.980478 -0.019166
v -0.043362 0.980367 -0.019514
v -0.043024 0.986672 -0.020675
v -0.042801 0.986504 -0.020995
v -0.042628 0.983241 -0.020520
v -0.042978 0.986696 -0.020253
v -0.042366 0.986237 -0.021127
v -0.042917 0.983498 -0.019210
v -0.042674 0.986570 -0.019842
v -0.042298 0.983127 -0.020124
v -0.041838 0.985942 -0.021036
v -0.042465 0.983275 -0.019367
v -0.042193 0.986327 -0.019552
v -0.042238 0.983140 -0.019702
v -0.041358 0.985699 -0.020746
v -0.041540 0.988912 -0.021028
v -0.041321 0.988715 -0.021333
v -0.041506 0.988948 -0.020607
v -0.041665 0.986032 -0.019461
v -0.040909 0.988407 -0.021439
v -0.041229 0.988812 -0.020182
v -0.041054 0.985573 -0.020335
v -0.041231 0.985765 -0.019593
v -0.040413 0.988073 -0.021318
v -0.041007 0.985597 -0.019913
v -0.040784 0.988540 -0.019867
v -0.039967 0.987801 -0.021003
v -0.040288 0.988206 -0.019747
v -0.039656 0.991392 -0.021365
v -0.039448 0.991187 -0.021676
v -0.039620 0.991417 -0.020940
v -0.039691 0.987665 -0.020578
v -0.039051 0.990858 -0.021791
v -0.039876 0.987898 -0.019853
v -0.039348 0.991256 -0.020516
v -0.039657 0.987700 -0.020157
v -0.038571 0.990492 -0.021678
v -0.038914 0.990951 -0.020207
v -0.038136 0.990188 -0.021368
v -0.038434 0.990586 -0.020094
v -0.037865 0.990027 -0.020945
v -0.038036 0.990257 -0.020209
v -0.037828 0.990052 -0.020520
v -0.037904 0.993566 -0.021581
v -0.037701 0.993363 -0.021901
v -0.037869 0.993575 -0.021153
v -0.037313 0.993021 -0.022026
v -0.037604 0.993388 -0.020731
v -0.036844 0.992631 -0.021923
v -0.037181 0.993056 -0.020428
v -0.036420 0.992298 -0.021619
v -0.036712 0.992666 -0.020325
v -0.036156 0.992112 -0.021197
v -0.036324 0.992324 -0.020450
v -0.036228 0.995475 -0.021701
v -0.036031 0.995271 -0.022028
v -0.036120 0.992121 -0.020769
v -0.036195 0.995468 -0.021270
v -0.035658 0.994911 -0.022163
v -0.035941 0.995253 -0.020850
v -0.035208 0.994492 -0.022070
v -0.035535 0.994886 -0.020554
v -0.034801 0.994125 -0.021774
v -0.035085 0.994467 -0.020461
v -0.034548 0.993910 -0.021354
v -0.034711 0.994107 -0.020596
v -0.034584 0.997138 -0.021744
v -0.034399 0.996930 -0.022078
v -0.034554 0.997115 -0.021310
v -0.034515 0.993903 -0.020923
v -0.034048 0.996547 -0.022224
v -0.034317 0.996868 -0.020893
v -0.033626 0.996092 -0.022142
v -0.033936 0.996463 -0.020605
v -0.033245 0.995687 -0.021854
v -0.033514 0.996008 -0.020523
v -0.033007 0.995440 -0.021437
v -0.033163 0.995625 -0.020669
v -0.032934 0.998569 -0.021730
v -0.032765 0.998354 -0.022072
v -0.032978 0.995417 -0.021003
v -0.032908 0.998532 -0.021294
v -0.032445 0.997945 -0.022229
v -0.032693 0.998252 -0.020881
v -0.032061 0.997450 -0.022159
v -0.032346 0.997805 -0.020603
v -0.031715 0.997002 -0.021881
v -0.031962 0.997310 -0.020532
v -0.031500 0.996722 -0.021468
v -0.031642 0.996900 -0.020690
v -0.031473 0.996685 -0.021032
v -0.031239 0.999782 -0.021680
v -0.031092 0.999558 -0.022031
v -0.031216 0.999731 -0.021243
v -0.030813 0.999119 -0.022200
v -0.031028 0.999419 -0.020835
v -0.030477 0.998584 -0.022143
v -0.030726 0.998929 -0.020567
v -0.030175 0.998094 -0.021875
v -0.030390 0.998393 -0.020510
v -0.029987 0.997782 -0.021468
v -0.030111 0.997955 -0.020679
v -0.029964 0.997731 -0.021030
v -0.029467 1.000785 -0.021617
v -0.029347 1.000552 -0.021976
v -0.029446 1.000722 -0.021178
v -0.029117 1.000087 -0.022158
v -0.029287 1.000381 -0.020776
v -0.028838 0.999514 -0.022115
v -0.029035 0.999853 -0.020519
v -0.028586 0.998986 -0.021858
v -0.028757 0.999280 -0.020476
v -0.028428 0.998645 -0.021456
v -0.028527 0.998815 -0.020658
v -0.028406 0.998582 -0.021017
v -0.027590 1.001590 -0.021562
v -0.027500 1.001351 -0.021929
v -0.027567 1.001518 -0.021122
v -0.027323 1.000864 -0.022124
v -0.027439 1.001153 -0.020725
v -0.027105 1.000260 -0.022094
v -0.027239 1.000593 -0.020480
v -0.026905 0.999700 -0.021849
v -0.027021 0.999989 -0.020450
v -0.026776 0.999335 -0.021453
v -0.026843 0.999502 -0.020645
v -0.026754 0.999263 -0.021012
v -0.025580 1.002215 -0.021538
v -0.025522 1.001972 -0.021912
v -0.025553 1.002133 -0.021096
v -0.025397 1.001470 -0.022119
v -0.025451 1.001750 -0.020706
v -0.025237 1.000843 -0.022103
v -0.025299 1.001166 -0.020471
v -0.025085 1.000259 -0.021868
v -0.025139 1.000539 -0.020454
v -0.024983 0.999875 -0.021477
v -0.025014 1.000037 -0.020661
v -0.024957 0.999794 -0.021035
v -0.023408 1.002678 -0.021566
v -0.023381 1.002435 -0.021947
v -0.023375 1.002589 -0.021124
v -0.023303 1.001924 -0.022165
v -0.023293 1.002189 -0.020738
v -0.023194 1.001282 -0.022160
v -0.023183 1.001588 -0.020513
v -0.023084 1.000681 -0.021935
v -0.023074 1.000946 -0.020509
v -0.023002 1.000282 -0.021550
v -0.022996 1.000435 -0.020726
v -0.022969 1.000192 -0.021107
v -0.021042 1.002763 -0.022054
v -0.021040 1.003003 -0.021667
v -0.021004 1.002247 -0.022281
v -0.021000 1.002905 -0.021224
v -0.020937 1.001595 -0.022288
v -0.020931 1.002493 -0.020843
v -0.020859 1.000981 -0.022072
v -0.020853 1.001879 -0.020628
v -0.020790 1.000570 -0.021692
v -0.020786 1.001227 -0.020635
v -0.020750 1.000471 -0.021249
v -0.020748 1.000712 -0.020862
v -0.018463 1.002976 -0.022252
v -0.018459 1.002460 -0.022489
v -0.018436 1.003212 -0.021860
v -0.018425 1.001801 -0.022506
v -0.018387 1.003104 -0.021417
v -0.018372 1.001177 -0.022300
v -0.018327 1.002681 -0.021042
v -0.018312 1.000754 -0.021925
v -0.018273 1.002057 -0.020836
v -0.018262 1.000646 -0.021482
v -0.018240 1.001399 -0.020853
v -0.018236 1.000882 -0.021090
v -0.121055 0.415896 -0.056163
v -0.121144 0.413769 -0.054830
v -0.121132 0.416027 -0.055144
v -0.120846 0.413882 -0.053995
v -0.121077 0.413633 -0.055856
v -0.121116 0.411481 -0.054501
v -0.120807 0.411603 -0.053663
v -0.120997 0.418105 -0.056451
v -0.121084 0.418232 -0.055441
v -0.120845 0.416131 -0.054312
v -0.121059 0.411340 -0.055536
v -0.121044 0.409184 -0.054162
v -0.120724 0.409316 -0.053323
v -0.120662 0.413510 -0.056799
v -0.120633 0.415771 -0.057094
v -0.120908 0.420241 -0.056718
v -0.121005 0.420362 -0.055716
v -0.120808 0.418326 -0.054612
v -0.120996 0.409040 -0.055205
v -0.120651 0.411219 -0.056491
v -0.120569 0.417981 -0.057371
v -0.120922 0.406901 -0.053817
v -0.120591 0.407044 -0.052976
v -0.120885 0.406753 -0.054868
v -0.120595 0.408921 -0.056172
v -0.120474 0.420116 -0.057626
v -0.120792 0.422279 -0.056958
v -0.120898 0.422393 -0.055965
v -0.120739 0.420447 -0.054889
v -0.120746 0.404655 -0.053470
v -0.120405 0.404811 -0.052628
v -0.120352 0.422156 -0.057855
v -0.120653 0.424198 -0.057169
v -0.120769 0.424304 -0.056184
v -0.120644 0.422468 -0.055141
v -0.120719 0.404502 -0.054529
v -0.120491 0.406638 -0.055847
v -0.120262 0.413940 -0.053575
v -0.120215 0.411673 -0.053248
v -0.120270 0.416178 -0.053888
v -0.120123 0.409400 -0.052912
v -0.120242 0.418363 -0.054184
v -0.120208 0.424078 -0.058053
v -0.120526 0.424367 -0.055363
v -0.120496 0.425976 -0.057345
v -0.120622 0.426072 -0.056368
v -0.119789 0.404927 -0.052228
v -0.120182 0.420473 -0.054458
v -0.120333 0.404392 -0.055521
v -0.119061 0.404972 -0.052378
v -0.119982 0.407143 -0.052571
v -0.120010 0.413432 -0.057406
v -0.120001 0.411149 -0.057110
v -0.119981 0.415687 -0.057689
v -0.120096 0.422484 -0.054707
v -0.120045 0.425860 -0.058218
v -0.119916 0.417891 -0.057954
v -0.120390 0.426122 -0.055550
v -0.120324 0.427592 -0.057483
v -0.120461 0.427674 -0.056514
v -0.119947 0.408860 -0.056804
v -0.119821 0.420022 -0.058196
v -0.119988 0.424372 -0.054925
v -0.119845 0.406588 -0.056493
v -0.119868 0.427483 -0.058344
v -0.119698 0.422057 -0.058413
v -0.120241 0.427708 -0.055699
v -0.120143 0.429020 -0.057578
v -0.120290 0.429089 -0.056618
v -0.119862 0.426113 -0.055109
v -0.119554 0.423976 -0.058601
v -0.119690 0.404356 -0.056180
v -0.118418 0.404935 -0.053037
v -0.119681 0.428918 -0.058428
v -0.120082 0.429105 -0.055806
v -0.119638 0.432574 -0.057794
v -0.119835 0.432640 -0.056847
v -0.119549 0.413930 -0.053683
v -0.119497 0.411674 -0.053366
v -0.119561 0.416157 -0.053987
v -0.119538 0.418333 -0.054274
v -0.119723 0.427683 -0.055255
v -0.119402 0.409414 -0.053040
v -0.119391 0.425755 -0.058754
v -0.119484 0.420434 -0.054539
v -0.119134 0.432470 -0.058617
v -0.119258 0.407172 -0.052709
v -0.119403 0.422436 -0.054778
v -0.119671 0.432649 -0.056027
v -0.119575 0.429064 -0.055360
v -0.119214 0.427376 -0.058869
v -0.119297 0.413421 -0.057515
v -0.119283 0.411150 -0.057228
v -0.119272 0.415666 -0.057788
v -0.119212 0.417860 -0.058043
v -0.119300 0.424315 -0.054988
v -0.119225 0.408874 -0.056933
v -0.119122 0.419982 -0.058277
v -0.119180 0.426048 -0.055164
v -0.119028 0.428809 -0.058941
v -0.119120 0.406617 -0.056632
v -0.119399 0.435707 -0.057027
v -0.119153 0.435642 -0.057960
v -0.119005 0.422009 -0.058485
v -0.119047 0.427608 -0.055302
v -0.118962 0.404401 -0.056330
v -0.118031 0.404826 -0.054029
v -0.118866 0.423919 -0.058664
v -0.118457 0.432356 -0.059093
v -0.119191 0.432600 -0.055556
v -0.119280 0.435713 -0.056202
v -0.118608 0.435534 -0.058752
v -0.118905 0.428978 -0.055399
v -0.118897 0.413852 -0.054290
v -0.118847 0.411604 -0.053986
v -0.118909 0.416073 -0.054582
v -0.118709 0.425690 -0.058809
v -0.118885 0.418243 -0.054856
v -0.118753 0.409353 -0.053673
v -0.118830 0.420339 -0.055109
v -0.118612 0.407122 -0.053355
v -0.118749 0.422337 -0.055337
v -0.118538 0.427300 -0.058915
v -0.118976 0.438370 -0.057160
v -0.118682 0.438306 -0.058076
v -0.118713 0.413480 -0.057095
v -0.118697 0.415713 -0.057364
v -0.118646 0.424213 -0.055535
v -0.118690 0.411221 -0.056813
v -0.118646 0.417897 -0.057616
v -0.118828 0.435656 -0.055707
v -0.118902 0.438369 -0.056333
v -0.118624 0.408958 -0.056522
v -0.118565 0.420009 -0.057846
v -0.118358 0.428722 -0.058980
v -0.118524 0.432505 -0.055559
v -0.118526 0.425943 -0.055700
v -0.118099 0.438194 -0.058836
v -0.117910 0.435412 -0.059190
v -0.118511 0.406716 -0.056226
v -0.118457 0.422025 -0.058051
v -0.118393 0.427501 -0.055827
v -0.117789 0.432261 -0.059096
v -0.118328 0.423924 -0.058226
v -0.118562 0.440704 -0.057249
v -0.118221 0.440641 -0.058146
v -0.118346 0.404517 -0.055930
v -0.118005 0.404673 -0.055088
v -0.118482 0.413729 -0.055233
v -0.118439 0.411483 -0.054941
v -0.118487 0.415948 -0.055513
v -0.118252 0.428869 -0.055912
v -0.118480 0.438304 -0.055816
v -0.118534 0.440695 -0.056422
v -0.118457 0.418118 -0.055776
v -0.118181 0.425681 -0.058368
v -0.118352 0.409234 -0.054640
v -0.118396 0.420215 -0.056017
v -0.118164 0.435553 -0.055675
v -0.118217 0.407008 -0.054335
v -0.118310 0.422215 -0.056233
v -0.118415 0.413592 -0.056260
v -0.118410 0.415817 -0.056531
v -0.118020 0.427276 -0.058472
v -0.118381 0.411342 -0.055976
v -0.118370 0.417992 -0.056786
v -0.117601 0.440525 -0.058871
v -0.118299 0.420094 -0.057019
v -0.118201 0.424093 -0.056420
v -0.118305 0.409090 -0.055683
v -0.117382 0.438064 -0.059236
v -0.118203 0.422100 -0.057227
v -0.118153 0.442784 -0.057296
v -0.117765 0.442724 -0.058171
v -0.118075 0.425827 -0.056573
v -0.117851 0.428682 -0.058534
v -0.117847 0.432390 -0.056035
v -0.118143 0.440619 -0.055885
v -0.118170 0.442767 -0.056471
v -0.118180 0.406859 -0.055386
v -0.117822 0.438191 -0.055749
v -0.118085 0.423987 -0.057405
v -0.117247 0.435309 -0.059158
v -0.117937 0.427391 -0.056688
v -0.117309 0.432212 -0.058625
v -0.117949 0.425731 -0.057550
v -0.117790 0.428767 -0.056762
v -0.117110 0.442604 -0.058860
v -0.117800 0.427309 -0.057657
v -0.117466 0.435431 -0.056113
v -0.117811 0.442679 -0.055916
v -0.117743 0.444684 -0.057303
v -0.117805 0.444660 -0.056483
v -0.117494 0.440494 -0.055783
v -0.117309 0.444628 -0.058153
v -0.116868 0.440386 -0.059231
v -0.117643 0.428698 -0.057722
v -0.116725 0.437951 -0.059168
v -0.117146 0.432221 -0.057805
v -0.117343 0.432287 -0.056858
v -0.117106 0.438061 -0.056149
v -0.116795 0.435253 -0.058663
v -0.117481 0.444560 -0.055912
v -0.117173 0.442542 -0.055781
v -0.117329 0.446479 -0.057272
v -0.117436 0.446448 -0.056459
v -0.116621 0.444504 -0.058804
v -0.116851 0.446425 -0.058094
v -0.116363 0.442456 -0.059180
v -0.116761 0.440356 -0.056143
v -0.117145 0.446340 -0.055874
v -0.116855 0.444412 -0.055743
v -0.116921 0.435323 -0.056905
v -0.116906 0.448243 -0.057205
v -0.117058 0.448209 -0.056402
v -0.116219 0.440262 -0.059129
v -0.116386 0.448189 -0.057999
v -0.116676 0.435258 -0.057839
v -0.116132 0.446299 -0.058706
v -0.116303 0.437885 -0.058652
v -0.116427 0.442394 -0.056100
v -0.116801 0.448095 -0.055805
v -0.116534 0.446183 -0.055673
v -0.116523 0.437949 -0.056908
v -0.115863 0.444348 -0.059083
v -0.116470 0.450051 -0.057106
v -0.116664 0.450017 -0.056315
v -0.115911 0.449997 -0.057868
v -0.115725 0.442319 -0.059044
v -0.116097 0.444255 -0.056022
v -0.115638 0.448062 -0.058569
v -0.116229 0.437884 -0.057824
v -0.116441 0.449904 -0.055707
v -0.116204 0.447934 -0.055573
v -0.116141 0.440239 -0.056869
v -0.115828 0.440185 -0.058593
v -0.116017 0.451980 -0.056977
v -0.116252 0.451949 -0.056199
v -0.115364 0.446136 -0.058944
v -0.115766 0.446020 -0.055911
v -0.115420 0.451924 -0.057705
v -0.116061 0.451841 -0.055581
v -0.115859 0.449742 -0.055444
v -0.115772 0.442274 -0.056790
v -0.115136 0.449869 -0.058396
v -0.115238 0.444200 -0.058914
v -0.115800 0.440177 -0.057765
v -0.115814 0.454085 -0.056057
v -0.115540 0.454109 -0.056819
v -0.115367 0.442231 -0.058489
v -0.115428 0.447767 -0.055768
v -0.114862 0.447896 -0.058765
v -0.115409 0.444132 -0.056674
v -0.115495 0.451684 -0.055288
v -0.115655 0.453984 -0.055430
v -0.114907 0.454050 -0.057513
v -0.114619 0.451797 -0.058190
v -0.114753 0.445979 -0.058743
v -0.115076 0.449575 -0.055597
v -0.115384 0.442214 -0.057664
v -0.115342 0.456522 -0.055888
v -0.115029 0.456544 -0.056632
v -0.115047 0.445894 -0.056523
v -0.114913 0.444100 -0.058344
v -0.115107 0.453835 -0.055107
v -0.115218 0.456420 -0.055256
v -0.114352 0.449703 -0.058550
v -0.114363 0.456481 -0.057289
v -0.114707 0.451520 -0.055398
v -0.114679 0.447640 -0.056339
v -0.114084 0.453925 -0.057952
v -0.114976 0.444075 -0.057523
v -0.114265 0.447734 -0.058533
v -0.114525 0.460237 -0.055492
v -0.114171 0.460264 -0.056211
v -0.114462 0.445871 -0.058158
v -0.114690 0.456267 -0.054905
v -0.114443 0.460115 -0.054861
v -0.113831 0.451634 -0.058300
v -0.114315 0.453677 -0.055174
v -0.114301 0.449448 -0.056125
v -0.114570 0.445840 -0.057345
v -0.113475 0.460189 -0.056826
v -0.113522 0.456350 -0.057683
v -0.113771 0.449541 -0.058287
v -0.114008 0.447621 -0.057935
v -0.113906 0.451394 -0.055882
v -0.113947 0.459932 -0.054488
v -0.113899 0.456102 -0.054930
v -0.114160 0.447587 -0.057132
v -0.113292 0.453767 -0.058019
v -0.113558 0.463766 -0.054924
v -0.113163 0.463796 -0.055615
v -0.113520 0.463621 -0.054298
v -0.112624 0.460033 -0.057171
v -0.113265 0.451477 -0.058007
v -0.113492 0.453552 -0.055613
v -0.113741 0.449394 -0.056887
v -0.113547 0.449428 -0.057678
v -0.112442 0.463703 -0.056187
v -0.112731 0.456185 -0.057708
v -0.113169 0.459736 -0.054471
v -0.113061 0.463401 -0.053906
v -0.113309 0.451338 -0.056611
v -0.113058 0.455970 -0.055324
v -0.112744 0.453618 -0.057696
v -0.113074 0.451369 -0.057388
v -0.112482 0.467123 -0.054221
v -0.112051 0.467149 -0.054883
v -0.111846 0.459837 -0.057155
v -0.112487 0.466964 -0.053602
v -0.112859 0.453494 -0.056307
v -0.111588 0.463513 -0.056487
v -0.112203 0.456031 -0.057358
v -0.112585 0.453518 -0.057069
v -0.112318 0.459580 -0.054817
v -0.112302 0.463164 -0.053853
v -0.111308 0.467036 -0.055412
v -0.112392 0.455908 -0.055981
v -0.112064 0.466716 -0.053193
v -0.112079 0.455930 -0.056726
v -0.111350 0.459654 -0.056782
v -0.110829 0.463275 -0.056433
v -0.111337 0.470345 -0.053418
v -0.111382 0.470181 -0.052807
v -0.110872 0.470361 -0.054051
v -0.110454 0.466813 -0.055666
v -0.111622 0.459505 -0.055432
v -0.111447 0.462973 -0.054152
v -0.111327 0.466444 -0.053103
v -0.111268 0.459532 -0.056151
v -0.110994 0.469915 -0.052381
v -0.110111 0.470227 -0.054536
v -0.110369 0.463055 -0.056041
v -0.110726 0.462880 -0.054724
v -0.109716 0.466541 -0.055576
v -0.110472 0.466222 -0.053357
v -0.110159 0.473469 -0.052551
v -0.110241 0.473309 -0.051947
v -0.110332 0.462910 -0.055416
v -0.109663 0.473473 -0.053153
v -0.110278 0.469617 -0.052255
v -0.109258 0.469978 -0.054743
v -0.109886 0.473036 -0.051504
v -0.108886 0.473320 -0.053593
v -0.109293 0.466293 -0.055167
v -0.109729 0.466108 -0.053886
v -0.109425 0.469368 -0.052462
v -0.108542 0.469680 -0.054617
v -0.109298 0.466134 -0.054549
v -0.109190 0.472723 -0.051340
v -0.108986 0.476536 -0.051653
v -0.109101 0.476385 -0.051057
v -0.108462 0.476526 -0.052224
v -0.108036 0.473051 -0.053752
v -0.108777 0.476116 -0.050595
v -0.108664 0.469234 -0.052947
v -0.108154 0.469414 -0.054192
v -0.107670 0.476359 -0.052617
v -0.108340 0.472454 -0.051499
v -0.108199 0.469250 -0.053580
v -0.107340 0.472738 -0.053589
v -0.108100 0.475798 -0.050392
v -0.107854 0.479583 -0.050760
v -0.108000 0.479448 -0.050171
v -0.107304 0.479560 -0.051297
v -0.106822 0.476079 -0.052726
v -0.107703 0.479192 -0.049690
v -0.107563 0.472301 -0.051939
v -0.106986 0.472465 -0.053145
v -0.106497 0.479386 -0.051640
v -0.107252 0.475519 -0.050501
v -0.107067 0.472305 -0.052542
v -0.107043 0.478883 -0.049444
v -0.106145 0.475762 -0.052522
v -0.106796 0.482651 -0.049902
v -0.106971 0.482535 -0.049323
v -0.106222 0.482618 -0.050405
v -0.106700 0.482302 -0.048821
v -0.105650 0.479107 -0.051696
v -0.106460 0.475352 -0.050893
v -0.105821 0.475492 -0.052060
v -0.105401 0.482446 -0.050694
v -0.106196 0.478604 -0.049500
v -0.105936 0.475342 -0.051464
v -0.106054 0.482014 -0.048531
v -0.105847 0.485781 -0.049113
v -0.106050 0.485687 -0.048543
v -0.104990 0.478798 -0.051450
v -0.105249 0.485743 -0.049577
v -0.105803 0.485486 -0.048020
v -0.104555 0.482180 -0.050695
v -0.105389 0.478430 -0.049843
v -0.106338 0.555311 -0.041486
v -0.106370 0.547738 -0.042567
v -0.106361 0.547665 -0.041973
v -0.106264 0.540513 -0.042874
v -0.106299 0.555227 -0.040895
v -0.105934 0.547616 -0.041556
v -0.105859 0.540478 -0.042435
v -0.105959 0.555395 -0.042118
v -0.106243 0.540578 -0.043469
v -0.105959 0.547817 -0.043179
v -0.106110 0.563305 -0.040202
v -0.105763 0.563388 -0.040853
v -0.106041 0.563211 -0.039615
v -0.105851 0.555164 -0.040502
v -0.106045 0.533780 -0.043623
v -0.105663 0.533754 -0.043163
v -0.105993 0.533837 -0.044217
v -0.105801 0.540653 -0.044060
v -0.104416 0.485583 -0.049812
v -0.105208 0.481749 -0.048531
v -0.104693 0.478542 -0.050968
v -0.105499 0.571927 -0.038839
v -0.105159 0.571995 -0.039494
v -0.105172 0.485231 -0.047685
v -0.105039 0.489015 -0.048421
v -0.105268 0.488943 -0.047863
v -0.105739 0.527471 -0.044243
v -0.105382 0.527454 -0.043763
v -0.105574 0.563132 -0.039248
v -0.105425 0.571830 -0.038252
v -0.105521 0.533910 -0.044785
v -0.105657 0.527523 -0.044834
v -0.105262 0.555455 -0.042621
v -0.105238 0.547879 -0.043645
v -0.105094 0.563438 -0.041392
v -0.104839 0.478407 -0.050380
v -0.105136 0.540479 -0.042268
v -0.105204 0.547606 -0.041428
v -0.104419 0.488978 -0.048846
v -0.104950 0.533767 -0.042959
v -0.105115 0.555140 -0.040413
v -0.105045 0.488780 -0.047321
v -0.105057 0.540719 -0.044489
v -0.104496 0.572016 -0.040044
v -0.105384 0.521595 -0.044757
v -0.105052 0.521583 -0.044259
v -0.103910 0.481892 -0.050405
v -0.105157 0.527595 -0.045378
v -0.105272 0.521642 -0.045344
v -0.104681 0.527475 -0.043522
v -0.104957 0.571730 -0.037893
v -0.104835 0.563089 -0.039200
v -0.104757 0.533980 -0.045175
v -0.104377 0.581210 -0.037432
v -0.104044 0.581261 -0.038093
v -0.104298 0.581113 -0.036846
v -0.103570 0.485344 -0.049754
v -0.104388 0.481576 -0.048821
v -0.105016 0.516159 -0.045189
v -0.104710 0.516149 -0.044675
v -0.104364 0.521610 -0.043983
v -0.104658 0.492347 -0.047313
v -0.104402 0.492399 -0.047856
v -0.104745 0.521713 -0.045861
v -0.104874 0.516204 -0.045769
v -0.104435 0.555476 -0.042860
v -0.104280 0.563442 -0.041676
v -0.103574 0.488842 -0.049024
v -0.104399 0.547910 -0.043841
v -0.104326 0.484992 -0.047627
v -0.104289 0.540519 -0.042420
v -0.104365 0.547636 -0.041623
v -0.104430 0.488572 -0.046942
v -0.104374 0.527668 -0.045728
v -0.103389 0.581252 -0.038652
v -0.104097 0.533815 -0.043066
v -0.104288 0.555162 -0.040652
v -0.103687 0.571985 -0.040340
v -0.104462 0.492228 -0.046755
v -0.103762 0.492371 -0.048240
v -0.104037 0.516178 -0.044364
v -0.104210 0.540758 -0.044640
v -0.104672 0.511171 -0.045562
v -0.104392 0.511160 -0.045033
v -0.103638 0.481659 -0.049902
v -0.103823 0.527530 -0.043586
v -0.104220 0.571654 -0.037856
v -0.103829 0.580995 -0.036493
v -0.104321 0.516273 -0.046259
v -0.104501 0.511215 -0.046134
v -0.103813 0.481544 -0.049323
v -0.104022 0.563092 -0.039483
v -0.103903 0.534028 -0.045282
v -0.103945 0.521788 -0.046171
v -0.103736 0.511185 -0.044688
v -0.104388 0.506643 -0.045899
v -0.104135 0.506626 -0.045357
v -0.103505 0.521669 -0.044002
v -0.104252 0.495945 -0.046922
v -0.103968 0.495984 -0.047448
v -0.102940 0.485089 -0.049419
v -0.104188 0.506687 -0.046462
v -0.103923 0.511281 -0.046595
v -0.102588 0.581185 -0.038960
v -0.103865 0.492075 -0.046332
v -0.104084 0.495868 -0.046352
v -0.103587 0.488373 -0.046825
v -0.103699 0.555452 -0.042771
v -0.103541 0.563398 -0.041627
v -0.102731 0.488643 -0.048908
v -0.102908 0.492270 -0.048361
v -0.103493 0.484832 -0.047862
v -0.103310 0.495975 -0.047789
v -0.104201 0.502587 -0.046223
v -0.103975 0.502558 -0.045670
v -0.103496 0.506640 -0.044980
v -0.103669 0.547899 -0.043713
v -0.103178 0.516237 -0.044339
v -0.103516 0.527722 -0.045791
v -0.103545 0.540585 -0.042848
v -0.103644 0.547699 -0.042089
v -0.102823 0.590948 -0.036015
v -0.102498 0.590985 -0.036681
v -0.103506 0.516347 -0.046528
v -0.103332 0.533885 -0.043456
v -0.103591 0.555222 -0.041155
v -0.102950 0.571908 -0.040303
v -0.102739 0.590851 -0.035430
v -0.104144 0.499017 -0.046557
v -0.103888 0.499058 -0.047097
v -0.103411 0.571622 -0.038152
v -0.103095 0.580889 -0.036467
v -0.103972 0.502629 -0.046775
v -0.103947 0.498970 -0.045994
v -0.103487 0.540761 -0.044474
v -0.103588 0.506745 -0.046894
v -0.103355 0.502551 -0.045262
v -0.103510 0.495775 -0.045891
v -0.103040 0.527603 -0.043936
v -0.102879 0.511239 -0.044620
v -0.101852 0.590953 -0.037249
v -0.103352 0.563142 -0.040023
v -0.103246 0.499080 -0.047468
v -0.103348 0.498928 -0.045558
v -0.103350 0.502674 -0.047177
v -0.103086 0.521847 -0.046190
v -0.103096 0.511349 -0.046823
v -0.102692 0.484888 -0.048897
v -0.103190 0.534041 -0.045078
v -0.103027 0.491929 -0.046158
v -0.102895 0.484794 -0.048327
v -0.102705 0.521744 -0.044312
v -0.102269 0.590720 -0.035083
v -0.102453 0.495920 -0.047854
v -0.102643 0.506681 -0.044869
v -0.103251 0.555390 -0.042379
v -0.103075 0.563319 -0.041261
v -0.101854 0.581078 -0.038934
v -0.103242 0.547851 -0.043296
v -0.103232 0.547777 -0.042702
v -0.103103 0.540660 -0.043439
v -0.102742 0.488236 -0.047003
v -0.102748 0.506802 -0.047079
v -0.103212 0.555305 -0.041787
v -0.102115 0.488435 -0.048528
v -0.102071 0.492123 -0.048187
v -0.102860 0.533958 -0.044024
v -0.102482 0.571808 -0.039943
v -0.102684 0.495690 -0.045663
v -0.102507 0.502568 -0.045110
v -0.102647 0.516406 -0.046503
v -0.102363 0.516311 -0.044608
v -0.102815 0.527744 -0.045550
v -0.103082 0.540725 -0.044034
v -0.102748 0.571643 -0.038701
v -0.102293 0.580822 -0.036775
v -0.101057 0.590859 -0.037568
v -0.102509 0.498904 -0.045366
v -0.102502 0.502710 -0.047321
v -0.103006 0.563225 -0.040673
v -0.102540 0.527675 -0.044479
v -0.102391 0.499079 -0.047572
v -0.102051 0.511308 -0.044848
v -0.102808 0.534015 -0.044618
v -0.102239 0.511403 -0.046755
v -0.102398 0.521874 -0.045914
v -0.102408 0.571711 -0.039357
v -0.101539 0.590590 -0.035067
v -0.102178 0.521815 -0.044829
v -0.102174 0.491828 -0.046280
v -0.101385 0.580961 -0.038581
v -0.101892 0.488272 -0.047986
v -0.101626 0.495835 -0.047626
v -0.102122 0.488200 -0.047428
v -0.101804 0.506738 -0.045055
v -0.102458 0.527727 -0.045070
v -0.100915 0.600954 -0.034620
v -0.100598 0.600980 -0.035290
v -0.101474 0.491970 -0.047765
v -0.101895 0.506843 -0.046969
v -0.101639 0.580813 -0.037334
v -0.100826 0.600857 -0.034035
v -0.101811 0.516380 -0.045098
v -0.101827 0.495635 -0.045728
v -0.101659 0.502603 -0.045254
v -0.101975 0.516435 -0.046192
v -0.100327 0.590729 -0.037552
v -0.102066 0.521862 -0.045416
v -0.101654 0.498903 -0.045470
v -0.101654 0.502726 -0.047169
v -0.099960 0.600928 -0.035866
v -0.101306 0.580863 -0.037996
v -0.101552 0.499054 -0.047380
v -0.101474 0.511373 -0.045309
v -0.100744 0.590496 -0.035385
v -0.100355 0.600715 -0.033694
v -0.101582 0.511428 -0.046410
v -0.101533 0.491800 -0.046663
v -0.101668 0.516425 -0.045678
v -0.101277 0.491852 -0.047207
v -0.101053 0.495741 -0.047165
v -0.101204 0.506796 -0.045487
v -0.101256 0.506856 -0.046592
v -0.099857 0.590597 -0.037204
v -0.099172 0.600812 -0.036195
v -0.101168 0.495626 -0.046069
v -0.101037 0.502648 -0.045656
v -0.101302 0.511417 -0.045881
v -0.101012 0.498925 -0.045841
v -0.101034 0.502719 -0.046762
v -0.100098 0.590463 -0.035954
v -0.100953 0.499013 -0.046944
v -0.099628 0.600566 -0.033686
v -0.100885 0.495665 -0.046596
v -0.101003 0.506839 -0.046050
v -0.099773 0.590500 -0.036620
v -0.100808 0.502690 -0.046208
v -0.100756 0.498966 -0.046381
v -0.098445 0.600663 -0.036187
v -0.098729 0.611037 -0.033276
v -0.098420 0.611053 -0.033951
v -0.098635 0.610940 -0.032693
v -0.098840 0.600450 -0.034015
v -0.097790 0.610985 -0.034535
v -0.098163 0.610790 -0.032356
v -0.097975 0.600521 -0.035846
v -0.098203 0.600398 -0.034591
v -0.097009 0.610850 -0.034872
v -0.097886 0.600424 -0.035261
v -0.097440 0.610625 -0.032357
v -0.096286 0.610686 -0.034873
v -0.096659 0.610491 -0.032695
v -0.096342 0.621007 -0.032017
v -0.096041 0.621014 -0.032695
v -0.096243 0.620912 -0.031434
v -0.095814 0.610535 -0.034537
v -0.095420 0.620931 -0.033286
v -0.096029 0.610422 -0.033279
v -0.095770 0.620754 -0.031103
v -0.095720 0.610439 -0.033953
v -0.094646 0.620780 -0.033633
v -0.095050 0.620575 -0.031111
v -0.093926 0.620602 -0.033641
v -0.094276 0.620425 -0.031458
v -0.093830 0.630674 -0.030873
v -0.093538 0.630671 -0.031554
v -0.093453 0.620444 -0.033310
v -0.093726 0.630580 -0.030291
v -0.092926 0.630574 -0.032153
v -0.093655 0.620341 -0.032049
v -0.093354 0.620348 -0.032727
v -0.093251 0.630416 -0.029964
v -0.092159 0.630407 -0.032508
v -0.092535 0.630225 -0.029980
v -0.091442 0.630216 -0.032524
v -0.091768 0.630058 -0.030335
v -0.090968 0.630052 -0.032197
v -0.091271 0.639845 -0.029875
v -0.090987 0.639833 -0.030561
v -0.091160 0.639755 -0.029294
v -0.091156 0.629961 -0.030934
v -0.090384 0.639720 -0.031166
v -0.090863 0.629959 -0.031615
v -0.090684 0.639585 -0.028972
v -0.089625 0.639538 -0.031529
v -0.089971 0.639382 -0.028996
v -0.088912 0.639335 -0.031553
v -0.089212 0.639199 -0.029359
v -0.088436 0.639165 -0.031231
v -0.088738 0.648331 -0.029056
v -0.088464 0.648306 -0.029745
v -0.088609 0.639087 -0.029964
v -0.088621 0.648245 -0.028475
v -0.087872 0.648177 -0.030357
v -0.088326 0.639074 -0.030650
v -0.088145 0.648070 -0.028158
v -0.087121 0.647977 -0.030729
v -0.087436 0.647854 -0.028189
v -0.086412 0.647762 -0.030760
v -0.086684 0.647655 -0.028561
v -0.085935 0.647587 -0.030442
v -0.086310 0.655942 -0.028447
v -0.086047 0.655901 -0.029140
v -0.086185 0.655862 -0.027867
v -0.086092 0.647525 -0.029173
v -0.085467 0.655750 -0.029758
v -0.085818 0.647501 -0.029862
v -0.085707 0.655683 -0.027554
v -0.084726 0.655530 -0.030138
v -0.085003 0.655453 -0.027593
v -0.084021 0.655299 -0.030176
v -0.084262 0.655233 -0.027972
v -0.083543 0.655120 -0.029864
v -0.084058 0.662491 -0.028080
v -0.083809 0.662426 -0.028776
v -0.083925 0.662423 -0.027500
v -0.083682 0.655082 -0.028591
v -0.083246 0.662244 -0.029401
v -0.083419 0.655041 -0.029283
v -0.083445 0.662240 -0.027192
v -0.082518 0.661996 -0.029789
v -0.082748 0.661990 -0.027237
v -0.081820 0.661746 -0.029834
v -0.082020 0.661742 -0.027625
v -0.082060 0.667783 -0.027988
v -0.081828 0.667692 -0.028686
v -0.081341 0.661563 -0.029526
v -0.081918 0.667726 -0.027409
v -0.081282 0.667476 -0.029317
v -0.081456 0.661560 -0.028250
v -0.081208 0.661495 -0.028946
v -0.081438 0.667535 -0.027105
v -0.080570 0.667194 -0.029712
v -0.080750 0.667262 -0.027157
v -0.079883 0.666922 -0.029764
v -0.081136 0.670045 -0.027980
v -0.080917 0.669942 -0.028695
v -0.080039 0.666980 -0.027552
v -0.080981 0.669983 -0.027393
v -0.079403 0.666731 -0.029460
v -0.080383 0.669704 -0.029347
v -0.079493 0.666765 -0.028183
v -0.080494 0.669774 -0.027093
v -0.079261 0.666673 -0.028881
v -0.079676 0.669393 -0.029763
v -0.080197 0.672169 -0.027960
v -0.079988 0.672067 -0.028692
v -0.080032 0.672096 -0.027366
v -0.079460 0.671816 -0.029366
v -0.079804 0.669474 -0.027160
v -0.078987 0.669093 -0.029829
v -0.079538 0.671866 -0.027070
v -0.078757 0.671484 -0.029802
v -0.079228 0.674209 -0.027933
v -0.079029 0.674106 -0.028682
v -0.079097 0.669163 -0.027575
v -0.079053 0.674125 -0.027333
v -0.078510 0.673843 -0.029378
v -0.078499 0.668884 -0.029529
v -0.078846 0.671542 -0.027152
v -0.078065 0.671160 -0.029884
v -0.078551 0.673876 -0.027042
v -0.078563 0.668925 -0.028228
v -0.077810 0.673492 -0.029836
v -0.078344 0.668822 -0.028943
v -0.078220 0.676205 -0.027906
v -0.078033 0.676101 -0.028672
v -0.078142 0.671210 -0.027588
v -0.078034 0.676112 -0.027300
v -0.077523 0.675828 -0.029390
v -0.077571 0.670930 -0.029588
v -0.077858 0.673530 -0.027138
v -0.077116 0.673145 -0.029932
v -0.077615 0.670960 -0.028262
v -0.077525 0.675846 -0.027014
v -0.076826 0.675459 -0.029870
v -0.077406 0.670857 -0.028994
v -0.076991 0.678096 -0.028666
v -0.077166 0.678200 -0.027885
v -0.077158 0.673178 -0.027596
v -0.076615 0.672896 -0.029642
v -0.076489 0.677814 -0.029407
v -0.076968 0.678099 -0.027272
v -0.076829 0.675480 -0.027126
v -0.076130 0.675093 -0.029982
v -0.076639 0.672915 -0.028293
v -0.076440 0.672812 -0.029041
v -0.075796 0.677430 -0.029909
v -0.076449 0.677819 -0.026992
v -0.076132 0.675110 -0.027605
v -0.075893 0.680131 -0.028672
v -0.076055 0.680236 -0.027874
v -0.075621 0.674827 -0.029696
v -0.075400 0.679842 -0.029435
v -0.075844 0.680129 -0.027255
v -0.075096 0.677047 -0.030037
v -0.075750 0.677436 -0.027120
v -0.075622 0.674837 -0.028324
v -0.075435 0.674734 -0.029089
v -0.074708 0.679447 -0.029959
v -0.075315 0.679839 -0.026981
v -0.074578 0.676768 -0.029757
v -0.075056 0.677052 -0.027621
v -0.074730 0.682251 -0.028694
v -0.074879 0.682356 -0.027880
v -0.074245 0.681958 -0.029480
v -0.074652 0.682245 -0.027256
v -0.074003 0.679052 -0.030104
v -0.074610 0.679443 -0.027126
v -0.074379 0.676666 -0.029144
v -0.074555 0.676771 -0.028362
v -0.073554 0.681555 -0.030026
v -0.074111 0.681948 -0.026988
v -0.073474 0.678761 -0.029830
v -0.073918 0.679048 -0.027650
v -0.073491 0.684500 -0.028739
v -0.073626 0.684606 -0.027909
v -0.073014 0.684204 -0.029547
v -0.072842 0.681150 -0.030188
v -0.073384 0.684492 -0.027279
v -0.073399 0.681543 -0.027150
v -0.073263 0.678654 -0.029211
v -0.073425 0.678759 -0.028413
v -0.072323 0.683796 -0.030116
v -0.072828 0.684190 -0.027019
v -0.072301 0.680852 -0.029920
v -0.072708 0.681140 -0.027696
v -0.072166 0.686923 -0.028811
v -0.072287 0.687028 -0.027965
v -0.071603 0.683386 -0.030295
v -0.071696 0.686625 -0.029641
v -0.072074 0.680741 -0.029296
v -0.072223 0.680847 -0.028482
v -0.072108 0.683780 -0.027197
v -0.072027 0.686913 -0.027331
v -0.071004 0.686215 -0.030234
v -0.071047 0.683084 -0.030034
v -0.071456 0.686609 -0.027078
v -0.071417 0.683372 -0.027767
v -0.070275 0.685803 -0.030430
v -0.070804 0.682970 -0.029405
v -0.070744 0.689564 -0.028916
v -0.070850 0.689669 -0.028055
v -0.070940 0.683076 -0.028575
v -0.070281 0.689266 -0.029769
v -0.070727 0.686196 -0.027275
v -0.070573 0.689553 -0.027417
v -0.069588 0.688856 -0.030386
v -0.069704 0.685498 -0.030178
v -0.069986 0.689248 -0.027173
v -0.070035 0.685786 -0.027868
v -0.069444 0.685383 -0.029544
v -0.068848 0.688443 -0.030601
v -0.069565 0.685489 -0.028698
v -0.069214 0.692467 -0.029061
v -0.069305 0.692572 -0.028185
v -0.068759 0.692171 -0.029937
v -0.069246 0.688835 -0.027387
v -0.069010 0.692456 -0.027543
v -0.068261 0.688138 -0.030356
v -0.068063 0.691763 -0.030577
v -0.068552 0.688425 -0.028004
v -0.068406 0.692152 -0.027307
v -0.067983 0.688023 -0.029718
v -0.067313 0.691351 -0.030811
v -0.068090 0.688128 -0.028857
v -0.067565 0.695678 -0.029251
v -0.067641 0.695782 -0.028360
v -0.067656 0.691741 -0.027541
v -0.067118 0.695384 -0.030149
v -0.067327 0.695667 -0.027715
v -0.066709 0.691047 -0.030575
v -0.066421 0.694978 -0.030814
v -0.066960 0.691332 -0.028182
v -0.066706 0.695364 -0.027488
v -0.066413 0.690931 -0.029933
v -0.066505 0.691036 -0.029057
v -0.065660 0.694569 -0.031067
v -0.065946 0.694955 -0.027742
v -0.065039 0.694266 -0.030841
v -0.065248 0.694549 -0.028406
v -0.064725 0.694151 -0.030196
v -0.064802 0.694255 -0.029304
v -0.104228 0.563323 -0.039544
v -0.105088 0.563275 -0.039813
v -0.105045 0.563217 -0.039581
v -0.104164 0.557464 -0.041297
v -0.104966 0.563365 -0.040074
v -0.104177 0.557524 -0.041515
v -0.103973 0.563420 -0.039764
v -0.104548 0.563245 -0.039426
v -0.104847 0.563206 -0.039439
v -0.103997 0.557447 -0.041144
v -0.104710 0.563462 -0.040293
v -0.104034 0.557611 -0.041740
v -0.103850 0.563510 -0.040024
v -0.103723 0.557479 -0.041098
v -0.103894 0.563568 -0.040257
v -0.104390 0.563540 -0.040412
v -0.103773 0.557703 -0.041911
v -0.103413 0.557551 -0.041170
v -0.104091 0.563579 -0.040399
v -0.103463 0.557774 -0.041983
v -0.103152 0.557642 -0.041341
v -0.103380 0.553128 -0.042643
v -0.103368 0.553189 -0.042843
v -0.103245 0.553108 -0.042485
v -0.103188 0.557806 -0.041937
v -0.103210 0.553273 -0.043031
v -0.102998 0.553133 -0.042411
v -0.103009 0.557730 -0.041566
v -0.103022 0.557790 -0.041784
v -0.102951 0.553360 -0.043157
v -0.102705 0.553197 -0.042440
v -0.102658 0.553424 -0.043187
v -0.102445 0.553284 -0.042566
v -0.102686 0.549904 -0.043675
v -0.102580 0.549881 -0.043516
v -0.102651 0.549964 -0.043854
v -0.102363 0.549901 -0.043420
v -0.102487 0.550045 -0.044006
v -0.102411 0.553449 -0.043112
v -0.102288 0.553368 -0.042754
v -0.102275 0.553429 -0.042954
v -0.102093 0.549958 -0.043413
v -0.102235 0.550124 -0.044090
v -0.101841 0.550038 -0.043496
v -0.102073 0.547488 -0.044448
v -0.101996 0.547464 -0.044293
v -0.102022 0.547545 -0.044606
v -0.101965 0.550182 -0.044082
v -0.101810 0.547478 -0.044182
v -0.101855 0.547618 -0.044723
v -0.101676 0.550118 -0.043648
v -0.101748 0.550201 -0.043986
v -0.101566 0.547528 -0.044144
v -0.101642 0.550178 -0.043827
v -0.101617 0.547689 -0.044770
v -0.101328 0.547598 -0.044190
v -0.101536 0.545578 -0.045020
v -0.101484 0.545554 -0.044872
v -0.101471 0.545627 -0.045155
v -0.101330 0.545563 -0.044752
v -0.101373 0.547738 -0.044732
v -0.101307 0.545689 -0.045242
v -0.101162 0.547672 -0.044308
v -0.101114 0.545601 -0.044691
v -0.101187 0.547753 -0.044621
v -0.101110 0.547729 -0.044465
v -0.101087 0.545747 -0.045257
v -0.100895 0.545659 -0.044706
v -0.101038 0.543845 -0.045311
v -0.101067 0.543866 -0.045448
v -0.100914 0.543848 -0.045188
v -0.100992 0.543904 -0.045561
v -0.100872 0.545785 -0.045197
v -0.100728 0.543873 -0.045112
v -0.100731 0.545721 -0.044793
v -0.100835 0.543950 -0.045621
v -0.100717 0.545794 -0.045076
v -0.100666 0.545770 -0.044929
v -0.100529 0.543914 -0.045102
v -0.100636 0.543991 -0.045612
v -0.100646 0.542022 -0.045669
v -0.100655 0.542039 -0.045792
v -0.100550 0.542019 -0.045549
v -0.100577 0.542066 -0.045884
v -0.100394 0.542032 -0.045464
v -0.100372 0.543960 -0.045162
v -0.100450 0.544016 -0.045535
v -0.100431 0.542095 -0.045920
v -0.100220 0.542056 -0.045436
v -0.100298 0.543998 -0.045276
v -0.100326 0.544019 -0.045412
v -0.100298 0.539771 -0.046006
v -0.100229 0.539764 -0.045893
v -0.100293 0.539784 -0.046112
v -0.100256 0.542119 -0.045892
v -0.100215 0.539802 -0.046182
v -0.100104 0.539767 -0.045805
v -0.100074 0.542085 -0.045472
v -0.100100 0.542132 -0.045807
v -0.100085 0.539818 -0.046199
v -0.099956 0.539778 -0.045763
v -0.099995 0.542112 -0.045564
v -0.100005 0.542129 -0.045686
v -0.099989 0.536783 -0.046378
v -0.099942 0.536775 -0.046277
v -0.099974 0.536795 -0.046466
v -0.099938 0.539829 -0.046158
v -0.099846 0.536772 -0.046191
v -0.099901 0.536806 -0.046517
v -0.099826 0.539795 -0.045780
v -0.099727 0.536775 -0.046142
v -0.099813 0.539832 -0.046069
v -0.099790 0.536814 -0.046518
v -0.099748 0.539812 -0.045851
v -0.099710 0.532756 -0.046844
v -0.099682 0.532748 -0.046759
v -0.099743 0.539826 -0.045957
v -0.099689 0.532765 -0.046913
v -0.099616 0.536783 -0.046143
v -0.099613 0.532742 -0.046680
v -0.099671 0.536817 -0.046469
v -0.099625 0.532771 -0.046947
v -0.099522 0.532740 -0.046629
v -0.099544 0.536795 -0.046195
v -0.099575 0.536814 -0.046383
v -0.099536 0.532775 -0.046937
v -0.099528 0.536806 -0.046282
v -0.099433 0.532744 -0.046619
v -0.099441 0.527377 -0.047394
v -0.099454 0.527384 -0.047461
v -0.099396 0.527370 -0.047328
v -0.099431 0.527391 -0.047512
v -0.099445 0.532773 -0.046886
v -0.099331 0.527367 -0.047281
v -0.099380 0.527395 -0.047532
v -0.099369 0.532750 -0.046654
v -0.099376 0.532768 -0.046808
v -0.099264 0.527367 -0.047266
v -0.099313 0.527395 -0.047516
v -0.099348 0.532759 -0.046723
v -0.099213 0.520363 -0.048289
v -0.099194 0.520368 -0.048322
v -0.099210 0.520358 -0.048242
v -0.099185 0.520352 -0.048193
v -0.099213 0.527372 -0.047286
v -0.099248 0.527392 -0.047470
v -0.099145 0.520349 -0.048156
v -0.099157 0.520370 -0.048332
v -0.099191 0.527378 -0.047337
v -0.099204 0.527386 -0.047404
v -0.099100 0.520348 -0.048140
v -0.099112 0.520369 -0.048316
v -0.099063 0.520350 -0.048149
v -0.099072 0.520365 -0.048278
v -0.099046 0.520360 -0.048229
v -0.099043 0.520355 -0.048182
v -0.097704 0.593275 -0.031847
v -0.097731 0.585206 -0.032680
v -0.097740 0.585197 -0.032602
v -0.097256 0.576864 -0.033612
v -0.097634 0.593279 -0.031911
v -0.097669 0.585213 -0.032730
v -0.097245 0.576873 -0.033674
v -0.097709 0.593266 -0.031751
v -0.097694 0.585189 -0.032515
v -0.097224 0.576858 -0.033541
v -0.097647 0.593254 -0.031651
v -0.097605 0.585182 -0.032444
v -0.097156 0.576856 -0.033479
v -0.097244 0.601045 -0.031157
v -0.097167 0.601044 -0.031238
v -0.097243 0.601035 -0.031046
v -0.097517 0.593276 -0.031928
v -0.097571 0.585216 -0.032737
v -0.097193 0.576882 -0.033709
v -0.097535 0.593243 -0.031573
v -0.097163 0.601019 -0.030934
v -0.097032 0.601034 -0.031267
v -0.097497 0.585181 -0.032407
v -0.097072 0.576858 -0.033444
v -0.097384 0.593268 -0.031892
v -0.097463 0.585214 -0.032700
v -0.097115 0.576889 -0.033709
v -0.097402 0.593234 -0.031537
v -0.097026 0.601000 -0.030851
v -0.096875 0.601018 -0.031236
v -0.097398 0.585184 -0.032414
v -0.096994 0.576865 -0.033444
v -0.097271 0.593256 -0.031814
v -0.097374 0.585208 -0.032629
v -0.097031 0.576892 -0.033674
v -0.097285 0.593231 -0.031554
v -0.097337 0.585190 -0.032464
v -0.096943 0.576874 -0.033479
v -0.096869 0.600983 -0.030820
v -0.097209 0.593244 -0.031714
v -0.097328 0.585199 -0.032542
v -0.096964 0.576889 -0.033612
v -0.096738 0.600998 -0.031153
v -0.097214 0.593235 -0.031619
v -0.096932 0.576883 -0.033541
v -0.096734 0.600973 -0.030849
v -0.096658 0.600982 -0.031041
v -0.096430 0.608478 -0.030597
v -0.096349 0.608473 -0.030696
v -0.096420 0.608468 -0.030470
v -0.096657 0.600973 -0.030930
v -0.096321 0.608446 -0.030348
v -0.096197 0.608455 -0.030739
v -0.096160 0.608418 -0.030264
v -0.096017 0.608429 -0.030715
v -0.095979 0.608391 -0.030241
v -0.095855 0.608400 -0.030632
v -0.095828 0.608373 -0.030284
v -0.095756 0.608378 -0.030510
v -0.095746 0.608368 -0.030382
v -0.095343 0.615539 -0.030151
v -0.095259 0.615530 -0.030268
v -0.095323 0.615527 -0.030009
v -0.095093 0.615503 -0.030328
v -0.095204 0.615498 -0.029880
v -0.094890 0.615466 -0.030315
v -0.095017 0.615460 -0.029797
v -0.094703 0.615428 -0.030233
v -0.094814 0.615423 -0.029784
v -0.094584 0.615399 -0.030103
v -0.094648 0.615396 -0.029844
v -0.094563 0.615387 -0.029961
v -0.094063 0.622191 -0.029805
v -0.093979 0.622178 -0.029941
v -0.094031 0.622177 -0.029649
v -0.093800 0.622143 -0.030019
v -0.093890 0.622140 -0.029514
v -0.093575 0.622094 -0.030020
v -0.093678 0.622091 -0.029436
v -0.093363 0.622045 -0.029942
v -0.093453 0.622042 -0.029437
v -0.093222 0.622009 -0.029807
v -0.093274 0.622007 -0.029515
v -0.093190 0.621995 -0.029651
v -0.092671 0.628397 -0.029543
v -0.092588 0.628382 -0.029698
v -0.092624 0.628380 -0.029374
v -0.092398 0.628339 -0.029798
v -0.092461 0.628335 -0.029235
v -0.092152 0.628279 -0.029815
v -0.092224 0.628275 -0.029166
v -0.091916 0.628219 -0.029745
v -0.091978 0.628215 -0.029183
v -0.091752 0.628174 -0.029606
v -0.091788 0.628172 -0.029282
v -0.091706 0.628157 -0.029437
v -0.091246 0.634120 -0.029350
v -0.091167 0.634104 -0.029525
v -0.091184 0.634099 -0.029169
v -0.090968 0.634054 -0.029647
v -0.090997 0.634046 -0.029031
v -0.090703 0.633984 -0.029683
v -0.090736 0.633976 -0.028971
v -0.090441 0.633913 -0.029624
v -0.090470 0.633906 -0.029008
v -0.090255 0.633860 -0.029485
v -0.090271 0.633856 -0.029129
v -0.090192 0.633839 -0.029304
v -0.089871 0.639323 -0.029212
v -0.089797 0.639306 -0.029407
v -0.089791 0.639298 -0.029021
v -0.089591 0.639251 -0.029553
v -0.089580 0.639238 -0.028884
v -0.089307 0.639174 -0.029611
v -0.089294 0.639158 -0.028839
v -0.089021 0.639094 -0.029566
v -0.089010 0.639081 -0.028897
v -0.088810 0.639034 -0.029429
v -0.088804 0.639026 -0.029043
v -0.088730 0.639009 -0.029237
v -0.088560 0.643950 -0.029329
v -0.088625 0.643966 -0.029114
v -0.088347 0.643894 -0.029500
v -0.088527 0.643937 -0.028914
v -0.088045 0.643813 -0.029583
v -0.088290 0.643872 -0.028782
v -0.087734 0.643728 -0.029554
v -0.087979 0.643787 -0.028753
v -0.087498 0.643662 -0.029422
v -0.087677 0.643706 -0.028836
v -0.087399 0.643633 -0.029222
v -0.087465 0.643649 -0.029007
v -0.087535 0.647995 -0.029275
v -0.087592 0.648008 -0.029041
v -0.087318 0.647942 -0.029473
v -0.087472 0.647977 -0.028834
v -0.086999 0.647863 -0.029582
v -0.087209 0.647911 -0.028709
v -0.086662 0.647780 -0.029573
v -0.086872 0.647828 -0.028700
v -0.086399 0.647714 -0.029449
v -0.086553 0.647749 -0.028809
v -0.086805 0.651398 -0.029230
v -0.086850 0.651406 -0.028977
v -0.086585 0.651355 -0.029457
v -0.086279 0.647684 -0.029241
v -0.086336 0.647696 -0.029007
v -0.086708 0.651377 -0.028765
v -0.086248 0.651289 -0.029595
v -0.086416 0.651319 -0.028650
v -0.085885 0.651217 -0.029609
v -0.086053 0.651248 -0.028664
v -0.085594 0.651159 -0.029494
v -0.085717 0.651181 -0.028803
v -0.085451 0.651130 -0.029282
v -0.085496 0.651138 -0.029029
usemtl Common_fibular_nerve_rMaterial0
f 1 2 3
f 4 2 1
f 3 2 5
f 6 5 2
f 6 2 4
f 7 1 3
f 4 1 7
f 3 5 8
f 8 5 9
f 10 9 5
f 10 5 6
f 11 3 8
f 7 3 11
f 12 9 13
f 14 13 9
f 8 9 12
f 14 9 10
f 12 13 15
f 15 13 16
f 17 16 13
f 17 13 14
f 18 8 12
f 11 8 18
f 19 12 15
f 18 12 19
f 15 16 20
f 20 16 21
f 22 21 16
f 22 16 17
f 23 15 20
f 19 15 23
f 24 20 21
f 24 21 22
f 23 20 24
f 25 6 4
f 26 10 6
f 26 6 25
f 27 4 7
f 25 4 27
f 28 14 10
f 28 10 26
f 29 7 11
f 27 7 29
f 30 17 14
f 30 14 28
f 31 11 18
f 29 11 31
f 32 22 17
f 32 17 30
f 33 18 19
f 31 18 33
f 34 24 22
f 34 22 32
f 35 19 23
f 33 19 35
f 36 23 24
f 36 24 34
f 35 23 36
f 37 26 25
f 38 25 27
f 37 25 38
f 39 28 26
f 39 26 37
f 40 27 29
f 38 27 40
f 41 30 28
f 41 28 39
f 42 29 31
f 40 29 42
f 43 32 30
f 43 30 41
f 44 31 33
f 42 31 44
f 45 34 32
f 45 32 43
f 46 33 35
f 44 33 46
f 47 36 34
f 47 34 45
f 48 35 36
f 46 35 48
f 48 36 47
f 49 37 38
f 50 39 37
f 50 37 49
f 51 38 40
f 49 38 51
f 52 41 39
f 52 39 50
f 53 40 42
f 51 40 53
f 54 43 41
f 54 41 52
f 55 42 44
f 53 42 55
f 56 45 43
f 56 43 54
f 57 44 46
f 55 44 57
f 58 47 45
f 58 45 56
f 59 46 48
f 57 46 59
f 60 48 47
f 60 47 58
f 59 48 60
f 61 50 49
f 62 49 51
f 61 49 62
f 63 52 50
f 63 50 61
f 64 51 53
f 62 51 64
f 65 54 52
f 65 52 63
f 66 53 55
f 64 53 66
f 67 56 54
f 67 54 65
f 68 55 57
f 66 55 68
f 69 58 56
f 69 56 67
f 70 57 59
f 68 57 70
f 71 60 58
f 71 58 69
f 72 59 60
f 70 59 72
f 72 60 71
f 73 61 62
f 74 62 64
f 73 62 74
f 75 63 61
f 75 61 73
f 76 64 66
f 74 64 76
f 77 65 63
f 77 63 75
f 78 66 68
f 76 66 78
f 79 67 65
f 79 65 77
f 80 68 70
f 78 68 80
f 81 69 67
f 81 67 79
f 82 70 72
f 80 70 82
f 83 71 69
f 83 69 81
f 84 72 71
f 82 72 84
f 84 71 83
f 85 73 74
f 86 75 73
f 86 73 85
f 87 74 76
f 85 74 87
f 88 77 75
f 88 75 86
f 89 76 78
f 87 76 89
f 90 79 77
f 90 77 88
f 91 78 80
f 89 78 91
f 92 81 79
f 92 79 90
f 93 80 82
f 91 80 93
f 94 83 81
f 94 81 92
f 95 82 84
f 93 82 95
f 96 84 83
f 96 83 94
f 95 84 96
f 97 85 87
f 98 86 85
f 98 85 97
f 99 87 89
f 97 87 99
f 100 88 86
f 100 86 98
f 101 89 91
f 99 89 101
f 102 90 88
f 102 88 100
f 103 91 93
f 101 91 103
f 104 92 90
f 104 90 102
f 105 93 95
f 103 93 105
f 106 94 92
f 106 92 104
f 107 95 96
f 105 95 107
f 108 96 94
f 108 94 106
f 107 96 108
f 109 97 99
f 110 98 97
f 110 97 109
f 111 99 101
f 109 99 111
f 112 100 98
f 112 98 110
f 113 101 103
f 111 101 113
f 114 102 100
f 114 100 112
f 115 103 105
f 113 103 115
f 116 104 102
f 116 102 114
f 117 105 107
f 115 105 117
f 118 106 104
f 118 104 116
f 119 107 108
f 117 107 119
f 120 108 106
f 120 106 118
f 119 108 120
f 121 109 111
f 122 110 109
f 122 109 121
f 123 111 113
f 121 111 123
f 124 112 110
f 124 110 122
f 125 113 115
f 123 113 125
f 126 114 112
f 126 112 124
f 127 115 117
f 125 115 127
f 128 116 114
f 128 114 126
f 129 117 119
f 127 117 129
f 130 118 116
f 130 116 128
f 131 119 120
f 129 119 131
f 132 120 118
f 132 118 130
f 131 120 132
f 133 121 123
f 134 122 121
f 134 121 133
f 135 123 125
f 133 123 135
f 136 124 122
f 136 122 134
f 137 125 127
f 135 125 137
f 138 126 124
f 138 124 136
f 139 127 129
f 137 127 139
f 140 128 126
f 140 126 138
f 141 129 131
f 139 129 141
f 142 130 128
f 142 128 140
f 143 131 132
f 141 131 143
f 144 132 130
f 144 130 142
f 143 132 144
f 145 133 135
f 146 134 133
f 146 133 145
f 147 135 137
f 145 135 147
f 148 136 134
f 148 134 146
f 149 137 139
f 147 137 149
f 150 138 136
f 150 136 148
f 151 139 141
f 149 139 151
f 152 140 138
f 152 138 150
f 153 141 143
f 151 141 153
f 154 142 140
f 154 140 152
f 155 143 144
f 153 143 155
f 156 144 142
f 156 142 154
f 155 144 156
f 147 155 145
f 145 156 146
f 145 155 156
f 149 153 147
f 147 153 155
f 146 154 148
f 146 156 154
f 149 151 153
f 148 152 150
f 148 154 152
f 157 158 159
f 160 159 158
f 161 158 157
f 162 158 161
f 160 158 162
f 157 159 163
f 163 159 164
f 165 164 159
f 165 159 160
f 166 161 157
f 162 161 166
f 167 157 163
f 166 157 167
f 163 164 168
f 168 164 169
f 170 169 164
f 170 164 165
f 171 163 168
f 167 163 171
f 168 169 172
f 172 169 173
f 174 173 169
f 174 169 170
f 175 168 172
f 171 168 175
f 176 173 177
f 178 177 173
f 172 173 176
f 178 173 174
f 179 176 177
f 179 177 178
f 180 172 176
f 175 172 180
f 180 176 179
f 181 160 162
f 182 162 166
f 181 162 182
f 183 165 160
f 183 160 181
f 184 166 167
f 182 166 184
f 185 170 165
f 185 165 183
f 186 167 171
f 184 167 186
f 187 174 170
f 187 170 185
f 188 171 175
f 186 171 188
f 189 178 174
f 189 174 187
f 190 175 180
f 188 175 190
f 191 179 178
f 191 178 189
f 192 180 179
f 190 180 192
f 192 179 191
f 193 181 182
f 194 183 181
f 194 181 193
f 195 182 184
f 193 182 195
f 196 185 183
f 196 183 194
f 197 184 186
f 195 184 197
f 198 187 185
f 198 185 196
f 199 186 188
f 197 186 199
f 200 189 187
f 200 187 198
f 201 188 190
f 199 188 201
f 202 191 189
f 202 189 200
f 203 190 192
f 201 190 203
f 204 192 191
f 204 191 202
f 203 192 204
f 205 193 195
f 206 194 193
f 206 193 205
f 207 195 197
f 205 195 207
f 208 196 194
f 208 194 206
f 209 197 199
f 207 197 209
f 210 198 196
f 210 196 208
f 211 199 201
f 209 199 211
f 212 200 198
f 212 198 210
f 213 201 203
f 211 201 213
f 214 202 200
f 214 200 212
f 215 203 204
f 213 203 215
f 216 204 202
f 216 202 214
f 215 204 216
f 217 206 205
f 218 205 207
f 217 205 218
f 219 208 206
f 219 206 217
f 220 207 209
f 218 207 220
f 221 210 208
f 221 208 219
f 222 209 211
f 220 209 222
f 223 212 210
f 223 210 221
f 224 211 213
f 222 211 224
f 225 214 212
f 225 212 223
f 226 213 215
f 224 213 226
f 227 216 214
f 227 214 225
f 228 215 216
f 226 215 228
f 228 216 227
f 229 217 218
f 230 218 220
f 229 218 230
f 231 219 217
f 231 217 229
f 232 220 222
f 230 220 232
f 233 221 219
f 233 219 231
f 234 222 224
f 232 222 234
f 235 223 221
f 235 221 233
f 236 224 226
f 234 224 236
f 237 225 223
f 237 223 235
f 238 226 228
f 236 226 238
f 239 227 225
f 239 225 237
f 240 228 227
f 238 228 240
f 240 227 239
f 241 229 230
f 242 231 229
f 242 229 241
f 243 230 232
f 241 230 243
f 244 233 231
f 244 231 242
f 245 232 234
f 243 232 245
f 246 235 233
f 246 233 244
f 247 234 236
f 245 234 247
f 248 237 235
f 248 235 246
f 249 236 238
f 247 236 249
f 250 239 237
f 250 237 248
f 251 238 240
f 249 238 251
f 252 240 239
f 252 239 250
f 251 240 252
f 253 241 243
f 254 242 241
f 254 241 253
f 255 243 245
f 253 243 255
f 256 244 242
f 256 242 254
f 257 245 247
f 255 245 257
f 258 246 244
f 258 244 256
f 259 247 249
f 257 247 259
f 260 248 246
f 260 246 258
f 261 249 251
f 259 249 261
f 262 250 248
f 262 248 260
f 263 251 252
f 261 251 263
f 264 252 250
f 264 250 262
f 263 252 264
f 265 254 253
f 266 253 255
f 265 253 266
f 267 256 254
f 267 254 265
f 268 255 257
f 266 255 268
f 269 258 256
f 269 256 267
f 270 257 259
f 268 257 270
f 271 260 258
f 271 258 269
f 272 259 261
f 270 259 272
f 273 262 260
f 273 260 271
f 274 261 263
f 272 261 274
f 275 264 262
f 275 262 273
f 276 263 264
f 274 263 276
f 276 264 275
f 277 265 266
f 278 266 268
f 277 266 278
f 279 267 265
f 279 265 277
f 280 268 270
f 278 268 280
f 281 269 267
f 281 267 279
f 282 270 272
f 280 270 282
f 283 271 269
f 283 269 281
f 284 272 274
f 282 272 284
f 285 273 271
f 285 271 283
f 286 274 276
f 284 274 286
f 287 275 273
f 287 273 285
f 288 276 275
f 286 276 288
f 288 275 287
f 289 277 278
f 290 278 280
f 289 278 290
f 291 279 277
f 291 277 289
f 292 280 282
f 290 280 292
f 293 281 279
f 293 279 291
f 294 282 284
f 292 282 294
f 295 283 281
f 295 281 293
f 296 284 286
f 294 284 296
f 297 285 283
f 297 283 295
f 298 286 288
f 296 286 298
f 299 287 285
f 299 285 297
f 300 288 287
f 298 288 300
f 300 287 299
f 301 289 290
f 302 291 289
f 302 289 301
f 303 290 292
f 301 290 303
f 304 293 291
f 304 291 302
f 305 292 294
f 303 292 305
f 306 295 293
f 306 293 304
f 307 294 296
f 305 294 307
f 308 297 295
f 308 295 306
f 309 296 298
f 307 296 309
f 310 299 297
f 310 297 308
f 311 298 300
f 309 298 311
f 312 300 299
f 312 299 310
f 311 300 312
f 303 311 301
f 301 312 302
f 301 311 312
f 305 309 303
f 303 309 311
f 302 310 304
f 302 312 310
f 305 307 309
f 304 308 306
f 304 310 308
f 313 314 315
f 316 314 313
f 313 315 317
f 318 313 317
f 316 313 318
f 319 315 314
f 319 314 316
f 317 315 320
f 317 320 321
f 322 317 321
f 318 317 322
f 323 320 315
f 323 315 319
f 321 320 324
f 321 324 325
f 326 321 325
f 322 321 326
f 327 324 320
f 327 320 323
f 325 324 328
f 325 328 329
f 330 325 329
f 326 325 330
f 331 328 324
f 331 324 327
f 329 328 332
f 329 332 333
f 334 329 333
f 330 329 334
f 335 332 328
f 335 328 331
f 336 333 332
f 334 333 336
f 336 332 335
f 337 316 318
f 338 318 322
f 337 318 338
f 339 319 316
f 339 316 337
f 340 322 326
f 338 322 340
f 341 323 319
f 341 319 339
f 342 326 330
f 340 326 342
f 343 327 323
f 343 323 341
f 344 330 334
f 342 330 344
f 345 331 327
f 345 327 343
f 346 334 336
f 344 334 346
f 347 335 331
f 347 331 345
f 348 336 335
f 346 336 348
f 348 335 347
f 349 337 338
f 350 338 340
f 349 338 350
f 351 339 337
f 351 337 349
f 352 340 342
f 350 340 352
f 353 341 339
f 353 339 351
f 354 342 344
f 352 342 354
f 355 343 341
f 355 341 353
f 356 344 346
f 354 344 356
f 357 345 343
f 357 343 355
f 358 346 348
f 356 346 358
f 359 347 345
f 359 345 357
f 360 348 347
f 358 348 360
f 360 347 359
f 361 349 350
f 362 350 352
f 361 350 362
f 363 351 349
f 363 349 361
f 364 352 354
f 362 352 364
f 365 353 351
f 365 351 363
f 366 354 356
f 364 354 366
f 367 355 353
f 367 353 365
f 368 356 358
f 366 356 368
f 369 357 355
f 369 355 367
f 370 358 360
f 368 358 370
f 371 359 357
f 371 357 369
f 372 361 362
f 373 362 364
f 372 362 373
f 374 360 359
f 370 360 374
f 374 359 371
f 375 363 361
f 375 361 372
f 376 364 366
f 373 364 376
f 377 365 363
f 377 363 375
f 378 366 368
f 376 366 378
f 379 367 365
f 379 365 377
f 380 368 370
f 378 368 380
f 381 369 367
f 381 367 379
f 382 370 374
f 380 370 382
f 383 372 373
f 384 373 376
f 383 373 384
f 385 371 369
f 385 369 381
f 386 375 372
f 386 372 383
f 387 376 378
f 384 376 387
f 388 374 371
f 382 374 388
f 388 371 385
f 389 377 375
f 389 375 386
f 390 378 380
f 387 378 390
f 391 379 377
f 391 377 389
f 392 380 382
f 390 380 392
f 393 381 379
f 393 379 391
f 394 382 388
f 392 382 394
f 395 383 384
f 396 384 387
f 395 384 396
f 397 386 383
f 397 383 395
f 398 387 390
f 396 387 398
f 399 385 381
f 399 381 393
f 400 388 385
f 394 388 400
f 400 385 399
f 401 389 386
f 401 386 397
f 402 390 392
f 398 390 402
f 403 391 389
f 403 389 401
f 404 392 394
f 402 392 404
f 405 393 391
f 405 391 403
f 406 395 396
f 407 396 398
f 406 396 407
f 408 394 400
f 404 394 408
f 409 397 395
f 409 395 406
f 410 398 402
f 407 398 410
f 411 399 393
f 411 393 405
f 412 400 399
f 408 400 412
f 413 401 397
f 413 397 409
f 412 399 411
f 414 402 404
f 410 402 414
f 415 403 401
f 415 401 413
f 416 404 408
f 414 404 416
f 417 406 407
f 418 407 410
f 417 407 418
f 419 405 403
f 419 403 415
f 420 409 406
f 420 406 417
f 421 410 414
f 418 410 421
f 422 408 412
f 416 408 422
f 423 411 405
f 423 405 419
f 424 413 409
f 424 409 420
f 425 412 411
f 422 412 425
f 426 414 416
f 421 414 426
f 425 411 423
f 427 415 413
f 427 413 424
f 428 416 422
f 426 416 428
f 429 417 418
f 430 418 421
f 429 418 430
f 431 420 417
f 431 417 429
f 432 419 415
f 432 415 427
f 433 421 426
f 430 421 433
f 434 422 425
f 428 422 434
f 435 424 420
f 435 420 431
f 436 423 419
f 436 419 432
f 437 426 428
f 433 426 437
f 438 425 423
f 434 425 438
f 438 423 436
f 439 427 424
f 439 424 435
f 440 428 434
f 437 428 440
f 441 429 430
f 442 430 433
f 441 430 442
f 443 431 429
f 443 429 441
f 444 433 437
f 442 433 444
f 445 432 427
f 445 427 439
f 446 434 438
f 440 434 446
f 447 435 431
f 447 431 443
f 448 437 440
f 444 437 448
f 449 436 432
f 449 432 445
f 450 438 436
f 446 438 450
f 450 436 449
f 451 439 435
f 451 435 447
f 452 440 446
f 448 440 452
f 453 441 442
f 454 442 444
f 453 442 454
f 455 443 441
f 455 441 453
f 456 444 448
f 454 444 456
f 457 445 439
f 457 439 451
f 458 446 450
f 452 446 458
f 459 447 443
f 459 443 455
f 460 448 452
f 456 448 460
f 461 449 445
f 461 445 457
f 462 450 449
f 458 450 462
f 462 449 461
f 463 451 447
f 463 447 459
f 464 452 458
f 460 452 464
f 465 453 454
f 466 454 456
f 465 454 466
f 467 455 453
f 467 453 465
f 468 456 460
f 466 456 468
f 469 457 451
f 469 451 463
f 470 458 462
f 464 458 470
f 471 459 455
f 471 455 467
f 472 460 464
f 468 460 472
f 473 461 457
f 473 457 469
f 474 462 461
f 470 462 474
f 474 461 473
f 475 463 459
f 475 459 471
f 476 464 470
f 472 464 476
f 477 465 466
f 478 466 468
f 477 466 478
f 479 467 465
f 479 465 477
f 480 469 463
f 480 463 475
f 481 470 474
f 476 470 481
f 482 468 472
f 478 468 482
f 483 471 467
f 483 467 479
f 484 473 469
f 484 469 480
f 485 474 473
f 481 474 485
f 486 472 476
f 482 472 486
f 485 473 484
f 487 475 471
f 487 471 483
f 488 476 481
f 486 476 488
f 489 477 478
f 490 478 482
f 489 478 490
f 491 479 477
f 491 477 489
f 492 480 475
f 492 475 487
f 493 482 486
f 490 482 493
f 494 481 485
f 488 481 494
f 495 483 479
f 495 479 491
f 496 484 480
f 496 480 492
f 497 485 484
f 494 485 497
f 498 486 488
f 493 486 498
f 497 484 496
f 499 487 483
f 499 483 495
f 500 488 494
f 498 488 500
f 501 489 490
f 502 490 493
f 501 490 502
f 503 491 489
f 503 489 501
f 504 492 487
f 504 487 499
f 505 493 498
f 502 493 505
f 506 494 497
f 500 494 506
f 507 495 491
f 507 491 503
f 508 496 492
f 508 492 504
f 509 497 496
f 506 497 509
f 510 498 500
f 505 498 510
f 509 496 508
f 511 499 495
f 511 495 507
f 512 500 506
f 510 500 512
f 513 501 502
f 514 502 505
f 513 502 514
f 515 504 499
f 515 499 511
f 516 503 501
f 516 501 513
f 517 505 510
f 514 505 517
f 518 506 509
f 512 506 518
f 519 507 503
f 519 503 516
f 520 508 504
f 520 504 515
f 521 509 508
f 518 509 521
f 521 508 520
f 522 510 512
f 517 510 522
f 523 511 507
f 523 507 519
f 524 512 518
f 522 512 524
f 525 515 511
f 525 511 523
f 526 513 514
f 527 516 513
f 527 513 526
f 528 514 517
f 526 514 528
f 529 518 521
f 524 518 529
f 530 517 522
f 528 517 530
f 531 519 516
f 531 516 527
f 532 520 515
f 532 515 525
f 533 521 520
f 529 521 533
f 533 520 532
f 534 522 524
f 530 522 534
f 535 523 519
f 535 519 531
f 536 524 529
f 534 524 536
f 537 525 523
f 537 523 535
f 538 526 528
f 539 527 526
f 539 526 538
f 540 528 530
f 538 528 540
f 541 529 533
f 536 529 541
f 542 532 525
f 542 525 537
f 543 531 527
f 543 527 539
f 544 530 534
f 540 530 544
f 545 533 532
f 541 533 545
f 545 532 542
f 546 535 531
f 546 531 543
f 547 534 536
f 544 534 547
f 548 537 535
f 548 535 546
f 549 536 541
f 547 536 549
f 550 542 537
f 550 537 548
f 551 538 540
f 552 539 538
f 552 538 551
f 553 541 545
f 549 541 553
f 554 540 544
f 551 540 554
f 555 543 539
f 555 539 552
f 556 545 542
f 556 542 550
f 553 545 556
f 557 544 547
f 554 544 557
f 558 546 543
f 558 543 555
f 559 547 549
f 557 547 559
f 560 548 546
f 560 546 558
f 561 549 553
f 559 549 561
f 562 550 548
f 562 548 560
f 563 553 556
f 561 553 563
f 564 551 554
f 565 552 551
f 565 551 564
f 566 556 550
f 566 550 562
f 563 556 566
f 567 554 557
f 564 554 567
f 568 555 552
f 568 552 565
f 569 557 559
f 567 557 569
f 570 558 555
f 570 555 568
f 571 559 561
f 569 559 571
f 572 560 558
f 572 558 570
f 573 561 563
f 571 561 573
f 574 562 560
f 574 560 572
f 575 563 566
f 573 563 575
f 576 566 562
f 576 562 574
f 575 566 576
f 577 564 567
f 578 565 564
f 578 564 577
f 579 567 569
f 577 567 579
f 580 568 565
f 580 565 578
f 581 569 571
f 579 569 581
f 582 570 568
f 582 568 580
f 583 571 573
f 581 571 583
f 584 572 570
f 584 570 582
f 585 573 575
f 583 573 585
f 586 574 572
f 586 572 584
f 587 575 576
f 585 575 587
f 588 576 574
f 588 574 586
f 587 576 588
f 589 578 577
f 590 577 579
f 589 577 590
f 591 580 578
f 591 578 589
f 592 579 581
f 590 579 592
f 593 582 580
f 593 580 591
f 594 581 583
f 592 581 594
f 595 584 582
f 595 582 593
f 596 583 585
f 594 583 596
f 597 586 584
f 597 584 595
f 598 585 587
f 596 585 598
f 599 588 586
f 599 586 597
f 600 587 588
f 598 587 600
f 600 588 599
f 601 589 590
f 602 590 592
f 601 590 602
f 603 591 589
f 603 589 601
f 604 592 594
f 602 592 604
f 605 593 591
f 605 591 603
f 606 594 596
f 604 594 606
f 607 595 593
f 607 593 605
f 608 596 598
f 606 596 608
f 609 597 595
f 609 595 607
f 610 598 600
f 608 598 610
f 611 599 597
f 611 597 609
f 612 600 599
f 610 600 612
f 612 599 611
f 602 608 601
f 601 610 603
f 601 608 610
f 604 606 602
f 602 606 608
f 603 612 605
f 603 610 612
f 605 611 607
f 605 612 611
f 607 611 609
f 613 614 615
f 614 616 615
f 617 618 614
f 619 617 614
f 614 618 616
f 619 614 613
f 620 615 621
f 615 622 621
f 613 615 620
f 615 616 622
f 623 618 617
f 623 617 619
f 624 621 625
f 621 626 625
f 620 621 624
f 621 622 626
f 627 616 618
f 627 618 623
f 628 613 620
f 629 619 613
f 629 613 628
f 624 625 630
f 630 625 631
f 625 632 631
f 625 626 632
f 633 620 624
f 628 620 633
f 634 623 619
f 634 619 629
f 633 624 635
f 635 624 630
f 636 622 616
f 636 616 627
f 630 631 637
f 631 632 638
f 637 631 638
f 639 627 623
f 639 623 634
f 640 628 633
f 641 629 628
f 641 628 640
f 642 633 635
f 640 633 642
f 635 630 643
f 643 630 637
f 644 626 622
f 644 622 636
f 645 638 632
f 637 638 645
f 646 634 629
f 646 629 641
f 642 635 647
f 647 635 643
f 648 632 626
f 648 626 644
f 649 636 627
f 649 627 639
f 645 632 648
f 643 637 650
f 650 637 645
f 651 639 634
f 651 634 646
f 652 640 642
f 653 642 647
f 652 642 653
f 647 643 654
f 654 643 650
f 655 641 640
f 655 640 652
f 656 644 636
f 656 636 649
f 653 647 657
f 657 647 654
f 658 645 648
f 650 645 658
f 659 646 641
f 659 641 655
f 660 648 644
f 660 644 656
f 658 648 660
f 661 649 639
f 661 639 651
f 654 650 662
f 662 650 658
f 663 652 653
f 664 653 657
f 663 653 664
f 657 654 665
f 665 654 662
f 666 655 652
f 666 652 663
f 667 651 646
f 667 646 659
f 664 657 668
f 668 657 665
f 669 656 649
f 669 649 661
f 662 658 670
f 670 658 660
f 671 659 655
f 671 655 666
f 665 662 672
f 672 662 670
f 673 660 656
f 673 656 669
f 670 660 673
f 674 661 651
f 674 651 667
f 675 663 664
f 676 664 668
f 675 664 676
f 668 665 677
f 677 665 672
f 678 666 663
f 678 663 675
f 679 667 659
f 679 659 671
f 676 668 680
f 680 668 677
f 681 671 666
f 681 666 678
f 672 670 682
f 682 670 673
f 683 669 661
f 683 661 674
f 677 672 684
f 684 672 682
f 685 675 676
f 686 676 680
f 685 676 686
f 680 677 687
f 687 677 684
f 688 673 669
f 682 673 688
f 688 669 683
f 689 674 667
f 689 667 679
f 690 678 675
f 690 675 685
f 686 680 691
f 691 680 687
f 692 679 671
f 692 671 681
f 693 681 678
f 693 678 690
f 684 682 694
f 694 682 688
f 695 683 674
f 695 674 689
f 687 684 696
f 696 684 694
f 697 685 686
f 698 686 691
f 697 686 698
f 691 687 699
f 699 687 696
f 700 690 685
f 700 685 697
f 701 688 683
f 694 688 701
f 698 691 702
f 702 691 699
f 703 689 679
f 703 679 692
f 701 683 695
f 704 692 681
f 704 681 693
f 705 693 690
f 705 690 700
f 696 694 706
f 706 694 701
f 707 697 698
f 708 698 702
f 707 698 708
f 699 696 709
f 709 696 706
f 702 699 710
f 710 699 709
f 711 695 689
f 711 689 703
f 712 700 697
f 712 697 707
f 708 702 713
f 713 702 710
f 714 701 695
f 706 701 714
f 715 703 692
f 715 692 704
f 714 695 711
f 716 704 693
f 716 693 705
f 717 705 700
f 717 700 712
f 718 707 708
f 719 708 713
f 718 708 719
f 709 706 720
f 720 706 714
f 710 709 721
f 713 710 722
f 722 710 721
f 721 709 720
f 723 712 707
f 723 707 718
f 719 713 724
f 724 713 722
f 725 711 703
f 725 703 715
f 726 714 711
f 720 714 726
f 727 715 704
f 727 704 716
f 728 719 724
f 729 718 719
f 729 719 728
f 726 711 725
f 730 705 717
f 730 716 705
f 731 712 723
f 731 717 712
f 722 721 732
f 724 722 733
f 733 722 732
f 721 720 734
f 732 721 734
f 728 724 735
f 735 724 733
f 734 720 726
f 736 723 718
f 736 718 729
f 737 728 735
f 738 729 728
f 738 728 737
f 739 725 715
f 739 715 727
f 735 733 740
f 733 732 741
f 740 733 741
f 742 726 725
f 734 726 742
f 737 735 743
f 743 735 740
f 744 723 736
f 744 731 723
f 745 717 731
f 745 730 717
f 746 729 738
f 746 736 729
f 747 727 716
f 747 716 730
f 732 734 748
f 741 732 748
f 742 725 739
f 748 734 742
f 749 737 743
f 750 738 737
f 750 737 749
f 743 740 751
f 749 743 752
f 752 743 751
f 740 741 753
f 751 740 753
f 754 738 750
f 754 746 738
f 755 736 746
f 755 744 736
f 756 739 727
f 756 727 747
f 741 748 757
f 753 741 757
f 748 742 758
f 758 742 739
f 759 731 744
f 759 745 731
f 760 747 730
f 760 730 745
f 761 749 752
f 762 750 749
f 762 749 761
f 757 748 758
f 758 739 756
f 752 751 763
f 751 753 764
f 763 751 764
f 761 752 765
f 765 752 763
f 766 750 762
f 766 754 750
f 767 746 754
f 767 755 746
f 753 757 768
f 764 753 768
f 769 761 765
f 770 762 761
f 770 761 769
f 771 744 755
f 771 759 744
f 772 756 747
f 772 747 760
f 757 758 773
f 773 758 756
f 768 757 773
f 774 760 745
f 774 745 759
f 765 763 775
f 769 765 776
f 776 765 775
f 763 764 777
f 775 763 777
f 778 762 770
f 778 766 762
f 773 756 772
f 764 768 779
f 777 764 779
f 780 754 766
f 780 767 754
f 781 770 769
f 782 769 776
f 781 769 782
f 783 755 767
f 783 771 755
f 784 770 781
f 784 778 770
f 768 773 785
f 779 768 785
f 776 775 786
f 782 776 787
f 787 776 786
f 785 773 772
f 788 772 760
f 788 760 774
f 775 777 789
f 786 775 789
f 790 759 771
f 790 774 759
f 791 781 782
f 792 782 787
f 791 782 792
f 793 766 778
f 793 780 766
f 785 772 788
f 777 779 794
f 789 777 794
f 795 781 791
f 795 784 781
f 792 787 796
f 787 786 797
f 796 787 797
f 779 785 798
f 794 779 798
f 799 767 780
f 799 783 767
f 800 791 792
f 801 792 796
f 800 792 801
f 802 778 784
f 802 793 778
f 798 785 788
f 786 789 803
f 797 786 803
f 804 790 771
f 804 771 783
f 805 791 800
f 805 795 791
f 806 788 774
f 806 774 790
f 801 796 807
f 796 797 808
f 807 796 808
f 809 800 801
f 810 801 807
f 809 801 810
f 798 788 806
f 789 794 811
f 803 789 811
f 812 784 795
f 812 802 784
f 813 800 809
f 813 805 800
f 814 780 793
f 814 799 780
f 794 798 815
f 815 798 806
f 797 803 816
f 808 797 816
f 811 794 815
f 810 807 817
f 818 809 810
f 818 810 819
f 819 810 817
f 820 806 790
f 820 790 804
f 807 808 821
f 817 807 821
f 822 809 818
f 822 813 809
f 823 795 805
f 823 812 795
f 824 783 799
f 824 804 783
f 815 806 820
f 825 793 802
f 825 814 793
f 826 818 819
f 819 817 827
f 826 819 828
f 828 819 827
f 803 811 829
f 816 803 829
f 830 818 826
f 830 822 818
f 821 808 831
f 808 816 831
f 832 805 813
f 832 823 805
f 827 817 833
f 817 821 833
f 834 826 828
f 828 827 835
f 834 828 836
f 836 828 835
f 837 826 834
f 837 830 826
f 838 813 822
f 838 832 813
f 811 815 839
f 839 815 820
f 829 811 839
f 840 802 812
f 840 825 802
f 841 799 814
f 841 824 799
f 842 820 804
f 842 804 824
f 835 827 843
f 827 833 843
f 833 821 844
f 821 831 844
f 816 829 845
f 831 816 845
f 846 822 830
f 846 838 822
f 847 834 836
f 848 834 847
f 848 837 834
f 839 820 842
f 836 835 849
f 847 836 850
f 850 836 849
f 851 812 823
f 851 840 812
f 852 830 837
f 852 846 830
f 849 835 853
f 835 843 853
f 854 847 850
f 855 847 854
f 855 848 847
f 843 833 856
f 833 844 856
f 857 814 825
f 857 841 814
f 829 839 858
f 845 829 858
f 859 823 832
f 859 851 823
f 850 849 860
f 854 850 861
f 861 850 860
f 858 839 842
f 862 837 848
f 862 852 837
f 831 845 863
f 844 831 863
f 864 842 824
f 864 824 841
f 860 849 865
f 849 853 865
f 866 832 838
f 866 859 832
f 867 854 861
f 868 854 867
f 868 855 854
f 853 843 869
f 843 856 869
f 870 848 855
f 870 862 848
f 858 842 864
f 871 825 840
f 871 857 825
f 867 861 872
f 872 861 873
f 861 860 873
f 874 867 872
f 875 867 874
f 875 868 867
f 876 838 846
f 876 866 838
f 845 858 877
f 863 845 877
f 856 844 878
f 844 863 878
f 874 872 879
f 879 872 880
f 872 873 880
f 873 860 881
f 860 865 881
f 882 855 868
f 882 870 855
f 883 874 879
f 884 874 883
f 884 875 874
f 885 864 841
f 885 841 857
f 877 858 864
f 886 846 852
f 886 876 846
f 865 853 887
f 853 869 887
f 888 840 851
f 888 871 840
f 883 879 889
f 889 879 890
f 879 880 890
f 891 868 875
f 891 882 868
f 892 883 889
f 893 883 892
f 893 884 883
f 894 852 862
f 894 886 852
f 892 889 895
f 895 889 896
f 889 890 896
f 877 864 885
f 869 856 897
f 856 878 897
f 880 873 898
f 873 881 898
f 863 877 899
f 878 863 899
f 900 851 859
f 900 888 851
f 901 875 884
f 901 891 875
f 902 892 895
f 903 892 902
f 903 893 892
f 902 895 904
f 904 895 905
f 895 896 905
f 881 865 906
f 865 887 906
f 907 885 857
f 907 857 871
f 908 862 870
f 908 894 862
f 890 880 909
f 880 898 909
f 899 877 885
f 910 884 893
f 910 901 884
f 911 902 904
f 912 902 911
f 912 903 902
f 911 904 913
f 913 904 914
f 904 905 914
f 915 859 866
f 915 900 859
f 896 890 916
f 890 909 916
f 887 869 917
f 869 897 917
f 918 870 882
f 918 908 870
f 905 896 919
f 896 916 919
f 899 885 907
f 920 893 903
f 920 910 893
f 921 911 913
f 922 911 921
f 922 912 911
f 921 913 923
f 923 913 924
f 913 914 924
f 878 899 925
f 897 878 925
f 926 866 876
f 926 915 866
f 898 881 927
f 881 906 927
f 928 871 888
f 928 907 871
f 914 905 929
f 905 919 929
f 930 882 891
f 930 918 882
f 931 921 923
f 931 923 932
f 932 923 933
f 923 924 933
f 934 903 912
f 934 920 903
f 935 921 931
f 935 922 921
f 925 899 907
f 936 876 886
f 936 926 876
f 924 914 937
f 914 929 937
f 906 887 938
f 887 917 938
f 939 891 901
f 939 930 891
f 940 931 932
f 932 933 941
f 940 932 942
f 942 932 941
f 943 888 900
f 943 928 888
f 944 912 922
f 944 934 912
f 933 924 945
f 924 937 945
f 946 931 940
f 946 935 931
f 925 907 928
f 897 925 947
f 917 897 947
f 948 886 894
f 948 936 886
f 909 898 949
f 898 927 949
f 950 901 910
f 950 939 901
f 941 933 951
f 933 945 951
f 952 940 942
f 942 941 953
f 952 942 954
f 954 942 953
f 916 909 955
f 909 949 955
f 956 940 952
f 956 946 940
f 957 922 935
f 957 944 922
f 947 925 928
f 927 906 958
f 906 938 958
f 959 900 915
f 959 943 900
f 960 894 908
f 960 948 894
f 919 916 961
f 916 955 961
f 953 941 962
f 941 951 962
f 963 952 954
f 954 953 964
f 963 954 965
f 965 954 964
f 966 910 920
f 966 950 910
f 947 928 943
f 929 919 967
f 919 961 967
f 968 952 963
f 968 956 952
f 917 947 969
f 938 917 969
f 970 935 946
f 970 957 935
f 964 953 971
f 953 962 971
f 937 929 972
f 929 967 972
f 973 963 965
f 965 964 974
f 975 965 974
f 973 965 975
f 976 915 926
f 976 959 915
f 977 908 918
f 977 960 908
f 978 920 934
f 978 966 920
f 979 963 973
f 979 968 963
f 945 937 980
f 937 972 980
f 981 946 956
f 981 970 946
f 974 964 982
f 964 971 982
f 969 947 943
f 949 927 983
f 927 958 983
f 975 974 984
f 985 973 975
f 986 975 984
f 985 975 986
f 987 918 930
f 987 977 918
f 969 943 959
f 951 945 988
f 945 980 988
f 989 934 944
f 989 978 934
f 938 969 990
f 958 938 990
f 991 926 936
f 991 976 926
f 984 974 992
f 974 982 992
f 993 973 985
f 993 979 973
f 994 956 968
f 994 981 956
f 962 951 995
f 951 988 995
f 986 984 996
f 997 985 986
f 998 986 996
f 997 986 998
f 999 930 939
f 999 987 930
f 996 984 1000
f 984 992 1000
f 1001 944 957
f 1001 989 944
f 971 962 1002
f 962 995 1002
f 990 969 959
f 1003 936 948
f 1003 991 936
f 1004 985 997
f 1004 993 985
f 1005 968 979
f 1005 994 968
f 990 959 976
f 1006 939 950
f 1006 999 939
f 982 971 1007
f 971 1002 1007
f 955 949 1008
f 949 983 1008
f 998 996 1009
f 1009 996 1010
f 996 1000 1010
f 1011 957 970
f 1011 1001 957
f 958 990 1012
f 983 958 1012
f 961 955 1013
f 955 1008 1013
f 1014 997 998
f 1015 998 1009
f 1014 998 1015
f 992 982 1016
f 982 1007 1016
f 1017 979 993
f 1017 1005 979
f 1018 948 960
f 1018 1003 948
f 967 961 1019
f 961 1013 1019
f 1020 950 966
f 1020 1006 950
f 1012 990 976
f 1012 976 991
f 1021 970 981
f 1021 1011 970
f 1000 992 1022
f 992 1016 1022
f 1023 997 1014
f 1023 1004 997
f 972 967 1024
f 967 1019 1024
f 1015 1009 1025
f 1009 1010 1026
f 1025 1009 1026
f 980 972 1027
f 972 1024 1027
f 1028 966 978
f 1028 1020 966
f 1010 1000 1029
f 1000 1022 1029
f 1030 993 1004
f 1030 1017 993
f 1031 960 977
f 1031 1018 960
f 1032 981 994
f 1032 1021 981
f 983 1012 1033
f 1008 983 1033
f 988 980 1034
f 980 1027 1034
f 1033 1012 991
f 1033 991 1003
f 1035 1014 1015
f 1036 1015 1025
f 1035 1015 1036
f 995 988 1037
f 988 1034 1037
f 1026 1010 1038
f 1010 1029 1038
f 1039 978 989
f 1039 1028 978
f 1040 977 987
f 1040 1031 977
f 1041 994 1005
f 1041 1032 994
f 1002 995 1042
f 995 1037 1042
f 1043 1023 1014
f 1043 1014 1035
f 1044 989 1001
f 1044 1039 989
f 1007 1002 1045
f 1002 1042 1045
f 1046 1004 1023
f 1046 1030 1004
f 1025 1026 1047
f 1036 1025 1048
f 1048 1025 1047
f 1049 987 999
f 1049 1040 987
f 1050 1005 1017
f 1050 1041 1005
f 1051 1033 1003
f 1051 1003 1018
f 1016 1007 1052
f 1007 1045 1052
f 1026 1038 1053
f 1047 1026 1053
f 1008 1033 1051
f 1013 1008 1051
f 1054 1001 1011
f 1054 1044 1001
f 1022 1016 1055
f 1016 1052 1055
f 1056 999 1006
f 1056 1049 999
f 1019 1013 1057
f 1013 1051 1057
f 1029 1022 1058
f 1022 1055 1058
f 1059 1017 1030
f 1059 1050 1017
f 1024 1019 1060
f 1019 1057 1060
f 1061 1006 1020
f 1061 1056 1006
f 1062 1011 1021
f 1062 1054 1011
f 1038 1029 1063
f 1029 1058 1063
f 1064 1035 1036
f 1065 1036 1048
f 1064 1036 1065
f 1057 1018 1031
f 1057 1051 1018
f 1027 1024 1066
f 1024 1060 1066
f 1067 1023 1043
f 1067 1046 1023
f 1034 1027 1068
f 1027 1066 1068
f 1069 1021 1032
f 1069 1062 1021
f 1070 1020 1028
f 1070 1061 1020
f 1053 1038 1071
f 1038 1063 1071
f 1048 1047 1072
f 1047 1053 1073
f 1072 1047 1073
f 1060 1057 1031
f 1060 1031 1040
f 1074 1043 1035
f 1074 1035 1064
f 1075 1048 1072
f 1065 1048 1075
f 1037 1034 1076
f 1034 1068 1076
f 1077 1028 1039
f 1077 1070 1028
f 1042 1037 1078
f 1037 1076 1078
f 1079 1032 1041
f 1079 1069 1032
f 1066 1060 1040
f 1066 1040 1049
f 1080 1030 1046
f 1080 1059 1030
f 1045 1042 1081
f 1042 1078 1081
f 1082 1041 1050
f 1082 1079 1041
f 1068 1066 1049
f 1068 1049 1056
f 1083 1039 1044
f 1083 1077 1039
f 1052 1045 1084
f 1045 1081 1084
f 1053 1071 1085
f 1073 1053 1085
f 1055 1052 1086
f 1052 1084 1086
f 1076 1068 1056
f 1076 1056 1061
f 1087 1044 1054
f 1087 1083 1044
f 1058 1055 1088
f 1055 1086 1088
f 1063 1058 1089
f 1058 1088 1089
f 1078 1076 1061
f 1078 1061 1070
f 1090 1054 1062
f 1090 1087 1054
f 1071 1063 1091
f 1063 1089 1091
f 1092 1050 1059
f 1092 1082 1050
f 1093 1067 1043
f 1093 1043 1074
f 1072 1073 1094
f 1075 1072 1095
f 1095 1072 1094
f 1096 1065 1075
f 1097 1064 1065
f 1097 1065 1096
f 1081 1078 1070
f 1081 1070 1077
f 1098 1062 1069
f 1098 1090 1062
f 1099 1046 1067
f 1099 1080 1046
f 1084 1081 1077
f 1071 1091 1100
f 1085 1071 1100
f 1073 1085 1101
f 1094 1073 1101
f 1102 1075 1095
f 1096 1075 1102
f 1084 1077 1083
f 1103 1069 1079
f 1103 1098 1069
f 1104 1074 1064
f 1104 1064 1097
f 1086 1084 1083
f 1086 1083 1087
f 1088 1086 1087
f 1105 1079 1082
f 1105 1103 1079
f 1106 1059 1080
f 1106 1092 1059
f 1088 1087 1090
f 1089 1088 1090
f 1089 1090 1098
f 1091 1089 1098
f 1091 1098 1103
f 1100 1091 1103
f 1085 1100 1107
f 1101 1085 1107
f 1108 1105 1082
f 1108 1082 1092
f 1100 1103 1105
f 1107 1100 1105
f 1095 1094 1109
f 1102 1095 1110
f 1110 1095 1109
f 1111 1099 1067
f 1111 1067 1093
f 1094 1101 1112
f 1109 1094 1112
f 1113 1093 1074
f 1113 1074 1104
f 1107 1105 1108
f 1114 1106 1080
f 1114 1080 1099
f 1115 1096 1102
f 1116 1097 1096
f 1116 1096 1115
f 1117 1108 1092
f 1117 1092 1106
f 1101 1107 1118
f 1112 1101 1118
f 1118 1107 1108
f 1119 1102 1110
f 1115 1102 1119
f 1120 1104 1097
f 1120 1097 1116
f 1118 1108 1117
f 1121 1117 1106
f 1121 1106 1114
f 1109 1112 1122
f 1110 1109 1123
f 1123 1109 1122
f 1112 1118 1124
f 1124 1118 1117
f 1125 1114 1099
f 1125 1099 1111
f 1122 1112 1124
f 1126 1111 1093
f 1126 1093 1113
f 1119 1110 1127
f 1127 1110 1123
f 1124 1117 1121
f 1128 1113 1104
f 1128 1104 1120
f 1129 1115 1119
f 1130 1116 1115
f 1130 1115 1129
f 1131 1121 1114
f 1131 1114 1125
f 1122 1124 1132
f 1132 1124 1121
f 1133 1119 1127
f 1129 1119 1133
f 1134 1120 1116
f 1134 1116 1130
f 1123 1122 1135
f 1135 1122 1132
f 1132 1121 1131
f 1136 1125 1111
f 1136 1111 1126
f 1127 1123 1137
f 1137 1123 1135
f 1138 1126 1113
f 1138 1113 1128
f 1133 1127 1139
f 1139 1127 1137
f 1140 1132 1131
f 1135 1132 1140
f 1141 1128 1120
f 1141 1120 1134
f 1142 1131 1125
f 1142 1125 1136
f 1140 1131 1142
f 1137 1135 1143
f 1143 1135 1140
f 1144 1129 1133
f 1145 1130 1129
f 1145 1129 1144
f 1146 1136 1126
f 1146 1126 1138
f 1147 1133 1139
f 1144 1133 1147
f 1139 1137 1148
f 1148 1137 1143
f 1149 1134 1130
f 1149 1130 1145
f 1150 1138 1128
f 1150 1128 1141
f 1151 1140 1142
f 1143 1140 1151
f 1152 1142 1136
f 1152 1136 1146
f 1153 1139 1148
f 1147 1139 1153
f 1151 1142 1152
f 1154 1141 1134
f 1154 1134 1149
f 1148 1143 1155
f 1155 1143 1151
f 1156 1146 1138
f 1156 1138 1150
f 1153 1148 1157
f 1157 1148 1155
f 1158 1144 1147
f 1159 1145 1144
f 1159 1144 1158
f 1160 1147 1153
f 1158 1147 1160
f 1161 1151 1152
f 1155 1151 1161
f 1162 1152 1146
f 1162 1146 1156
f 1163 1150 1141
f 1163 1141 1154
f 1164 1149 1145
f 1164 1145 1159
f 1161 1152 1162
f 1165 1153 1157
f 1160 1153 1165
f 1157 1155 1166
f 1166 1155 1161
f 1167 1154 1149
f 1167 1149 1164
f 1168 1156 1150
f 1168 1150 1163
f 1169 1157 1166
f 1165 1157 1169
f 1170 1161 1162
f 1166 1161 1170
f 1171 1162 1156
f 1171 1156 1168
f 1170 1162 1171
f 1172 1158 1160
f 1173 1159 1158
f 1173 1158 1172
f 1174 1163 1154
f 1174 1154 1167
f 1175 1160 1165
f 1172 1160 1175
f 1176 1164 1159
f 1176 1159 1173
f 1177 1166 1170
f 1169 1166 1177
f 1178 1165 1169
f 1175 1165 1178
f 1179 1168 1163
f 1179 1163 1174
f 1180 1167 1164
f 1180 1164 1176
f 1181 1170 1171
f 1177 1170 1181
f 1182 1169 1177
f 1178 1169 1182
f 1183 1171 1168
f 1183 1168 1179
f 1181 1171 1183
f 1184 1174 1167
f 1184 1167 1180
f 1185 1172 1175
f 1186 1173 1172
f 1186 1172 1185
f 1187 1175 1178
f 1185 1175 1187
f 1188 1177 1181
f 1182 1177 1188
f 1189 1176 1173
f 1189 1173 1186
f 1190 1178 1182
f 1187 1178 1190
f 1191 1179 1174
f 1191 1174 1184
f 1192 1181 1183
f 1188 1181 1192
f 1193 1180 1176
f 1193 1176 1189
f 1194 1183 1179
f 1194 1179 1191
f 1192 1183 1194
f 1195 1182 1188
f 1190 1182 1195
f 1196 1184 1180
f 1196 1180 1193
f 1197 1188 1192
f 1195 1188 1197
f 1198 1185 1187
f 1199 1186 1185
f 1199 1185 1198
f 1200 1187 1190
f 1198 1187 1200
f 1201 1191 1184
f 1201 1184 1196
f 1202 1189 1186
f 1202 1186 1199
f 1203 1192 1194
f 1197 1192 1203
f 1204 1190 1195
f 1200 1190 1204
f 1205 1194 1191
f 1205 1191 1201
f 1203 1194 1205
f 1206 1193 1189
f 1206 1189 1202
f 1207 1195 1197
f 1204 1195 1207
f 1208 1196 1193
f 1208 1193 1206
f 1209 1197 1203
f 1207 1197 1209
f 1210 1201 1196
f 1210 1196 1208
f 1211 1203 1205
f 1209 1203 1211
f 1212 1205 1201
f 1212 1201 1210
f 1211 1205 1212
f 1213 1198 1200
f 1214 1199 1198
f 1214 1198 1213
f 1215 1200 1204
f 1213 1200 1215
f 1216 1202 1199
f 1216 1199 1214
f 1217 1204 1207
f 1215 1204 1217
f 1218 1206 1202
f 1218 1202 1216
f 1219 1207 1209
f 1217 1207 1219
f 1220 1208 1206
f 1220 1206 1218
f 1221 1209 1211
f 1219 1209 1221
f 1222 1210 1208
f 1222 1208 1220
f 1223 1211 1212
f 1221 1211 1223
f 1224 1213 1215
f 1225 1214 1213
f 1225 1213 1224
f 1226 1212 1210
f 1226 1210 1222
f 1227 1215 1217
f 1224 1215 1227
f 1223 1212 1226
f 1228 1216 1214
f 1228 1214 1225
f 1229 1217 1219
f 1227 1217 1229
f 1230 1218 1216
f 1230 1216 1228
f 1231 1219 1221
f 1229 1219 1231
f 1232 1220 1218
f 1232 1218 1230
f 1233 1221 1223
f 1231 1221 1233
f 1234 1222 1220
f 1234 1220 1232
f 1235 1223 1226
f 1233 1223 1235
f 1236 1224 1227
f 1237 1225 1224
f 1237 1224 1236
f 1238 1227 1229
f 1236 1227 1238
f 1239 1226 1222
f 1239 1222 1234
f 1235 1226 1239
f 1240 1228 1225
f 1240 1225 1237
f 1241 1229 1231
f 1238 1229 1241
f 1242 1230 1228
f 1242 1228 1240
f 1243 1231 1233
f 1241 1231 1243
f 1244 1232 1230
f 1244 1230 1242
f 1245 1233 1235
f 1243 1233 1245
f 1246 1234 1232
f 1246 1232 1244
f 1247 1235 1239
f 1245 1235 1247
f 1248 1236 1238
f 1249 1237 1236
f 1249 1236 1248
f 1250 1239 1234
f 1250 1234 1246
f 1251 1238 1241
f 1248 1238 1251
f 1247 1239 1250
f 1252 1240 1237
f 1252 1237 1249
f 1253 1241 1243
f 1251 1241 1253
f 1254 1242 1240
f 1254 1240 1252
f 1255 1243 1245
f 1253 1243 1255
f 1256 1244 1242
f 1256 1242 1254
f 1257 1245 1247
f 1255 1245 1257
f 1258 1246 1244
f 1258 1244 1256
f 1259 1247 1250
f 1257 1247 1259
f 1260 1250 1246
f 1260 1246 1258
f 1259 1250 1260
f 1261 1248 1251
f 1262 1249 1248
f 1262 1248 1261
f 1263 1251 1253
f 1261 1251 1263
f 1264 1252 1249
f 1264 1249 1262
f 1265 1253 1255
f 1263 1253 1265
f 1266 1254 1252
f 1266 1252 1264
f 1267 1255 1257
f 1265 1255 1267
f 1268 1256 1254
f 1268 1254 1266
f 1269 1257 1259
f 1267 1257 1269
f 1270 1258 1256
f 1270 1256 1268
f 1271 1259 1260
f 1269 1259 1271
f 1272 1260 1258
f 1272 1258 1270
f 1271 1260 1272
f 1273 1261 1263
f 1274 1262 1261
f 1274 1261 1273
f 1275 1263 1265
f 1273 1263 1275
f 1276 1264 1262
f 1276 1262 1274
f 1277 1265 1267
f 1275 1265 1277
f 1278 1266 1264
f 1278 1264 1276
f 1279 1267 1269
f 1277 1267 1279
f 1280 1268 1266
f 1280 1266 1278
f 1281 1269 1271
f 1279 1269 1281
f 1282 1270 1268
f 1282 1268 1280
f 1283 1271 1272
f 1281 1271 1283
f 1284 1272 1270
f 1284 1270 1282
f 1283 1272 1284
f 1285 1273 1275
f 1286 1274 1273
f 1286 1273 1285
f 1287 1275 1277
f 1285 1275 1287
f 1288 1276 1274
f 1288 1274 1286
f 1289 1277 1279
f 1287 1277 1289
f 1290 1278 1276
f 1290 1276 1288
f 1291 1279 1281
f 1289 1279 1291
f 1292 1280 1278
f 1292 1278 1290
f 1293 1281 1283
f 1291 1281 1293
f 1294 1282 1280
f 1294 1280 1292
f 1295 1283 1284
f 1293 1283 1295
f 1296 1284 1282
f 1296 1282 1294
f 1295 1284 1296
f 1297 1285 1287
f 1298 1286 1285
f 1298 1285 1297
f 1299 1287 1289
f 1297 1287 1299
f 1300 1288 1286
f 1300 1286 1298
f 1301 1289 1291
f 1299 1289 1301
f 1302 1290 1288
f 1302 1288 1300
f 1303 1291 1293
f 1301 1291 1303
f 1304 1292 1290
f 1304 1290 1302
f 1305 1293 1295
f 1303 1293 1305
f 1306 1294 1292
f 1306 1292 1304
f 1307 1295 1296
f 1305 1295 1307
f 1308 1296 1294
f 1308 1294 1306
f 1307 1296 1308
f 1309 1297 1299
f 1310 1298 1297
f 1310 1297 1309
f 1311 1299 1301
f 1309 1299 1311
f 1312 1300 1298
f 1312 1298 1310
f 1313 1301 1303
f 1311 1301 1313
f 1314 1302 1300
f 1314 1300 1312
f 1315 1303 1305
f 1313 1303 1315
f 1316 1304 1302
f 1316 1302 1314
f 1317 1305 1307
f 1315 1305 1317
f 1318 1306 1304
f 1318 1304 1316
f 1319 1307 1308
f 1317 1307 1319
f 1320 1308 1306
f 1320 1306 1318
f 1319 1308 1320
f 1321 1310 1309
f 1322 1309 1311
f 1321 1309 1322
f 1323 1312 1310
f 1323 1310 1321
f 1324 1311 1313
f 1322 1311 1324
f 1325 1314 1312
f 1325 1312 1323
f 1326 1313 1315
f 1324 1313 1326
f 1327 1316 1314
f 1327 1314 1325
f 1328 1315 1317
f 1326 1315 1328
f 1329 1318 1316
f 1329 1316 1327
f 1330 1317 1319
f 1328 1317 1330
f 1331 1320 1318
f 1331 1318 1329
f 1332 1319 1320
f 1330 1319 1332
f 1332 1320 1331
f 1333 1321 1322
f 1334 1323 1321
f 1334 1321 1333
f 1335 1322 1324
f 1333 1322 1335
f 1336 1325 1323
f 1336 1323 1334
f 1337 1324 1326
f 1335 1324 1337
f 1338 1327 1325
f 1338 1325 1336
f 1339 1326 1328
f 1337 1326 1339
f 1340 1329 1327
f 1340 1327 1338
f 1341 1328 1330
f 1339 1328 1341
f 1342 1331 1329
f 1342 1329 1340
f 1343 1330 1332
f 1341 1330 1343
f 1344 1332 1331
f 1344 1331 1342
f 1343 1332 1344
f 1333 1339 1334
f 1334 1341 1336
f 1334 1339 1341
f 1335 1337 1333
f 1333 1337 1339
f 1336 1343 1338
f 1336 1341 1343
f 1338 1344 1340
f 1338 1343 1344
f 1340 1344 1342
f 1345 1346 1347
f 1347 1346 1348
f 1349 1350 1346
f 1346 1350 1351
f 1345 1349 1346
f 1346 1351 1348
f 1352 1347 1353
f 1353 1347 1354
f 1352 1345 1347
f 1347 1348 1354
f 1349 1355 1350
f 1355 1356 1350
f 1350 1356 1357
f 1350 1357 1351
f 1358 1355 1349
f 1359 1349 1345
f 1359 1358 1349
f 1360 1352 1353
f 1360 1353 1361
f 1361 1353 1362
f 1353 1354 1362
f 1355 1363 1356
f 1364 1363 1355
f 1358 1364 1355
f 1365 1345 1352
f 1365 1359 1345
f 1363 1366 1356
f 1356 1366 1367
f 1356 1367 1357
f 1363 1368 1366
f 1369 1368 1363
f 1364 1369 1363
f 1370 1352 1360
f 1370 1365 1352
f 1371 1360 1361
f 1371 1361 1372
f 1372 1361 1373
f 1361 1362 1373
f 1368 1374 1366
f 1366 1374 1375
f 1366 1375 1367
f 1376 1360 1371
f 1376 1370 1360
f 1377 1371 1372
f 1378 1372 1379
f 1377 1372 1378
f 1372 1373 1379
f 1368 1380 1374
f 1381 1380 1368
f 1369 1381 1368
f 1354 1348 1382
f 1348 1351 1383
f 1348 1383 1382
f 1362 1354 1384
f 1354 1382 1384
f 1351 1357 1385
f 1351 1385 1383
f 1373 1362 1386
f 1362 1384 1386
f 1387 1371 1377
f 1387 1376 1371
f 1378 1379 1388
f 1389 1377 1378
f 1390 1378 1388
f 1389 1378 1390
f 1391 1374 1380
f 1375 1374 1391
f 1379 1373 1392
f 1373 1386 1392
f 1381 1393 1380
f 1394 1380 1393
f 1391 1380 1394
f 1357 1367 1395
f 1357 1395 1385
f 1396 1364 1358
f 1397 1369 1364
f 1396 1397 1364
f 1398 1358 1359
f 1398 1396 1358
f 1388 1379 1399
f 1379 1392 1399
f 1400 1377 1389
f 1400 1387 1377
f 1401 1359 1365
f 1401 1398 1359
f 1390 1388 1402
f 1403 1389 1390
f 1404 1390 1402
f 1403 1390 1404
f 1367 1375 1391
f 1367 1391 1395
f 1405 1381 1369
f 1397 1405 1369
f 1406 1365 1370
f 1406 1401 1365
f 1402 1388 1407
f 1388 1399 1407
f 1408 1393 1381
f 1405 1408 1381
f 1409 1389 1403
f 1409 1400 1389
f 1410 1370 1376
f 1410 1406 1370
f 1404 1402 1411
f 1412 1403 1404
f 1413 1404 1411
f 1412 1404 1413
f 1411 1402 1414
f 1402 1407 1414
f 1415 1376 1387
f 1415 1410 1376
f 1408 1416 1393
f 1417 1393 1416
f 1394 1393 1417
f 1418 1403 1412
f 1418 1409 1403
f 1413 1411 1419
f 1420 1412 1413
f 1421 1413 1419
f 1420 1413 1421
f 1384 1382 1422
f 1382 1383 1423
f 1382 1423 1422
f 1386 1384 1424
f 1384 1422 1424
f 1392 1386 1425
f 1386 1424 1425
f 1419 1411 1426
f 1411 1414 1426
f 1383 1385 1427
f 1383 1427 1423
f 1428 1387 1400
f 1428 1415 1387
f 1399 1392 1429
f 1392 1425 1429
f 1430 1418 1412
f 1430 1412 1420
f 1385 1395 1431
f 1385 1431 1427
f 1407 1399 1432
f 1399 1429 1432
f 1421 1419 1433
f 1419 1426 1434
f 1433 1419 1434
f 1435 1400 1409
f 1435 1428 1400
f 1436 1397 1396
f 1437 1405 1397
f 1436 1437 1397
f 1438 1396 1398
f 1438 1436 1396
f 1395 1391 1394
f 1395 1394 1431
f 1439 1398 1401
f 1439 1438 1398
f 1414 1407 1440
f 1407 1432 1440
f 1441 1408 1405
f 1437 1441 1405
f 1442 1401 1406
f 1442 1439 1401
f 1426 1414 1443
f 1414 1440 1443
f 1444 1409 1418
f 1444 1435 1409
f 1445 1416 1408
f 1441 1445 1408
f 1446 1421 1433
f 1447 1420 1421
f 1447 1421 1446
f 1448 1406 1410
f 1448 1442 1406
f 1434 1426 1449
f 1426 1443 1449
f 1445 1450 1416
f 1451 1416 1450
f 1417 1416 1451
f 1452 1410 1415
f 1452 1448 1410
f 1453 1418 1430
f 1453 1444 1418
f 1433 1434 1454
f 1446 1433 1455
f 1455 1433 1454
f 1456 1420 1447
f 1456 1430 1420
f 1454 1434 1457
f 1434 1449 1457
f 1424 1422 1458
f 1422 1423 1459
f 1422 1459 1458
f 1425 1424 1460
f 1424 1458 1460
f 1461 1415 1428
f 1461 1452 1415
f 1429 1425 1462
f 1425 1460 1462
f 1423 1427 1463
f 1423 1463 1459
f 1432 1429 1464
f 1429 1462 1464
f 1427 1431 1465
f 1427 1465 1463
f 1440 1432 1466
f 1432 1464 1466
f 1467 1428 1435
f 1467 1461 1428
f 1468 1446 1455
f 1469 1447 1446
f 1469 1446 1468
f 1470 1437 1436
f 1471 1436 1438
f 1471 1470 1436
f 1443 1440 1472
f 1440 1466 1472
f 1473 1441 1437
f 1470 1473 1437
f 1474 1438 1439
f 1474 1471 1438
f 1455 1454 1475
f 1468 1455 1476
f 1476 1455 1475
f 1431 1394 1417
f 1431 1417 1465
f 1477 1445 1441
f 1473 1477 1441
f 1478 1439 1442
f 1478 1474 1439
f 1479 1435 1444
f 1479 1467 1435
f 1454 1457 1480
f 1475 1454 1480
f 1449 1443 1481
f 1443 1472 1481
f 1482 1447 1469
f 1482 1456 1447
f 1483 1430 1456
f 1483 1453 1430
f 1484 1450 1445
f 1477 1484 1445
f 1485 1442 1448
f 1485 1478 1442
f 1457 1449 1486
f 1449 1481 1486
f 1487 1444 1453
f 1487 1479 1444
f 1488 1448 1452
f 1488 1485 1448
f 1489 1468 1476
f 1490 1469 1468
f 1490 1468 1489
f 1484 1491 1450
f 1492 1450 1491
f 1451 1450 1492
f 1460 1458 1493
f 1458 1459 1494
f 1458 1494 1493
f 1462 1460 1495
f 1460 1493 1495
f 1480 1457 1496
f 1457 1486 1496
f 1476 1475 1497
f 1489 1476 1498
f 1498 1476 1497
f 1464 1462 1499
f 1462 1495 1499
f 1500 1452 1461
f 1500 1488 1452
f 1459 1463 1501
f 1459 1501 1494
f 1466 1464 1502
f 1464 1499 1502
f 1475 1480 1503
f 1497 1475 1503
f 1463 1465 1504
f 1463 1504 1501
f 1472 1466 1505
f 1466 1502 1505
f 1506 1473 1470
f 1507 1470 1471
f 1507 1506 1470
f 1508 1461 1467
f 1508 1500 1461
f 1509 1477 1473
f 1506 1509 1473
f 1510 1471 1474
f 1510 1507 1471
f 1511 1469 1490
f 1511 1482 1469
f 1512 1474 1478
f 1512 1510 1474
f 1481 1472 1513
f 1472 1505 1513
f 1514 1484 1477
f 1509 1514 1477
f 1465 1417 1451
f 1465 1451 1504
f 1515 1456 1482
f 1515 1483 1456
f 1516 1478 1485
f 1516 1512 1478
f 1517 1489 1498
f 1518 1490 1489
f 1518 1489 1517
f 1486 1481 1519
f 1481 1513 1519
f 1520 1467 1479
f 1520 1508 1467
f 1480 1496 1521
f 1503 1480 1521
f 1498 1497 1522
f 1523 1498 1522
f 1517 1498 1523
f 1524 1491 1484
f 1514 1524 1484
f 1495 1493 1506
f 1493 1494 1509
f 1493 1509 1506
f 1499 1495 1507
f 1495 1506 1507
f 1497 1503 1525
f 1522 1497 1525
f 1499 1507 1510
f 1502 1499 1510
f 1526 1485 1488
f 1526 1516 1485
f 1527 1453 1483
f 1527 1487 1453
f 1494 1514 1509
f 1494 1501 1514
f 1502 1510 1512
f 1505 1502 1512
f 1496 1486 1528
f 1486 1519 1528
f 1524 1492 1491
f 1501 1524 1514
f 1501 1504 1524
f 1529 1520 1479
f 1529 1479 1487
f 1530 1488 1500
f 1530 1526 1488
f 1505 1512 1516
f 1513 1505 1516
f 1496 1528 1531
f 1521 1496 1531
f 1504 1492 1524
f 1504 1451 1492
f 1532 1490 1518
f 1532 1511 1490
f 1513 1516 1526
f 1519 1513 1526
f 1533 1500 1508
f 1533 1530 1500
f 1503 1521 1534
f 1525 1503 1534
f 1523 1522 1535
f 1536 1517 1523
f 1537 1523 1535
f 1536 1523 1537
f 1522 1525 1538
f 1535 1522 1538
f 1539 1518 1517
f 1539 1517 1536
f 1540 1482 1511
f 1540 1515 1482
f 1519 1526 1530
f 1528 1519 1530
f 1541 1508 1520
f 1541 1533 1508
f 1528 1530 1533
f 1531 1528 1533
f 1542 1483 1515
f 1542 1527 1483
f 1543 1541 1520
f 1543 1520 1529
f 1521 1531 1544
f 1534 1521 1544
f 1538 1525 1545
f 1525 1534 1545
f 1531 1533 1541
f 1544 1531 1541
f 1546 1529 1487
f 1546 1487 1527
f 1537 1535 1547
f 1535 1538 1548
f 1547 1535 1548
f 1549 1536 1537
f 1550 1537 1547
f 1549 1537 1550
f 1551 1518 1539
f 1551 1532 1518
f 1552 1536 1549
f 1552 1539 1536
f 1544 1541 1543
f 1553 1511 1532
f 1553 1540 1511
f 1548 1538 1554
f 1538 1545 1554
f 1550 1547 1555
f 1547 1548 1556
f 1555 1547 1556
f 1534 1544 1557
f 1545 1534 1557
f 1558 1549 1550
f 1559 1550 1555
f 1558 1550 1559
f 1560 1515 1540
f 1560 1542 1515
f 1557 1544 1543
f 1561 1549 1558
f 1561 1552 1549
f 1562 1543 1529
f 1562 1529 1546
f 1563 1539 1552
f 1563 1551 1539
f 1564 1546 1527
f 1564 1527 1542
f 1556 1548 1565
f 1548 1554 1565
f 1557 1543 1562
f 1559 1555 1566
f 1555 1556 1567
f 1566 1555 1567
f 1545 1557 1568
f 1554 1545 1568
f 1569 1532 1551
f 1569 1553 1532
f 1570 1558 1559
f 1571 1559 1566
f 1570 1559 1571
f 1568 1557 1562
f 1572 1558 1570
f 1572 1561 1558
f 1573 1540 1553
f 1573 1560 1540
f 1567 1556 1574
f 1556 1565 1574
f 1575 1552 1561
f 1575 1563 1552
f 1576 1562 1546
f 1576 1546 1564
f 1571 1566 1577
f 1566 1567 1578
f 1577 1566 1578
f 1554 1568 1579
f 1565 1554 1579
f 1580 1564 1542
f 1580 1542 1560
f 1568 1562 1576
f 1581 1570 1571
f 1582 1571 1577
f 1581 1571 1582
f 1583 1551 1563
f 1583 1569 1551
f 1578 1567 1584
f 1567 1574 1584
f 1579 1568 1576
f 1585 1570 1581
f 1585 1572 1570
f 1582 1577 1586
f 1577 1578 1587
f 1586 1577 1587
f 1565 1579 1588
f 1574 1565 1588
f 1589 1561 1572
f 1589 1575 1561
f 1590 1553 1569
f 1590 1573 1553
f 1591 1576 1564
f 1591 1564 1580
f 1592 1582 1586
f 1593 1581 1582
f 1593 1582 1592
f 1579 1576 1591
f 1594 1580 1560
f 1594 1560 1573
f 1587 1578 1595
f 1578 1584 1595
f 1588 1579 1591
f 1596 1563 1575
f 1596 1583 1563
f 1574 1588 1597
f 1584 1574 1597
f 1586 1587 1598
f 1592 1586 1599
f 1599 1586 1598
f 1600 1581 1593
f 1600 1585 1581
f 1601 1572 1585
f 1601 1589 1572
f 1602 1569 1583
f 1602 1590 1569
f 1598 1587 1603
f 1587 1595 1603
f 1604 1591 1580
f 1604 1580 1594
f 1605 1592 1599
f 1606 1593 1592
f 1606 1592 1605
f 1588 1591 1604
f 1597 1588 1604
f 1595 1584 1607
f 1584 1597 1607
f 1608 1594 1573
f 1608 1573 1590
f 1599 1598 1609
f 1605 1599 1610
f 1610 1599 1609
f 1611 1575 1589
f 1611 1596 1575
f 1612 1593 1606
f 1612 1600 1593
f 1609 1598 1613
f 1598 1603 1613
f 1603 1595 1614
f 1595 1607 1614
f 1615 1585 1600
f 1615 1601 1585
f 1597 1604 1616
f 1607 1597 1616
f 1616 1604 1594
f 1616 1594 1608
f 1617 1583 1596
f 1617 1602 1583
f 1618 1605 1610
f 1619 1606 1605
f 1619 1605 1618
f 1620 1608 1590
f 1620 1590 1602
f 1610 1609 1621
f 1622 1610 1621
f 1618 1610 1622
f 1623 1589 1601
f 1623 1611 1589
f 1609 1613 1624
f 1621 1609 1624
f 1613 1603 1625
f 1603 1614 1625
f 1607 1616 1626
f 1614 1607 1626
f 1627 1612 1606
f 1627 1606 1619
f 1626 1616 1608
f 1626 1608 1620
f 1628 1600 1612
f 1628 1615 1600
f 1629 1596 1611
f 1629 1617 1596
f 1630 1620 1602
f 1630 1602 1617
f 1624 1613 1631
f 1613 1625 1631
f 1622 1621 1632
f 1621 1624 1633
f 1632 1621 1633
f 1614 1626 1634
f 1625 1614 1634
f 1635 1601 1615
f 1635 1623 1601
f 1634 1626 1620
f 1636 1618 1622
f 1637 1619 1618
f 1637 1618 1636
f 1634 1620 1630
f 1638 1622 1632
f 1636 1622 1638
f 1639 1628 1612
f 1639 1612 1627
f 1640 1611 1623
f 1640 1629 1611
f 1624 1631 1641
f 1633 1624 1641
f 1625 1634 1642
f 1631 1625 1642
f 1643 1630 1617
f 1643 1617 1629
f 1644 1627 1619
f 1644 1619 1637
f 1642 1634 1630
f 1645 1615 1628
f 1645 1635 1615
f 1642 1630 1643
f 1632 1633 1646
f 1638 1632 1647
f 1647 1632 1646
f 1631 1642 1648
f 1641 1631 1648
f 1633 1641 1649
f 1646 1633 1649
f 1650 1623 1635
f 1650 1640 1623
f 1651 1643 1629
f 1651 1629 1640
f 1648 1642 1643
f 1652 1636 1638
f 1653 1637 1636
f 1653 1636 1652
f 1648 1643 1651
f 1654 1645 1628
f 1654 1628 1639
f 1655 1638 1647
f 1652 1638 1655
f 1641 1648 1656
f 1649 1641 1656
f 1657 1639 1627
f 1657 1627 1644
f 1656 1648 1651
f 1658 1650 1635
f 1658 1635 1645
f 1659 1651 1640
f 1659 1640 1650
f 1646 1649 1660
f 1647 1646 1661
f 1661 1646 1660
f 1662 1644 1637
f 1662 1637 1653
f 1656 1651 1659
f 1649 1656 1663
f 1660 1649 1663
f 1655 1647 1664
f 1664 1647 1661
f 1663 1656 1659
f 1665 1659 1650
f 1665 1650 1658
f 1666 1658 1645
f 1666 1645 1654
f 1667 1654 1639
f 1667 1639 1657
f 1663 1659 1665
f 1668 1652 1655
f 1669 1655 1664
f 1668 1655 1669
f 1670 1653 1652
f 1670 1652 1668
f 1671 1657 1644
f 1671 1644 1662
f 1660 1663 1672
f 1672 1663 1665
f 1661 1660 1673
f 1673 1660 1672
f 1664 1661 1674
f 1674 1661 1673
f 1675 1665 1658
f 1675 1658 1666
f 1672 1665 1675
f 1669 1664 1676
f 1676 1664 1674
f 1677 1662 1653
f 1677 1653 1670
f 1678 1666 1654
f 1678 1654 1667
f 1673 1672 1679
f 1679 1672 1675
f 1680 1667 1657
f 1680 1657 1671
f 1674 1673 1681
f 1681 1673 1679
f 1682 1668 1669
f 1683 1669 1676
f 1682 1669 1683
f 1684 1675 1666
f 1684 1666 1678
f 1685 1670 1668
f 1685 1668 1682
f 1676 1674 1686
f 1686 1674 1681
f 1687 1671 1662
f 1687 1662 1677
f 1679 1675 1684
f 1688 1676 1686
f 1683 1676 1688
f 1689 1677 1670
f 1689 1670 1685
f 1690 1678 1667
f 1690 1667 1680
f 1681 1679 1691
f 1691 1679 1684
f 1686 1681 1692
f 1692 1681 1691
f 1693 1680 1671
f 1693 1671 1687
f 1694 1684 1678
f 1694 1678 1690
f 1691 1684 1694
f 1688 1686 1695
f 1695 1686 1692
f 1696 1682 1683
f 1697 1683 1688
f 1696 1683 1697
f 1698 1685 1682
f 1698 1682 1696
f 1699 1687 1677
f 1699 1677 1689
f 1700 1688 1695
f 1697 1688 1700
f 1692 1691 1701
f 1701 1691 1694
f 1702 1690 1680
f 1702 1680 1693
f 1703 1689 1685
f 1703 1685 1698
f 1695 1692 1704
f 1704 1692 1701
f 1705 1694 1690
f 1701 1694 1705
f 1705 1690 1702
f 1706 1693 1687
f 1706 1687 1699
f 1700 1695 1707
f 1707 1695 1704
f 1708 1696 1697
f 1709 1697 1700
f 1708 1697 1709
f 1710 1698 1696
f 1710 1696 1708
f 1711 1699 1689
f 1711 1689 1703
f 1712 1700 1707
f 1709 1700 1712
f 1704 1701 1713
f 1713 1701 1705
f 1714 1702 1693
f 1714 1693 1706
f 1715 1703 1698
f 1715 1698 1710
f 1707 1704 1716
f 1716 1704 1713
f 1717 1705 1702
f 1713 1705 1717
f 1717 1702 1714
f 1712 1707 1718
f 1718 1707 1716
f 1719 1706 1699
f 1719 1699 1711
f 1720 1708 1709
f 1721 1709 1712
f 1720 1709 1721
f 1722 1710 1708
f 1722 1708 1720
f 1723 1712 1718
f 1721 1712 1723
f 1724 1711 1703
f 1724 1703 1715
f 1716 1713 1725
f 1725 1713 1717
f 1726 1714 1706
f 1726 1706 1719
f 1727 1715 1710
f 1727 1710 1722
f 1718 1716 1728
f 1728 1716 1725
f 1729 1717 1714
f 1725 1717 1729
f 1723 1718 1730
f 1730 1718 1728
f 1729 1714 1726
f 1731 1720 1721
f 1732 1721 1723
f 1731 1721 1732
f 1733 1719 1711
f 1733 1711 1724
f 1734 1722 1720
f 1734 1720 1731
f 1735 1723 1730
f 1732 1723 1735
f 1736 1724 1715
f 1736 1715 1727
f 1728 1725 1737
f 1737 1725 1729
f 1738 1739 1740
f 1739 1741 1740
f 1738 1740 1742
f 1742 1740 1743
f 1740 1741 1744
f 1740 1744 1743
f 1745 1739 1738
f 1739 1746 1741
f 1747 1746 1739
f 1745 1747 1739
f 1748 1738 1742
f 1749 1738 1748
f 1749 1745 1738
f 1748 1742 1750
f 1750 1742 1751
f 1742 1743 1751
f 1746 1752 1741
f 1741 1752 1753
f 1741 1753 1744
f 1746 1754 1752
f 1755 1754 1746
f 1747 1755 1746
f 1756 1727 1722
f 1756 1722 1734
f 1730 1728 1757
f 1757 1728 1737
f 1758 1726 1719
f 1758 1719 1733
f 1759 1748 1750
f 1760 1749 1748
f 1760 1748 1759
f 1735 1730 1761
f 1761 1730 1757
f 1762 1731 1732
f 1763 1732 1735
f 1762 1732 1763
f 1754 1764 1752
f 1752 1764 1765
f 1752 1765 1753
f 1750 1751 1766
f 1767 1750 1766
f 1759 1750 1767
f 1755 1768 1754
f 1754 1769 1764
f 1768 1769 1754
f 1770 1747 1745
f 1771 1755 1747
f 1770 1771 1747
f 1772 1745 1749
f 1772 1770 1745
f 1773 1729 1726
f 1737 1729 1773
f 1743 1744 1774
f 1751 1743 1775
f 1743 1774 1775
f 1776 1734 1731
f 1776 1731 1762
f 1744 1753 1777
f 1744 1777 1774
f 1766 1751 1778
f 1751 1775 1778
f 1773 1726 1758
f 1763 1735 1779
f 1779 1735 1761
f 1780 1768 1755
f 1771 1780 1755
f 1781 1749 1760
f 1781 1772 1749
f 1769 1782 1764
f 1764 1782 1783
f 1764 1783 1765
f 1784 1733 1724
f 1784 1724 1736
f 1768 1785 1769
f 1769 1786 1782
f 1785 1786 1769
f 1753 1765 1787
f 1753 1787 1777
f 1767 1766 1788
f 1766 1778 1789
f 1788 1766 1789
f 1790 1785 1768
f 1780 1790 1768
f 1791 1759 1767
f 1792 1760 1759
f 1792 1759 1791
f 1793 1767 1788
f 1791 1767 1793
f 1794 1736 1727
f 1794 1727 1756
f 1757 1737 1795
f 1795 1737 1773
f 1786 1796 1782
f 1782 1797 1783
f 1782 1796 1797
f 1765 1783 1798
f 1765 1798 1787
f 1799 1763 1779
f 1800 1762 1763
f 1800 1763 1799
f 1785 1801 1786
f 1786 1802 1796
f 1801 1802 1786
f 1803 1771 1770
f 1804 1770 1772
f 1804 1803 1770
f 1805 1756 1734
f 1805 1734 1776
f 1806 1780 1771
f 1803 1806 1771
f 1761 1757 1807
f 1807 1757 1795
f 1775 1774 1808
f 1778 1775 1809
f 1775 1808 1809
f 1779 1761 1810
f 1810 1761 1807
f 1790 1811 1785
f 1811 1801 1785
f 1812 1781 1760
f 1812 1760 1792
f 1774 1777 1813
f 1774 1813 1808
f 1789 1778 1814
f 1778 1809 1814
f 1815 1772 1781
f 1815 1804 1772
f 1799 1779 1816
f 1816 1779 1810
f 1817 1776 1762
f 1817 1762 1800
f 1783 1797 1818
f 1783 1818 1798
f 1819 1790 1780
f 1806 1819 1780
f 1802 1820 1796
f 1796 1821 1797
f 1796 1820 1821
f 1822 1758 1733
f 1822 1733 1784
f 1777 1787 1823
f 1777 1823 1813
f 1788 1789 1824
f 1793 1788 1825
f 1825 1788 1824
f 1801 1826 1802
f 1802 1827 1820
f 1826 1827 1802
f 1828 1773 1758
f 1795 1773 1828
f 1789 1814 1829
f 1824 1789 1829
f 1830 1811 1790
f 1819 1830 1790
f 1811 1831 1801
f 1831 1826 1801
f 1797 1821 1832
f 1797 1832 1818
f 1828 1758 1822
f 1827 1833 1820
f 1820 1833 1834
f 1820 1834 1821
f 1787 1798 1835
f 1787 1835 1823
f 1836 1799 1816
f 1837 1800 1799
f 1837 1799 1836
f 1838 1784 1736
f 1838 1736 1794
f 1827 1839 1833
f 1826 1840 1827
f 1840 1839 1827
f 1841 1815 1781
f 1841 1781 1812
f 1816 1810 1842
f 1836 1816 1843
f 1843 1816 1842
f 1810 1807 1844
f 1842 1810 1844
f 1845 1806 1803
f 1846 1803 1804
f 1846 1845 1803
f 1847 1794 1756
f 1847 1756 1805
f 1848 1776 1817
f 1848 1805 1776
f 1807 1795 1849
f 1849 1795 1828
f 1850 1800 1837
f 1850 1817 1800
f 1839 1851 1833
f 1833 1851 1852
f 1833 1852 1834
f 1821 1834 1853
f 1821 1853 1832
f 1854 1819 1806
f 1845 1854 1806
f 1798 1818 1855
f 1798 1855 1835
f 1856 1831 1811
f 1830 1856 1811
f 1809 1808 1857
f 1814 1809 1858
f 1809 1857 1858
f 1859 1791 1793
f 1860 1792 1791
f 1860 1791 1859
f 1844 1807 1849
f 1831 1861 1826
f 1861 1840 1826
f 1808 1813 1862
f 1808 1862 1857
f 1829 1814 1863
f 1814 1858 1863
f 1864 1804 1815
f 1864 1846 1804
f 1865 1793 1825
f 1859 1793 1865
f 1866 1836 1843
f 1867 1836 1866
f 1867 1837 1836
f 1824 1829 1868
f 1825 1824 1869
f 1869 1824 1868
f 1839 1870 1851
f 1870 1866 1851
f 1851 1866 1871
f 1851 1871 1852
f 1872 1830 1819
f 1854 1872 1819
f 1873 1870 1839
f 1840 1873 1839
f 1866 1843 1871
f 1870 1867 1866
f 1834 1852 1874
f 1834 1874 1853
f 1871 1843 1875
f 1843 1842 1875
f 1813 1823 1876
f 1813 1876 1862
f 1818 1832 1877
f 1818 1877 1855
f 1878 1812 1792
f 1878 1792 1860
f 1829 1863 1879
f 1868 1829 1879
f 1880 1837 1867
f 1880 1850 1837
f 1852 1871 1881
f 1852 1881 1874
f 1882 1867 1870
f 1873 1882 1870
f 1871 1875 1881
f 1883 1861 1831
f 1856 1883 1831
f 1884 1873 1840
f 1861 1884 1840
f 1885 1822 1784
f 1885 1784 1838
f 1882 1880 1867
f 1886 1856 1830
f 1872 1886 1830
f 1842 1844 1887
f 1875 1842 1887
f 1888 1828 1822
f 1849 1828 1888
f 1823 1835 1889
f 1823 1889 1876
f 1890 1825 1869
f 1865 1825 1890
f 1891 1817 1850
f 1891 1848 1817
f 1832 1853 1892
f 1832 1892 1877
f 1893 1854 1845
f 1894 1845 1846
f 1894 1893 1845
f 1895 1864 1815
f 1895 1815 1841
f 1896 1872 1854
f 1893 1896 1854
f 1888 1822 1885
f 1863 1858 1897
f 1858 1857 1898
f 1858 1898 1897
f 1844 1849 1899
f 1887 1844 1899
f 1900 1882 1873
f 1884 1900 1873
f 1879 1863 1901
f 1863 1897 1901
f 1902 1838 1794
f 1902 1794 1847
f 1903 1805 1848
f 1903 1847 1805
f 1857 1862 1904
f 1857 1904 1898
f 1905 1894 1846
f 1905 1846 1864
f 1899 1849 1888
f 1881 1875 1906
f 1875 1887 1906
f 1853 1874 1907
f 1853 1907 1892
f 1908 1884 1861
f 1883 1908 1861
f 1835 1855 1909
f 1835 1909 1889
f 1886 1910 1856
f 1910 1883 1856
f 1896 1911 1872
f 1911 1886 1872
f 1868 1879 1912
f 1869 1868 1913
f 1913 1868 1912
f 1914 1841 1812
f 1914 1812 1878
f 1874 1881 1915
f 1881 1906 1915
f 1874 1915 1907
f 1916 1880 1882
f 1900 1916 1882
f 1879 1901 1917
f 1912 1879 1917
f 1862 1876 1918
f 1862 1918 1904
f 1919 1850 1880
f 1919 1891 1850
f 1916 1919 1880
f 1901 1897 1896
f 1897 1911 1896
f 1897 1898 1911
f 1901 1896 1893
f 1917 1901 1893
f 1917 1893 1894
f 1855 1877 1920
f 1855 1920 1909
f 1911 1921 1886
f 1921 1910 1886
f 1922 1900 1884
f 1908 1922 1884
f 1910 1923 1883
f 1923 1908 1883
f 1898 1921 1911
f 1898 1904 1921
f 1924 1917 1894
f 1924 1894 1905
f 1925 1869 1913
f 1890 1869 1925
f 1876 1889 1926
f 1876 1926 1918
f 1887 1899 1927
f 1906 1887 1927
f 1912 1917 1924
f 1928 1905 1864
f 1928 1864 1895
f 1929 1885 1838
f 1929 1838 1902
f 1930 1848 1891
f 1930 1903 1848
f 1899 1888 1931
f 1931 1888 1885
f 1877 1892 1932
f 1877 1932 1920
f 1904 1933 1921
f 1904 1918 1933
f 1921 1933 1910
f 1933 1923 1910
f 1934 1859 1865
f 1935 1860 1859
f 1935 1859 1934
f 1927 1899 1931
f 1936 1902 1847
f 1936 1847 1903
f 1937 1916 1900
f 1922 1937 1900
f 1938 1912 1924
f 1913 1912 1938
f 1939 1865 1890
f 1934 1865 1939
f 1889 1909 1940
f 1889 1940 1926
f 1931 1885 1929
f 1915 1906 1941
f 1906 1927 1941
f 1892 1907 1942
f 1892 1942 1932
f 1923 1943 1908
f 1943 1922 1908
f 1944 1895 1841
f 1944 1841 1914
f 1918 1945 1933
f 1918 1926 1945
f 1907 1915 1946
f 1915 1941 1946
f 1907 1946 1942
f 1947 1919 1916
f 1937 1947 1916
f 1948 1878 1860
f 1948 1860 1935
f 1949 1924 1905
f 1949 1905 1928
f 1950 1891 1919
f 1950 1930 1891
f 1933 1945 1923
f 1947 1950 1919
f 1945 1943 1923
f 1938 1924 1949
f 1909 1920 1951
f 1909 1951 1940
f 1952 1913 1938
f 1925 1913 1952
f 1953 1890 1925
f 1939 1890 1953
f 1943 1954 1922
f 1954 1937 1922
f 1927 1931 1955
f 1941 1927 1955
f 1926 1956 1945
f 1926 1940 1956
f 1955 1931 1929
f 1957 1929 1902
f 1957 1902 1936
f 1958 1903 1930
f 1958 1936 1903
f 1945 1956 1943
f 1920 1932 1959
f 1920 1959 1951
f 1956 1954 1943
f 1955 1929 1957
f 1960 1947 1937
f 1954 1960 1937
f 1961 1928 1895
f 1961 1895 1944
f 1962 1914 1878
f 1962 1878 1948
f 1946 1941 1963
f 1941 1955 1963
f 1932 1942 1964
f 1932 1964 1959
f 1940 1965 1956
f 1940 1951 1965
f 1942 1946 1966
f 1946 1963 1966
f 1942 1966 1964
f 1967 1950 1947
f 1960 1967 1947
f 1956 1965 1954
f 1968 1938 1949
f 1952 1938 1968
f 1969 1930 1950
f 1969 1958 1930
f 1965 1960 1954
f 1967 1969 1950
f 1963 1955 1957
f 1970 1925 1952
f 1953 1925 1970
f 1971 1957 1936
f 1971 1936 1958
f 1951 1972 1965
f 1951 1959 1972
f 1973 1949 1928
f 1973 1928 1961
f 1965 1972 1960
f 1968 1949 1973
f 1963 1957 1971
f 1972 1967 1960
f 1959 1964 1974
f 1959 1974 1972
f 1966 1963 1971
f 1975 1958 1969
f 1975 1971 1958
f 1976 1944 1914
f 1976 1914 1962
f 1964 1966 1975
f 1964 1975 1974
f 1972 1974 1967
f 1974 1969 1967
f 1966 1971 1975
f 1974 1975 1969
f 1977 1934 1939
f 1978 1935 1934
f 1978 1934 1977
f 1979 1939 1953
f 1977 1939 1979
f 1980 1952 1968
f 1970 1952 1980
f 1981 1948 1935
f 1981 1935 1978
f 1982 1953 1970
f 1979 1953 1982
f 1983 1961 1944
f 1983 1944 1976
f 1984 1968 1973
f 1980 1968 1984
f 1985 1962 1948
f 1985 1948 1981
f 1986 1973 1961
f 1986 1961 1983
f 1984 1973 1986
f 1987 1970 1980
f 1982 1970 1987
f 1988 1976 1962
f 1988 1962 1985
f 1989 1980 1984
f 1987 1980 1989
f 1990 1977 1979
f 1991 1978 1977
f 1991 1977 1990
f 1992 1979 1982
f 1990 1979 1992
f 1993 1983 1976
f 1993 1976 1988
f 1994 1981 1978
f 1994 1978 1991
f 1995 1984 1986
f 1989 1984 1995
f 1996 1982 1987
f 1992 1982 1996
f 1997 1986 1983
f 1997 1983 1993
f 1995 1986 1997
f 1998 1985 1981
f 1998 1981 1994
f 1999 1987 1989
f 1996 1987 1999
f 2000 1988 1985
f 2000 1985 1998
f 2001 1989 1995
f 1999 1989 2001
f 2002 1990 1992
f 2003 1991 1990
f 2003 1990 2002
f 2004 1993 1988
f 2004 1988 2000
f 2005 1992 1996
f 2002 1992 2005
f 2006 1994 1991
f 2006 1991 2003
f 2007 1995 1997
f 2001 1995 2007
f 2008 1997 1993
f 2008 1993 2004
f 2009 1996 1999
f 2005 1996 2009
f 2007 1997 2008
f 2010 1998 1994
f 2010 1994 2006
f 2011 1999 2001
f 2009 1999 2011
f 2012 2000 1998
f 2012 1998 2010
f 2013 2001 2007
f 2011 2001 2013
f 2014 2004 2000
f 2014 2000 2012
f 2015 2002 2005
f 2016 2003 2002
f 2016 2002 2015
f 2017 2005 2009
f 2015 2005 2017
f 2018 2007 2008
f 2013 2007 2018
f 2019 2006 2003
f 2019 2003 2016
f 2020 2008 2004
f 2020 2004 2014
f 2018 2008 2020
f 2021 2009 2011
f 2017 2009 2021
f 2022 2010 2006
f 2022 2006 2019
f 2023 2011 2013
f 2021 2011 2023
f 2024 2012 2010
f 2024 2010 2022
f 2025 2013 2018
f 2023 2013 2025
f 2026 2014 2012
f 2026 2012 2024
f 2027 2015 2017
f 2028 2016 2015
f 2028 2015 2027
f 2029 2018 2020
f 2025 2018 2029
f 2030 2017 2021
f 2027 2017 2030
f 2031 2019 2016
f 2031 2016 2028
f 2032 2020 2014
f 2032 2014 2026
f 2029 2020 2032
f 2033 2021 2023
f 2030 2021 2033
f 2034 2022 2019
f 2034 2019 2031
f 2035 2023 2025
f 2033 2023 2035
f 2036 2024 2022
f 2036 2022 2034
f 2037 2025 2029
f 2035 2025 2037
f 2038 2026 2024
f 2038 2024 2036
f 2039 2027 2030
f 2040 2028 2027
f 2040 2027 2039
f 2041 2030 2033
f 2039 2030 2041
f 2042 2029 2032
f 2037 2029 2042
f 2043 2031 2028
f 2043 2028 2040
f 2044 2032 2026
f 2044 2026 2038
f 2042 2032 2044
f 2045 2033 2035
f 2041 2033 2045
f 2046 2034 2031
f 2046 2031 2043
f 2047 2035 2037
f 2045 2035 2047
f 2048 2036 2034
f 2048 2034 2046
f 2049 2037 2042
f 2047 2037 2049
f 2050 2038 2036
f 2050 2036 2048
f 2051 2039 2041
f 2052 2040 2039
f 2052 2039 2051
f 2053 2041 2045
f 2051 2041 2053
f 2054 2042 2044
f 2049 2042 2054
f 2055 2043 2040
f 2055 2040 2052
f 2056 2044 2038
f 2056 2038 2050
f 2054 2044 2056
f 2057 2045 2047
f 2053 2045 2057
f 2058 2046 2043
f 2058 2043 2055
f 2059 2047 2049
f 2057 2047 2059
f 2060 2048 2046
f 2060 2046 2058
f 2061 2049 2054
f 2059 2049 2061
f 2062 2051 2053
f 2063 2052 2051
f 2063 2051 2062
f 2064 2050 2048
f 2064 2048 2060
f 2065 2053 2057
f 2062 2053 2065
f 2066 2055 2052
f 2066 2052 2063
f 2067 2054 2056
f 2061 2054 2067
f 2068 2056 2050
f 2068 2050 2064
f 2069 2057 2059
f 2065 2057 2069
f 2067 2056 2068
f 2070 2058 2055
f 2070 2055 2066
f 2071 2059 2061
f 2069 2059 2071
f 2072 2060 2058
f 2072 2058 2070
f 2073 2062 2065
f 2074 2063 2062
f 2074 2062 2073
f 2075 2061 2067
f 2071 2061 2075
f 2076 2065 2069
f 2073 2065 2076
f 2077 2064 2060
f 2077 2060 2072
f 2078 2066 2063
f 2078 2063 2074
f 2079 2067 2068
f 2075 2067 2079
f 2076 2069 2080
f 2080 2069 2071
f 2081 2068 2064
f 2081 2064 2077
f 2082 2070 2066
f 2082 2066 2078
f 2079 2068 2081
f 2083 2073 2076
f 2084 2074 2073
f 2084 2073 2083
f 2085 2076 2080
f 2083 2076 2085
f 2086 2078 2074
f 2086 2074 2084
f 2080 2071 2087
f 2087 2071 2075
f 2088 2072 2070
f 2088 2070 2082
f 2085 2080 2089
f 2089 2080 2087
f 2090 2082 2078
f 2090 2078 2086
f 2091 2083 2085
f 2092 2084 2083
f 2092 2083 2091
f 2087 2075 2093
f 2093 2075 2079
f 2094 2085 2089
f 2091 2085 2094
f 2095 2086 2084
f 2095 2084 2092
f 2096 2077 2072
f 2096 2072 2088
f 2089 2087 2097
f 2097 2087 2093
f 2098 2088 2082
f 2098 2082 2090
f 2094 2089 2099
f 2099 2089 2097
f 2100 2079 2081
f 2093 2079 2100
f 2101 2090 2086
f 2101 2086 2095
f 2102 2081 2077
f 2102 2077 2096
f 2100 2081 2102
f 2103 2091 2094
f 2104 2092 2091
f 2104 2091 2103
f 2097 2093 2105
f 2105 2093 2100
f 2106 2094 2099
f 2103 2094 2106
f 2107 2095 2092
f 2107 2092 2104
f 2108 2096 2088
f 2108 2088 2098
f 2099 2097 2109
f 2109 2097 2105
f 2110 2098 2090
f 2110 2090 2101
f 2111 2100 2102
f 2105 2100 2111
f 2106 2099 2112
f 2112 2099 2109
f 2113 2101 2095
f 2113 2095 2107
f 2114 2102 2096
f 2114 2096 2108
f 2111 2102 2114
f 2115 2104 2103
f 2116 2103 2106
f 2115 2103 2116
f 2109 2105 2117
f 2117 2105 2111
f 2118 2108 2098
f 2118 2098 2110
f 2119 2107 2104
f 2119 2104 2115
f 2120 2106 2112
f 2116 2106 2120
f 2112 2109 2121
f 2121 2109 2117
f 2122 2110 2101
f 2122 2101 2113
f 2123 2111 2114
f 2117 2111 2123
f 2124 2114 2108
f 2124 2108 2118
f 2125 2113 2107
f 2125 2107 2119
f 2120 2112 2126
f 2126 2112 2121
f 2123 2114 2124
f 2121 2117 2127
f 2127 2117 2123
f 2128 2115 2116
f 2129 2116 2120
f 2128 2116 2129
f 2130 2118 2110
f 2130 2110 2122
f 2131 2119 2115
f 2131 2115 2128
f 2132 2120 2126
f 2129 2120 2132
f 2133 2122 2113
f 2133 2113 2125
f 2126 2121 2134
f 2134 2121 2127
f 2135 2123 2124
f 2127 2123 2135
f 2136 2124 2118
f 2136 2118 2130
f 2137 2125 2119
f 2137 2119 2131
f 2135 2124 2136
f 2132 2126 2138
f 2138 2126 2134
f 2139 2130 2122
f 2139 2122 2133
f 2134 2127 2140
f 2140 2127 2135
f 2141 2128 2129
f 2142 2129 2132
f 2141 2129 2142
f 2143 2131 2128
f 2143 2128 2141
f 2144 2132 2138
f 2142 2132 2144
f 2145 2133 2125
f 2145 2125 2137
f 2138 2134 2146
f 2146 2134 2140
f 2147 2136 2130
f 2147 2130 2139
f 2148 2135 2136
f 2140 2135 2148
f 2148 2136 2147
f 2149 2137 2131
f 2149 2131 2143
f 2144 2138 2150
f 2150 2138 2146
f 2151 2139 2133
f 2151 2133 2145
f 2146 2140 2152
f 2152 2140 2148
f 2153 2141 2142
f 2154 2142 2144
f 2153 2142 2154
f 2155 2143 2141
f 2155 2141 2153
f 2156 2145 2137
f 2156 2137 2149
f 2157 2144 2150
f 2154 2144 2157
f 2150 2146 2158
f 2158 2146 2152
f 2159 2147 2139
f 2159 2139 2151
f 2160 2148 2147
f 2152 2148 2160
f 2160 2147 2159
f 2161 2149 2143
f 2161 2143 2155
f 2162 2150 2158
f 2157 2150 2162
f 2163 2151 2145
f 2163 2145 2156
f 2164 2152 2160
f 2158 2152 2164
f 2165 2153 2154
f 2166 2154 2157
f 2165 2154 2166
f 2167 2156 2149
f 2167 2149 2161
f 2168 2155 2153
f 2168 2153 2165
f 2169 2159 2151
f 2169 2151 2163
f 2170 2160 2159
f 2164 2160 2170
f 2162 2158 2171
f 2171 2158 2164
f 2172 2157 2162
f 2166 2157 2172
f 2170 2159 2169
f 2173 2161 2155
f 2173 2155 2168
f 2174 2163 2156
f 2174 2156 2167
f 2175 2162 2171
f 2172 2162 2175
f 2176 2164 2170
f 2171 2164 2176
f 2177 2167 2161
f 2177 2161 2173
f 2178 2169 2163
f 2178 2163 2174
f 2179 2165 2166
f 2180 2166 2172
f 2179 2166 2180
f 2181 2170 2169
f 2176 2170 2181
f 2182 2168 2165
f 2182 2165 2179
f 2175 2171 2183
f 2183 2171 2176
f 2181 2169 2178
f 2184 2172 2175
f 2180 2172 2184
f 2185 2173 2168
f 2185 2168 2182
f 2186 2174 2167
f 2186 2167 2177
f 2187 2175 2183
f 2184 2175 2187
f 2188 2176 2181
f 2183 2176 2188
f 2189 2178 2174
f 2189 2174 2186
f 2190 2177 2173
f 2190 2173 2185
f 2191 2181 2178
f 2188 2181 2191
f 2192 2179 2180
f 2193 2180 2184
f 2192 2180 2193
f 2191 2178 2189
f 2194 2182 2179
f 2194 2179 2192
f 2195 2183 2188
f 2187 2183 2195
f 2196 2184 2187
f 2193 2184 2196
f 2197 2186 2177
f 2197 2177 2190
f 2198 2185 2182
f 2198 2182 2194
f 2199 2188 2191
f 2195 2188 2199
f 2200 2187 2195
f 2196 2187 2200
f 2201 2189 2186
f 2201 2186 2197
f 2202 2190 2185
f 2202 2185 2198
f 2203 2191 2189
f 2199 2191 2203
f 2203 2189 2201
f 2204 2192 2193
f 2205 2193 2196
f 2204 2193 2205
f 2206 2195 2199
f 2200 2195 2206
f 2207 2194 2192
f 2207 2192 2204
f 2208 2196 2200
f 2205 2196 2208
f 2209 2197 2190
f 2209 2190 2202
f 2210 2198 2194
f 2210 2194 2207
f 2211 2199 2203
f 2206 2199 2211
f 2212 2200 2206
f 2208 2200 2212
f 2213 2201 2197
f 2213 2197 2209
f 2214 2203 2201
f 2211 2203 2214
f 2215 2202 2198
f 2215 2198 2210
f 2214 2201 2213
f 2216 2206 2211
f 2212 2206 2216
f 2204 2205 2208
f 2204 2208 2207
f 2207 2208 2212
f 2217 2209 2202
f 2217 2202 2215
f 2207 2212 2210
f 2218 2211 2214
f 2216 2211 2218
f 2219 2213 2209
f 2219 2209 2217
f 2210 2212 2216
f 2220 2214 2213
f 2218 2214 2220
f 2220 2213 2219
f 2210 2216 2215
f 2215 2216 2218
f 2215 2218 2217
f 2217 2218 2220
f 2217 2220 2219
f 2221 2222 2223
f 2222 2224 2223
f 2225 2226 2222
f 2227 2225 2222
f 2227 2222 2221
f 2222 2226 2224
f 2228 2223 2229
f 2223 2230 2229
f 2221 2223 2228
f 2223 2224 2230
f 2231 2232 2225
f 2233 2231 2225
f 2225 2232 2226
f 2233 2225 2227
f 2229 2234 2228
f 2229 2230 2234
f 2235 2236 2231
f 2236 2237 2231
f 2231 2237 2232
f 2235 2231 2233
f 2228 2238 2221
f 2228 2234 2238
f 2239 2236 2235
f 2239 2240 2236
f 2236 2240 2237
f 2221 2241 2227
f 2221 2238 2241
f 2226 2242 2224
f 2232 2243 2226
f 2226 2243 2242
f 2224 2244 2230
f 2224 2242 2244
f 2235 2245 2239
f 2239 2245 2240
f 2237 2246 2232
f 2232 2246 2243
f 2230 2247 2234
f 2230 2244 2247
f 2227 2248 2233
f 2227 2241 2248
f 2233 2249 2235
f 2235 2249 2245
f 2233 2248 2249
f 2240 2250 2237
f 2237 2250 2246
f 2234 2251 2238
f 2234 2247 2251
f 2245 2252 2240
f 2240 2252 2250
f 2238 2253 2241
f 2238 2251 2253
f 2243 2254 2242
f 2242 2255 2244
f 2242 2254 2255
f 2246 2256 2243
f 2243 2256 2254
f 2244 2257 2247
f 2244 2255 2257
f 2250 2258 2246
f 2246 2258 2256
f 2249 2259 2245
f 2245 2259 2252
f 2241 2260 2248
f 2241 2253 2260
f 2248 2261 2249
f 2249 2261 2259
f 2247 2262 2251
f 2247 2257 2262
f 2248 2260 2261
f 2252 2263 2250
f 2250 2263 2258
f 2251 2264 2253
f 2251 2262 2264
f 2256 2265 2254
f 2254 2266 2255
f 2254 2265 2266
f 2258 2267 2256
f 2256 2267 2265
f 2259 2268 2252
f 2252 2268 2263
f 2255 2269 2257
f 2255 2266 2269
f 2263 2270 2258
f 2258 2270 2267
f 2253 2271 2260
f 2253 2264 2271
f 2261 2272 2259
f 2259 2272 2268
f 2257 2273 2262
f 2257 2269 2273
f 2260 2274 2261
f 2260 2271 2274
f 2261 2274 2272
f 2268 2275 2263
f 2263 2275 2270
f 2262 2276 2264
f 2262 2273 2276
f 2267 2277 2265
f 2265 2278 2266
f 2265 2277 2278
f 2270 2279 2267
f 2267 2279 2277
f 2266 2280 2269
f 2266 2278 2280
f 2272 2281 2268
f 2268 2281 2275
f 2275 2282 2270
f 2270 2282 2279
f 2264 2283 2271
f 2264 2276 2283
f 2269 2284 2273
f 2269 2280 2284
f 2274 2285 2272
f 2272 2285 2281
f 2271 2286 2274
f 2271 2283 2286
f 2274 2286 2285
f 2281 2287 2275
f 2275 2287 2282
f 2273 2288 2276
f 2273 2284 2288
f 2277 2289 2278
f 2279 2290 2277
f 2277 2290 2289
f 2278 2291 2280
f 2278 2289 2291
f 2282 2292 2279
f 2279 2292 2290
f 2285 2293 2281
f 2281 2293 2287
f 2280 2294 2284
f 2280 2291 2294
f 2276 2295 2283
f 2276 2288 2295
f 2287 2296 2282
f 2282 2296 2292
f 2286 2297 2285
f 2285 2297 2293
f 2283 2298 2286
f 2283 2295 2298
f 2284 2299 2288
f 2284 2294 2299
f 2286 2298 2297
f 2293 2300 2287
f 2287 2300 2296
f 2290 2301 2289
f 2292 2302 2290
f 2290 2302 2301
f 2289 2303 2291
f 2289 2301 2303
f 2296 2304 2292
f 2292 2304 2302
f 2291 2305 2294
f 2291 2303 2305
f 2288 2306 2295
f 2288 2299 2306
f 2297 2307 2293
f 2293 2307 2300
f 2300 2308 2296
f 2296 2308 2304
f 2294 2309 2299
f 2294 2305 2309
f 2295 2310 2298
f 2295 2306 2310
f 2298 2311 2297
f 2297 2311 2307
f 2298 2310 2311
f 2302 2312 2301
f 2301 2313 2303
f 2301 2312 2313
f 2304 2314 2302
f 2302 2314 2312
f 2307 2315 2300
f 2300 2315 2308
f 2308 2316 2304
f 2304 2316 2314
f 2303 2317 2305
f 2303 2313 2317
f 2299 2318 2306
f 2299 2309 2318
f 2311 2319 2307
f 2307 2319 2315
f 2315 2320 2308
f 2308 2320 2316
f 2305 2321 2309
f 2305 2317 2321
f 2306 2322 2310
f 2306 2318 2322
f 2310 2323 2311
f 2311 2323 2319
f 2314 2324 2312
f 2312 2325 2313
f 2312 2324 2325
f 2316 2326 2314
f 2314 2326 2324
f 2310 2322 2323
f 2319 2327 2315
f 2315 2327 2320
f 2313 2328 2317
f 2313 2325 2328
f 2320 2329 2316
f 2316 2329 2326
f 2309 2330 2318
f 2309 2321 2330
f 2317 2331 2321
f 2317 2328 2331
f 2323 2332 2319
f 2319 2332 2327
f 2327 2333 2320
f 2320 2333 2329
f 2318 2334 2322
f 2318 2330 2334
f 2326 2335 2324
f 2324 2336 2325
f 2324 2335 2336
f 2322 2337 2323
f 2322 2334 2337
f 2323 2337 2332
f 2329 2338 2326
f 2326 2338 2335
f 2321 2339 2330
f 2321 2331 2339
f 2325 2340 2328
f 2325 2336 2340
f 2332 2341 2327
f 2327 2341 2333
f 2333 2342 2329
f 2329 2342 2338
f 2328 2343 2331
f 2328 2340 2343
f 2330 2344 2334
f 2330 2339 2344
f 2337 2345 2332
f 2332 2345 2341
f 2341 2346 2333
f 2333 2346 2342
f 2334 2347 2337
f 2334 2344 2347
f 2337 2347 2345
f 2331 2348 2339
f 2331 2343 2348
f 2335 2349 2336
f 2338 2350 2335
f 2335 2350 2349
f 2336 2351 2340
f 2336 2349 2351
f 2342 2352 2338
f 2338 2352 2350
f 2345 2353 2341
f 2341 2353 2346
f 2340 2354 2343
f 2340 2351 2354
f 2346 2355 2342
f 2342 2355 2352
f 2339 2356 2344
f 2339 2348 2356
f 2347 2357 2345
f 2345 2357 2353
f 2343 2358 2348
f 2343 2354 2358
f 2353 2359 2346
f 2346 2359 2355
f 2344 2360 2347
f 2344 2356 2360
f 2347 2360 2357
f 2352 2361 2350
f 2355 2362 2352
f 2352 2362 2361
f 2350 2363 2349
f 2350 2361 2363
f 2349 2364 2351
f 2349 2363 2364
f 2348 2365 2356
f 2348 2358 2365
f 2357 2366 2353
f 2353 2366 2359
f 2351 2367 2354
f 2351 2364 2367
f 2359 2368 2355
f 2355 2368 2362
f 2356 2369 2360
f 2356 2365 2369
f 2360 2370 2357
f 2357 2370 2366
f 2360 2369 2370
f 2354 2371 2358
f 2354 2367 2371
f 2366 2372 2359
f 2359 2372 2368
f 2358 2373 2365
f 2358 2371 2373
f 2370 2374 2366
f 2366 2374 2372
f 2362 2368 2361
f 2361 2372 2363
f 2361 2368 2372
f 2363 2374 2364
f 2363 2372 2374
f 2364 2375 2367
f 2364 2374 2375
f 2369 2375 2370
f 2370 2375 2374
f 2365 2376 2369
f 2369 2376 2375
f 2365 2373 2376
f 2367 2376 2371
f 2367 2375 2376
f 2371 2376 2373
f 2377 2378 2379
f 2378 2380 2379
f 2381 2378 2377
f 2381 2382 2378
f 2382 2383 2378
f 2378 2383 2380
f 2384 2379 2385
f 2379 2386 2385
f 2377 2379 2384
f 2379 2380 2386
f 2384 2385 2387
f 2387 2385 2388
f 2385 2389 2388
f 2385 2386 2389
f 2390 2377 2384
f 2391 2381 2377
f 2391 2377 2390
f 2392 2384 2387
f 2390 2384 2392
f 2393 2382 2381
f 2393 2394 2382
f 2394 2395 2382
f 2382 2395 2383
f 2387 2388 2396
f 2397 2387 2396
f 2392 2387 2397
f 2398 2393 2381
f 2398 2381 2391
f 2396 2388 2399
f 2388 2400 2399
f 2388 2389 2400
f 2401 2394 2393
f 2401 2402 2394
f 2402 2403 2394
f 2394 2403 2395
f 2396 2399 2404
f 2405 2396 2404
f 2397 2396 2405
f 2406 2401 2393
f 2406 2393 2398
f 2404 2399 2407
f 2399 2408 2407
f 2399 2400 2408
f 2409 2410 2402
f 2410 2411 2402
f 2409 2402 2401
f 2402 2411 2403
f 2404 2407 2412
f 2412 2407 2413
f 2407 2414 2413
f 2407 2408 2414
f 2415 2404 2412
f 2405 2404 2415
f 2416 2417 2410
f 2417 2418 2410
f 2416 2410 2409
f 2410 2418 2411
f 2419 2409 2401
f 2419 2401 2406
f 2420 2413 2417
f 2413 2421 2417
f 2420 2417 2416
f 2417 2421 2418
f 2412 2413 2420
f 2413 2414 2421
f 2422 2412 2420
f 2415 2412 2422
f 2423 2416 2409
f 2423 2409 2419
f 2383 2411 2380
f 2380 2418 2386
f 2380 2411 2418
f 2395 2403 2383
f 2383 2403 2411
f 2424 2390 2392
f 2425 2391 2390
f 2425 2390 2424
f 2426 2392 2397
f 2424 2392 2426
f 2386 2421 2389
f 2386 2418 2421
f 2427 2420 2416
f 2427 2416 2423
f 2422 2420 2427
f 2389 2414 2400
f 2389 2421 2414
f 2428 2397 2405
f 2426 2397 2428
f 2429 2398 2391
f 2429 2391 2425
f 2400 2414 2408
f 2430 2405 2415
f 2428 2405 2430
f 2431 2406 2398
f 2431 2398 2429
f 2432 2415 2422
f 2430 2415 2432
f 2433 2419 2406
f 2433 2406 2431
f 2434 2422 2427
f 2432 2422 2434
f 2435 2423 2419
f 2435 2419 2433
f 2436 2427 2423
f 2436 2423 2435
f 2434 2427 2436
f 2437 2424 2426
f 2438 2425 2424
f 2438 2424 2437
f 2439 2426 2428
f 2437 2426 2439
f 2440 2429 2425
f 2440 2425 2438
f 2441 2428 2430
f 2439 2428 2441
f 2442 2431 2429
f 2442 2429 2440
f 2443 2430 2432
f 2441 2430 2443
f 2444 2433 2431
f 2444 2431 2442
f 2445 2432 2434
f 2443 2432 2445
f 2446 2435 2433
f 2446 2433 2444
f 2447 2434 2436
f 2445 2434 2447
f 2448 2436 2435
f 2448 2435 2446
f 2447 2436 2448
f 2449 2437 2439
f 2450 2438 2437
f 2450 2437 2449
f 2451 2439 2441
f 2449 2439 2451
f 2452 2440 2438
f 2452 2438 2450
f 2453 2441 2443
f 2451 2441 2453
f 2454 2442 2440
f 2454 2440 2452
f 2455 2443 2445
f 2453 2443 2455
f 2456 2444 2442
f 2456 2442 2454
f 2457 2445 2447
f 2455 2445 2457
f 2458 2446 2444
f 2458 2444 2456
f 2459 2447 2448
f 2457 2447 2459
f 2460 2448 2446
f 2460 2446 2458
f 2459 2448 2460
f 2461 2449 2451
f 2462 2450 2449
f 2462 2449 2461
f 2463 2451 2453
f 2461 2451 2463
f 2464 2452 2450
f 2464 2450 2462
f 2465 2453 2455
f 2463 2453 2465
f 2466 2454 2452
f 2466 2452 2464
f 2467 2455 2457
f 2465 2455 2467
f 2468 2456 2454
f 2468 2454 2466
f 2469 2457 2459
f 2467 2457 2469
f 2470 2458 2456
f 2470 2456 2468
f 2471 2459 2460
f 2469 2459 2471
f 2472 2460 2458
f 2472 2458 2470
f 2471 2460 2472
f 2473 2461 2463
f 2474 2462 2461
f 2474 2461 2473
f 2475 2463 2465
f 2473 2463 2475
f 2476 2464 2462
f 2476 2462 2474
f 2477 2465 2467
f 2475 2465 2477
f 2478 2466 2464
f 2478 2464 2476
f 2479 2467 2469
f 2477 2467 2479
f 2480 2468 2466
f 2480 2466 2478
f 2481 2469 2471
f 2479 2469 2481
f 2482 2470 2468
f 2482 2468 2480
f 2483 2471 2472
f 2481 2471 2483
f 2484 2472 2470
f 2484 2470 2482
f 2483 2472 2484
f 2485 2473 2475
f 2486 2474 2473
f 2486 2473 2485
f 2487 2475 2477
f 2485 2475 2487
f 2488 2476 2474
f 2488 2474 2486
f 2489 2477 2479
f 2487 2477 2489
f 2490 2478 2476
f 2490 2476 2488
f 2491 2479 2481
f 2489 2479 2491
f 2492 2480 2478
f 2492 2478 2490
f 2493 2481 2483
f 2491 2481 2493
f 2494 2482 2480
f 2494 2480 2492
f 2495 2483 2484
f 2493 2483 2495
f 2496 2484 2482
f 2496 2482 2494
f 2495 2484 2496
f 2497 2486 2485
f 2498 2485 2487
f 2497 2485 2498
f 2499 2488 2486
f 2499 2486 2497
f 2500 2487 2489
f 2498 2487 2500
f 2501 2490 2488
f 2501 2488 2499
f 2502 2489 2491
f 2500 2489 2502
f 2503 2492 2490
f 2503 2490 2501
f 2504 2491 2493
f 2502 2491 2504
f 2505 2494 2492
f 2505 2492 2503
f 2506 2493 2495
f 2504 2493 2506
f 2507 2496 2494
f 2507 2494 2505
f 2508 2495 2496
f 2506 2495 2508
f 2508 2496 2507
f 2509 2497 2498
f 2510 2498 2500
f 2509 2498 2510
f 2511 2499 2497
f 2511 2497 2509
f 2512 2500 2502
f 2510 2500 2512
f 2513 2501 2499
f 2513 2499 2511
f 2514 2502 2504
f 2512 2502 2514
f 2515 2503 2501
f 2515 2501 2513
f 2516 2504 2506
f 2514 2504 2516
f 2517 2505 2503
f 2517 2503 2515
f 2518 2506 2508
f 2516 2506 2518
f 2519 2509 2510
f 2520 2510 2512
f 2519 2510 2520
f 2521 2511 2509
f 2521 2509 2519
f 2522 2507 2505
f 2522 2505 2517
f 2523 2508 2507
f 2518 2508 2523
f 2524 2512 2514
f 2520 2512 2524
f 2523 2507 2522
f 2525 2513 2511
f 2525 2511 2521
f 2526 2514 2516
f 2524 2514 2526
f 2527 2515 2513
f 2527 2513 2525
f 2528 2516 2518
f 2526 2516 2528
f 2519 2520 2521
f 2521 2520 2524
f 2521 2524 2525
f 2525 2524 2526
f 2529 2517 2515
f 2529 2515 2527
f 2530 2518 2523
f 2528 2518 2530
f 2525 2526 2527
f 2527 2526 2528
f 2531 2522 2517
f 2531 2517 2529
f 2532 2523 2522
f 2530 2523 2532
f 2532 2522 2531
f 2527 2528 2529
f 2529 2528 2530
f 2529 2530 2531
f 2531 2530 2532
