# 
# Wavefront OBJ file
# Created with Kaydara FBX
# 
mtllib c:\users\tjvan\onedrive\documenten\fontys\minor\nx\.mtlmodels\crural_fascia.r.obj

g Crural_fascia_r
v -0.136181 0.318541 -0.056793
v -0.136075 0.311163 -0.065245
v -0.136300 0.311607 -0.056682
v -0.135226 0.311807 -0.048155
v -0.135756 0.304140 -0.064957
v -0.136102 0.304646 -0.056483
v -0.136264 0.318235 -0.065444
v -0.136061 0.325277 -0.065496
v -0.135167 0.310557 -0.073714
v -0.135464 0.317716 -0.074010
v -0.135971 0.325453 -0.056770
v -0.134971 0.325413 -0.048083
v -0.135123 0.318612 -0.048172
v -0.135790 0.297763 -0.056270
v -0.135220 0.304929 -0.048020
v -0.135575 0.332379 -0.056625
v -0.135675 0.332333 -0.065420
v -0.135258 0.332092 -0.074212
v -0.135602 0.324913 -0.074193
v -0.134909 0.332201 -0.047837
v -0.135362 0.297179 -0.064645
v -0.134775 0.290255 -0.064269
v -0.135353 0.290950 -0.056067
v -0.134358 0.291369 -0.047867
v -0.134869 0.298109 -0.047938
v -0.134147 0.296407 -0.072861
v -0.134730 0.303469 -0.073329
v -0.135146 0.339278 -0.056329
v -0.135088 0.339361 -0.065201
v -0.133466 0.317088 -0.082375
v -0.133649 0.324344 -0.082684
v -0.133903 0.283388 -0.063731
v -0.134720 0.284206 -0.055782
v -0.133342 0.289373 -0.072269
v -0.134674 0.339221 -0.074095
v -0.133173 0.338810 -0.082901
v -0.133537 0.331616 -0.082870
v -0.132435 0.305010 -0.040037
v -0.132444 0.318494 -0.039959
v -0.132515 0.311759 -0.040029
v -0.132496 0.302773 -0.081421
v -0.133122 0.309902 -0.081977
v -0.134316 0.346341 -0.064844
v -0.134661 0.338999 -0.047482
v -0.134064 0.345833 -0.047050
v -0.134449 0.346178 -0.055908
v -0.132441 0.325191 -0.039752
v -0.132391 0.338572 -0.039035
v -0.132458 0.331861 -0.039434
v -0.131878 0.298265 -0.040188
v -0.133731 0.284723 -0.047720
v -0.133988 0.277478 -0.055285
v -0.131761 0.295667 -0.080773
v -0.133896 0.346290 -0.073807
v -0.132239 0.345348 -0.038525
v -0.133636 0.353086 -0.055393
v -0.133504 0.352725 -0.046495
v -0.130503 0.284986 -0.040409
v -0.131135 0.291628 -0.040367
v -0.133105 0.353383 -0.073432
v -0.133463 0.353319 -0.064400
v -0.132884 0.276597 -0.063008
v -0.133061 0.278104 -0.047477
v -0.133323 0.270845 -0.054621
v -0.132322 0.271436 -0.047164
v -0.131928 0.269908 -0.062170
v -0.132275 0.282439 -0.071505
v -0.130978 0.275632 -0.070543
v -0.132480 0.345964 -0.082667
v -0.130011 0.323660 -0.090623
v -0.132738 0.359965 -0.054782
v -0.129976 0.330845 -0.090962
v -0.132633 0.359610 -0.045844
v -0.131295 0.359135 -0.037311
v -0.131874 0.352218 -0.037966
v -0.129134 0.309338 -0.089537
v -0.129623 0.316474 -0.090116
v -0.132531 0.360261 -0.063885
v -0.129784 0.281586 -0.079025
v -0.130900 0.288588 -0.080000
v -0.132505 0.264143 -0.053947
v -0.130961 0.263331 -0.061241
v -0.129277 0.345372 -0.091001
v -0.129806 0.338097 -0.091187
v -0.128492 0.302238 -0.088822
v -0.132157 0.360459 -0.073004
v -0.131878 0.353159 -0.082329
v -0.131030 0.360382 -0.081948
v -0.129849 0.278391 -0.040411
v -0.129700 0.268955 -0.069446
v -0.131674 0.366457 -0.045030
v -0.131520 0.367131 -0.063300
v -0.131761 0.366772 -0.054066
v -0.130432 0.366096 -0.036453
v -0.131598 0.264634 -0.046853
v -0.131707 0.257372 -0.053400
v -0.128466 0.311625 -0.032631
v -0.128512 0.318298 -0.032396
v -0.128490 0.331528 -0.031784
v -0.128397 0.338144 -0.031443
v -0.127727 0.298258 -0.033119
v -0.128191 0.304949 -0.032881
v -0.128507 0.324928 -0.032113
v -0.128309 0.264949 -0.040406
v -0.129156 0.271692 -0.040381
v -0.128367 0.274727 -0.077842
v -0.127988 0.351609 -0.030518
v -0.128255 0.344836 -0.031032
v -0.131116 0.367479 -0.072542
v -0.127645 0.358544 -0.029780
v -0.128777 0.352632 -0.090676
v -0.127067 0.288060 -0.087150
v -0.127782 0.295153 -0.088033
v -0.130639 0.373242 -0.044047
v -0.130762 0.373474 -0.053201
v -0.130696 0.257773 -0.046629
v -0.129996 0.256780 -0.060352
v -0.130793 0.250519 -0.053005
v -0.129715 0.250877 -0.046518
v -0.129118 0.250126 -0.059607
v -0.129993 0.374387 -0.071931
v -0.130488 0.373874 -0.062564
v -0.127117 0.291625 -0.033359
v -0.130193 0.367681 -0.081611
v -0.127626 0.367384 -0.090046
v -0.128153 0.359907 -0.090306
v -0.127147 0.256011 -0.067045
v -0.128404 0.262437 -0.068252
v -0.126100 0.280996 -0.086078
v -0.129827 0.243603 -0.052702
v -0.128295 0.243396 -0.058970
v -0.129752 0.380096 -0.052155
v -0.127381 0.258139 -0.040507
v -0.129157 0.372994 -0.035445
v -0.129472 0.379946 -0.042922
v -0.127580 0.379824 -0.034366
v -0.125802 0.278421 -0.033835
v -0.126470 0.285024 -0.033591
v -0.129470 0.380522 -0.061599
v -0.125584 0.372532 -0.028003
v -0.126971 0.365557 -0.028876
v -0.129051 0.374827 -0.081050
v -0.124279 0.330183 -0.097793
v -0.123842 0.316023 -0.096723
v -0.124174 0.323086 -0.097347
v -0.126028 0.249565 -0.065913
v -0.128926 0.381195 -0.071022
v -0.127963 0.382013 -0.080165
v -0.128664 0.243925 -0.046454
v -0.128729 0.236646 -0.052412
v -0.124247 0.337461 -0.098038
v -0.128359 0.386625 -0.041634
v -0.128562 0.387109 -0.060418
v -0.128866 0.386690 -0.050933
v -0.125496 0.244412 -0.040756
v -0.126460 0.251302 -0.040627
v -0.125391 0.261576 -0.075076
v -0.126901 0.268043 -0.076521
v -0.123356 0.308977 -0.095968
v -0.125982 0.386641 -0.033168
v -0.123301 0.352143 -0.097507
v -0.123835 0.344792 -0.097851
v -0.125112 0.271796 -0.034097
v -0.123947 0.379503 -0.027017
v -0.126672 0.374931 -0.089511
v -0.127954 0.387929 -0.069794
v -0.128372 0.393248 -0.049544
v -0.127634 0.393332 -0.040125
v -0.127737 0.406774 -0.056066
v -0.128745 0.406342 -0.046613
v -0.128792 0.413145 -0.045343
v -0.126125 0.414119 -0.035854
v -0.128332 0.420103 -0.044209
v -0.127816 0.413401 -0.054709
v -0.128425 0.399731 -0.048058
v -0.126976 0.407089 -0.037114
v -0.127671 0.236930 -0.046397
v -0.127444 0.236554 -0.058405
v -0.126600 0.229903 -0.046278
v -0.127640 0.229597 -0.052110
v -0.126445 0.229643 -0.057903
v -0.127877 0.393692 -0.059037
v -0.127140 0.394682 -0.068299
v -0.124159 0.324699 -0.024874
v -0.124201 0.311440 -0.025535
v -0.124228 0.318086 -0.025209
v -0.124058 0.331269 -0.024557
v -0.122300 0.294897 -0.094336
v -0.122831 0.301943 -0.095169
v -0.127710 0.400265 -0.057552
v -0.127325 0.400049 -0.038528
v -0.123945 0.255239 -0.073588
v -0.123772 0.344447 -0.023988
v -0.123926 0.337822 -0.024280
v -0.123216 0.267377 -0.083196
v -0.124721 0.274101 -0.084703
v -0.127771 0.420114 -0.053424
v -0.127804 0.426708 -0.043096
v -0.127652 0.426793 -0.052120
v -0.123340 0.427117 -0.033596
v -0.124469 0.420984 -0.034654
v -0.123516 0.258304 -0.034653
v -0.124351 0.265074 -0.034370
v -0.124228 0.236445 -0.064053
v -0.125099 0.243056 -0.064928
v -0.123561 0.351171 -0.023619
v -0.123999 0.304785 -0.025855
v -0.122839 0.359424 -0.097163
v -0.126895 0.389084 -0.078839
v -0.124434 0.390332 -0.087024
v -0.125647 0.382695 -0.088540
v -0.125721 0.414787 -0.063222
v -0.127589 0.432903 -0.042073
v -0.123508 0.432954 -0.033572
v -0.121701 0.287850 -0.093362
v -0.127782 0.452697 -0.047313
v -0.127545 0.452444 -0.043377
v -0.127712 0.456418 -0.046891
v -0.125827 0.460352 -0.051829
v -0.127364 0.446085 -0.048114
v -0.125350 0.453509 -0.053973
v -0.125541 0.460434 -0.052665
v -0.125375 0.421469 -0.061620
v -0.123062 0.291477 -0.026547
v -0.123599 0.298119 -0.026184
v -0.126556 0.401386 -0.066631
v -0.126103 0.408118 -0.064881
v -0.124575 0.237464 -0.040871
v -0.127468 0.439051 -0.041225
v -0.127669 0.439711 -0.049392
v -0.127669 0.433406 -0.050771
v -0.124944 0.434596 -0.058295
v -0.124760 0.440883 -0.056667
v -0.126633 0.222577 -0.051865
v -0.125342 0.222735 -0.057573
v -0.122594 0.365016 -0.022335
v -0.123220 0.358058 -0.023071
v -0.121808 0.374824 -0.096216
v -0.122404 0.366941 -0.096773
v -0.123630 0.400727 -0.030398
v -0.124676 0.393592 -0.031778
v -0.125070 0.428090 -0.059953
v -0.127353 0.448952 -0.040234
v -0.127367 0.445566 -0.040525
v -0.125221 0.445304 -0.035611
v -0.124020 0.443396 -0.033182
v -0.123751 0.439013 -0.033358
v -0.123421 0.229736 -0.063369
v -0.124809 0.447035 -0.055209
v -0.122372 0.407849 -0.029145
v -0.125876 0.396129 -0.077121
v -0.124876 0.403129 -0.075153
v -0.121462 0.372047 -0.021485
v -0.121720 0.260881 -0.081606
v -0.125613 0.222807 -0.046121
v -0.125061 0.215685 -0.051841
v -0.122741 0.223338 -0.040996
v -0.123680 0.230454 -0.040933
v -0.122434 0.284844 -0.026924
v -0.122645 0.251536 -0.034957
v -0.118404 0.420359 -0.025770
v -0.120458 0.414318 -0.027764
v -0.119816 0.273888 -0.090802
v -0.120930 0.280804 -0.092208
v -0.124019 0.410010 -0.073160
v -0.121473 0.242639 -0.070736
v -0.122639 0.248945 -0.072131
v -0.120640 0.393489 -0.024768
v -0.122187 0.386466 -0.025985
v -0.123210 0.397809 -0.085060
v -0.121092 0.271610 -0.027831
v -0.121769 0.278232 -0.027358
v -0.122523 0.423528 -0.069261
v -0.123200 0.416796 -0.071229
v -0.120880 0.382933 -0.095079
v -0.124093 0.215816 -0.046312
v -0.125526 0.460982 -0.052583
v -0.121478 0.461406 -0.057869
v -0.121211 0.454851 -0.059718
v -0.121539 0.465422 -0.057073
v -0.120934 0.237807 -0.035589
v -0.121768 0.244722 -0.035280
v -0.124016 0.215854 -0.057315
v -0.121266 0.216114 -0.062294
v -0.122501 0.222970 -0.062830
v -0.120825 0.448523 -0.061448
v -0.120471 0.236230 -0.069480
v -0.122746 0.208889 -0.046543
v -0.122847 0.208958 -0.057206
v -0.123783 0.208797 -0.051899
v -0.121911 0.430166 -0.067255
v -0.120887 0.442454 -0.063296
v -0.121460 0.436473 -0.065326
v -0.120693 0.412137 -0.080751
v -0.121884 0.405073 -0.082933
v -0.118464 0.267099 -0.089231
v -0.119230 0.400515 -0.023432
v -0.117386 0.426563 -0.023864
v -0.118195 0.398652 -0.091445
v -0.119603 0.390889 -0.093480
v -0.120386 0.264963 -0.028317
v -0.116674 0.337224 -0.102577
v -0.116729 0.322894 -0.102270
v -0.116825 0.330031 -0.102650
v -0.120033 0.317852 -0.018165
v -0.119877 0.324477 -0.017799
v -0.119951 0.304517 -0.018929
v -0.120077 0.311191 -0.018534
v -0.116541 0.315855 -0.101739
v -0.121550 0.216225 -0.041210
v -0.119489 0.337656 -0.017276
v -0.119678 0.331067 -0.017482
v -0.120155 0.209203 -0.061997
v -0.118639 0.439222 -0.026868
v -0.118882 0.248344 -0.078190
v -0.120239 0.254561 -0.079911
v -0.118239 0.386064 -0.019473
v -0.119932 0.379090 -0.020556
v -0.119307 0.344273 -0.017128
v -0.116346 0.344478 -0.102332
v -0.121744 0.202028 -0.057119
v -0.122641 0.201888 -0.051980
v -0.120139 0.230796 -0.035879
v -0.119625 0.297838 -0.019367
v -0.118760 0.357748 -0.016636
v -0.119082 0.350966 -0.016930
v -0.118792 0.251496 -0.029315
v -0.119613 0.258255 -0.028808
v -0.116978 0.434396 -0.022244
v -0.118731 0.223014 -0.067587
v -0.119623 0.229692 -0.068462
v -0.115885 0.301870 -0.100249
v -0.116220 0.308857 -0.100993
v -0.115459 0.359267 -0.101502
v -0.115901 0.351838 -0.101975
v -0.118205 0.364653 -0.016095
v -0.119742 0.419185 -0.078638
v -0.118515 0.284546 -0.020337
v -0.119127 0.291180 -0.019834
v -0.115491 0.294884 -0.099366
v -0.121580 0.201932 -0.046807
v -0.119251 0.202128 -0.041918
v -0.120344 0.209154 -0.041525
v -0.118362 0.216563 -0.036455
v -0.119325 0.223707 -0.036144
v -0.121396 0.194896 -0.052090
v -0.117641 0.242163 -0.076465
v -0.117840 0.432635 -0.074089
v -0.118747 0.426077 -0.076375
v -0.117691 0.216231 -0.066828
v -0.115194 0.366853 -0.101031
v -0.114851 0.412456 -0.019557
v -0.117244 0.406716 -0.021959
v -0.116541 0.392818 -0.018146
v -0.116675 0.406127 -0.089239
v -0.113953 0.382681 -0.098862
v -0.114781 0.374723 -0.100180
v -0.117979 0.244686 -0.029852
v -0.117860 0.277895 -0.020931
v -0.120573 0.195004 -0.057004
v -0.118194 0.195170 -0.061492
v -0.119167 0.202223 -0.061762
v -0.115724 0.254181 -0.085736
v -0.117106 0.260533 -0.087572
v -0.114404 0.280983 -0.097088
v -0.115011 0.287934 -0.098305
v -0.120435 0.194941 -0.047112
v -0.116587 0.462646 -0.062425
v -0.116571 0.469067 -0.060494
v -0.115771 0.378612 -0.014381
v -0.117271 0.371640 -0.015308
v -0.117019 0.438665 -0.071807
v -0.119604 0.187866 -0.056935
v -0.119390 0.187884 -0.047366
v -0.120386 0.187788 -0.052189
v -0.116301 0.456269 -0.064613
v -0.116518 0.264649 -0.022258
v -0.117194 0.271266 -0.021582
v -0.116510 0.230830 -0.030886
v -0.117227 0.237792 -0.030391
v -0.113637 0.274117 -0.095770
v -0.116155 0.450134 -0.067028
v -0.116285 0.444324 -0.069488
v -0.114047 0.420750 -0.084559
v -0.115320 0.413477 -0.086923
v -0.117318 0.188030 -0.061263
v -0.115643 0.229504 -0.073351
v -0.116580 0.235895 -0.074833
v -0.112696 0.418691 -0.015790
v -0.118215 0.195122 -0.042320
v -0.118506 0.180673 -0.056852
v -0.119216 0.180637 -0.052258
v -0.117345 0.209425 -0.036821
v -0.114479 0.247921 -0.083873
v -0.115775 0.202327 -0.065904
v -0.116680 0.209330 -0.066314
v -0.115967 0.317611 -0.011307
v -0.116127 0.310897 -0.011737
v -0.115793 0.297459 -0.012734
v -0.116080 0.304176 -0.012206
v -0.114034 0.385345 -0.013094
v -0.115389 0.330952 -0.010589
v -0.115709 0.324295 -0.010919
v -0.115100 0.337598 -0.010443
v -0.114760 0.222901 -0.072089
v -0.115796 0.258005 -0.022966
v -0.112718 0.390607 -0.097288
v -0.118224 0.180829 -0.047569
v -0.116067 0.181181 -0.043006
v -0.117188 0.188124 -0.042694
v -0.115754 0.223783 -0.031338
v -0.114625 0.350891 -0.010489
v -0.114885 0.344227 -0.010438
v -0.115400 0.195363 -0.037746
v -0.116357 0.202367 -0.037268
v -0.111910 0.404714 -0.014883
v -0.114478 0.399125 -0.016654
v -0.117757 0.173572 -0.052203
v -0.114912 0.195280 -0.065483
v -0.115324 0.290764 -0.013298
v -0.114310 0.357627 -0.010431
v -0.114243 0.244407 -0.024461
v -0.115030 0.251222 -0.023706
v -0.112816 0.427914 -0.082122
v -0.117123 0.173549 -0.056668
v -0.116329 0.180852 -0.061029
v -0.115007 0.173742 -0.060702
v -0.114065 0.277415 -0.014647
v -0.114721 0.284090 -0.013933
v -0.111314 0.260743 -0.092503
v -0.112513 0.267343 -0.094188
v -0.114034 0.209610 -0.032260
v -0.114912 0.216701 -0.031805
v -0.116806 0.173855 -0.047646
v -0.112818 0.371323 -0.009538
v -0.113800 0.364447 -0.010133
v -0.109765 0.406044 -0.092968
v -0.111287 0.398390 -0.095219
v -0.110929 0.440616 -0.077459
v -0.111699 0.434578 -0.079712
v -0.115531 0.166586 -0.056383
v -0.115259 0.166965 -0.047633
v -0.116163 0.166638 -0.052054
v -0.112878 0.209334 -0.070264
v -0.113808 0.216193 -0.071046
v -0.112335 0.235532 -0.079912
v -0.113332 0.241741 -0.081901
v -0.110623 0.425983 -0.011016
v -0.113097 0.181091 -0.064653
v -0.114075 0.188185 -0.065078
v -0.111203 0.378077 -0.008627
v -0.109586 0.410362 -0.011985
v -0.113508 0.237520 -0.025206
v -0.114430 0.188419 -0.038203
v -0.113384 0.270755 -0.015441
v -0.113471 0.166781 -0.060301
v -0.110191 0.254255 -0.090681
v -0.112436 0.433986 -0.012800
v -0.108293 0.322934 -0.105330
v -0.108287 0.330033 -0.105400
v -0.114776 0.174305 -0.043214
v -0.112019 0.202361 -0.069644
v -0.107896 0.344352 -0.104735
v -0.108144 0.337154 -0.105138
v -0.111470 0.229219 -0.078031
v -0.116488 0.469118 -0.060530
v -0.111182 0.469954 -0.063608
v -0.111078 0.457703 -0.068865
v -0.111260 0.463783 -0.065952
v -0.108026 0.308964 -0.104278
v -0.108192 0.315928 -0.104903
v -0.109285 0.397464 -0.010179
v -0.111921 0.391695 -0.011632
v -0.112062 0.223649 -0.026575
v -0.112798 0.230614 -0.025908
v -0.112095 0.257440 -0.017183
v -0.112769 0.264104 -0.016262
v -0.111097 0.472666 -0.063034
v -0.113127 0.202575 -0.032788
v -0.111850 0.174057 -0.064195
v -0.110733 0.451779 -0.072065
v -0.110228 0.446114 -0.075202
v -0.107830 0.302027 -0.103606
v -0.114082 0.159736 -0.056129
v -0.114702 0.159788 -0.051904
v -0.112102 0.310561 -0.005541
v -0.112117 0.303824 -0.006057
v -0.112261 0.174754 -0.038918
v -0.113406 0.181557 -0.038593
v -0.111512 0.324084 -0.004633
v -0.111844 0.317328 -0.005081
v -0.107594 0.351670 -0.104226
v -0.111474 0.290337 -0.007267
v -0.111889 0.297078 -0.006643
v -0.111130 0.330844 -0.004338
v -0.107219 0.288255 -0.101639
v -0.107570 0.295112 -0.102726
v -0.107036 0.366812 -0.102901
v -0.107292 0.359192 -0.103665
v -0.111332 0.188718 -0.033872
v -0.112228 0.195607 -0.033341
v -0.108281 0.413595 -0.090590
v -0.113372 0.167453 -0.043349
v -0.113816 0.160106 -0.047611
v -0.112028 0.160610 -0.043440
v -0.110367 0.344289 -0.004354
v -0.110704 0.337596 -0.004256
v -0.111344 0.250703 -0.018167
v -0.106749 0.281450 -0.100337
v -0.110304 0.188335 -0.068448
v -0.111167 0.195353 -0.069042
v -0.111282 0.216674 -0.027199
v -0.110078 0.350979 -0.004597
v -0.106648 0.374513 -0.101884
v -0.109708 0.216104 -0.074970
v -0.110591 0.222739 -0.076332
v -0.110913 0.283621 -0.007988
v -0.113457 0.152957 -0.051822
v -0.108203 0.241575 -0.086523
v -0.109141 0.247924 -0.088675
v -0.106560 0.402873 -0.008250
v -0.109154 0.364333 -0.004793
v -0.109751 0.357656 -0.004791
v -0.109810 0.237068 -0.020100
v -0.110573 0.243903 -0.019151
v -0.112051 0.159926 -0.059965
v -0.112879 0.152910 -0.055989
v -0.110855 0.153103 -0.059763
v -0.109324 0.181353 -0.067856
v -0.109606 0.270198 -0.009768
v -0.110253 0.276912 -0.008843
v -0.105187 0.428424 -0.085620
v -0.106751 0.421050 -0.088066
v -0.109634 0.202726 -0.028427
v -0.110480 0.209687 -0.027795
v -0.106795 0.390572 -0.005769
v -0.109240 0.384549 -0.007282
v -0.104927 0.389982 -0.099009
v -0.105945 0.382205 -0.100580
v -0.112544 0.153276 -0.047621
v -0.108858 0.209306 -0.073943
v -0.107953 0.370973 -0.004478
v -0.105361 0.268002 -0.097584
v -0.106145 0.274716 -0.099012
v -0.109058 0.160269 -0.063312
v -0.110424 0.167125 -0.063719
v -0.111833 0.146050 -0.055933
v -0.111403 0.146453 -0.047599
v -0.112375 0.146100 -0.051775
v -0.110414 0.181914 -0.034349
v -0.111012 0.167951 -0.039187
v -0.107440 0.235269 -0.084358
v -0.109854 0.146236 -0.059690
v -0.109034 0.230229 -0.021014
v -0.109039 0.263483 -0.010731
v -0.105899 0.422830 -0.003498
v -0.107606 0.416380 -0.007970
v -0.110824 0.153792 -0.043505
v -0.104477 0.261411 -0.095931
v -0.109300 0.428644 -0.007754
v -0.110901 0.139123 -0.055884
v -0.111375 0.139234 -0.051663
v -0.108321 0.168389 -0.035163
v -0.109413 0.175157 -0.034777
v -0.108790 0.195816 -0.029067
v -0.107797 0.303494 -0.001191
v -0.107649 0.250066 -0.013051
v -0.108375 0.256800 -0.011865
v -0.107453 0.316912 -0.000215
v -0.107759 0.310176 -0.000664
v -0.107526 0.216530 -0.022645
v -0.108264 0.223377 -0.021877
v -0.107912 0.153427 -0.063055
v -0.109813 0.161141 -0.039385
v -0.108788 0.154340 -0.039499
v -0.107187 0.195451 -0.072305
v -0.108032 0.202395 -0.073100
v -0.104086 0.396123 -0.004003
v -0.107649 0.296814 -0.001791
v -0.106850 0.167523 -0.066750
v -0.108155 0.174415 -0.067287
v -0.107046 0.323739 0.000270
v -0.103597 0.435287 -0.083036
v -0.106021 0.222617 -0.080117
v -0.106776 0.228946 -0.082204
v -0.106832 0.283320 -0.003224
v -0.107333 0.290066 -0.002420
v -0.110402 0.139643 -0.047487
v -0.109740 0.147000 -0.043520
v -0.108803 0.140178 -0.043456
v -0.110484 0.132337 -0.051485
v -0.107145 0.182236 -0.030264
v -0.107962 0.188986 -0.029686
v -0.103661 0.397718 -0.096906
v -0.105784 0.464803 -0.068434
v -0.105587 0.458878 -0.071803
v -0.103954 0.383645 -0.002364
v -0.106139 0.377452 -0.003684
v -0.105250 0.474989 -0.064524
v -0.105513 0.470687 -0.065693
v -0.106315 0.188523 -0.071546
v -0.106028 0.337573 0.000544
v -0.106621 0.330632 0.000634
v -0.100570 0.446970 -0.078664
v -0.102070 0.441367 -0.080574
v -0.110108 0.132157 -0.055767
v -0.108304 0.132227 -0.059696
v -0.108995 0.139273 -0.059690
v -0.104319 0.452811 -0.075391
v -0.105614 0.344446 0.000420
v -0.105331 0.216054 -0.078556
v -0.106890 0.243302 -0.014265
v -0.109666 0.132743 -0.047268
v -0.109410 0.125108 -0.055582
v -0.109780 0.125297 -0.051233
v -0.109045 0.125729 -0.046997
v -0.106757 0.209676 -0.023412
v -0.105567 0.160676 -0.066282
v -0.106242 0.276563 -0.004207
v -0.102841 0.248386 -0.091946
v -0.103564 0.254866 -0.093963
v -0.107720 0.125135 -0.059616
v -0.104596 0.357823 -0.000334
v -0.105118 0.351191 0.000008
v -0.106149 0.139556 -0.062929
v -0.106964 0.146542 -0.062947
v -0.107280 0.161604 -0.035468
v -0.105296 0.229774 -0.016491
v -0.106090 0.236543 -0.015387
v -0.109450 0.118143 -0.051024
v -0.108707 0.117946 -0.055447
v -0.100630 0.412986 -0.092075
v -0.102196 0.405363 -0.094514
v -0.103777 0.364269 -0.000578
v -0.107932 0.147552 -0.039525
v -0.108356 0.133247 -0.043190
v -0.105175 0.195972 -0.024900
v -0.105973 0.202810 -0.024162
v -0.105160 0.262997 -0.006316
v -0.105676 0.269785 -0.005241
v -0.102818 0.414403 -0.001408
v -0.104443 0.408469 -0.005239
v -0.108424 0.118586 -0.046803
v -0.108209 0.110893 -0.051027
v -0.106285 0.175513 -0.030803
v -0.104270 0.174774 -0.070180
v -0.105356 0.181639 -0.070825
v -0.101521 0.389443 -0.000590
v -0.102257 0.241890 -0.089797
v -0.107266 0.119122 -0.042695
v -0.107939 0.126231 -0.042894
v -0.105485 0.132451 -0.062976
v -0.103850 0.202470 -0.076306
v -0.104632 0.209309 -0.077368
v -0.106989 0.133777 -0.039156
v -0.107284 0.140708 -0.039431
v -0.105827 0.148044 -0.035672
v -0.106444 0.154824 -0.035635
v -0.107720 0.110572 -0.055381
v -0.105992 0.110569 -0.059392
v -0.106906 0.117933 -0.059419
v -0.107450 0.111426 -0.046754
v -0.104579 0.256262 -0.007623
v -0.104498 0.161988 -0.031703
v -0.105370 0.168763 -0.031299
v -0.099274 0.330100 -0.106528
v -0.099247 0.316147 -0.106261
v -0.099280 0.323090 -0.106525
v -0.104437 0.223062 -0.017562
v -0.106550 0.103160 -0.055240
v -0.106237 0.104425 -0.046458
v -0.106838 0.103650 -0.050827
v -0.099176 0.309246 -0.105724
v -0.102969 0.168000 -0.069565
v -0.099218 0.337158 -0.106225
v -0.103049 0.195594 -0.075357
v -0.104404 0.189202 -0.025622
v -0.100610 0.376596 0.000247
v -0.102499 0.370540 -0.000448
v -0.106618 0.126778 -0.038870
v -0.103580 0.146887 -0.065778
v -0.104495 0.153799 -0.065958
v -0.098973 0.351593 -0.105102
v -0.099106 0.344313 -0.105737
v -0.098952 0.295537 -0.104249
v -0.099093 0.302377 -0.105109
v -0.102333 0.309780 0.003147
v -0.102453 0.296641 0.002034
v -0.102427 0.303205 0.002611
v -0.102096 0.316440 0.003619
v -0.104830 0.103102 -0.059395
v -0.104193 0.118108 -0.062797
v -0.104949 0.125299 -0.062987
v -0.103221 0.242800 -0.010250
v -0.103931 0.249543 -0.008997
v -0.101760 0.420781 0.002479
v -0.106577 0.067965 -0.046814
v -0.106724 0.068831 -0.040367
v -0.107587 0.076372 -0.041902
v -0.106581 0.077951 -0.036644
v -0.106652 0.075519 -0.047701
v -0.106278 0.083592 -0.043445
v -0.098748 0.288758 -0.103247
v -0.103020 0.209615 -0.019290
v -0.103742 0.216346 -0.018380
v -0.106277 0.112110 -0.042560
v -0.101354 0.229032 -0.085473
v -0.101758 0.235489 -0.087580
v -0.102318 0.289965 0.001369
v -0.105424 0.141206 -0.035566
v -0.098823 0.359048 -0.104377
v -0.105951 0.119762 -0.038643
v -0.104916 0.112902 -0.038447
v -0.102992 0.175807 -0.026970
v -0.103696 0.182500 -0.026306
v -0.101226 0.330329 0.004306
v -0.101736 0.323304 0.004084
v -0.098350 0.374174 -0.102421
v -0.098658 0.366596 -0.103483
v -0.104847 0.127355 -0.035043
v -0.105173 0.134299 -0.035335
v -0.102804 0.139877 -0.065709
v -0.103290 0.110855 -0.062781
v -0.105127 0.095986 -0.054787
v -0.105799 0.096621 -0.050260
v -0.101561 0.276383 -0.000568
v -0.102006 0.283186 0.000532
v -0.100866 0.222734 -0.083212
v -0.098005 0.275379 -0.100643
v -0.098432 0.282050 -0.101963
v -0.098919 0.420514 -0.089481
v -0.104425 0.061603 -0.038881
v -0.105325 0.070682 -0.034668
v -0.105665 0.075362 -0.053350
v -0.105807 0.082623 -0.048534
v -0.100695 0.337377 0.004173
v -0.105715 0.067795 -0.053048
v -0.104167 0.059809 -0.052555
v -0.104374 0.060503 -0.045830
v -0.106093 0.085134 -0.038443
v -0.104364 0.086736 -0.033945
v -0.104265 0.073365 -0.029348
v -0.104572 0.079908 -0.031905
v -0.099837 0.407198 0.000944
v -0.101585 0.401529 -0.001875
v -0.103778 0.070685 -0.021108
v -0.106498 0.061085 -0.022145
v -0.106248 0.066119 -0.017013
v -0.105310 0.057294 -0.028615
v -0.104410 0.066719 -0.026193
v -0.103805 0.155230 -0.031954
v -0.101320 0.181952 -0.073677
v -0.102220 0.188753 -0.074487
v -0.104912 0.091941 -0.040116
v -0.105266 0.089619 -0.049462
v -0.105435 0.090649 -0.044748
v -0.105180 0.105336 -0.042196
v -0.105443 0.070582 -0.012400
v -0.105465 0.097544 -0.045759
v -0.104596 0.098663 -0.041397
v -0.097468 0.268756 -0.099178
v -0.098400 0.382466 0.001614
v -0.103713 0.093365 -0.035726
v -0.102410 0.236107 -0.011544
v -0.102296 0.202846 -0.020162
v -0.104262 0.120456 -0.034754
v -0.097783 0.381765 -0.101115
v -0.103069 0.141657 -0.031984
v -0.103346 0.148473 -0.032041
v -0.104884 0.082276 -0.053645
v -0.100228 0.465487 -0.069956
v -0.103635 0.067960 -0.058645
v -0.102518 0.059756 -0.058243
v -0.101108 0.269555 -0.001701
v -0.103096 0.082128 -0.058595
v -0.103702 0.075443 -0.058600
v -0.099513 0.351243 0.003462
v -0.100136 0.344410 0.003969
v -0.099817 0.453705 -0.076447
v -0.100517 0.459547 -0.073327
v -0.100754 0.154276 -0.068627
v -0.101657 0.161254 -0.069008
v -0.098998 0.477171 -0.065109
v -0.099664 0.471255 -0.067143
v -0.101554 0.125584 -0.065731
v -0.102140 0.132753 -0.065712
v -0.103805 0.074448 -0.008049
v -0.101709 0.078314 -0.012106
v -0.103021 0.074703 -0.016382
v -0.102273 0.169067 -0.027577
v -0.100328 0.175144 -0.072994
v -0.104585 0.063504 -0.031996
v -0.100068 0.209452 -0.080397
v -0.100485 0.216194 -0.081571
v -0.103799 0.054203 -0.033724
v -0.100731 0.222822 -0.013952
v -0.101638 0.229406 -0.012800
v -0.104429 0.088965 -0.054149
v -0.103815 0.106321 -0.038069
v -0.102838 0.134794 -0.031822
v -0.100834 0.189357 -0.021775
v -0.101547 0.196078 -0.020987
v -0.095141 0.434965 -0.084344
v -0.097058 0.427952 -0.086922
v -0.100136 0.255940 -0.004353
v -0.100626 0.262723 -0.002956
v -0.103511 0.095772 -0.059106
v -0.102839 0.088681 -0.058766
v -0.098731 0.357718 0.002708
v -0.100830 0.118458 -0.065650
v -0.095919 0.396949 -0.097322
v -0.096963 0.389388 -0.099476
v -0.103208 0.113757 -0.034539
v -0.102089 0.107339 -0.034141
v -0.102053 0.121179 -0.031169
v -0.102562 0.127938 -0.031529
v -0.100953 0.096067 -0.062871
v -0.102140 0.103462 -0.062869
v -0.099415 0.202645 -0.079179
v -0.103324 0.099864 -0.037187
v -0.102841 0.088667 -0.029524
v -0.103074 0.082428 -0.027227
v -0.099996 0.147247 -0.068379
v -0.101040 0.155521 -0.028352
v -0.101590 0.162278 -0.028045
v -0.096354 0.255601 -0.095768
v -0.096899 0.262130 -0.097669
v -0.102913 0.054660 -0.038262
v -0.098624 0.413301 0.004075
v -0.101666 0.052294 -0.051844
v -0.102028 0.053445 -0.045103
v -0.103147 0.076475 -0.024437
v -0.097025 0.400571 0.003729
v -0.099093 0.394927 0.001522
v -0.099619 0.249245 -0.005756
v -0.102308 0.050818 -0.037704
v -0.099421 0.081502 -0.008221
v -0.101082 0.077684 -0.004238
v -0.101874 0.079596 -0.019902
v -0.096285 0.369733 0.002367
v -0.097689 0.363862 0.002341
v -0.100056 0.216244 -0.014869
v -0.101679 0.101099 -0.033178
v -0.102205 0.094876 -0.031546
v -0.100182 0.068121 -0.063189
v -0.100441 0.075399 -0.062994
v -0.100238 0.182676 -0.022522
v -0.095921 0.249076 -0.093788
v -0.100296 0.088786 -0.062865
v -0.100661 0.148805 -0.028553
v -0.098849 0.104076 -0.065830
v -0.099938 0.111329 -0.065683
v -0.098305 0.235880 -0.008461
v -0.098991 0.242567 -0.007141
v -0.101048 0.114650 -0.030905
v -0.101606 0.085042 -0.022809
v -0.100252 0.082039 -0.062910
v -0.100169 0.135215 -0.028589
v -0.100395 0.142007 -0.028653
v -0.097965 0.189047 -0.077216
v -0.098707 0.195817 -0.078142
v -0.100416 0.082766 -0.015629
v -0.098758 0.202885 -0.016776
v -0.099429 0.209577 -0.015775
v -0.099179 0.169265 -0.023988
v -0.099679 0.176003 -0.023297
v -0.097582 0.161895 -0.071666
v -0.098918 0.168558 -0.072297
v -0.100277 0.096498 -0.027545
v -0.101087 0.090736 -0.025317
v -0.098570 0.133114 -0.068179
v -0.099237 0.140224 -0.068229
v -0.099865 0.128479 -0.028334
v -0.100315 0.051705 -0.057537
v -0.097347 0.052184 -0.062477
v -0.099158 0.060123 -0.063056
v -0.094482 0.375452 0.003006
v -0.095997 0.302984 0.004966
v -0.096195 0.289880 0.003624
v -0.096129 0.296473 0.004316
v -0.095866 0.309505 0.005508
v -0.101042 0.046777 -0.041680
v -0.095412 0.236166 -0.089341
v -0.095616 0.242591 -0.091569
v -0.097191 0.182310 -0.076383
v -0.099640 0.102354 -0.029381
v -0.094606 0.404537 -0.094925
v -0.097817 0.096675 -0.066049
v -0.097918 0.125993 -0.068173
v -0.099980 0.108390 -0.030448
v -0.095502 0.322988 0.006224
v -0.095718 0.316170 0.005765
v -0.093256 0.440910 -0.081827
v -0.098478 0.115535 -0.027557
v -0.099346 0.121880 -0.027952
v -0.099879 0.045320 -0.051053
v -0.100619 0.046634 -0.044968
v -0.096127 0.283159 0.002770
v -0.095319 0.229660 -0.087218
v -0.097877 0.419857 0.006993
v -0.095088 0.330007 0.006414
v -0.096858 0.154822 -0.071241
v -0.097506 0.229272 -0.009810
v -0.098972 0.092862 -0.021331
v -0.099767 0.087716 -0.018628
v -0.098720 0.162448 -0.024443
v -0.095470 0.406608 0.005911
v -0.098090 0.196182 -0.017664
v -0.095665 0.269546 0.000556
v -0.095929 0.276375 0.001694
v -0.093835 0.393835 0.005838
v -0.096061 0.388093 0.003636
v -0.097434 0.080365 -0.001082
v -0.097981 0.098137 -0.023783
v -0.100406 0.043199 -0.044608
v -0.098012 0.148956 -0.025054
v -0.098326 0.155678 -0.024699
v -0.095176 0.216562 -0.083671
v -0.095204 0.223191 -0.085172
v -0.096278 0.111913 -0.068306
v -0.097161 0.118947 -0.068188
v -0.097023 0.182789 -0.019194
v -0.097486 0.189479 -0.018448
v -0.096064 0.216279 -0.012049
v -0.096637 0.222804 -0.011099
v -0.094084 0.344036 0.005863
v -0.094632 0.337035 0.006227
v -0.099653 0.038684 -0.047680
v -0.098932 0.038373 -0.050609
v -0.095367 0.262676 -0.000579
v -0.091326 0.419622 -0.089877
v -0.093075 0.412112 -0.092430
v -0.095522 0.449875 -0.078464
v -0.088788 0.449088 -0.078609
v -0.091358 0.445300 -0.079665
v -0.094567 0.465791 -0.070653
v -0.096207 0.455535 -0.076151
v -0.095542 0.460089 -0.073817
v -0.095055 0.209799 -0.082644
v -0.096617 0.075464 -0.066793
v -0.097300 0.090204 -0.014778
v -0.098228 0.085685 -0.011704
v -0.097677 0.142227 -0.025412
v -0.094926 0.169063 -0.075023
v -0.096320 0.175562 -0.075716
v -0.098208 0.044702 -0.056904
v -0.095473 0.045189 -0.062176
v -0.096872 0.082203 -0.066566
v -0.097176 0.089218 -0.066321
v -0.095200 0.060625 -0.067266
v -0.096156 0.068287 -0.067118
v -0.096890 0.128949 -0.025359
v -0.097281 0.135544 -0.025532
v -0.094626 0.249230 -0.003492
v -0.095011 0.255891 -0.001984
v -0.093361 0.350767 0.005118
v -0.095613 0.140598 -0.070681
v -0.096353 0.147621 -0.070932
v -0.097551 0.109446 -0.026990
v -0.095310 0.104750 -0.068562
v -0.096309 0.094888 -0.017665
v -0.096524 0.176108 -0.020065
v -0.093584 0.471492 -0.067839
v -0.098678 0.034746 -0.050487
v -0.097297 0.103621 -0.025768
v -0.094992 0.087991 -0.008450
v -0.096090 0.084058 -0.004978
v -0.094083 0.196169 -0.080480
v -0.094656 0.202985 -0.081478
v -0.095571 0.209650 -0.013001
v -0.096345 0.122525 -0.024951
v -0.090067 0.323317 -0.106403
v -0.090071 0.316459 -0.106196
v -0.090132 0.337221 -0.106185
v -0.090085 0.330233 -0.106418
v -0.094930 0.133531 -0.070590
v -0.095958 0.162543 -0.021025
v -0.096181 0.169367 -0.020734
v -0.090107 0.302818 -0.105173
v -0.090084 0.309625 -0.105782
v -0.093570 0.053152 -0.067063
v -0.090193 0.344314 -0.105679
v -0.090095 0.296045 -0.104337
v -0.092000 0.400039 0.007611
v -0.094199 0.242605 -0.004842
v -0.092633 0.477309 -0.065685
v -0.090290 0.358927 -0.104221
v -0.090260 0.351551 -0.105048
v -0.096714 0.038033 -0.056579
v -0.093590 0.162436 -0.074327
v -0.094395 0.196334 -0.015065
v -0.094937 0.203002 -0.014134
v -0.089890 0.282624 -0.102346
v -0.090031 0.289309 -0.103462
v -0.091280 0.362997 0.003797
v -0.092443 0.357069 0.004330
v -0.093444 0.189436 -0.079551
v -0.097309 0.031327 -0.052970
v -0.090259 0.366397 -0.103295
v -0.093598 0.419733 0.009985
v -0.094348 0.413067 0.007969
v -0.094876 0.110475 -0.023713
v -0.095592 0.116361 -0.024440
v -0.089674 0.275980 -0.101097
v -0.090151 0.386911 0.006300
v -0.092355 0.381149 0.004310
v -0.089675 0.381351 -0.100862
v -0.090072 0.373882 -0.102247
v -0.095701 0.155691 -0.021202
v -0.092922 0.229463 -0.007603
v -0.093615 0.235983 -0.006225
v -0.094015 0.092175 -0.011631
v -0.094003 0.038429 -0.062381
v -0.094854 0.142289 -0.022197
v -0.095340 0.148904 -0.021632
v -0.094728 0.104906 -0.022355
v -0.095327 0.099737 -0.020261
v -0.093429 0.119514 -0.070652
v -0.094228 0.126484 -0.070591
v -0.093836 0.089934 -0.069512
v -0.094415 0.097399 -0.068958
v -0.089849 0.368668 0.003450
v -0.093963 0.189620 -0.015782
v -0.089078 0.262748 -0.098208
v -0.089379 0.269348 -0.099738
v -0.091583 0.085650 -0.002656
v -0.092764 0.082164 0.001258
v -0.095567 0.031190 -0.056809
v -0.094697 0.026770 -0.057067
v -0.094311 0.135757 -0.022498
v -0.092133 0.176036 -0.078155
v -0.092806 0.182749 -0.078732
v -0.093390 0.082703 -0.069968
v -0.092569 0.112548 -0.070853
v -0.089382 0.426974 -0.087311
v -0.093147 0.176168 -0.017429
v -0.093577 0.182884 -0.016501
v -0.089034 0.388844 -0.099167
v -0.093183 0.123081 -0.022056
v -0.093798 0.129326 -0.022429
v -0.088853 0.256206 -0.096434
v -0.092693 0.147996 -0.073505
v -0.093014 0.155283 -0.073860
v -0.093073 0.031561 -0.063181
v -0.092197 0.223025 -0.009052
v -0.092328 0.068677 -0.070929
v -0.092911 0.075769 -0.070388
v -0.092005 0.140990 -0.073182
v -0.090991 0.169470 -0.077622
v -0.092170 0.101120 -0.017189
v -0.093036 0.096538 -0.014558
v -0.092248 0.454252 -0.076719
v -0.090198 0.283301 0.002466
v -0.089889 0.296451 0.003901
v -0.090085 0.289912 0.003259
v -0.092931 0.169412 -0.018034
v -0.091424 0.061339 -0.071448
v -0.089625 0.302962 0.004582
v -0.090617 0.089432 -0.006149
v -0.091413 0.209827 -0.010981
v -0.091750 0.216486 -0.009980
v -0.088121 0.393264 0.008222
v -0.092668 0.155722 -0.018327
v -0.092871 0.162607 -0.018186
v -0.088801 0.243124 -0.092358
v -0.088771 0.249613 -0.094503
v -0.090236 0.276604 0.001502
v -0.087138 0.403772 -0.094883
v -0.088226 0.396274 -0.097134
v -0.089497 0.316135 0.005326
v -0.089481 0.309501 0.005106
v -0.089379 0.322832 0.005667
v -0.089981 0.263014 -0.000386
v -0.090179 0.269842 0.000530
v -0.088946 0.236683 -0.090155
v -0.092437 0.117104 -0.021477
v -0.091739 0.024827 -0.063985
v -0.090234 0.459874 -0.073858
v -0.092256 0.046183 -0.067421
v -0.089427 0.413245 0.010271
v -0.090561 0.406570 0.008988
v -0.092282 0.148899 -0.018716
v -0.091689 0.106054 -0.019270
v -0.090947 0.098203 -0.071879
v -0.091720 0.105461 -0.071271
v -0.089422 0.223642 -0.086078
v -0.089184 0.230159 -0.088024
v -0.089608 0.216978 -0.084625
v -0.085376 0.439918 -0.082354
v -0.087355 0.433900 -0.084783
v -0.088758 0.336507 0.005534
v -0.089121 0.329656 0.005768
v -0.089519 0.203498 -0.082696
v -0.089667 0.210277 -0.083541
v -0.089761 0.256244 -0.001597
v -0.090556 0.127023 -0.073052
v -0.091295 0.133993 -0.073022
v -0.090952 0.203177 -0.012206
v -0.091816 0.111424 -0.020646
v -0.091060 0.135901 -0.019694
v -0.091686 0.142310 -0.019325
v -0.093596 0.024725 -0.059032
v -0.089158 0.196679 -0.082047
v -0.089273 0.242996 -0.004287
v -0.089556 0.249581 -0.003029
v -0.088219 0.343241 0.004955
v -0.087238 0.471435 -0.067909
v -0.088611 0.465694 -0.070678
v -0.086064 0.380142 0.005344
v -0.088117 0.374359 0.004061
v -0.090435 0.090846 -0.072679
v -0.090188 0.189762 -0.013768
v -0.090540 0.196504 -0.013130
v -0.088645 0.419930 0.011658
v -0.089743 0.120117 -0.073180
v -0.089004 0.097688 -0.012175
v -0.089761 0.093440 -0.009317
v -0.091253 0.039478 -0.068089
v -0.090455 0.129645 -0.019638
v -0.088836 0.236450 -0.005566
v -0.090694 0.019300 -0.064581
v -0.089473 0.047507 -0.072897
v -0.090296 0.054217 -0.071979
v -0.089273 0.155572 -0.076389
v -0.089813 0.162754 -0.076914
v -0.089854 0.182952 -0.014422
v -0.088022 0.183290 -0.080229
v -0.088582 0.189957 -0.081098
v -0.089490 0.076384 -0.074078
v -0.089971 0.083499 -0.073370
v -0.086428 0.355877 0.003189
v -0.087425 0.349707 0.004121
v -0.083523 0.444625 -0.080119
v -0.089011 0.117801 -0.018622
v -0.089770 0.123595 -0.019250
v -0.089239 0.169426 -0.015876
v -0.089478 0.176177 -0.015355
v -0.090882 0.032785 -0.069261
v -0.085742 0.411283 -0.092530
v -0.088422 0.102183 -0.014635
v -0.088939 0.148343 -0.075933
v -0.087592 0.223439 -0.007960
v -0.088203 0.229938 -0.006754
v -0.088952 0.069420 -0.074927
v -0.089136 0.162659 -0.015906
v -0.087488 0.176608 -0.079641
v -0.086506 0.086533 -0.001160
v -0.087195 0.084280 0.001495
v -0.088534 0.149047 -0.016371
v -0.088928 0.155819 -0.016067
v -0.086017 0.477275 -0.065872
v -0.088206 0.106227 -0.074100
v -0.088933 0.113218 -0.073491
v -0.085216 0.361850 0.002591
v -0.084043 0.386411 0.006971
v -0.088814 0.041054 -0.073871
v -0.084052 0.459844 -0.073479
v -0.086262 0.454092 -0.076412
v -0.087568 0.134512 -0.075394
v -0.088268 0.141420 -0.075557
v -0.085150 0.406845 0.010070
v -0.086499 0.400015 0.009344
v -0.088410 0.112268 -0.017798
v -0.087284 0.216796 -0.008842
v -0.090158 0.025920 -0.070501
v -0.088706 0.020122 -0.071757
v -0.087572 0.099100 -0.074949
v -0.088185 0.107025 -0.016539
v -0.087939 0.142489 -0.016924
v -0.087531 0.055690 -0.077096
v -0.088235 0.062420 -0.075903
v -0.086836 0.203406 -0.010922
v -0.087115 0.210078 -0.009795
v -0.081545 0.449033 -0.078356
v -0.082171 0.425963 -0.087644
v -0.084063 0.418726 -0.090100
v -0.086839 0.127611 -0.075489
v -0.088840 0.034639 -0.075139
v -0.086636 0.130019 -0.017247
v -0.087284 0.136151 -0.017284
v -0.085831 0.163008 -0.078705
v -0.086710 0.169885 -0.079199
v -0.088421 0.028298 -0.076818
v -0.085534 0.015795 -0.072199
v -0.087206 0.015227 -0.068572
v -0.085018 0.094226 -0.007782
v -0.085694 0.090264 -0.004660
v -0.084063 0.413590 0.010862
v -0.086544 0.196710 -0.011779
v -0.086643 0.084634 -0.076807
v -0.087070 0.091881 -0.075906
v -0.086936 0.049241 -0.078432
v -0.081522 0.351627 -0.104925
v -0.081909 0.366316 -0.102989
v -0.081763 0.358936 -0.104020
v -0.081251 0.344455 -0.105573
v -0.085130 0.277089 -0.001166
v -0.085963 0.183060 -0.013043
v -0.086273 0.189924 -0.012409
v -0.085210 0.270440 -0.001958
v -0.084637 0.290171 0.000343
v -0.084934 0.283662 -0.000383
v -0.086627 0.022800 -0.078496
v -0.080888 0.330447 -0.106129
v -0.081031 0.337402 -0.105994
v -0.081107 0.303143 -0.104740
v -0.084252 0.296645 0.001084
v -0.081289 0.289656 -0.103165
v -0.081216 0.296392 -0.103984
v -0.080982 0.309931 -0.105329
v -0.080842 0.323565 -0.106033
v -0.080884 0.316736 -0.105764
v -0.081893 0.373674 -0.101810
v -0.081301 0.282956 -0.102230
v -0.085039 0.257019 -0.003695
v -0.085192 0.263744 -0.002800
v -0.086253 0.077525 -0.077805
v -0.082084 0.373623 0.003063
v -0.083825 0.367734 0.002436
v -0.085323 0.155842 -0.078284
v -0.084496 0.098444 -0.010505
v -0.085943 0.124096 -0.016916
v -0.085235 0.113927 -0.076095
v -0.086015 0.120757 -0.075687
v -0.084362 0.210639 -0.083564
v -0.084381 0.203991 -0.082816
v -0.081225 0.269679 -0.099881
v -0.081285 0.276299 -0.101141
v -0.081260 0.388407 -0.098697
v -0.081680 0.381031 -0.100385
v -0.083789 0.309665 0.002212
v -0.083921 0.303143 0.001752
v -0.083641 0.223829 -0.086285
v -0.084103 0.217243 -0.084697
v -0.084890 0.250335 -0.004761
v -0.085632 0.176242 -0.013930
v -0.083844 0.316200 0.002482
v -0.081199 0.263073 -0.098432
v -0.083645 0.329275 0.002871
v -0.083822 0.322730 0.002740
v -0.084485 0.237213 -0.007009
v -0.084745 0.243748 -0.005906
v -0.085084 0.162790 -0.014720
v -0.085334 0.169492 -0.014598
v -0.083046 0.230336 -0.088311
v -0.083608 0.190572 -0.081564
v -0.084090 0.197296 -0.082262
v -0.083285 0.335808 0.002731
v -0.084552 0.112942 -0.015487
v -0.085188 0.118402 -0.016309
v -0.085343 0.063846 -0.080299
v -0.085860 0.070625 -0.078968
v -0.084585 0.107043 -0.076859
v -0.084200 0.141924 -0.077367
v -0.084829 0.148763 -0.077726
v -0.084773 0.156044 -0.014925
v -0.081943 0.243251 -0.092751
v -0.082433 0.236806 -0.090538
v -0.081580 0.249769 -0.094854
v -0.081319 0.256403 -0.096743
v -0.086897 0.043084 -0.079942
v -0.087114 0.037378 -0.081350
v -0.083284 0.420211 0.011903
v -0.080587 0.471298 -0.067893
v -0.082184 0.465573 -0.070459
v -0.083112 0.183860 -0.080759
v -0.083707 0.142864 -0.015602
v -0.084300 0.149365 -0.015172
v -0.086742 0.031837 -0.082908
v -0.084209 0.107779 -0.014340
v -0.084193 0.102940 -0.012714
v -0.083566 0.135112 -0.077290
v -0.084908 0.057271 -0.081898
v -0.081960 0.348527 0.001572
v -0.082790 0.342241 0.002200
v -0.080653 0.395773 -0.096751
v -0.083927 0.230625 -0.007767
v -0.080134 0.379763 0.004332
v -0.080858 0.400275 0.008990
v -0.082257 0.393230 0.008404
v -0.083043 0.217176 -0.008895
v -0.083212 0.223941 -0.008189
v -0.083552 0.092954 -0.078949
v -0.084096 0.100069 -0.077945
v -0.082208 0.170326 -0.079771
v -0.082678 0.177167 -0.080185
v -0.081017 0.354743 0.000797
v -0.080168 0.432777 -0.085199
v -0.083075 0.136568 -0.015903
v -0.081215 0.086925 -0.000358
v -0.081582 0.085572 0.001314
v -0.078588 0.410567 -0.092642
v -0.079778 0.403159 -0.094704
v -0.085345 0.039559 -0.087733
v -0.085320 0.035142 -0.087794
v -0.082970 0.210414 -0.009670
v -0.083121 0.085801 -0.079989
v -0.085111 0.045140 -0.086092
v -0.084810 0.051015 -0.083825
v -0.081996 0.121435 -0.077716
v -0.082895 0.128273 -0.077565
v -0.082518 0.196964 -0.011140
v -0.082799 0.203704 -0.010518
v -0.084916 0.026940 -0.084995
v -0.081539 0.163352 -0.079366
v -0.082820 0.018792 -0.079174
v -0.080856 0.023391 -0.085998
v -0.081795 0.124550 -0.015762
v -0.082473 0.130462 -0.015976
v -0.080533 0.090625 -0.003918
v -0.079639 0.407224 0.009314
v -0.082252 0.190148 -0.011690
v -0.082482 0.071980 -0.082782
v -0.082790 0.078831 -0.081290
v -0.077287 0.459858 -0.073141
v -0.079394 0.454246 -0.075951
v -0.081181 0.114601 -0.078138
v -0.079178 0.477189 -0.066151
v -0.081634 0.176444 -0.013253
v -0.081951 0.183274 -0.012365
v -0.081959 0.065194 -0.084152
v -0.080043 0.094581 -0.007034
v -0.078181 0.438896 -0.082813
v -0.082910 0.039513 -0.092309
v -0.081433 0.169729 -0.014258
v -0.083499 0.032866 -0.090532
v -0.080321 0.149310 -0.078625
v -0.080941 0.156257 -0.079053
v -0.080671 0.271096 -0.005693
v -0.078531 0.367062 0.000153
v -0.079873 0.360894 0.000279
v -0.080997 0.118847 -0.015180
v -0.080806 0.264522 -0.006359
v -0.080084 0.284099 -0.004369
v -0.080421 0.277631 -0.005032
v -0.081869 0.052291 -0.088407
v -0.082466 0.046040 -0.091086
v -0.080632 0.156400 -0.014991
v -0.081072 0.163046 -0.014682
v -0.080870 0.251290 -0.007984
v -0.080843 0.257905 -0.007087
v -0.079683 0.290537 -0.003703
v -0.079432 0.030214 -0.091321
v -0.081684 0.058588 -0.085989
v -0.079721 0.142515 -0.078380
v -0.080813 0.244675 -0.008911
v -0.080069 0.100881 -0.080269
v -0.080544 0.107782 -0.079013
v -0.079801 0.108219 -0.013149
v -0.080268 0.113383 -0.014289
v -0.079627 0.103340 -0.011709
v -0.079724 0.098795 -0.009686
v -0.080342 0.231407 -0.010303
v -0.080665 0.238072 -0.009723
v -0.079063 0.210816 -0.082919
v -0.079084 0.197833 -0.081678
v -0.079220 0.204362 -0.082155
v -0.080048 0.149813 -0.015292
v -0.078837 0.303383 -0.002361
v -0.079222 0.296956 -0.003000
v -0.079562 0.093795 -0.081355
v -0.078737 0.191158 -0.081187
v -0.078611 0.217227 -0.084223
v -0.077823 0.420471 0.010878
v -0.078598 0.413952 0.009935
v -0.076915 0.417968 -0.090379
v -0.076802 0.393601 0.006496
v -0.078339 0.386522 0.005686
v -0.078675 0.309818 -0.001910
v -0.078767 0.322596 -0.001433
v -0.078709 0.316230 -0.001634
v -0.078702 0.328921 -0.001377
v -0.076829 0.373254 0.000795
v -0.078799 0.137069 -0.015982
v -0.079411 0.143358 -0.015682
v -0.076930 0.230057 -0.088195
v -0.077897 0.223649 -0.085982
v -0.078475 0.128971 -0.078707
v -0.079139 0.135767 -0.078385
v -0.076299 0.444100 -0.080497
v -0.078693 0.038055 -0.094241
v -0.077905 0.341470 -0.001810
v -0.078406 0.335217 -0.001495
v -0.079930 0.224620 -0.010646
v -0.078707 0.079816 -0.083937
v -0.079107 0.086735 -0.082505
v -0.077942 0.177666 -0.080022
v -0.078316 0.184429 -0.080547
v -0.079790 0.210947 -0.011695
v -0.079797 0.217758 -0.011098
v -0.077606 0.122081 -0.078905
v -0.078354 0.072896 -0.085556
v -0.079703 0.204162 -0.012317
v -0.077128 0.347688 -0.002173
v -0.077610 0.170802 -0.079615
v -0.079223 0.190500 -0.013223
v -0.079492 0.197348 -0.012789
v -0.077741 0.052478 -0.091204
v -0.078265 0.045625 -0.093749
v -0.078253 0.130937 -0.016203
v -0.075930 0.236512 -0.090586
v -0.075525 0.400699 0.006859
v -0.073629 0.471211 -0.068276
v -0.075357 0.465468 -0.070435
v -0.073202 0.431828 -0.085757
v -0.074619 0.425246 -0.087835
v -0.077595 0.059158 -0.088796
v -0.077851 0.065938 -0.086932
v -0.078855 0.183635 -0.013756
v -0.074373 0.249498 -0.094991
v -0.075125 0.242894 -0.092888
v -0.073687 0.373771 -0.101544
v -0.073204 0.359141 -0.104010
v -0.073542 0.366454 -0.102845
v -0.076679 0.119154 -0.015555
v -0.077578 0.124963 -0.016108
v -0.072764 0.351912 -0.104970
v -0.073692 0.381033 -0.100065
v -0.078003 0.170092 -0.015313
v -0.078413 0.176824 -0.014490
v -0.075930 0.086836 -0.000328
v -0.076474 0.156791 -0.078927
v -0.077122 0.163828 -0.079226
v -0.072356 0.454324 -0.075876
v -0.074393 0.449018 -0.078320
v -0.073791 0.256177 -0.096851
v -0.072862 0.276256 -0.101001
v -0.072565 0.289678 -0.102855
v -0.072712 0.282939 -0.102026
v -0.073032 0.269583 -0.099879
v -0.071993 0.337715 -0.105760
v -0.072335 0.344772 -0.105521
v -0.073128 0.395471 -0.096366
v -0.073506 0.388278 -0.098315
v -0.075333 0.090571 -0.004026
v -0.072378 0.296457 -0.103580
v -0.073355 0.262924 -0.098492
v -0.076039 0.108286 -0.080247
v -0.076738 0.115157 -0.079363
v -0.071951 0.310101 -0.104773
v -0.072169 0.303268 -0.104227
v -0.077466 0.163421 -0.015824
v -0.071773 0.330739 -0.105740
v -0.074982 0.360186 -0.002810
v -0.076113 0.353904 -0.002544
v -0.075814 0.149863 -0.078633
v -0.071769 0.316953 -0.105239
v -0.076731 0.258708 -0.011247
v -0.077004 0.245522 -0.012609
v -0.076894 0.252150 -0.011922
v -0.076524 0.265217 -0.010635
v -0.071694 0.323826 -0.105560
v -0.077022 0.238852 -0.013173
v -0.075836 0.278114 -0.009517
v -0.076230 0.271669 -0.010079
v -0.076152 0.150318 -0.016575
v -0.076849 0.156836 -0.016196
v -0.075488 0.101327 -0.081462
v -0.075343 0.284524 -0.008911
v -0.076782 0.225279 -0.013816
v -0.076937 0.232129 -0.013569
v -0.075772 0.113583 -0.014583
v -0.071366 0.437969 -0.083428
v -0.073363 0.386812 0.003066
v -0.074999 0.379808 0.002080
v -0.074857 0.098793 -0.009929
v -0.075016 0.094571 -0.007252
v -0.073694 0.366560 -0.002739
v -0.074866 0.103363 -0.011881
v -0.075154 0.108304 -0.013335
v -0.076752 0.218368 -0.014054
v -0.076859 0.204629 -0.014833
v -0.076828 0.211496 -0.014407
v -0.072464 0.402678 -0.094552
v -0.074610 0.136346 -0.078514
v -0.075198 0.143075 -0.078477
v -0.074299 0.297244 -0.007653
v -0.074810 0.290894 -0.008280
v -0.073296 0.414281 0.007813
v -0.074340 0.407620 0.007184
v -0.074433 0.087197 -0.083720
v -0.074959 0.094221 -0.082576
v -0.076776 0.197744 -0.015203
v -0.074277 0.028527 -0.089892
v -0.075458 0.143888 -0.016978
v -0.070298 0.459818 -0.073300
v -0.076208 0.184026 -0.016053
v -0.076578 0.190868 -0.015566
v -0.074143 0.198203 -0.080423
v -0.074111 0.204560 -0.080853
v -0.073888 0.303591 -0.007077
v -0.072119 0.477148 -0.066907
v -0.073935 0.129541 -0.078789
v -0.073940 0.080262 -0.085182
v -0.073188 0.216962 -0.083118
v -0.073813 0.210801 -0.081673
v -0.074285 0.131381 -0.017664
v -0.074850 0.137575 -0.017334
v -0.073737 0.322457 -0.006299
v -0.073619 0.184954 -0.079694
v -0.073948 0.191636 -0.080078
v -0.073092 0.044387 -0.093591
v -0.073422 0.036420 -0.092899
v -0.073674 0.316217 -0.006404
v -0.073469 0.334791 -0.006317
v -0.073702 0.328642 -0.006272
v -0.073681 0.309922 -0.006647
v -0.072485 0.420698 0.008788
v -0.068463 0.417600 -0.090065
v -0.071460 0.409923 -0.092827
v -0.075685 0.177243 -0.016706
v -0.073026 0.340927 -0.006434
v -0.073057 0.066092 -0.088211
v -0.073519 0.073255 -0.086823
v -0.071937 0.393990 0.003517
v -0.073338 0.178096 -0.079234
v -0.072746 0.051813 -0.091832
v -0.069442 0.443529 -0.080999
v -0.074349 0.163882 -0.017964
v -0.075087 0.170519 -0.017422
v -0.072224 0.223113 -0.085130
v -0.072714 0.058988 -0.089944
v -0.072127 0.115585 -0.079678
v -0.073087 0.122605 -0.079161
v -0.072696 0.164244 -0.078510
v -0.073090 0.171173 -0.078852
v -0.073536 0.125305 -0.017650
v -0.072080 0.157265 -0.078245
v -0.071163 0.353290 -0.006298
v -0.072246 0.347091 -0.006460
v -0.073289 0.239408 -0.016968
v -0.072714 0.252713 -0.016146
v -0.073041 0.246094 -0.016629
v -0.069511 0.235659 -0.089997
v -0.070963 0.229342 -0.087527
v -0.073428 0.232614 -0.017165
v -0.072360 0.259250 -0.015647
v -0.073763 0.211947 -0.017490
v -0.073977 0.198095 -0.018080
v -0.073923 0.205024 -0.017758
v -0.073545 0.157337 -0.018397
v -0.073584 0.218855 -0.017329
v -0.070473 0.379829 -0.000876
v -0.072131 0.373054 -0.001995
v -0.073490 0.225775 -0.017266
v -0.071312 0.108545 -0.080504
v -0.071417 0.113548 -0.016073
v -0.072504 0.119348 -0.017090
v -0.073887 0.191209 -0.018457
v -0.071484 0.272123 -0.014695
v -0.071951 0.265710 -0.015155
v -0.067480 0.448783 -0.078611
v -0.070957 0.278510 -0.014234
v -0.073101 0.177647 -0.019592
v -0.073593 0.184399 -0.018955
v -0.071944 0.144451 -0.019160
v -0.072705 0.150858 -0.018771
v -0.069966 0.359568 -0.005988
v -0.075809 0.086860 -0.000353
v -0.075813 0.086834 -0.000327
v -0.070156 0.090093 -0.005240
v -0.070343 0.087593 -0.002723
v -0.070740 0.143516 -0.077791
v -0.071395 0.150339 -0.077935
v -0.069368 0.407936 0.004200
v -0.070634 0.401090 0.003800
v -0.070053 0.094294 -0.082618
v -0.070670 0.101449 -0.081592
v -0.066543 0.471132 -0.069164
v -0.068334 0.465381 -0.070940
v -0.070042 0.094166 -0.008623
v -0.069724 0.291172 -0.013164
v -0.070362 0.284864 -0.013725
v -0.070154 0.136745 -0.077803
v -0.070577 0.108081 -0.014771
v -0.068287 0.242098 -0.092353
v -0.072472 0.170956 -0.020260
v -0.070049 0.098474 -0.011345
v -0.068951 0.386894 -0.000229
v -0.069444 0.087243 -0.083661
v -0.070170 0.103101 -0.013299
v -0.071312 0.138112 -0.019582
v -0.069145 0.297461 -0.012626
v -0.065675 0.424946 -0.087291
v -0.065414 0.454094 -0.076134
v -0.066327 0.255618 -0.096332
v -0.067260 0.248776 -0.094490
v -0.070754 0.157842 -0.021277
v -0.071655 0.164353 -0.020811
v -0.068222 0.414508 0.004901
v -0.068345 0.035214 -0.090479
v -0.069222 0.027450 -0.087598
v -0.069816 0.125667 -0.019898
v -0.070693 0.131864 -0.019934
v -0.069145 0.204621 -0.078858
v -0.069286 0.191985 -0.078268
v -0.069343 0.198406 -0.078472
v -0.070681 0.205283 -0.021158
v -0.070848 0.191479 -0.021876
v -0.070833 0.198353 -0.021460
v -0.068479 0.073204 -0.086565
v -0.068886 0.080309 -0.085093
v -0.068604 0.122966 -0.078535
v -0.069505 0.129909 -0.078025
v -0.069091 0.185296 -0.078134
v -0.070450 0.212217 -0.020952
v -0.068426 0.309999 -0.011753
v -0.068690 0.303745 -0.012137
v -0.068675 0.210673 -0.079696
v -0.068361 0.316213 -0.011525
v -0.068342 0.328477 -0.011320
v -0.068372 0.322367 -0.011394
v -0.068137 0.334559 -0.011212
v -0.067494 0.372678 -0.004867
v -0.068753 0.365996 -0.005542
v -0.065768 0.381230 -0.099561
v -0.065226 0.366727 -0.102412
v -0.065576 0.373989 -0.101066
v -0.070705 0.184693 -0.022399
v -0.069928 0.226056 -0.020920
v -0.070184 0.219138 -0.020870
v -0.064716 0.359472 -0.103509
v -0.068049 0.065855 -0.087978
v -0.065776 0.388315 -0.097654
v -0.069608 0.232914 -0.020966
v -0.067873 0.043116 -0.091755
v -0.065560 0.262433 -0.097836
v -0.068810 0.171428 -0.077477
v -0.068989 0.178381 -0.077819
v -0.068652 0.246439 -0.020793
v -0.069187 0.239712 -0.020947
v -0.065552 0.431126 -0.085790
v -0.066677 0.222350 -0.083269
v -0.067881 0.216578 -0.081171
v -0.065081 0.402270 -0.093870
v -0.065568 0.395318 -0.095621
v -0.067558 0.115878 -0.079106
v -0.068414 0.164525 -0.077211
v -0.069885 0.171312 -0.023641
v -0.070386 0.177972 -0.023008
v -0.068076 0.253014 -0.020479
v -0.064539 0.275932 -0.100331
v -0.064946 0.269191 -0.099161
v -0.067027 0.346710 -0.010705
v -0.067750 0.340632 -0.011079
v -0.063567 0.345171 -0.104714
v -0.064131 0.352292 -0.104305
v -0.067627 0.050839 -0.091018
v -0.067629 0.058420 -0.089602
v -0.069810 0.151396 -0.021644
v -0.064209 0.282705 -0.101305
v -0.063673 0.296383 -0.102798
v -0.063948 0.289519 -0.102114
v -0.068599 0.119499 -0.019325
v -0.067288 0.420866 0.005867
v -0.066856 0.265963 -0.019734
v -0.067463 0.259523 -0.020094
v -0.063108 0.338095 -0.104832
v -0.066008 0.352831 -0.010061
v -0.063381 0.303271 -0.103362
v -0.066122 0.379561 -0.004069
v -0.064979 0.477088 -0.068082
v -0.067153 0.150705 -0.076625
v -0.067796 0.157636 -0.077012
v -0.068175 0.138648 -0.022318
v -0.068922 0.145008 -0.021970
v -0.066254 0.272358 -0.019413
v -0.062813 0.317132 -0.104289
v -0.063069 0.310192 -0.103867
v -0.066030 0.401192 0.000368
v -0.067480 0.394102 0.000123
v -0.062689 0.324097 -0.104608
v -0.062794 0.331071 -0.104778
v -0.069143 0.164736 -0.024188
v -0.064248 0.409285 -0.092293
v -0.066313 0.107666 -0.017218
v -0.067312 0.113391 -0.018414
v -0.066462 0.143818 -0.076466
v -0.064740 0.437005 -0.083834
v -0.065877 0.101353 -0.080762
v -0.066632 0.108620 -0.079829
v -0.065065 0.228223 -0.085795
v -0.064961 0.285047 -0.018684
v -0.065626 0.278720 -0.019075
v -0.067518 0.198463 -0.025085
v -0.067584 0.184860 -0.025987
v -0.067606 0.191616 -0.025459
v -0.067311 0.205372 -0.024851
v -0.067275 0.151817 -0.024991
v -0.068234 0.158246 -0.024638
v -0.067455 0.132324 -0.022580
v -0.065203 0.094101 -0.081564
v -0.064585 0.408011 0.000765
v -0.066560 0.219198 -0.024710
v -0.066989 0.212294 -0.024719
v -0.067448 0.178179 -0.026627
v -0.064287 0.291336 -0.018235
v -0.065291 0.089013 -0.007613
v -0.065357 0.088795 -0.007367
v -0.061339 0.465034 -0.071691
v -0.063339 0.459480 -0.073723
v -0.066068 0.226099 -0.024833
v -0.065757 0.102522 -0.015757
v -0.065371 0.093178 -0.011110
v -0.065255 0.130088 -0.076544
v -0.065868 0.136960 -0.076429
v -0.065506 0.097708 -0.013804
v -0.063975 0.365529 -0.008785
v -0.064943 0.359052 -0.009380
v -0.066573 0.164999 -0.027840
v -0.067133 0.171555 -0.027278
v -0.064983 0.119736 -0.021813
v -0.066421 0.126049 -0.022423
v -0.064755 0.239723 -0.025081
v -0.065453 0.232960 -0.024984
v -0.064306 0.123130 -0.076992
v -0.061807 0.241092 -0.090688
v -0.063393 0.234437 -0.088274
v -0.063956 0.080021 -0.083738
v -0.064522 0.086997 -0.082466
v -0.062789 0.442729 -0.081248
v -0.064934 0.192067 -0.075796
v -0.064815 0.198448 -0.075803
v -0.064481 0.026712 -0.085196
v -0.063975 0.246422 -0.025034
v -0.063802 0.210528 -0.076843
v -0.064456 0.204574 -0.076090
v -0.063224 0.303857 -0.017396
v -0.063686 0.297603 -0.017788
v -0.064967 0.178461 -0.075701
v -0.064942 0.185354 -0.075856
v -0.064901 0.171576 -0.075389
v -0.063101 0.393800 -0.003321
v -0.064689 0.386626 -0.003628
v -0.066339 0.145411 -0.025262
v -0.063746 0.072808 -0.084988
v -0.062996 0.372221 -0.008178
v -0.062923 0.310082 -0.017076
v -0.058934 0.423848 -0.086819
v -0.061283 0.416787 -0.089555
v -0.063881 0.157920 -0.074968
v -0.064525 0.164730 -0.075137
v -0.062694 0.322376 -0.016597
v -0.062616 0.328451 -0.016362
v -0.062770 0.316257 -0.016823
v -0.063625 0.034363 -0.087885
v -0.059504 0.470854 -0.070326
v -0.065775 0.158510 -0.028261
v -0.062165 0.420902 0.002350
v -0.063257 0.414563 0.001432
v -0.064599 0.132667 -0.025577
v -0.065487 0.139025 -0.025492
v -0.062160 0.340565 -0.015656
v -0.062449 0.334508 -0.016050
v -0.062344 0.259490 -0.024639
v -0.063160 0.252972 -0.024872
v -0.063071 0.057736 -0.087830
v -0.063436 0.065360 -0.086389
v -0.062986 0.049989 -0.088841
v -0.063169 0.042212 -0.089088
v -0.062814 0.216288 -0.078187
v -0.063326 0.150995 -0.074543
v -0.061713 0.346601 -0.015118
v -0.064473 0.191627 -0.029390
v -0.064339 0.198434 -0.029130
v -0.064465 0.178267 -0.030401
v -0.064496 0.184907 -0.029811
v -0.062255 0.108544 -0.078098
v -0.063193 0.115988 -0.077566
v -0.061429 0.400846 -0.003101
v -0.060754 0.448083 -0.078699
v -0.061571 0.265965 -0.024422
v -0.063471 0.113332 -0.021005
v -0.063585 0.212181 -0.028989
v -0.064028 0.205301 -0.028986
v -0.064028 0.145623 -0.028867
v -0.064901 0.152062 -0.028596
v -0.060459 0.247850 -0.092819
v -0.064289 0.171683 -0.031017
v -0.062952 0.219046 -0.029059
v -0.059795 0.227504 -0.082684
v -0.061420 0.221803 -0.080256
v -0.061449 0.101092 -0.078734
v -0.063329 0.158652 -0.032033
v -0.063933 0.165148 -0.031590
v -0.061938 0.137061 -0.074266
v -0.062549 0.144041 -0.074375
v -0.063407 0.126367 -0.025295
v -0.058042 0.261656 -0.096084
v -0.059197 0.254778 -0.094623
v -0.061582 0.101746 -0.018610
v -0.062254 0.107224 -0.019958
v -0.060118 0.278719 -0.024037
v -0.060843 0.272364 -0.024240
v -0.060501 0.386014 -0.007202
v -0.061882 0.379054 -0.007609
v -0.061232 0.232723 -0.029291
v -0.062164 0.225907 -0.029180
v -0.060314 0.358887 -0.013584
v -0.061022 0.352671 -0.014342
v -0.061466 0.130115 -0.074168
v -0.058288 0.388283 -0.095746
v -0.057713 0.374238 -0.099363
v -0.058163 0.381336 -0.097641
v -0.059156 0.429830 -0.085328
v -0.059381 0.285066 -0.023778
v -0.057168 0.367078 -0.100579
v -0.058297 0.395024 -0.093551
v -0.058403 0.435591 -0.083132
v -0.061250 0.096583 -0.016789
v -0.063142 0.139197 -0.029047
v -0.060231 0.239520 -0.029404
v -0.056529 0.458595 -0.073743
v -0.058618 0.453280 -0.076105
v -0.064928 0.088880 -0.007886
v -0.061093 0.091824 -0.014434
v -0.060175 0.086505 -0.079860
v -0.060850 0.093705 -0.079182
v -0.057504 0.408477 -0.089962
v -0.058014 0.401720 -0.091601
v -0.060013 0.113300 -0.023814
v -0.061779 0.119961 -0.024625
v -0.057907 0.476883 -0.069501
v -0.061609 0.178374 -0.072636
v -0.061031 0.089262 -0.012758
v -0.061419 0.185154 -0.072749
v -0.060817 0.198225 -0.072439
v -0.061143 0.191803 -0.072628
v -0.057118 0.268523 -0.097368
v -0.059582 0.365266 -0.012866
v -0.062633 0.152171 -0.032396
v -0.061442 0.164875 -0.072051
v -0.061702 0.171621 -0.072332
v -0.056461 0.441199 -0.080272
v -0.055821 0.352793 -0.102237
v -0.056527 0.359930 -0.101514
v -0.058784 0.393060 -0.006868
v -0.060820 0.126492 -0.028612
v -0.062095 0.132811 -0.028994
v -0.058235 0.414300 -0.002273
v -0.059757 0.407690 -0.002798
v -0.055995 0.282266 -0.099621
v -0.056467 0.275342 -0.098573
v -0.059763 0.079353 -0.080916
v -0.060862 0.158130 -0.071822
v -0.061997 0.184868 -0.034167
v -0.061923 0.191537 -0.033857
v -0.059535 0.033850 -0.084860
v -0.060349 0.026361 -0.082485
v -0.061865 0.171722 -0.035139
v -0.061981 0.178272 -0.034615
v -0.060288 0.204418 -0.072551
v -0.061180 0.205079 -0.033608
v -0.061676 0.198282 -0.033678
v -0.059492 0.115883 -0.074819
v -0.060596 0.123102 -0.074399
v -0.058042 0.297665 -0.023138
v -0.058659 0.291381 -0.023463
v -0.055116 0.345672 -0.102616
v -0.061074 0.139191 -0.032891
v -0.061898 0.145685 -0.032701
v -0.060480 0.211890 -0.033650
v -0.058203 0.252777 -0.029392
v -0.059213 0.246191 -0.029445
v -0.055633 0.289217 -0.100405
v -0.061583 0.165205 -0.035644
v -0.058391 0.216272 -0.074252
v -0.059499 0.210432 -0.073123
v -0.059823 0.064583 -0.083297
v -0.059891 0.072015 -0.082026
v -0.057570 0.303933 -0.022828
v -0.054909 0.303129 -0.101587
v -0.055273 0.296177 -0.101062
v -0.059634 0.056997 -0.084523
v -0.057892 0.233592 -0.085308
v -0.054512 0.464228 -0.072038
v -0.059598 0.144224 -0.071235
v -0.060390 0.151236 -0.071455
v -0.060611 0.152167 -0.036451
v -0.061110 0.158695 -0.036063
v -0.056998 0.420698 -0.001474
v -0.058663 0.108328 -0.075129
v -0.059297 0.041703 -0.085709
v -0.057222 0.259273 -0.029296
v -0.054089 0.331442 -0.102753
v -0.054511 0.338556 -0.102735
v -0.054500 0.310152 -0.102104
v -0.059499 0.049410 -0.085420
v -0.057823 0.378483 -0.011719
v -0.058815 0.371828 -0.012256
v -0.058388 0.225507 -0.033771
v -0.059525 0.218696 -0.033711
v -0.057025 0.316378 -0.022239
v -0.057233 0.310182 -0.022531
v -0.053970 0.324347 -0.102684
v -0.054157 0.317223 -0.102460
v -0.054346 0.446397 -0.077510
v -0.056918 0.322522 -0.021927
v -0.056773 0.334692 -0.021092
v -0.056857 0.328623 -0.021560
v -0.058943 0.137123 -0.071018
v -0.056664 0.340725 -0.020544
v -0.058546 0.106770 -0.022904
v -0.057129 0.232297 -0.033821
v -0.059969 0.132719 -0.032838
v -0.060084 0.184746 -0.038879
v -0.060149 0.178210 -0.039244
v -0.059424 0.198006 -0.038485
v -0.059868 0.191339 -0.038621
v -0.060127 0.145610 -0.036829
v -0.056461 0.385217 -0.011250
v -0.059945 0.165189 -0.040130
v -0.060110 0.171701 -0.039683
v -0.054336 0.247026 -0.089658
v -0.055984 0.240179 -0.087710
v -0.059127 0.120010 -0.027893
v -0.056395 0.352864 -0.019334
v -0.056551 0.346771 -0.019950
v -0.059707 0.171595 -0.068281
v -0.059548 0.164952 -0.068042
v -0.058645 0.204722 -0.038430
v -0.058950 0.184808 -0.068680
v -0.059483 0.178209 -0.068529
v -0.057329 0.095014 -0.020104
v -0.057756 0.100748 -0.021791
v -0.055458 0.272127 -0.029186
v -0.056306 0.265715 -0.029223
v -0.057929 0.122954 -0.070840
v -0.058625 0.130063 -0.070782
v -0.057583 0.093217 -0.075404
v -0.058052 0.100740 -0.075316
v -0.056946 0.221957 -0.076055
v -0.054854 0.406874 -0.006302
v -0.056836 0.400034 -0.006587
v -0.056260 0.415260 -0.087825
v -0.058302 0.191333 -0.068618
v -0.059659 0.158652 -0.040535
v -0.057185 0.088762 -0.017532
v -0.059412 0.139020 -0.037044
v -0.058406 0.132390 -0.037024
v -0.056130 0.359044 -0.018637
v -0.058637 0.151401 -0.067563
v -0.059117 0.158251 -0.067826
v -0.056973 0.085723 -0.075879
v -0.054628 0.278518 -0.029119
v -0.058643 0.126290 -0.032437
v -0.056956 0.119769 -0.031703
v -0.056945 0.204148 -0.068352
v -0.057638 0.197784 -0.068426
v -0.052195 0.451599 -0.074937
v -0.058974 0.145427 -0.041231
v -0.059350 0.152070 -0.040911
v -0.057010 0.115643 -0.071065
v -0.056289 0.218202 -0.038496
v -0.057572 0.211447 -0.038446
v -0.057953 0.144370 -0.067315
v -0.057631 0.026737 -0.078853
v -0.054624 0.245769 -0.034021
v -0.055869 0.239057 -0.033918
v -0.058827 0.178107 -0.044080
v -0.058891 0.171642 -0.044434
v -0.058194 0.191067 -0.043532
v -0.058608 0.184567 -0.043768
v -0.057128 0.113192 -0.027110
v -0.055435 0.106221 -0.026317
v -0.058611 0.158574 -0.045118
v -0.058804 0.165137 -0.044792
v -0.057547 0.063424 -0.078925
v -0.057311 0.070787 -0.077869
v -0.057476 0.197631 -0.043388
v -0.053323 0.233468 -0.080902
v -0.055344 0.227643 -0.078337
v -0.056800 0.078225 -0.076867
v -0.053084 0.413581 -0.005935
v -0.058624 0.171556 -0.063745
v -0.057425 0.048657 -0.080854
v -0.057558 0.056026 -0.079985
v -0.055074 0.371651 -0.017215
v -0.055724 0.365308 -0.017920
v -0.058256 0.158306 -0.063454
v -0.058570 0.164985 -0.063590
v -0.056824 0.041241 -0.081431
v -0.056797 0.033659 -0.080940
v -0.054844 0.224992 -0.038522
v -0.058330 0.178058 -0.063890
v -0.056058 0.210381 -0.068705
v -0.051027 0.476453 -0.070667
v -0.052633 0.470223 -0.071177
v -0.058362 0.138711 -0.041397
v -0.053023 0.291268 -0.028809
v -0.053811 0.284898 -0.028998
v -0.058348 0.151939 -0.045408
v -0.053444 0.252369 -0.034136
v -0.052714 0.253865 -0.091480
v -0.054846 0.421809 -0.085457
v -0.054123 0.427770 -0.083386
v -0.057829 0.151495 -0.063316
v -0.057448 0.138395 -0.045745
v -0.058018 0.145217 -0.045640
v -0.056899 0.130051 -0.066842
v -0.057266 0.137223 -0.067071
v -0.057706 0.184482 -0.063976
v -0.056749 0.190872 -0.063922
v -0.058173 0.171579 -0.049286
v -0.057595 0.184390 -0.048782
v -0.057999 0.178005 -0.049031
v -0.054122 0.378048 -0.016577
v -0.058137 0.165079 -0.049529
v -0.052501 0.398846 -0.010399
v -0.054663 0.392030 -0.010808
v -0.055843 0.100455 -0.071062
v -0.056301 0.108086 -0.071162
v -0.052351 0.297626 -0.028579
v -0.056994 0.125762 -0.036665
v -0.054960 0.210885 -0.043356
v -0.056380 0.204252 -0.043335
v -0.056253 0.122851 -0.066823
v -0.057639 0.151806 -0.049936
v -0.057959 0.158490 -0.049752
v -0.058091 0.165003 -0.058970
v -0.057787 0.177966 -0.059007
v -0.058102 0.171534 -0.058994
v -0.056957 0.190789 -0.048559
v -0.050050 0.457111 -0.072904
v -0.057843 0.158353 -0.058953
v -0.057431 0.131920 -0.041363
v -0.056046 0.125102 -0.041033
v -0.052496 0.433421 -0.080700
v -0.053483 0.222483 -0.071125
v -0.054912 0.216470 -0.069615
v -0.052052 0.394260 -0.089405
v -0.051629 0.381076 -0.093550
v -0.051913 0.387738 -0.091546
v -0.057924 0.165032 -0.054274
v -0.057668 0.177949 -0.054030
v -0.057932 0.171540 -0.054160
v -0.050836 0.374369 -0.095425
v -0.055333 0.092785 -0.071082
v -0.049914 0.267742 -0.094185
v -0.051199 0.260737 -0.092894
v -0.057251 0.145013 -0.050063
v -0.051946 0.400792 -0.087390
v -0.057108 0.184282 -0.053873
v -0.057215 0.144503 -0.063140
v -0.056562 0.137380 -0.062926
v -0.057717 0.158415 -0.054380
v -0.057432 0.151580 -0.058929
v -0.057332 0.151685 -0.054461
v -0.056851 0.144654 -0.058853
v -0.057156 0.184309 -0.058969
v -0.054479 0.099584 -0.025408
v -0.056262 0.033824 -0.075740
v -0.056741 0.027465 -0.074022
v -0.056837 0.144825 -0.054485
v -0.055604 0.197272 -0.063824
v -0.053421 0.217643 -0.043434
v -0.051464 0.310299 -0.028035
v -0.051825 0.303973 -0.028312
v -0.056326 0.054840 -0.074926
v -0.055576 0.069452 -0.073064
v -0.056186 0.062111 -0.073930
v -0.051298 0.413478 -0.083491
v -0.051736 0.407261 -0.085491
v -0.055942 0.197224 -0.048398
v -0.054546 0.203710 -0.048377
v -0.056534 0.131479 -0.045673
v -0.056658 0.138099 -0.050087
v -0.055770 0.131078 -0.049985
v -0.056160 0.040613 -0.076246
v -0.056313 0.047651 -0.075801
v -0.053713 0.086881 -0.021792
v -0.053910 0.093248 -0.023928
v -0.055994 0.130167 -0.062724
v -0.051255 0.316578 -0.027734
v -0.056191 0.137586 -0.058708
v -0.051296 0.265317 -0.034349
v -0.052309 0.258869 -0.034224
v -0.049207 0.360447 -0.097579
v -0.050065 0.367407 -0.096656
v -0.056188 0.190609 -0.058880
v -0.054987 0.112850 -0.030986
v -0.056269 0.190597 -0.053705
v -0.051788 0.238557 -0.038676
v -0.053311 0.231787 -0.038560
v -0.054793 0.107997 -0.066833
v -0.055456 0.115495 -0.066889
v -0.055342 0.119141 -0.035974
v -0.051710 0.420154 -0.005343
v -0.051551 0.421191 -0.005188
v -0.054671 0.077042 -0.072340
v -0.054775 0.084951 -0.071544
v -0.053464 0.112200 -0.035332
v -0.055035 0.196927 -0.053594
v -0.053607 0.210289 -0.063840
v -0.054628 0.203780 -0.063708
v -0.051194 0.328971 -0.026951
v -0.051179 0.322801 -0.027382
v -0.051326 0.335094 -0.026491
v -0.056195 0.137827 -0.054424
v -0.050203 0.405654 -0.010020
v -0.056232 0.027743 -0.068762
v -0.054913 0.196945 -0.058784
v -0.051968 0.347286 -0.025580
v -0.051586 0.341190 -0.026030
v -0.052365 0.353397 -0.025109
v -0.055290 0.124507 -0.045400
v -0.048313 0.353447 -0.098284
v -0.049049 0.274726 -0.095364
v -0.050945 0.391013 -0.015383
v -0.052766 0.384490 -0.015970
v -0.050611 0.438763 -0.077752
v -0.052932 0.210348 -0.048458
v -0.055159 0.053810 -0.069527
v -0.055393 0.040236 -0.070473
v -0.055310 0.046880 -0.070186
v -0.054211 0.100333 -0.066669
v -0.050347 0.271737 -0.034469
v -0.055680 0.033803 -0.070016
v -0.055254 0.122898 -0.062650
v -0.054450 0.115553 -0.062625
v -0.050379 0.419490 -0.081314
v -0.055223 0.033580 -0.064410
v -0.055973 0.027864 -0.063686
v -0.054876 0.061028 -0.068735
v -0.055369 0.130713 -0.054297
v -0.055467 0.130397 -0.058556
v -0.055682 0.029075 -0.061389
v -0.056147 0.026987 -0.061455
v -0.052371 0.365641 -0.023710
v -0.052482 0.359510 -0.024437
v -0.054378 0.118322 -0.040483
v -0.053735 0.117558 -0.044971
v -0.054646 0.123137 -0.058422
v -0.047931 0.288870 -0.097285
v -0.048401 0.281813 -0.096492
v -0.051214 0.239814 -0.083228
v -0.053456 0.203352 -0.053577
v -0.050442 0.245282 -0.038980
v -0.054473 0.123517 -0.054116
v -0.054726 0.123980 -0.049767
v -0.051847 0.371781 -0.022920
v -0.054944 0.032818 -0.059188
v -0.054120 0.068450 -0.068060
v -0.052973 0.076216 -0.067575
v -0.053693 0.108101 -0.062470
v -0.053128 0.105539 -0.030319
v -0.051959 0.098287 -0.029536
v -0.054656 0.040167 -0.064560
v -0.052847 0.084376 -0.067073
v -0.053515 0.092476 -0.066702
v -0.051861 0.228413 -0.073071
v -0.054081 0.053116 -0.063893
v -0.054375 0.046439 -0.064303
v -0.047483 0.295899 -0.097878
v -0.053746 0.115838 -0.058268
v -0.053956 0.040929 -0.058575
v -0.046574 0.339180 -0.099113
v -0.047368 0.346361 -0.098831
v -0.054237 0.036822 -0.056845
v -0.053455 0.203439 -0.058722
v -0.052413 0.216713 -0.064536
v -0.046607 0.309932 -0.098828
v -0.047049 0.302883 -0.098370
v -0.053676 0.060281 -0.063359
v -0.051754 0.224486 -0.043498
v -0.050081 0.231319 -0.043656
v -0.049040 0.425151 -0.078918
v -0.053392 0.116885 -0.049437
v -0.048687 0.397625 -0.014811
v -0.048418 0.284559 -0.034436
v -0.049378 0.278143 -0.034496
v -0.046030 0.331854 -0.099273
v -0.046018 0.469314 -0.071220
v -0.047935 0.463014 -0.071668
v -0.053392 0.116302 -0.053875
v -0.053547 0.046217 -0.058193
v -0.052519 0.111344 -0.039913
v -0.047380 0.253247 -0.086658
v -0.049352 0.246584 -0.084994
v -0.048545 0.443973 -0.074968
v -0.053541 0.041033 -0.054267
v -0.052837 0.100411 -0.062273
v -0.051878 0.092386 -0.062305
v -0.046172 0.317134 -0.099188
v -0.053007 0.067824 -0.062879
v -0.049700 0.384123 -0.021412
v -0.050996 0.377942 -0.022166
v -0.047396 0.430542 -0.076450
v -0.052596 0.059854 -0.057898
v -0.053129 0.052603 -0.058177
v -0.045894 0.324490 -0.099325
v -0.052792 0.045438 -0.051489
v -0.051211 0.091241 -0.028177
v -0.047508 0.290996 -0.034290
v -0.052809 0.108432 -0.058061
v -0.052299 0.108940 -0.053600
v -0.052014 0.109627 -0.049093
v -0.052062 0.110446 -0.044529
v -0.051091 0.084435 -0.025611
v -0.051744 0.100707 -0.057858
v -0.052197 0.210166 -0.058771
v -0.050844 0.216933 -0.059243
v -0.051201 0.084054 -0.062461
v -0.051073 0.223041 -0.065777
v -0.049522 0.229259 -0.067386
v -0.051585 0.104761 -0.034756
v -0.050685 0.103836 -0.039437
v -0.051893 0.210099 -0.053629
v -0.048009 0.258387 -0.039737
v -0.049172 0.251881 -0.039350
v -0.051297 0.217200 -0.048569
v -0.049595 0.224131 -0.048788
v -0.049961 0.234269 -0.075349
v -0.047822 0.240301 -0.077524
v -0.048531 0.238110 -0.044015
v -0.052342 0.051822 -0.052674
v -0.051598 0.059686 -0.052473
v -0.046446 0.419256 -0.009156
v -0.048087 0.412467 -0.009651
v -0.052088 0.075773 -0.062568
v -0.051928 0.067548 -0.057654
v -0.050348 0.217020 -0.053844
v -0.050592 0.092603 -0.057819
v -0.050953 0.101232 -0.053368
v -0.051907 0.049999 -0.048638
v -0.047900 0.390370 -0.020652
v -0.050876 0.067584 -0.052410
v -0.050308 0.102879 -0.044162
v -0.045494 0.435928 -0.073913
v -0.048928 0.360141 -0.030594
v -0.049216 0.366179 -0.029940
v -0.047594 0.348003 -0.031588
v -0.048425 0.354082 -0.031204
v -0.050986 0.054608 -0.045818
v -0.046075 0.303944 -0.033794
v -0.046695 0.297464 -0.034055
v -0.046948 0.264834 -0.040108
v -0.046314 0.449462 -0.072788
v -0.051125 0.075649 -0.057570
v -0.047651 0.399304 -0.081568
v -0.047159 0.386779 -0.085524
v -0.047543 0.393020 -0.083559
v -0.050449 0.101979 -0.048812
v -0.050232 0.096986 -0.034075
v -0.049333 0.089186 -0.033026
v -0.050163 0.075852 -0.052564
v -0.046675 0.380437 -0.087434
v -0.048507 0.378222 -0.028351
v -0.049034 0.372198 -0.029153
v -0.045721 0.310418 -0.033576
v -0.048004 0.230943 -0.049254
v -0.047585 0.405395 -0.079525
v -0.046056 0.421684 -0.008859
v -0.050583 0.060212 -0.047079
v -0.046789 0.341887 -0.031929
v -0.045755 0.329498 -0.032617
v -0.046126 0.335724 -0.032228
v -0.048825 0.223881 -0.054416
v -0.047207 0.411281 -0.077472
v -0.045571 0.323206 -0.032980
v -0.045559 0.316844 -0.033306
v -0.050126 0.084066 -0.057731
v -0.045593 0.260109 -0.088087
v -0.049712 0.082113 -0.028250
v -0.049518 0.223512 -0.060182
v -0.045185 0.472821 -0.071073
v -0.050065 0.059275 -0.042961
v -0.047409 0.384237 -0.027477
v -0.049713 0.093077 -0.053213
v -0.049187 0.093790 -0.048520
v -0.049848 0.068119 -0.047098
v -0.044876 0.367403 -0.090515
v -0.045812 0.374049 -0.089210
v -0.049260 0.095815 -0.038884
v -0.043353 0.441468 -0.071537
v -0.049198 0.064399 -0.039677
v -0.048882 0.069506 -0.041369
v -0.049387 0.084439 -0.052913
v -0.048957 0.094731 -0.043744
v -0.045877 0.251349 -0.045317
v -0.047170 0.244798 -0.044635
v -0.046348 0.416965 -0.075383
v -0.044750 0.277689 -0.040473
v -0.045878 0.271261 -0.040371
v -0.048464 0.087471 -0.038089
v -0.046156 0.404334 -0.014246
v -0.043741 0.411209 -0.013741
v -0.049247 0.076423 -0.047506
v -0.048830 0.085137 -0.048052
v -0.043789 0.360656 -0.091461
v -0.041760 0.461676 -0.070497
v -0.043978 0.455343 -0.071354
v -0.047662 0.235347 -0.069228
v -0.043000 0.274474 -0.090495
v -0.044044 0.267223 -0.089356
v -0.048593 0.081482 -0.031712
v -0.048632 0.077723 -0.030938
v -0.048186 0.229981 -0.061424
v -0.046565 0.236250 -0.062860
v -0.043593 0.284151 -0.040432
v -0.045798 0.246726 -0.079128
v -0.048446 0.086138 -0.043129
v -0.048451 0.077445 -0.042323
v -0.048461 0.070635 -0.035522
v -0.046441 0.372813 -0.035699
v -0.045573 0.360911 -0.037133
v -0.046171 0.366867 -0.036467
v -0.044699 0.257805 -0.045990
v -0.046469 0.378770 -0.034893
v -0.044977 0.422518 -0.073180
v -0.048046 0.078976 -0.036969
v -0.047493 0.230546 -0.055330
v -0.045601 0.396730 -0.019876
v -0.042954 0.403274 -0.019129
v -0.040934 0.447337 -0.069882
v -0.046626 0.237634 -0.050010
v -0.045250 0.244157 -0.050968
v -0.044768 0.354904 -0.037717
v -0.042237 0.281661 -0.091497
v -0.041451 0.346842 -0.092811
v -0.042623 0.353824 -0.092193
v -0.041718 0.418203 -0.013153
v -0.046165 0.237008 -0.056437
v -0.041021 0.295803 -0.092709
v -0.041623 0.288763 -0.092197
v -0.040010 0.468512 -0.069836
v -0.045670 0.390248 -0.026530
v -0.043388 0.396353 -0.025578
v -0.045722 0.241372 -0.070964
v -0.043725 0.247576 -0.072446
v -0.044883 0.403369 -0.072780
v -0.044745 0.391483 -0.076617
v -0.044962 0.397470 -0.074734
v -0.042684 0.342695 -0.038489
v -0.043747 0.348836 -0.038159
v -0.044380 0.409167 -0.070803
v -0.044287 0.385439 -0.078430
v -0.041544 0.297269 -0.040034
v -0.042504 0.290667 -0.040274
v -0.045790 0.384731 -0.033946
v -0.044258 0.390635 -0.032876
v -0.043196 0.427965 -0.071021
v -0.043749 0.253347 -0.080534
v -0.041781 0.260185 -0.081924
v -0.040407 0.339637 -0.093370
v -0.043220 0.414825 -0.068897
v -0.043809 0.250618 -0.051950
v -0.040544 0.302821 -0.093099
v -0.042304 0.270716 -0.046904
v -0.043511 0.264244 -0.046531
v -0.040888 0.303915 -0.039816
v -0.042868 0.373177 -0.081655
v -0.043712 0.379319 -0.080114
v -0.044581 0.243357 -0.057621
v -0.039801 0.317052 -0.093821
v -0.040121 0.309835 -0.093505
v -0.044759 0.242433 -0.064286
v -0.044092 0.373581 -0.042522
v -0.044421 0.385425 -0.040663
v -0.044546 0.379479 -0.041664
v -0.041316 0.420373 -0.067060
v -0.038556 0.453690 -0.068727
v -0.043446 0.367706 -0.043329
v -0.040354 0.410132 -0.018475
v -0.041720 0.336455 -0.038737
v -0.040742 0.423098 -0.012595
v -0.039479 0.324511 -0.093992
v -0.039742 0.332110 -0.093774
v -0.041054 0.277207 -0.047092
v -0.041860 0.366856 -0.082907
v -0.040741 0.323686 -0.039289
v -0.041126 0.330114 -0.039044
v -0.040577 0.317168 -0.039501
v -0.040572 0.310568 -0.039648
v -0.042042 0.396537 -0.031785
v -0.040713 0.402689 -0.024690
v -0.041893 0.355780 -0.044775
v -0.042750 0.361786 -0.044096
v -0.041005 0.433478 -0.069093
v -0.039058 0.425896 -0.065222
v -0.043207 0.395792 -0.067612
v -0.043033 0.389917 -0.069346
v -0.043001 0.401592 -0.065833
v -0.042851 0.248698 -0.065631
v -0.042371 0.257076 -0.052795
v -0.041079 0.263565 -0.053442
v -0.042841 0.249709 -0.058757
v -0.042889 0.386206 -0.047547
v -0.042726 0.380358 -0.048651
v -0.043422 0.391351 -0.039512
v -0.042434 0.392103 -0.046329
v -0.042175 0.407355 -0.064025
v -0.042147 0.378041 -0.072471
v -0.042717 0.383998 -0.070972
v -0.041639 0.368653 -0.050627
v -0.042228 0.374511 -0.049666
v -0.040161 0.267316 -0.083167
v -0.036568 0.460645 -0.067753
v -0.041158 0.256216 -0.059809
v -0.039340 0.353570 -0.084606
v -0.040656 0.360322 -0.083840
v -0.041646 0.254115 -0.073804
v -0.040854 0.349669 -0.045335
v -0.040852 0.255168 -0.066827
v -0.041401 0.372014 -0.073798
v -0.038633 0.290386 -0.047016
v -0.039759 0.283738 -0.047105
v -0.039753 0.270109 -0.053923
v -0.041098 0.397961 -0.045023
v -0.041433 0.397160 -0.038315
v -0.039345 0.402605 -0.030761
v -0.038713 0.439312 -0.067220
v -0.040408 0.413000 -0.062355
v -0.042138 0.394307 -0.060468
v -0.041661 0.400106 -0.058868
v -0.036593 0.431679 -0.063572
v -0.041800 0.382638 -0.063465
v -0.042069 0.388482 -0.062014
v -0.038186 0.281877 -0.084854
v -0.038966 0.274655 -0.084169
v -0.040344 0.405863 -0.057265
v -0.041768 0.381409 -0.055982
v -0.041998 0.387240 -0.054711
v -0.040982 0.362708 -0.051518
v -0.041400 0.376763 -0.064789
v -0.038650 0.337139 -0.046082
v -0.039724 0.343459 -0.045761
v -0.038023 0.346637 -0.085321
v -0.037634 0.297126 -0.046868
v -0.041873 0.393065 -0.053353
v -0.039735 0.262815 -0.060658
v -0.041329 0.375583 -0.057158
v -0.038053 0.411485 -0.055788
v -0.040139 0.356646 -0.052305
v -0.039096 0.350453 -0.052967
v -0.040987 0.398887 -0.051918
v -0.040439 0.365889 -0.074922
v -0.039265 0.359530 -0.075867
v -0.039657 0.260918 -0.075075
v -0.038254 0.267954 -0.076127
v -0.036109 0.424489 -0.016809
v -0.037971 0.417226 -0.017735
v -0.040848 0.369689 -0.058237
v -0.040145 0.363691 -0.059208
v -0.037533 0.288988 -0.085321
v -0.038852 0.403751 -0.043747
v -0.038801 0.403008 -0.037164
v -0.040895 0.370807 -0.065971
v -0.039965 0.364767 -0.067020
v -0.037947 0.418555 -0.060794
v -0.037858 0.330692 -0.046350
v -0.038565 0.276725 -0.054277
v -0.037453 0.283420 -0.054433
v -0.036433 0.303111 -0.085947
v -0.036882 0.296021 -0.085670
v -0.034564 0.437988 -0.061978
v -0.039220 0.404653 -0.050483
v -0.036370 0.445685 -0.065765
v -0.036962 0.310754 -0.046737
v -0.037145 0.303947 -0.046801
v -0.039208 0.261920 -0.067889
v -0.037078 0.317501 -0.046680
v -0.037384 0.324144 -0.046556
v -0.037937 0.409381 -0.023872
v -0.036438 0.409042 -0.029802
v -0.037917 0.352908 -0.076683
v -0.038915 0.358536 -0.067943
v -0.036292 0.332097 -0.086528
v -0.036977 0.339454 -0.086025
v -0.035349 0.417217 -0.054326
v -0.035284 0.416429 -0.022994
v -0.039253 0.357546 -0.060069
v -0.036121 0.310189 -0.086288
v -0.035816 0.464562 -0.067180
v -0.035937 0.324679 -0.086746
v -0.035918 0.317362 -0.086679
v -0.038493 0.269512 -0.061302
v -0.037389 0.276269 -0.061761
v -0.036371 0.290194 -0.054463
v -0.037921 0.268786 -0.068725
v -0.037979 0.344131 -0.053498
v -0.038157 0.351245 -0.060806
v -0.036005 0.409630 -0.042526
v -0.036629 0.410371 -0.049126
v -0.037023 0.344783 -0.061420
v -0.035377 0.424357 -0.059159
v -0.037101 0.275119 -0.076903
v -0.037731 0.352078 -0.068732
v -0.035824 0.409136 -0.036077
v -0.032849 0.444884 -0.060584
v -0.036900 0.337701 -0.053891
v -0.035984 0.331163 -0.054163
v -0.036369 0.283111 -0.062022
v -0.034391 0.452613 -0.064615
v -0.036825 0.275720 -0.069323
v -0.035550 0.289335 -0.077658
v -0.036265 0.282246 -0.077370
v -0.036640 0.346077 -0.077393
v -0.035564 0.339059 -0.078025
v -0.033571 0.415910 -0.028804
v -0.032831 0.423425 -0.052819
v -0.036510 0.345441 -0.069390
v -0.035132 0.303983 -0.054454
v -0.035616 0.297067 -0.054445
v -0.035375 0.324503 -0.054343
v -0.034908 0.310894 -0.054438
v -0.035001 0.317748 -0.054433
v -0.035976 0.338182 -0.061886
v -0.035443 0.338632 -0.069925
v -0.034880 0.331987 -0.078470
v -0.034960 0.296399 -0.077887
v -0.035841 0.282684 -0.069673
v -0.033082 0.415945 -0.041304
v -0.033867 0.416409 -0.047778
v -0.033095 0.430652 -0.057567
v -0.032810 0.459951 -0.063441
v -0.034328 0.310637 -0.078360
v -0.034512 0.303506 -0.078115
v -0.035371 0.289995 -0.062132
v -0.034972 0.289680 -0.069870
v -0.034597 0.296941 -0.062199
v -0.031461 0.452104 -0.059303
v -0.033044 0.423793 -0.021933
v -0.032326 0.427078 -0.021360
v -0.035090 0.331508 -0.062187
v -0.034475 0.324734 -0.062344
v -0.034236 0.317750 -0.078618
v -0.034488 0.324828 -0.078659
v -0.032809 0.415723 -0.034967
v -0.034111 0.303940 -0.062267
v -0.034325 0.296717 -0.070020
v -0.034623 0.331774 -0.070295
v -0.030882 0.430164 -0.051257
v -0.031079 0.423216 -0.027627
v -0.034094 0.317885 -0.062386
v -0.033955 0.310939 -0.062334
v -0.034189 0.324847 -0.070465
v -0.031552 0.437468 -0.055983
v -0.033922 0.303793 -0.070173
v -0.033858 0.317902 -0.070453
v -0.033776 0.310866 -0.070323
v -0.030456 0.422771 -0.039967
v -0.031362 0.422963 -0.046374
v -0.029548 0.437301 -0.049693
v -0.029407 0.429861 -0.026393
v -0.030376 0.444622 -0.054590
v -0.030172 0.422828 -0.033691
v -0.031145 0.453912 -0.058997
v -0.028359 0.444607 -0.048334
v -0.030797 0.452047 -0.057555
v -0.029670 0.449058 -0.053828
v -0.029314 0.429978 -0.044875
v -0.028236 0.430040 -0.038498
v -0.028849 0.430712 -0.027950
v -0.028068 0.430368 -0.032226
v -0.027792 0.437335 -0.043345
v -0.026938 0.437556 -0.038800
v -0.027618 0.432761 -0.031735
v -0.027296 0.440256 -0.042808
v -0.026842 0.436472 -0.037183
usemtl Crural_fascia_rMaterial0
f 1 2 3
f 1 3 4
f 5 6 3
f 4 3 6
f 5 3 2
f 1 7 2
f 8 7 1
f 9 2 7
f 8 10 7
f 9 7 10
f 8 1 11
f 1 12 11
f 1 4 13
f 1 13 12
f 5 14 6
f 14 15 6
f 4 6 15
f 9 5 2
f 8 11 16
f 8 16 17
f 18 8 17
f 8 19 10
f 18 19 8
f 20 16 11
f 20 11 12
f 5 21 14
f 14 22 23
f 14 23 24
f 14 21 22
f 14 25 15
f 14 24 25
f 5 26 21
f 9 27 5
f 5 27 26
f 28 17 16
f 18 17 29
f 28 29 17
f 30 10 19
f 18 31 19
f 30 19 31
f 28 16 20
f 30 9 10
f 32 23 22
f 24 23 33
f 32 33 23
f 34 22 21
f 34 21 26
f 18 29 35
f 36 18 35
f 18 37 31
f 36 37 18
f 4 15 38
f 38 15 25
f 4 39 13
f 4 38 40
f 4 40 39
f 9 41 27
f 30 42 9
f 9 42 41
f 43 29 28
f 28 20 44
f 28 44 45
f 43 28 46
f 28 45 46
f 47 12 13
f 47 13 39
f 43 35 29
f 20 12 47
f 20 48 44
f 20 47 49
f 20 49 48
f 24 50 25
f 38 25 50
f 34 32 22
f 24 33 51
f 32 52 33
f 52 51 33
f 53 26 27
f 53 27 41
f 43 54 35
f 36 35 54
f 55 45 44
f 55 44 48
f 43 46 56
f 57 46 45
f 57 56 46
f 24 51 58
f 24 59 50
f 24 58 59
f 60 54 43
f 43 56 61
f 60 43 61
f 53 34 26
f 57 45 55
f 32 62 52
f 52 63 51
f 52 64 65
f 52 66 64
f 52 65 63
f 52 62 66
f 34 67 32
f 32 68 62
f 32 67 68
f 36 54 69
f 60 69 54
f 58 51 63
f 70 31 37
f 70 30 31
f 71 56 57
f 71 61 56
f 36 72 37
f 70 37 72
f 71 57 73
f 57 74 73
f 57 55 75
f 57 75 74
f 30 76 42
f 70 77 30
f 30 77 76
f 60 61 78
f 71 78 61
f 34 79 67
f 53 80 34
f 34 80 79
f 65 64 81
f 82 81 64
f 82 64 66
f 83 36 69
f 36 84 72
f 83 84 36
f 85 41 42
f 85 42 76
f 60 78 86
f 60 87 69
f 88 60 86
f 88 87 60
f 65 89 63
f 58 63 89
f 90 66 62
f 90 62 68
f 71 73 91
f 92 78 71
f 71 91 93
f 92 71 93
f 94 91 73
f 94 73 74
f 92 86 78
f 65 81 95
f 96 95 81
f 82 96 81
f 85 53 41
f 38 97 40
f 98 39 40
f 98 40 97
f 83 69 87
f 47 99 49
f 100 48 49
f 100 49 99
f 38 50 101
f 38 102 97
f 38 101 102
f 47 39 98
f 47 98 103
f 47 103 99
f 55 48 100
f 65 95 104
f 65 105 89
f 65 104 105
f 106 68 67
f 106 67 79
f 55 107 75
f 55 100 108
f 55 108 107
f 92 109 86
f 88 86 109
f 90 82 66
f 101 50 59
f 110 74 75
f 110 75 107
f 88 111 87
f 83 87 111
f 53 112 80
f 85 113 53
f 53 113 112
f 114 93 91
f 92 93 115
f 114 115 93
f 96 116 95
f 82 117 96
f 96 118 119
f 96 120 118
f 96 119 116
f 96 117 120
f 114 91 94
f 104 95 116
f 121 109 92
f 92 115 122
f 121 92 122
f 94 74 110
f 58 123 59
f 101 59 123
f 88 109 124
f 121 124 109
f 125 88 124
f 88 126 111
f 125 126 88
f 106 90 68
f 82 127 117
f 90 128 82
f 82 128 127
f 129 79 80
f 129 80 112
f 119 118 130
f 131 130 118
f 131 118 120
f 132 115 114
f 132 122 115
f 119 133 116
f 104 116 133
f 114 94 134
f 132 114 135
f 114 136 135
f 114 134 136
f 58 89 137
f 58 138 123
f 58 137 138
f 121 122 139
f 132 139 122
f 94 140 134
f 94 110 141
f 94 141 140
f 121 142 124
f 125 124 142
f 143 70 72
f 70 144 77
f 143 145 70
f 70 145 144
f 146 120 117
f 146 117 127
f 121 139 147
f 148 142 121
f 148 121 147
f 143 72 84
f 137 89 105
f 119 130 149
f 150 149 130
f 150 130 131
f 83 151 84
f 143 84 151
f 129 106 79
f 132 135 152
f 153 139 132
f 153 132 154
f 132 152 154
f 119 149 155
f 119 156 133
f 119 155 156
f 90 157 128
f 106 158 90
f 90 158 157
f 159 76 77
f 159 77 144
f 160 152 135
f 160 135 136
f 153 147 139
f 161 83 111
f 83 162 151
f 161 162 83
f 104 163 105
f 137 105 163
f 164 136 134
f 164 134 140
f 159 85 76
f 131 120 146
f 148 165 142
f 125 142 165
f 153 166 147
f 148 147 166
f 153 154 167
f 168 154 152
f 168 167 154
f 169 170 171
f 172 171 170
f 173 174 171
f 172 173 171
f 169 171 174
f 161 111 126
f 175 170 169
f 175 176 170
f 172 170 176
f 150 177 149
f 150 131 178
f 179 177 150
f 179 150 180
f 150 181 180
f 150 178 181
f 155 149 177
f 153 167 182
f 183 166 153
f 183 153 182
f 98 184 103
f 98 97 185
f 98 185 186
f 98 186 184
f 187 99 103
f 187 103 184
f 85 188 113
f 159 189 85
f 85 189 188
f 100 99 187
f 185 97 102
f 175 182 167
f 168 175 167
f 175 190 182
f 175 169 190
f 168 191 175
f 175 191 176
f 192 127 128
f 192 128 157
f 100 193 108
f 100 187 194
f 100 194 193
f 106 195 158
f 129 196 106
f 106 196 195
f 160 168 152
f 173 197 174
f 173 198 199
f 173 200 198
f 173 199 197
f 172 201 173
f 173 201 200
f 104 133 202
f 104 203 163
f 104 202 203
f 131 204 178
f 131 146 205
f 131 205 204
f 206 107 108
f 206 108 193
f 101 207 102
f 185 102 207
f 125 208 126
f 161 126 208
f 110 107 206
f 148 166 209
f 210 148 209
f 148 211 165
f 210 211 148
f 183 209 166
f 183 182 190
f 212 174 197
f 169 174 212
f 199 198 213
f 214 213 198
f 214 198 200
f 215 112 113
f 215 113 188
f 216 217 218
f 216 218 219
f 220 217 216
f 220 216 221
f 216 219 222
f 216 222 221
f 199 223 197
f 212 197 223
f 101 123 224
f 101 225 207
f 101 224 225
f 169 226 190
f 169 227 226
f 169 212 227
f 183 190 226
f 179 228 177
f 155 177 228
f 229 230 231
f 232 231 230
f 199 213 231
f 199 231 232
f 229 231 213
f 229 220 230
f 220 233 230
f 232 230 233
f 179 180 234
f 235 234 180
f 235 180 181
f 110 236 141
f 110 206 237
f 110 237 236
f 238 125 165
f 125 239 208
f 238 239 125
f 168 240 191
f 160 241 168
f 168 241 240
f 199 242 223
f 199 232 242
f 164 160 136
f 214 229 213
f 220 243 217
f 229 244 220
f 229 245 244
f 229 246 245
f 229 247 246
f 214 247 229
f 248 181 178
f 248 178 204
f 202 133 156
f 220 244 243
f 245 243 244
f 220 221 249
f 220 249 233
f 250 176 191
f 250 191 240
f 146 127 192
f 183 251 209
f 252 183 226
f 252 251 183
f 224 123 138
f 215 129 112
f 253 140 141
f 253 141 236
f 250 172 176
f 254 157 158
f 254 158 195
f 210 209 251
f 238 165 211
f 179 234 255
f 256 255 234
f 256 234 235
f 257 179 255
f 179 258 228
f 257 258 179
f 252 226 227
f 137 259 138
f 224 138 259
f 155 260 156
f 202 156 260
f 235 181 248
f 172 261 201
f 250 262 172
f 172 262 261
f 129 263 196
f 215 264 129
f 129 264 263
f 212 265 227
f 252 227 265
f 146 266 205
f 146 192 267
f 146 267 266
f 160 268 241
f 164 269 160
f 160 269 268
f 252 270 251
f 210 251 270
f 137 163 271
f 137 272 259
f 137 271 272
f 212 223 273
f 212 274 265
f 212 273 274
f 210 275 211
f 238 211 275
f 256 276 255
f 257 255 276
f 253 164 140
f 277 278 222
f 279 221 222
f 279 222 278
f 277 280 278
f 155 228 281
f 155 282 260
f 155 281 282
f 192 157 254
f 273 223 242
f 256 235 283
f 235 284 283
f 235 248 285
f 235 285 284
f 286 249 221
f 286 221 279
f 271 163 203
f 287 204 205
f 287 205 266
f 288 276 256
f 256 283 289
f 256 289 290
f 288 256 290
f 232 291 242
f 273 242 291
f 232 233 292
f 232 293 291
f 232 292 293
f 294 252 265
f 252 295 270
f 294 295 252
f 292 233 249
f 292 249 286
f 296 195 196
f 296 196 263
f 297 240 241
f 297 241 268
f 281 228 258
f 298 200 201
f 298 201 261
f 299 210 270
f 210 300 275
f 299 300 210
f 202 301 203
f 271 203 301
f 302 143 151
f 143 303 145
f 143 304 303
f 302 304 143
f 302 151 162
f 248 204 287
f 185 305 186
f 306 184 186
f 306 186 305
f 185 207 307
f 185 308 305
f 185 307 308
f 309 144 145
f 309 145 303
f 187 184 306
f 288 310 276
f 257 276 310
f 187 311 194
f 187 306 312
f 187 312 311
f 313 289 283
f 313 283 284
f 294 265 274
f 314 246 247
f 307 207 225
f 192 315 267
f 192 254 316
f 192 316 315
f 164 317 269
f 253 318 164
f 164 318 317
f 319 193 194
f 319 194 311
f 309 159 144
f 161 320 162
f 302 162 320
f 321 290 289
f 288 290 322
f 321 322 290
f 206 193 319
f 314 247 214
f 257 323 258
f 281 258 323
f 297 250 240
f 224 324 225
f 307 225 324
f 206 325 237
f 206 319 326
f 206 326 325
f 202 260 327
f 202 328 301
f 202 327 328
f 329 214 200
f 314 214 329
f 248 330 285
f 248 287 331
f 248 331 330
f 159 332 189
f 309 333 159
f 159 333 332
f 329 200 298
f 334 161 208
f 161 335 320
f 334 335 161
f 254 195 296
f 336 236 237
f 336 237 325
f 299 270 295
f 273 337 274
f 294 274 337
f 224 259 338
f 224 339 324
f 224 338 339
f 321 289 313
f 340 188 189
f 340 189 332
f 334 208 239
f 288 322 341
f 342 288 341
f 288 343 310
f 342 343 288
f 344 257 310
f 257 345 323
f 344 345 257
f 346 322 321
f 346 341 322
f 347 266 267
f 347 267 315
f 327 260 282
f 336 253 236
f 273 291 348
f 273 349 337
f 273 348 349
f 350 284 285
f 350 285 330
f 338 259 272
f 238 351 239
f 334 239 351
f 250 352 262
f 297 353 250
f 250 353 352
f 340 215 188
f 354 268 269
f 354 269 317
f 348 291 293
f 294 355 295
f 299 295 355
f 356 238 275
f 238 357 351
f 356 357 238
f 281 358 282
f 327 282 358
f 271 359 272
f 338 272 359
f 346 321 360
f 321 361 360
f 321 313 362
f 321 362 361
f 254 363 316
f 254 296 364
f 254 364 363
f 215 365 264
f 340 366 215
f 215 366 365
f 346 367 341
f 342 341 367
f 344 310 343
f 368 278 280
f 368 280 369
f 287 266 347
f 279 278 368
f 253 370 318
f 336 371 253
f 253 371 370
f 292 372 293
f 348 293 372
f 346 360 373
f 374 367 346
f 346 373 375
f 374 346 375
f 313 284 350
f 286 279 376
f 279 368 376
f 271 301 377
f 271 378 359
f 271 377 378
f 281 323 379
f 281 380 358
f 281 379 380
f 381 263 264
f 381 264 365
f 356 275 300
f 292 286 382
f 292 383 372
f 292 382 383
f 286 376 382
f 384 294 337
f 294 385 355
f 384 385 294
f 354 297 268
f 386 373 360
f 386 360 361
f 287 387 331
f 287 347 388
f 287 388 387
f 389 261 262
f 389 262 352
f 374 390 367
f 342 367 390
f 391 375 373
f 374 375 392
f 391 392 375
f 377 301 328
f 342 393 343
f 344 343 393
f 394 315 316
f 394 316 363
f 313 395 362
f 313 350 396
f 313 396 395
f 379 323 345
f 397 305 308
f 307 398 308
f 397 308 398
f 306 305 397
f 307 324 399
f 307 400 398
f 307 399 400
f 401 317 318
f 401 318 370
f 306 402 312
f 306 397 403
f 306 403 402
f 296 263 381
f 384 337 349
f 404 311 312
f 404 312 402
f 391 373 386
f 405 330 331
f 405 331 387
f 327 406 328
f 377 328 406
f 399 324 339
f 299 407 300
f 356 300 407
f 319 311 404
f 374 392 408
f 409 374 408
f 374 410 390
f 409 410 374
f 344 411 345
f 379 345 411
f 319 412 326
f 319 404 413
f 319 413 412
f 414 342 390
f 342 415 393
f 414 415 342
f 297 416 353
f 354 417 297
f 297 417 416
f 418 392 391
f 418 408 392
f 419 361 362
f 419 362 395
f 338 420 339
f 399 339 420
f 421 325 326
f 421 326 412
f 347 315 394
f 327 358 422
f 327 423 406
f 327 422 423
f 421 336 325
f 348 424 349
f 384 349 424
f 350 330 405
f 418 391 425
f 391 386 426
f 391 427 425
f 391 426 427
f 338 359 428
f 338 429 420
f 338 428 429
f 296 430 364
f 296 381 431
f 296 431 430
f 389 298 261
f 432 344 393
f 344 433 411
f 432 433 344
f 401 354 317
f 418 434 408
f 409 408 434
f 414 390 410
f 336 435 371
f 421 436 336
f 336 436 435
f 386 361 419
f 437 299 355
f 299 438 407
f 437 438 299
f 422 358 380
f 428 359 378
f 348 372 439
f 348 440 424
f 348 439 440
f 418 425 441
f 442 434 418
f 418 441 443
f 442 418 443
f 350 444 396
f 350 405 445
f 350 445 444
f 347 446 388
f 347 394 447
f 347 447 446
f 329 298 448
f 389 448 298
f 432 393 415
f 386 449 426
f 386 419 450
f 386 450 449
f 451 370 371
f 451 371 435
f 452 352 353
f 452 353 416
f 379 453 380
f 422 380 453
f 409 454 410
f 414 410 454
f 377 455 378
f 428 378 455
f 456 441 425
f 456 425 427
f 457 363 364
f 457 364 430
f 439 372 383
f 329 448 458
f 459 303 304
f 302 460 304
f 459 304 460
f 409 434 461
f 442 461 434
f 459 309 303
f 462 395 396
f 462 396 444
f 463 302 320
f 302 464 460
f 463 464 302
f 437 355 385
f 465 387 388
f 465 388 446
f 368 369 466
f 368 466 467
f 368 468 376
f 368 467 469
f 368 469 468
f 309 470 333
f 459 471 309
f 309 471 470
f 354 472 417
f 401 473 354
f 354 473 472
f 379 411 474
f 379 475 453
f 379 474 475
f 377 406 476
f 377 477 455
f 377 476 477
f 467 466 478
f 414 479 415
f 432 415 479
f 463 320 335
f 480 427 426
f 480 426 449
f 481 382 376
f 481 376 468
f 482 383 382
f 439 383 482
f 483 332 333
f 483 333 470
f 484 443 441
f 442 443 485
f 484 485 443
f 482 382 481
f 486 398 400
f 397 398 486
f 399 487 400
f 486 400 487
f 488 409 461
f 409 489 454
f 488 489 409
f 397 490 403
f 397 486 491
f 397 491 490
f 334 492 335
f 463 335 492
f 483 340 332
f 476 406 423
f 399 420 493
f 399 494 487
f 399 493 494
f 419 395 462
f 451 401 370
f 474 411 433
f 394 363 457
f 495 402 403
f 495 403 490
f 405 387 465
f 484 441 456
f 340 496 366
f 483 497 340
f 340 497 496
f 498 334 351
f 334 499 492
f 498 499 334
f 500 414 454
f 414 501 479
f 500 501 414
f 404 402 495
f 493 420 429
f 384 502 385
f 437 385 502
f 442 503 461
f 442 485 504
f 505 442 504
f 505 503 442
f 498 351 357
f 404 506 413
f 404 495 507
f 404 507 506
f 422 508 423
f 476 423 508
f 456 427 480
f 509 365 366
f 509 366 496
f 419 510 450
f 419 462 511
f 419 511 510
f 432 512 433
f 474 433 512
f 513 412 413
f 513 413 506
f 452 389 352
f 488 461 503
f 356 514 357
f 498 357 514
f 405 515 445
f 405 465 516
f 405 516 515
f 428 517 429
f 493 429 517
f 518 485 484
f 518 504 485
f 513 421 412
f 394 519 447
f 394 457 520
f 394 520 519
f 521 416 417
f 521 417 472
f 500 454 489
f 381 365 509
f 421 522 436
f 513 523 421
f 421 523 522
f 422 453 524
f 422 525 508
f 422 524 525
f 484 456 526
f 518 484 527
f 484 528 527
f 484 526 528
f 529 449 450
f 529 450 510
f 428 455 530
f 428 531 517
f 428 530 531
f 532 384 424
f 384 533 502
f 532 533 384
f 534 432 479
f 432 535 512
f 534 535 432
f 401 536 473
f 451 537 401
f 401 537 536
f 538 356 407
f 356 539 514
f 538 539 356
f 518 540 504
f 505 504 540
f 541 444 445
f 541 445 515
f 542 435 436
f 542 436 522
f 381 543 431
f 381 509 544
f 381 544 543
f 524 453 475
f 456 545 526
f 456 480 546
f 456 546 545
f 518 527 547
f 548 540 518
f 518 547 549
f 548 518 549
f 488 550 489
f 500 489 550
f 530 455 477
f 488 503 551
f 505 551 503
f 552 446 447
f 552 447 519
f 534 479 501
f 480 449 529
f 553 547 527
f 553 527 528
f 462 444 541
f 542 451 435
f 532 424 440
f 474 554 475
f 524 475 554
f 476 555 477
f 530 477 555
f 538 407 438
f 389 556 448
f 452 557 389
f 389 557 556
f 505 540 558
f 548 558 540
f 559 430 431
f 559 431 543
f 448 560 458
f 561 549 547
f 548 549 562
f 561 562 549
f 465 446 552
f 563 488 551
f 488 564 550
f 563 564 488
f 500 565 501
f 534 501 565
f 486 487 566
f 566 487 494
f 476 508 567
f 476 568 555
f 476 567 568
f 486 569 491
f 486 566 570
f 486 570 569
f 474 512 571
f 474 572 554
f 474 571 572
f 573 528 526
f 573 526 545
f 505 574 551
f 575 505 558
f 575 574 505
f 462 576 511
f 462 541 577
f 462 577 576
f 578 472 473
f 578 473 536
f 521 452 416
f 493 579 494
f 566 494 579
f 480 580 546
f 480 529 581
f 480 581 580
f 582 490 491
f 582 491 569
f 561 547 553
f 439 583 440
f 532 440 583
f 495 490 582
f 465 584 516
f 465 552 585
f 465 585 584
f 493 517 586
f 493 587 579
f 493 586 587
f 548 562 588
f 548 589 558
f 590 548 588
f 590 589 548
f 591 562 561
f 591 588 562
f 567 508 525
f 592 500 550
f 500 593 565
f 592 593 500
f 457 430 559
f 571 512 535
f 437 594 438
f 538 438 594
f 467 595 469
f 596 468 469
f 596 469 595
f 451 597 537
f 542 598 451
f 451 598 597
f 467 478 599
f 467 600 595
f 467 599 600
f 601 510 511
f 601 511 576
f 495 602 507
f 495 582 603
f 495 603 602
f 481 468 596
f 563 551 574
f 439 482 604
f 439 605 583
f 439 604 605
f 586 517 531
f 591 561 606
f 561 607 606
f 561 553 608
f 561 608 607
f 553 528 573
f 575 558 589
f 482 481 609
f 481 596 609
f 610 506 507
f 610 507 602
f 556 560 448
f 611 515 516
f 611 516 584
f 524 612 525
f 567 525 612
f 591 613 588
f 591 606 614
f 591 614 615
f 616 591 615
f 616 613 591
f 534 617 535
f 571 535 617
f 618 545 546
f 618 546 580
f 592 550 564
f 590 588 613
f 610 513 506
f 529 510 601
f 530 619 531
f 586 531 619
f 482 609 604
f 457 620 520
f 457 559 621
f 457 621 620
f 622 614 606
f 622 606 607
f 513 623 523
f 610 624 513
f 513 624 623
f 553 625 608
f 553 573 626
f 553 626 625
f 575 627 574
f 563 574 627
f 524 554 628
f 524 629 612
f 524 628 629
f 616 615 630
f 631 630 615
f 631 615 614
f 632 437 502
f 437 633 594
f 632 633 437
f 634 522 523
f 634 523 623
f 590 635 589
f 575 589 635
f 541 515 611
f 616 636 613
f 590 613 636
f 637 534 565
f 534 638 617
f 637 638 534
f 530 555 639
f 530 640 619
f 530 639 640
f 452 641 557
f 521 642 452
f 452 642 641
f 616 630 643
f 644 630 631
f 644 643 630
f 631 614 622
f 563 645 564
f 592 564 645
f 529 646 581
f 529 601 647
f 529 647 646
f 578 521 472
f 648 536 537
f 648 537 597
f 634 542 522
f 649 519 520
f 649 520 620
f 573 545 618
f 650 616 643
f 616 651 636
f 650 651 616
f 628 554 572
f 639 555 568
f 652 607 608
f 652 608 625
f 541 653 577
f 541 611 654
f 541 654 653
f 655 590 636
f 590 656 635
f 655 656 590
f 657 575 635
f 575 658 627
f 657 658 575
f 637 565 593
f 644 631 659
f 631 660 659
f 631 622 661
f 631 661 660
f 644 662 643
f 650 643 662
f 567 663 568
f 639 568 663
f 655 636 651
f 664 563 627
f 563 665 645
f 664 665 563
f 622 607 652
f 666 459 460
f 459 667 471
f 666 668 459
f 459 668 667
f 666 460 464
f 632 502 533
f 571 669 572
f 628 572 669
f 644 659 670
f 671 662 644
f 644 670 672
f 671 644 672
f 552 519 649
f 673 470 471
f 673 471 667
f 674 580 581
f 674 581 646
f 463 675 464
f 666 464 675
f 676 576 577
f 676 577 653
f 673 483 470
f 592 677 593
f 637 593 677
f 542 678 598
f 634 679 542
f 542 679 678
f 650 680 651
f 655 651 680
f 657 635 656
f 573 681 626
f 573 618 682
f 573 682 681
f 683 463 492
f 463 684 675
f 683 684 463
f 483 685 497
f 673 686 483
f 483 686 685
f 566 687 570
f 566 579 688
f 566 688 689
f 566 689 687
f 690 569 570
f 690 570 687
f 691 670 659
f 691 659 660
f 622 692 661
f 622 652 693
f 622 693 692
f 567 612 694
f 567 695 663
f 567 694 695
f 688 579 587
f 696 556 557
f 696 557 641
f 697 698 699
f 700 699 698
f 697 699 701
f 702 701 699
f 702 699 700
f 683 492 499
f 703 496 497
f 703 497 685
f 571 617 704
f 571 705 669
f 571 704 705
f 650 662 706
f 671 706 662
f 582 569 690
f 552 707 585
f 552 649 708
f 552 708 707
f 586 709 587
f 688 587 709
f 655 710 656
f 657 656 710
f 664 627 658
f 498 711 499
f 683 499 711
f 650 712 680
f 713 650 706
f 713 712 650
f 509 496 703
f 601 576 676
f 714 592 645
f 592 715 677
f 714 715 592
f 582 716 603
f 582 690 717
f 582 717 716
f 718 498 514
f 498 719 711
f 718 719 498
f 720 655 680
f 655 721 710
f 720 721 655
f 722 625 626
f 722 626 681
f 723 660 661
f 723 661 692
f 694 612 629
f 618 580 674
f 724 672 670
f 671 672 725
f 724 725 672
f 586 619 726
f 586 727 709
f 586 726 727
f 648 578 536
f 728 584 585
f 728 585 707
f 704 617 638
f 509 729 544
f 509 703 730
f 509 730 729
f 532 731 533
f 632 533 731
f 697 732 698
f 700 698 733
f 733 698 732
f 734 697 701
f 702 735 701
f 734 701 735
f 718 514 539
f 720 680 712
f 736 602 603
f 736 603 716
f 734 737 697
f 697 737 738
f 697 739 732
f 697 738 739
f 702 700 740
f 700 741 740
f 700 733 742
f 700 743 741
f 700 742 743
f 521 744 642
f 578 745 521
f 521 745 744
f 691 724 670
f 746 747 748
f 749 747 750
f 746 750 747
f 657 751 658
f 664 658 751
f 601 752 647
f 601 676 753
f 601 753 752
f 702 740 754
f 755 735 702
f 755 702 756
f 702 754 756
f 671 757 706
f 713 706 757
f 714 645 665
f 746 748 758
f 671 725 759
f 760 671 759
f 760 757 671
f 726 619 640
f 652 625 722
f 761 543 544
f 761 544 729
f 762 597 598
f 762 598 678
f 763 754 740
f 763 740 741
f 628 764 629
f 694 629 764
f 611 584 728
f 736 610 602
f 723 691 660
f 637 765 638
f 704 638 765
f 713 766 712
f 720 712 766
f 538 767 539
f 718 539 767
f 768 657 710
f 657 769 751
f 768 769 657
f 734 735 770
f 755 770 735
f 755 759 725
f 724 755 725
f 596 595 771
f 600 771 595
f 734 772 737
f 773 738 737
f 773 737 772
f 639 774 640
f 726 640 774
f 775 734 770
f 734 776 772
f 775 776 734
f 610 777 624
f 736 778 610
f 610 778 777
f 596 779 609
f 596 771 780
f 596 780 779
f 618 781 682
f 618 674 782
f 618 782 781
f 600 599 783
f 600 784 771
f 600 783 784
f 652 785 693
f 652 722 786
f 652 786 785
f 755 756 759
f 760 759 756
f 758 787 788
f 746 758 789
f 758 788 789
f 760 756 754
f 768 710 721
f 664 790 665
f 714 665 790
f 791 646 647
f 791 647 752
f 559 543 761
f 733 732 792
f 742 733 792
f 611 793 654
f 611 728 794
f 611 794 793
f 749 750 792
f 795 749 792
f 628 669 796
f 628 797 764
f 628 796 797
f 724 798 755
f 755 798 770
f 713 757 799
f 760 799 757
f 720 800 721
f 768 721 800
f 801 637 677
f 637 802 765
f 801 802 637
f 803 532 583
f 532 804 731
f 803 804 532
f 639 663 805
f 639 806 774
f 639 805 806
f 691 807 724
f 724 808 798
f 724 807 808
f 809 623 624
f 809 624 777
f 810 692 693
f 810 693 785
f 811 538 594
f 538 812 767
f 811 812 538
f 763 760 754
f 713 813 766
f 814 713 799
f 814 813 713
f 775 770 798
f 815 720 766
f 720 816 800
f 815 816 720
f 691 817 807
f 723 818 691
f 691 818 817
f 819 653 654
f 819 654 793
f 760 820 799
f 763 820 760
f 809 634 623
f 795 792 732
f 742 792 750
f 821 741 743
f 742 822 743
f 821 743 822
f 805 663 695
f 823 681 682
f 823 682 781
f 824 664 751
f 664 825 790
f 824 825 664
f 559 826 621
f 559 761 827
f 559 827 826
f 739 828 732
f 795 732 828
f 775 798 808
f 796 669 705
f 829 641 642
f 829 642 744
f 742 750 746
f 801 677 715
f 739 738 830
f 739 831 828
f 739 830 831
f 821 763 741
f 604 609 779
f 742 746 832
f 742 832 822
f 815 766 813
f 674 646 791
f 810 723 692
f 773 830 738
f 578 833 745
f 648 834 578
f 578 834 833
f 762 648 597
f 694 835 695
f 805 695 835
f 676 653 819
f 814 799 820
f 836 795 828
f 837 788 787
f 837 787 838
f 824 751 769
f 746 839 832
f 746 789 839
f 634 840 679
f 809 841 634
f 634 841 840
f 704 842 705
f 796 705 842
f 763 843 820
f 821 844 763
f 763 844 843
f 845 772 776
f 775 846 776
f 845 776 846
f 714 847 715
f 801 715 847
f 811 594 633
f 845 773 772
f 803 583 605
f 722 681 823
f 848 620 621
f 848 621 826
f 849 808 807
f 849 807 817
f 768 850 769
f 824 769 850
f 814 820 843
f 723 851 818
f 810 852 723
f 723 852 851
f 694 764 853
f 694 854 835
f 694 853 854
f 814 855 813
f 815 813 855
f 856 822 832
f 856 832 839
f 849 775 808
f 775 857 846
f 849 857 775
f 856 821 822
f 858 768 800
f 768 859 850
f 858 859 768
f 676 860 753
f 676 819 861
f 676 861 860
f 862 839 789
f 862 789 788
f 704 765 863
f 704 864 842
f 704 863 864
f 865 714 790
f 714 866 847
f 865 866 714
f 674 867 782
f 674 791 868
f 674 868 867
f 831 836 828
f 821 869 844
f 856 870 821
f 821 870 869
f 858 800 816
f 649 620 848
f 829 696 641
f 722 871 786
f 722 823 872
f 722 872 871
f 815 873 816
f 858 816 873
f 773 874 830
f 773 875 874
f 845 876 773
f 773 876 875
f 877 678 679
f 877 679 840
f 688 878 689
f 688 709 879
f 688 879 880
f 688 880 878
f 881 687 689
f 881 689 878
f 853 764 797
f 690 687 881
f 879 709 727
f 831 882 836
f 863 765 802
f 865 790 825
f 649 883 708
f 649 848 884
f 649 884 883
f 885 752 753
f 885 753 860
f 886 843 844
f 886 844 869
f 632 887 633
f 811 633 887
f 888 817 818
f 888 818 851
f 889 785 786
f 889 786 871
f 886 814 843
f 814 890 855
f 886 890 814
f 690 891 717
f 690 881 892
f 690 892 891
f 604 893 605
f 803 605 893
f 894 815 855
f 815 895 873
f 894 895 815
f 831 830 896
f 831 897 882
f 831 896 897
f 726 898 727
f 879 727 898
f 862 856 839
f 899 707 708
f 899 708 883
f 829 900 696
f 901 716 717
f 901 717 891
f 837 862 788
f 874 896 830
f 902 781 782
f 902 782 867
f 796 903 797
f 853 797 903
f 856 904 870
f 862 905 856
f 856 905 904
f 824 906 825
f 865 825 906
f 907 744 745
f 907 745 833
f 889 810 785
f 801 908 802
f 863 802 908
f 726 774 909
f 726 910 898
f 726 909 910
f 648 911 834
f 762 912 648
f 648 912 911
f 728 707 899
f 791 752 885
f 901 736 716
f 909 774 806
f 913 837 838
f 914 869 870
f 914 870 904
f 897 915 882
f 894 855 890
f 916 824 850
f 824 917 906
f 916 917 824
f 888 849 817
f 728 918 794
f 728 899 919
f 728 919 918
f 810 920 852
f 889 921 810
f 810 921 920
f 922 801 847
f 801 923 908
f 922 923 801
f 823 781 902
f 796 842 924
f 796 925 903
f 796 924 925
f 736 926 778
f 901 927 736
f 736 927 926
f 916 850 859
f 897 928 915
f 897 896 929
f 897 929 928
f 805 930 806
f 909 806 930
f 877 762 678
f 931 632 731
f 632 932 887
f 931 932 632
f 604 779 933
f 604 933 934
f 604 935 893
f 604 934 935
f 780 771 936
f 780 937 779
f 780 938 937
f 780 936 938
f 939 793 794
f 939 794 918
f 940 846 857
f 940 845 846
f 862 941 905
f 837 942 862
f 862 942 941
f 858 943 859
f 916 859 943
f 791 944 868
f 791 885 945
f 791 945 944
f 874 946 896
f 874 947 946
f 874 875 947
f 849 948 857
f 888 949 849
f 849 949 948
f 914 886 869
f 940 857 948
f 922 847 866
f 936 771 784
f 845 950 876
f 940 951 845
f 845 951 950
f 952 858 873
f 858 953 943
f 952 953 858
f 805 835 954
f 805 955 930
f 805 954 955
f 956 777 778
f 956 778 926
f 819 793 939
f 924 842 864
f 823 957 872
f 823 902 958
f 823 958 957
f 886 959 890
f 894 890 959
f 960 851 852
f 960 852 920
f 946 929 896
f 952 873 895
f 907 829 744
f 937 933 779
f 961 904 905
f 961 905 941
f 865 962 866
f 922 866 962
f 783 963 784
f 936 784 963
f 964 928 929
f 914 965 886
f 886 965 959
f 954 835 854
f 956 809 777
f 837 966 942
f 913 967 837
f 837 967 966
f 819 968 861
f 819 939 969
f 819 969 968
f 863 970 864
f 924 864 970
f 894 971 895
f 952 895 971
f 666 972 668
f 973 667 668
f 973 668 972
f 974 666 675
f 974 975 666
f 666 975 972
f 976 871 872
f 976 872 957
f 973 673 667
f 974 675 684
f 977 865 906
f 865 978 962
f 977 978 865
f 673 979 686
f 673 980 979
f 973 980 673
f 981 875 876
f 981 876 950
f 683 982 684
f 974 684 982
f 983 685 686
f 983 686 979
f 984 833 834
f 984 834 911
f 853 985 854
f 954 854 985
f 783 986 963
f 961 914 904
f 987 683 711
f 987 988 683
f 683 988 982
f 703 685 983
f 989 964 929
f 946 989 929
f 990 867 868
f 990 868 944
f 931 731 804
f 960 888 851
f 987 711 719
f 863 908 991
f 863 992 970
f 863 991 992
f 703 993 730
f 703 983 994
f 703 994 993
f 809 995 841
f 956 996 809
f 809 996 995
f 977 906 917
f 997 860 861
f 997 861 968
f 989 998 964
f 718 999 719
f 987 719 999
f 829 1000 900
f 907 1001 829
f 829 1001 1000
f 976 889 871
f 1002 894 959
f 894 1003 971
f 1002 1003 894
f 1004 729 730
f 1004 730 993
f 762 1005 912
f 877 1006 762
f 762 1006 1005
f 1007 718 767
f 718 1008 999
f 1007 1008 718
f 916 1009 917
f 977 917 1009
f 853 903 1010
f 853 1011 985
f 853 1010 1011
f 1012 941 942
f 1012 942 966
f 946 1013 989
f 946 947 1013
f 991 908 923
f 1014 916 943
f 916 1015 1009
f 1014 1015 916
f 761 729 1004
f 914 1016 965
f 961 1017 914
f 914 1017 1016
f 885 860 997
f 889 1018 921
f 976 1019 889
f 889 1019 1018
f 888 1020 949
f 960 1021 888
f 888 1021 1020
f 1007 767 812
f 1022 840 841
f 1022 841 995
f 1014 943 953
f 902 867 990
f 1002 959 965
f 1010 903 925
f 922 1023 923
f 991 923 1023
f 761 1024 827
f 761 1004 1025
f 761 1025 1024
f 913 1026 967
f 913 1027 1026
f 981 947 875
f 989 1028 998
f 1029 998 1028
f 1012 961 941
f 1002 965 1016
f 952 1030 953
f 1014 953 1030
f 885 1031 945
f 885 997 1032
f 885 1032 1031
f 1033 948 949
f 1033 949 1020
f 1034 920 921
f 1034 921 1018
f 803 1035 804
f 931 804 1035
f 1036 922 962
f 922 1037 1023
f 1036 1037 922
f 984 907 833
f 811 1038 812
f 1007 812 1038
f 1039 952 971
f 952 1040 1030
f 1039 1040 952
f 1041 826 827
f 1041 827 1024
f 1033 940 948
f 902 1042 958
f 902 990 1043
f 902 1043 1042
f 989 1044 1028
f 989 1013 1044
f 924 1045 925
f 1010 925 1045
f 940 1046 951
f 1033 1047 940
f 940 1047 1046
f 1036 962 978
f 1039 971 1003
f 1048 957 958
f 1048 958 1042
f 848 826 1041
f 1049 944 945
f 1049 945 1031
f 961 1050 1017
f 1012 1051 961
f 961 1051 1050
f 1034 960 920
f 1022 877 840
f 1052 937 938
f 937 1052 933
f 879 898 1053
f 879 1054 880
f 879 1053 1055
f 879 1055 1054
f 977 1056 978
f 1036 978 1056
f 1057 950 951
f 1057 951 1046
f 1053 898 910
f 1058 878 880
f 1058 880 1054
f 1059 966 967
f 1059 967 1026
f 924 970 1060
f 924 1061 1045
f 924 1060 1061
f 1062 911 912
f 1062 912 1005
f 881 878 1058
f 1063 977 1009
f 977 1064 1056
f 1063 1064 977
f 848 1065 884
f 848 1041 1066
f 848 1066 1065
f 909 1067 910
f 1053 910 1067
f 1068 811 887
f 811 1069 1038
f 1068 1069 811
f 881 1070 892
f 881 1058 1071
f 881 1071 1070
f 1072 891 892
f 1072 892 1070
f 1063 1009 1015
f 909 930 1073
f 909 1074 1067
f 909 1073 1074
f 1048 976 957
f 1075 883 884
f 1075 884 1065
f 1002 1076 1003
f 1039 1003 1076
f 1077 1029 1028
f 1077 1028 1044
f 1060 970 992
f 936 1078 938
f 1052 938 1078
f 1052 934 933
f 1072 901 891
f 1079 1013 947
f 981 1079 947
f 907 1080 1001
f 984 1081 907
f 907 1081 1080
f 899 883 1075
f 1073 930 955
f 1014 1082 1015
f 1063 1015 1082
f 1083 1016 1017
f 1083 1017 1050
f 960 1084 1021
f 1034 1085 960
f 960 1085 1084
f 899 1086 919
f 899 1087 1086
f 899 1075 1087
f 1057 981 950
f 1088 918 919
f 1088 919 1086
f 939 918 1088
f 1089 803 893
f 803 1090 1035
f 1089 1090 803
f 901 1091 927
f 1072 1092 901
f 901 1092 1091
f 939 1093 969
f 939 1088 1094
f 939 1094 1093
f 954 1095 955
f 1073 955 1095
f 1059 1012 966
f 976 1096 1019
f 1048 1097 976
f 976 1097 1096
f 990 944 1049
f 991 1098 992
f 1060 992 1098
f 1083 1002 1016
f 1002 1099 1076
f 1083 1099 1002
f 1100 1014 1030
f 1014 1101 1082
f 1100 1101 1014
f 1077 1102 1029
f 1103 968 969
f 1103 969 1093
f 954 985 1104
f 954 1105 1095
f 954 1104 1105
f 1106 926 927
f 1106 927 1091
f 1068 887 932
f 936 963 1107
f 936 1108 1078
f 936 1107 1108
f 877 1109 1006
f 1022 1110 877
f 877 1110 1109
f 1111 1020 1021
f 1111 1021 1084
f 991 1023 1112
f 991 1113 1098
f 991 1112 1113
f 1114 1000 1001
f 1114 1001 1080
f 1100 1030 1040
f 1115 1018 1019
f 1115 1019 1096
f 1104 985 1011
f 997 968 1103
f 1106 956 926
f 1012 1116 1051
f 1059 1117 1012
f 1012 1117 1116
f 1118 1044 1013
f 1079 1118 1013
f 1112 1023 1037
f 1111 1033 1020
f 1062 984 911
f 1039 1119 1040
f 1100 1040 1119
f 1010 1120 1011
f 1104 1011 1120
f 1077 1121 1102
f 981 1122 1079
f 1057 1123 981
f 981 1123 1122
f 990 1124 1043
f 990 1049 1125
f 990 1125 1124
f 1036 1126 1037
f 1112 1037 1126
f 986 1107 963
f 997 1127 1032
f 997 1103 1128
f 997 1128 1127
f 1115 1034 1018
f 1033 1129 1047
f 1111 1130 1033
f 1033 1130 1129
f 956 1131 996
f 1106 1132 956
f 956 1132 1131
f 1133 893 935
f 1133 1089 893
f 1134 1039 1076
f 1039 1135 1119
f 1134 1135 1039
f 1136 1036 1056
f 1036 1137 1126
f 1136 1137 1036
f 1138 1077 1044
f 1118 1138 1044
f 931 1139 932
f 1068 932 1139
f 1140 1050 1051
f 1140 1051 1116
f 1141 1042 1043
f 1141 1043 1124
f 1136 1056 1064
f 1010 1045 1142
f 1010 1143 1120
f 1010 1142 1143
f 1144 1046 1047
f 1144 1047 1129
f 1063 1145 1064
f 1136 1064 1145
f 1146 1031 1032
f 1146 1032 1127
f 1147 1026 1027
f 1147 1027 1148
f 1141 1048 1042
f 1149 1063 1082
f 1063 1150 1145
f 1149 1150 1063
f 986 1151 1107
f 1034 1152 1085
f 1115 1153 1034
f 1034 1153 1152
f 1134 1076 1099
f 1154 995 996
f 1154 996 1131
f 1155 1005 1006
f 1155 1006 1109
f 1144 1057 1046
f 1149 1082 1101
f 1079 1156 1118
f 1079 1122 1156
f 1052 1078 1157
f 1052 1158 934
f 1052 1157 1158
f 1142 1045 1061
f 1140 1083 1050
f 1049 1031 1146
f 1048 1159 1097
f 1141 1160 1048
f 1048 1160 1159
f 984 1161 1081
f 1062 1162 984
f 984 1162 1161
f 1083 1163 1099
f 1134 1099 1163
f 1060 1164 1061
f 1142 1061 1164
f 1138 1165 1077
f 1077 1166 1121
f 1077 1165 1166
f 1167 1084 1085
f 1167 1085 1152
f 1140 1168 1083
f 1083 1168 1163
f 1100 1169 1101
f 1149 1101 1169
f 1147 1059 1026
f 1057 1170 1123
f 1144 1171 1057
f 1057 1171 1170
f 1060 1098 1172
f 1060 1173 1164
f 1060 1172 1173
f 1174 935 934
f 1174 1133 935
f 1175 931 1035
f 931 1176 1139
f 1175 1176 931
f 1177 1096 1097
f 1177 1097 1159
f 1154 1022 995
f 1118 1178 1138
f 1118 1156 1178
f 1179 1100 1119
f 1100 1180 1169
f 1179 1180 1100
f 1049 1181 1125
f 1049 1146 1182
f 1049 1182 1181
f 1167 1111 1084
f 1172 1098 1113
f 1138 1183 1165
f 1138 1178 1183
f 1184 1121 1166
f 1184 1185 1121
f 1059 1186 1117
f 1147 1187 1059
f 1059 1187 1186
f 1177 1115 1096
f 1188 1080 1081
f 1188 1081 1161
f 1112 1189 1113
f 1172 1113 1189
f 1179 1119 1135
f 1111 1190 1130
f 1167 1191 1111
f 1111 1191 1190
f 1192 1122 1123
f 1192 1123 1170
f 987 1193 988
f 1194 987 999
f 1194 1195 987
f 987 1195 1193
f 1196 982 988
f 1196 988 1193
f 1194 999 1008
f 1197 1067 1074
f 1053 1067 1197
f 1108 1157 1078
f 1112 1126 1198
f 1112 1199 1189
f 1112 1198 1199
f 1073 1200 1074
f 1197 1074 1200
f 1053 1201 1055
f 1053 1197 1202
f 1053 1202 1201
f 1196 974 982
f 1203 1166 1165
f 1203 1165 1183
f 1155 1062 1005
f 974 1204 975
f 1196 1205 974
f 974 1205 1204
f 983 979 1206
f 1206 979 980
f 1207 1054 1055
f 1207 1055 1201
f 983 1208 994
f 983 1209 1208
f 983 1206 1209
f 973 1210 980
f 1206 980 1210
f 1211 972 975
f 1211 975 1204
f 1211 973 972
f 973 1212 1210
f 1211 1212 973
f 1007 1213 1008
f 1194 1008 1213
f 1214 993 994
f 1214 994 1208
f 1073 1095 1215
f 1073 1216 1200
f 1073 1215 1216
f 1217 1129 1130
f 1217 1130 1190
f 1004 993 1214
f 1058 1054 1207
f 1198 1126 1137
f 1022 1218 1110
f 1154 1219 1022
f 1022 1219 1218
f 1220 1124 1125
f 1220 1125 1181
f 1221 1116 1117
f 1221 1117 1186
f 1134 1222 1135
f 1179 1135 1222
f 1215 1095 1105
f 1115 1223 1153
f 1177 1224 1115
f 1115 1224 1223
f 1088 1225 1094
f 1226 1093 1094
f 1226 1094 1225
f 1004 1227 1025
f 1004 1214 1228
f 1004 1228 1227
f 1229 1007 1038
f 1007 1230 1213
f 1229 1230 1007
f 1058 1231 1071
f 1058 1207 1232
f 1058 1232 1231
f 1088 1086 1233
f 1088 1234 1225
f 1088 1233 1234
f 1104 1235 1105
f 1215 1105 1235
f 1103 1093 1226
f 1192 1156 1122
f 1217 1144 1129
f 1136 1236 1137
f 1198 1137 1236
f 1237 1070 1071
f 1237 1071 1231
f 1237 1072 1070
f 1233 1086 1087
f 1188 1114 1080
f 1238 1024 1025
f 1238 1025 1227
f 1072 1239 1092
f 1237 1240 1072
f 1072 1240 1239
f 1175 1035 1090
f 1220 1141 1124
f 1104 1120 1241
f 1104 1242 1235
f 1104 1241 1242
f 1243 1136 1145
f 1136 1244 1236
f 1243 1244 1136
f 1075 1245 1087
f 1233 1087 1245
f 1103 1246 1128
f 1103 1226 1247
f 1103 1247 1246
f 1243 1145 1150
f 1248 1091 1092
f 1248 1092 1239
f 1041 1024 1238
f 1229 1038 1069
f 1221 1140 1116
f 1249 1134 1163
f 1134 1250 1222
f 1249 1250 1134
f 1144 1251 1171
f 1217 1252 1144
f 1144 1252 1251
f 1253 1152 1153
f 1253 1153 1223
f 1141 1254 1160
f 1220 1255 1141
f 1141 1255 1254
f 1149 1256 1150
f 1243 1150 1256
f 1075 1065 1257
f 1075 1258 1245
f 1075 1257 1258
f 1041 1259 1066
f 1041 1260 1259
f 1041 1238 1260
f 1261 1178 1156
f 1183 1178 1262
f 1261 1262 1178
f 1241 1120 1143
f 1192 1261 1156
f 1257 1065 1066
f 1158 1174 934
f 1257 1066 1259
f 1248 1106 1091
f 1203 1184 1166
f 1188 1263 1114
f 1108 1107 1264
f 1108 1265 1157
f 1108 1264 1265
f 1266 1127 1128
f 1266 1128 1246
f 1267 1149 1169
f 1149 1268 1256
f 1267 1268 1149
f 1183 1262 1269
f 1203 1183 1269
f 1140 1270 1168
f 1221 1271 1140
f 1140 1271 1270
f 1249 1163 1168
f 1272 1159 1160
f 1272 1160 1254
f 1273 1170 1171
f 1273 1171 1251
f 1106 1274 1132
f 1248 1275 1106
f 1106 1275 1274
f 1068 1276 1069
f 1229 1069 1276
f 1253 1167 1152
f 1142 1277 1143
f 1241 1143 1277
f 1249 1168 1270
f 1278 1109 1110
f 1278 1110 1218
f 1062 1279 1162
f 1155 1280 1062
f 1062 1280 1279
f 1146 1127 1266
f 1267 1169 1180
f 1142 1164 1281
f 1142 1282 1277
f 1142 1281 1282
f 1167 1283 1191
f 1253 1284 1167
f 1167 1284 1283
f 1272 1177 1159
f 1273 1192 1170
f 1146 1285 1182
f 1146 1266 1286
f 1146 1286 1285
f 1287 1131 1132
f 1287 1132 1274
f 1089 1288 1090
f 1175 1090 1288
f 1179 1289 1180
f 1267 1180 1289
f 1281 1164 1173
f 1151 1264 1107
f 1148 1290 1147
f 1148 1291 1290
f 1292 1068 1139
f 1068 1293 1276
f 1292 1293 1068
f 1261 1294 1262
f 1295 1269 1262
f 1295 1262 1294
f 1172 1296 1173
f 1281 1173 1296
f 1297 1190 1191
f 1297 1191 1283
f 1192 1298 1261
f 1192 1299 1298
f 1273 1299 1192
f 1261 1298 1294
f 1177 1300 1224
f 1272 1301 1177
f 1177 1301 1300
f 1172 1189 1302
f 1172 1303 1296
f 1172 1302 1303
f 1203 1269 1304
f 1295 1304 1269
f 1305 1181 1182
f 1305 1182 1285
f 1203 1306 1184
f 1307 1203 1304
f 1307 1306 1203
f 1297 1217 1190
f 1308 1179 1222
f 1179 1309 1289
f 1308 1309 1179
f 1302 1189 1199
f 1147 1310 1187
f 1147 1290 1310
f 1311 1161 1162
f 1311 1162 1279
f 1287 1154 1131
f 1198 1312 1199
f 1302 1199 1312
f 1217 1313 1252
f 1297 1314 1217
f 1217 1314 1313
f 1158 1157 1315
f 1158 1316 1174
f 1158 1315 1316
f 1278 1155 1109
f 1317 1223 1224
f 1317 1224 1300
f 1151 1318 1264
f 1198 1236 1319
f 1198 1320 1312
f 1198 1319 1320
f 1308 1222 1250
f 1321 1251 1252
f 1321 1252 1313
f 1305 1220 1181
f 1292 1139 1176
f 1322 1186 1187
f 1322 1187 1310
f 1319 1236 1244
f 1133 1323 1089
f 1089 1323 1288
f 1295 1294 1324
f 1298 1324 1294
f 1321 1273 1251
f 1243 1325 1244
f 1319 1244 1325
f 1295 1326 1304
f 1295 1324 1326
f 1220 1327 1255
f 1305 1328 1220
f 1220 1328 1327
f 1317 1253 1223
f 1329 1200 1216
f 1197 1200 1329
f 1154 1330 1219
f 1287 1331 1154
f 1154 1331 1330
f 1249 1332 1250
f 1308 1250 1332
f 1215 1333 1216
f 1329 1216 1333
f 1311 1188 1161
f 1197 1334 1202
f 1197 1329 1335
f 1197 1335 1334
f 1298 1299 1336
f 1298 1337 1324
f 1298 1336 1337
f 1338 1243 1256
f 1243 1339 1325
f 1338 1339 1243
f 1215 1235 1340
f 1215 1340 1341
f 1215 1341 1333
f 1322 1221 1186
f 1342 1201 1202
f 1342 1202 1334
f 1343 1304 1326
f 1343 1307 1304
f 1273 1336 1299
f 1321 1344 1273
f 1273 1344 1336
f 1340 1235 1242
f 1345 1254 1255
f 1345 1255 1327
f 1338 1256 1268
f 1241 1346 1242
f 1340 1242 1346
f 1207 1201 1342
f 1253 1347 1284
f 1317 1348 1253
f 1253 1348 1347
f 1349 1249 1270
f 1249 1350 1332
f 1349 1350 1249
f 1221 1351 1271
f 1322 1352 1221
f 1221 1352 1351
f 1241 1277 1353
f 1241 1354 1346
f 1241 1353 1354
f 1226 1225 1355
f 1226 1356 1247
f 1226 1357 1356
f 1226 1355 1357
f 1355 1225 1234
f 1267 1358 1268
f 1338 1268 1358
f 1207 1359 1232
f 1207 1342 1360
f 1207 1360 1359
f 1349 1270 1271
f 1349 1271 1351
f 1345 1272 1254
f 1361 1283 1284
f 1361 1284 1347
f 1362 1246 1247
f 1362 1247 1356
f 1233 1363 1234
f 1355 1234 1363
f 1188 1364 1263
f 1311 1365 1188
f 1188 1365 1364
f 1175 1366 1176
f 1292 1176 1366
f 1155 1367 1280
f 1278 1368 1155
f 1155 1368 1367
f 1265 1315 1157
f 1353 1277 1282
f 1369 1231 1232
f 1369 1232 1359
f 1237 1370 1240
f 1369 1237 1231
f 1237 1371 1370
f 1369 1371 1237
f 1372 1239 1240
f 1372 1240 1370
f 1373 1218 1219
f 1373 1219 1330
f 1374 1267 1289
f 1267 1375 1358
f 1374 1375 1267
f 1233 1245 1376
f 1233 1377 1363
f 1233 1376 1377
f 1372 1248 1239
f 1266 1246 1362
f 1272 1378 1301
f 1345 1379 1272
f 1272 1379 1378
f 1361 1297 1283
f 1174 1380 1133
f 1133 1380 1323
f 1381 1326 1324
f 1381 1343 1326
f 1248 1382 1275
f 1372 1383 1248
f 1248 1383 1382
f 1281 1384 1282
f 1353 1282 1384
f 1297 1385 1314
f 1361 1386 1297
f 1297 1386 1385
f 1266 1387 1286
f 1266 1362 1388
f 1266 1388 1387
f 1374 1289 1309
f 1281 1296 1389
f 1281 1390 1384
f 1281 1389 1390
f 1376 1245 1258
f 1389 1296 1303
f 1337 1381 1324
f 1391 1300 1301
f 1391 1301 1378
f 1392 1313 1314
f 1392 1314 1385
f 1302 1393 1303
f 1389 1303 1393
f 1394 1274 1275
f 1394 1275 1382
f 1395 1285 1286
f 1395 1286 1387
f 1302 1312 1396
f 1302 1397 1393
f 1302 1396 1397
f 1337 1336 1398
f 1337 1399 1381
f 1337 1398 1399
f 1392 1321 1313
f 1308 1400 1309
f 1374 1309 1400
f 1257 1401 1258
f 1376 1258 1401
f 1396 1312 1320
f 1402 1279 1280
f 1402 1280 1367
f 1395 1305 1285
f 1265 1264 1403
f 1265 1404 1315
f 1265 1403 1404
f 1405 1175 1288
f 1175 1406 1366
f 1405 1406 1175
f 1373 1278 1218
f 1391 1317 1300
f 1321 1407 1344
f 1392 1408 1321
f 1321 1408 1407
f 1319 1409 1320
f 1396 1320 1409
f 1257 1259 1410
f 1257 1411 1401
f 1257 1410 1411
f 1394 1287 1274
f 1412 1194 1213
f 1194 1413 1195
f 1412 1414 1194
f 1194 1414 1413
f 1412 1213 1230
f 1398 1336 1344
f 1415 1308 1332
f 1308 1416 1400
f 1415 1416 1308
f 1417 1193 1195
f 1417 1195 1413
f 1398 1344 1407
f 1229 1418 1230
f 1412 1230 1418
f 1319 1325 1419
f 1319 1420 1409
f 1319 1419 1420
f 1291 1421 1290
f 1410 1259 1260
f 1305 1422 1328
f 1395 1423 1305
f 1305 1423 1422
f 1174 1316 1424
f 1174 1425 1380
f 1174 1424 1425
f 1417 1196 1193
f 1419 1325 1339
f 1238 1426 1260
f 1410 1260 1426
f 1214 1427 1228
f 1214 1208 1428
f 1214 1429 1427
f 1214 1428 1429
f 1430 1227 1228
f 1430 1228 1427
f 1428 1208 1209
f 1196 1431 1205
f 1417 1432 1196
f 1196 1432 1431
f 1433 1229 1276
f 1229 1434 1418
f 1433 1434 1229
f 1435 1310 1290
f 1435 1290 1421
f 1238 1227 1430
f 1206 1436 1209
f 1428 1209 1436
f 1238 1437 1426
f 1238 1430 1437
f 1317 1438 1348
f 1391 1439 1317
f 1317 1439 1438
f 1206 1210 1440
f 1206 1441 1436
f 1206 1440 1441
f 1338 1442 1339
f 1419 1339 1442
f 1443 1204 1205
f 1443 1205 1431
f 1287 1444 1331
f 1394 1445 1287
f 1287 1445 1444
f 1415 1332 1350
f 1440 1210 1212
f 1446 1327 1328
f 1446 1328 1422
f 1211 1447 1212
f 1440 1212 1447
f 1443 1211 1204
f 1340 1448 1341
f 1340 1346 1449
f 1340 1449 1450
f 1340 1450 1448
f 1402 1311 1279
f 1451 1333 1341
f 1451 1341 1448
f 1211 1452 1447
f 1443 1452 1211
f 1449 1346 1354
f 1329 1333 1451
f 1353 1453 1354
f 1449 1354 1453
f 1329 1454 1335
f 1329 1451 1455
f 1329 1455 1454
f 1433 1276 1293
f 1456 1338 1358
f 1338 1457 1442
f 1456 1457 1338
f 1318 1403 1264
f 1458 1347 1348
f 1458 1348 1438
f 1435 1322 1310
f 1459 1334 1335
f 1459 1335 1454
f 1353 1384 1460
f 1353 1461 1453
f 1353 1460 1461
f 1446 1345 1327
f 1349 1462 1350
f 1415 1350 1462
f 1463 1288 1323
f 1463 1405 1288
f 1278 1464 1368
f 1373 1465 1278
f 1278 1465 1464
f 1342 1334 1459
f 1458 1361 1347
f 1322 1466 1352
f 1435 1467 1322
f 1322 1467 1466
f 1456 1358 1375
f 1460 1384 1390
f 1468 1330 1331
f 1468 1331 1444
f 1469 1349 1351
f 1349 1470 1462
f 1469 1470 1349
f 1389 1471 1390
f 1389 1393 1472
f 1389 1472 1473
f 1389 1473 1471
f 1460 1390 1471
f 1292 1474 1293
f 1433 1293 1474
f 1469 1351 1352
f 1469 1352 1466
f 1345 1475 1379
f 1446 1476 1345
f 1345 1476 1475
f 1472 1393 1397
f 1342 1477 1360
f 1342 1459 1478
f 1342 1478 1477
f 1311 1479 1365
f 1402 1480 1311
f 1311 1480 1479
f 1361 1481 1386
f 1458 1482 1361
f 1361 1482 1481
f 1396 1483 1397
f 1472 1397 1483
f 1381 1484 1343
f 1374 1485 1375
f 1456 1375 1485
f 1486 1316 1315
f 1486 1424 1316
f 1396 1409 1487
f 1396 1488 1483
f 1396 1487 1488
f 1489 1356 1357
f 1355 1490 1357
f 1489 1357 1490
f 1491 1359 1360
f 1491 1360 1477
f 1318 1492 1403
f 1493 1378 1379
f 1493 1379 1475
f 1494 1385 1386
f 1494 1386 1481
f 1362 1356 1489
f 1355 1363 1495
f 1355 1496 1490
f 1355 1495 1496
f 1487 1409 1420
f 1491 1369 1359
f 1497 1374 1400
f 1374 1498 1485
f 1497 1498 1374
f 1499 1370 1371
f 1499 1372 1370
f 1362 1500 1388
f 1362 1489 1501
f 1362 1501 1500
f 1381 1399 1502
f 1381 1503 1484
f 1381 1502 1503
f 1494 1392 1385
f 1369 1504 1371
f 1499 1371 1504
f 1372 1505 1383
f 1499 1506 1372
f 1372 1506 1505
f 1491 1507 1369
f 1369 1507 1504
f 1495 1363 1377
f 1508 1364 1365
f 1508 1365 1479
f 1509 1292 1366
f 1292 1510 1474
f 1509 1510 1292
f 1468 1373 1330
f 1493 1391 1378
f 1419 1511 1420
f 1487 1420 1511
f 1512 1382 1383
f 1512 1383 1505
f 1392 1513 1408
f 1494 1514 1392
f 1392 1514 1513
f 1515 1367 1368
f 1515 1368 1464
f 1516 1387 1388
f 1516 1388 1500
f 1517 1399 1398
f 1517 1502 1399
f 1497 1400 1416
f 1518 1323 1380
f 1518 1463 1323
f 1419 1442 1519
f 1419 1520 1511
f 1419 1519 1520
f 1516 1395 1387
f 1376 1521 1377
f 1495 1377 1521
f 1512 1394 1382
f 1522 1407 1408
f 1522 1408 1513
f 1522 1398 1407
f 1522 1517 1398
f 1391 1523 1439
f 1493 1524 1391
f 1391 1524 1523
f 1395 1525 1423
f 1516 1526 1395
f 1395 1526 1525
f 1415 1527 1416
f 1497 1416 1527
f 1519 1442 1457
f 1404 1486 1315
f 1528 1422 1423
f 1528 1423 1525
f 1394 1529 1445
f 1512 1530 1394
f 1394 1530 1529
f 1449 1453 1531
f 1531 1453 1461
f 1449 1532 1450
f 1449 1531 1533
f 1449 1533 1532
f 1376 1401 1534
f 1376 1535 1521
f 1376 1534 1535
f 1460 1536 1461
f 1531 1461 1536
f 1509 1366 1406
f 1537 1448 1450
f 1537 1450 1532
f 1472 1538 1473
f 1472 1483 1539
f 1472 1539 1540
f 1472 1540 1538
f 1456 1541 1457
f 1519 1457 1541
f 1542 1471 1473
f 1542 1473 1538
f 1373 1543 1465
f 1468 1544 1373
f 1373 1544 1543
f 1515 1402 1367
f 1539 1483 1488
f 1460 1471 1542
f 1460 1542 1545
f 1460 1545 1536
f 1546 1438 1439
f 1546 1439 1523
f 1451 1448 1537
f 1547 1415 1462
f 1415 1548 1527
f 1547 1548 1415
f 1487 1549 1488
f 1539 1488 1549
f 1451 1550 1455
f 1451 1537 1551
f 1451 1551 1550
f 1528 1446 1422
f 1552 1380 1425
f 1552 1518 1380
f 1553 1454 1455
f 1553 1455 1550
f 1487 1511 1554
f 1487 1555 1549
f 1487 1554 1555
f 1556 1456 1485
f 1456 1557 1541
f 1556 1557 1456
f 1558 1444 1445
f 1558 1445 1529
f 1546 1458 1438
f 1559 1421 1560
f 1435 1421 1559
f 1534 1401 1411
f 1459 1454 1553
f 1559 1561 1435
f 1559 1562 1561
f 1446 1563 1476
f 1528 1564 1446
f 1446 1564 1563
f 1547 1462 1470
f 1554 1511 1520
f 1402 1565 1480
f 1515 1566 1402
f 1402 1566 1565
f 1458 1567 1482
f 1546 1568 1458
f 1458 1568 1567
f 1556 1485 1498
f 1404 1403 1569
f 1404 1570 1486
f 1404 1569 1570
f 1435 1571 1467
f 1435 1561 1571
f 1459 1572 1478
f 1459 1553 1573
f 1459 1573 1572
f 1574 1475 1476
f 1574 1476 1563
f 1469 1575 1470
f 1547 1470 1575
f 1410 1576 1411
f 1534 1411 1576
f 1519 1577 1520
f 1554 1520 1577
f 1578 1466 1467
f 1578 1467 1571
f 1579 1464 1465
f 1579 1465 1543
f 1558 1468 1444
f 1580 1481 1482
f 1580 1482 1567
f 1578 1469 1466
f 1469 1581 1575
f 1578 1581 1469
f 1497 1582 1498
f 1556 1498 1582
f 1583 1477 1478
f 1583 1478 1572
f 1574 1493 1475
f 1405 1584 1406
f 1509 1406 1584
f 1580 1494 1481
f 1585 1425 1424
f 1585 1552 1425
f 1410 1426 1586
f 1410 1587 1576
f 1410 1586 1587
f 1519 1541 1588
f 1519 1589 1577
f 1519 1588 1589
f 1590 1479 1480
f 1590 1480 1565
f 1583 1491 1477
f 1591 1484 1503
f 1591 1592 1484
f 1593 1497 1527
f 1497 1594 1582
f 1593 1594 1497
f 1489 1490 1595
f 1489 1596 1501
f 1489 1597 1596
f 1489 1595 1597
f 1595 1490 1496
f 1539 1598 1540
f 1539 1549 1599
f 1539 1599 1600
f 1539 1600 1598
f 1494 1601 1514
f 1580 1602 1494
f 1494 1602 1601
f 1493 1603 1524
f 1574 1604 1493
f 1493 1604 1603
f 1605 1500 1501
f 1605 1501 1596
f 1606 1538 1540
f 1606 1540 1598
f 1599 1549 1555
f 1491 1607 1507
f 1583 1608 1491
f 1491 1608 1607
f 1495 1609 1496
f 1595 1496 1609
f 1586 1426 1437
f 1542 1538 1606
f 1610 1499 1504
f 1499 1611 1506
f 1610 1612 1499
f 1499 1612 1611
f 1610 1504 1507
f 1610 1507 1607
f 1613 1505 1506
f 1613 1506 1611
f 1468 1614 1544
f 1558 1615 1468
f 1468 1615 1614
f 1616 1412 1418
f 1412 1617 1414
f 1616 1618 1412
f 1412 1618 1617
f 1616 1418 1434
f 1605 1516 1500
f 1492 1569 1403
f 1554 1619 1555
f 1599 1555 1619
f 1542 1620 1545
f 1542 1606 1621
f 1542 1621 1620
f 1593 1527 1548
f 1588 1541 1557
f 1622 1413 1414
f 1622 1414 1617
f 1623 1513 1514
f 1623 1514 1601
f 1433 1624 1434
f 1616 1434 1624
f 1625 1536 1545
f 1625 1545 1620
f 1613 1512 1505
f 1626 1503 1502
f 1626 1591 1503
f 1531 1536 1625
f 1430 1627 1437
f 1586 1437 1627
f 1579 1515 1464
f 1516 1628 1526
f 1605 1629 1516
f 1516 1629 1628
f 1531 1630 1533
f 1531 1625 1631
f 1531 1631 1630
f 1590 1508 1479
f 1622 1417 1413
f 1463 1632 1405
f 1405 1632 1584
f 1495 1521 1633
f 1495 1634 1609
f 1495 1633 1634
f 1635 1433 1474
f 1433 1636 1624
f 1635 1636 1433
f 1517 1626 1502
f 1637 1523 1524
f 1637 1524 1603
f 1638 1525 1526
f 1638 1526 1628
f 1554 1577 1639
f 1554 1640 1619
f 1554 1639 1640
f 1623 1522 1513
f 1641 1532 1533
f 1641 1533 1630
f 1430 1427 1642
f 1430 1643 1627
f 1430 1642 1643
f 1512 1644 1530
f 1613 1645 1512
f 1512 1645 1644
f 1642 1427 1429
f 1417 1646 1432
f 1622 1647 1417
f 1417 1647 1646
f 1522 1648 1517
f 1517 1648 1626
f 1623 1649 1522
f 1522 1649 1648
f 1556 1650 1557
f 1588 1557 1650
f 1638 1528 1525
f 1537 1532 1641
f 1428 1651 1429
f 1642 1429 1651
f 1428 1436 1652
f 1428 1653 1651
f 1428 1652 1653
f 1547 1654 1548
f 1593 1548 1654
f 1590 1655 1508
f 1639 1577 1589
f 1635 1474 1510
f 1652 1436 1441
f 1537 1656 1551
f 1537 1641 1657
f 1537 1657 1656
f 1486 1585 1424
f 1658 1431 1432
f 1658 1432 1646
f 1659 1529 1530
f 1659 1530 1644
f 1633 1521 1535
f 1440 1660 1441
f 1652 1441 1660
f 1637 1546 1523
f 1661 1543 1544
f 1661 1544 1614
f 1492 1662 1569
f 1528 1663 1564
f 1638 1664 1528
f 1528 1664 1663
f 1658 1443 1431
f 1665 1556 1582
f 1556 1666 1650
f 1665 1666 1556
f 1667 1550 1551
f 1667 1551 1656
f 1440 1447 1668
f 1440 1669 1660
f 1440 1668 1669
f 1515 1670 1566
f 1579 1671 1515
f 1515 1671 1670
f 1668 1447 1452
f 1443 1672 1452
f 1658 1673 1443
f 1443 1673 1672
f 1668 1452 1672
f 1588 1674 1589
f 1639 1589 1674
f 1553 1550 1667
f 1509 1675 1510
f 1635 1510 1675
f 1676 1547 1575
f 1547 1677 1654
f 1676 1677 1547
f 1678 1563 1564
f 1678 1564 1663
f 1518 1679 1463
f 1463 1679 1632
f 1546 1680 1568
f 1637 1681 1546
f 1546 1681 1680
f 1665 1582 1594
f 1659 1558 1529
f 1534 1682 1535
f 1633 1535 1682
f 1553 1683 1573
f 1553 1667 1684
f 1553 1684 1683
f 1599 1685 1600
f 1599 1619 1686
f 1599 1686 1687
f 1599 1687 1685
f 1688 1598 1600
f 1688 1600 1685
f 1588 1650 1689
f 1588 1690 1674
f 1588 1689 1690
f 1678 1574 1563
f 1686 1619 1640
f 1593 1691 1594
f 1665 1594 1691
f 1606 1598 1688
f 1692 1567 1568
f 1692 1568 1680
f 1693 1565 1566
f 1693 1566 1670
f 1676 1575 1581
f 1661 1579 1543
f 1606 1694 1621
f 1606 1688 1695
f 1606 1695 1694
f 1639 1696 1640
f 1686 1640 1696
f 1697 1572 1573
f 1697 1573 1683
f 1562 1698 1561
f 1562 1699 1698
f 1486 1570 1700
f 1486 1701 1585
f 1486 1700 1701
f 1702 1620 1621
f 1702 1621 1694
f 1578 1703 1581
f 1676 1581 1703
f 1704 1571 1561
f 1704 1561 1698
f 1574 1705 1604
f 1678 1706 1574
f 1574 1706 1705
f 1704 1578 1571
f 1692 1580 1567
f 1578 1707 1703
f 1704 1707 1578
f 1558 1708 1615
f 1659 1709 1558
f 1558 1709 1708
f 1625 1620 1702
f 1639 1674 1710
f 1639 1711 1696
f 1639 1710 1711
f 1712 1593 1654
f 1593 1713 1691
f 1712 1713 1593
f 1689 1650 1666
f 1697 1583 1572
f 1625 1714 1631
f 1625 1702 1715
f 1625 1715 1714
f 1716 1603 1604
f 1716 1604 1705
f 1534 1576 1717
f 1534 1718 1682
f 1534 1717 1718
f 1580 1719 1602
f 1692 1720 1580
f 1580 1720 1719
f 1552 1721 1518
f 1518 1721 1679
f 1693 1590 1565
f 1722 1596 1597
f 1595 1723 1597
f 1722 1597 1723
f 1722 1605 1596
f 1591 1724 1592
f 1725 1630 1631
f 1725 1631 1714
f 1710 1674 1690
f 1595 1609 1726
f 1595 1727 1723
f 1595 1726 1727
f 1583 1728 1608
f 1697 1729 1583
f 1583 1729 1728
f 1605 1730 1629
f 1605 1731 1730
f 1722 1731 1605
f 1732 1628 1629
f 1732 1629 1730
f 1579 1733 1671
f 1661 1734 1579
f 1579 1734 1733
f 1665 1735 1666
f 1689 1666 1735
f 1736 1601 1602
f 1736 1602 1719
f 1732 1638 1628
f 1737 1614 1615
f 1737 1615 1708
f 1738 1607 1608
f 1738 1608 1728
f 1726 1609 1634
f 1641 1630 1725
f 1712 1654 1677
f 1716 1637 1603
f 1736 1623 1601
f 1739 1509 1584
f 1509 1740 1675
f 1739 1740 1509
f 1738 1610 1607
f 1638 1741 1664
f 1732 1742 1638
f 1638 1742 1741
f 1610 1743 1612
f 1744 1611 1612
f 1744 1612 1743
f 1738 1745 1610
f 1610 1745 1743
f 1626 1746 1591
f 1591 1746 1724
f 1744 1613 1611
f 1747 1570 1569
f 1747 1700 1570
f 1717 1576 1587
f 1689 1748 1690
f 1710 1690 1748
f 1590 1749 1655
f 1693 1750 1590
f 1590 1750 1749
f 1751 1665 1691
f 1665 1752 1735
f 1751 1752 1665
f 1613 1753 1645
f 1744 1754 1613
f 1613 1754 1753
f 1641 1755 1657
f 1641 1725 1756
f 1641 1756 1755
f 1623 1757 1649
f 1736 1758 1623
f 1623 1758 1757
f 1626 1648 1759
f 1626 1760 1746
f 1626 1759 1760
f 1633 1761 1634
f 1726 1634 1761
f 1762 1663 1664
f 1762 1664 1741
f 1763 1644 1645
f 1763 1645 1753
f 1759 1648 1649
f 1759 1649 1757
f 1686 1764 1687
f 1765 1685 1687
f 1765 1687 1764
f 1686 1696 1766
f 1686 1766 1767
f 1686 1767 1764
f 1637 1768 1681
f 1716 1769 1637
f 1637 1769 1768
f 1688 1685 1765
f 1737 1661 1614
f 1770 1670 1671
f 1770 1671 1733
f 1585 1771 1552
f 1552 1771 1721
f 1751 1691 1713
f 1766 1696 1711
f 1772 1656 1657
f 1772 1657 1755
f 1676 1773 1677
f 1712 1677 1773
f 1688 1774 1695
f 1688 1765 1775
f 1688 1775 1774
f 1689 1735 1776
f 1689 1777 1748
f 1689 1776 1777
f 1586 1778 1587
f 1717 1587 1778
f 1762 1678 1663
f 1710 1779 1711
f 1766 1711 1779
f 1763 1659 1644
f 1780 1694 1695
f 1780 1695 1774
f 1667 1656 1772
f 1633 1682 1781
f 1633 1782 1761
f 1633 1781 1782
f 1783 1680 1681
f 1783 1681 1768
f 1710 1748 1784
f 1710 1785 1779
f 1710 1784 1785
f 1702 1694 1780
f 1662 1747 1569
f 1678 1786 1706
f 1762 1787 1678
f 1678 1787 1786
f 1712 1788 1713
f 1751 1713 1788
f 1776 1735 1752
f 1586 1627 1789
f 1586 1790 1778
f 1586 1789 1790
f 1791 1676 1703
f 1676 1792 1773
f 1791 1792 1676
f 1667 1793 1684
f 1667 1772 1794
f 1667 1794 1793
f 1661 1795 1734
f 1737 1796 1661
f 1661 1796 1795
f 1702 1797 1715
f 1702 1780 1798
f 1702 1798 1797
f 1770 1693 1670
f 1659 1799 1709
f 1763 1800 1659
f 1659 1800 1799
f 1783 1692 1680
f 1801 1705 1706
f 1801 1706 1786
f 1784 1748 1777
f 1802 1616 1624
f 1616 1803 1618
f 1802 1804 1616
f 1616 1804 1803
f 1802 1624 1636
f 1791 1703 1707
f 1805 1584 1632
f 1805 1739 1584
f 1806 1683 1684
f 1806 1684 1793
f 1789 1627 1643
f 1807 1617 1618
f 1807 1618 1803
f 1635 1808 1636
f 1802 1636 1808
f 1809 1632 1679
f 1809 1805 1632
f 1704 1810 1707
f 1791 1707 1810
f 1751 1811 1752
f 1776 1752 1811
f 1812 1714 1715
f 1812 1715 1797
f 1585 1701 1813
f 1585 1814 1771
f 1585 1813 1814
f 1815 1704 1698
f 1815 1816 1704
f 1704 1816 1810
f 1699 1815 1698
f 1801 1716 1705
f 1807 1622 1617
f 1692 1817 1720
f 1783 1818 1692
f 1692 1818 1817
f 1819 1635 1675
f 1635 1820 1808
f 1819 1820 1635
f 1781 1682 1718
f 1821 1712 1773
f 1712 1822 1788
f 1821 1822 1712
f 1662 1823 1747
f 1824 1730 1731
f 1824 1732 1730
f 1806 1697 1683
f 1815 1825 1816
f 1722 1826 1731
f 1824 1731 1826
f 1827 1722 1723
f 1722 1828 1826
f 1827 1828 1722
f 1642 1829 1643
f 1789 1643 1829
f 1830 1708 1709
f 1830 1709 1799
f 1776 1831 1777
f 1784 1777 1831
f 1732 1832 1742
f 1824 1833 1732
f 1732 1833 1832
f 1827 1723 1727
f 1725 1714 1812
f 1834 1679 1721
f 1834 1809 1679
f 1622 1835 1647
f 1807 1836 1622
f 1622 1836 1835
f 1837 1733 1734
f 1837 1734 1795
f 1838 1751 1788
f 1751 1839 1811
f 1838 1839 1751
f 1693 1840 1750
f 1770 1841 1693
f 1693 1841 1840
f 1642 1651 1842
f 1642 1843 1829
f 1642 1842 1843
f 1844 1719 1720
f 1844 1720 1817
f 1845 1741 1742
f 1845 1742 1832
f 1766 1846 1767
f 1847 1764 1767
f 1847 1767 1846
f 1848 1724 1746
f 1848 1849 1724
f 1766 1779 1850
f 1766 1851 1846
f 1766 1850 1851
f 1765 1764 1847
f 1726 1852 1727
f 1827 1727 1852
f 1765 1853 1775
f 1765 1847 1854
f 1765 1854 1853
f 1716 1855 1769
f 1801 1856 1716
f 1716 1856 1855
f 1850 1779 1785
f 1697 1857 1729
f 1806 1858 1697
f 1697 1858 1857
f 1819 1675 1740
f 1842 1651 1653
f 1859 1646 1647
f 1859 1647 1835
f 1776 1811 1860
f 1776 1861 1831
f 1776 1860 1861
f 1862 1774 1775
f 1862 1775 1853
f 1725 1863 1756
f 1725 1812 1864
f 1725 1864 1863
f 1830 1737 1708
f 1844 1736 1719
f 1652 1865 1653
f 1842 1653 1865
f 1784 1866 1785
f 1850 1785 1866
f 1845 1762 1741
f 1726 1761 1867
f 1726 1868 1852
f 1726 1867 1868
f 1736 1869 1758
f 1736 1870 1869
f 1844 1870 1736
f 1871 1728 1729
f 1871 1729 1857
f 1652 1660 1872
f 1652 1873 1865
f 1652 1872 1873
f 1848 1746 1760
f 1780 1774 1862
f 1859 1658 1646
f 1821 1773 1792
f 1874 1757 1758
f 1874 1758 1869
f 1838 1788 1822
f 1717 1875 1718
f 1781 1718 1875
f 1872 1660 1669
f 1876 1701 1700
f 1876 1813 1701
f 1762 1877 1787
f 1845 1878 1762
f 1762 1878 1877
f 1784 1831 1879
f 1784 1880 1866
f 1784 1879 1880
f 1881 1749 1750
f 1881 1750 1840
f 1871 1738 1728
f 1882 1768 1769
f 1882 1769 1855
f 1883 1760 1759
f 1848 1760 1883
f 1884 1755 1756
f 1884 1756 1863
f 1860 1811 1839
f 1658 1885 1673
f 1859 1886 1658
f 1658 1886 1885
f 1837 1770 1733
f 1874 1759 1757
f 1668 1887 1669
f 1872 1669 1887
f 1874 1888 1759
f 1883 1759 1888
f 1737 1889 1796
f 1830 1890 1737
f 1737 1890 1889
f 1780 1891 1798
f 1780 1862 1892
f 1780 1892 1891
f 1738 1893 1745
f 1871 1894 1738
f 1738 1894 1893
f 1867 1761 1782
f 1668 1672 1895
f 1668 1896 1887
f 1668 1895 1896
f 1895 1672 1673
f 1895 1673 1885
f 1897 1721 1771
f 1897 1834 1721
f 1898 1743 1745
f 1898 1745 1893
f 1898 1744 1743
f 1879 1831 1861
f 1744 1899 1754
f 1898 1900 1744
f 1744 1900 1899
f 1901 1786 1787
f 1901 1787 1877
f 1902 1753 1754
f 1902 1754 1899
f 1772 1755 1884
f 1791 1903 1792
f 1821 1792 1903
f 1882 1783 1768
f 1904 1797 1798
f 1904 1798 1891
f 1902 1763 1753
f 1860 1839 1905
f 1838 1905 1839
f 1906 1846 1851
f 1847 1846 1906
f 1850 1907 1851
f 1906 1851 1907
f 1901 1801 1786
f 1847 1908 1854
f 1847 1906 1909
f 1847 1909 1908
f 1860 1910 1861
f 1879 1861 1910
f 1911 1795 1796
f 1911 1796 1889
f 1850 1866 1912
f 1850 1913 1907
f 1850 1912 1913
f 1717 1778 1914
f 1717 1915 1875
f 1717 1914 1915
f 1838 1822 1916
f 1821 1916 1822
f 1763 1917 1800
f 1902 1918 1763
f 1763 1918 1917
f 1824 1919 1833
f 1920 1832 1833
f 1920 1833 1919
f 1921 1853 1854
f 1921 1854 1908
f 1922 1824 1826
f 1824 1923 1919
f 1922 1923 1824
f 1924 1791 1810
f 1791 1925 1903
f 1924 1925 1791
f 1912 1866 1880
f 1772 1926 1794
f 1772 1884 1927
f 1772 1927 1926
f 1801 1928 1856
f 1901 1929 1801
f 1801 1929 1928
f 1783 1930 1818
f 1882 1931 1783
f 1783 1931 1930
f 1920 1845 1832
f 1922 1826 1828
f 1781 1932 1782
f 1867 1782 1932
f 1770 1933 1841
f 1837 1934 1770
f 1770 1934 1933
f 1747 1876 1700
f 1739 1935 1740
f 1819 1740 1935
f 1924 1810 1816
f 1812 1797 1904
f 1862 1853 1921
f 1827 1936 1828
f 1922 1828 1936
f 1879 1937 1880
f 1912 1880 1937
f 1825 1938 1816
f 1924 1816 1938
f 1860 1939 1910
f 1860 1905 1940
f 1860 1940 1939
f 1941 1799 1800
f 1941 1800 1917
f 1845 1942 1878
f 1920 1943 1845
f 1845 1943 1942
f 1944 1817 1818
f 1944 1818 1930
f 1945 1793 1794
f 1945 1794 1926
f 1838 1946 1905
f 1947 1838 1916
f 1947 1946 1838
f 1948 1827 1852
f 1827 1949 1936
f 1948 1949 1827
f 1950 1771 1814
f 1950 1897 1771
f 1879 1910 1951
f 1879 1952 1937
f 1879 1951 1952
f 1953 1855 1856
f 1953 1856 1928
f 1911 1837 1795
f 1862 1954 1892
f 1862 1921 1955
f 1862 1955 1954
f 1914 1778 1790
f 1956 1877 1878
f 1956 1878 1942
f 1957 1849 1848
f 1941 1830 1799
f 1948 1852 1868
f 1812 1958 1864
f 1812 1904 1959
f 1812 1959 1958
f 1944 1844 1817
f 1960 1907 1913
f 1906 1907 1960
f 1951 1910 1939
f 1912 1961 1913
f 1960 1913 1961
f 1945 1806 1793
f 1906 1962 1909
f 1906 1960 1963
f 1906 1963 1962
f 1821 1964 1916
f 1965 1821 1903
f 1965 1964 1821
f 1940 1905 1946
f 1912 1937 1966
f 1912 1967 1961
f 1912 1966 1967
f 1968 1869 1870
f 1844 1969 1870
f 1968 1870 1969
f 1970 1908 1909
f 1970 1909 1962
f 1968 1874 1869
f 1781 1875 1971
f 1781 1972 1932
f 1781 1971 1972
f 1844 1973 1969
f 1944 1973 1844
f 1974 1840 1841
f 1974 1841 1933
f 1975 1920 1919
f 1975 1919 1923
f 1966 1937 1952
f 1976 1888 1874
f 1968 1977 1874
f 1976 1874 1977
f 1956 1901 1877
f 1830 1978 1890
f 1941 1979 1830
f 1830 1979 1978
f 1920 1980 1943
f 1975 1981 1920
f 1920 1981 1980
f 1848 1883 1982
f 1957 1848 1983
f 1848 1982 1983
f 1984 1891 1892
f 1984 1892 1954
f 1883 1888 1976
f 1953 1882 1855
f 1922 1985 1923
f 1975 1923 1985
f 1867 1986 1868
f 1948 1868 1986
f 1747 1823 1987
f 1747 1988 1876
f 1747 1987 1988
f 1921 1908 1970
f 1951 1939 1989
f 1940 1989 1939
f 1806 1990 1858
f 1945 1991 1806
f 1806 1991 1990
f 1951 1992 1952
f 1966 1952 1992
f 1883 1976 1982
f 1993 1863 1864
f 1993 1864 1958
f 1789 1994 1790
f 1914 1790 1994
f 1805 1995 1739
f 1809 1996 1805
f 1805 1996 1995
f 1947 1916 1964
f 1997 1942 1943
f 1997 1943 1980
f 1951 1989 1998
f 1951 1999 1992
f 1951 1998 1999
f 1901 2000 1929
f 1956 2001 1901
f 1901 2001 2000
f 1922 2002 1985
f 2003 1922 1936
f 2003 2002 1922
f 1739 1995 1935
f 1960 1961 2004
f 2004 1961 1967
f 1960 2005 1963
f 1960 2004 2006
f 1960 2006 2005
f 2007 1889 1890
f 2007 1890 1978
f 1966 2008 1967
f 2004 1967 2008
f 1837 2009 1934
f 1911 2010 1837
f 1837 2010 2009
f 1882 2011 1931
f 1953 2012 1882
f 1882 2012 2011
f 2013 1857 1858
f 2013 1858 1990
f 1940 1946 2014
f 1947 2014 1946
f 1997 1956 1942
f 1921 2015 1955
f 1921 1970 2016
f 1921 2016 2015
f 2017 1928 1929
f 2017 1929 2000
f 1966 1992 2018
f 1966 2019 2008
f 1966 2018 2019
f 1975 2020 1981
f 2021 1975 1985
f 1975 2022 2020
f 2021 2022 1975
f 2023 1962 1963
f 2023 1963 2005
f 2024 1814 1813
f 2024 1950 1814
f 2025 1980 1981
f 2025 1981 2020
f 1965 1903 1925
f 1940 2026 1989
f 1940 2027 2026
f 1940 2014 2027
f 1834 2028 1809
f 1809 2028 1996
f 1867 1932 2029
f 1867 2030 1986
f 1867 2029 2030
f 1904 1891 1984
f 1998 1989 2026
f 2018 1992 1999
f 2021 1985 2002
f 2003 1936 1949
f 2031 1802 1808
f 1802 2032 1804
f 2031 2033 1802
f 1802 2033 2032
f 2031 1808 1820
f 2025 1997 1980
f 1974 1881 1840
f 1970 1962 2023
f 1884 1863 1993
f 2004 2008 2034
f 2004 2035 2006
f 2004 2034 2036
f 2004 2036 2035
f 2037 1803 1804
f 2037 1804 2032
f 2034 2008 2019
f 2034 2020 2022
f 2034 2022 2036
f 2021 2036 2022
f 2034 2025 2020
f 2038 1930 1931
f 2038 1931 2011
f 1789 1829 2039
f 1789 2040 1994
f 1789 2039 2040
f 2013 1871 1857
f 2018 1999 2041
f 1998 2041 1999
f 1819 2042 1820
f 2031 1820 2042
f 2043 2006 2035
f 2043 2005 2006
f 1997 2044 1956
f 1956 2045 2001
f 1956 2044 2045
f 2034 2019 2046
f 2018 2046 2019
f 2017 1953 1928
f 2034 2046 2025
f 2021 2035 2036
f 1971 1875 1915
f 2025 2047 1997
f 2025 2046 2048
f 2025 2048 2047
f 1997 2047 2049
f 1997 2049 2044
f 2007 1911 1889
f 2021 2002 2050
f 2043 2035 2021
f 2043 2021 2050
f 1924 2051 1925
f 1965 1925 2051
f 2018 2048 2046
f 2003 2050 2002
f 2037 1807 1803
f 2052 1957 1983
f 2052 2053 1957
f 2018 2054 2048
f 2018 2041 2054
f 1948 2055 1949
f 2003 1949 2055
f 2023 2005 2043
f 2038 1944 1930
f 2056 1954 1955
f 2056 1955 2015
f 1871 2057 1894
f 2013 2058 1871
f 1871 2058 2057
f 1968 2059 1977
f 1976 1977 2059
f 2060 1968 1969
f 1968 2061 2059
f 2060 2061 1968
f 2062 1819 1935
f 1819 2063 2042
f 2062 2063 1819
f 1970 2023 2064
f 1970 2065 2016
f 1970 2064 2065
f 1998 2026 2066
f 1998 2067 2041
f 1998 2068 2067
f 1998 2066 2068
f 1976 2069 1982
f 1976 2059 2070
f 1976 2070 2069
f 2027 2066 2026
f 2054 2047 2048
f 2054 2049 2047
f 2071 1924 1938
f 1924 2072 2051
f 2071 2072 1924
f 2060 1969 1973
f 2073 2000 2001
f 2073 2001 2045
f 2054 2041 2067
f 2074 1893 1894
f 2074 1894 2057
f 2075 2044 2049
f 2075 2045 2044
f 1884 2076 1927
f 1884 1993 2077
f 1884 2077 2076
f 1807 2078 1836
f 2037 2079 1807
f 1807 2079 2078
f 2043 2050 2080
f 2003 2080 2050
f 1947 1964 2081
f 1965 2081 1964
f 2023 2043 2082
f 2043 2080 2082
f 1904 2083 1959
f 1904 1984 2084
f 1904 2084 2083
f 2039 1829 1843
f 2074 1898 1893
f 1953 2085 2012
f 2017 2086 1953
f 1953 2086 2085
f 1947 2087 2014
f 2027 2014 2087
f 1974 2088 1881
f 2089 1881 2088
f 1944 2090 1973
f 2038 2091 1944
f 1944 2091 2090
f 2092 2087 1947
f 2092 1947 2081
f 2023 2082 2093
f 2023 2093 2064
f 2094 1948 1986
f 1948 2095 2055
f 2094 2095 1948
f 2029 1932 1972
f 1898 2096 1900
f 2074 2097 1898
f 1898 2097 2096
f 2073 2017 2000
f 2054 2075 2049
f 2098 1899 1900
f 2098 1900 2096
f 2054 2067 2099
f 2054 2099 2075
f 2100 1933 1934
f 2100 1934 2009
f 2052 1983 1982
f 2052 1982 2069
f 2060 1973 2090
f 2098 1902 1899
f 2101 2053 2052
f 2102 2080 2003
f 2102 2003 2055
f 2068 2099 2067
f 1902 2103 1918
f 1902 2104 2103
f 2098 2104 1902
f 2075 2073 2045
f 2105 1917 1918
f 2105 1918 2103
f 2027 2106 2066
f 2068 2066 2106
f 2107 1835 1836
f 2107 1836 2078
f 1876 2024 1813
f 1842 2108 1843
f 2039 1843 2108
f 1911 2109 2010
f 2007 2110 1911
f 1911 2110 2109
f 1897 2111 1834
f 1834 2111 2028
f 2105 1941 1917
f 2112 2015 2016
f 2112 2016 2065
f 2070 2059 2113
f 2061 2113 2059
f 2070 2114 2069
f 2070 2115 2114
f 2070 2113 2115
f 2116 2011 2012
f 2116 2012 2085
f 2117 1926 1927
f 2117 1927 2076
f 1984 1954 2056
f 2101 2052 2118
f 2052 2069 2114
f 2052 2114 2118
f 2073 2119 2017
f 2017 2120 2086
f 2017 2119 2120
f 2102 2082 2080
f 2102 2093 2082
f 2121 1935 1995
f 2121 2062 1935
f 2122 2123 2101
f 2122 2101 2118
f 2060 2124 2061
f 2061 2124 2113
f 2075 2099 2125
f 2075 2126 2073
f 2075 2125 2126
f 2068 2125 2099
f 2127 2128 2123
f 1941 2129 1979
f 2105 2130 1941
f 1941 2130 2129
f 2094 1986 2030
f 2027 2087 2131
f 2027 2132 2106
f 2027 2131 2132
f 2073 2126 2133
f 2073 2133 2119
f 1842 1865 2134
f 1842 2135 2108
f 1842 2134 2135
f 1914 2136 1915
f 1971 1915 2136
f 2122 2127 2123
f 2137 2064 2093
f 2137 2065 2064
f 2138 1958 1959
f 2138 1959 2083
f 2116 2038 2011
f 2107 1859 1835
f 2068 2139 2125
f 2068 2106 2140
f 2068 2140 2139
f 2141 1978 1979
f 2141 1979 2129
f 2122 2142 2127
f 2122 2118 2114
f 2134 1865 1873
f 2102 2055 2095
f 2060 2143 2124
f 2144 2060 2090
f 2144 2143 2060
f 2145 2085 2086
f 2145 2086 2120
f 2139 2126 2125
f 2139 2133 2126
f 2117 1945 1926
f 1965 2146 2081
f 2147 1965 2051
f 2147 2146 1965
f 2115 2148 2114
f 2122 2114 2148
f 2038 2149 2091
f 2116 2150 2038
f 2038 2150 2149
f 2092 2131 2087
f 2029 1972 2151
f 1971 2151 1972
f 2115 2113 2152
f 2115 2153 2148
f 2115 2152 2153
f 2132 2140 2106
f 1872 2154 1873
f 2134 1873 2154
f 2155 2119 2133
f 2155 2120 2119
f 2156 2142 2122
f 2156 2122 2148
f 2152 2113 2124
f 1859 2157 1886
f 2107 2158 1859
f 1859 2158 2157
f 2141 2007 1978
f 2137 2093 2102
f 2092 2081 2146
f 2056 2015 2112
f 2156 2159 2142
f 2102 2095 2160
f 2137 2102 2160
f 2094 2030 2161
f 2029 2161 2030
f 1872 1887 2162
f 1872 2163 2154
f 1872 2162 2163
f 2143 2164 2124
f 2152 2124 2164
f 1984 2056 2165
f 1984 2166 2084
f 1984 2165 2166
f 2100 1974 1933
f 2167 1995 1996
f 2167 2121 1995
f 2145 2116 2085
f 2144 2090 2091
f 2144 2091 2149
f 2139 2140 2168
f 2132 2168 2140
f 2156 2148 2153
f 2169 2009 2010
f 2169 2010 2109
f 2139 2155 2133
f 2094 2160 2095
f 1993 1958 2138
f 1945 2170 1991
f 2117 2171 1945
f 1945 2171 2170
f 2112 2065 2137
f 2172 1885 1886
f 2172 1886 2157
f 1876 1988 2173
f 1876 2174 2024
f 1876 2173 2174
f 2162 1887 1896
f 2147 2051 2072
f 2139 2175 2155
f 2139 2168 2175
f 2155 2145 2120
f 2152 2176 2153
f 2156 2153 2176
f 2132 2131 2177
f 2092 2177 2131
f 1914 1994 2178
f 1914 2179 2136
f 1914 2178 2179
f 1950 2180 1897
f 1897 2180 2111
f 2181 2159 2156
f 2145 2182 2116
f 2116 2183 2150
f 2116 2182 2183
f 1895 2184 1896
f 2162 1896 2184
f 2143 2185 2164
f 2144 2185 2143
f 2007 2186 2110
f 2141 2187 2007
f 2007 2187 2186
f 2188 1996 2028
f 2188 2167 1996
f 2152 2164 2189
f 2152 2190 2176
f 2152 2189 2190
f 1895 1885 2172
f 1895 2191 2184
f 1895 2172 2191
f 2156 2192 2181
f 2156 2176 2192
f 2071 2193 2072
f 2147 2072 2193
f 2194 1990 1991
f 2194 1991 2170
f 2155 2195 2145
f 2155 2175 2196
f 2155 2196 2195
f 2132 2197 2168
f 2132 2177 2198
f 2132 2198 2197
f 2071 2199 2193
f 2145 2200 2182
f 2145 2195 2200
f 2189 2164 2185
f 2094 2201 2160
f 2202 2094 2161
f 2202 2201 2094
f 2190 2192 2176
f 2203 2149 2150
f 2203 2150 2183
f 2029 2204 2161
f 2029 2151 2205
f 2029 2205 2204
f 2092 2146 2206
f 2207 2177 2092
f 2207 2092 2206
f 2137 2160 2201
f 2112 2137 2208
f 2137 2201 2208
f 1993 2209 2077
f 1993 2138 2210
f 1993 2210 2209
f 2056 2112 2211
f 2056 2212 2165
f 2056 2211 2212
f 2197 2175 2168
f 2197 2196 2175
f 1971 2213 2151
f 1971 2136 2214
f 1971 2214 2213
f 2215 2083 2084
f 2215 2084 2166
f 2190 2216 2192
f 2190 2189 2217
f 2190 2217 2216
f 2147 2206 2146
f 1974 2218 2088
f 2100 2219 1974
f 1974 2219 2218
f 2194 2013 1990
f 2144 2220 2185
f 2189 2185 2221
f 2221 2185 2220
f 2203 2144 2149
f 2203 2220 2144
f 2112 2208 2222
f 2112 2222 2211
f 2223 2183 2182
f 2223 2182 2200
f 2224 2195 2196
f 2224 2200 2195
f 2225 2192 2216
f 2226 2109 2110
f 2226 2110 2186
f 2178 1994 2040
f 1987 2173 1988
f 2189 2221 2227
f 2189 2227 2217
f 2228 2198 2177
f 2228 2177 2207
f 2169 2100 2009
f 2229 2028 2111
f 2229 2188 2028
f 2105 2230 2130
f 2231 2129 2130
f 2231 2130 2230
f 2202 2161 2204
f 2232 2105 2103
f 2105 2233 2230
f 2232 2233 2105
f 2231 2141 2129
f 2234 2225 2216
f 2234 2216 2217
f 2013 2235 2058
f 2194 2236 2013
f 2013 2236 2235
f 2197 2224 2196
f 2237 2076 2077
f 2237 2077 2209
f 2202 2208 2201
f 2024 2238 1950
f 1950 2238 2180
f 2221 2220 2239
f 2203 2239 2220
f 2197 2198 2228
f 2240 2031 2042
f 2031 2241 2033
f 2240 2242 2031
f 2031 2242 2241
f 2197 2243 2224
f 2197 2228 2243
f 2147 2244 2206
f 2245 2147 2193
f 2245 2244 2147
f 2232 2103 2104
f 2240 2042 2063
f 2221 2239 2246
f 2221 2246 2227
f 2247 2032 2033
f 2247 2033 2241
f 2202 2222 2208
f 2223 2203 2183
f 2205 2151 2213
f 2141 2248 2187
f 2231 2249 2141
f 2141 2249 2248
f 2250 2057 2058
f 2250 2058 2235
f 2138 2083 2215
f 2224 2223 2200
f 2251 2166 2165
f 2251 2165 2212
f 2062 2252 2063
f 2240 2063 2252
f 2253 2089 2088
f 2253 2088 2218
f 2247 2037 2032
f 2234 2217 2254
f 2254 2217 2227
f 2207 2206 2244
f 2098 2255 2104
f 2232 2104 2255
f 2250 2074 2057
f 2256 2098 2096
f 2098 2257 2255
f 2256 2257 2098
f 2258 2211 2222
f 2258 2212 2211
f 2237 2117 2076
f 2121 2259 2062
f 2062 2259 2252
f 2074 2260 2097
f 2250 2261 2074
f 2074 2261 2260
f 2203 2262 2239
f 2223 2262 2203
f 2245 2193 2199
f 2214 2136 2179
f 2039 2263 2040
f 2178 2040 2263
f 2256 2096 2097
f 2256 2097 2260
f 2246 2239 2262
f 2245 2199 2264
f 2202 2204 2265
f 2205 2265 2204
f 1987 2266 2173
f 2267 2234 2254
f 2268 2186 2187
f 2268 2187 2248
f 2224 2269 2223
f 2224 2243 2270
f 2224 2270 2269
f 2226 2169 2109
f 2254 2227 2271
f 2246 2271 2227
f 2258 2222 2202
f 2258 2202 2265
f 2037 2272 2079
f 2247 2273 2037
f 2037 2273 2272
f 2228 2207 2274
f 2207 2244 2274
f 2275 2111 2180
f 2275 2229 2111
f 2254 2276 2267
f 2254 2271 2277
f 2254 2277 2276
f 2223 2278 2262
f 2223 2269 2278
f 2243 2228 2279
f 2243 2279 2270
f 2138 2280 2210
f 2138 2215 2281
f 2138 2281 2280
f 2167 2282 2121
f 2121 2282 2259
f 2117 2283 2171
f 2237 2284 2117
f 2117 2284 2283
f 2228 2274 2279
f 2285 2244 2245
f 2285 2274 2244
f 2169 2286 2100
f 2100 2287 2219
f 2100 2286 2287
f 2246 2262 2278
f 2246 2288 2271
f 2246 2278 2289
f 2246 2289 2288
f 2215 2166 2251
f 2290 2078 2079
f 2290 2079 2272
f 2024 2174 2291
f 2024 2292 2238
f 2024 2291 2292
f 2205 2213 2293
f 2214 2293 2213
f 2039 2108 2294
f 2039 2295 2263
f 2039 2294 2295
f 2277 2271 2288
f 2245 2264 2296
f 2264 2297 2296
f 2289 2278 2269
f 2289 2269 2270
f 2268 2226 2186
f 2251 2212 2258
f 2205 2298 2265
f 2258 2265 2298
f 2205 2299 2298
f 2205 2293 2299
f 2300 2170 2171
f 2300 2171 2283
f 2214 2179 2301
f 2178 2301 2179
f 2285 2245 2296
f 2302 2279 2274
f 2302 2274 2285
f 2277 2288 2303
f 2289 2303 2288
f 2277 2304 2276
f 2290 2107 2078
f 2231 2305 2249
f 2306 2231 2230
f 2231 2307 2305
f 2306 2307 2231
f 2289 2270 2279
f 2308 2209 2210
f 2308 2210 2280
f 2294 2108 2135
f 2309 2248 2249
f 2309 2249 2305
f 2188 2310 2167
f 2167 2310 2282
f 2289 2279 2302
f 2306 2230 2233
f 2277 2311 2304
f 2277 2303 2311
f 2289 2302 2303
f 2258 2298 2312
f 2251 2258 2312
f 2226 2313 2169
f 2169 2314 2286
f 2169 2313 2314
f 2297 2311 2296
f 2297 2304 2311
f 2285 2296 2311
f 2315 2180 2238
f 2315 2275 2180
f 2215 2251 2316
f 2215 2317 2281
f 2215 2316 2317
f 2309 2268 2248
f 2302 2311 2303
f 2302 2285 2311
f 2300 2194 2170
f 2232 2318 2233
f 2306 2233 2318
f 2134 2319 2135
f 2294 2135 2319
f 2107 2320 2158
f 2290 2321 2107
f 2107 2321 2320
f 2299 2312 2298
f 2322 2218 2219
f 2322 2219 2287
f 2251 2312 2323
f 2251 2323 2316
f 2308 2237 2209
f 2134 2154 2324
f 2134 2325 2319
f 2134 2324 2325
f 2326 2174 2173
f 2326 2291 2174
f 2268 2327 2226
f 2226 2327 2328
f 2226 2328 2313
f 2214 2329 2293
f 2214 2301 2330
f 2214 2330 2329
f 2299 2293 2329
f 2331 2240 2252
f 2240 2332 2242
f 2331 2333 2240
f 2240 2333 2332
f 2334 2232 2255
f 2232 2335 2318
f 2334 2335 2232
f 2336 2252 2259
f 2336 2331 2252
f 2337 2241 2242
f 2337 2242 2332
f 2194 2338 2236
f 2300 2339 2194
f 2194 2339 2338
f 2299 2323 2312
f 2324 2154 2163
f 2309 2340 2268
f 2268 2340 2341
f 2268 2341 2327
f 2229 2342 2188
f 2188 2342 2310
f 2178 2343 2301
f 2178 2263 2344
f 2178 2344 2343
f 2345 2157 2158
f 2345 2158 2320
f 2346 2259 2282
f 2346 2336 2259
f 2347 2280 2281
f 2347 2281 2317
f 2337 2247 2241
f 2162 2348 2163
f 2324 2163 2348
f 2237 2349 2284
f 2308 2350 2237
f 2237 2350 2349
f 2334 2255 2257
f 2351 2235 2236
f 2351 2236 2338
f 2247 2352 2273
f 2337 2353 2247
f 2247 2353 2352
f 2354 2316 2323
f 2354 2317 2316
f 2162 2184 2355
f 2162 2356 2348
f 2162 2355 2356
f 2299 2354 2323
f 2299 2329 2357
f 2299 2357 2354
f 2172 2157 2345
f 2358 2309 2305
f 2309 2359 2340
f 2309 2360 2359
f 2358 2360 2309
f 2358 2305 2307
f 2322 2253 2218
f 2361 2282 2310
f 2361 2346 2282
f 2362 2238 2292
f 2362 2315 2238
f 2355 2184 2191
f 2306 2363 2307
f 2358 2307 2363
f 2364 2287 2286
f 2364 2286 2314
f 2256 2365 2257
f 2334 2257 2365
f 2351 2250 2235
f 2322 2366 2253
f 2172 2367 2191
f 2172 2345 2368
f 2172 2368 2367
f 2266 2326 2173
f 2355 2191 2367
f 2347 2308 2280
f 2369 2283 2284
f 2369 2284 2349
f 2370 2272 2273
f 2370 2273 2352
f 2330 2301 2343
f 2341 2340 2359
f 2371 2256 2260
f 2256 2372 2365
f 2371 2372 2256
f 2330 2357 2329
f 2250 2373 2261
f 2351 2374 2250
f 2250 2374 2373
f 2375 2327 2341
f 2375 2328 2327
f 2344 2263 2295
f 2376 2313 2328
f 2376 2314 2313
f 2371 2260 2261
f 2377 2306 2318
f 2306 2378 2363
f 2377 2378 2306
f 2371 2261 2373
f 2275 2379 2229
f 2229 2379 2342
f 2354 2347 2317
f 2380 2310 2342
f 2380 2361 2310
f 2331 2381 2333
f 2382 2332 2333
f 2382 2333 2381
f 2370 2290 2272
f 2336 2383 2331
f 2331 2383 2381
f 2354 2357 2384
f 2330 2384 2357
f 2369 2300 2283
f 2377 2318 2335
f 2382 2337 2332
f 2347 2385 2308
f 2308 2386 2350
f 2308 2385 2386
f 2354 2387 2347
f 2354 2384 2387
f 2388 2359 2360
f 2358 2389 2360
f 2388 2360 2389
f 2341 2359 2390
f 2391 2390 2359
f 2391 2359 2388
f 2346 2392 2336
f 2336 2392 2383
f 2337 2393 2353
f 2382 2394 2337
f 2337 2394 2393
f 2375 2341 2390
f 2395 2358 2363
f 2358 2396 2389
f 2395 2396 2358
f 2294 2397 2295
f 2344 2295 2397
f 2398 2292 2291
f 2398 2362 2292
f 2347 2387 2399
f 2347 2399 2385
f 2290 2400 2321
f 2370 2401 2290
f 2290 2401 2400
f 2330 2343 2402
f 2344 2402 2343
f 2334 2403 2335
f 2377 2335 2403
f 2364 2322 2287
f 2330 2404 2384
f 2330 2402 2404
f 2405 2352 2353
f 2405 2353 2393
f 2300 2406 2339
f 2369 2407 2300
f 2300 2407 2406
f 2408 2349 2350
f 2408 2350 2386
f 2395 2363 2378
f 2409 2390 2391
f 2375 2390 2410
f 2409 2410 2390
f 2411 2328 2375
f 2411 2376 2328
f 2275 2412 2379
f 2315 2412 2275
f 2346 2413 2392
f 2361 2413 2346
f 2414 2382 2381
f 2415 2381 2383
f 2415 2414 2381
f 2416 2342 2379
f 2416 2380 2342
f 2382 2417 2394
f 2414 2418 2382
f 2382 2418 2417
f 2294 2319 2419
f 2294 2420 2397
f 2294 2419 2420
f 2421 2383 2392
f 2421 2415 2383
f 2376 2364 2314
f 2388 2389 2422
f 2391 2388 2423
f 2388 2422 2423
f 2405 2370 2352
f 2404 2387 2384
f 2404 2399 2387
f 2377 2424 2378
f 2395 2378 2424
f 2422 2389 2396
f 2425 2393 2394
f 2425 2394 2417
f 2426 2334 2365
f 2334 2427 2403
f 2426 2427 2334
f 2428 2320 2321
f 2428 2321 2400
f 2429 2338 2339
f 2429 2339 2406
f 2391 2423 2430
f 2409 2391 2430
f 2431 2385 2399
f 2431 2386 2385
f 2408 2369 2349
f 2419 2319 2325
f 2422 2396 2432
f 2395 2432 2396
f 2433 2392 2413
f 2433 2421 2392
f 2425 2405 2393
f 2414 2423 2418
f 2414 2430 2423
f 2415 2430 2414
f 2422 2418 2423
f 2422 2417 2418
f 2411 2375 2410
f 2377 2434 2424
f 2435 2377 2403
f 2435 2434 2377
f 2415 2436 2430
f 2409 2430 2436
f 2405 2437 2370
f 2370 2438 2401
f 2370 2437 2438
f 2422 2425 2417
f 2344 2439 2402
f 2344 2397 2440
f 2344 2440 2439
f 2422 2432 2425
f 2326 2398 2291
f 2426 2365 2372
f 2322 2441 2366
f 2364 2442 2322
f 2322 2442 2441
f 2421 2436 2415
f 2404 2402 2439
f 2395 2443 2432
f 2444 2395 2424
f 2444 2443 2395
f 2324 2445 2325
f 2419 2325 2445
f 2429 2351 2338
f 2345 2320 2428
f 2446 2410 2409
f 2411 2410 2447
f 2446 2447 2410
f 2425 2448 2405
f 2405 2448 2449
f 2405 2449 2437
f 2425 2432 2443
f 2425 2443 2448
f 2361 2450 2413
f 2380 2450 2361
f 2404 2431 2399
f 2371 2451 2372
f 2426 2372 2451
f 2446 2409 2436
f 2431 2408 2386
f 2408 2452 2369
f 2369 2453 2407
f 2369 2452 2453
f 2324 2348 2454
f 2324 2455 2445
f 2324 2454 2455
f 2456 2379 2412
f 2456 2416 2379
f 2444 2424 2434
f 2421 2457 2436
f 2446 2436 2457
f 2315 2458 2412
f 2362 2458 2315
f 2351 2459 2374
f 2429 2460 2351
f 2351 2460 2459
f 2444 2448 2443
f 2444 2449 2448
f 2404 2461 2431
f 2404 2439 2461
f 2435 2403 2427
f 2462 2371 2373
f 2371 2463 2451
f 2462 2463 2371
f 2376 2464 2364
f 2465 2376 2411
f 2465 2464 2376
f 2466 2400 2401
f 2466 2401 2438
f 2462 2373 2374
f 2462 2374 2459
f 2454 2348 2356
f 2467 2437 2449
f 2467 2438 2437
f 2345 2468 2368
f 2345 2428 2469
f 2345 2469 2468
f 2470 2433 2413
f 2470 2413 2450
f 2433 2457 2421
f 2364 2471 2442
f 2364 2464 2471
f 2440 2397 2420
f 2444 2434 2472
f 2435 2472 2434
f 2467 2449 2444
f 2467 2444 2472
f 2355 2473 2356
f 2454 2356 2473
f 2326 2474 2398
f 2355 2367 2475
f 2355 2476 2473
f 2355 2475 2476
f 2431 2477 2408
f 2408 2478 2452
f 2408 2477 2478
f 2479 2406 2407
f 2479 2407 2453
f 2431 2461 2480
f 2431 2480 2477
f 2475 2367 2368
f 2475 2368 2468
f 2435 2427 2481
f 2426 2481 2427
f 2440 2461 2439
f 2428 2400 2466
f 2465 2411 2447
f 2466 2438 2467
f 2435 2482 2472
f 2467 2472 2482
f 2483 2446 2457
f 2433 2484 2457
f 2483 2457 2484
f 2440 2480 2461
f 2485 2482 2435
f 2485 2435 2481
f 2380 2486 2450
f 2416 2486 2380
f 2440 2420 2487
f 2419 2487 2420
f 2467 2482 2488
f 2466 2467 2488
f 2483 2447 2446
f 2465 2447 2489
f 2483 2489 2447
f 2490 2412 2458
f 2490 2456 2412
f 2426 2491 2481
f 2492 2426 2451
f 2492 2491 2426
f 2479 2429 2406
f 2493 2453 2452
f 2493 2452 2478
f 2398 2494 2362
f 2362 2494 2458
f 2495 2477 2480
f 2495 2478 2477
f 2440 2495 2480
f 2440 2487 2495
f 2419 2445 2496
f 2419 2497 2487
f 2419 2496 2497
f 2485 2488 2482
f 2470 2484 2433
f 2428 2466 2498
f 2428 2499 2469
f 2428 2498 2499
f 2485 2481 2491
f 2441 2442 2471
f 2500 2464 2465
f 2500 2471 2464
f 2501 2450 2486
f 2501 2470 2450
f 2466 2488 2502
f 2466 2502 2498
f 2492 2451 2463
f 2485 2502 2488
f 2429 2503 2460
f 2479 2504 2429
f 2429 2504 2503
f 2496 2445 2455
f 2493 2479 2453
f 2495 2493 2478
f 2462 2505 2463
f 2492 2463 2505
f 2506 2459 2460
f 2506 2460 2503
f 2495 2487 2497
f 2506 2462 2459
f 2462 2507 2505
f 2506 2507 2462
f 2485 2491 2508
f 2509 2502 2485
f 2509 2485 2508
f 2510 2468 2469
f 2510 2469 2499
f 2492 2508 2491
f 2454 2511 2455
f 2496 2455 2511
f 2495 2512 2493
f 2495 2497 2512
f 2509 2498 2502
f 2509 2499 2498
f 2513 2483 2484
f 2470 2514 2484
f 2513 2484 2514
f 2416 2515 2486
f 2456 2515 2416
f 2398 2474 2516
f 2398 2516 2494
f 2454 2473 2517
f 2454 2518 2511
f 2454 2517 2518
f 2500 2465 2489
f 2493 2519 2479
f 2493 2512 2520
f 2493 2520 2519
f 2479 2521 2504
f 2479 2519 2521
f 2522 2458 2494
f 2522 2490 2458
f 2475 2468 2510
f 2496 2512 2497
f 2517 2473 2476
f 2441 2471 2523
f 2524 2441 2523
f 2513 2489 2483
f 2492 2525 2508
f 2526 2492 2505
f 2526 2525 2492
f 2509 2508 2525
f 2475 2527 2476
f 2475 2510 2528
f 2475 2528 2527
f 2517 2476 2527
f 2496 2520 2512
f 2500 2489 2529
f 2513 2529 2489
f 2530 2503 2504
f 2530 2504 2521
f 2510 2499 2509
f 2496 2531 2520
f 2496 2511 2531
f 2509 2525 2532
f 2510 2509 2532
f 2531 2519 2520
f 2531 2521 2519
f 2526 2505 2507
f 2533 2486 2515
f 2533 2501 2486
f 2501 2514 2470
f 2534 2471 2500
f 2534 2523 2471
f 2530 2506 2503
f 2526 2532 2525
f 2506 2535 2507
f 2526 2507 2535
f 2531 2511 2518
f 2530 2536 2506
f 2506 2536 2535
f 2510 2532 2537
f 2510 2537 2528
f 2526 2537 2532
f 2531 2530 2521
f 2456 2538 2515
f 2490 2538 2456
f 2531 2518 2539
f 2517 2539 2518
f 2540 2527 2528
f 2540 2528 2537
f 2540 2537 2526
f 2540 2526 2535
f 2516 2522 2494
f 2531 2539 2530
f 2517 2527 2540
f 2517 2541 2539
f 2517 2540 2541
f 2530 2541 2536
f 2530 2539 2541
f 2540 2535 2536
f 2540 2536 2541
f 2542 2513 2514
f 2501 2543 2514
f 2542 2514 2543
f 2534 2500 2529
f 2544 2515 2538
f 2544 2533 2515
f 2542 2529 2513
f 2545 2524 2523
f 2545 2523 2534
f 2490 2546 2538
f 2522 2546 2490
f 2533 2543 2501
f 2534 2529 2547
f 2542 2547 2529
f 2516 2548 2522
f 2549 2538 2546
f 2549 2544 2538
f 2548 2550 2522
f 2522 2550 2551
f 2522 2551 2546
f 2533 2552 2543
f 2553 2542 2543
f 2553 2543 2552
f 2554 2534 2547
f 2554 2545 2534
f 2544 2552 2533
f 2553 2547 2542
f 2551 2549 2546
f 2554 2547 2555
f 2553 2555 2547
f 2544 2556 2552
f 2549 2556 2544
f 2557 2553 2552
f 2557 2552 2556
f 2558 2554 2555
f 2549 2559 2556
f 2560 2555 2553
f 2557 2560 2553
f 2560 2558 2555
f 2559 2557 2556
