# 
# Wavefront OBJ file
# Created with Kaydara FBX
# 
mtllib c:\users\tjvan\onedrive\documenten\fontys\minor\nx\.mtlmodels\cutaneous_br_of_anterior_br_of_obturator_nerve.r.obj

g Cutaneous_br_of_Anterior_br_of_Obturator_nerve_r
v -0.022185 0.511132 -0.046779
v -0.022292 0.509807 -0.047158
v -0.022310 0.509808 -0.047155
v -0.022224 0.511127 -0.046748
v -0.022313 0.509803 -0.047138
v -0.022208 0.511134 -0.046777
v -0.022222 0.511132 -0.046766
v -0.022161 0.511127 -0.046771
v -0.022281 0.509804 -0.047150
v -0.022140 0.511121 -0.046756
v -0.022274 0.509801 -0.047140
v -0.022130 0.511114 -0.046737
v -0.022277 0.509795 -0.047123
v -0.022214 0.511120 -0.046729
v -0.022305 0.509799 -0.047127
v -0.022169 0.511109 -0.046706
v -0.022295 0.509796 -0.047120
v -0.022132 0.511109 -0.046720
v -0.022146 0.511107 -0.046708
v -0.022193 0.511113 -0.046714
v -0.022077 0.512758 -0.046297
v -0.022045 0.512758 -0.046309
v -0.022092 0.512753 -0.046276
v -0.022088 0.512745 -0.046250
v -0.022065 0.512736 -0.046227
v -0.022006 0.512754 -0.046308
v -0.021970 0.512746 -0.046294
v -0.021947 0.512737 -0.046271
v -0.021942 0.512729 -0.046246
v -0.021958 0.512724 -0.046224
v -0.022029 0.512728 -0.046213
v -0.021990 0.512724 -0.046212
v -0.021921 0.514639 -0.045685
v -0.021909 0.514648 -0.045718
v -0.021906 0.514628 -0.045654
v -0.021867 0.514618 -0.045633
v -0.021873 0.514652 -0.045745
v -0.021816 0.514611 -0.045629
v -0.021822 0.514651 -0.045757
v -0.021770 0.514644 -0.045753
v -0.021765 0.514609 -0.045641
v -0.021732 0.514633 -0.045732
v -0.021728 0.514613 -0.045668
v -0.021716 0.514622 -0.045701
v -0.021707 0.516758 -0.044996
v -0.021704 0.516771 -0.045039
v -0.021677 0.516745 -0.044964
v -0.021669 0.516781 -0.045083
v -0.021623 0.516735 -0.044952
v -0.021612 0.516784 -0.045114
v -0.021558 0.516732 -0.044964
v -0.021548 0.516781 -0.045126
v -0.021501 0.516735 -0.044996
v -0.021494 0.516771 -0.045115
v -0.021467 0.516745 -0.045039
v -0.021464 0.516758 -0.045083
v -0.021459 0.519094 -0.044261
v -0.021447 0.519076 -0.044211
v -0.021434 0.519110 -0.044322
v -0.021402 0.519062 -0.044184
v -0.021379 0.519122 -0.044376
v -0.021334 0.519056 -0.044188
v -0.021308 0.519124 -0.044410
v -0.021264 0.519058 -0.044222
v -0.021240 0.519118 -0.044414
v -0.021208 0.519070 -0.044277
v -0.021195 0.519104 -0.044388
v -0.021183 0.519086 -0.044337
v -0.021174 0.521583 -0.043388
v -0.021166 0.521607 -0.043463
v -0.021144 0.521562 -0.043336
v -0.021121 0.521628 -0.043540
v -0.021083 0.521550 -0.043321
v -0.021053 0.521640 -0.043600
v -0.021008 0.521550 -0.043346
v -0.020978 0.521640 -0.043625
v -0.020939 0.521562 -0.043406
v -0.020917 0.521628 -0.043610
v -0.020895 0.521583 -0.043483
v -0.020887 0.521607 -0.043558
v -0.020864 0.524240 -0.042508
v -0.020849 0.524208 -0.042425
v -0.020841 0.524271 -0.042605
v -0.020798 0.524186 -0.042378
v -0.020784 0.524294 -0.042690
v -0.020726 0.524178 -0.042380
v -0.020709 0.524303 -0.042740
v -0.020651 0.524186 -0.042430
v -0.020637 0.524295 -0.042742
v -0.020594 0.524210 -0.042515
v -0.020586 0.524273 -0.042695
v -0.020571 0.524241 -0.042612
v -0.020530 0.526975 -0.041462
v -0.020536 0.527017 -0.041572
v -0.020486 0.526939 -0.041378
v -0.020502 0.527053 -0.041679
v -0.020415 0.526917 -0.041343
v -0.020437 0.527073 -0.041754
v -0.020336 0.526916 -0.041366
v -0.020358 0.527072 -0.041777
v -0.020271 0.526936 -0.041441
v -0.020287 0.527051 -0.041742
v -0.020237 0.526972 -0.041548
v -0.020243 0.527014 -0.041659
v -0.020207 0.529833 -0.040442
v -0.020165 0.529783 -0.040329
v -0.020205 0.529881 -0.040564
v -0.020159 0.529914 -0.040662
v -0.020090 0.529744 -0.040254
v -0.020002 0.529727 -0.040238
v -0.020081 0.529923 -0.040709
v -0.019993 0.529906 -0.040693
v -0.019925 0.529736 -0.040285
v -0.019879 0.529769 -0.040382
v -0.019918 0.529867 -0.040618
v -0.019876 0.529817 -0.040504
v -0.019891 0.532745 -0.039347
v -0.019854 0.532687 -0.039220
v -0.019873 0.532791 -0.039461
v -0.019773 0.532632 -0.039115
v -0.019806 0.532812 -0.039531
v -0.019668 0.532595 -0.039058
v -0.019706 0.532803 -0.039540
v -0.019569 0.532587 -0.039067
v -0.019602 0.532767 -0.039484
v -0.019501 0.532608 -0.039138
v -0.019483 0.532654 -0.039251
v -0.019520 0.532712 -0.039378
v -0.019560 0.535611 -0.038030
v -0.019479 0.535550 -0.037909
v -0.019578 0.535664 -0.038153
v -0.019529 0.535697 -0.038245
v -0.019426 0.535699 -0.038281
v -0.019358 0.535500 -0.037822
v -0.019297 0.535672 -0.038253
v -0.019229 0.535472 -0.037793
v -0.019126 0.535475 -0.037830
v -0.019077 0.535508 -0.037922
v -0.019095 0.535561 -0.038045
v -0.019175 0.535621 -0.038166
v -0.019043 0.537187 -0.037104
v -0.018937 0.537187 -0.037136
v -0.019172 0.537214 -0.037141
v -0.018883 0.537213 -0.037229
v -0.019290 0.537260 -0.037236
v -0.019365 0.537314 -0.037366
v -0.018895 0.537260 -0.037357
v -0.018971 0.537314 -0.037486
v -0.019377 0.537361 -0.037494
v -0.019088 0.537361 -0.037582
v -0.019323 0.537388 -0.037586
v -0.019217 0.537388 -0.037618
v -0.018863 0.539083 -0.036505
v -0.018755 0.539080 -0.036533
v -0.018992 0.539108 -0.036550
v -0.018696 0.539101 -0.036625
v -0.019106 0.539149 -0.036655
v -0.018702 0.539139 -0.036758
v -0.019175 0.539195 -0.036793
v -0.018772 0.539184 -0.036895
v -0.019181 0.539233 -0.036925
v -0.018886 0.539225 -0.037001
v -0.019122 0.539253 -0.037018
v -0.019014 0.539251 -0.037045
v -0.018809 0.541188 -0.036019
v -0.018682 0.541164 -0.035966
v -0.018919 0.541226 -0.036133
v -0.018982 0.541266 -0.036277
v -0.018982 0.541298 -0.036413
v -0.018680 0.541285 -0.036474
v -0.018570 0.541248 -0.036360
v -0.018917 0.541314 -0.036504
v -0.018807 0.541309 -0.036526
v -0.018722 0.543503 -0.035635
v -0.018617 0.543468 -0.035514
v -0.018778 0.543540 -0.035785
v -0.018770 0.543569 -0.035923
v -0.018700 0.543582 -0.036012
v -0.018588 0.543576 -0.036029
v -0.018462 0.543552 -0.035969
v -0.018572 0.541159 -0.035989
v -0.018508 0.541175 -0.036080
v -0.018507 0.541208 -0.036216
v -0.018491 0.543444 -0.035454
v -0.018358 0.543516 -0.035848
v -0.018553 0.546031 -0.035284
v -0.018505 0.545995 -0.035130
v -0.018538 0.546058 -0.035423
v -0.018463 0.546069 -0.035510
v -0.018349 0.546061 -0.035521
v -0.018379 0.543437 -0.035471
v -0.018301 0.543479 -0.035699
v -0.018405 0.545959 -0.035002
v -0.018226 0.546036 -0.035454
v -0.018278 0.548777 -0.034880
v -0.018301 0.548750 -0.034740
v -0.018198 0.548787 -0.034964
v -0.018309 0.543450 -0.035561
v -0.018282 0.545934 -0.034934
v -0.018260 0.548713 -0.034582
v -0.018126 0.546001 -0.035326
v -0.018082 0.548777 -0.034970
v -0.018167 0.548676 -0.034448
v -0.018168 0.545926 -0.034946
v -0.018093 0.545937 -0.035033
v -0.018078 0.545965 -0.035172
v -0.018046 0.548650 -0.034374
v -0.017962 0.548751 -0.034896
v -0.017868 0.548714 -0.034762
v -0.018012 0.551710 -0.034122
v -0.017979 0.551672 -0.033960
v -0.017981 0.551738 -0.034261
v -0.017896 0.551748 -0.034342
v -0.017779 0.551736 -0.034342
v -0.017930 0.548640 -0.034380
v -0.017893 0.551632 -0.033821
v -0.017850 0.548650 -0.034464
v -0.017828 0.548677 -0.034603
v -0.017662 0.551706 -0.034261
v -0.017775 0.551602 -0.033740
v -0.017659 0.551590 -0.033740
v -0.017575 0.551667 -0.034121
v -0.017655 0.554882 -0.033230
v -0.017575 0.554839 -0.033086
v -0.017678 0.554924 -0.033394
v -0.017640 0.554954 -0.033533
v -0.017550 0.554963 -0.033610
v -0.017432 0.554949 -0.033604
v -0.017573 0.551600 -0.033820
v -0.017543 0.551628 -0.033960
v -0.017462 0.554805 -0.032999
v -0.017318 0.554915 -0.033517
v -0.017344 0.554791 -0.032993
v -0.017239 0.554872 -0.033372
v -0.017292 0.558404 -0.032525
v -0.017277 0.558358 -0.032359
v -0.017245 0.558435 -0.032662
v -0.017150 0.558444 -0.032735
v -0.017254 0.554800 -0.033069
v -0.017215 0.554830 -0.033208
v -0.017206 0.558310 -0.032210
v -0.017032 0.558427 -0.032723
v -0.017096 0.558272 -0.032117
v -0.016923 0.558390 -0.032630
v -0.016978 0.558255 -0.032105
v -0.016851 0.558341 -0.032481
v -0.016845 0.562161 -0.031481
v -0.016790 0.562194 -0.031616
v -0.016840 0.562111 -0.031314
v -0.016883 0.558264 -0.032178
v -0.016837 0.558295 -0.032315
v -0.016776 0.562057 -0.031161
v -0.016690 0.562202 -0.031684
v -0.016572 0.562183 -0.031667
v -0.016671 0.562015 -0.031062
v -0.016467 0.562141 -0.031568
v -0.016553 0.561996 -0.031045
v -0.016404 0.562088 -0.031415
v -0.016453 0.562004 -0.031113
v -0.016399 0.562037 -0.031248
v -0.016328 0.566208 -0.030228
v -0.016333 0.566154 -0.030061
v -0.016265 0.566244 -0.030361
v -0.016278 0.566095 -0.029905
v -0.016161 0.566251 -0.030425
v -0.016178 0.566048 -0.029801
v -0.016043 0.566228 -0.030401
v -0.016060 0.566025 -0.029778
v -0.015944 0.566181 -0.030298
v -0.015956 0.566032 -0.029841
v -0.015889 0.566122 -0.030141
v -0.015893 0.566068 -0.029974
v -0.015734 0.570558 -0.028735
v -0.015749 0.570499 -0.028568
v -0.015663 0.570596 -0.028865
v -0.015703 0.570435 -0.028409
v -0.015555 0.570602 -0.028923
v -0.015609 0.570383 -0.028300
v -0.015438 0.570575 -0.028894
v -0.015492 0.570356 -0.028271
v -0.015344 0.570522 -0.028786
v -0.015383 0.570362 -0.028330
v -0.015298 0.570458 -0.028627
v -0.015312 0.570399 -0.028460
v -0.013152 0.721836 0.013388
v -0.013762 0.721792 0.013174
v -0.013746 0.721542 0.013027
v -0.012417 0.724693 0.008527
v -0.013041 0.721593 0.013274
v -0.013635 0.721298 0.012913
v -0.012312 0.724486 0.008389
v -0.013327 0.722008 0.013438
v -0.013679 0.721982 0.013315
v -0.012433 0.724906 0.008693
v -0.013520 0.722061 0.013411
v -0.012357 0.725067 0.008842
v -0.013025 0.721342 0.013127
v -0.013459 0.721127 0.012863
v -0.012147 0.724340 0.008317
v -0.012208 0.725133 0.008935
v -0.013107 0.721152 0.012986
v -0.013266 0.721073 0.012889
v -0.011966 0.724293 0.008328
v -0.012026 0.725086 0.008947
v -0.011817 0.724360 0.008421
v -0.011861 0.724940 0.008874
v -0.011740 0.724520 0.008571
v -0.011756 0.724733 0.008737
v -0.011487 0.728059 0.004877
v -0.011390 0.727890 0.004722
v -0.011502 0.728232 0.005056
v -0.011430 0.728363 0.005210
v -0.011236 0.727772 0.004631
v -0.011291 0.728417 0.005298
v -0.012098 0.760847 -0.007563
v -0.012173 0.763967 -0.008652
v -0.012167 0.763952 -0.008689
v -0.012077 0.763983 -0.008616
v -0.012086 0.760831 -0.007621
v -0.012148 0.763941 -0.008716
v -0.012070 0.763968 -0.008653
v -0.012088 0.760866 -0.007505
v -0.012166 0.763983 -0.008616
v -0.012095 0.763994 -0.008589
v -0.012147 0.763994 -0.008589
v -0.012121 0.763998 -0.008579
v -0.012060 0.760880 -0.007463
v -0.011067 0.727734 0.004629
v -0.012077 0.763952 -0.008689
v -0.012122 0.763937 -0.008726
v -0.012056 0.760819 -0.007663
v -0.012096 0.763941 -0.008716
v -0.012016 0.760817 -0.007678
v -0.012021 0.760887 -0.007447
v -0.011982 0.760884 -0.007463
v -0.011879 0.757504 -0.006702
v -0.011861 0.757487 -0.006780
v -0.011868 0.757524 -0.006623
v -0.011832 0.757541 -0.006565
v -0.011977 0.760824 -0.007662
v -0.011950 0.760838 -0.007620
v -0.011940 0.760856 -0.007562
v -0.011952 0.760873 -0.007505
v -0.011820 0.757477 -0.006837
v -0.011781 0.757550 -0.006542
v -0.011122 0.728380 0.005296
v -0.011767 0.757477 -0.006857
v -0.011727 0.757550 -0.006562
v -0.010928 0.727789 0.004717
v -0.011715 0.757487 -0.006835
v -0.011679 0.757504 -0.006776
v -0.011669 0.757523 -0.006697
v -0.011686 0.757540 -0.006619
v -0.010968 0.728261 0.005205
v -0.011572 0.753983 -0.005962
v -0.011548 0.753965 -0.006060
v -0.011561 0.754005 -0.005862
v -0.011518 0.754024 -0.005787
v -0.010856 0.727920 0.004871
v -0.011495 0.753956 -0.006131
v -0.011454 0.754037 -0.005757
v -0.011427 0.753958 -0.006154
v -0.011386 0.754039 -0.005781
v -0.010871 0.728092 0.005050
v -0.011333 0.754029 -0.005851
v -0.011363 0.753970 -0.006125
v -0.011320 0.753990 -0.006050
v -0.011309 0.754011 -0.005950
v -0.011231 0.750329 -0.005235
v -0.011198 0.750307 -0.005352
v -0.011221 0.750355 -0.005114
v -0.011171 0.750379 -0.005023
v -0.010900 0.731595 0.001969
v -0.010813 0.731465 0.001803
v -0.010912 0.731729 0.002154
v -0.011132 0.750296 -0.005435
v -0.011095 0.750394 -0.004985
v -0.010844 0.731831 0.002307
v -0.011050 0.750298 -0.005461
v -0.011013 0.750397 -0.005011
v -0.010672 0.731374 0.001700
v -0.010974 0.750313 -0.005424
v -0.010925 0.750337 -0.005332
v -0.010915 0.750364 -0.005212
v -0.010947 0.750386 -0.005094
v -0.010715 0.731875 0.002388
v -0.010516 0.731347 0.001688
v -0.010559 0.731848 0.002375
v -0.010867 0.746555 -0.004548
v -0.010787 0.746538 -0.004642
v -0.010909 0.746585 -0.004413
v -0.010902 0.746620 -0.004273
v -0.010847 0.746651 -0.004165
v -0.010760 0.746670 -0.004119
v -0.010387 0.731391 0.001769
v -0.010663 0.746671 -0.004147
v -0.010691 0.746539 -0.004670
v -0.010583 0.746654 -0.004241
v -0.010319 0.731494 0.001922
v -0.010330 0.731628 0.002106
v -0.010418 0.731758 0.002272
v -0.010527 0.735163 -0.000473
v -0.010401 0.735099 -0.000582
v -0.010603 0.735258 -0.000306
v -0.010610 0.735357 -0.000124
v -0.010545 0.735435 0.000023
v -0.010609 0.742752 -0.003540
v -0.010514 0.742725 -0.003643
v -0.010662 0.742796 -0.003389
v -0.010658 0.742846 -0.003231
v -0.010599 0.742888 -0.003108
v -0.010501 0.742910 -0.003053
v -0.010389 0.742908 -0.003081
v -0.010603 0.746558 -0.004624
v -0.010548 0.746589 -0.004516
v -0.010541 0.746624 -0.004376
v -0.010259 0.735082 -0.000603
v -0.010140 0.735117 -0.000530
v -0.010426 0.735470 0.000096
v -0.010284 0.735453 0.000076
v -0.010477 0.738940 -0.002218
v -0.010367 0.738898 -0.002326
v -0.010542 0.739006 -0.002056
v -0.010543 0.739077 -0.001883
v -0.010481 0.739134 -0.001747
v -0.010372 0.739162 -0.001683
v -0.010402 0.742723 -0.003670
v -0.010245 0.739154 -0.001708
v -0.010304 0.742745 -0.003615
v -0.010245 0.742787 -0.003492
v -0.010241 0.742837 -0.003334
v -0.010294 0.742881 -0.003184
v -0.010075 0.735194 -0.000383
v -0.010158 0.735388 -0.000033
v -0.010240 0.738889 -0.002352
v -0.010135 0.739111 -0.001816
v -0.010082 0.735294 -0.000201
v -0.010131 0.738917 -0.002288
v -0.010070 0.739045 -0.001979
v -0.010069 0.738974 -0.002151
v -0.013828 0.662038 -0.037121
v -0.013813 0.662040 -0.037126
v -0.013800 0.662034 -0.037123
v -0.013061 0.665726 -0.033490
v -0.013085 0.665735 -0.033497
v -0.013840 0.662027 -0.037110
v -0.013790 0.662020 -0.037114
v -0.013044 0.665706 -0.033470
v -0.013110 0.665732 -0.033488
v -0.013845 0.662011 -0.037096
v -0.013788 0.662002 -0.037100
v -0.013039 0.665680 -0.033441
v -0.013129 0.665716 -0.033465
v -0.013843 0.661993 -0.037082
v -0.013794 0.661986 -0.037085
v -0.013047 0.665657 -0.033411
v -0.013137 0.665693 -0.033436
v -0.013834 0.661979 -0.037072
v -0.013805 0.661975 -0.037074
v -0.013066 0.665641 -0.033389
v -0.013132 0.665667 -0.033407
v -0.013820 0.661973 -0.037070
v -0.013091 0.665638 -0.033380
v -0.013115 0.665647 -0.033387
v -0.012504 0.670373 -0.030083
v -0.012496 0.670343 -0.030038
v -0.012494 0.670401 -0.030129
v -0.012468 0.670420 -0.030163
v -0.012471 0.670319 -0.030005
v -0.012432 0.670424 -0.030177
v -0.012436 0.670308 -0.029995
v -0.012398 0.670413 -0.030166
v -0.012401 0.670312 -0.030008
v -0.012373 0.670389 -0.030134
v -0.012374 0.670331 -0.030043
v -0.012364 0.670359 -0.030089
v -0.011950 0.675827 -0.026963
v -0.011938 0.675793 -0.026901
v -0.011938 0.675859 -0.027025
v -0.011905 0.675880 -0.027071
v -0.011905 0.675767 -0.026857
v -0.011859 0.675754 -0.026842
v -0.011859 0.675886 -0.027090
v -0.011813 0.675874 -0.027075
v -0.011814 0.675760 -0.026861
v -0.011780 0.675782 -0.026907
v -0.011768 0.675814 -0.026969
v -0.011780 0.675847 -0.027031
v -0.011462 0.681792 -0.023925
v -0.011421 0.681763 -0.023869
v -0.011478 0.681830 -0.024002
v -0.011464 0.681866 -0.024080
v -0.011424 0.681890 -0.024139
v -0.011368 0.681897 -0.024161
v -0.011365 0.681750 -0.023851
v -0.011312 0.681884 -0.024143
v -0.011309 0.681757 -0.023874
v -0.011270 0.681855 -0.024087
v -0.011268 0.681781 -0.023932
v -0.011254 0.681817 -0.024010
v -0.011092 0.688157 -0.021127
v -0.011077 0.688198 -0.021221
v -0.011073 0.688114 -0.021035
v -0.011022 0.688081 -0.020969
v -0.011029 0.688227 -0.021291
v -0.010963 0.688235 -0.021319
v -0.010955 0.688068 -0.020947
v -0.010889 0.688076 -0.020974
v -0.010896 0.688221 -0.021296
v -0.010846 0.688189 -0.021230
v -0.010842 0.688105 -0.021044
v -0.010826 0.688146 -0.021138
v -0.010796 0.694582 -0.018266
v -0.010772 0.694533 -0.018160
v -0.010778 0.694630 -0.018374
v -0.010724 0.694665 -0.018455
v -0.011078 0.722786 0.002645
v -0.010779 0.720297 -0.001597
v -0.011094 0.722582 0.002715
v -0.010598 0.722843 0.002662
v -0.010730 0.720139 -0.001483
v -0.011036 0.722386 0.002788
v -0.010540 0.722647 0.002735
v -0.010992 0.722945 0.002596
v -0.010760 0.720461 -0.001711
v -0.010715 0.722978 0.002606
v -0.010713 0.694495 -0.018083
v -0.010648 0.694676 -0.018487
v -0.010625 0.720030 -0.001400
v -0.010919 0.722251 0.002844
v -0.010556 0.722443 0.002805
v -0.010676 0.720587 -0.001795
v -0.010859 0.723015 0.002582
v -0.010635 0.694480 -0.018058
v -0.010559 0.694492 -0.018090
v -0.010506 0.694526 -0.018170
v -0.010488 0.694574 -0.018279
v -0.010512 0.694624 -0.018385
v -0.010571 0.694661 -0.018461
v -0.010592 0.700880 -0.015344
v -0.010564 0.700821 -0.015225
v -0.010573 0.700939 -0.015465
v -0.010513 0.700981 -0.015556
v -0.010575 0.716761 -0.005487
v -0.010533 0.716640 -0.005355
v -0.010554 0.716886 -0.005622
v -0.010493 0.719998 -0.001370
v -0.010774 0.722214 0.002868
v -0.010642 0.722284 0.002854
v -0.010368 0.720053 -0.001401
v -0.010552 0.720642 -0.001826
v -0.010408 0.700761 -0.015111
v -0.010497 0.700778 -0.015140
v -0.010322 0.700776 -0.015147
v -0.010262 0.700819 -0.015238
v -0.010243 0.700878 -0.015359
v -0.010271 0.700937 -0.015478
v -0.010338 0.700980 -0.015563
v -0.010427 0.700997 -0.015592
v -0.010453 0.706754 -0.012159
v -0.010377 0.706701 -0.012067
v -0.010485 0.706827 -0.012289
v -0.010465 0.706900 -0.012421
v -0.010398 0.706954 -0.012519
v -0.010302 0.706975 -0.012558
v -0.010479 0.712195 -0.009027
v -0.010441 0.712102 -0.008892
v -0.010458 0.712290 -0.009165
v -0.010384 0.712361 -0.009268
v -0.010356 0.712036 -0.008795
v -0.010475 0.716981 -0.005722
v -0.010438 0.716555 -0.005259
v -0.010317 0.716528 -0.005227
v -0.010246 0.712014 -0.008763
v -0.010360 0.717020 -0.005761
v -0.010201 0.716568 -0.005266
v -0.010419 0.720610 -0.001796
v -0.010285 0.720179 -0.001485
v -0.010265 0.720343 -0.001599
v -0.010314 0.720501 -0.001713
v -0.010277 0.706682 -0.012036
v -0.010203 0.706956 -0.012528
v -0.010278 0.712390 -0.009309
v -0.010239 0.716994 -0.005728
v -0.010122 0.716663 -0.005366
v -0.010181 0.706703 -0.012075
v -0.010114 0.706757 -0.012174
v -0.010127 0.706904 -0.012435
v -0.010094 0.706831 -0.012305
v -0.010168 0.712368 -0.009276
v -0.010140 0.712043 -0.008803
v -0.010101 0.716788 -0.005500
v -0.010144 0.716909 -0.005633
v -0.010083 0.712302 -0.009179
v -0.010067 0.712114 -0.008906
v -0.010046 0.712209 -0.009044
v -0.020230 0.665793 0.011811
v -0.019203 0.663206 0.009900
v -0.020151 0.665664 0.011998
v -0.019377 0.665905 0.012033
v -0.020157 0.665991 0.011602
v -0.019280 0.663330 0.009719
v -0.019172 0.666122 0.011859
v -0.019002 0.663188 0.010014
v -0.019942 0.665641 0.012113
v -0.019659 0.665730 0.012126
v -0.019952 0.666208 0.011428
v -0.019213 0.663527 0.009522
v -0.019099 0.666321 0.011651
v -0.018731 0.663283 0.010032
v -0.019020 0.663746 0.009359
v -0.019670 0.666384 0.011335
v -0.019177 0.666449 0.011464
v -0.018099 0.661140 0.008195
v -0.017840 0.661238 0.008217
v -0.018292 0.661152 0.008082
v -0.018369 0.661272 0.007909
v -0.018307 0.661467 0.007720
v -0.018751 0.663926 0.009276
v -0.018124 0.661685 0.007568
v -0.018462 0.663463 0.009949
v -0.018268 0.663681 0.009786
v -0.018201 0.663879 0.009588
v -0.018279 0.664003 0.009408
v -0.019386 0.666472 0.011348
v -0.018480 0.664020 0.009294
v -0.017585 0.661421 0.008142
v -0.017869 0.661868 0.007493
v -0.017402 0.661640 0.007990
v -0.017610 0.661967 0.007515
v -0.017423 0.659384 0.006477
v -0.017497 0.659499 0.006309
v -0.017236 0.659376 0.006588
v -0.017440 0.659690 0.006129
v -0.017340 0.661835 0.007802
v -0.017416 0.661955 0.007628
v -0.016988 0.659476 0.006611
v -0.017267 0.659905 0.005984
v -0.016745 0.659659 0.006541
v -0.017024 0.660087 0.005914
v -0.016572 0.659874 0.006397
v -0.016776 0.660187 0.005938
v -0.016597 0.657784 0.005014
v -0.016669 0.657893 0.004851
v -0.016417 0.657777 0.005120
v -0.016616 0.658076 0.004676
v -0.016515 0.660064 0.006216
v -0.016590 0.660179 0.006048
v -0.016450 0.658284 0.004535
v -0.016178 0.657875 0.005142
v -0.016216 0.658460 0.004467
v -0.015945 0.658052 0.005074
v -0.015978 0.658559 0.004489
v -0.015779 0.658260 0.004933
v -0.015887 0.656332 0.003463
v -0.015816 0.656228 0.003621
v -0.015835 0.656505 0.003291
v -0.015642 0.656222 0.003721
v -0.015725 0.658443 0.004758
v -0.015798 0.658552 0.004595
v -0.015674 0.656700 0.003150
v -0.015411 0.656313 0.003738
v -0.015448 0.656866 0.003079
v -0.015185 0.656480 0.003667
v -0.015024 0.656675 0.003526
v -0.015217 0.656958 0.003096
v -0.015081 0.654594 0.002224
v -0.015149 0.654692 0.002071
v -0.014912 0.654585 0.002317
v -0.015098 0.654852 0.001900
v -0.015043 0.656952 0.003197
v -0.014972 0.656848 0.003354
v -0.014941 0.655033 0.001757
v -0.014687 0.654668 0.002326
v -0.014721 0.655184 0.001680
v -0.014466 0.654819 0.002249
v -0.014309 0.654999 0.002106
v -0.014496 0.655266 0.001689
v -0.014456 0.652848 0.000599
v -0.014390 0.652756 0.000747
v -0.014406 0.652995 0.000429
v -0.014225 0.652744 0.000832
v -0.014258 0.655160 0.001935
v -0.014327 0.655257 0.001782
v -0.014252 0.653158 0.000282
v -0.014006 0.652815 0.000833
v -0.014038 0.653293 0.000198
v -0.013791 0.652950 0.000748
v -0.013818 0.653364 0.000199
v -0.013806 0.650674 -0.001028
v -0.013742 0.650587 -0.000886
v -0.013638 0.653113 0.000602
v -0.013757 0.650808 -0.001196
v -0.013582 0.650572 -0.000808
v -0.013654 0.653352 0.000284
v -0.013588 0.653260 0.000432
v -0.013608 0.650954 -0.001346
v -0.013370 0.650631 -0.000815
v -0.013400 0.651073 -0.001436
v -0.013162 0.650750 -0.000906
v -0.013138 0.647964 -0.002748
v -0.013200 0.648045 -0.002884
v -0.013013 0.650896 -0.001055
v -0.013187 0.651133 -0.001443
v -0.012984 0.647945 -0.002677
v -0.013153 0.648168 -0.003050
v -0.013028 0.651117 -0.001365
v -0.012964 0.651030 -0.001223
v -0.013010 0.648299 -0.003200
v -0.012779 0.647995 -0.002691
v -0.012809 0.648403 -0.003294
v -0.012579 0.648099 -0.002786
v -0.012640 0.644839 -0.005042
v -0.012581 0.644762 -0.004912
v -0.012605 0.648453 -0.003308
v -0.012596 0.644952 -0.005203
v -0.012436 0.648230 -0.002936
v -0.012433 0.644741 -0.004847
v -0.013025 0.601567 -0.033438
v -0.012767 0.601575 -0.033498
v -0.013002 0.601541 -0.033393
v -0.012587 0.606250 -0.030870
v -0.013011 0.601599 -0.033500
v -0.012753 0.601607 -0.033560
v -0.012572 0.606287 -0.030940
v -0.012451 0.648434 -0.003237
v -0.012813 0.601546 -0.033437
v -0.012949 0.601527 -0.033376
v -0.012562 0.606219 -0.030820
v -0.012964 0.601627 -0.033562
v -0.012776 0.601633 -0.033606
v -0.012519 0.606321 -0.031009
v -0.012459 0.645070 -0.005352
v -0.012389 0.648353 -0.003101
v -0.012236 0.644782 -0.004866
v -0.012897 0.601645 -0.033607
v -0.012828 0.601647 -0.033623
v -0.012443 0.606341 -0.031059
v -0.012880 0.601529 -0.033392
v -0.012502 0.606202 -0.030801
v -0.012365 0.606344 -0.031077
v -0.012424 0.606205 -0.030819
v -0.012306 0.606327 -0.031059
v -0.012349 0.606225 -0.030869
v -0.012267 0.645162 -0.005449
v -0.012296 0.606259 -0.030939
v -0.012280 0.606296 -0.031008
v -0.012044 0.644875 -0.004963
v -0.012071 0.640861 -0.007448
v -0.012129 0.640934 -0.007573
v -0.012197 0.610182 -0.028595
v -0.012169 0.610145 -0.028539
v -0.012180 0.610225 -0.028671
v -0.012121 0.610264 -0.028747
v -0.011929 0.640839 -0.007389
v -0.012087 0.641038 -0.007729
v -0.011907 0.644993 -0.005111
v -0.012071 0.645203 -0.005467
v -0.012103 0.610126 -0.028519
v -0.012036 0.610288 -0.028803
v -0.012016 0.610129 -0.028539
v -0.011949 0.610291 -0.028823
v -0.011742 0.640873 -0.007412
v -0.011957 0.641145 -0.007875
v -0.011863 0.645105 -0.005273
v -0.011923 0.645182 -0.005403
v -0.011931 0.610153 -0.028595
v -0.011882 0.610272 -0.028803
v -0.011872 0.610192 -0.028671
v -0.011854 0.610236 -0.028747
v -0.011774 0.641227 -0.007972
v -0.011559 0.640955 -0.007509
v -0.011858 0.613489 -0.026560
v -0.011838 0.613539 -0.026643
v -0.011827 0.613447 -0.026500
v -0.011773 0.613584 -0.026726
v -0.011679 0.613613 -0.026786
v -0.011611 0.636136 -0.010431
v -0.011667 0.636206 -0.010549
v -0.011754 0.613425 -0.026478
v -0.011476 0.636114 -0.010377
v -0.011628 0.636304 -0.010698
v -0.011587 0.641261 -0.007994
v -0.011657 0.613429 -0.026500
v -0.011583 0.613616 -0.026808
v -0.011429 0.641063 -0.007655
v -0.011564 0.613457 -0.026560
v -0.011510 0.613594 -0.026786
v -0.011298 0.636144 -0.010401
v -0.011506 0.636403 -0.010839
v -0.011387 0.641167 -0.007811
v -0.011445 0.641239 -0.007935
v -0.011499 0.613502 -0.026643
v -0.011479 0.613553 -0.026726
v -0.011573 0.616299 -0.024715
v -0.011550 0.616357 -0.024804
v -0.011539 0.616252 -0.024650
v -0.011479 0.616409 -0.024893
v -0.011376 0.616442 -0.024958
v -0.011332 0.636478 -0.010934
v -0.011459 0.616227 -0.024626
v -0.011124 0.636219 -0.010497
v -0.011353 0.616232 -0.024650
v -0.011271 0.616447 -0.024981
v -0.011338 0.632707 -0.012637
v -0.011391 0.632775 -0.012747
v -0.011209 0.632683 -0.012587
v -0.011354 0.632870 -0.012887
v -0.011251 0.616265 -0.024714
v -0.011191 0.616422 -0.024957
v -0.011345 0.618739 -0.023008
v -0.011309 0.618686 -0.022938
v -0.011321 0.618805 -0.023103
v -0.011242 0.618865 -0.023197
v -0.011001 0.636319 -0.010638
v -0.011154 0.636508 -0.010958
v -0.011179 0.616317 -0.024803
v -0.011157 0.616375 -0.024892
v -0.011131 0.618903 -0.023265
v -0.011040 0.632710 -0.012611
v -0.011238 0.632965 -0.013021
v -0.011222 0.618660 -0.022912
v -0.010963 0.636416 -0.010787
v -0.011019 0.636486 -0.010904
v -0.011107 0.618666 -0.022937
v -0.011016 0.618910 -0.023290
v -0.011179 0.620937 -0.021387
v -0.011140 0.620879 -0.021313
v -0.011152 0.621010 -0.021487
v -0.011068 0.621078 -0.021587
v -0.011147 0.629799 -0.014619
v -0.011025 0.629774 -0.014573
v -0.011197 0.629867 -0.014720
v -0.011163 0.629960 -0.014851
v -0.011073 0.633036 -0.013111
v -0.010875 0.632781 -0.012702
v -0.010929 0.618883 -0.023263
v -0.010996 0.618705 -0.023005
v -0.010917 0.618765 -0.023099
v -0.010893 0.618830 -0.023194
v -0.011046 0.620851 -0.021284
v -0.010947 0.621123 -0.021658
v -0.010823 0.621132 -0.021683
v -0.011077 0.623021 -0.019800
v -0.011035 0.622958 -0.019720
v -0.011049 0.623100 -0.019907
v -0.010958 0.623176 -0.020011
v -0.011035 0.627291 -0.016425
v -0.010920 0.627264 -0.016385
v -0.011083 0.627358 -0.016519
v -0.011053 0.630052 -0.014976
v -0.011051 0.627447 -0.016641
v -0.010865 0.629798 -0.014597
v -0.010759 0.632876 -0.012835
v -0.010904 0.633063 -0.013135
v -0.010922 0.620861 -0.021309
v -0.010828 0.623227 -0.020086
v -0.011044 0.625118 -0.018195
v -0.011014 0.625203 -0.018309
v -0.010999 0.625053 -0.018109
v -0.010897 0.630119 -0.015062
v -0.010729 0.621104 -0.021654
v -0.010934 0.622930 -0.019688
v -0.010917 0.625286 -0.018419
v -0.010947 0.627535 -0.016758
v -0.010891 0.625025 -0.018073
v -0.010769 0.627285 -0.016408
v -0.010709 0.629866 -0.014683
v -0.010775 0.633039 -0.013085
v -0.010801 0.620905 -0.021380
v -0.010722 0.632971 -0.012976
v -0.010717 0.620973 -0.021479
v -0.010690 0.621046 -0.021580
v -0.010801 0.622943 -0.019713
v -0.010672 0.622994 -0.019787
v -0.010695 0.623240 -0.020110
v -0.010594 0.623212 -0.020078
v -0.010749 0.625042 -0.018097
v -0.010778 0.625343 -0.018497
v -0.010636 0.625360 -0.018521
v -0.010611 0.625099 -0.018174
v -0.010800 0.627598 -0.016840
v -0.010648 0.627619 -0.016863
v -0.010622 0.627347 -0.016490
v -0.010737 0.630144 -0.015085
v -0.010599 0.629958 -0.014808
v -0.010564 0.630050 -0.014938
v -0.010615 0.630118 -0.015040
v -0.010581 0.623070 -0.019892
v -0.010552 0.623149 -0.019998
v -0.010513 0.625181 -0.018285
v -0.010483 0.625267 -0.018398
v -0.010528 0.625332 -0.018485
v -0.010518 0.627435 -0.016607
v -0.010486 0.627525 -0.016729
v -0.010533 0.627592 -0.016823
v -0.021656 0.723889 0.024659
v -0.022517 0.723583 0.023407
v -0.022499 0.723486 0.024001
v -0.021216 0.721198 0.023573
v -0.021365 0.724133 0.024307
v -0.022359 0.723780 0.022861
v -0.021249 0.721299 0.022985
v -0.022002 0.723662 0.024724
v -0.022311 0.723515 0.024483
v -0.021008 0.721205 0.024044
v -0.021208 0.724330 0.023760
v -0.022069 0.724024 0.022508
v -0.021096 0.721482 0.022437
v -0.020678 0.721319 0.024271
v -0.021226 0.724427 0.023167
v -0.021723 0.724251 0.022444
v -0.020799 0.721698 0.022075
v -0.020317 0.721509 0.024193
v -0.021414 0.724398 0.022685
v -0.020438 0.721888 0.021998
v -0.020020 0.721725 0.023832
v -0.020109 0.722002 0.022224
v -0.021358 0.478203 -0.049960
v -0.021213 0.478199 -0.049959
v -0.021341 0.478183 -0.049931
v -0.021228 0.485287 -0.045377
v -0.021258 0.478181 -0.049930
v -0.021305 0.478175 -0.049920
v -0.021201 0.485257 -0.045328
v -0.021350 0.478230 -0.050000
v -0.021182 0.478225 -0.049999
v -0.021216 0.485327 -0.045443
v -0.021320 0.478256 -0.050040
v -0.021175 0.478252 -0.050039
v -0.021167 0.485366 -0.045509
v -0.021275 0.478274 -0.050069
v -0.021191 0.478272 -0.050068
v -0.021095 0.485394 -0.045557
v -0.019868 0.721908 0.023283
v -0.021142 0.485244 -0.045310
v -0.021228 0.478280 -0.050079
v -0.021019 0.485402 -0.045574
v -0.021066 0.485253 -0.045328
v -0.020289 0.719006 0.023129
v -0.020335 0.719114 0.022546
v -0.020994 0.485280 -0.045376
v -0.020945 0.485319 -0.045442
v -0.020932 0.485359 -0.045508
v -0.020959 0.485390 -0.045556
v -0.021068 0.492185 -0.041303
v -0.021030 0.492146 -0.041235
v -0.021050 0.492237 -0.041397
v -0.020983 0.492287 -0.041490
v -0.020883 0.492321 -0.041558
v -0.020062 0.718987 0.023587
v -0.019900 0.722009 0.022695
v -0.020949 0.492129 -0.041210
v -0.020779 0.492332 -0.041583
v -0.020189 0.719283 0.021996
v -0.020844 0.492139 -0.041235
v -0.020864 0.498954 -0.037820
v -0.020886 0.498893 -0.037698
v -0.020778 0.499013 -0.037942
v -0.020838 0.498846 -0.037609
v -0.020697 0.492315 -0.041558
v -0.019715 0.719062 0.023798
v -0.020744 0.492174 -0.041303
v -0.020651 0.499053 -0.038031
v -0.020677 0.492224 -0.041397
v -0.020659 0.492276 -0.041490
v -0.020734 0.498826 -0.037577
v -0.020518 0.499065 -0.038064
v -0.020666 0.505475 -0.034670
v -0.020693 0.505407 -0.034519
v -0.020562 0.505541 -0.034821
v -0.020600 0.498837 -0.037610
v -0.020635 0.505354 -0.034409
v -0.020413 0.499044 -0.038031
v -0.020408 0.505585 -0.034932
v -0.019888 0.719466 0.021625
v -0.020474 0.498878 -0.037699
v -0.020508 0.505330 -0.034369
v -0.020366 0.498997 -0.037942
v -0.020467 0.511797 -0.031905
v -0.020498 0.511723 -0.031725
v -0.020388 0.498937 -0.037820
v -0.019341 0.719212 0.023706
v -0.020246 0.505598 -0.034972
v -0.020345 0.511867 -0.032086
v -0.020430 0.511665 -0.031593
v -0.020345 0.505343 -0.034410
v -0.020164 0.511915 -0.032218
v -0.020584 0.681383 0.014648
v -0.020563 0.674721 0.013320
v -0.020546 0.674606 0.013856
v -0.020385 0.681466 0.014224
v -0.020431 0.667509 0.012306
v -0.020480 0.667630 0.011777
v -0.020390 0.674815 0.012891
v -0.020598 0.681278 0.015190
v -0.020533 0.687449 0.015707
v -0.020579 0.687354 0.016253
v -0.020425 0.681179 0.015705
v -0.020344 0.674501 0.014355
v -0.020308 0.687519 0.015290
v -0.020402 0.692400 0.016536
v -0.020458 0.692306 0.017085
v -0.020435 0.687258 0.016781
v -0.020202 0.667401 0.012788
v -0.020168 0.692464 0.016119
v -0.020119 0.505574 -0.034932
v -0.020280 0.511639 -0.031545
v -0.020277 0.517914 -0.029482
v -0.020313 0.517836 -0.029271
v -0.020192 0.505388 -0.034520
v -0.020136 0.517988 -0.029692
v -0.020264 0.660158 0.010597
v -0.020333 0.667732 0.011344
v -0.020343 0.660283 0.010076
v -0.020322 0.692207 0.017619
v -0.020169 0.696798 0.017315
v -0.020236 0.696700 0.017866
v -0.020061 0.505522 -0.034822
v -0.019973 0.511928 -0.032267
v -0.020234 0.517774 -0.029118
v -0.020008 0.660051 0.011061
v -0.020109 0.681111 0.016054
v -0.020011 0.674434 0.014683
v -0.020138 0.687189 0.017151
v -0.019927 0.696860 0.016899
v -0.019514 0.719616 0.021532
v -0.020087 0.505453 -0.034671
v -0.020055 0.681503 0.014032
v -0.020074 0.674863 0.012683
v -0.019965 0.687545 0.015114
v -0.020089 0.511652 -0.031593
v -0.019928 0.518038 -0.029847
v -0.020223 0.660392 0.009640
v -0.020054 0.652728 0.008784
v -0.020162 0.652854 0.008273
v -0.020032 0.667789 0.011121
v -0.019853 0.667337 0.013095
v -0.019667 0.716841 0.022662
v -0.019726 0.716957 0.022086
v -0.020105 0.523823 -0.027359
v -0.020145 0.523742 -0.027118
v -0.019820 0.692481 0.015946
v -0.020109 0.696592 0.018405
v -0.020030 0.692130 0.017995
v -0.019041 0.719396 0.023334
v -0.020061 0.517747 -0.029062
v -0.019946 0.523900 -0.027599
v -0.019773 0.652623 0.009229
v -0.019425 0.716794 0.023107
v -0.019823 0.511902 -0.032219
v -0.020056 0.523678 -0.026942
v -0.020070 0.652968 0.007834
v -0.019938 0.660456 0.009403
v -0.019882 0.700698 0.018045
v -0.019959 0.700595 0.018598
v -0.019908 0.511700 -0.031726
v -0.019644 0.659991 0.011345
v -0.019587 0.717111 0.021534
v -0.019708 0.518051 -0.029904
v -0.019711 0.523952 -0.027776
v -0.020007 0.529436 -0.025223
v -0.019962 0.529520 -0.025493
v -0.019809 0.645390 0.006923
v -0.019947 0.645516 0.006424
v -0.019737 0.681094 0.016145
v -0.019769 0.687164 0.017262
v -0.019574 0.696870 0.016730
v -0.019631 0.700759 0.017630
v -0.019786 0.511770 -0.031906
v -0.019754 0.511844 -0.032087
v -0.019841 0.517760 -0.029118
v -0.019861 0.523649 -0.026878
v -0.019907 0.529371 -0.025024
v -0.019785 0.529599 -0.025764
v -0.019505 0.645288 0.007349
v -0.019881 0.645634 0.005984
v -0.019801 0.653039 0.007585
v -0.019682 0.681486 0.014122
v -0.019700 0.674852 0.012752
v -0.019636 0.674423 0.014753
v -0.019596 0.687520 0.015225
v -0.019822 0.696503 0.018786
v -0.019842 0.700479 0.019141
v -0.019066 0.716830 0.023301
v -0.019168 0.719692 0.021743
v -0.019906 0.534914 -0.023543
v -0.019858 0.535000 -0.023843
v -0.019396 0.652567 0.009491
v -0.019657 0.667785 0.011170
v -0.019477 0.667332 0.013143
v -0.019661 0.692095 0.018112
v -0.018894 0.719564 0.022784
v -0.019633 0.517810 -0.029273
v -0.019536 0.518023 -0.029847
v -0.019463 0.523965 -0.027840
v -0.019689 0.529341 -0.024952
v -0.019612 0.523662 -0.026943
v -0.019523 0.529654 -0.025962
v -0.019796 0.534847 -0.023322
v -0.019662 0.535083 -0.024144
v -0.019801 0.540260 -0.022366
v -0.019855 0.540171 -0.022036
v -0.019588 0.540348 -0.022696
v -0.019803 0.545295 -0.021020
v -0.019861 0.545201 -0.020661
v -0.019733 0.540102 -0.021793
v -0.019873 0.550109 -0.019760
v -0.019935 0.550007 -0.019372
v -0.019729 0.545130 -0.020396
v -0.019866 0.553845 -0.018739
v -0.019902 0.553744 -0.018344
v -0.019793 0.549933 -0.019087
v -0.019642 0.553946 -0.019144
v -0.019623 0.550210 -0.020147
v -0.019756 0.557379 -0.017781
v -0.019739 0.553670 -0.018067
v -0.019763 0.557278 -0.017383
v -0.019560 0.557478 -0.018205
v -0.019707 0.638442 0.004584
v -0.019541 0.638317 0.005071
v -0.019629 0.645710 0.005723
v -0.019667 0.638562 0.004146
v -0.019563 0.660458 0.009431
v -0.019269 0.659993 0.011373
v -0.019450 0.692446 0.016063
v -0.019273 0.700764 0.017465
v -0.019587 0.704161 0.018728
v -0.019675 0.704054 0.019282
v -0.019326 0.704225 0.018316
v -0.019286 0.717262 0.021152
v -0.018941 0.719673 0.022202
v -0.019561 0.700381 0.019528
v -0.019567 0.703932 0.019830
v -0.019457 0.517962 -0.029694
v -0.019204 0.696824 0.016852
v -0.019453 0.696457 0.018909
v -0.019493 0.517884 -0.029483
v -0.019373 0.535140 -0.024363
v -0.019555 0.534818 -0.023241
v -0.019571 0.545389 -0.021378
v -0.019444 0.545103 -0.020298
v -0.019485 0.549905 -0.018980
v -0.019214 0.638219 0.005476
v -0.019427 0.653048 0.007592
v -0.019557 0.560717 -0.016886
v -0.019580 0.557201 -0.017117
v -0.019536 0.560615 -0.016485
v -0.019391 0.560816 -0.017326
v -0.019116 0.645238 0.007587
v -0.019406 0.681131 0.015952
v -0.019426 0.687189 0.017086
v -0.019268 0.523936 -0.027776
v -0.019246 0.529668 -0.026034
v -0.019470 0.540074 -0.021704
v -0.019421 0.553642 -0.017982
v -0.019451 0.631805 0.002811
v -0.019258 0.631682 0.003284
v -0.019367 0.674785 0.013080
v -0.019367 0.681418 0.014472
v -0.019320 0.674471 0.014545
v -0.019374 0.714751 0.021599
v -0.019304 0.714629 0.022168
v -0.018685 0.716937 0.023194
v -0.019377 0.523714 -0.027119
v -0.019218 0.523791 -0.027359
v -0.019178 0.523872 -0.027600
v -0.019412 0.529355 -0.025024
v -0.019149 0.529409 -0.025222
v -0.018972 0.529489 -0.025493
v -0.018928 0.529572 -0.025763
v -0.019028 0.529638 -0.025962
v -0.019249 0.534834 -0.023321
v -0.018960 0.534890 -0.023540
v -0.018765 0.534973 -0.023841
v -0.018716 0.535059 -0.024141
v -0.018826 0.535126 -0.024362
v -0.019067 0.535156 -0.024443
v -0.019135 0.540092 -0.021790
v -0.018819 0.540154 -0.022031
v -0.019271 0.540409 -0.022936
v -0.018673 0.540399 -0.022933
v -0.018552 0.540331 -0.022691
v -0.018936 0.540427 -0.023023
v -0.019080 0.545127 -0.020391
v -0.018736 0.545195 -0.020652
v -0.018605 0.540241 -0.022360
v -0.019227 0.545457 -0.021639
v -0.018864 0.545481 -0.021732
v -0.018578 0.545454 -0.021633
v -0.019093 0.549932 -0.019080
v -0.019252 0.550283 -0.020428
v -0.018859 0.550310 -0.020529
v -0.018551 0.550282 -0.020422
v -0.019034 0.553669 -0.018111
v -0.018721 0.550005 -0.019362
v -0.019290 0.554020 -0.019453
v -0.018903 0.554047 -0.019582
v -0.018586 0.554019 -0.019497
v -0.019255 0.557171 -0.017054
v -0.018876 0.557194 -0.017212
v -0.018682 0.553743 -0.018419
v -0.019228 0.557549 -0.018541
v -0.018849 0.557572 -0.018699
v -0.018524 0.557542 -0.018637
v -0.019003 0.560504 -0.016192
v -0.019334 0.560537 -0.016231
v -0.018634 0.560525 -0.016378
v -0.018544 0.557265 -0.017548
v -0.019081 0.560885 -0.017687
v -0.018712 0.560906 -0.017873
v -0.018382 0.560873 -0.017834
v -0.019016 0.563693 -0.015406
v -0.018682 0.563658 -0.015391
v -0.019238 0.563773 -0.015646
v -0.019287 0.563877 -0.016046
v -0.019151 0.563977 -0.016500
v -0.018867 0.564046 -0.016885
v -0.018509 0.564065 -0.017098
v -0.018885 0.566768 -0.014860
v -0.018645 0.566686 -0.014635
v -0.018962 0.566875 -0.015258
v -0.018858 0.566976 -0.015722
v -0.018600 0.567047 -0.016129
v -0.018256 0.567066 -0.016368
v -0.018599 0.569725 -0.014515
v -0.018493 0.569616 -0.014122
v -0.018527 0.569830 -0.014988
v -0.018296 0.569903 -0.015414
v -0.019201 0.625901 0.000727
v -0.018967 0.620656 -0.000741
v -0.018929 0.620532 -0.000314
v -0.018681 0.616240 -0.001554
v -0.019188 0.625778 0.001159
v -0.018684 0.620415 0.000127
v -0.018413 0.616127 -0.001130
v -0.019004 0.625993 0.000437
v -0.018789 0.620753 -0.001039
v -0.018745 0.616365 -0.001974
v -0.018650 0.626029 0.000366
v -0.018587 0.616468 -0.002278
v -0.018443 0.620798 -0.001128
v -0.018969 0.625657 0.001617
v -0.018602 0.625571 0.001978
v -0.018300 0.620336 0.000465
v -0.019437 0.631927 0.002375
v -0.019222 0.632014 0.002093
v -0.018861 0.632044 0.002041
v -0.018910 0.631590 0.003667
v -0.018502 0.631553 0.003859
v -0.018186 0.625543 0.002146
v -0.019433 0.638645 0.003874
v -0.019067 0.638667 0.003841
v -0.018668 0.638624 0.004056
v -0.018453 0.632008 0.002232
v -0.018815 0.638176 0.005691
v -0.018449 0.638198 0.005658
v -0.018141 0.631583 0.003806
v -0.019259 0.645726 0.005710
v -0.018870 0.645676 0.005949
v -0.018746 0.645254 0.007574
v -0.019050 0.652992 0.007854
v -0.018769 0.652887 0.008299
v -0.018566 0.645574 0.006375
v -0.019022 0.652576 0.009498
v -0.018753 0.652647 0.009249
v -0.018494 0.645330 0.007313
v -0.019199 0.660398 0.009715
v -0.018943 0.660291 0.010179
v -0.018984 0.660057 0.011137
v -0.019176 0.667389 0.012921
v -0.018865 0.660166 0.010700
v -0.018661 0.652760 0.008810
v -0.019030 0.667491 0.012487
v -0.019078 0.667612 0.011958
v -0.019308 0.667720 0.011476
v -0.019147 0.674565 0.014115
v -0.019164 0.674680 0.013579
v -0.019208 0.681214 0.015528
v -0.019193 0.681319 0.014986
v -0.019201 0.687259 0.016669
v -0.019155 0.687355 0.016123
v -0.019299 0.687450 0.015594
v -0.019312 0.692112 0.017939
v -0.019079 0.692176 0.017522
v -0.019023 0.692270 0.016973
v -0.019159 0.692369 0.016439
v -0.019100 0.696467 0.018739
v -0.018857 0.696529 0.018323
v -0.018791 0.696627 0.017772
v -0.018918 0.696735 0.017234
v -0.019192 0.700327 0.019657
v -0.018833 0.700332 0.019491
v -0.018582 0.700393 0.019077
v -0.018505 0.700496 0.018524
v -0.018622 0.700612 0.017981
v -0.018904 0.700710 0.017594
v -0.018922 0.703769 0.020359
v -0.018559 0.703772 0.020199
v -0.019291 0.703828 0.020224
v -0.018594 0.704170 0.018291
v -0.018319 0.704066 0.018685
v -0.018963 0.704228 0.018156
v -0.019060 0.706906 0.020876
v -0.018691 0.706849 0.021019
v -0.019330 0.707012 0.020475
v -0.019429 0.707138 0.019923
v -0.019330 0.707251 0.019367
v -0.019060 0.707320 0.018958
v -0.018691 0.707328 0.018804
v -0.018322 0.707271 0.018947
v -0.019178 0.709779 0.021078
v -0.018913 0.709678 0.021488
v -0.019268 0.709907 0.020520
v -0.019158 0.710028 0.019965
v -0.018878 0.710108 0.019560
v -0.018503 0.710126 0.019414
v -0.019155 0.712297 0.021641
v -0.018895 0.712207 0.022061
v -0.018544 0.709630 0.021640
v -0.019235 0.712424 0.021078
v -0.019114 0.712553 0.020523
v -0.018826 0.712651 0.020124
v -0.018446 0.712690 0.019989
v -0.019052 0.714557 0.022600
v -0.018526 0.712177 0.022226
v -0.019243 0.714892 0.021044
v -0.018947 0.715013 0.020654
v -0.018564 0.715082 0.020531
v -0.018685 0.714556 0.022778
v -0.018905 0.717369 0.021045
v -0.018302 0.714625 0.022656
v -0.018546 0.717404 0.021239
v -0.018384 0.717088 0.022812
v -0.018245 0.717242 0.022260
v -0.018304 0.717358 0.021684
v -0.018446 0.545384 -0.021369
v -0.018504 0.545289 -0.021010
v -0.018471 0.550106 -0.019748
v -0.018458 0.553844 -0.018825
v -0.018325 0.563677 -0.015604
v -0.018325 0.560594 -0.016740
v -0.018175 0.564030 -0.017082
v -0.018309 0.566650 -0.014644
v -0.018237 0.569533 -0.013913
v -0.018455 0.613072 -0.002505
v -0.018165 0.612964 -0.002099
v -0.018544 0.613198 -0.002917
v -0.018013 0.616056 -0.000816
v -0.018234 0.626001 0.000533
v -0.018341 0.638526 0.004461
v -0.018215 0.638281 0.005386
v -0.018428 0.645448 0.006874
v -0.018322 0.706856 0.020865
v -0.018134 0.710078 0.019567
v -0.018147 0.712216 0.022090
v -0.018006 0.714746 0.022265
v -0.018409 0.550207 -0.020136
v -0.018423 0.553945 -0.019220
v -0.018341 0.557466 -0.018370
v -0.018348 0.557364 -0.017972
v -0.018180 0.560795 -0.017580
v -0.017969 0.569925 -0.015678
v -0.018175 0.572554 -0.014292
v -0.018214 0.572445 -0.013813
v -0.017973 0.572632 -0.014735
v -0.018406 0.613308 -0.003224
v -0.018261 0.610958 -0.003253
v -0.018324 0.611091 -0.003667
v -0.018250 0.616522 -0.002383
v -0.017878 0.620316 0.000609
v -0.018298 0.703836 0.019786
v -0.018210 0.703943 0.019232
v -0.018052 0.707165 0.019349
v -0.018169 0.709648 0.021495
v -0.018198 0.715081 0.020710
v -0.017920 0.567030 -0.016377
v -0.018080 0.572334 -0.013426
v -0.017832 0.625579 0.002075
v -0.018175 0.638401 0.004948
v -0.018077 0.712660 0.020153
v -0.017995 0.610844 -0.002833
v -0.018021 0.620778 -0.000984
v -0.018105 0.631915 0.002616
v -0.017926 0.631670 0.003525
v -0.018168 0.611206 -0.003964
v -0.018079 0.613374 -0.003346
v -0.017750 0.612903 -0.001809
v -0.017954 0.563950 -0.016843
v -0.017875 0.714887 0.021711
v -0.018159 0.560693 -0.017180
v -0.018041 0.563746 -0.015989
v -0.017966 0.566670 -0.014883
v -0.017900 0.569498 -0.013946
v -0.017631 0.569890 -0.015711
v -0.017808 0.572251 -0.013235
v -0.017662 0.572658 -0.015023
v -0.018026 0.608861 -0.004013
v -0.017785 0.608740 -0.003579
v -0.018064 0.608999 -0.004428
v -0.017824 0.616512 -0.002263
v -0.017587 0.616046 -0.000695
v -0.017867 0.625915 0.000895
v -0.018052 0.706925 0.020456
v -0.017953 0.707038 0.019901
v -0.017869 0.709977 0.019977
v -0.017858 0.712314 0.021692
v -0.017946 0.715009 0.021142
v -0.017818 0.575165 -0.013629
v -0.017824 0.575052 -0.013146
v -0.017912 0.631792 0.003089
v -0.017905 0.563846 -0.016442
v -0.017681 0.566948 -0.016152
v -0.017646 0.575249 -0.014087
v -0.017891 0.609116 -0.004714
v -0.017835 0.611274 -0.004064
v -0.017598 0.610778 -0.002519
v -0.017532 0.620360 0.000520
v -0.017889 0.709728 0.021090
v -0.017636 0.625671 0.001785
v -0.017817 0.712570 0.020573
v -0.017661 0.574939 -0.012768
v -0.017765 0.606764 -0.004781
v -0.017779 0.606905 -0.005196
v -0.017650 0.613377 -0.003248
v -0.017707 0.566740 -0.015290
v -0.017780 0.709849 0.020534
v -0.017603 0.566842 -0.015754
v -0.017572 0.569519 -0.014210
v -0.017375 0.569807 -0.015502
v -0.017471 0.572218 -0.013291
v -0.017326 0.572625 -0.015079
v -0.017354 0.575281 -0.014396
v -0.017551 0.606637 -0.004336
v -0.017552 0.609183 -0.004794
v -0.017588 0.607023 -0.005471
v -0.017407 0.608670 -0.003244
v -0.017321 0.612906 -0.001711
v -0.017637 0.620699 -0.000646
v -0.017648 0.625794 0.001353
v -0.017737 0.712443 0.021136
v -0.017375 0.574858 -0.012595
v -0.017473 0.577678 -0.012993
v -0.017444 0.577560 -0.012509
v -0.017332 0.577769 -0.013463
v -0.017413 0.611275 -0.003941
v -0.017423 0.616441 -0.001949
v -0.017249 0.616099 -0.000801
v -0.017354 0.620458 0.000223
v -0.017494 0.604649 -0.005554
v -0.017306 0.604516 -0.005099
v -0.017482 0.604792 -0.005969
v -0.017194 0.606559 -0.003980
v -0.017176 0.610780 -0.002396
v -0.017341 0.569593 -0.014636
v -0.017269 0.569698 -0.015109
v -0.017054 0.572542 -0.014887
v -0.017020 0.575252 -0.014475
v -0.017254 0.577448 -0.012141
v -0.017059 0.577809 -0.013793
v -0.017235 0.613316 -0.002957
v -0.017393 0.620581 -0.000204
v -0.017161 0.572244 -0.013579
v -0.017245 0.607086 -0.005531
v -0.017275 0.604908 -0.006232
v -0.016994 0.608667 -0.003096
v -0.016994 0.612972 -0.001832
v -0.016970 0.604429 -0.004726
v -0.017138 0.609181 -0.004646
v -0.017091 0.616203 -0.001105
v -0.017040 0.574829 -0.012674
v -0.017155 0.580109 -0.012380
v -0.017046 0.580207 -0.012860
v -0.017225 0.602498 -0.006332
v -0.017065 0.602360 -0.005868
v -0.017188 0.602641 -0.006745
v -0.017092 0.579988 -0.011897
v -0.016789 0.606550 -0.003810
v -0.017016 0.611210 -0.003627
v -0.017155 0.616328 -0.001525
v -0.016920 0.572431 -0.014501
v -0.016953 0.577370 -0.011986
v -0.016959 0.572322 -0.014022
v -0.016733 0.575171 -0.014302
v -0.016728 0.577787 -0.013895
v -0.016795 0.580257 -0.013208
v -0.016842 0.610847 -0.002496
v -0.016752 0.602264 -0.005478
v -0.016928 0.604964 -0.006274
v -0.016965 0.602751 -0.006997
v -0.016875 0.579878 -0.011540
v -0.016974 0.600293 -0.007111
v -0.016842 0.600151 -0.006640
v -0.016840 0.607077 -0.005361
v -0.016944 0.613208 -0.002551
v -0.016856 0.613082 -0.002140
v -0.016912 0.600434 -0.007522
v -0.016576 0.604411 -0.004534
v -0.016655 0.608734 -0.003176
v -0.016748 0.574861 -0.012983
v -0.016881 0.582475 -0.011783
v -0.016805 0.582580 -0.012271
v -0.016761 0.609110 -0.004311
v -0.016570 0.575058 -0.013923
v -0.016622 0.577348 -0.012088
v -0.016427 0.577710 -0.013740
v -0.016468 0.580245 -0.013331
v -0.016784 0.582353 -0.011303
v -0.016576 0.582641 -0.012636
v -0.016552 0.600047 -0.006234
v -0.016750 0.611096 -0.003207
v -0.016576 0.574945 -0.013441
v -0.016561 0.579807 -0.011405
v -0.016754 0.598015 -0.007889
v -0.016651 0.597872 -0.007412
v -0.016673 0.600536 -0.007762
v -0.016615 0.602799 -0.007020
v -0.016369 0.602236 -0.005266
v -0.016445 0.606613 -0.003870
v -0.016687 0.610963 -0.002793
v -0.016667 0.598151 -0.008297
v -0.016533 0.604947 -0.006082
v -0.016540 0.582247 -0.010959
v -0.016667 0.584792 -0.011198
v -0.016624 0.584905 -0.011692
v -0.016386 0.597760 -0.006992
v -0.016483 0.606999 -0.005006
v -0.016481 0.608852 -0.003462
v -0.016256 0.582641 -0.012780
v -0.016535 0.584669 -0.010723
v -0.016419 0.584980 -0.012071
v -0.016229 0.604468 -0.004576
v -0.016350 0.577389 -0.012418
v -0.016506 0.595505 -0.008182
v -0.016580 0.595647 -0.008665
v -0.016182 0.600008 -0.006003
v -0.016520 0.608989 -0.003878
v -0.016237 0.577597 -0.013372
v -0.016154 0.580174 -0.013196
v -0.016473 0.587817 -0.010951
v -0.016487 0.587694 -0.010458
v -0.016266 0.595387 -0.007749
v -0.016413 0.598243 -0.008525
v -0.016468 0.595775 -0.009069
v -0.016321 0.600572 -0.007767
v -0.016255 0.606731 -0.004145
v -0.016235 0.579795 -0.011528
v -0.016290 0.587906 -0.011339
v -0.016232 0.602771 -0.006808
v -0.016209 0.577479 -0.012888
v -0.016214 0.582186 -0.010843
v -0.016106 0.584995 -0.012235
v -0.016421 0.593032 -0.008948
v -0.016466 0.593170 -0.009435
v -0.016029 0.597709 -0.006743
v -0.016019 0.602284 -0.005289
v -0.016265 0.584570 -0.010393
v -0.016328 0.587570 -0.009992
v -0.016207 0.592910 -0.008503
v -0.016197 0.604860 -0.005709
v -0.016269 0.606872 -0.004561
v -0.015930 0.582580 -0.012665
v -0.016425 0.590566 -0.010198
v -0.016410 0.590434 -0.009707
v -0.016265 0.590671 -0.010592
v -0.016329 0.593288 -0.009834
v -0.016199 0.595855 -0.009285
v -0.016022 0.604584 -0.004839
v -0.015937 0.580063 -0.012839
v -0.015986 0.587938 -0.011517
v -0.016223 0.590310 -0.009251
v -0.016060 0.598267 -0.008513
v -0.015924 0.595325 -0.007482
v -0.015830 0.600044 -0.006009
v -0.015983 0.579844 -0.011876
v -0.016038 0.587478 -0.009677
v -0.016048 0.593353 -0.010039
v -0.015950 0.600533 -0.007536
v -0.015972 0.590720 -0.010783
v -0.015770 0.584946 -0.012139
v -0.015929 0.584521 -0.010298
v -0.015882 0.592836 -0.008219
v -0.016010 0.604727 -0.005254
v -0.015874 0.579943 -0.012356
v -0.015894 0.582186 -0.010987
v -0.015915 0.590226 -0.008951
v -0.015847 0.595864 -0.009256
v -0.015918 0.602675 -0.006418
v -0.015795 0.602394 -0.005541
v -0.015676 0.597733 -0.006731
v -0.015686 0.582474 -0.012321
v -0.015644 0.587903 -0.011437
v -0.015703 0.598216 -0.008264
v -0.015695 0.587444 -0.009597
v -0.015697 0.593348 -0.009993
v -0.015572 0.595334 -0.007453
v -0.015590 0.600147 -0.006249
v -0.015758 0.602538 -0.005954
v -0.015665 0.582247 -0.011352
v -0.015589 0.582352 -0.011840
v -0.015500 0.584847 -0.011809
v -0.015616 0.584536 -0.010461
v -0.015624 0.590700 -0.010721
v -0.015567 0.590207 -0.008889
v -0.015531 0.592831 -0.008173
v -0.015660 0.600429 -0.007131
v -0.015505 0.595802 -0.008989
v -0.015422 0.597825 -0.006959
v -0.015528 0.600288 -0.006659
v -0.015354 0.587812 -0.011122
v -0.015411 0.584611 -0.010841
v -0.015368 0.584725 -0.011334
v -0.015392 0.587475 -0.009775
v -0.015371 0.593274 -0.009709
v -0.015303 0.595414 -0.007670
v -0.015437 0.598104 -0.007844
v -0.015316 0.590616 -0.010421
v -0.015334 0.597961 -0.007367
v -0.015274 0.590255 -0.009080
v -0.015249 0.592896 -0.008377
v -0.015194 0.587688 -0.010656
v -0.015265 0.595684 -0.008557
v -0.015191 0.595541 -0.008073
v -0.015208 0.587565 -0.010163
v -0.015129 0.590492 -0.009965
v -0.015114 0.590360 -0.009474
v -0.015157 0.593152 -0.009264
v -0.015113 0.593013 -0.008777
v -0.050311 0.471798 -0.071068
v -0.050338 0.471797 -0.071166
v -0.050323 0.471781 -0.071169
v -0.047490 0.474872 -0.071808
v -0.050291 0.471782 -0.071057
v -0.050304 0.471765 -0.071157
v -0.047463 0.474851 -0.071793
v -0.050329 0.471809 -0.071092
v -0.050345 0.471808 -0.071148
v -0.047512 0.474892 -0.071803
v -0.050342 0.471813 -0.071121
v -0.047524 0.474906 -0.071779
v -0.047523 0.474909 -0.071741
v -0.047508 0.474901 -0.071701
v -0.050276 0.471766 -0.071060
v -0.050285 0.471754 -0.071134
v -0.047439 0.474834 -0.071760
v -0.047484 0.474884 -0.071668
v -0.050269 0.471754 -0.071078
v -0.050273 0.471750 -0.071105
v -0.047424 0.474827 -0.071720
v -0.047422 0.474830 -0.071682
v -0.047434 0.474843 -0.071657
v -0.047457 0.474863 -0.071652
v -0.045048 0.478045 -0.071927
v -0.045029 0.478032 -0.071958
v -0.045049 0.478045 -0.071879
v -0.044998 0.478009 -0.071965
v -0.045032 0.478031 -0.071827
v -0.044964 0.477983 -0.071945
v -0.045003 0.478009 -0.071786
v -0.044934 0.477960 -0.071903
v -0.044968 0.477982 -0.071766
v -0.044918 0.477947 -0.071852
v -0.044919 0.477947 -0.071804
v -0.044937 0.477960 -0.071772
v -0.042877 0.481227 -0.071661
v -0.042851 0.481216 -0.071699
v -0.042882 0.481222 -0.071603
v -0.042812 0.481192 -0.071706
v -0.042864 0.481202 -0.071541
v -0.042769 0.481161 -0.071682
v -0.042830 0.481173 -0.071491
v -0.042734 0.481132 -0.071632
v -0.042787 0.481142 -0.071466
v -0.042717 0.481112 -0.071570
v -0.042747 0.481118 -0.071474
v -0.042722 0.481107 -0.071512
v -0.040974 0.484453 -0.071050
v -0.040941 0.484445 -0.071094
v -0.040983 0.484443 -0.070983
v -0.040964 0.484415 -0.070911
v -0.040892 0.484420 -0.071102
v -0.040925 0.484379 -0.070852
v -0.040841 0.484385 -0.071073
v -0.040874 0.484344 -0.070823
v -0.040801 0.484349 -0.071015
v -0.040825 0.484319 -0.070832
v -0.040783 0.484322 -0.070942
v -0.040792 0.484311 -0.070875
v -0.039313 0.487707 -0.070087
v -0.039294 0.487673 -0.070005
v -0.039301 0.487724 -0.070163
v -0.039261 0.487720 -0.070212
v -0.039203 0.487694 -0.070221
v -0.039249 0.487630 -0.069938
v -0.039144 0.487655 -0.070187
v -0.039190 0.487591 -0.069904
v -0.039098 0.487613 -0.070120
v -0.039132 0.487566 -0.069913
v -0.039092 0.487561 -0.069962
v -0.039079 0.487578 -0.070037
v -0.037835 0.491017 -0.068984
v -0.037820 0.491040 -0.069069
v -0.037815 0.490976 -0.068892
v -0.037772 0.491039 -0.069123
v -0.037706 0.491014 -0.069131
v -0.037764 0.490928 -0.068817
v -0.037638 0.490971 -0.069093
v -0.037696 0.490885 -0.068778
v -0.037587 0.490923 -0.069017
v -0.037630 0.490860 -0.068787
v -0.037582 0.490859 -0.068841
v -0.037567 0.490882 -0.068925
v -0.036511 0.494375 -0.067743
v -0.036493 0.494403 -0.067836
v -0.036489 0.494327 -0.067641
v -0.036438 0.494405 -0.067895
v -0.036432 0.494274 -0.067556
v -0.036363 0.494379 -0.067904
v -0.036356 0.494228 -0.067513
v -0.036287 0.494334 -0.067860
v -0.036280 0.494203 -0.067522
v -0.036230 0.494280 -0.067776
v -0.036226 0.494205 -0.067580
v -0.036208 0.494233 -0.067673
v -0.035302 0.497780 -0.066432
v -0.035277 0.497728 -0.066319
v -0.035281 0.497813 -0.066534
v -0.035221 0.497816 -0.066598
v -0.035214 0.497671 -0.066225
v -0.035137 0.497791 -0.066607
v -0.035129 0.497622 -0.066176
v -0.035052 0.497742 -0.066558
v -0.035045 0.497597 -0.066185
v -0.034989 0.497684 -0.066465
v -0.034985 0.497600 -0.066249
v -0.034964 0.497633 -0.066352
v -0.034169 0.501236 -0.065119
v -0.034147 0.501270 -0.065231
v -0.034142 0.501181 -0.064995
v -0.034081 0.501274 -0.065302
v -0.034072 0.501120 -0.064892
v -0.033988 0.501248 -0.065311
v -0.033978 0.501070 -0.064837
v -0.033895 0.501197 -0.065256
v -0.033886 0.501043 -0.064846
v -0.033825 0.501136 -0.065153
v -0.033820 0.501047 -0.064916
v -0.033797 0.501082 -0.065029
v -0.033075 0.504742 -0.063874
v -0.033052 0.504776 -0.063997
v -0.033044 0.504687 -0.063737
v -0.032981 0.504779 -0.064073
v -0.032967 0.504625 -0.063624
v -0.032881 0.504751 -0.064083
v -0.032865 0.504572 -0.063564
v -0.032778 0.504699 -0.064023
v -0.032764 0.504544 -0.063574
v -0.032701 0.504637 -0.063910
v -0.032693 0.504547 -0.063650
v -0.032670 0.504581 -0.063773
v -0.031982 0.508301 -0.062764
v -0.031959 0.508332 -0.062899
v -0.031947 0.508248 -0.062615
v -0.031884 0.508332 -0.062983
v -0.031775 0.508301 -0.062993
v -0.031862 0.508186 -0.062491
v -0.031664 0.508247 -0.062928
v -0.031750 0.508132 -0.062426
v -0.031579 0.508185 -0.062804
v -0.031642 0.508101 -0.062436
v -0.031567 0.508101 -0.062520
v -0.031544 0.508132 -0.062655
v -0.030827 0.511948 -0.062004
v -0.030851 0.511917 -0.061859
v -0.030746 0.511946 -0.062094
v -0.030812 0.511861 -0.061698
v -0.030630 0.511911 -0.062106
v -0.030721 0.511796 -0.061565
v -0.030511 0.511853 -0.062036
v -0.030601 0.511738 -0.061495
v -0.030420 0.511788 -0.061902
v -0.030486 0.511703 -0.061507
v -0.030381 0.511732 -0.061742
v -0.030405 0.511701 -0.061597
v -0.029501 0.515901 -0.060883
v -0.029529 0.515860 -0.060737
v -0.029417 0.515904 -0.060974
v -0.029493 0.515790 -0.060575
v -0.029298 0.515867 -0.060987
v -0.029403 0.515712 -0.060442
v -0.029178 0.515800 -0.060917
v -0.029283 0.515646 -0.060372
v -0.029087 0.515722 -0.060783
v -0.029164 0.515609 -0.060384
v -0.029052 0.515653 -0.060622
v -0.029080 0.515611 -0.060476
v -0.028202 0.519571 -0.059180
v -0.028169 0.519627 -0.059325
v -0.028172 0.519483 -0.059021
v -0.028079 0.519638 -0.059415
v -0.027957 0.519599 -0.059428
v -0.028084 0.519387 -0.058890
v -0.027836 0.519522 -0.059360
v -0.027963 0.519310 -0.058822
v -0.027749 0.519427 -0.059229
v -0.027842 0.519272 -0.058835
v -0.027752 0.519283 -0.058926
v -0.027718 0.519339 -0.059070
v -0.026894 0.523074 -0.057280
v -0.026855 0.523143 -0.057422
v -0.026867 0.522970 -0.057123
v -0.026760 0.523161 -0.057512
v -0.026781 0.522861 -0.056995
v -0.026635 0.523121 -0.057525
v -0.026660 0.522775 -0.056928
v -0.026513 0.523036 -0.057458
v -0.026535 0.522736 -0.056941
v -0.026428 0.522926 -0.057330
v -0.026440 0.522753 -0.057031
v -0.026401 0.522823 -0.057173
v -0.025625 0.526397 -0.055124
v -0.025581 0.526477 -0.055264
v -0.025601 0.526281 -0.054970
v -0.025482 0.526500 -0.055353
v -0.025516 0.526160 -0.054843
v -0.025354 0.526460 -0.055367
v -0.025393 0.526068 -0.054777
v -0.025231 0.526368 -0.055301
v -0.025265 0.526028 -0.054791
v -0.025146 0.526247 -0.055174
v -0.025166 0.526051 -0.054880
v -0.025122 0.526131 -0.055020
v -0.024418 0.529567 -0.052803
v -0.024371 0.529655 -0.052942
v -0.024396 0.529442 -0.052649
v -0.024268 0.529683 -0.053030
v -0.024311 0.529314 -0.052523
v -0.024136 0.529643 -0.053043
v -0.024186 0.529216 -0.052457
v -0.024011 0.529546 -0.052978
v -0.024054 0.529176 -0.052470
v -0.023925 0.529418 -0.052851
v -0.023950 0.529204 -0.052558
v -0.023903 0.529293 -0.052697
v -0.023296 0.532613 -0.050405
v -0.023247 0.532707 -0.050545
v -0.023275 0.532481 -0.050250
v -0.023140 0.532739 -0.050633
v -0.023188 0.532348 -0.050122
v -0.023003 0.532700 -0.050645
v -0.023060 0.532248 -0.050054
v -0.022875 0.532600 -0.050577
v -0.022924 0.532209 -0.050066
v -0.022788 0.532466 -0.050449
v -0.022816 0.532240 -0.050154
v -0.022767 0.532335 -0.050294
v -0.022280 0.535562 -0.048019
v -0.022229 0.535659 -0.048162
v -0.022258 0.535427 -0.047860
v -0.022119 0.535694 -0.048250
v -0.022169 0.535291 -0.047728
v -0.021978 0.535656 -0.048260
v -0.022036 0.535191 -0.047657
v -0.021846 0.535556 -0.048190
v -0.021896 0.535153 -0.047667
v -0.021757 0.535420 -0.048057
v -0.021786 0.535188 -0.047756
v -0.021735 0.535286 -0.047899
v -0.021392 0.538440 -0.045734
v -0.021340 0.538539 -0.045882
v -0.021368 0.538306 -0.045569
v -0.021227 0.538575 -0.045972
v -0.021276 0.538172 -0.045429
v -0.021082 0.538540 -0.045980
v -0.021138 0.538075 -0.045353
v -0.020945 0.538442 -0.045903
v -0.020994 0.538040 -0.045361
v -0.020852 0.538308 -0.045764
v -0.020881 0.538076 -0.045451
v -0.020829 0.538174 -0.045598
v -0.020655 0.541275 -0.043640
v -0.020603 0.541371 -0.043795
v -0.020628 0.541147 -0.043464
v -0.020487 0.541407 -0.043887
v -0.020530 0.541021 -0.043314
v -0.020338 0.541376 -0.043892
v -0.020388 0.540929 -0.043230
v -0.020195 0.541284 -0.043808
v -0.020239 0.540898 -0.043234
v -0.020098 0.541158 -0.043657
v -0.020123 0.540935 -0.043326
v -0.020071 0.541030 -0.043481
v -0.020089 0.544092 -0.041825
v -0.020038 0.544179 -0.041990
v -0.020058 0.543977 -0.041635
v -0.019920 0.544214 -0.042086
v -0.019955 0.543865 -0.041470
v -0.019766 0.544189 -0.042086
v -0.019807 0.543785 -0.041375
v -0.019618 0.544109 -0.041991
v -0.019653 0.543760 -0.041376
v -0.019514 0.543997 -0.041827
v -0.019534 0.543795 -0.041471
v -0.019484 0.543882 -0.041636
v -0.019716 0.546916 -0.040376
v -0.019682 0.546824 -0.040169
v -0.019667 0.546988 -0.040553
v -0.019547 0.547019 -0.040654
v -0.019573 0.546736 -0.039987
v -0.019388 0.547003 -0.040649
v -0.019418 0.546675 -0.039880
v -0.019233 0.546942 -0.040542
v -0.019557 0.549793 -0.039373
v -0.019508 0.549847 -0.039561
v -0.019260 0.546658 -0.039876
v -0.019139 0.546690 -0.039976
v -0.019090 0.546761 -0.040153
v -0.019124 0.546854 -0.040361
v -0.019247 0.549612 -0.038842
v -0.019085 0.549600 -0.038836
v -0.019406 0.549657 -0.038958
v -0.018962 0.549624 -0.038941
v -0.019520 0.549723 -0.039152
v -0.018913 0.549679 -0.039129
v -0.018950 0.549749 -0.039350
v -0.019064 0.549815 -0.039545
v -0.019385 0.549872 -0.039666
v -0.019223 0.549860 -0.039660
v -0.019211 0.550071 -0.038711
v -0.019045 0.550056 -0.038708
v -0.019376 0.550116 -0.038827
v -0.018923 0.550075 -0.038820
v -0.019496 0.550179 -0.039026
v -0.018876 0.550123 -0.039015
v -0.019538 0.550242 -0.039253
v -0.018918 0.550186 -0.039242
v -0.019491 0.550290 -0.039449
v -0.019037 0.550249 -0.039441
v -0.019368 0.550309 -0.039560
v -0.019202 0.550294 -0.039557
v -0.018968 0.550675 -0.038536
v -0.019137 0.550695 -0.038535
v -0.018845 0.550691 -0.038652
v -0.019307 0.550746 -0.038650
v -0.018800 0.550740 -0.038853
v -0.019432 0.550814 -0.038849
v -0.018846 0.550807 -0.039084
v -0.019478 0.550881 -0.039080
v -0.018971 0.550876 -0.039283
v -0.019433 0.550930 -0.039281
v -0.019141 0.550927 -0.039398
v -0.019310 0.550946 -0.039397
v -0.018858 0.551440 -0.038322
v -0.019031 0.551463 -0.038318
v -0.018734 0.551456 -0.038443
v -0.019205 0.551517 -0.038432
v -0.018691 0.551506 -0.038648
v -0.019335 0.551590 -0.038633
v -0.018742 0.551577 -0.038883
v -0.019386 0.551660 -0.038868
v -0.018872 0.551649 -0.039084
v -0.019344 0.551710 -0.039073
v -0.019047 0.551704 -0.039198
v -0.019220 0.551726 -0.039194
v -0.018898 0.552339 -0.038069
v -0.018722 0.552315 -0.038077
v -0.019078 0.552397 -0.038182
v -0.019214 0.552472 -0.038385
v -0.019269 0.552545 -0.038624
v -0.018748 0.552532 -0.038854
v -0.018613 0.552456 -0.038651
v -0.019229 0.552597 -0.038834
v -0.018928 0.552589 -0.038967
v -0.019104 0.552613 -0.038960
v -0.018932 0.553346 -0.037911
v -0.018747 0.553287 -0.037799
v -0.019074 0.553425 -0.038116
v -0.019134 0.553501 -0.038358
v -0.019096 0.553555 -0.038573
v -0.018792 0.553547 -0.038713
v -0.018606 0.553487 -0.038601
v -0.018971 0.553571 -0.038703
v -0.018923 0.554412 -0.037833
v -0.018775 0.554331 -0.037627
v -0.018988 0.554491 -0.038079
v -0.018952 0.554547 -0.038298
v -0.018644 0.554539 -0.038446
v -0.018453 0.554478 -0.038335
v -0.018827 0.554565 -0.038433
v -0.018837 0.555480 -0.037796
v -0.018767 0.555397 -0.037547
v -0.018804 0.555538 -0.038020
v -0.018678 0.555557 -0.038159
v -0.018492 0.555531 -0.038175
v -0.018659 0.556491 -0.037747
v -0.018689 0.556429 -0.037519
v -0.018532 0.556511 -0.037890
v -0.018597 0.552331 -0.038202
v -0.018557 0.552383 -0.038412
v -0.018568 0.553262 -0.037809
v -0.018465 0.553409 -0.038396
v -0.018585 0.554269 -0.037516
v -0.018614 0.555313 -0.037340
v -0.018296 0.555468 -0.038065
v -0.018614 0.556344 -0.037267
v -0.018343 0.556485 -0.037910
v -0.018524 0.557370 -0.037489
v -0.018551 0.557305 -0.037257
v -0.018397 0.557392 -0.037637
v -0.018442 0.553279 -0.037939
v -0.018405 0.553332 -0.038154
v -0.018402 0.554244 -0.037529
v -0.018306 0.554397 -0.038129
v -0.018418 0.555249 -0.037230
v -0.018455 0.556256 -0.037059
v -0.018471 0.557214 -0.037002
v -0.018204 0.557366 -0.037660
v -0.018405 0.558138 -0.037255
v -0.018430 0.558069 -0.037019
v -0.018278 0.558164 -0.037407
v -0.018141 0.556420 -0.037801
v -0.018276 0.554261 -0.037664
v -0.018241 0.554317 -0.037883
v -0.018142 0.555383 -0.037858
v -0.018306 0.557124 -0.036793
v -0.018253 0.556191 -0.036950
v -0.018345 0.557973 -0.036762
v -0.018231 0.555224 -0.037246
v -0.018082 0.558139 -0.037433
v -0.018310 0.558763 -0.037054
v -0.018333 0.558686 -0.036815
v -0.018182 0.558794 -0.037209
v -0.018105 0.555243 -0.037385
v -0.018072 0.555301 -0.037609
v -0.018064 0.556165 -0.036969
v -0.017982 0.556333 -0.037593
v -0.018099 0.557057 -0.036685
v -0.017997 0.557299 -0.037552
v -0.018174 0.557878 -0.036553
v -0.018244 0.558582 -0.036557
v -0.017982 0.558770 -0.037238
v -0.018266 0.559122 -0.036653
v -0.018174 0.559000 -0.036397
v -0.018066 0.558480 -0.036348
v -0.018244 0.559216 -0.036890
v -0.018114 0.559257 -0.037046
v -0.017633 0.562467 -0.035418
v -0.017676 0.562351 -0.035186
v -0.017487 0.562517 -0.035564
v -0.017869 0.558069 -0.037327
v -0.017962 0.557808 -0.036447
v -0.017911 0.559234 -0.037079
v -0.017992 0.558883 -0.036192
v -0.017605 0.562200 -0.034930
v -0.017937 0.556186 -0.037112
v -0.017907 0.556247 -0.037341
v -0.017831 0.557209 -0.037343
v -0.017906 0.557031 -0.036708
v -0.017277 0.562488 -0.035585
v -0.017765 0.558696 -0.037134
v -0.017849 0.558406 -0.036244
v -0.017779 0.557053 -0.036856
v -0.017752 0.557119 -0.037088
v -0.017765 0.557783 -0.036473
v -0.017698 0.557974 -0.037118
v -0.017689 0.559153 -0.036979
v -0.017770 0.558802 -0.036093
v -0.017439 0.562055 -0.034718
v -0.017061 0.562387 -0.035475
v -0.017613 0.557878 -0.036860
v -0.017588 0.558594 -0.036925
v -0.017649 0.558382 -0.036274
v -0.017638 0.557809 -0.036624
v -0.017508 0.559036 -0.036774
v -0.017567 0.558779 -0.036125
v -0.017222 0.561954 -0.034608
v -0.017521 0.558413 -0.036429
v -0.017499 0.558490 -0.036667
v -0.016894 0.562242 -0.035264
v -0.017057 0.565268 -0.033750
v -0.017123 0.565129 -0.033528
v -0.016895 0.565327 -0.033883
v -0.017416 0.558914 -0.036519
v -0.017437 0.558820 -0.036281
v -0.017012 0.561925 -0.034629
v -0.017075 0.564947 -0.033277
v -0.016823 0.562091 -0.035007
v -0.016680 0.565289 -0.033893
v -0.016866 0.561975 -0.034775
v -0.016927 0.564770 -0.033064
v -0.016470 0.565166 -0.033775
v -0.016717 0.564646 -0.032947
v -0.016618 0.567561 -0.031695
v -0.016529 0.567720 -0.031904
v -0.016502 0.564609 -0.032956
v -0.016322 0.564989 -0.033563
v -0.016595 0.567351 -0.031452
v -0.016351 0.567784 -0.032023
v -0.016465 0.567146 -0.031241
v -0.016274 0.564807 -0.033312
v -0.016132 0.567737 -0.032021
v -0.016340 0.564668 -0.033090
v -0.016264 0.567000 -0.031118
v -0.015931 0.567592 -0.031898
v -0.016172 0.569756 -0.029703
v -0.016060 0.569928 -0.029899
v -0.016173 0.569524 -0.029469
v -0.016045 0.566953 -0.031116
v -0.015868 0.569995 -0.030004
v -0.015802 0.567387 -0.031687
v -0.016063 0.569295 -0.029259
v -0.015867 0.567018 -0.031235
v -0.015778 0.567176 -0.031444
v -0.015646 0.569939 -0.029990
v -0.015871 0.569130 -0.029129
v -0.016216 0.591498 -0.009303
v -0.015679 0.587040 -0.011786
v -0.016145 0.591332 -0.009015
v -0.015198 0.591590 -0.009274
v -0.016140 0.591704 -0.009630
v -0.015771 0.587218 -0.012052
v -0.015122 0.591796 -0.009602
v -0.015795 0.571821 -0.027571
v -0.015820 0.571575 -0.027341
v -0.015662 0.572002 -0.027756
v -0.015454 0.569774 -0.029861
v -0.015472 0.586955 -0.011639
v -0.015946 0.591251 -0.008845
v -0.015400 0.591399 -0.008994
v -0.015938 0.591895 -0.009910
v -0.015724 0.587441 -0.012363
v -0.015193 0.591962 -0.009889
v -0.015729 0.571328 -0.027129
v -0.015455 0.572068 -0.027847
v -0.015649 0.569073 -0.029115
v -0.015344 0.569545 -0.029651
v -0.015674 0.591275 -0.008837
v -0.015205 0.586985 -0.011648
v -0.015550 0.587649 -0.012638
v -0.015664 0.592019 -0.010067
v -0.015391 0.592043 -0.010059
v -0.015457 0.569140 -0.029220
v -0.015548 0.571148 -0.026990
v -0.015232 0.572002 -0.027820
v -0.015498 0.573867 -0.025314
v -0.015546 0.573613 -0.025084
v -0.015345 0.569313 -0.029416
v -0.015344 0.574049 -0.025491
v -0.015469 0.583586 -0.014759
v -0.015357 0.583398 -0.014518
v -0.015475 0.573356 -0.024864
v -0.015448 0.583824 -0.015052
v -0.015125 0.574112 -0.025569
v -0.015143 0.583310 -0.014393
v -0.014951 0.587122 -0.011812
v -0.015295 0.587786 -0.012802
v -0.015324 0.571082 -0.026963
v -0.015050 0.571821 -0.027681
v -0.015305 0.573164 -0.024712
v -0.015290 0.576002 -0.022947
v -0.015362 0.575747 -0.022712
v -0.015301 0.584049 -0.015318
v -0.015116 0.576182 -0.023120
v -0.015312 0.575486 -0.022478
v -0.015298 0.580493 -0.017409
v -0.015169 0.580297 -0.017194
v -0.014884 0.583347 -0.014418
v -0.015118 0.571148 -0.027054
v -0.014960 0.571575 -0.027469
v -0.014900 0.574038 -0.025527
v -0.015303 0.580743 -0.017681
v -0.014777 0.587330 -0.012087
v -0.015029 0.587816 -0.012811
v -0.014985 0.571328 -0.027239
v -0.015080 0.573090 -0.024669
v -0.015153 0.575289 -0.022309
v -0.014885 0.576239 -0.023186
v -0.015277 0.578088 -0.020239
v -0.015249 0.577829 -0.019988
v -0.015181 0.578337 -0.020484
v -0.014987 0.578510 -0.020655
v -0.015182 0.580982 -0.017937
v -0.015104 0.577630 -0.019796
v -0.014950 0.580209 -0.017092
v -0.015066 0.584199 -0.015486
v -0.014730 0.573846 -0.025375
v -0.014967 0.581145 -0.018107
v -0.014649 0.583497 -0.014587
v -0.014729 0.587553 -0.012398
v -0.014821 0.587731 -0.012664
v -0.014882 0.577545 -0.019716
v -0.014929 0.575208 -0.022248
v -0.014699 0.580253 -0.017131
v -0.014862 0.573153 -0.024747
v -0.014661 0.576158 -0.023126
v -0.014746 0.578560 -0.020708
v -0.014807 0.584236 -0.015511
v -0.014659 0.573589 -0.025155
v -0.014707 0.573335 -0.024925
v -0.014717 0.581188 -0.018147
v -0.014699 0.575265 -0.022314
v -0.014641 0.577595 -0.019769
v -0.014502 0.583722 -0.014853
v -0.014503 0.575960 -0.022956
v -0.014524 0.578475 -0.020628
v -0.014485 0.580415 -0.017302
v -0.014593 0.584148 -0.015386
v -0.014482 0.583960 -0.015145
v -0.014498 0.581100 -0.018045
v -0.014524 0.575445 -0.022487
v -0.014453 0.575699 -0.022722
v -0.014447 0.577768 -0.019941
v -0.014379 0.578276 -0.020437
v -0.014363 0.580654 -0.017557
v -0.014368 0.580905 -0.017829
v -0.014351 0.578017 -0.020185
v -0.024984 0.783001 -0.061744
v -0.024888 0.782992 -0.061783
v -0.024984 0.782962 -0.061753
v -0.022857 0.781024 -0.056186
v -0.024901 0.782954 -0.061787
v -0.024971 0.782932 -0.061765
v -0.022860 0.780969 -0.056212
v -0.024971 0.783039 -0.061740
v -0.024888 0.783032 -0.061774
v -0.022835 0.781078 -0.056169
v -0.024923 0.782928 -0.061784
v -0.024948 0.782919 -0.061776
v -0.022843 0.780927 -0.056239
v -0.024949 0.783066 -0.061742
v -0.024901 0.783062 -0.061762
v -0.022800 0.781117 -0.056164
v -0.022810 0.780910 -0.056260
v -0.024923 0.783074 -0.061750
v -0.022760 0.781129 -0.056173
v -0.022770 0.780922 -0.056269
v -0.022727 0.781113 -0.056194
v -0.022734 0.780961 -0.056264
v -0.022710 0.781071 -0.056221
v -0.022712 0.781015 -0.056247
v -0.020957 0.777923 -0.051181
v -0.020963 0.777856 -0.051229
v -0.020925 0.777989 -0.051144
v -0.020942 0.777807 -0.051274
v -0.020875 0.778036 -0.051128
v -0.020898 0.777787 -0.051305
v -0.020821 0.778052 -0.051137
v -0.020844 0.777803 -0.051314
v -0.020777 0.778033 -0.051168
v -0.020794 0.777851 -0.051297
v -0.020755 0.777983 -0.051213
v -0.020761 0.777916 -0.051261
v -0.021532 0.722428 0.023938
v -0.021727 0.722347 0.023249
v -0.021703 0.722187 0.023458
v -0.019467 0.721781 0.022498
v -0.021632 0.722216 0.023710
v -0.019328 0.721804 0.022715
v -0.021432 0.722764 0.024082
v -0.021698 0.722653 0.023141
v -0.019552 0.721944 0.022315
v -0.021356 0.723135 0.024102
v -0.021623 0.723024 0.023161
v -0.019558 0.722248 0.022216
v -0.019172 0.722007 0.022908
v -0.021327 0.723442 0.023993
v -0.021522 0.723361 0.023305
v -0.019486 0.722613 0.022226
v -0.019040 0.722334 0.023025
v -0.021351 0.723602 0.023785
v -0.021422 0.723572 0.023533
v -0.019354 0.722940 0.022343
v -0.018967 0.722699 0.023035
v -0.019198 0.723142 0.022536
v -0.018974 0.723003 0.022935
v -0.019059 0.723165 0.022752
v -0.019275 0.773808 -0.046688
v -0.019249 0.773753 -0.046752
v -0.019266 0.773882 -0.046617
v -0.019223 0.773955 -0.046559
v -0.019159 0.774009 -0.046529
v -0.019194 0.773732 -0.046793
v -0.019090 0.774027 -0.046535
v -0.019125 0.773751 -0.046800
v -0.019036 0.774007 -0.046576
v -0.019061 0.773804 -0.046770
v -0.019009 0.773952 -0.046641
v -0.019019 0.773878 -0.046712
v -0.017320 0.721470 0.021053
v -0.017504 0.721449 0.020880
v -0.017129 0.721668 0.021205
v -0.017632 0.721611 0.020732
v -0.016983 0.721989 0.021295
v -0.017669 0.721911 0.020649
v -0.016920 0.722348 0.021299
v -0.017606 0.722270 0.020653
v -0.016957 0.722649 0.021216
v -0.017460 0.722592 0.020743
v -0.017085 0.722810 0.021068
v -0.017269 0.722789 0.020895
v -0.017679 0.768924 -0.042609
v -0.017746 0.768945 -0.042559
v -0.017596 0.768945 -0.042612
v -0.017778 0.769004 -0.042476
v -0.017518 0.769003 -0.042568
v -0.017767 0.769083 -0.042382
v -0.017467 0.769082 -0.042488
v -0.017716 0.769163 -0.042302
v -0.017456 0.769162 -0.042394
v -0.017638 0.769221 -0.042257
v -0.017488 0.769220 -0.042310
v -0.017555 0.769242 -0.042261
v -0.016445 0.763712 -0.038363
v -0.016456 0.763626 -0.038480
v -0.016386 0.763797 -0.038262
v -0.016417 0.763564 -0.038580
v -0.015960 0.721361 0.018593
v -0.015805 0.721204 0.018707
v -0.016020 0.721655 0.018529
v -0.016337 0.763541 -0.038638
v -0.016296 0.763860 -0.038203
v -0.016198 0.763883 -0.038203
v -0.015969 0.722009 0.018532
v -0.016239 0.763564 -0.038637
v -0.016119 0.763860 -0.038260
v -0.015597 0.721226 0.018841
v -0.015820 0.722326 0.018601
v -0.016149 0.763627 -0.038578
v -0.016090 0.763712 -0.038477
v -0.016079 0.763797 -0.038361
v -0.015391 0.721423 0.018958
v -0.015614 0.722523 0.018718
v -0.015243 0.721740 0.019027
v -0.015406 0.722545 0.018851
v -0.015192 0.722093 0.019029
v -0.015251 0.722388 0.018965
v -0.015282 0.757950 -0.034450
v -0.015291 0.757857 -0.034587
v -0.015218 0.758043 -0.034329
v -0.015243 0.757789 -0.034703
v -0.015116 0.758111 -0.034256
v -0.015150 0.757764 -0.034766
v -0.015004 0.758136 -0.034251
v -0.015038 0.757789 -0.034761
v -0.014911 0.758111 -0.034315
v -0.014936 0.757857 -0.034688
v -0.014863 0.758043 -0.034430
v -0.014872 0.757950 -0.034567
v -0.014532 0.721207 0.016007
v -0.014608 0.721495 0.015961
v -0.014361 0.721056 0.016093
v -0.014570 0.721842 0.015966
v -0.014427 0.722157 0.016021
v -0.014142 0.721083 0.016195
v -0.014218 0.722354 0.016112
v -0.013933 0.721280 0.016285
v -0.013791 0.721595 0.016341
v -0.013999 0.722381 0.016214
v -0.014261 0.751980 -0.030530
v -0.014267 0.751876 -0.030685
v -0.014193 0.752084 -0.030391
v -0.013752 0.721942 0.016346
v -0.013829 0.722230 0.016300
v -0.014209 0.751800 -0.030814
v -0.014081 0.752159 -0.030305
v -0.014102 0.751772 -0.030882
v -0.013955 0.752187 -0.030294
v -0.013976 0.751799 -0.030872
v -0.013848 0.752159 -0.030363
v -0.013864 0.751875 -0.030785
v -0.013790 0.752083 -0.030491
v -0.013796 0.751979 -0.030646
v -0.013431 0.721443 0.013058
v -0.013342 0.721164 0.013087
v -0.013405 0.721784 0.013068
v -0.013162 0.721021 0.013150
v -0.013272 0.722096 0.013117
v -0.012939 0.721053 0.013228
v -0.013367 0.745985 -0.026491
v -0.013367 0.745865 -0.026660
v -0.013296 0.746104 -0.026336
v -0.013066 0.722294 0.013189
v -0.013297 0.745778 -0.026799
v -0.013175 0.746190 -0.026238
v -0.012734 0.721251 0.013300
v -0.013176 0.745745 -0.026871
v -0.013035 0.746222 -0.026222
v -0.012843 0.722327 0.013267
v -0.013037 0.745777 -0.026855
v -0.012914 0.746189 -0.026294
v -0.012600 0.721563 0.013349
v -0.012915 0.745864 -0.026757
v -0.012574 0.721904 0.013359
v -0.012663 0.722184 0.013329
v -0.012845 0.745983 -0.026602
v -0.012845 0.746102 -0.026433
v -0.012477 0.721513 0.009935
v -0.012378 0.721242 0.009949
v -0.012464 0.721847 0.009954
v -0.012581 0.740147 -0.022220
v -0.012574 0.740007 -0.022400
v -0.012510 0.740287 -0.022054
v -0.012192 0.721108 0.009992
v -0.012492 0.739904 -0.022545
v -0.012381 0.740389 -0.021946
v -0.012341 0.722156 0.010000
v -0.012356 0.739865 -0.022618
v -0.012229 0.740426 -0.021926
v -0.011971 0.721146 0.010052
v -0.012142 0.722355 0.010061
v -0.012203 0.739902 -0.022597
v -0.012093 0.740387 -0.021998
v -0.011772 0.721346 0.010113
v -0.012074 0.740004 -0.022490
v -0.012010 0.740284 -0.022144
v -0.011920 0.722393 0.010121
v -0.012003 0.740144 -0.022324
v -0.011649 0.721654 0.010159
v -0.011735 0.722259 0.010164
v -0.011635 0.721988 0.010177
v -0.011888 0.734649 -0.017606
v -0.011872 0.734481 -0.017789
v -0.011819 0.734817 -0.017435
v -0.011775 0.734358 -0.017936
v -0.011683 0.734939 -0.017322
v -0.011734 0.721717 0.006708
v -0.011627 0.721456 0.006706
v -0.011732 0.722043 0.006737
v -0.011438 0.721330 0.006732
v -0.011621 0.722347 0.006786
v -0.011623 0.734313 -0.018006
v -0.011518 0.734983 -0.017298
v -0.011366 0.734938 -0.017368
v -0.011220 0.721374 0.006779
v -0.011458 0.734357 -0.017982
v -0.011431 0.722548 0.006840
v -0.011322 0.734479 -0.017869
v -0.011270 0.734814 -0.017515
v -0.011254 0.734647 -0.017698
v -0.011029 0.721575 0.006833
v -0.011212 0.722592 0.006887
v -0.011270 0.729673 -0.012536
v -0.011243 0.729471 -0.012713
v -0.011205 0.729875 -0.012370
v -0.011064 0.730023 -0.012258
v -0.010918 0.721879 0.006882
v -0.011130 0.729324 -0.012853
v -0.011189 0.722065 0.003490
v -0.011074 0.721815 0.003472
v -0.011197 0.722383 0.003533
v -0.011024 0.722466 0.006912
v -0.010916 0.722206 0.006910
v -0.010887 0.730078 -0.012232
v -0.010884 0.721699 0.003482
v -0.011098 0.722682 0.003587
v -0.010963 0.729270 -0.012919
v -0.010719 0.730024 -0.012297
v -0.010670 0.721748 0.003519
v -0.010917 0.722884 0.003640
v -0.010785 0.729324 -0.012892
v -0.010645 0.729472 -0.012781
v -0.010607 0.729876 -0.012437
v -0.010712 0.725404 -0.006902
v -0.010652 0.725647 -0.006754
v -0.010580 0.729674 -0.012614
v -0.010489 0.721950 0.003571
v -0.010825 0.722571 0.000394
v -0.010704 0.722333 0.000357
v -0.010844 0.722878 0.000454
v -0.010703 0.722933 0.003677
v -0.010671 0.725161 -0.007057
v -0.010542 0.724984 -0.007178
v -0.010508 0.725825 -0.006653
v -0.010514 0.722227 0.000352
v -0.010756 0.723171 0.000520
v -0.010319 0.725891 -0.006626
v -0.010390 0.722249 0.003626
v -0.010513 0.722817 0.003687
v -0.010306 0.722282 0.000381
v -0.010399 0.722567 0.003669
v -0.010627 0.723246 -0.002470
v -0.010502 0.723023 -0.002529
v -0.010655 0.723539 -0.002386
v -0.010585 0.723371 0.000575
v -0.010578 0.723822 -0.002302
v -0.010358 0.724920 -0.007232
v -0.010169 0.724986 -0.007205
v -0.010135 0.725827 -0.006680
v -0.010135 0.722483 0.000437
v -0.010047 0.722776 0.000503
v -0.010313 0.722928 -0.002549
v -0.010110 0.722988 -0.002524
v -0.010376 0.723426 0.000605
v -0.010186 0.723320 0.000600
v -0.010453 0.723901 -0.005079
v -0.010265 0.723820 -0.005116
v -0.010581 0.724105 -0.004990
v -0.010417 0.724020 -0.002238
v -0.010617 0.724377 -0.004874
v -0.010549 0.724645 -0.004761
v -0.010398 0.724836 -0.004683
v -0.010202 0.724900 -0.004659
v -0.010025 0.725164 -0.007104
v -0.009965 0.725408 -0.006956
v -0.010006 0.725650 -0.006801
v -0.010066 0.723082 0.000563
v -0.010215 0.724080 -0.002213
v -0.009949 0.723186 -0.002461
v -0.010070 0.723884 -0.005093
v -0.010015 0.724820 -0.004697
v -0.010026 0.723986 -0.002233
v -0.009872 0.723470 -0.002376
v -0.009918 0.724076 -0.005014
v -0.009886 0.724616 -0.004786
v -0.009900 0.723762 -0.002293
v -0.009851 0.724344 -0.004902
v -0.036519 0.737883 -0.062662
v -0.036479 0.737889 -0.062689
v -0.036502 0.737879 -0.062682
v -0.035281 0.736848 -0.061381
v -0.036525 0.737902 -0.062635
v -0.036455 0.737911 -0.062683
v -0.035253 0.736866 -0.061397
v -0.035305 0.736855 -0.061354
v -0.035319 0.736886 -0.061323
v -0.036518 0.737928 -0.062609
v -0.035320 0.736932 -0.061297
v -0.036501 0.737957 -0.062590
v -0.036438 0.737939 -0.062664
v -0.035306 0.736981 -0.061282
v -0.036478 0.737979 -0.062583
v -0.036431 0.737966 -0.062638
v -0.035283 0.737020 -0.061283
v -0.036454 0.737989 -0.062591
v -0.036437 0.737984 -0.062611
v -0.035255 0.737039 -0.061299
v -0.035229 0.736905 -0.061398
v -0.035231 0.737032 -0.061326
v -0.035216 0.736955 -0.061383
v -0.035216 0.737001 -0.061357
v -0.033467 0.736219 -0.059350
v -0.033459 0.736156 -0.059375
v -0.033458 0.736285 -0.059340
v -0.033436 0.736115 -0.059409
v -0.033434 0.736338 -0.059347
v -0.033403 0.736105 -0.059442
v -0.033402 0.736363 -0.059371
v -0.033371 0.736130 -0.059466
v -0.033369 0.736353 -0.059404
v -0.033347 0.736183 -0.059474
v -0.033338 0.736249 -0.059463
v -0.033346 0.736312 -0.059438
v -0.031106 0.735694 -0.056763
v -0.031091 0.735617 -0.056789
v -0.031099 0.735776 -0.056755
v -0.031073 0.735842 -0.056768
v -0.031059 0.735565 -0.056826
v -0.031034 0.735872 -0.056797
v -0.031018 0.735553 -0.056865
v -0.030993 0.735860 -0.056836
v -0.030979 0.735583 -0.056894
v -0.030960 0.735808 -0.056873
v -0.030952 0.735649 -0.056907
v -0.030946 0.735731 -0.056899
v -0.028379 0.735264 -0.053533
v -0.028359 0.735173 -0.053560
v -0.028373 0.735362 -0.053526
v -0.028342 0.735439 -0.053541
v -0.028295 0.735475 -0.053575
v -0.028318 0.735111 -0.053601
v -0.028244 0.735460 -0.053618
v -0.028267 0.735097 -0.053644
v -0.028203 0.735398 -0.053658
v -0.028220 0.735132 -0.053677
v -0.028189 0.735209 -0.053693
v -0.028183 0.735307 -0.053686
v -0.025422 0.734948 -0.049647
v -0.025429 0.734836 -0.049655
v -0.025386 0.735037 -0.049663
v -0.025404 0.734730 -0.049684
v -0.025330 0.735078 -0.049699
v -0.025355 0.734659 -0.049728
v -0.025269 0.735061 -0.049745
v -0.025294 0.734642 -0.049774
v -0.025219 0.734989 -0.049789
v -0.025238 0.734683 -0.049810
v -0.025194 0.734883 -0.049818
v -0.025201 0.734771 -0.049826
v -0.022392 0.734443 -0.045114
v -0.022401 0.734316 -0.045124
v -0.022348 0.734543 -0.045129
v -0.022372 0.734196 -0.045157
v -0.022281 0.734589 -0.045165
v -0.022314 0.734115 -0.045203
v -0.022209 0.734568 -0.045212
v -0.022242 0.734095 -0.045251
v -0.022151 0.734487 -0.045259
v -0.022175 0.734141 -0.045287
v -0.022123 0.734367 -0.045291
v -0.022131 0.734240 -0.045302
v -0.019424 0.733752 -0.039923
v -0.019436 0.733611 -0.039938
v -0.019372 0.733863 -0.039933
v -0.019405 0.733477 -0.039975
v -0.019294 0.733913 -0.039967
v -0.019338 0.733386 -0.040024
v -0.019210 0.733890 -0.040014
v -0.019254 0.733363 -0.040071
v -0.019143 0.733799 -0.040063
v -0.019176 0.733413 -0.040105
v -0.019124 0.733524 -0.040115
v -0.019112 0.733665 -0.040100
v -0.016570 0.732380 -0.034184
v -0.016474 0.732353 -0.034230
v -0.016645 0.732480 -0.034133
v -0.016383 0.732407 -0.034258
v -0.016679 0.732628 -0.034091
v -0.016322 0.732527 -0.034261
v -0.016663 0.732783 -0.034069
v -0.016306 0.732682 -0.034239
v -0.016602 0.732904 -0.034072
v -0.016340 0.732830 -0.034197
v -0.016511 0.732958 -0.034100
v -0.016415 0.732931 -0.034146
v -0.014272 0.731274 -0.027580
v -0.014236 0.731113 -0.027629
v -0.014252 0.731443 -0.027548
v -0.014181 0.731572 -0.027541
v -0.014152 0.731002 -0.027681
v -0.014077 0.731629 -0.027561
v -0.013969 0.731598 -0.027602
v -0.014045 0.730971 -0.027723
v -0.013886 0.731487 -0.027655
v -0.013941 0.731028 -0.027743
v -0.013870 0.731158 -0.027736
v -0.013850 0.731326 -0.027704
v -0.012333 0.729637 -0.020355
v -0.012358 0.729457 -0.020399
v -0.012252 0.729775 -0.020334
v -0.012319 0.729283 -0.020456
v -0.012136 0.729834 -0.020343
v -0.012228 0.729161 -0.020510
v -0.012017 0.729797 -0.020379
v -0.012108 0.729125 -0.020546
v -0.011925 0.729676 -0.020432
v -0.011992 0.729184 -0.020555
v -0.011887 0.729502 -0.020489
v -0.011911 0.729321 -0.020534
v -0.011050 0.727274 -0.012485
v -0.011078 0.727083 -0.012544
v -0.010960 0.727418 -0.012447
v -0.011038 0.726896 -0.012610
v -0.010833 0.727477 -0.012442
v -0.010938 0.726764 -0.012665
v -0.010702 0.727435 -0.012471
v -0.010807 0.726721 -0.012693
v -0.010603 0.727302 -0.012526
v -0.010680 0.726780 -0.012688
v -0.010590 0.726925 -0.012651
v -0.010562 0.727116 -0.012592
v -0.010577 0.724058 -0.004009
v -0.010546 0.724259 -0.003933
v -0.010534 0.723859 -0.004085
v -0.010448 0.724408 -0.003877
v -0.010427 0.723716 -0.004140
v -0.010286 0.723667 -0.004160
v -0.010311 0.724466 -0.003856
v -0.010169 0.724417 -0.003876
v -0.010019 0.724075 -0.004008
v -0.010050 0.723874 -0.004084
v -0.010063 0.724274 -0.003932
v -0.010148 0.723725 -0.004140
usemtl Cutaneous_br_of_Anterior_br_of_Obturator_nerve_rMaterial0
f 1 2 3
f 4 3 5
f 6 3 7
f 1 3 6
f 7 3 4
f 8 9 2
f 10 11 9
f 10 9 8
f 8 2 1
f 12 13 11
f 12 11 10
f 14 5 15
f 4 5 14
f 16 17 13
f 18 13 12
f 19 13 18
f 16 13 19
f 20 15 17
f 20 17 16
f 14 15 20
f 21 6 7
f 22 1 6
f 22 6 21
f 23 7 4
f 21 7 23
f 24 4 14
f 23 4 24
f 25 14 20
f 24 14 25
f 26 8 1
f 26 1 22
f 27 10 8
f 27 8 26
f 28 12 10
f 28 10 27
f 29 18 12
f 29 12 28
f 30 19 18
f 30 18 29
f 31 20 16
f 25 20 31
f 32 16 19
f 32 19 30
f 31 16 32
f 33 23 24
f 34 21 23
f 34 23 33
f 35 24 25
f 33 24 35
f 36 25 31
f 35 25 36
f 37 22 21
f 37 21 34
f 38 31 32
f 36 31 38
f 39 26 22
f 39 22 37
f 40 27 26
f 40 26 39
f 41 32 30
f 38 32 41
f 42 28 27
f 42 27 40
f 43 30 29
f 41 30 43
f 44 29 28
f 44 28 42
f 43 29 44
f 45 33 35
f 46 34 33
f 46 33 45
f 47 35 36
f 45 35 47
f 48 37 34
f 48 34 46
f 49 36 38
f 47 36 49
f 50 39 37
f 50 37 48
f 51 38 41
f 49 38 51
f 52 40 39
f 52 39 50
f 53 41 43
f 51 41 53
f 54 42 40
f 54 40 52
f 55 43 44
f 56 44 42
f 55 44 56
f 53 43 55
f 56 42 54
f 57 46 45
f 58 45 47
f 57 45 58
f 59 48 46
f 59 46 57
f 60 47 49
f 58 47 60
f 61 50 48
f 61 48 59
f 62 49 51
f 60 49 62
f 63 52 50
f 63 50 61
f 64 51 53
f 62 51 64
f 65 54 52
f 65 52 63
f 66 53 55
f 64 53 66
f 67 56 54
f 67 54 65
f 68 55 56
f 66 55 68
f 68 56 67
f 69 57 58
f 70 59 57
f 70 57 69
f 71 58 60
f 69 58 71
f 72 61 59
f 72 59 70
f 73 60 62
f 71 60 73
f 74 63 61
f 74 61 72
f 75 62 64
f 73 62 75
f 76 65 63
f 76 63 74
f 77 64 66
f 75 64 77
f 78 67 65
f 78 65 76
f 79 66 68
f 77 66 79
f 80 68 67
f 79 68 80
f 80 67 78
f 81 70 69
f 82 69 71
f 81 69 82
f 83 72 70
f 83 70 81
f 84 71 73
f 82 71 84
f 85 74 72
f 85 72 83
f 86 73 75
f 84 73 86
f 87 76 74
f 87 74 85
f 88 75 77
f 86 75 88
f 89 78 76
f 89 76 87
f 90 77 79
f 88 77 90
f 91 80 78
f 91 78 89
f 92 79 80
f 90 79 92
f 92 80 91
f 93 81 82
f 94 83 81
f 94 81 93
f 95 82 84
f 93 82 95
f 96 85 83
f 96 83 94
f 97 84 86
f 95 84 97
f 98 87 85
f 98 85 96
f 99 86 88
f 97 86 99
f 100 89 87
f 100 87 98
f 101 88 90
f 99 88 101
f 102 91 89
f 102 89 100
f 103 90 92
f 101 90 103
f 104 92 91
f 103 92 104
f 104 91 102
f 105 94 93
f 106 93 95
f 105 93 106
f 107 96 94
f 107 94 105
f 108 98 96
f 108 96 107
f 109 95 97
f 106 95 109
f 110 97 99
f 109 97 110
f 111 100 98
f 111 98 108
f 112 102 100
f 112 100 111
f 113 99 101
f 110 99 113
f 114 101 103
f 113 101 114
f 115 104 102
f 115 102 112
f 116 103 104
f 114 103 116
f 116 104 115
f 117 107 105
f 118 105 106
f 117 105 118
f 119 108 107
f 119 107 117
f 120 106 109
f 118 106 120
f 121 111 108
f 121 108 119
f 122 109 110
f 120 109 122
f 123 112 111
f 123 111 121
f 124 110 113
f 122 110 124
f 125 115 112
f 125 112 123
f 126 113 114
f 124 113 126
f 127 114 116
f 126 114 127
f 128 116 115
f 127 116 128
f 128 115 125
f 129 117 118
f 130 118 120
f 129 118 130
f 131 119 117
f 131 117 129
f 132 121 119
f 132 119 131
f 133 123 121
f 133 121 132
f 134 120 122
f 130 120 134
f 135 125 123
f 135 123 133
f 136 122 124
f 137 124 126
f 136 124 137
f 134 122 136
f 138 126 127
f 137 126 138
f 139 127 128
f 138 127 139
f 140 128 125
f 139 128 140
f 140 125 135
f 141 136 137
f 142 137 138
f 141 137 142
f 143 134 136
f 143 136 141
f 144 138 139
f 142 138 144
f 145 130 134
f 145 134 143
f 146 129 130
f 146 130 145
f 147 139 140
f 144 139 147
f 148 140 135
f 147 140 148
f 149 131 129
f 149 129 146
f 150 135 133
f 148 135 150
f 151 132 131
f 151 131 149
f 152 133 132
f 150 133 152
f 152 132 151
f 153 141 142
f 154 142 144
f 153 142 154
f 155 143 141
f 155 141 153
f 156 144 147
f 154 144 156
f 157 145 143
f 157 143 155
f 158 147 148
f 156 147 158
f 159 146 145
f 159 145 157
f 160 148 150
f 158 148 160
f 161 149 146
f 161 146 159
f 162 150 152
f 160 150 162
f 163 151 149
f 163 149 161
f 164 152 151
f 162 152 164
f 164 151 163
f 165 155 153
f 165 153 166
f 166 153 154
f 167 157 155
f 167 155 165
f 168 159 157
f 168 157 167
f 169 161 159
f 169 159 168
f 170 162 164
f 171 160 162
f 171 162 170
f 172 163 161
f 172 161 169
f 173 164 163
f 170 164 173
f 173 163 172
f 174 167 165
f 175 165 166
f 174 165 175
f 176 168 167
f 176 167 174
f 177 169 168
f 177 168 176
f 178 172 169
f 178 169 177
f 179 173 172
f 180 170 173
f 180 173 179
f 179 172 178
f 181 154 156
f 166 154 181
f 182 156 158
f 181 156 182
f 183 158 160
f 182 158 183
f 183 160 171
f 184 166 181
f 175 166 184
f 185 171 170
f 185 170 180
f 186 176 174
f 187 174 175
f 186 174 187
f 188 177 176
f 188 176 186
f 189 178 177
f 189 177 188
f 190 179 178
f 190 178 189
f 191 181 182
f 184 181 191
f 192 183 171
f 192 171 185
f 193 175 184
f 187 175 193
f 194 180 179
f 194 179 190
f 195 188 186
f 196 186 187
f 195 186 196
f 197 189 188
f 197 188 195
f 198 182 183
f 191 182 198
f 198 183 192
f 193 184 199
f 199 184 191
f 200 187 193
f 196 187 200
f 201 185 180
f 201 180 194
f 202 190 189
f 202 189 197
f 203 193 199
f 200 193 203
f 204 191 198
f 199 191 204
f 205 198 192
f 204 198 205
f 206 192 185
f 205 192 206
f 206 185 201
f 207 199 204
f 203 199 207
f 208 194 190
f 209 201 194
f 209 194 208
f 208 190 202
f 210 196 200
f 211 200 203
f 210 200 211
f 212 195 196
f 212 196 210
f 213 197 195
f 213 195 212
f 214 202 197
f 214 197 213
f 215 204 205
f 207 204 215
f 216 203 207
f 211 203 216
f 217 205 206
f 215 205 217
f 218 206 201
f 218 201 209
f 217 206 218
f 219 208 202
f 219 202 214
f 220 207 215
f 216 207 220
f 221 215 217
f 220 215 221
f 222 209 208
f 222 208 219
f 223 211 216
f 224 216 220
f 223 216 224
f 225 210 211
f 225 211 223
f 226 212 210
f 226 210 225
f 227 213 212
f 228 214 213
f 228 213 227
f 227 212 226
f 229 217 218
f 221 217 229
f 230 218 209
f 229 218 230
f 230 209 222
f 231 220 221
f 224 220 231
f 232 219 214
f 232 214 228
f 233 221 229
f 231 221 233
f 234 222 219
f 234 219 232
f 235 225 223
f 236 223 224
f 235 223 236
f 237 226 225
f 237 225 235
f 238 227 226
f 238 226 237
f 239 229 230
f 233 229 239
f 240 230 222
f 240 222 234
f 241 224 231
f 236 224 241
f 239 230 240
f 242 228 227
f 242 227 238
f 243 231 233
f 241 231 243
f 244 232 228
f 244 228 242
f 245 233 239
f 243 233 245
f 246 234 232
f 246 232 244
f 247 235 236
f 248 237 235
f 248 235 247
f 249 236 241
f 247 236 249
f 250 239 240
f 245 239 250
f 251 240 234
f 250 240 251
f 251 234 246
f 252 241 243
f 249 241 252
f 253 238 237
f 253 237 248
f 254 242 238
f 254 238 253
f 255 243 245
f 252 243 255
f 256 244 242
f 256 242 254
f 257 245 250
f 255 245 257
f 258 246 244
f 258 244 256
f 259 250 251
f 257 250 259
f 260 251 246
f 259 251 260
f 260 246 258
f 261 247 249
f 262 249 252
f 261 249 262
f 263 248 247
f 263 247 261
f 264 252 255
f 262 252 264
f 265 253 248
f 265 248 263
f 266 255 257
f 264 255 266
f 267 254 253
f 267 253 265
f 268 257 259
f 266 257 268
f 269 256 254
f 269 254 267
f 270 259 260
f 268 259 270
f 271 258 256
f 271 256 269
f 272 260 258
f 270 260 272
f 272 258 271
f 273 261 262
f 274 262 264
f 273 262 274
f 275 263 261
f 275 261 273
f 276 264 266
f 274 264 276
f 277 265 263
f 277 263 275
f 278 266 268
f 276 266 278
f 279 267 265
f 279 265 277
f 280 268 270
f 278 268 280
f 281 269 267
f 281 267 279
f 282 270 272
f 280 270 282
f 283 271 269
f 283 269 281
f 284 272 271
f 282 272 284
f 284 271 283
f 279 273 274
f 281 274 276
f 279 274 281
f 277 275 273
f 277 273 279
f 283 276 278
f 281 276 283
f 284 278 280
f 283 278 284
f 284 280 282
usemtl Cutaneous_br_of_Anterior_br_of_Obturator_nerve_rMaterial1
f 285 286 287
f 286 288 287
f 289 287 290
f 287 291 290
f 285 287 289
f 287 288 291
f 292 293 286
f 293 294 286
f 292 286 285
f 286 294 288
f 295 293 292
f 295 296 293
f 293 296 294
f 297 290 298
f 290 299 298
f 289 290 297
f 290 291 299
f 292 300 295
f 295 300 296
f 301 298 302
f 298 303 302
f 297 298 301
f 298 299 303
f 285 304 292
f 292 304 300
f 302 305 301
f 302 303 305
f 289 306 285
f 285 306 304
f 301 307 297
f 301 305 307
f 297 308 289
f 297 307 308
f 289 308 306
f 294 309 288
f 288 310 291
f 288 309 310
f 296 311 294
f 294 311 309
f 300 312 296
f 296 312 311
f 291 313 299
f 291 310 313
f 304 314 300
f 300 314 312
f 315 316 317
f 316 318 317
f 319 317 320
f 317 321 320
f 315 317 319
f 317 318 321
f 322 323 316
f 323 324 316
f 322 316 315
f 316 324 318
f 325 326 323
f 327 325 323
f 323 326 324
f 327 323 322
f 299 328 303
f 299 313 328
f 320 329 330
f 331 320 330
f 330 329 332
f 333 330 332
f 331 330 333
f 319 320 331
f 320 321 329
f 334 326 325
f 334 325 327
f 335 324 326
f 335 326 334
f 336 315 319
f 337 319 331
f 336 319 337
f 338 322 315
f 338 315 336
f 339 327 322
f 339 322 338
f 340 332 329
f 333 332 340
f 341 329 321
f 340 329 341
f 342 321 318
f 341 321 342
f 343 318 324
f 342 318 343
f 343 324 335
f 344 331 333
f 337 331 344
f 345 334 327
f 345 327 339
f 306 346 304
f 304 346 314
f 347 333 340
f 344 333 347
f 348 335 334
f 348 334 345
f 303 349 305
f 303 328 349
f 350 340 341
f 347 340 350
f 351 341 342
f 350 341 351
f 352 342 343
f 351 342 352
f 353 343 335
f 352 343 353
f 353 335 348
f 308 354 306
f 306 354 346
f 355 336 337
f 356 337 344
f 355 337 356
f 357 338 336
f 357 336 355
f 358 339 338
f 358 338 357
f 305 359 307
f 305 349 359
f 360 344 347
f 356 344 360
f 361 345 339
f 361 339 358
f 362 347 350
f 360 347 362
f 363 348 345
f 363 345 361
f 307 364 308
f 308 364 354
f 307 359 364
f 365 353 348
f 365 348 363
f 366 350 351
f 362 350 366
f 367 351 352
f 366 351 367
f 368 352 353
f 367 352 368
f 368 353 365
f 369 355 356
f 370 356 360
f 369 356 370
f 371 357 355
f 371 355 369
f 372 358 357
f 372 357 371
f 311 373 309
f 309 374 310
f 309 373 374
f 312 375 311
f 311 375 373
f 376 360 362
f 370 360 376
f 377 361 358
f 377 358 372
f 314 378 312
f 312 378 375
f 379 362 366
f 376 362 379
f 380 363 361
f 380 361 377
f 310 381 313
f 310 374 381
f 382 366 367
f 379 366 382
f 383 367 368
f 382 367 383
f 384 368 365
f 383 368 384
f 385 365 363
f 384 365 385
f 385 363 380
f 346 386 314
f 314 386 378
f 313 387 328
f 313 381 387
f 354 388 346
f 346 388 386
f 389 370 376
f 390 376 379
f 389 376 390
f 391 369 370
f 391 370 389
f 392 371 369
f 392 369 391
f 393 372 371
f 393 371 392
f 394 377 372
f 394 372 393
f 328 395 349
f 328 387 395
f 396 380 377
f 396 377 394
f 390 379 397
f 397 379 382
f 398 385 380
f 398 380 396
f 349 399 359
f 349 395 399
f 359 400 364
f 359 399 400
f 364 401 354
f 364 400 401
f 354 401 388
f 373 402 374
f 374 403 381
f 374 402 403
f 375 404 373
f 373 404 402
f 378 405 375
f 375 405 404
f 386 406 378
f 378 406 405
f 407 389 390
f 407 390 408
f 408 390 397
f 409 391 389
f 409 389 407
f 410 392 391
f 410 391 409
f 411 393 392
f 411 392 410
f 412 394 393
f 412 393 411
f 413 394 412
f 413 396 394
f 414 382 383
f 397 382 414
f 415 383 384
f 414 383 415
f 416 384 385
f 415 384 416
f 416 385 398
f 381 417 387
f 387 418 395
f 387 417 418
f 381 403 417
f 388 419 386
f 401 420 388
f 388 420 419
f 386 419 406
f 404 421 402
f 402 421 422
f 402 422 403
f 405 423 404
f 404 423 421
f 406 424 405
f 405 424 423
f 406 425 424
f 419 425 406
f 423 407 421
f 421 407 408
f 421 408 422
f 424 409 423
f 423 409 407
f 425 410 424
f 424 410 409
f 425 411 410
f 426 411 425
f 419 426 425
f 408 397 427
f 422 408 427
f 426 412 411
f 428 412 426
f 428 413 412
f 427 397 414
f 429 414 415
f 427 414 429
f 430 415 416
f 429 415 430
f 431 416 398
f 430 416 431
f 432 398 396
f 431 398 432
f 432 396 413
f 395 433 399
f 395 418 433
f 400 434 401
f 401 434 420
f 403 422 435
f 403 435 417
f 420 426 419
f 422 427 435
f 420 428 426
f 435 427 429
f 436 432 413
f 436 413 428
f 399 437 400
f 399 433 437
f 400 437 434
f 417 435 438
f 417 438 418
f 434 428 420
f 435 429 438
f 438 429 430
f 439 431 432
f 439 432 436
f 434 436 428
f 440 430 431
f 438 430 440
f 440 431 439
f 418 438 440
f 418 440 433
f 437 436 434
f 437 439 436
f 433 439 437
f 433 440 439
f 441 442 443
f 444 443 442
f 445 442 441
f 444 442 445
f 441 443 446
f 446 443 447
f 448 447 443
f 448 443 444
f 449 441 446
f 445 441 449
f 446 447 450
f 450 447 451
f 452 451 447
f 452 447 448
f 453 446 450
f 449 446 453
f 450 451 454
f 454 451 455
f 456 455 451
f 456 451 452
f 457 450 454
f 453 450 457
f 454 455 458
f 458 455 459
f 460 459 455
f 460 455 456
f 461 454 458
f 457 454 461
f 458 459 462
f 463 462 459
f 463 459 460
f 464 458 462
f 461 458 464
f 464 462 463
f 465 457 461
f 466 461 464
f 465 461 466
f 467 453 457
f 467 457 465
f 468 449 453
f 468 453 467
f 469 464 463
f 466 464 469
f 470 445 449
f 470 449 468
f 471 463 460
f 469 463 471
f 472 444 445
f 472 445 470
f 473 460 456
f 471 460 473
f 474 448 444
f 474 444 472
f 475 456 452
f 473 456 475
f 476 452 448
f 475 452 476
f 476 448 474
f 477 465 466
f 478 466 469
f 477 466 478
f 479 467 465
f 479 465 477
f 480 468 467
f 480 467 479
f 481 469 471
f 482 471 473
f 481 471 482
f 478 469 481
f 483 470 468
f 484 472 470
f 484 470 483
f 483 468 480
f 485 473 475
f 482 473 485
f 486 475 476
f 485 475 486
f 487 476 474
f 486 476 487
f 488 474 472
f 487 474 488
f 488 472 484
f 489 478 481
f 490 481 482
f 489 481 490
f 491 477 478
f 491 478 489
f 492 479 477
f 492 477 491
f 493 480 479
f 493 479 492
f 494 483 480
f 494 480 493
f 495 482 485
f 490 482 495
f 496 484 483
f 496 483 494
f 497 485 486
f 495 485 497
f 498 488 484
f 498 484 496
f 499 486 487
f 497 486 499
f 500 487 488
f 499 487 500
f 500 488 498
f 501 491 489
f 502 492 491
f 502 491 501
f 503 489 490
f 504 490 495
f 503 490 504
f 501 489 503
f 505 493 492
f 505 492 502
f 506 494 493
f 506 493 505
f 507 495 497
f 508 497 499
f 507 497 508
f 504 495 507
f 509 496 494
f 510 498 496
f 510 496 509
f 509 494 506
f 511 499 500
f 508 499 511
f 512 500 498
f 512 498 510
f 511 500 512
f 513 501 503
f 514 503 504
f 513 503 514
f 515 502 501
f 515 501 513
f 516 505 502
f 516 502 515
f 517 518 519
f 520 517 519
f 519 521 522
f 523 519 522
f 519 518 521
f 520 519 523
f 524 525 517
f 526 524 517
f 517 525 518
f 526 517 520
f 527 504 507
f 514 504 527
f 528 506 505
f 528 505 516
f 522 529 530
f 531 522 530
f 522 521 529
f 523 522 531
f 524 532 525
f 533 532 524
f 533 524 526
f 534 507 508
f 535 508 511
f 534 508 535
f 527 507 534
f 536 511 512
f 535 511 536
f 537 512 510
f 536 512 537
f 538 510 509
f 537 510 538
f 539 509 506
f 538 509 539
f 539 506 528
f 540 513 514
f 541 514 527
f 540 514 541
f 542 515 513
f 542 513 540
f 543 516 515
f 543 515 542
f 525 544 518
f 518 544 545
f 518 545 521
f 525 546 544
f 532 546 525
f 530 547 548
f 549 530 548
f 548 547 550
f 548 550 549
f 530 529 547
f 531 530 549
f 533 551 532
f 526 551 533
f 552 534 535
f 553 527 534
f 553 534 552
f 554 535 536
f 552 535 554
f 541 527 553
f 555 536 537
f 554 536 555
f 556 537 538
f 555 537 556
f 557 538 539
f 556 538 557
f 558 539 528
f 557 539 558
f 559 528 516
f 559 516 543
f 558 528 559
f 560 541 553
f 560 553 561
f 561 553 552
f 562 540 541
f 562 541 560
f 563 542 540
f 563 540 562
f 564 543 542
f 564 542 563
f 565 559 543
f 565 543 564
f 566 562 560
f 566 560 567
f 567 560 561
f 568 563 562
f 568 562 566
f 569 563 568
f 569 564 563
f 544 566 567
f 544 567 545
f 545 567 570
f 567 561 570
f 546 568 566
f 546 566 544
f 571 568 546
f 571 569 568
f 521 545 572
f 545 570 572
f 521 572 529
f 529 572 573
f 572 570 574
f 572 574 573
f 532 571 546
f 551 571 532
f 551 575 571
f 575 569 571
f 529 573 547
f 547 576 550
f 547 573 576
f 526 577 551
f 577 575 551
f 549 578 531
f 549 550 578
f 531 579 523
f 531 578 579
f 523 580 520
f 523 579 580
f 520 577 526
f 520 580 577
f 561 552 581
f 581 552 554
f 582 558 559
f 582 559 565
f 570 561 581
f 583 564 569
f 583 565 564
f 570 581 574
f 575 583 569
f 577 584 575
f 584 583 575
f 550 585 578
f 550 576 585
f 580 584 577
f 586 554 555
f 581 554 586
f 587 555 556
f 586 555 587
f 588 557 558
f 589 556 557
f 589 557 588
f 588 558 582
f 574 581 586
f 590 565 583
f 590 582 565
f 584 590 583
f 573 574 591
f 573 591 576
f 578 592 579
f 578 585 592
f 579 593 580
f 579 592 593
f 580 593 584
f 587 556 589
f 574 586 591
f 593 590 584
f 594 588 582
f 594 582 590
f 576 591 595
f 576 595 585
f 591 586 587
f 595 587 589
f 591 587 595
f 596 589 588
f 595 589 596
f 596 588 594
f 593 594 590
f 585 596 592
f 585 595 596
f 592 594 593
f 592 596 594
f 597 598 599
f 600 597 599
f 601 602 597
f 603 601 597
f 597 602 598
f 603 597 600
f 599 604 605
f 606 599 605
f 599 598 604
f 600 599 606
f 607 608 601
f 609 607 601
f 601 608 602
f 609 601 603
f 605 604 610
f 605 610 606
f 607 611 608
f 612 611 607
f 613 607 609
f 613 612 607
f 598 614 604
f 604 615 610
f 604 614 615
f 602 616 598
f 598 616 614
f 608 617 602
f 602 617 616
f 611 618 608
f 608 618 617
f 612 619 611
f 619 620 611
f 611 620 618
f 606 621 600
f 606 610 621
f 600 622 603
f 600 621 622
f 603 623 609
f 603 622 623
f 609 624 613
f 609 623 624
f 625 612 613
f 625 619 612
f 613 626 625
f 613 624 626
f 625 626 619
f 610 627 621
f 610 615 627
f 626 628 619
f 619 628 620
f 621 629 622
f 621 627 629
f 624 630 626
f 626 630 628
f 617 631 616
f 618 632 617
f 617 632 631
f 616 633 614
f 616 631 633
f 620 634 618
f 618 634 632
f 622 635 623
f 622 629 635
f 623 636 624
f 624 636 630
f 623 635 636
f 614 637 615
f 614 633 637
f 628 638 620
f 620 638 634
f 615 639 627
f 615 637 639
f 630 640 628
f 628 640 638
f 627 641 629
f 627 639 641
f 636 642 630
f 630 642 640
f 632 643 631
f 634 644 632
f 632 644 643
f 631 645 633
f 631 643 645
f 638 646 634
f 634 646 644
f 629 647 635
f 629 641 647
f 635 648 636
f 636 648 642
f 635 647 648
f 640 649 638
f 638 649 646
f 633 650 637
f 633 645 650
f 642 651 640
f 640 651 649
f 637 652 639
f 637 650 652
f 648 653 642
f 642 653 651
f 639 654 641
f 639 652 654
f 646 655 644
f 644 656 643
f 644 655 656
f 649 657 646
f 646 657 655
f 643 658 645
f 643 656 658
f 641 659 647
f 641 654 659
f 647 660 648
f 648 660 653
f 647 659 660
f 651 661 649
f 649 661 657
f 645 662 650
f 645 658 662
f 653 663 651
f 651 663 661
f 650 664 652
f 650 662 664
f 652 665 654
f 652 664 665
f 660 666 653
f 653 666 663
f 655 667 656
f 657 668 655
f 655 668 667
f 656 669 658
f 656 667 669
f 661 670 657
f 657 670 668
f 659 671 660
f 660 671 666
f 654 672 659
f 654 665 672
f 659 672 671
f 663 673 661
f 661 673 670
f 658 674 662
f 658 669 674
f 666 675 663
f 663 675 673
f 662 676 664
f 662 674 676
f 664 677 665
f 664 676 677
f 671 678 666
f 666 678 675
f 670 679 668
f 668 680 667
f 668 679 680
f 673 681 670
f 670 681 679
f 667 682 669
f 667 680 682
f 665 683 672
f 665 677 683
f 672 684 671
f 671 684 678
f 675 685 673
f 673 685 681
f 672 683 684
f 669 686 674
f 669 682 686
f 678 687 675
f 675 687 685
f 674 688 676
f 674 686 688
f 684 689 678
f 678 689 687
f 681 690 679
f 679 691 680
f 679 690 691
f 676 692 677
f 676 688 692
f 685 693 681
f 681 693 690
f 680 694 682
f 680 691 694
f 683 695 684
f 684 695 689
f 677 696 683
f 677 692 696
f 687 697 685
f 685 697 693
f 683 696 695
f 682 698 686
f 682 694 698
f 689 699 687
f 687 699 697
f 686 700 688
f 686 698 700
f 690 701 691
f 693 702 690
f 690 702 701
f 688 703 692
f 688 700 703
f 695 704 689
f 689 704 699
f 691 705 694
f 691 701 705
f 697 706 693
f 693 706 702
f 696 707 695
f 695 707 704
f 692 708 696
f 692 703 708
f 699 709 697
f 697 709 706
f 694 710 698
f 694 705 710
f 696 708 707
f 704 711 699
f 699 711 709
f 698 712 700
f 698 710 712
f 706 713 702
f 702 714 701
f 702 713 714
f 707 715 704
f 704 715 711
f 709 716 706
f 706 716 713
f 700 717 703
f 700 712 717
f 701 718 705
f 701 714 718
f 719 720 721
f 722 719 721
f 723 724 719
f 725 723 719
f 719 724 720
f 725 719 722
f 708 726 707
f 707 726 715
f 721 727 728
f 729 721 728
f 721 720 727
f 722 721 729
f 730 731 723
f 732 730 723
f 723 731 724
f 732 723 725
f 711 733 709
f 709 733 716
f 703 734 708
f 703 717 734
f 705 735 710
f 705 718 735
f 736 737 730
f 738 736 730
f 730 737 731
f 738 730 732
f 708 734 726
f 728 727 739
f 740 728 739
f 729 728 740
f 741 737 736
f 741 736 738
f 742 739 727
f 740 739 742
f 743 731 737
f 743 737 741
f 744 727 720
f 742 727 744
f 715 745 711
f 711 745 733
f 746 720 724
f 744 720 746
f 747 724 731
f 747 731 743
f 710 748 712
f 710 735 748
f 746 724 747
f 713 749 714
f 716 750 713
f 713 750 749
f 751 722 729
f 752 729 740
f 751 729 752
f 753 725 722
f 753 722 751
f 754 732 725
f 754 725 753
f 714 755 718
f 714 749 755
f 733 756 716
f 716 756 750
f 712 757 717
f 712 748 757
f 726 758 715
f 715 758 745
f 759 740 742
f 752 740 759
f 760 738 732
f 760 732 754
f 761 742 744
f 759 742 761
f 762 741 738
f 762 738 760
f 718 763 735
f 718 755 763
f 745 764 733
f 733 764 756
f 717 765 734
f 717 757 765
f 734 766 726
f 726 766 758
f 767 744 746
f 761 744 767
f 768 743 741
f 768 741 762
f 734 765 766
f 769 746 747
f 767 746 769
f 770 747 743
f 770 743 768
f 769 747 770
f 758 771 745
f 745 771 764
f 735 772 748
f 735 763 772
f 773 751 752
f 774 753 751
f 774 751 773
f 775 752 759
f 773 752 775
f 776 754 753
f 776 753 774
f 777 760 754
f 777 754 776
f 750 778 749
f 756 779 750
f 750 779 778
f 780 759 761
f 775 759 780
f 749 781 755
f 749 778 781
f 764 782 756
f 756 782 779
f 766 783 758
f 758 783 771
f 784 761 767
f 780 761 784
f 785 762 760
f 785 760 777
f 748 786 757
f 748 772 786
f 787 767 769
f 784 767 787
f 788 768 762
f 788 762 785
f 755 789 763
f 755 781 789
f 771 790 764
f 764 790 782
f 757 791 765
f 757 786 791
f 765 792 766
f 766 792 783
f 793 769 770
f 787 769 793
f 794 770 768
f 793 770 794
f 794 768 788
f 795 773 775
f 796 774 773
f 796 773 795
f 765 791 792
f 797 775 780
f 795 775 797
f 798 776 774
f 798 774 796
f 799 777 776
f 799 776 798
f 783 800 771
f 771 800 790
f 801 780 784
f 797 780 801
f 763 802 772
f 763 789 802
f 803 784 787
f 801 784 803
f 804 785 777
f 804 777 799
f 779 805 778
f 782 806 779
f 779 806 805
f 778 807 781
f 778 805 807
f 790 808 782
f 782 808 806
f 809 787 793
f 803 787 809
f 810 788 785
f 810 785 804
f 811 795 797
f 812 797 801
f 811 797 812
f 813 796 795
f 813 795 811
f 814 798 796
f 814 796 813
f 772 815 786
f 772 802 815
f 792 816 783
f 783 816 800
f 817 793 794
f 809 793 817
f 818 794 788
f 817 794 818
f 818 788 810
f 819 799 798
f 819 798 814
f 781 820 789
f 781 807 820
f 790 821 808
f 800 821 790
f 822 801 803
f 812 801 822
f 786 823 791
f 786 815 823
f 791 824 792
f 792 824 816
f 825 803 809
f 822 803 825
f 826 804 799
f 826 799 819
f 827 811 812
f 828 812 822
f 827 812 828
f 829 813 811
f 829 811 827
f 830 814 813
f 830 813 829
f 806 831 805
f 805 831 832
f 805 832 807
f 808 833 806
f 806 833 831
f 808 834 833
f 821 834 808
f 800 835 821
f 816 835 800
f 791 823 824
f 789 836 802
f 789 820 836
f 837 810 804
f 837 804 826
f 838 809 817
f 825 809 838
f 839 817 818
f 838 817 839
f 840 818 810
f 839 818 840
f 840 810 837
f 828 822 841
f 841 822 825
f 842 819 814
f 842 814 830
f 843 826 819
f 843 819 842
f 844 827 828
f 844 828 845
f 845 828 841
f 846 829 827
f 846 827 844
f 847 830 829
f 847 829 846
f 833 848 831
f 831 848 849
f 831 849 832
f 834 850 833
f 833 850 848
f 821 851 834
f 834 852 850
f 851 852 834
f 807 832 853
f 807 853 820
f 835 851 821
f 802 854 815
f 802 836 854
f 816 855 835
f 824 855 816
f 841 825 856
f 856 825 838
f 857 842 830
f 857 830 847
f 858 844 845
f 859 846 844
f 859 844 858
f 852 858 850
f 850 858 860
f 850 860 848
f 835 861 851
f 855 861 835
f 862 837 826
f 862 826 843
f 845 841 863
f 863 841 856
f 858 845 860
f 860 845 863
f 864 846 859
f 864 847 846
f 852 859 858
f 865 859 852
f 865 864 859
f 848 860 866
f 848 866 849
f 851 865 852
f 832 849 867
f 832 867 853
f 861 865 851
f 820 853 868
f 820 868 836
f 824 869 855
f 823 869 824
f 870 838 839
f 856 838 870
f 860 863 866
f 815 854 871
f 815 871 823
f 872 839 840
f 870 839 872
f 873 840 837
f 872 840 873
f 873 837 862
f 874 856 870
f 863 856 874
f 874 870 875
f 875 870 872
f 876 843 842
f 877 862 843
f 877 843 876
f 876 842 857
f 866 863 874
f 866 874 878
f 878 874 875
f 879 857 847
f 879 847 864
f 880 857 879
f 880 876 857
f 849 866 878
f 849 878 867
f 867 878 881
f 878 875 881
f 882 879 864
f 882 864 865
f 883 879 882
f 883 880 879
f 853 867 884
f 867 881 884
f 861 882 865
f 885 882 861
f 885 883 882
f 853 884 868
f 855 885 861
f 836 886 854
f 836 868 886
f 854 886 887
f 854 887 871
f 869 885 855
f 823 871 869
f 869 888 885
f 871 888 869
f 889 872 873
f 875 872 889
f 890 873 862
f 889 873 890
f 890 862 877
f 881 875 889
f 891 889 890
f 881 889 891
f 892 890 877
f 891 890 892
f 893 877 876
f 892 877 893
f 893 876 880
f 884 881 891
f 894 891 892
f 884 891 894
f 895 892 893
f 894 892 895
f 896 893 880
f 895 893 896
f 896 880 883
f 868 884 894
f 886 894 895
f 868 894 886
f 887 895 896
f 886 895 887
f 888 896 883
f 887 896 888
f 888 883 885
f 871 887 888
f 897 898 899
f 898 900 899
f 901 902 898
f 902 903 898
f 901 898 897
f 898 903 900
f 904 899 905
f 899 906 905
f 897 899 904
f 899 900 906
f 907 908 902
f 908 909 902
f 907 902 901
f 902 909 903
f 905 910 904
f 905 906 910
f 911 912 908
f 912 913 908
f 911 908 907
f 908 913 909
f 904 914 897
f 904 910 914
f 915 912 911
f 915 916 912
f 912 916 913
f 897 917 901
f 897 914 917
f 911 918 915
f 915 918 916
f 919 920 921
f 922 919 921
f 921 923 924
f 925 921 924
f 921 920 923
f 922 921 925
f 926 927 919
f 928 926 919
f 919 927 920
f 928 919 922
f 929 930 926
f 931 929 926
f 926 930 927
f 931 926 928
f 932 933 929
f 934 932 929
f 929 933 930
f 934 929 931
f 901 935 907
f 901 917 935
f 936 924 923
f 925 924 936
f 932 937 933
f 938 937 932
f 938 932 934
f 939 923 920
f 936 923 939
f 903 940 900
f 909 941 903
f 903 941 940
f 942 920 927
f 939 920 942
f 943 927 930
f 942 927 943
f 944 930 933
f 943 930 944
f 945 933 937
f 945 937 938
f 944 933 945
f 946 922 925
f 947 925 936
f 946 925 947
f 948 928 922
f 948 922 946
f 949 931 928
f 949 928 948
f 950 934 931
f 950 931 949
f 900 951 906
f 900 940 951
f 907 952 911
f 907 935 952
f 911 952 918
f 953 936 939
f 947 936 953
f 954 938 934
f 954 934 950
f 913 955 909
f 909 955 941
f 956 939 942
f 953 939 956
f 957 948 946
f 958 946 947
f 957 946 958
f 959 949 948
f 959 948 957
f 960 947 953
f 958 947 960
f 961 945 938
f 961 938 954
f 906 962 910
f 906 951 962
f 963 942 943
f 956 942 963
f 964 950 949
f 964 949 959
f 965 943 944
f 963 943 965
f 966 944 945
f 965 944 966
f 966 945 961
f 967 953 956
f 960 953 967
f 968 954 950
f 968 950 964
f 969 957 958
f 970 958 960
f 969 958 970
f 971 959 957
f 971 957 969
f 972 956 963
f 967 956 972
f 973 960 967
f 970 960 973
f 974 961 954
f 974 954 968
f 975 964 959
f 975 959 971
f 916 976 913
f 913 976 955
f 977 963 965
f 972 963 977
f 973 967 978
f 978 967 972
f 979 966 961
f 979 961 974
f 980 969 970
f 981 970 973
f 980 970 981
f 982 965 966
f 977 965 982
f 910 983 914
f 910 962 983
f 982 966 979
f 984 968 964
f 984 964 975
f 985 971 969
f 985 969 980
f 986 973 978
f 981 973 986
f 978 972 987
f 987 972 977
f 988 975 971
f 988 971 985
f 989 990 991
f 992 990 989
f 990 993 991
f 990 994 993
f 995 994 990
f 992 995 990
f 989 991 996
f 997 989 996
f 997 996 998
f 998 996 999
f 996 991 1000
f 996 1000 999
f 1001 989 997
f 1001 992 989
f 1002 997 998
f 1003 998 1004
f 1002 998 1003
f 998 999 1004
f 991 993 1005
f 991 1005 1000
f 1006 997 1002
f 1006 1001 997
f 1007 974 968
f 1007 968 984
f 986 978 1008
f 1008 978 987
f 1009 980 981
f 1010 981 986
f 1009 981 1010
f 1011 977 982
f 987 977 1011
f 1012 985 980
f 1012 980 1009
f 994 1013 993
f 995 1014 994
f 1014 1015 994
f 994 1015 1013
f 1003 1004 1016
f 1017 1002 1003
f 1018 1003 1016
f 1017 1003 1018
f 1019 979 974
f 1019 974 1007
f 1020 984 975
f 1020 975 988
f 1010 986 1021
f 1021 986 1008
f 993 1013 1022
f 993 1022 1005
f 1004 999 1023
f 999 1000 1024
f 999 1024 1023
f 1016 1004 1025
f 1004 1023 1025
f 1026 1006 1002
f 1026 1002 1017
f 918 1027 916
f 916 1027 976
f 1028 982 979
f 1011 982 1028
f 1029 995 992
f 1030 1014 995
f 1029 1030 995
f 1031 992 1001
f 1031 1029 992
f 1028 979 1019
f 1008 987 1032
f 1032 987 1011
f 1033 988 985
f 1033 985 1012
f 1014 1034 1015
f 1015 1035 1013
f 1034 1036 1015
f 1015 1036 1035
f 1037 1034 1014
f 1030 1037 1014
f 1000 1005 1038
f 1000 1038 1024
f 941 1039 940
f 955 1040 941
f 941 1040 1039
f 1041 1009 1010
f 1042 1010 1021
f 1041 1010 1042
f 1043 1001 1006
f 1043 1031 1001
f 1018 1016 1044
f 1016 1025 1045
f 1044 1016 1045
f 914 1046 917
f 914 983 1046
f 1021 1008 1047
f 1047 1008 1032
f 1048 1012 1009
f 1048 1009 1041
f 1013 1035 1049
f 1013 1049 1022
f 940 1050 951
f 940 1039 1050
f 1051 1007 984
f 1051 984 1020
f 1042 1021 1052
f 1052 1021 1047
f 1034 1053 1036
f 1054 1053 1034
f 1037 1054 1034
f 1055 1017 1018
f 1056 1018 1044
f 1055 1018 1056
f 1057 1011 1028
f 1032 1011 1057
f 1005 1022 1058
f 1005 1058 1038
f 976 1059 955
f 955 1059 1040
f 1060 1020 988
f 1060 988 1033
f 1061 1033 1012
f 1061 1012 1048
f 1062 1042 1052
f 1063 1041 1042
f 1063 1042 1062
f 1036 1064 1035
f 1053 1065 1036
f 1036 1065 1064
f 1025 1023 1066
f 1045 1025 1067
f 1025 1066 1067
f 1068 1006 1026
f 1068 1043 1006
f 1069 1026 1017
f 1069 1017 1055
f 1070 1028 1019
f 1057 1028 1070
f 1071 1019 1007
f 1070 1019 1071
f 1071 1007 1051
f 1047 1032 1072
f 1072 1032 1057
f 1052 1047 1073
f 1073 1047 1072
f 1062 1052 1074
f 1074 1052 1073
f 1075 1048 1041
f 1075 1041 1063
f 1035 1064 1076
f 1035 1076 1049
f 1053 1077 1065
f 1078 1077 1053
f 1054 1078 1053
f 1079 1030 1029
f 1080 1037 1030
f 1079 1080 1030
f 1023 1024 1081
f 1023 1081 1066
f 1082 1029 1031
f 1082 1079 1029
f 1044 1045 1083
f 1056 1044 1084
f 1084 1044 1083
f 951 1085 962
f 951 1050 1085
f 952 1086 918
f 918 1086 1027
f 1087 1062 1074
f 1088 1063 1062
f 1088 1062 1087
f 1022 1049 1089
f 1022 1089 1058
f 1090 1054 1037
f 1080 1090 1037
f 1024 1038 1091
f 1024 1091 1081
f 1083 1045 1092
f 1045 1067 1092
f 917 1093 935
f 917 1046 1093
f 1072 1057 1094
f 1094 1057 1070
f 1095 1051 1020
f 1095 1020 1060
f 1096 1060 1033
f 1096 1033 1061
f 1074 1073 1097
f 1073 1072 1098
f 1097 1073 1098
f 1099 1048 1075
f 1099 1061 1048
f 1087 1074 1100
f 1100 1074 1097
f 1101 1063 1088
f 1101 1075 1063
f 1102 1088 1087
f 1103 1087 1100
f 1102 1087 1103
f 1104 1088 1102
f 1104 1101 1088
f 1105 1103 1106
f 1106 1103 1107
f 1103 1100 1107
f 1105 1102 1103
f 1108 1106 1109
f 1109 1106 1110
f 1108 1105 1106
f 1106 1107 1110
f 1111 1108 1109
f 1111 1109 1112
f 1112 1109 1113
f 1109 1110 1113
f 1114 1108 1111
f 1115 1105 1108
f 1114 1115 1108
f 1116 1111 1112
f 1112 1113 1117
f 1116 1112 1118
f 1118 1112 1117
f 1119 1111 1116
f 1119 1114 1111
f 1077 1120 1065
f 1065 1121 1064
f 1065 1120 1121
f 1078 1122 1077
f 1077 1123 1120
f 1122 1123 1077
f 1124 1078 1054
f 1090 1124 1054
f 1038 1058 1125
f 1038 1125 1091
f 1126 1031 1043
f 1126 1082 1031
f 1127 1068 1026
f 1127 1026 1069
f 1128 1055 1056
f 1129 1056 1084
f 1128 1056 1129
f 1130 1069 1055
f 1130 1055 1128
f 976 1131 1059
f 1027 1131 976
f 935 1132 952
f 935 1093 1132
f 952 1132 1086
f 1098 1072 1094
f 1084 1083 1133
f 1134 1084 1133
f 1129 1084 1134
f 1135 1071 1051
f 1135 1051 1095
f 1136 1126 1043
f 1136 1043 1068
f 1083 1092 1137
f 1133 1083 1137
f 1138 1070 1071
f 1094 1070 1138
f 1139 1099 1075
f 1139 1075 1101
f 1107 1100 1140
f 1100 1097 1140
f 1141 1102 1105
f 1141 1104 1102
f 1115 1141 1105
f 1113 1110 1142
f 1117 1113 1143
f 1113 1142 1143
f 1064 1121 1144
f 1064 1144 1076
f 1145 1122 1078
f 1124 1145 1078
f 1138 1071 1135
f 1146 1116 1118
f 1118 1117 1147
f 1148 1118 1147
f 1146 1118 1148
f 1149 1119 1116
f 1149 1116 1146
f 1049 1076 1150
f 1049 1150 1089
f 1067 1066 1151
f 1067 1151 1152
f 1092 1067 1152
f 1153 1095 1060
f 1153 1060 1096
f 1154 1096 1061
f 1154 1061 1099
f 1110 1107 1155
f 1107 1140 1155
f 1110 1155 1142
f 1117 1143 1156
f 1147 1117 1156
f 1120 1157 1158
f 1120 1158 1121
f 1123 1157 1120
f 1159 1090 1080
f 1160 1159 1080
f 1160 1080 1079
f 1066 1081 1161
f 1066 1161 1151
f 1040 1162 1163
f 1040 1163 1039
f 1059 1162 1040
f 962 1085 1164
f 962 1164 983
f 1165 1094 1138
f 1098 1094 1165
f 1166 1138 1135
f 1165 1138 1166
f 1167 1135 1095
f 1166 1135 1167
f 1167 1095 1153
f 1168 1098 1165
f 1097 1098 1168
f 1169 1165 1166
f 1168 1165 1169
f 1170 1166 1167
f 1169 1166 1170
f 1171 1167 1153
f 1170 1167 1171
f 1172 1153 1096
f 1171 1153 1172
f 1172 1096 1154
f 1140 1097 1168
f 1173 1168 1169
f 1140 1168 1173
f 1174 1169 1170
f 1173 1169 1174
f 1175 1170 1171
f 1174 1170 1175
f 1176 1171 1172
f 1175 1171 1176
f 1177 1172 1154
f 1176 1172 1177
f 1178 1154 1099
f 1178 1099 1139
f 1177 1154 1178
f 1155 1140 1173
f 1179 1173 1174
f 1155 1173 1179
f 1179 1174 1180
f 1180 1174 1175
f 1181 1139 1101
f 1181 1101 1104
f 1182 1177 1178
f 1183 1176 1177
f 1183 1177 1182
f 1184 1178 1139
f 1184 1139 1181
f 1182 1178 1184
f 1142 1155 1179
f 1185 1179 1180
f 1142 1179 1185
f 1185 1180 1186
f 1180 1175 1187
f 1186 1180 1187
f 1188 1181 1104
f 1188 1104 1141
f 1189 1184 1181
f 1189 1181 1188
f 1190 1184 1189
f 1190 1182 1184
f 1143 1142 1185
f 1143 1185 1191
f 1191 1185 1186
f 1192 1188 1141
f 1192 1141 1115
f 1193 1189 1188
f 1193 1188 1192
f 1194 1189 1193
f 1194 1190 1189
f 1156 1143 1191
f 1156 1191 1195
f 1195 1191 1196
f 1191 1186 1196
f 1197 1192 1115
f 1197 1115 1114
f 1198 1193 1192
f 1198 1192 1197
f 1199 1193 1198
f 1199 1194 1193
f 1200 1156 1195
f 1147 1156 1200
f 1200 1195 1201
f 1201 1195 1202
f 1195 1196 1202
f 1203 1197 1114
f 1203 1114 1119
f 1204 1198 1197
f 1204 1197 1203
f 1205 1198 1204
f 1205 1199 1198
f 1206 1200 1201
f 1207 1147 1200
f 1207 1200 1206
f 1206 1201 1208
f 1201 1202 1209
f 1208 1201 1209
f 1148 1147 1207
f 1210 1203 1119
f 1210 1119 1149
f 1211 1204 1203
f 1211 1203 1210
f 1212 1204 1211
f 1212 1205 1204
f 1213 1207 1206
f 1213 1206 1214
f 1214 1206 1208
f 1215 1148 1207
f 1215 1207 1213
f 1216 1146 1148
f 1216 1148 1215
f 1217 1149 1146
f 1217 1146 1216
f 1218 1210 1149
f 1218 1149 1217
f 1219 1210 1218
f 1219 1211 1210
f 1220 1215 1213
f 1220 1213 1221
f 1221 1213 1214
f 1222 1216 1215
f 1222 1215 1220
f 1223 1217 1216
f 1223 1216 1222
f 1224 1218 1217
f 1224 1217 1223
f 1225 1218 1224
f 1225 1219 1218
f 1226 1222 1220
f 1227 1220 1221
f 1226 1220 1227
f 1228 1223 1222
f 1228 1222 1226
f 1229 1224 1223
f 1229 1223 1228
f 1230 1231 1232
f 1231 1233 1232
f 1230 1232 1234
f 1234 1232 1235
f 1232 1233 1236
f 1232 1236 1235
f 1237 1238 1231
f 1238 1239 1231
f 1237 1231 1230
f 1231 1239 1233
f 1240 1238 1237
f 1238 1241 1239
f 1240 1242 1238
f 1242 1241 1238
f 1157 1234 1243
f 1234 1235 1243
f 1157 1243 1158
f 1158 1243 1244
f 1243 1235 1245
f 1243 1245 1244
f 1246 1230 1234
f 1246 1234 1157
f 1247 1237 1230
f 1247 1230 1246
f 1248 1237 1247
f 1248 1240 1237
f 1121 1158 1249
f 1158 1244 1249
f 1121 1249 1144
f 1144 1249 1250
f 1249 1244 1251
f 1249 1251 1250
f 1123 1246 1157
f 1252 1247 1246
f 1252 1246 1123
f 1253 1248 1247
f 1253 1247 1252
f 1254 1248 1253
f 1255 1240 1248
f 1254 1255 1248
f 1076 1144 1256
f 1144 1250 1256
f 1076 1256 1150
f 1150 1256 1257
f 1256 1250 1258
f 1256 1258 1257
f 1122 1252 1123
f 1259 1253 1252
f 1259 1252 1122
f 1260 1253 1259
f 1260 1254 1253
f 1089 1150 1261
f 1150 1257 1261
f 1262 1260 1259
f 1263 1260 1262
f 1264 1254 1260
f 1263 1264 1260
f 1145 1259 1122
f 1262 1259 1145
f 1058 1089 1265
f 1089 1261 1265
f 1058 1265 1125
f 1125 1265 1266
f 1265 1261 1267
f 1265 1267 1266
f 1268 1262 1145
f 1269 1262 1268
f 1269 1263 1262
f 1268 1145 1124
f 1091 1125 1270
f 1125 1266 1270
f 1271 1270 1272
f 1270 1273 1272
f 1091 1270 1271
f 1270 1266 1273
f 1274 1272 1269
f 1272 1263 1269
f 1271 1272 1274
f 1272 1273 1263
f 1275 1269 1268
f 1274 1269 1275
f 1276 1268 1124
f 1275 1268 1276
f 1276 1124 1090
f 1081 1091 1271
f 1161 1271 1274
f 1081 1271 1161
f 1277 1274 1275
f 1161 1274 1277
f 1278 1275 1276
f 1277 1275 1278
f 1159 1276 1090
f 1278 1276 1159
f 1151 1161 1277
f 1279 1277 1278
f 1151 1277 1279
f 1280 1278 1159
f 1279 1278 1280
f 1280 1159 1160
f 1152 1151 1279
f 1281 1279 1280
f 1152 1279 1281
f 1282 1280 1160
f 1281 1280 1282
f 1283 1160 1079
f 1282 1160 1283
f 1283 1079 1082
f 1284 1152 1281
f 1092 1152 1284
f 1285 1281 1282
f 1284 1281 1285
f 1286 1282 1283
f 1285 1282 1286
f 1287 1283 1082
f 1286 1283 1287
f 1287 1082 1126
f 1137 1092 1284
f 1288 1284 1285
f 1137 1284 1288
f 1289 1285 1286
f 1288 1285 1289
f 1290 1286 1287
f 1289 1286 1290
f 1291 1287 1126
f 1290 1287 1291
f 1291 1126 1136
f 1292 1137 1288
f 1293 1288 1289
f 1292 1288 1293
f 1133 1137 1292
f 1294 1289 1290
f 1293 1289 1294
f 1295 1290 1291
f 1294 1290 1295
f 1296 1291 1136
f 1295 1291 1296
f 1297 1136 1068
f 1296 1136 1297
f 1297 1068 1127
f 1298 1292 1293
f 1298 1293 1299
f 1299 1293 1294
f 1300 1133 1292
f 1300 1292 1298
f 1134 1133 1300
f 1301 1297 1127
f 1302 1296 1297
f 1302 1297 1301
f 1303 1127 1069
f 1301 1127 1303
f 1303 1069 1130
f 1304 1300 1298
f 1304 1298 1305
f 1305 1298 1299
f 1306 1134 1300
f 1306 1300 1304
f 1307 1129 1134
f 1307 1134 1306
f 1308 1128 1129
f 1308 1129 1307
f 1309 1130 1128
f 1309 1128 1308
f 1310 1303 1130
f 1311 1303 1310
f 1311 1301 1303
f 1310 1130 1309
f 1312 1306 1304
f 1312 1304 1313
f 1313 1304 1305
f 1314 1307 1306
f 1314 1306 1312
f 1315 1308 1307
f 1315 1307 1314
f 1316 1309 1308
f 1316 1308 1315
f 1317 1309 1316
f 1317 1310 1309
f 1318 1312 1313
f 1318 1313 1319
f 1319 1313 1320
f 1313 1305 1320
f 1321 1314 1312
f 1321 1312 1318
f 1322 1315 1314
f 1322 1314 1321
f 1323 1316 1315
f 1323 1315 1322
f 1324 1316 1323
f 1324 1317 1316
f 1163 1318 1319
f 1163 1319 1325
f 1325 1319 1326
f 1319 1320 1326
f 1162 1321 1318
f 1162 1318 1163
f 1327 1322 1321
f 1327 1321 1162
f 1328 1323 1322
f 1328 1322 1327
f 1329 1323 1328
f 1329 1324 1323
f 1039 1163 1325
f 1039 1325 1050
f 1050 1325 1330
f 1325 1326 1330
f 1059 1327 1162
f 1131 1328 1327
f 1131 1327 1059
f 1331 1328 1131
f 1331 1329 1328
f 1050 1330 1085
f 1085 1330 1332
f 1085 1332 1164
f 1027 1331 1131
f 1086 1331 1027
f 1086 1333 1331
f 1333 1329 1331
f 983 1334 1046
f 983 1164 1334
f 1046 1335 1093
f 1046 1334 1335
f 1093 1336 1132
f 1093 1335 1336
f 1132 1333 1086
f 1132 1336 1333
f 1187 1175 1176
f 1187 1176 1183
f 1337 1183 1182
f 1337 1182 1190
f 1196 1186 1338
f 1186 1187 1338
f 1202 1196 1339
f 1196 1338 1339
f 1209 1202 1340
f 1202 1339 1340
f 1214 1208 1341
f 1208 1209 1342
f 1341 1208 1342
f 1343 1211 1219
f 1343 1212 1211
f 1221 1214 1344
f 1344 1214 1341
f 1227 1221 1345
f 1345 1221 1344
f 1239 1346 1233
f 1233 1346 1347
f 1233 1347 1236
f 1241 1348 1239
f 1239 1348 1346
f 1235 1236 1349
f 1235 1349 1245
f 1350 1242 1240
f 1255 1350 1240
f 1264 1351 1254
f 1351 1255 1254
f 1261 1352 1267
f 1261 1257 1352
f 1266 1353 1273
f 1266 1267 1353
f 1273 1264 1263
f 1273 1353 1264
f 1305 1299 1354
f 1320 1305 1354
f 1355 1310 1317
f 1355 1311 1310
f 1330 1326 1356
f 1330 1356 1332
f 1164 1357 1334
f 1164 1332 1357
f 1338 1187 1183
f 1338 1183 1337
f 1358 1190 1194
f 1358 1337 1190
f 1359 1194 1199
f 1359 1358 1194
f 1360 1199 1205
f 1360 1359 1199
f 1209 1340 1361
f 1342 1209 1361
f 1362 1205 1212
f 1362 1360 1205
f 1363 1225 1224
f 1363 1224 1229
f 1364 1228 1226
f 1365 1226 1227
f 1364 1226 1365
f 1366 1229 1228
f 1366 1228 1364
f 1241 1367 1348
f 1348 1368 1346
f 1367 1369 1348
f 1348 1369 1368
f 1242 1370 1241
f 1370 1367 1241
f 1244 1245 1371
f 1244 1371 1251
f 1353 1351 1264
f 1299 1294 1372
f 1372 1294 1295
f 1373 1295 1296
f 1373 1296 1302
f 1354 1299 1372
f 1374 1302 1301
f 1374 1301 1311
f 1326 1320 1375
f 1320 1354 1375
f 1326 1375 1356
f 1333 1376 1329
f 1376 1324 1329
f 1336 1376 1333
f 1339 1338 1337
f 1377 1219 1225
f 1377 1343 1219
f 1378 1227 1345
f 1365 1227 1378
f 1250 1251 1379
f 1250 1379 1258
f 1267 1380 1353
f 1267 1352 1380
f 1372 1295 1373
f 1381 1317 1324
f 1381 1355 1317
f 1339 1337 1358
f 1340 1339 1358
f 1340 1358 1359
f 1361 1340 1359
f 1346 1368 1382
f 1346 1382 1347
f 1383 1370 1242
f 1350 1383 1242
f 1384 1350 1255
f 1351 1384 1255
f 1257 1385 1352
f 1257 1258 1385
f 1376 1381 1324
f 1361 1359 1360
f 1367 1386 1369
f 1370 1387 1367
f 1387 1386 1367
f 1236 1347 1388
f 1236 1388 1349
f 1353 1380 1351
f 1389 1362 1212
f 1389 1212 1343
f 1334 1390 1335
f 1334 1357 1390
f 1391 1361 1360
f 1342 1361 1391
f 1391 1360 1362
f 1341 1342 1392
f 1392 1342 1391
f 1344 1341 1393
f 1393 1341 1392
f 1345 1344 1394
f 1394 1344 1393
f 1395 1377 1225
f 1395 1225 1363
f 1378 1345 1396
f 1396 1345 1394
f 1397 1363 1229
f 1397 1229 1366
f 1369 1398 1368
f 1368 1398 1399
f 1368 1399 1382
f 1386 1400 1369
f 1369 1400 1398
f 1401 1387 1370
f 1383 1401 1370
f 1245 1349 1402
f 1245 1402 1371
f 1384 1403 1350
f 1403 1383 1350
f 1380 1384 1351
f 1354 1372 1404
f 1404 1372 1373
f 1405 1373 1302
f 1405 1302 1374
f 1375 1354 1404
f 1406 1311 1355
f 1406 1374 1311
f 1332 1356 1407
f 1332 1407 1357
f 1335 1408 1336
f 1335 1390 1408
f 1336 1408 1376
f 1409 1364 1365
f 1410 1365 1378
f 1409 1365 1410
f 1352 1411 1380
f 1352 1385 1411
f 1404 1373 1405
f 1408 1381 1376
f 1412 1391 1362
f 1392 1391 1412
f 1412 1362 1389
f 1413 1389 1343
f 1413 1343 1377
f 1414 1366 1364
f 1414 1364 1409
f 1386 1415 1400
f 1387 1416 1386
f 1416 1415 1386
f 1347 1382 1417
f 1347 1417 1388
f 1251 1371 1418
f 1251 1418 1379
f 1380 1411 1384
f 1356 1375 1419
f 1375 1404 1419
f 1258 1420 1385
f 1258 1379 1420
f 1411 1403 1384
f 1421 1355 1381
f 1421 1406 1355
f 1356 1419 1407
f 1422 1378 1396
f 1410 1378 1422
f 1400 1423 1398
f 1415 1424 1400
f 1400 1424 1423
f 1425 1416 1387
f 1401 1425 1387
f 1408 1421 1381
f 1426 1392 1412
f 1393 1392 1426
f 1419 1404 1405
f 1427 1405 1374
f 1427 1374 1406
f 1428 1412 1389
f 1426 1412 1428
f 1428 1389 1413
f 1394 1393 1429
f 1429 1393 1426
f 1430 1413 1377
f 1430 1377 1395
f 1396 1394 1431
f 1431 1394 1429
f 1432 1395 1363
f 1432 1363 1397
f 1433 1397 1366
f 1433 1366 1414
f 1398 1423 1434
f 1398 1434 1399
f 1416 1435 1415
f 1415 1436 1424
f 1435 1436 1415
f 1382 1399 1437
f 1382 1437 1417
f 1349 1388 1438
f 1349 1438 1402
f 1439 1401 1383
f 1403 1439 1383
f 1385 1440 1411
f 1385 1420 1440
f 1411 1440 1403
f 1419 1405 1427
f 1407 1419 1427
f 1357 1407 1441
f 1357 1441 1390
f 1390 1421 1408
f 1422 1396 1442
f 1442 1396 1431
f 1443 1409 1410
f 1444 1410 1422
f 1443 1410 1444
f 1445 1414 1409
f 1445 1409 1443
f 1425 1446 1416
f 1446 1435 1416
f 1447 1425 1401
f 1439 1447 1401
f 1371 1402 1448
f 1371 1448 1418
f 1379 1449 1420
f 1379 1418 1449
f 1440 1439 1403
f 1441 1406 1421
f 1441 1427 1406
f 1407 1427 1441
f 1390 1441 1421
f 1424 1450 1423
f 1423 1451 1434
f 1423 1450 1451
f 1436 1452 1424
f 1424 1452 1450
f 1399 1434 1453
f 1399 1453 1437
f 1388 1417 1454
f 1388 1454 1438
f 1455 1426 1428
f 1429 1426 1455
f 1456 1428 1413
f 1456 1413 1430
f 1457 1430 1395
f 1457 1395 1432
f 1458 1432 1397
f 1458 1397 1433
f 1444 1422 1459
f 1459 1422 1442
f 1460 1433 1414
f 1460 1414 1445
f 1461 1446 1425
f 1447 1461 1425
f 1440 1462 1439
f 1462 1447 1439
f 1420 1462 1440
f 1420 1449 1462
f 1455 1428 1456
f 1431 1429 1463
f 1463 1429 1455
f 1435 1464 1436
f 1436 1465 1452
f 1464 1465 1436
f 1417 1437 1466
f 1417 1466 1454
f 1402 1438 1467
f 1402 1467 1448
f 1434 1451 1468
f 1434 1468 1453
f 1446 1469 1435
f 1469 1464 1435
f 1418 1470 1449
f 1418 1448 1470
f 1442 1431 1471
f 1471 1431 1463
f 1472 1443 1444
f 1473 1445 1443
f 1473 1443 1472
f 1452 1474 1450
f 1450 1475 1451
f 1450 1474 1475
f 1465 1476 1452
f 1452 1476 1474
f 1477 1444 1459
f 1472 1444 1477
f 1437 1453 1478
f 1437 1478 1466
f 1461 1479 1446
f 1479 1469 1446
f 1462 1480 1447
f 1480 1461 1447
f 1449 1480 1462
f 1481 1456 1430
f 1481 1430 1457
f 1459 1442 1482
f 1482 1442 1471
f 1483 1455 1456
f 1463 1455 1483
f 1484 1457 1432
f 1484 1432 1458
f 1485 1458 1433
f 1485 1433 1460
f 1486 1460 1445
f 1486 1445 1473
f 1438 1454 1487
f 1438 1487 1467
f 1449 1470 1480
f 1451 1475 1488
f 1451 1488 1468
f 1483 1456 1481
f 1464 1489 1465
f 1465 1490 1476
f 1489 1490 1465
f 1477 1459 1491
f 1491 1459 1482
f 1476 1492 1474
f 1474 1493 1475
f 1474 1492 1493
f 1469 1494 1464
f 1494 1489 1464
f 1480 1495 1461
f 1495 1479 1461
f 1448 1496 1470
f 1448 1467 1496
f 1476 1497 1492
f 1490 1497 1476
f 1453 1468 1498
f 1453 1498 1478
f 1454 1466 1499
f 1454 1499 1487
f 1471 1463 1500
f 1500 1463 1483
f 1501 1472 1477
f 1502 1473 1472
f 1502 1472 1501
f 1470 1495 1480
f 1479 1503 1469
f 1503 1494 1469
f 1504 1481 1457
f 1504 1457 1484
f 1482 1471 1505
f 1505 1471 1500
f 1506 1484 1458
f 1506 1458 1485
f 1507 1460 1486
f 1507 1485 1460
f 1508 1477 1491
f 1501 1477 1508
f 1509 1486 1473
f 1509 1473 1502
f 1475 1493 1510
f 1475 1510 1488
f 1495 1511 1479
f 1511 1503 1479
f 1470 1496 1495
f 1512 1483 1481
f 1500 1483 1512
f 1491 1482 1513
f 1513 1482 1505
f 1497 1514 1492
f 1492 1515 1493
f 1492 1514 1515
f 1490 1516 1497
f 1489 1517 1490
f 1517 1516 1490
f 1468 1488 1518
f 1468 1518 1498
f 1466 1478 1519
f 1466 1519 1499
f 1467 1487 1520
f 1467 1520 1496
f 1496 1511 1495
f 1512 1481 1504
f 1497 1521 1514
f 1516 1521 1497
f 1494 1522 1489
f 1522 1517 1489
f 1508 1491 1523
f 1523 1491 1513
f 1524 1501 1508
f 1525 1502 1501
f 1525 1501 1524
f 1493 1515 1526
f 1493 1526 1510
f 1503 1527 1494
f 1527 1522 1494
f 1487 1499 1528
f 1487 1528 1520
f 1496 1520 1511
f 1529 1486 1509
f 1529 1507 1486
f 1524 1508 1530
f 1530 1508 1523
f 1531 1502 1525
f 1531 1509 1502
f 1478 1498 1532
f 1478 1532 1519
f 1505 1500 1533
f 1533 1500 1512
f 1514 1534 1515
f 1521 1535 1514
f 1514 1535 1534
f 1488 1510 1536
f 1488 1536 1518
f 1511 1537 1503
f 1537 1527 1503
f 1520 1537 1511
f 1538 1504 1484
f 1538 1484 1506
f 1539 1485 1507
f 1539 1506 1485
f 1540 1525 1524
f 1541 1524 1530
f 1540 1524 1541
f 1515 1534 1542
f 1515 1542 1526
f 1516 1543 1521
f 1521 1544 1535
f 1543 1544 1521
f 1517 1545 1516
f 1545 1543 1516
f 1499 1519 1546
f 1499 1546 1528
f 1520 1528 1537
f 1513 1505 1547
f 1547 1505 1533
f 1548 1525 1540
f 1548 1531 1525
f 1522 1549 1517
f 1549 1545 1517
f 1550 1512 1504
f 1533 1512 1550
f 1550 1504 1538
f 1523 1513 1551
f 1551 1513 1547
f 1552 1509 1531
f 1552 1529 1509
f 1535 1553 1534
f 1544 1554 1535
f 1535 1554 1553
f 1510 1526 1555
f 1510 1555 1536
f 1498 1518 1556
f 1498 1556 1532
f 1530 1523 1557
f 1557 1523 1551
f 1541 1530 1558
f 1558 1530 1557
f 1534 1553 1559
f 1534 1559 1542
f 1527 1560 1522
f 1560 1549 1522
f 1537 1561 1527
f 1528 1561 1537
f 1562 1507 1529
f 1562 1539 1507
f 1563 1540 1541
f 1563 1541 1564
f 1564 1541 1558
f 1565 1540 1563
f 1565 1548 1540
f 1544 1566 1554
f 1554 1563 1564
f 1554 1564 1553
f 1566 1563 1554
f 1543 1567 1544
f 1567 1566 1544
f 1519 1568 1546
f 1519 1532 1568
f 1561 1560 1527
f 1528 1546 1561
f 1569 1538 1506
f 1569 1506 1539
f 1570 1531 1548
f 1570 1552 1531
f 1553 1564 1571
f 1564 1558 1571
f 1566 1565 1563
f 1553 1571 1559
f 1545 1572 1543
f 1572 1567 1543
f 1526 1542 1573
f 1526 1573 1555
f 1518 1536 1574
f 1518 1574 1556
f 1575 1533 1550
f 1547 1533 1575
f 1558 1557 1576
f 1571 1558 1576
f 1577 1565 1566
f 1567 1577 1566
f 1549 1578 1545
f 1578 1572 1545
f 1579 1548 1565
f 1579 1570 1548
f 1580 1529 1552
f 1580 1562 1529
f 1557 1551 1581
f 1576 1557 1581
f 1577 1579 1565
f 1542 1559 1582
f 1542 1582 1573
f 1546 1583 1561
f 1546 1568 1583
f 1561 1583 1560
f 1584 1550 1538
f 1575 1550 1584
f 1584 1538 1569
f 1551 1547 1585
f 1585 1547 1575
f 1581 1551 1585
f 1559 1571 1586
f 1571 1576 1586
f 1559 1586 1582
f 1572 1587 1567
f 1587 1577 1567
f 1560 1588 1549
f 1588 1578 1549
f 1532 1556 1589
f 1532 1589 1568
f 1583 1588 1560
f 1536 1555 1590
f 1536 1590 1574
f 1591 1569 1539
f 1591 1539 1562
f 1592 1552 1570
f 1592 1580 1552
f 1578 1593 1572
f 1593 1587 1572
f 1576 1581 1594
f 1586 1576 1594
f 1595 1579 1577
f 1587 1595 1577
f 1555 1573 1596
f 1555 1596 1590
f 1556 1574 1597
f 1556 1597 1589
f 1568 1598 1583
f 1568 1589 1598
f 1583 1598 1588
f 1599 1575 1584
f 1585 1575 1599
f 1600 1584 1569
f 1600 1569 1591
f 1601 1562 1580
f 1601 1591 1562
f 1581 1585 1602
f 1594 1581 1602
f 1603 1570 1579
f 1603 1592 1570
f 1582 1586 1604
f 1586 1594 1604
f 1595 1603 1579
f 1573 1582 1605
f 1573 1605 1596
f 1588 1606 1578
f 1606 1593 1578
f 1598 1606 1588
f 1599 1584 1600
f 1602 1585 1599
f 1582 1604 1605
f 1607 1595 1587
f 1593 1607 1587
f 1574 1590 1608
f 1574 1608 1597
f 1589 1609 1598
f 1589 1597 1609
f 1610 1580 1592
f 1610 1601 1580
f 1598 1609 1606
f 1602 1599 1611
f 1611 1599 1600
f 1612 1600 1591
f 1612 1591 1601
f 1594 1602 1613
f 1604 1594 1613
f 1614 1603 1595
f 1607 1614 1595
f 1590 1596 1615
f 1590 1615 1608
f 1606 1616 1593
f 1616 1607 1593
f 1609 1616 1606
f 1617 1592 1603
f 1617 1610 1592
f 1613 1602 1611
f 1614 1617 1603
f 1611 1600 1612
f 1597 1618 1609
f 1597 1608 1618
f 1605 1604 1619
f 1604 1613 1619
f 1596 1605 1620
f 1596 1620 1615
f 1605 1619 1620
f 1609 1618 1616
f 1621 1612 1601
f 1621 1601 1610
f 1616 1622 1607
f 1622 1614 1607
f 1618 1622 1616
f 1608 1615 1623
f 1608 1623 1618
f 1613 1611 1624
f 1624 1611 1612
f 1619 1613 1624
f 1624 1612 1621
f 1625 1610 1617
f 1625 1621 1610
f 1620 1619 1626
f 1619 1624 1626
f 1627 1617 1614
f 1627 1625 1617
f 1622 1627 1614
f 1615 1620 1628
f 1615 1628 1623
f 1618 1623 1622
f 1623 1627 1622
f 1620 1626 1628
f 1626 1624 1621
f 1626 1621 1625
f 1623 1628 1627
f 1628 1625 1627
f 1628 1626 1625
f 1629 1630 1631
f 1632 1631 1630
f 1633 1631 1634
f 1635 1634 1631
f 1629 1631 1633
f 1635 1631 1632
f 1636 1637 1630
f 1638 1630 1637
f 1636 1630 1629
f 1632 1630 1638
f 1639 1637 1636
f 1640 1637 1639
f 1638 1637 1640
f 1641 1639 1636
f 1640 1639 1641
f 1642 1636 1629
f 1641 1636 1642
f 1643 1634 1644
f 1645 1644 1634
f 1633 1634 1643
f 1645 1634 1635
f 1646 1629 1633
f 1642 1629 1646
f 1647 1644 1648
f 1649 1648 1644
f 1643 1644 1647
f 1649 1644 1645
f 1650 1647 1648
f 1650 1648 1649
f 1651 1643 1647
f 1651 1647 1650
f 1652 1633 1643
f 1652 1643 1651
f 1646 1633 1652
f 1653 1640 1641
f 1654 1638 1640
f 1654 1640 1653
f 1655 1641 1642
f 1653 1641 1655
f 1656 1632 1638
f 1656 1638 1654
f 1657 1642 1646
f 1655 1642 1657
f 1658 1635 1632
f 1658 1632 1656
f 1659 1646 1652
f 1657 1646 1659
f 1660 1645 1635
f 1660 1635 1658
f 1661 1652 1651
f 1659 1652 1661
f 1662 1649 1645
f 1662 1645 1660
f 1663 1650 1649
f 1663 1649 1662
f 1664 1651 1650
f 1664 1650 1663
f 1661 1651 1664
f 1665 1653 1655
f 1666 1654 1653
f 1666 1653 1665
f 1667 1655 1657
f 1665 1655 1667
f 1668 1656 1654
f 1668 1654 1666
f 1669 1657 1659
f 1667 1657 1669
f 1670 1658 1656
f 1670 1656 1668
f 1671 1659 1661
f 1669 1659 1671
f 1672 1660 1658
f 1672 1658 1670
f 1673 1661 1664
f 1671 1661 1673
f 1674 1662 1660
f 1674 1660 1672
f 1675 1664 1663
f 1673 1664 1675
f 1676 1663 1662
f 1676 1662 1674
f 1675 1663 1676
f 1677 1665 1667
f 1678 1666 1665
f 1678 1665 1677
f 1679 1667 1669
f 1677 1667 1679
f 1680 1669 1671
f 1679 1669 1680
f 1681 1668 1666
f 1681 1666 1678
f 1682 1671 1673
f 1680 1671 1682
f 1683 1670 1668
f 1683 1668 1681
f 1684 1673 1675
f 1682 1673 1684
f 1685 1672 1670
f 1685 1670 1683
f 1686 1675 1676
f 1684 1675 1686
f 1687 1674 1672
f 1687 1672 1685
f 1688 1676 1674
f 1688 1674 1687
f 1686 1676 1688
f 1689 1679 1680
f 1690 1680 1682
f 1689 1680 1690
f 1691 1677 1679
f 1692 1678 1677
f 1692 1677 1691
f 1691 1679 1689
f 1693 1681 1678
f 1693 1678 1692
f 1694 1682 1684
f 1690 1682 1694
f 1695 1683 1681
f 1695 1681 1693
f 1696 1684 1686
f 1694 1684 1696
f 1697 1685 1683
f 1697 1683 1695
f 1698 1686 1688
f 1696 1686 1698
f 1699 1688 1687
f 1698 1688 1699
f 1700 1687 1685
f 1699 1687 1700
f 1700 1685 1697
f 1701 1689 1690
f 1702 1691 1689
f 1702 1689 1701
f 1703 1690 1694
f 1701 1690 1703
f 1704 1692 1691
f 1704 1691 1702
f 1705 1693 1692
f 1705 1692 1704
f 1706 1694 1696
f 1703 1694 1706
f 1707 1695 1693
f 1707 1693 1705
f 1708 1696 1698
f 1706 1696 1708
f 1709 1697 1695
f 1709 1695 1707
f 1710 1698 1699
f 1708 1698 1710
f 1711 1699 1700
f 1710 1699 1711
f 1712 1700 1697
f 1712 1697 1709
f 1711 1700 1712
f 1713 1701 1703
f 1714 1702 1701
f 1714 1701 1713
f 1715 1703 1706
f 1713 1703 1715
f 1716 1704 1702
f 1716 1702 1714
f 1717 1706 1708
f 1715 1706 1717
f 1718 1705 1704
f 1718 1704 1716
f 1719 1708 1710
f 1717 1708 1719
f 1720 1707 1705
f 1720 1705 1718
f 1721 1710 1711
f 1719 1710 1721
f 1722 1709 1707
f 1722 1707 1720
f 1723 1711 1712
f 1721 1711 1723
f 1724 1712 1709
f 1724 1709 1722
f 1723 1712 1724
f 1725 1713 1715
f 1726 1715 1717
f 1725 1715 1726
f 1727 1714 1713
f 1727 1713 1725
f 1728 1716 1714
f 1728 1714 1727
f 1729 1717 1719
f 1726 1717 1729
f 1730 1718 1716
f 1730 1716 1728
f 1731 1719 1721
f 1729 1719 1731
f 1732 1720 1718
f 1732 1718 1730
f 1733 1721 1723
f 1731 1721 1733
f 1734 1722 1720
f 1734 1720 1732
f 1735 1723 1724
f 1733 1723 1735
f 1736 1724 1722
f 1736 1722 1734
f 1735 1724 1736
f 1737 1725 1726
f 1738 1727 1725
f 1738 1725 1737
f 1739 1726 1729
f 1737 1726 1739
f 1740 1728 1727
f 1740 1727 1738
f 1741 1729 1731
f 1739 1729 1741
f 1742 1730 1728
f 1742 1728 1740
f 1743 1731 1733
f 1741 1731 1743
f 1744 1732 1730
f 1744 1730 1742
f 1745 1733 1735
f 1743 1733 1745
f 1746 1734 1732
f 1746 1732 1744
f 1747 1735 1736
f 1745 1735 1747
f 1748 1736 1734
f 1748 1734 1746
f 1747 1736 1748
f 1749 1737 1739
f 1750 1738 1737
f 1750 1737 1749
f 1751 1739 1741
f 1749 1739 1751
f 1752 1740 1738
f 1752 1738 1750
f 1753 1741 1743
f 1751 1741 1753
f 1754 1742 1740
f 1754 1740 1752
f 1755 1743 1745
f 1753 1743 1755
f 1756 1744 1742
f 1756 1742 1754
f 1757 1745 1747
f 1755 1745 1757
f 1758 1746 1744
f 1758 1744 1756
f 1759 1747 1748
f 1757 1747 1759
f 1760 1748 1746
f 1760 1746 1758
f 1759 1748 1760
f 1761 1749 1751
f 1762 1750 1749
f 1762 1749 1761
f 1763 1751 1753
f 1761 1751 1763
f 1764 1752 1750
f 1764 1750 1762
f 1765 1754 1752
f 1765 1752 1764
f 1766 1753 1755
f 1763 1753 1766
f 1767 1756 1754
f 1767 1754 1765
f 1768 1755 1757
f 1766 1755 1768
f 1769 1758 1756
f 1769 1756 1767
f 1770 1757 1759
f 1768 1757 1770
f 1771 1759 1760
f 1770 1759 1771
f 1772 1760 1758
f 1772 1758 1769
f 1771 1760 1772
f 1773 1762 1761
f 1774 1761 1763
f 1773 1761 1774
f 1775 1764 1762
f 1775 1762 1773
f 1776 1763 1766
f 1774 1763 1776
f 1777 1765 1764
f 1777 1764 1775
f 1778 1766 1768
f 1776 1766 1778
f 1779 1767 1765
f 1779 1765 1777
f 1780 1768 1770
f 1778 1768 1780
f 1781 1769 1767
f 1781 1767 1779
f 1782 1770 1771
f 1780 1770 1782
f 1783 1772 1769
f 1783 1769 1781
f 1784 1771 1772
f 1782 1771 1784
f 1784 1772 1783
f 1785 1773 1774
f 1786 1774 1776
f 1785 1774 1786
f 1787 1775 1773
f 1787 1773 1785
f 1788 1776 1778
f 1786 1776 1788
f 1789 1777 1775
f 1789 1775 1787
f 1790 1778 1780
f 1788 1778 1790
f 1791 1779 1777
f 1791 1777 1789
f 1792 1780 1782
f 1790 1780 1792
f 1793 1781 1779
f 1793 1779 1791
f 1794 1782 1784
f 1792 1782 1794
f 1795 1783 1781
f 1795 1781 1793
f 1796 1784 1783
f 1794 1784 1796
f 1796 1783 1795
f 1797 1786 1788
f 1798 1785 1786
f 1798 1786 1797
f 1799 1788 1790
f 1797 1788 1799
f 1800 1787 1785
f 1800 1785 1798
f 1801 1789 1787
f 1801 1787 1800
f 1802 1790 1792
f 1799 1790 1802
f 1803 1791 1789
f 1803 1789 1801
f 1804 1792 1794
f 1802 1792 1804
f 1805 1793 1791
f 1805 1791 1803
f 1806 1794 1796
f 1804 1794 1806
f 1807 1796 1795
f 1806 1796 1807
f 1808 1795 1793
f 1808 1793 1805
f 1807 1795 1808
f 1809 1797 1799
f 1810 1798 1797
f 1810 1797 1809
f 1811 1799 1802
f 1809 1799 1811
f 1812 1800 1798
f 1812 1798 1810
f 1813 1802 1804
f 1811 1802 1813
f 1814 1801 1800
f 1814 1800 1812
f 1815 1804 1806
f 1813 1804 1815
f 1816 1803 1801
f 1816 1801 1814
f 1817 1806 1807
f 1815 1806 1817
f 1818 1805 1803
f 1818 1803 1816
f 1819 1807 1808
f 1817 1807 1819
f 1820 1808 1805
f 1820 1805 1818
f 1819 1808 1820
f 1821 1809 1811
f 1822 1810 1809
f 1822 1809 1821
f 1823 1811 1813
f 1821 1811 1823
f 1824 1812 1810
f 1824 1810 1822
f 1825 1813 1815
f 1823 1813 1825
f 1826 1814 1812
f 1826 1812 1824
f 1827 1815 1817
f 1825 1815 1827
f 1828 1816 1814
f 1828 1814 1826
f 1829 1817 1819
f 1827 1817 1829
f 1830 1818 1816
f 1830 1816 1828
f 1831 1819 1820
f 1829 1819 1831
f 1832 1820 1818
f 1832 1818 1830
f 1831 1820 1832
f 1833 1821 1823
f 1834 1822 1821
f 1834 1821 1833
f 1835 1823 1825
f 1833 1823 1835
f 1836 1824 1822
f 1836 1822 1834
f 1837 1825 1827
f 1835 1825 1837
f 1838 1826 1824
f 1838 1824 1836
f 1839 1827 1829
f 1837 1827 1839
f 1840 1828 1826
f 1840 1826 1838
f 1841 1829 1831
f 1839 1829 1841
f 1842 1830 1828
f 1842 1828 1840
f 1843 1831 1832
f 1841 1831 1843
f 1844 1832 1830
f 1844 1830 1842
f 1843 1832 1844
f 1845 1833 1835
f 1846 1834 1833
f 1846 1833 1845
f 1847 1835 1837
f 1845 1835 1847
f 1848 1836 1834
f 1848 1834 1846
f 1849 1837 1839
f 1847 1837 1849
f 1850 1838 1836
f 1850 1836 1848
f 1851 1839 1841
f 1849 1839 1851
f 1852 1840 1838
f 1852 1838 1850
f 1853 1841 1843
f 1851 1841 1853
f 1854 1842 1840
f 1854 1840 1852
f 1855 1843 1844
f 1853 1843 1855
f 1856 1844 1842
f 1856 1842 1854
f 1855 1844 1856
f 1857 1845 1847
f 1858 1846 1845
f 1858 1845 1857
f 1859 1847 1849
f 1857 1847 1859
f 1860 1848 1846
f 1860 1846 1858
f 1861 1849 1851
f 1859 1849 1861
f 1862 1850 1848
f 1862 1848 1860
f 1863 1851 1853
f 1861 1851 1863
f 1864 1852 1850
f 1864 1850 1862
f 1865 1853 1855
f 1863 1853 1865
f 1866 1854 1852
f 1866 1852 1864
f 1867 1855 1856
f 1865 1855 1867
f 1868 1856 1854
f 1868 1854 1866
f 1867 1856 1868
f 1869 1857 1859
f 1870 1858 1857
f 1870 1857 1869
f 1871 1859 1861
f 1869 1859 1871
f 1872 1860 1858
f 1872 1858 1870
f 1873 1861 1863
f 1871 1861 1873
f 1874 1862 1860
f 1874 1860 1872
f 1875 1863 1865
f 1873 1863 1875
f 1876 1864 1862
f 1876 1862 1874
f 1877 1865 1867
f 1875 1865 1877
f 1878 1866 1864
f 1878 1864 1876
f 1879 1867 1868
f 1877 1867 1879
f 1880 1868 1866
f 1880 1866 1878
f 1879 1868 1880
f 1881 1869 1871
f 1882 1870 1869
f 1882 1869 1881
f 1883 1871 1873
f 1881 1871 1883
f 1884 1872 1870
f 1884 1870 1882
f 1885 1873 1875
f 1883 1873 1885
f 1886 1874 1872
f 1886 1872 1884
f 1887 1875 1877
f 1885 1875 1887
f 1888 1876 1874
f 1888 1874 1886
f 1889 1877 1879
f 1887 1877 1889
f 1890 1878 1876
f 1890 1876 1888
f 1891 1879 1880
f 1889 1879 1891
f 1892 1880 1878
f 1891 1880 1892
f 1892 1878 1890
f 1893 1881 1883
f 1894 1882 1881
f 1894 1881 1893
f 1895 1883 1885
f 1893 1883 1895
f 1896 1884 1882
f 1896 1882 1894
f 1897 1885 1887
f 1895 1885 1897
f 1898 1886 1884
f 1898 1884 1896
f 1899 1887 1889
f 1897 1887 1899
f 1900 1888 1886
f 1900 1886 1898
f 1901 1889 1891
f 1899 1889 1901
f 1902 1890 1888
f 1902 1888 1900
f 1903 1891 1892
f 1901 1891 1903
f 1904 1892 1890
f 1903 1892 1904
f 1904 1890 1902
f 1905 1893 1895
f 1906 1895 1897
f 1905 1895 1906
f 1907 1894 1893
f 1907 1893 1905
f 1908 1896 1894
f 1908 1894 1907
f 1909 1897 1899
f 1906 1897 1909
f 1910 1898 1896
f 1910 1896 1908
f 1911 1899 1901
f 1909 1899 1911
f 1912 1900 1898
f 1912 1898 1910
f 1913 1905 1906
f 1914 1907 1905
f 1914 1905 1913
f 1915 1901 1903
f 1911 1901 1915
f 1916 1903 1904
f 1915 1903 1916
f 1917 1904 1902
f 1916 1904 1917
f 1918 1902 1900
f 1917 1902 1918
f 1918 1900 1912
f 1919 1911 1915
f 1920 1915 1916
f 1919 1915 1920
f 1921 1909 1911
f 1921 1911 1919
f 1922 1916 1917
f 1920 1916 1922
f 1923 1906 1909
f 1923 1909 1921
f 1924 1917 1918
f 1922 1917 1924
f 1913 1906 1923
f 1925 1918 1912
f 1924 1918 1925
f 1926 1912 1910
f 1925 1912 1926
f 1927 1908 1907
f 1927 1907 1914
f 1928 1910 1908
f 1926 1910 1928
f 1928 1908 1927
f 1929 1919 1920
f 1930 1920 1922
f 1929 1920 1930
f 1931 1921 1919
f 1931 1919 1929
f 1932 1922 1924
f 1930 1922 1932
f 1933 1923 1921
f 1933 1921 1931
f 1934 1924 1925
f 1932 1924 1934
f 1935 1913 1923
f 1935 1923 1933
f 1936 1925 1926
f 1934 1925 1936
f 1937 1914 1913
f 1937 1913 1935
f 1938 1926 1928
f 1936 1926 1938
f 1939 1927 1914
f 1939 1914 1937
f 1940 1928 1927
f 1938 1928 1940
f 1940 1927 1939
f 1941 1930 1932
f 1942 1929 1930
f 1942 1930 1941
f 1943 1932 1934
f 1941 1932 1943
f 1944 1931 1929
f 1944 1929 1942
f 1945 1934 1936
f 1943 1934 1945
f 1946 1933 1931
f 1946 1931 1944
f 1947 1936 1938
f 1945 1936 1947
f 1948 1935 1933
f 1948 1933 1946
f 1949 1938 1940
f 1947 1938 1949
f 1950 1937 1935
f 1950 1935 1948
f 1951 1940 1939
f 1949 1940 1951
f 1952 1939 1937
f 1952 1937 1950
f 1951 1939 1952
f 1953 1941 1943
f 1954 1942 1941
f 1954 1941 1953
f 1955 1943 1945
f 1953 1943 1955
f 1956 1944 1942
f 1956 1942 1954
f 1957 1945 1947
f 1955 1945 1957
f 1958 1946 1944
f 1958 1944 1956
f 1959 1947 1949
f 1957 1947 1959
f 1960 1948 1946
f 1960 1946 1958
f 1961 1949 1951
f 1959 1949 1961
f 1962 1950 1948
f 1962 1948 1960
f 1963 1951 1952
f 1961 1951 1963
f 1964 1952 1950
f 1964 1950 1962
f 1963 1952 1964
f 1965 1954 1953
f 1965 1953 1966
f 1966 1953 1955
f 1967 1956 1954
f 1967 1954 1965
f 1968 1958 1956
f 1968 1956 1967
f 1969 1960 1958
f 1969 1958 1968
f 1970 1961 1963
f 1971 1959 1961
f 1971 1961 1970
f 1972 1962 1960
f 1972 1960 1969
f 1973 1963 1964
f 1970 1963 1973
f 1974 1964 1962
f 1974 1962 1972
f 1973 1964 1974
f 1975 1967 1965
f 1975 1965 1976
f 1976 1965 1966
f 1977 1968 1967
f 1977 1967 1975
f 1978 1969 1968
f 1978 1968 1977
f 1979 1972 1969
f 1979 1969 1978
f 1980 1973 1974
f 1981 1973 1980
f 1981 1970 1973
f 1982 1974 1972
f 1982 1972 1979
f 1980 1974 1982
f 1983 1977 1975
f 1983 1975 1984
f 1984 1975 1976
f 1985 1978 1977
f 1985 1977 1983
f 1986 1979 1978
f 1986 1978 1985
f 1987 1980 1982
f 1988 1980 1987
f 1988 1981 1980
f 1989 1982 1979
f 1989 1979 1986
f 1987 1982 1989
f 1990 1985 1983
f 1990 1983 1991
f 1991 1983 1984
f 1992 1986 1985
f 1992 1985 1990
f 1993 1989 1986
f 1993 1986 1992
f 1994 1987 1989
f 1994 1989 1993
f 1995 1992 1990
f 1996 1990 1991
f 1995 1990 1996
f 1997 1993 1992
f 1997 1992 1995
f 1998 1955 1957
f 1966 1955 1998
f 1999 1957 1959
f 1998 1957 1999
f 1999 1959 1971
f 1976 1966 2000
f 2000 1966 1998
f 2001 1971 1970
f 2001 1970 1981
f 1984 1976 2002
f 2002 1976 2000
f 1991 1984 2003
f 2003 1984 2002
f 2004 1987 1994
f 2004 1988 1987
f 1996 1991 2005
f 2005 1991 2003
f 2006 1993 1997
f 2006 1994 1993
f 2007 1995 1996
f 2008 1996 2005
f 2007 1996 2008
f 2009 1997 1995
f 2009 1995 2007
f 2010 1998 1999
f 2000 1998 2010
f 2011 1999 1971
f 2010 1999 2011
f 2011 1971 2001
f 2002 2000 2012
f 2012 2000 2010
f 2013 2001 1981
f 2013 1981 1988
f 2003 2002 2014
f 2014 2002 2012
f 2005 2003 2015
f 2015 2003 2014
f 2008 2005 2016
f 2016 2005 2015
f 2017 1997 2009
f 2017 2006 1997
f 2018 2007 2008
f 2019 2008 2016
f 2018 2008 2019
f 2020 2009 2007
f 2020 2007 2018
f 2021 2004 1994
f 2021 1994 2006
f 2022 2010 2011
f 2012 2010 2022
f 2023 2011 2001
f 2023 2001 2013
f 2024 2013 1988
f 2024 1988 2004
f 2016 2015 2025
f 2015 2014 2026
f 2025 2015 2026
f 2019 2016 2027
f 2027 2016 2025
f 2022 2011 2023
f 2014 2012 2028
f 2028 2012 2022
f 2026 2014 2028
f 2029 2009 2020
f 2029 2017 2009
f 2030 2018 2019
f 2031 2019 2027
f 2030 2019 2031
f 2032 2020 2018
f 2032 2018 2030
f 2033 2022 2023
f 2028 2022 2033
f 2034 2023 2013
f 2033 2023 2034
f 2034 2013 2024
f 2026 2028 2035
f 2035 2028 2033
f 2036 2024 2004
f 2036 2004 2021
f 2025 2026 2037
f 2037 2026 2035
f 2038 2006 2017
f 2038 2021 2006
f 2027 2025 2039
f 2039 2025 2037
f 2031 2027 2040
f 2040 2027 2039
f 2041 2020 2032
f 2041 2029 2020
f 2042 2031 2040
f 2042 2040 2043
f 2040 2039 2044
f 2043 2040 2044
f 2045 2030 2031
f 2045 2031 2042
f 2046 2030 2045
f 2046 2032 2030
f 2047 2045 2042
f 2048 2042 2043
f 2047 2042 2048
f 2049 2046 2045
f 2049 2045 2047
f 2050 2017 2029
f 2050 2038 2017
f 2039 2037 2051
f 2044 2039 2051
f 2052 2032 2046
f 2052 2041 2032
f 2043 2044 2053
f 2054 2043 2053
f 2048 2043 2054
f 2055 2033 2034
f 2035 2033 2055
f 2056 2034 2024
f 2056 2024 2036
f 2057 2036 2021
f 2057 2021 2038
f 2037 2035 2058
f 2051 2037 2058
f 2059 2052 2046
f 2059 2046 2049
f 2055 2034 2056
f 2058 2035 2055
f 2060 2029 2041
f 2060 2050 2029
f 2044 2051 2061
f 2053 2044 2061
f 2062 2055 2056
f 2058 2055 2062
f 2063 2056 2036
f 2062 2056 2063
f 2063 2036 2057
f 2051 2058 2064
f 2064 2058 2062
f 2065 2057 2038
f 2065 2038 2050
f 2061 2051 2064
f 2066 2041 2052
f 2066 2060 2041
f 2053 2061 2067
f 2068 2053 2067
f 2054 2053 2068
f 2069 2066 2052
f 2069 2052 2059
f 2070 2063 2057
f 2070 2057 2065
f 2071 2050 2060
f 2071 2065 2050
f 2061 2064 2072
f 2067 2061 2072
f 2064 2062 2073
f 2073 2062 2063
f 2072 2064 2073
f 2074 2060 2066
f 2074 2071 2060
f 2067 2072 2075
f 2076 2067 2075
f 2068 2067 2076
f 2073 2063 2070
f 2072 2073 2077
f 2077 2073 2070
f 2078 2070 2065
f 2078 2065 2071
f 2075 2072 2077
f 2079 2074 2066
f 2079 2066 2069
f 2080 2047 2048
f 2081 2048 2054
f 2080 2048 2081
f 2082 2049 2047
f 2082 2047 2080
f 2077 2070 2078
f 2083 2078 2071
f 2083 2071 2074
f 2075 2077 2084
f 2085 2075 2084
f 2076 2075 2085
f 2086 2054 2068
f 2081 2054 2086
f 2084 2077 2078
f 2084 2078 2083
f 2087 2083 2074
f 2087 2074 2079
f 2088 2059 2049
f 2088 2049 2082
f 2089 2084 2083
f 2085 2084 2089
f 2089 2083 2087
f 2090 2068 2076
f 2086 2068 2090
f 2091 2069 2059
f 2091 2059 2088
f 2092 2076 2085
f 2090 2076 2092
f 2093 2081 2086
f 2094 2080 2081
f 2094 2081 2093
f 2095 2085 2089
f 2092 2085 2095
f 2096 2079 2069
f 2096 2069 2091
f 2097 2086 2090
f 2093 2086 2097
f 2098 2082 2080
f 2098 2080 2094
f 2099 2090 2092
f 2097 2090 2099
f 2100 2087 2079
f 2100 2079 2096
f 2101 2088 2082
f 2101 2082 2098
f 2102 2089 2087
f 2095 2089 2102
f 2102 2087 2100
f 2103 2092 2095
f 2099 2092 2103
f 2104 2091 2088
f 2104 2088 2101
f 2105 2093 2097
f 2106 2094 2093
f 2106 2093 2105
f 2107 2097 2099
f 2105 2097 2107
f 2108 2095 2102
f 2103 2095 2108
f 2109 2098 2094
f 2109 2094 2106
f 2110 2096 2091
f 2110 2091 2104
f 2111 2099 2103
f 2107 2099 2111
f 2112 2102 2100
f 2108 2102 2112
f 2113 2100 2096
f 2113 2096 2110
f 2114 2101 2098
f 2114 2098 2109
f 2112 2100 2113
f 2111 2103 2115
f 2115 2103 2108
f 2116 2117 2118
f 2119 2116 2118
f 2120 2121 2116
f 2122 2120 2116
f 2116 2121 2117
f 2122 2116 2119
f 2123 2105 2107
f 2124 2107 2111
f 2123 2107 2124
f 2125 2106 2105
f 2125 2105 2123
f 2126 2104 2101
f 2126 2101 2114
f 2118 2127 2128
f 2129 2118 2128
f 2118 2117 2127
f 2119 2118 2129
f 2130 2131 2120
f 2132 2130 2120
f 2120 2131 2121
f 2132 2120 2122
f 2133 2111 2115
f 2124 2111 2133
f 2134 2109 2106
f 2134 2106 2125
f 2135 2108 2112
f 2115 2108 2135
f 2136 2110 2104
f 2136 2104 2126
f 2129 2128 2137
f 2128 2138 2137
f 2128 2127 2138
f 2130 2139 2131
f 2140 2139 2130
f 2141 2140 2130
f 2141 2130 2132
f 2142 2112 2113
f 2135 2112 2142
f 2133 2115 2143
f 2143 2115 2135
f 2144 2114 2109
f 2144 2109 2134
f 2145 2123 2124
f 2146 2124 2133
f 2145 2124 2146
f 2147 2113 2110
f 2147 2110 2136
f 2148 2125 2123
f 2148 2123 2145
f 2142 2113 2147
f 2131 2149 2121
f 2121 2150 2117
f 2121 2149 2150
f 2151 2133 2143
f 2146 2133 2151
f 2139 2152 2131
f 2131 2152 2149
f 2153 2134 2125
f 2153 2125 2148
f 2117 2154 2127
f 2117 2150 2154
f 2137 2155 2129
f 2137 2138 2155
f 2140 2156 2139
f 2141 2156 2140
f 2143 2135 2157
f 2157 2135 2142
f 2158 2126 2114
f 2158 2114 2144
f 2151 2143 2159
f 2159 2143 2157
f 2160 2145 2146
f 2161 2146 2151
f 2160 2146 2161
f 2139 2162 2152
f 2156 2162 2139
f 2163 2148 2145
f 2163 2145 2160
f 2164 2151 2159
f 2161 2151 2164
f 2152 2165 2149
f 2149 2165 2166
f 2149 2166 2150
f 2127 2167 2138
f 2127 2154 2167
f 2168 2142 2147
f 2157 2142 2168
f 2169 2136 2126
f 2169 2126 2158
f 2170 2144 2134
f 2170 2134 2153
f 2152 2171 2165
f 2162 2171 2152
f 2129 2172 2119
f 2129 2155 2172
f 2141 2173 2156
f 2132 2173 2141
f 2174 2147 2136
f 2168 2147 2174
f 2174 2136 2169
f 2159 2157 2175
f 2175 2157 2168
f 2164 2159 2176
f 2176 2159 2175
f 2177 2153 2148
f 2177 2148 2163
f 2178 2161 2164
f 2178 2164 2179
f 2179 2164 2176
f 2180 2160 2161
f 2180 2161 2178
f 2181 2160 2180
f 2181 2163 2160
f 2171 2178 2179
f 2182 2178 2171
f 2182 2180 2178
f 2171 2179 2165
f 2165 2179 2183
f 2165 2183 2166
f 2162 2182 2171
f 2150 2166 2184
f 2150 2184 2154
f 2156 2185 2162
f 2185 2182 2162
f 2173 2185 2156
f 2179 2176 2183
f 2186 2158 2144
f 2186 2144 2170
f 2187 2180 2182
f 2187 2181 2180
f 2185 2187 2182
f 2138 2188 2155
f 2138 2167 2188
f 2119 2189 2122
f 2119 2172 2189
f 2122 2190 2132
f 2132 2190 2173
f 2166 2183 2191
f 2166 2191 2184
f 2183 2176 2192
f 2176 2175 2192
f 2154 2184 2193
f 2154 2193 2167
f 2175 2168 2194
f 2194 2168 2174
f 2195 2170 2153
f 2195 2153 2177
f 2196 2163 2181
f 2196 2177 2163
f 2183 2192 2191
f 2122 2189 2190
f 2192 2175 2194
f 2173 2197 2185
f 2197 2187 2185
f 2198 2169 2158
f 2198 2158 2186
f 2190 2197 2173
f 2199 2174 2169
f 2194 2174 2199
f 2200 2181 2187
f 2200 2196 2181
f 2199 2169 2198
f 2192 2194 2201
f 2191 2192 2201
f 2184 2191 2202
f 2184 2202 2193
f 2197 2200 2187
f 2155 2203 2172
f 2155 2188 2203
f 2204 2186 2170
f 2204 2170 2195
f 2201 2194 2199
f 2205 2177 2196
f 2205 2195 2177
f 2191 2201 2202
f 2167 2193 2206
f 2167 2206 2188
f 2190 2207 2197
f 2189 2207 2190
f 2207 2200 2197
f 2172 2208 2189
f 2172 2203 2208
f 2209 2196 2200
f 2209 2205 2196
f 2201 2199 2210
f 2210 2199 2198
f 2211 2198 2186
f 2211 2186 2204
f 2202 2201 2210
f 2193 2202 2212
f 2193 2212 2206
f 2207 2209 2200
f 2189 2208 2207
f 2210 2198 2211
f 2213 2195 2205
f 2213 2204 2195
f 2202 2210 2212
f 2188 2214 2203
f 2188 2206 2214
f 2208 2209 2207
f 2212 2210 2211
f 2215 2205 2209
f 2215 2213 2205
f 2216 2211 2204
f 2216 2204 2213
f 2208 2215 2209
f 2203 2215 2208
f 2203 2214 2215
f 2206 2212 2216
f 2206 2216 2214
f 2212 2211 2216
f 2214 2213 2215
f 2214 2216 2213
f 2217 2218 2219
f 2220 2217 2219
f 2219 2221 2222
f 2223 2219 2222
f 2219 2218 2221
f 2220 2219 2223
f 2224 2225 2217
f 2226 2224 2217
f 2217 2225 2218
f 2226 2217 2220
f 2222 2227 2228
f 2229 2222 2228
f 2222 2221 2227
f 2223 2222 2229
f 2230 2231 2224
f 2232 2230 2224
f 2224 2231 2225
f 2232 2224 2226
f 2233 2228 2227
f 2229 2228 2233
f 2230 2234 2231
f 2235 2234 2230
f 2235 2230 2232
f 2236 2227 2221
f 2233 2227 2236
f 2237 2231 2234
f 2237 2234 2235
f 2238 2221 2218
f 2236 2221 2238
f 2239 2225 2231
f 2239 2231 2237
f 2240 2218 2225
f 2238 2218 2240
f 2240 2225 2239
f 2241 2220 2223
f 2242 2223 2229
f 2241 2223 2242
f 2243 2226 2220
f 2243 2220 2241
f 2244 2229 2233
f 2242 2229 2244
f 2245 2232 2226
f 2245 2226 2243
f 2246 2233 2236
f 2244 2233 2246
f 2247 2235 2232
f 2247 2232 2245
f 2248 2236 2238
f 2246 2236 2248
f 2249 2237 2235
f 2249 2235 2247
f 2250 2238 2240
f 2248 2238 2250
f 2251 2239 2237
f 2251 2237 2249
f 2252 2240 2239
f 2250 2240 2252
f 2252 2239 2251
f 2253 2254 2255
f 2254 2256 2255
f 2253 2255 2257
f 2255 2258 2257
f 2255 2256 2258
f 2259 2260 2254
f 2260 2261 2254
f 2259 2254 2253
f 2254 2261 2256
f 2262 2263 2260
f 2263 2264 2260
f 2262 2260 2259
f 2260 2264 2261
f 2257 2265 2253
f 2257 2258 2265
f 2266 2267 2263
f 2267 2268 2263
f 2266 2263 2262
f 2263 2268 2264
f 2253 2269 2259
f 2253 2265 2269
f 2270 2271 2267
f 2271 2272 2267
f 2270 2267 2266
f 2267 2272 2268
f 2259 2273 2262
f 2259 2269 2273
f 2270 2274 2271
f 2271 2274 2272
f 2262 2275 2266
f 2262 2273 2275
f 2266 2276 2270
f 2266 2275 2276
f 2270 2276 2274
f 2277 2242 2244
f 2278 2244 2246
f 2277 2244 2278
f 2279 2241 2242
f 2279 2242 2277
f 2280 2243 2241
f 2280 2241 2279
f 2281 2245 2243
f 2281 2243 2280
f 2282 2246 2248
f 2278 2246 2282
f 2283 2247 2245
f 2283 2245 2281
f 2284 2248 2250
f 2282 2248 2284
f 2285 2249 2247
f 2285 2247 2283
f 2286 2250 2252
f 2284 2250 2286
f 2287 2251 2249
f 2287 2249 2285
f 2288 2252 2251
f 2286 2252 2288
f 2288 2251 2287
f 2256 2289 2258
f 2261 2290 2256
f 2256 2290 2289
f 2258 2291 2265
f 2258 2289 2291
f 2264 2292 2261
f 2261 2292 2290
f 2265 2293 2269
f 2265 2291 2293
f 2268 2294 2264
f 2264 2294 2292
f 2269 2295 2273
f 2269 2293 2295
f 2272 2296 2268
f 2268 2296 2294
f 2273 2297 2275
f 2273 2295 2297
f 2274 2298 2272
f 2272 2298 2296
f 2275 2299 2276
f 2275 2297 2299
f 2276 2300 2274
f 2274 2300 2298
f 2276 2299 2300
f 2301 2282 2284
f 2302 2278 2282
f 2302 2282 2301
f 2303 2284 2286
f 2301 2284 2303
f 2304 2277 2278
f 2304 2278 2302
f 2305 2286 2288
f 2303 2286 2305
f 2306 2279 2277
f 2306 2277 2304
f 2307 2288 2287
f 2305 2288 2307
f 2308 2280 2279
f 2308 2279 2306
f 2309 2287 2285
f 2307 2287 2309
f 2310 2281 2280
f 2310 2280 2308
f 2311 2285 2283
f 2309 2285 2311
f 2312 2283 2281
f 2312 2281 2310
f 2311 2283 2312
f 2313 2306 2304
f 2314 2304 2302
f 2313 2304 2314
f 2315 2308 2306
f 2315 2306 2313
f 2316 2302 2301
f 2314 2302 2316
f 2294 2317 2292
f 2292 2318 2290
f 2292 2317 2318
f 2296 2319 2294
f 2294 2319 2317
f 2320 2301 2303
f 2316 2301 2320
f 2321 2310 2308
f 2321 2308 2315
f 2322 2312 2310
f 2322 2310 2321
f 2298 2323 2296
f 2296 2323 2319
f 2324 2303 2305
f 2320 2303 2324
f 2325 2311 2312
f 2325 2312 2322
f 2290 2326 2289
f 2290 2318 2326
f 2300 2327 2298
f 2298 2327 2323
f 2328 2305 2307
f 2324 2305 2328
f 2329 2307 2309
f 2328 2307 2329
f 2330 2309 2311
f 2329 2309 2330
f 2330 2311 2325
f 2289 2331 2291
f 2289 2326 2331
f 2299 2332 2300
f 2300 2332 2327
f 2291 2333 2293
f 2291 2331 2333
f 2297 2334 2299
f 2299 2334 2332
f 2293 2335 2295
f 2293 2333 2335
f 2295 2336 2297
f 2297 2336 2334
f 2295 2335 2336
f 2337 2313 2314
f 2338 2314 2316
f 2337 2314 2338
f 2339 2315 2313
f 2339 2313 2337
f 2340 2316 2320
f 2338 2316 2340
f 2341 2321 2315
f 2341 2315 2339
f 2342 2320 2324
f 2340 2320 2342
f 2343 2322 2321
f 2343 2321 2341
f 2344 2324 2328
f 2342 2324 2344
f 2345 2325 2322
f 2345 2322 2343
f 2346 2328 2329
f 2344 2328 2346
f 2347 2330 2325
f 2347 2325 2345
f 2348 2329 2330
f 2346 2329 2348
f 2348 2330 2347
f 2319 2349 2317
f 2323 2350 2319
f 2319 2350 2349
f 2317 2351 2318
f 2317 2349 2351
f 2327 2352 2323
f 2323 2352 2350
f 2332 2353 2327
f 2327 2353 2352
f 2318 2354 2326
f 2318 2351 2354
f 2334 2355 2332
f 2332 2355 2353
f 2326 2356 2331
f 2326 2354 2356
f 2331 2357 2333
f 2331 2356 2357
f 2336 2358 2334
f 2334 2358 2355
f 2359 2337 2338
f 2360 2338 2340
f 2359 2338 2360
f 2361 2339 2337
f 2361 2337 2359
f 2333 2362 2335
f 2333 2357 2362
f 2335 2363 2336
f 2336 2363 2358
f 2364 2340 2342
f 2360 2340 2364
f 2335 2362 2363
f 2365 2341 2339
f 2365 2339 2361
f 2366 2342 2344
f 2364 2342 2366
f 2367 2343 2341
f 2367 2341 2365
f 2368 2344 2346
f 2366 2344 2368
f 2369 2345 2343
f 2369 2343 2367
f 2370 2346 2348
f 2368 2346 2370
f 2371 2347 2345
f 2371 2345 2369
f 2372 2348 2347
f 2370 2348 2372
f 2372 2347 2371
f 2352 2373 2350
f 2350 2374 2349
f 2350 2373 2374
f 2353 2375 2352
f 2352 2375 2373
f 2349 2376 2351
f 2349 2374 2376
f 2355 2377 2353
f 2353 2377 2375
f 2351 2378 2354
f 2351 2376 2378
f 2379 2359 2360
f 2380 2360 2364
f 2379 2360 2380
f 2381 2361 2359
f 2381 2359 2379
f 2358 2382 2355
f 2355 2382 2377
f 2383 2364 2366
f 2380 2364 2383
f 2384 2365 2361
f 2384 2361 2381
f 2354 2385 2356
f 2354 2378 2385
f 2386 2366 2368
f 2383 2366 2386
f 2387 2367 2365
f 2387 2365 2384
f 2363 2388 2358
f 2358 2388 2382
f 2389 2368 2370
f 2386 2368 2389
f 2390 2369 2367
f 2390 2367 2387
f 2356 2391 2357
f 2356 2385 2391
f 2392 2370 2372
f 2389 2370 2392
f 2357 2393 2362
f 2357 2391 2393
f 2362 2394 2363
f 2363 2394 2388
f 2395 2372 2371
f 2392 2372 2395
f 2396 2371 2369
f 2395 2371 2396
f 2396 2369 2390
f 2362 2393 2394
f 2375 2397 2373
f 2373 2398 2374
f 2373 2397 2398
f 2377 2399 2375
f 2375 2399 2397
f 2400 2379 2380
f 2401 2380 2383
f 2400 2380 2401
f 2402 2381 2379
f 2402 2379 2400
f 2374 2403 2376
f 2374 2398 2403
f 2404 2383 2386
f 2401 2383 2404
f 2405 2384 2381
f 2405 2381 2402
f 2382 2406 2377
f 2377 2406 2399
f 2407 2386 2389
f 2404 2386 2407
f 2408 2387 2384
f 2408 2384 2405
f 2376 2409 2378
f 2376 2403 2409
f 2388 2410 2382
f 2382 2410 2406
f 2411 2389 2392
f 2407 2389 2411
f 2412 2390 2387
f 2412 2387 2408
f 2378 2413 2385
f 2378 2409 2413
f 2414 2392 2395
f 2411 2392 2414
f 2415 2396 2390
f 2415 2390 2412
f 2394 2416 2388
f 2388 2416 2410
f 2417 2395 2396
f 2414 2395 2417
f 2417 2396 2415
f 2385 2418 2391
f 2385 2413 2418
f 2393 2419 2394
f 2394 2419 2416
f 2391 2420 2393
f 2391 2418 2420
f 2393 2420 2419
f 2421 2400 2401
f 2422 2401 2404
f 2421 2401 2422
f 2423 2402 2400
f 2423 2400 2421
f 2424 2404 2407
f 2422 2404 2424
f 2425 2405 2402
f 2425 2402 2423
f 2399 2426 2397
f 2397 2427 2398
f 2397 2426 2427
f 2406 2428 2399
f 2399 2428 2426
f 2398 2429 2403
f 2398 2427 2429
f 2410 2430 2406
f 2406 2430 2428
f 2431 2407 2411
f 2424 2407 2431
f 2432 2408 2405
f 2432 2405 2425
f 2433 2412 2408
f 2433 2408 2432
f 2403 2434 2409
f 2403 2429 2434
f 2435 2411 2414
f 2431 2411 2435
f 2416 2436 2410
f 2410 2436 2430
f 2437 2414 2417
f 2435 2414 2437
f 2438 2415 2412
f 2438 2412 2433
f 2439 2417 2415
f 2437 2417 2439
f 2439 2415 2438
f 2409 2440 2413
f 2409 2434 2440
f 2419 2441 2416
f 2416 2441 2436
f 2442 2421 2422
f 2443 2422 2424
f 2442 2422 2443
f 2444 2423 2421
f 2444 2421 2442
f 2445 2425 2423
f 2445 2423 2444
f 2413 2446 2418
f 2413 2440 2446
f 2447 2424 2431
f 2443 2424 2447
f 2428 2448 2426
f 2426 2449 2427
f 2426 2448 2449
f 2430 2450 2428
f 2428 2450 2448
f 2420 2451 2419
f 2419 2451 2441
f 2418 2452 2420
f 2418 2446 2452
f 2453 2432 2425
f 2453 2425 2445
f 2427 2454 2429
f 2427 2449 2454
f 2420 2452 2451
f 2436 2455 2430
f 2430 2455 2450
f 2456 2431 2435
f 2447 2431 2456
f 2457 2433 2432
f 2457 2432 2453
f 2429 2458 2434
f 2429 2454 2458
f 2441 2459 2436
f 2436 2459 2455
f 2460 2435 2437
f 2456 2435 2460
f 2461 2437 2439
f 2460 2437 2461
f 2462 2438 2433
f 2462 2433 2457
f 2463 2442 2443
f 2464 2444 2442
f 2464 2442 2463
f 2465 2439 2438
f 2465 2438 2462
f 2434 2466 2440
f 2434 2458 2466
f 2450 2467 2448
f 2448 2468 2449
f 2448 2467 2468
f 2455 2469 2450
f 2450 2469 2467
f 2451 2470 2441
f 2441 2470 2459
f 2471 2443 2447
f 2472 2447 2456
f 2471 2447 2472
f 2463 2443 2471
f 2473 2445 2444
f 2473 2444 2464
f 2461 2439 2465
f 2449 2474 2454
f 2449 2468 2474
f 2455 2475 2469
f 2459 2475 2455
f 2476 2453 2445
f 2476 2445 2473
f 2440 2477 2446
f 2440 2466 2477
f 2452 2478 2451
f 2451 2478 2470
f 2454 2479 2458
f 2454 2474 2479
f 2446 2480 2452
f 2446 2477 2480
f 2452 2480 2478
f 2469 2481 2467
f 2467 2482 2468
f 2467 2481 2482
f 2475 2483 2469
f 2469 2483 2481
f 2459 2484 2475
f 2470 2484 2459
f 2484 2485 2475
f 2475 2485 2483
f 2486 2456 2460
f 2472 2456 2486
f 2487 2460 2461
f 2486 2460 2487
f 2488 2457 2453
f 2488 2453 2476
f 2458 2489 2466
f 2458 2479 2489
f 2466 2490 2477
f 2466 2489 2490
f 2468 2491 2474
f 2474 2492 2479
f 2474 2491 2492
f 2468 2482 2491
f 2478 2493 2470
f 2480 2494 2478
f 2478 2494 2493
f 2470 2493 2484
f 2481 2495 2482
f 2482 2495 2496
f 2482 2496 2491
f 2483 2497 2481
f 2481 2497 2495
f 2484 2498 2485
f 2493 2498 2484
f 2485 2499 2483
f 2483 2499 2497
f 2485 2500 2499
f 2498 2500 2485
f 2497 2472 2495
f 2495 2472 2486
f 2495 2486 2496
f 2499 2471 2497
f 2497 2471 2472
f 2500 2463 2499
f 2499 2463 2471
f 2500 2464 2463
f 2501 2464 2500
f 2498 2501 2500
f 2501 2473 2464
f 2502 2473 2501
f 2502 2476 2473
f 2503 2461 2465
f 2487 2461 2503
f 2504 2465 2462
f 2503 2465 2504
f 2505 2462 2457
f 2504 2462 2505
f 2505 2457 2488
f 2477 2506 2480
f 2477 2490 2506
f 2480 2506 2494
f 2493 2507 2498
f 2494 2507 2493
f 2507 2501 2498
f 2507 2502 2501
f 2496 2486 2487
f 2479 2508 2489
f 2479 2492 2508
f 2491 2496 2509
f 2491 2509 2492
f 2496 2487 2509
f 2510 2476 2502
f 2510 2488 2476
f 2511 2502 2507
f 2494 2511 2507
f 2511 2510 2502
f 2506 2511 2494
f 2489 2512 2490
f 2489 2508 2512
f 2492 2509 2513
f 2492 2513 2508
f 2509 2487 2503
f 2514 2488 2510
f 2514 2505 2488
f 2490 2515 2506
f 2506 2515 2511
f 2509 2503 2513
f 2490 2512 2515
f 2515 2510 2511
f 2515 2514 2510
f 2513 2503 2504
f 2516 2504 2505
f 2516 2505 2514
f 2513 2504 2516
f 2508 2513 2516
f 2508 2516 2512
f 2512 2514 2515
f 2512 2516 2514
f 2517 2518 2519
f 2520 2519 2518
f 2521 2518 2517
f 2521 2522 2518
f 2523 2518 2522
f 2520 2518 2523
f 2524 2517 2519
f 2524 2519 2520
f 2525 2521 2517
f 2525 2517 2524
f 2526 2522 2521
f 2527 2526 2521
f 2527 2521 2525
f 2528 2529 2526
f 2530 2528 2526
f 2526 2529 2522
f 2530 2526 2527
f 2531 2532 2528
f 2533 2531 2528
f 2528 2532 2529
f 2533 2528 2530
f 2534 2535 2531
f 2536 2534 2531
f 2531 2535 2532
f 2536 2531 2533
f 2537 2522 2529
f 2523 2522 2537
f 2538 2535 2534
f 2538 2534 2536
f 2539 2529 2532
f 2537 2529 2539
f 2540 2532 2535
f 2539 2532 2540
f 2540 2535 2538
f 2541 2527 2525
f 2542 2525 2524
f 2541 2525 2542
f 2543 2530 2527
f 2543 2527 2541
f 2544 2524 2520
f 2542 2524 2544
f 2545 2533 2530
f 2545 2530 2543
f 2546 2520 2523
f 2544 2520 2546
f 2547 2536 2533
f 2547 2533 2545
f 2548 2523 2537
f 2546 2523 2548
f 2549 2538 2536
f 2549 2536 2547
f 2550 2537 2539
f 2548 2537 2550
f 2551 2539 2540
f 2550 2539 2551
f 2552 2540 2538
f 2551 2540 2552
f 2552 2538 2549
f 2553 2541 2542
f 2554 2542 2544
f 2553 2542 2554
f 2555 2543 2541
f 2555 2541 2553
f 2556 2545 2543
f 2556 2543 2555
f 2557 2544 2546
f 2554 2544 2557
f 2558 2547 2545
f 2558 2545 2556
f 2559 2546 2548
f 2557 2546 2559
f 2560 2549 2547
f 2560 2547 2558
f 2561 2548 2550
f 2559 2548 2561
f 2562 2552 2549
f 2562 2549 2560
f 2563 2550 2551
f 2561 2550 2563
f 2564 2551 2552
f 2563 2551 2564
f 2564 2552 2562
f 2565 2553 2554
f 2566 2554 2557
f 2565 2554 2566
f 2567 2555 2553
f 2567 2553 2565
f 2568 2556 2555
f 2568 2555 2567
f 2569 2558 2556
f 2569 2556 2568
f 2570 2557 2559
f 2566 2557 2570
f 2571 2560 2558
f 2571 2558 2569
f 2572 2559 2561
f 2570 2559 2572
f 2573 2562 2560
f 2573 2560 2571
f 2574 2561 2563
f 2572 2561 2574
f 2575 2563 2564
f 2574 2563 2575
f 2576 2564 2562
f 2575 2564 2576
f 2576 2562 2573
f 2577 2567 2565
f 2578 2565 2566
f 2577 2565 2578
f 2579 2568 2567
f 2579 2567 2577
f 2580 2566 2570
f 2578 2566 2580
f 2581 2569 2568
f 2581 2568 2579
f 2582 2570 2572
f 2580 2570 2582
f 2583 2571 2569
f 2583 2569 2581
f 2584 2572 2574
f 2582 2572 2584
f 2585 2573 2571
f 2585 2571 2583
f 2586 2574 2575
f 2584 2574 2586
f 2587 2576 2573
f 2587 2573 2585
f 2588 2575 2576
f 2586 2575 2588
f 2588 2576 2587
f 2589 2577 2578
f 2590 2578 2580
f 2589 2578 2590
f 2591 2579 2577
f 2591 2577 2589
f 2592 2580 2582
f 2590 2580 2592
f 2593 2581 2579
f 2593 2579 2591
f 2594 2582 2584
f 2592 2582 2594
f 2595 2583 2581
f 2595 2581 2593
f 2596 2584 2586
f 2594 2584 2596
f 2597 2585 2583
f 2597 2583 2595
f 2598 2586 2588
f 2596 2586 2598
f 2599 2587 2585
f 2599 2585 2597
f 2600 2588 2587
f 2598 2588 2600
f 2600 2587 2599
f 2601 2589 2590
f 2602 2590 2592
f 2601 2590 2602
f 2603 2591 2589
f 2603 2589 2601
f 2604 2592 2594
f 2602 2592 2604
f 2605 2593 2591
f 2605 2591 2603
f 2606 2594 2596
f 2604 2594 2606
f 2607 2595 2593
f 2607 2593 2605
f 2608 2596 2598
f 2606 2596 2608
f 2609 2597 2595
f 2609 2595 2607
f 2610 2598 2600
f 2608 2598 2610
f 2611 2600 2599
f 2610 2600 2611
f 2612 2599 2597
f 2611 2599 2612
f 2612 2597 2609
f 2613 2606 2608
f 2614 2608 2610
f 2613 2608 2614
f 2615 2604 2606
f 2615 2606 2613
f 2616 2610 2611
f 2614 2610 2616
f 2617 2602 2604
f 2617 2604 2615
f 2618 2611 2612
f 2616 2611 2618
f 2619 2601 2602
f 2619 2602 2617
f 2620 2612 2609
f 2618 2612 2620
f 2621 2603 2601
f 2621 2601 2619
f 2622 2609 2607
f 2620 2609 2622
f 2623 2605 2603
f 2623 2603 2621
f 2624 2607 2605
f 2622 2607 2624
f 2624 2605 2623
f 2625 2617 2615
f 2626 2615 2613
f 2625 2615 2626
f 2627 2619 2617
f 2627 2617 2625
f 2628 2621 2619
f 2628 2619 2627
f 2629 2613 2614
f 2626 2613 2629
f 2630 2623 2621
f 2630 2621 2628
f 2631 2624 2623
f 2631 2623 2630
f 2632 2614 2616
f 2629 2614 2632
f 2633 2622 2624
f 2633 2624 2631
f 2634 2616 2618
f 2632 2616 2634
f 2635 2618 2620
f 2634 2618 2635
f 2636 2620 2622
f 2636 2622 2633
f 2635 2620 2636
f 2637 2627 2625
f 2638 2625 2626
f 2637 2625 2638
f 2639 2628 2627
f 2639 2627 2637
f 2640 2626 2629
f 2638 2626 2640
f 2641 2630 2628
f 2641 2628 2639
f 2642 2629 2632
f 2640 2629 2642
f 2643 2631 2630
f 2643 2630 2641
f 2644 2632 2634
f 2642 2632 2644
f 2645 2633 2631
f 2645 2631 2643
f 2646 2634 2635
f 2644 2634 2646
f 2647 2636 2633
f 2647 2633 2645
f 2648 2635 2636
f 2646 2635 2648
f 2648 2636 2647
f 2649 2637 2638
f 2650 2638 2640
f 2649 2638 2650
f 2651 2639 2637
f 2651 2637 2649
f 2652 2640 2642
f 2650 2640 2652
f 2653 2641 2639
f 2653 2639 2651
f 2654 2642 2644
f 2652 2642 2654
f 2655 2643 2641
f 2655 2641 2653
f 2656 2644 2646
f 2654 2644 2656
f 2657 2645 2643
f 2657 2643 2655
f 2658 2646 2648
f 2656 2646 2658
f 2659 2648 2647
f 2658 2648 2659
f 2660 2647 2645
f 2660 2645 2657
f 2659 2647 2660
f 2661 2650 2652
f 2662 2649 2650
f 2662 2650 2661
f 2663 2652 2654
f 2661 2652 2663
f 2664 2651 2649
f 2664 2649 2662
f 2665 2654 2656
f 2666 2656 2658
f 2665 2656 2666
f 2663 2654 2665
f 2667 2653 2651
f 2667 2651 2664
f 2668 2655 2653
f 2668 2653 2667
f 2669 2661 2663
f 2670 2663 2665
f 2669 2663 2670
f 2671 2662 2661
f 2671 2661 2669
f 2668 2664 2662
f 2668 2662 2671
f 2667 2664 2668
f 2672 2658 2659
f 2666 2658 2672
f 2670 2659 2660
f 2672 2659 2670
f 2669 2660 2657
f 2670 2660 2669
f 2671 2657 2655
f 2669 2657 2671
f 2671 2655 2668
f 2672 2665 2666
f 2670 2665 2672
