# 
# Wavefront OBJ file
# Created with Kaydara FBX
# 
mtllib c:\users\tjvan\onedrive\documenten\fontys\minor\nx\.mtlmodels\deep_fibular_nerve.r.obj

g Deep_fibular_nerve_r
v -0.095582 0.272039 -0.034744
v -0.095310 0.269198 -0.034131
v -0.095552 0.272045 -0.034487
v -0.095031 0.272082 -0.034302
v -0.095432 0.272044 -0.035028
v -0.095334 0.269145 -0.034363
v -0.094679 0.272102 -0.034424
v -0.095126 0.269244 -0.033985
v -0.095350 0.272061 -0.034325
v -0.095193 0.269098 -0.034620
v -0.095143 0.272058 -0.035263
v -0.094389 0.272117 -0.034659
v -0.094831 0.269269 -0.033965
v -0.095034 0.266134 -0.033190
v -0.095054 0.266056 -0.033394
v -0.094866 0.266195 -0.033061
v -0.094922 0.269070 -0.034831
v -0.094922 0.265982 -0.033620
v -0.094596 0.266222 -0.033044
v -0.094791 0.272079 -0.035385
v -0.094240 0.272122 -0.034943
v -0.094728 0.262850 -0.031798
v -0.094746 0.262765 -0.031978
v -0.094576 0.262914 -0.031685
v -0.094504 0.269268 -0.034075
v -0.094672 0.265931 -0.033807
v -0.094624 0.262682 -0.032178
v -0.094596 0.269068 -0.034942
v -0.094330 0.262941 -0.031670
v -0.094296 0.266208 -0.033142
v -0.094472 0.272100 -0.035362
v -0.094270 0.272115 -0.035200
v -0.094397 0.259344 -0.030098
v -0.094412 0.259263 -0.030258
v -0.094260 0.259405 -0.029998
v -0.094396 0.262624 -0.032343
v -0.094372 0.265918 -0.033905
v -0.094234 0.269240 -0.034287
v -0.094302 0.259183 -0.030435
v -0.094056 0.262922 -0.031756
v -0.094301 0.269094 -0.034921
v -0.094038 0.259430 -0.029984
v -0.094046 0.266158 -0.033328
v -0.094043 0.255613 -0.028234
v -0.094057 0.255541 -0.028377
v -0.093921 0.255667 -0.028145
v -0.094122 0.262606 -0.032429
v -0.094096 0.259126 -0.030582
v -0.094101 0.265945 -0.033887
v -0.094092 0.269193 -0.034543
v -0.093791 0.259412 -0.030061
v -0.093959 0.255471 -0.028536
v -0.093828 0.262864 -0.031921
v -0.094117 0.269139 -0.034775
v -0.093724 0.255689 -0.028133
v -0.093913 0.266083 -0.033554
v -0.093671 0.251649 -0.026352
v -0.093683 0.251590 -0.026480
v -0.093564 0.251694 -0.026272
v -0.093849 0.259108 -0.030659
v -0.093775 0.255421 -0.028667
v -0.093504 0.255673 -0.028202
v -0.093876 0.262633 -0.032414
v -0.093585 0.259355 -0.030208
v -0.093934 0.266006 -0.033759
v -0.093706 0.262782 -0.032121
v -0.093598 0.251534 -0.026621
v -0.093391 0.251713 -0.026262
v -0.093724 0.262697 -0.032301
v -0.093627 0.259133 -0.030646
v -0.093555 0.255405 -0.028736
v -0.093475 0.259275 -0.030385
v -0.093320 0.255623 -0.028333
v -0.093437 0.251494 -0.026737
v -0.093198 0.251701 -0.026323
v -0.093490 0.259194 -0.030545
v -0.093284 0.247445 -0.024596
v -0.093296 0.247401 -0.024708
v -0.093192 0.247480 -0.024525
v -0.093358 0.255427 -0.028724
v -0.093223 0.247360 -0.024832
v -0.093043 0.247495 -0.024516
v -0.093244 0.251482 -0.026799
v -0.093222 0.255553 -0.028491
v -0.093037 0.251661 -0.026440
v -0.093236 0.255481 -0.028634
v -0.093085 0.247331 -0.024935
v -0.092877 0.247488 -0.024569
v -0.093071 0.251500 -0.026788
v -0.092951 0.251604 -0.026581
v -0.092887 0.242993 -0.023109
v -0.092897 0.242965 -0.023206
v -0.092809 0.243016 -0.023048
v -0.092836 0.242939 -0.023313
v -0.092919 0.247324 -0.024989
v -0.092964 0.251545 -0.026708
v -0.092684 0.243028 -0.023040
v -0.092739 0.247459 -0.024672
v -0.092722 0.242922 -0.023402
v -0.092770 0.247339 -0.024980
v -0.092546 0.243026 -0.023086
v -0.092666 0.247418 -0.024797
v -0.092678 0.247374 -0.024909
v -0.092583 0.242919 -0.023448
v -0.092482 0.238284 -0.022036
v -0.092491 0.238270 -0.022116
v -0.092419 0.238297 -0.021986
v -0.092431 0.243009 -0.023175
v -0.092443 0.238258 -0.022205
v -0.092318 0.238306 -0.021979
v -0.092458 0.242931 -0.023440
v -0.092351 0.238253 -0.022278
v -0.092370 0.242983 -0.023282
v -0.092207 0.238307 -0.022018
v -0.092380 0.242955 -0.023379
v -0.092239 0.238254 -0.022316
v -0.092115 0.238302 -0.022091
v -0.092074 0.233310 -0.021521
v -0.092081 0.233307 -0.021583
v -0.092025 0.233315 -0.021483
v -0.092045 0.233307 -0.021651
v -0.091949 0.233321 -0.021477
v -0.092139 0.238263 -0.022309
v -0.092067 0.238290 -0.022179
v -0.091976 0.233310 -0.021707
v -0.092076 0.238276 -0.022259
v -0.091865 0.233326 -0.021507
v -0.091891 0.233315 -0.021737
v -0.091795 0.233329 -0.021563
v -0.091815 0.233321 -0.021731
v -0.091759 0.233328 -0.021631
v -0.091670 0.228069 -0.021748
v -0.091646 0.228075 -0.021795
v -0.091665 0.228065 -0.021707
v -0.091632 0.228064 -0.021680
v -0.091767 0.233325 -0.021693
v -0.091579 0.228067 -0.021677
v -0.091599 0.228082 -0.021833
v -0.091522 0.228073 -0.021697
v -0.091542 0.228088 -0.021853
v -0.091475 0.228080 -0.021735
v -0.091490 0.228091 -0.021849
v -0.091451 0.228087 -0.021781
v -0.091457 0.228091 -0.021823
v -0.091263 0.222543 -0.022755
v -0.091250 0.222550 -0.022779
v -0.091260 0.222538 -0.022734
v -0.091242 0.222535 -0.022720
v -0.091214 0.222536 -0.022718
v -0.091225 0.222557 -0.022799
v -0.091183 0.222541 -0.022729
v -0.091158 0.222548 -0.022748
v -0.091195 0.222561 -0.022810
v -0.091167 0.222562 -0.022808
v -0.091146 0.222555 -0.022773
v -0.091149 0.222560 -0.022794
v -0.101076 0.237521 -0.036875
v -0.101021 0.232274 -0.037626
v -0.101104 0.237514 -0.036813
v -0.100973 0.242515 -0.036428
v -0.101001 0.232283 -0.037669
v -0.101017 0.237527 -0.036928
v -0.100897 0.242516 -0.036497
v -0.101014 0.232267 -0.037589
v -0.101094 0.237507 -0.036759
v -0.101010 0.242511 -0.036348
v -0.100997 0.242506 -0.036278
v -0.101049 0.237503 -0.036728
v -0.100982 0.232264 -0.037566
v -0.100939 0.242501 -0.036237
v -0.100934 0.232265 -0.037566
v -0.100981 0.237502 -0.036727
v -0.100735 0.226753 -0.038864
v -0.100960 0.232291 -0.037706
v -0.100724 0.226760 -0.038889
v -0.100731 0.226748 -0.038843
v -0.100713 0.226745 -0.038830
v -0.100944 0.237530 -0.036958
v -0.100803 0.242515 -0.036537
v -0.100763 0.247305 -0.036152
v -0.100719 0.247304 -0.036251
v -0.100747 0.247302 -0.036066
v -0.100685 0.226747 -0.038829
v -0.100882 0.232270 -0.037586
v -0.100850 0.242497 -0.036236
v -0.100908 0.237505 -0.036757
v -0.100626 0.247298 -0.036337
v -0.100908 0.232296 -0.037727
v -0.100700 0.226767 -0.038910
v -0.100655 0.226752 -0.038841
v -0.100875 0.237529 -0.036957
v -0.100714 0.242511 -0.036536
v -0.100676 0.247296 -0.036016
v -0.100860 0.232297 -0.037726
v -0.100670 0.226772 -0.038922
v -0.100841 0.232278 -0.037623
v -0.100849 0.237511 -0.036810
v -0.100756 0.242496 -0.036276
v -0.100510 0.247290 -0.036386
v -0.100631 0.226759 -0.038862
v -0.100830 0.237525 -0.036926
v -0.100656 0.242506 -0.036495
v -0.100828 0.232293 -0.037704
v -0.100642 0.226774 -0.038921
v -0.100821 0.232287 -0.037666
v -0.100619 0.226766 -0.038886
v -0.100821 0.237518 -0.036872
v -0.100680 0.242497 -0.036345
v -0.100567 0.247288 -0.036015
v -0.100623 0.226771 -0.038908
v -0.100643 0.242501 -0.036425
v -0.100402 0.247283 -0.036385
v -0.100452 0.247280 -0.036064
v -0.100330 0.247276 -0.036335
v -0.100337 0.251926 -0.036267
v -0.100228 0.251913 -0.036368
v -0.100390 0.251933 -0.036150
v -0.100371 0.251932 -0.036047
v -0.100359 0.247275 -0.036149
v -0.100286 0.251925 -0.035988
v -0.100315 0.247273 -0.036248
v -0.100091 0.251898 -0.036426
v -0.100158 0.251911 -0.035987
v -0.099963 0.251885 -0.036425
v -0.100021 0.251897 -0.036045
v -0.099879 0.251878 -0.036366
v -0.099915 0.256432 -0.036262
v -0.099855 0.256421 -0.036397
v -0.099893 0.256433 -0.036143
v -0.099912 0.251884 -0.036146
v -0.099860 0.251877 -0.036263
v -0.099729 0.256401 -0.036514
v -0.099795 0.256423 -0.036075
v -0.099571 0.256379 -0.036581
v -0.099647 0.256405 -0.036073
v -0.099424 0.256361 -0.036580
v -0.099490 0.256383 -0.036140
v -0.099326 0.256351 -0.036511
v -0.099364 0.256364 -0.036257
v -0.099365 0.260841 -0.036410
v -0.099297 0.260827 -0.036564
v -0.099340 0.260842 -0.036276
v -0.099304 0.256352 -0.036393
v -0.099155 0.260803 -0.036697
v -0.099229 0.260829 -0.036198
v -0.098976 0.260775 -0.036773
v -0.099062 0.260805 -0.036197
v -0.098808 0.260751 -0.036772
v -0.098883 0.260778 -0.036273
v -0.098698 0.260738 -0.036693
v -0.098741 0.260754 -0.036405
v -0.098765 0.265197 -0.036518
v -0.098688 0.265184 -0.036691
v -0.098673 0.260739 -0.036559
v -0.098737 0.265195 -0.036368
v -0.098529 0.265158 -0.036839
v -0.098614 0.265178 -0.036281
v -0.098329 0.265126 -0.036924
v -0.098427 0.265150 -0.036279
v -0.098142 0.265098 -0.036923
v -0.098227 0.265118 -0.036364
v -0.098018 0.265081 -0.036835
v -0.098141 0.269538 -0.036508
v -0.098055 0.269530 -0.036699
v -0.098067 0.265092 -0.036512
v -0.098111 0.269530 -0.036342
v -0.097991 0.265079 -0.036685
v -0.097878 0.269506 -0.036863
v -0.097975 0.269507 -0.036245
v -0.097656 0.269475 -0.036957
v -0.097768 0.269475 -0.036243
v -0.097449 0.269443 -0.036955
v -0.097546 0.269444 -0.036337
v -0.097313 0.269420 -0.036858
v -0.097518 0.273902 -0.036301
v -0.097422 0.273904 -0.036510
v -0.097487 0.273884 -0.036120
v -0.097369 0.269420 -0.036501
v -0.097227 0.273888 -0.036690
v -0.097284 0.269411 -0.036692
v -0.097338 0.273854 -0.036014
v -0.096983 0.273860 -0.036792
v -0.097111 0.273820 -0.036012
v -0.096756 0.273826 -0.036790
v -0.096867 0.273792 -0.036114
v -0.096922 0.278327 -0.035822
v -0.096816 0.278345 -0.036047
v -0.096890 0.278295 -0.035626
v -0.096607 0.273796 -0.036684
v -0.096601 0.278344 -0.036241
v -0.096672 0.273776 -0.036294
v -0.096729 0.278256 -0.035511
v -0.096576 0.273778 -0.036503
v -0.096334 0.278323 -0.036351
v -0.096482 0.278222 -0.035509
v -0.096087 0.278289 -0.036349
v -0.096378 0.282853 -0.034993
v -0.096261 0.282892 -0.035233
v -0.096215 0.278201 -0.035619
v -0.096346 0.282803 -0.034784
v -0.096026 0.282910 -0.035439
v -0.095926 0.278250 -0.036234
v -0.096173 0.282755 -0.034661
v -0.096000 0.278200 -0.035813
v -0.095894 0.278218 -0.036038
v -0.095736 0.282901 -0.035555
v -0.095905 0.282722 -0.034658
v -0.095468 0.282868 -0.035552
v -0.095615 0.282713 -0.034775
v -0.095295 0.282820 -0.035429
v -0.095380 0.282730 -0.034981
v -0.095263 0.282769 -0.035220
v -0.103790 0.262543 -0.017429
v -0.103695 0.260544 -0.016803
v -0.103816 0.262542 -0.017431
v -0.103736 0.264417 -0.018296
v -0.103769 0.264418 -0.018299
v -0.103840 0.262545 -0.017424
v -0.103712 0.260543 -0.016797
v -0.103711 0.264422 -0.018284
v -0.103771 0.262547 -0.017420
v -0.103677 0.260546 -0.016802
v -0.103800 0.264424 -0.018291
v -0.103857 0.262549 -0.017410
v -0.103724 0.260544 -0.016787
v -0.103700 0.264430 -0.018266
v -0.103762 0.262553 -0.017406
v -0.103663 0.260549 -0.016796
v -0.103822 0.264433 -0.018276
v -0.103862 0.262555 -0.017395
v -0.103728 0.260547 -0.016775
v -0.103706 0.264441 -0.018247
v -0.103767 0.262559 -0.017390
v -0.103656 0.260552 -0.016785
v -0.103828 0.264443 -0.018256
v -0.103854 0.262561 -0.017380
v -0.103721 0.260550 -0.016764
v -0.103728 0.264450 -0.018232
v -0.103784 0.262564 -0.017377
v -0.103660 0.260554 -0.016773
v -0.103817 0.264452 -0.018239
v -0.103834 0.262565 -0.017371
v -0.103707 0.260553 -0.016758
v -0.103759 0.264456 -0.018224
v -0.103808 0.262566 -0.017370
v -0.103672 0.260555 -0.016763
v -0.103792 0.264457 -0.018227
v -0.103689 0.260555 -0.016757
v -0.103594 0.266189 -0.019357
v -0.103554 0.266187 -0.019353
v -0.103632 0.266199 -0.019349
v -0.103658 0.266214 -0.019332
v -0.103665 0.266229 -0.019310
v -0.103652 0.266240 -0.019289
v -0.103621 0.266246 -0.019274
v -0.103581 0.266243 -0.019270
v -0.103381 0.258401 -0.016452
v -0.103365 0.258403 -0.016466
v -0.103372 0.258404 -0.016438
v -0.103361 0.258406 -0.016438
v -0.103347 0.258407 -0.016454
v -0.103524 0.266192 -0.019338
v -0.103510 0.266204 -0.019317
v -0.103517 0.266219 -0.019295
v -0.103543 0.266234 -0.019278
v -0.103406 0.267908 -0.020528
v -0.103376 0.267889 -0.020547
v -0.103414 0.267928 -0.020504
v -0.103398 0.267943 -0.020479
v -0.103331 0.267876 -0.020554
v -0.103362 0.267950 -0.020462
v -0.103285 0.267872 -0.020549
v -0.103315 0.267946 -0.020457
v -0.103248 0.267878 -0.020532
v -0.103271 0.267932 -0.020465
v -0.103232 0.267893 -0.020508
v -0.103240 0.267913 -0.020483
v -0.103106 0.269536 -0.021814
v -0.103072 0.269513 -0.021834
v -0.103116 0.269560 -0.021786
v -0.103097 0.269579 -0.021759
v -0.103021 0.269496 -0.021842
v -0.102967 0.269491 -0.021836
v -0.103055 0.269586 -0.021740
v -0.103002 0.269581 -0.021733
v -0.102925 0.269499 -0.021816
v -0.102951 0.269565 -0.021741
v -0.102906 0.269517 -0.021789
v -0.102916 0.269541 -0.021761
v -0.102800 0.271115 -0.023138
v -0.102760 0.271088 -0.023161
v -0.102810 0.271143 -0.023107
v -0.102789 0.271164 -0.023077
v -0.102702 0.271069 -0.023170
v -0.102741 0.271173 -0.023055
v -0.102642 0.271064 -0.023162
v -0.102681 0.271168 -0.023048
v -0.102594 0.271073 -0.023141
v -0.102623 0.271149 -0.023057
v -0.102573 0.271094 -0.023110
v -0.102583 0.271122 -0.023080
v -0.102526 0.272663 -0.024449
v -0.102482 0.272634 -0.024476
v -0.102537 0.272693 -0.024415
v -0.102514 0.272717 -0.024381
v -0.102417 0.272614 -0.024487
v -0.102461 0.272728 -0.024358
v -0.102349 0.272609 -0.024480
v -0.102392 0.272723 -0.024350
v -0.102296 0.272620 -0.024456
v -0.102328 0.272704 -0.024362
v -0.102272 0.272644 -0.024423
v -0.102283 0.272674 -0.024388
v -0.102558 0.278895 -0.028557
v -0.102318 0.277324 -0.027748
v -0.102574 0.278916 -0.028494
v -0.102218 0.278986 -0.028514
v -0.102497 0.278887 -0.028614
v -0.102302 0.277296 -0.027802
v -0.102202 0.278965 -0.028577
v -0.102286 0.277352 -0.027701
v -0.102539 0.278943 -0.028443
v -0.102279 0.278994 -0.028457
v -0.102325 0.274197 -0.025698
v -0.102338 0.274229 -0.025658
v -0.102465 0.278970 -0.028416
v -0.102369 0.278989 -0.028422
v -0.102216 0.277373 -0.027675
v -0.102276 0.274168 -0.025729
v -0.102312 0.274255 -0.025621
v -0.102407 0.278892 -0.028650
v -0.102243 0.277276 -0.027849
v -0.102237 0.278937 -0.028628
v -0.102204 0.274149 -0.025744
v -0.102253 0.274269 -0.025596
v -0.102126 0.277381 -0.027675
v -0.102128 0.274146 -0.025738
v -0.102177 0.274266 -0.025590
v -0.102311 0.278911 -0.028655
v -0.102158 0.277269 -0.027876
v -0.102069 0.274159 -0.025713
v -0.102041 0.277374 -0.027703
v -0.102043 0.274186 -0.025676
v -0.102056 0.274218 -0.025636
v -0.102105 0.274247 -0.025604
v -0.102183 0.275709 -0.026870
v -0.102104 0.275694 -0.026890
v -0.102237 0.275736 -0.026832
v -0.102252 0.275767 -0.026786
v -0.102223 0.275795 -0.026744
v -0.102158 0.275811 -0.026718
v -0.102068 0.277277 -0.027877
v -0.101982 0.277354 -0.027750
v -0.102076 0.275813 -0.026715
v -0.101998 0.277298 -0.027850
v -0.101967 0.277326 -0.027804
v -0.102021 0.275695 -0.026887
v -0.101956 0.275712 -0.026861
v -0.101996 0.275798 -0.026735
v -0.101928 0.275740 -0.026820
v -0.101942 0.275771 -0.026773
v -0.112112 0.286160 -0.028189
v -0.112095 0.286160 -0.028212
v -0.112113 0.286159 -0.028167
v -0.111064 0.292887 -0.027899
v -0.112067 0.286157 -0.028228
v -0.111012 0.292878 -0.027934
v -0.111094 0.292891 -0.027854
v -0.112098 0.286156 -0.028150
v -0.111093 0.292889 -0.027810
v -0.112036 0.286153 -0.028234
v -0.112071 0.286152 -0.028144
v -0.111062 0.292882 -0.027780
v -0.110952 0.292868 -0.027949
v -0.112008 0.286149 -0.028228
v -0.112039 0.286148 -0.028150
v -0.111010 0.292872 -0.027771
v -0.110900 0.292858 -0.027940
v -0.111993 0.286146 -0.028212
v -0.112011 0.286146 -0.028166
v -0.110949 0.292861 -0.027786
v -0.110869 0.292851 -0.027910
v -0.111994 0.286145 -0.028189
v -0.110898 0.292853 -0.027821
v -0.110868 0.292849 -0.027866
v -0.109827 0.299119 -0.027706
v -0.109788 0.299111 -0.027775
v -0.109822 0.299118 -0.027641
v -0.109715 0.299094 -0.027831
v -0.109775 0.299106 -0.027599
v -0.109628 0.299074 -0.027858
v -0.109697 0.299088 -0.027590
v -0.109550 0.299055 -0.027849
v -0.109610 0.299068 -0.027617
v -0.109503 0.299044 -0.027807
v -0.109537 0.299051 -0.027672
v -0.109498 0.299042 -0.027742
v -0.108391 0.304894 -0.027730
v -0.108344 0.304879 -0.027825
v -0.108379 0.304893 -0.027645
v -0.108253 0.304852 -0.027903
v -0.108314 0.304876 -0.027592
v -0.108141 0.304821 -0.027945
v -0.108211 0.304848 -0.027586
v -0.108039 0.304792 -0.027939
v -0.108099 0.304816 -0.027627
v -0.107973 0.304775 -0.027886
v -0.108008 0.304789 -0.027706
v -0.107962 0.304774 -0.027801
v -0.106862 0.310263 -0.027910
v -0.106812 0.310241 -0.028031
v -0.106841 0.310262 -0.027805
v -0.106705 0.310203 -0.028135
v -0.106757 0.310240 -0.027744
v -0.106570 0.310158 -0.028195
v -0.106630 0.310201 -0.027743
v -0.106444 0.310119 -0.028194
v -0.106495 0.310156 -0.027802
v -0.106359 0.310097 -0.028133
v -0.106388 0.310118 -0.027907
v -0.106339 0.310096 -0.028028
v -0.105318 0.315272 -0.028231
v -0.105268 0.315243 -0.028378
v -0.105287 0.315272 -0.028106
v -0.105148 0.315193 -0.028510
v -0.105182 0.315244 -0.028039
v -0.104993 0.315136 -0.028590
v -0.105031 0.315195 -0.028046
v -0.104842 0.315087 -0.028597
v -0.104875 0.315138 -0.028126
v -0.104737 0.315059 -0.028529
v -0.104756 0.315088 -0.028258
v -0.104705 0.315059 -0.028405
v -0.103839 0.319967 -0.028676
v -0.103791 0.319931 -0.028850
v -0.103794 0.319970 -0.028534
v -0.103662 0.319871 -0.029011
v -0.103667 0.319938 -0.028462
v -0.103486 0.319803 -0.029114
v -0.103492 0.319880 -0.028480
v -0.103311 0.319745 -0.029132
v -0.103317 0.319812 -0.028583
v -0.103185 0.319713 -0.029061
v -0.103188 0.319752 -0.028744
v -0.103139 0.319715 -0.028919
v -0.102459 0.324353 -0.029431
v -0.102322 0.324284 -0.029622
v -0.102503 0.324396 -0.029229
v -0.102441 0.324401 -0.029071
v -0.102129 0.324208 -0.029751
v -0.102291 0.324368 -0.028998
v -0.101930 0.324144 -0.029784
v -0.102092 0.324305 -0.029030
v -0.101780 0.324111 -0.029711
v -0.101899 0.324229 -0.029159
v -0.101718 0.324117 -0.029552
v -0.101762 0.324160 -0.029350
v -0.101352 0.328553 -0.030104
v -0.101387 0.328602 -0.029874
v -0.101209 0.328478 -0.030327
v -0.101307 0.328613 -0.029701
v -0.100998 0.328398 -0.030485
v -0.101132 0.328583 -0.029630
v -0.100775 0.328335 -0.030535
v -0.100909 0.328520 -0.029680
v -0.100600 0.328305 -0.030464
v -0.100698 0.328441 -0.029838
v -0.100520 0.328317 -0.030291
v -0.100556 0.328366 -0.030062
v -0.100544 0.332576 -0.030851
v -0.100570 0.332632 -0.030595
v -0.100399 0.332499 -0.031108
v -0.100468 0.332653 -0.030409
v -0.100172 0.332422 -0.031299
v -0.100267 0.332632 -0.030344
v -0.099926 0.332367 -0.031371
v -0.100020 0.332576 -0.030416
v -0.099724 0.332346 -0.031306
v -0.099794 0.332500 -0.030607
v -0.100646 0.344137 -0.033044
v -0.100211 0.344282 -0.032820
v -0.100667 0.344052 -0.033374
v -0.100126 0.340348 -0.032195
v -0.100537 0.343989 -0.033743
v -0.100129 0.340275 -0.032501
v -0.099913 0.344303 -0.032987
v -0.100479 0.344221 -0.032841
v -0.099979 0.340405 -0.031994
v -0.099623 0.332367 -0.031120
v -0.100112 0.336467 -0.031655
v -0.100125 0.336531 -0.031373
v -0.099648 0.332423 -0.030864
v -0.099967 0.336393 -0.031949
v -0.100290 0.343965 -0.034053
v -0.099989 0.340206 -0.032833
v -0.099666 0.344279 -0.033297
v -0.099729 0.340430 -0.031954
v -0.100001 0.336566 -0.031179
v -0.099728 0.336327 -0.032176
v -0.099742 0.340158 -0.033099
v -0.099993 0.343986 -0.034219
v -0.099536 0.344216 -0.033666
v -0.099774 0.336564 -0.031123
v -0.099442 0.340417 -0.032084
v -0.099459 0.336288 -0.032275
v -0.099505 0.336525 -0.031222
v -0.099456 0.340146 -0.033230
v -0.099557 0.344131 -0.033996
v -0.099725 0.344047 -0.034199
v -0.099232 0.336285 -0.032219
v -0.099196 0.340369 -0.032351
v -0.099266 0.336459 -0.031449
v -0.099108 0.336321 -0.032025
v -0.099205 0.340171 -0.033190
v -0.099055 0.340300 -0.032682
v -0.099121 0.336384 -0.031743
v -0.099059 0.340227 -0.032989
v -0.120714 0.404499 -0.054556
v -0.120589 0.403466 -0.053213
v -0.120761 0.404650 -0.053497
v -0.118443 0.404936 -0.053018
v -0.120223 0.403664 -0.052407
v -0.120438 0.404805 -0.052648
v -0.119099 0.404970 -0.052372
v -0.120602 0.403249 -0.054245
v -0.120308 0.404392 -0.055540
v -0.118037 0.404829 -0.054003
v -0.120435 0.402308 -0.052866
v -0.120506 0.402032 -0.053863
v -0.120256 0.403069 -0.055224
v -0.120027 0.402541 -0.052105
v -0.120427 0.400839 -0.053414
v -0.120297 0.401164 -0.052455
v -0.120223 0.401786 -0.054831
v -0.120408 0.388528 -0.047985
v -0.120383 0.387093 -0.046130
v -0.120462 0.388934 -0.047352
v -0.120313 0.390003 -0.049016
v -0.120416 0.390406 -0.048371
v -0.120175 0.389382 -0.046657
v -0.120102 0.387583 -0.045470
v -0.120206 0.400533 -0.054364
v -0.120361 0.399658 -0.052901
v -0.120174 0.400021 -0.051982
v -0.119850 0.401422 -0.051742
v -0.119600 0.403788 -0.052041
v -0.119829 0.404922 -0.052236
v -0.120329 0.386672 -0.046745
v -0.120028 0.388271 -0.048384
v -0.119897 0.389752 -0.049401
v -0.120219 0.391380 -0.049971
v -0.120371 0.391781 -0.049317
v -0.120176 0.390853 -0.047638
v -0.120046 0.385373 -0.044877
v -0.119776 0.385909 -0.044259
v -0.120329 0.393104 -0.050211
v -0.120182 0.392238 -0.048556
v -0.120126 0.392710 -0.050872
v -0.120202 0.399302 -0.053827
v -0.120308 0.398478 -0.052324
v -0.120065 0.398869 -0.051449
v -0.119989 0.384939 -0.045476
v -0.119953 0.386432 -0.047151
v -0.120290 0.394385 -0.051050
v -0.120192 0.393564 -0.049422
v -0.120036 0.394005 -0.051719
v -0.119768 0.391142 -0.050342
v -0.120211 0.398082 -0.053225
v -0.120266 0.397289 -0.051686
v -0.119969 0.397697 -0.050854
v -0.119652 0.404358 -0.056186
v -0.117989 0.404678 -0.055061
v -0.120257 0.395634 -0.051834
v -0.120209 0.394842 -0.050233
v -0.119950 0.395275 -0.052509
v -0.119690 0.400295 -0.051319
v -0.120233 0.396081 -0.050989
v -0.120230 0.396863 -0.052559
v -0.119871 0.396532 -0.053240
v -0.119886 0.396496 -0.050200
v -0.119646 0.402977 -0.055890
v -0.119640 0.392490 -0.051229
v -0.119815 0.395256 -0.049487
v -0.119754 0.393970 -0.048717
v -0.119800 0.397786 -0.053910
v -0.119740 0.399048 -0.054514
v -0.119693 0.400329 -0.055048
v -0.119661 0.401636 -0.055509
v -0.119393 0.402666 -0.051785
v -0.119625 0.389750 -0.046085
v -0.119559 0.388009 -0.044943
v -0.119660 0.391224 -0.047013
v -0.119703 0.392628 -0.047891
v -0.119547 0.399150 -0.050834
v -0.119516 0.393806 -0.052060
v -0.119252 0.386404 -0.043788
v -0.119421 0.397977 -0.050287
v -0.119467 0.383772 -0.043636
v -0.119213 0.384341 -0.043052
v -0.119423 0.388233 -0.048444
v -0.119279 0.389719 -0.049421
v -0.119397 0.395101 -0.052834
v -0.119206 0.401543 -0.051468
v -0.119620 0.384724 -0.045895
v -0.119408 0.383336 -0.044225
v -0.119309 0.396768 -0.049679
v -0.119356 0.386438 -0.047239
v -0.119286 0.396386 -0.053546
v -0.119137 0.391132 -0.050331
v -0.119213 0.395515 -0.049011
v -0.119186 0.397671 -0.054195
v -0.119040 0.400405 -0.051087
v -0.118888 0.403807 -0.052214
v -0.119131 0.394210 -0.048284
v -0.119098 0.398966 -0.054776
v -0.118713 0.384890 -0.042630
v -0.118999 0.392502 -0.051185
v -0.119062 0.392847 -0.047501
v -0.119025 0.400280 -0.055285
v -0.119005 0.391419 -0.046664
v -0.118893 0.399245 -0.050643
v -0.118970 0.401621 -0.055715
v -0.118959 0.389941 -0.045789
v -0.118868 0.393840 -0.051982
v -0.118935 0.402995 -0.056063
v -0.118922 0.404406 -0.056322
v -0.118313 0.404523 -0.055910
v -0.119052 0.383149 -0.044662
v -0.119039 0.384786 -0.046024
v -0.118902 0.388258 -0.044690
v -0.118702 0.402652 -0.051992
v -0.118613 0.386725 -0.043591
v -0.118766 0.398054 -0.050136
v -0.118744 0.395157 -0.052720
v -0.118669 0.382254 -0.042427
v -0.118428 0.382840 -0.041865
v -0.118757 0.388424 -0.048149
v -0.118624 0.389915 -0.049072
v -0.118657 0.396824 -0.049565
v -0.118612 0.381824 -0.043013
v -0.118632 0.396463 -0.053396
v -0.118539 0.401494 -0.051704
v -0.118698 0.386687 -0.046986
v -0.118565 0.395549 -0.048933
v -0.118496 0.391351 -0.049940
v -0.118532 0.397766 -0.054005
v -0.118102 0.385271 -0.042482
v -0.117953 0.383426 -0.041478
v -0.118490 0.394222 -0.048240
v -0.118398 0.400323 -0.051350
v -0.118448 0.399076 -0.054545
v -0.118376 0.392743 -0.050753
v -0.118431 0.392837 -0.047490
v -0.118381 0.400401 -0.055010
v -0.118278 0.403714 -0.052880
v -0.118493 0.383261 -0.044828
v -0.118272 0.381666 -0.043467
v -0.118386 0.391387 -0.046684
v -0.118400 0.385107 -0.045826
v -0.118279 0.399130 -0.050929
v -0.118335 0.401747 -0.055396
v -0.118354 0.389903 -0.045849
v -0.118266 0.394099 -0.051506
v -0.118312 0.403120 -0.055697
v -0.118305 0.388263 -0.044778
v -0.118032 0.386786 -0.043719
v -0.118181 0.397908 -0.050442
v -0.118139 0.402502 -0.052670
v -0.118167 0.395429 -0.052199
v -0.118207 0.388792 -0.047577
v -0.118107 0.390286 -0.048447
v -0.118103 0.396650 -0.049890
v -0.118083 0.396743 -0.052828
v -0.117372 0.383853 -0.041370
v -0.118155 0.387113 -0.046459
v -0.118025 0.401290 -0.052389
v -0.117674 0.380775 -0.041262
v -0.117441 0.381364 -0.040712
v -0.118045 0.395350 -0.049274
v -0.118017 0.391741 -0.049276
v -0.118014 0.398047 -0.053390
v -0.117625 0.380359 -0.041852
v -0.117543 0.385384 -0.042648
v -0.118004 0.394002 -0.048597
v -0.117964 0.399350 -0.053881
v -0.117935 0.400070 -0.052036
v -0.117882 0.383643 -0.044680
v -0.117740 0.381821 -0.043667
v -0.117938 0.393147 -0.050047
v -0.117979 0.392599 -0.047861
v -0.117935 0.400659 -0.054297
v -0.117933 0.403535 -0.053859
v -0.116987 0.381970 -0.040348
v -0.117970 0.391136 -0.047069
v -0.117876 0.385602 -0.045355
v -0.117868 0.398834 -0.051614
v -0.117974 0.389647 -0.046249
v -0.117872 0.394512 -0.050760
v -0.117928 0.401980 -0.054635
v -0.117928 0.388023 -0.045184
v -0.117945 0.403318 -0.054891
v -0.117663 0.386571 -0.044138
v -0.117305 0.380229 -0.042324
v -0.117821 0.395844 -0.051410
v -0.117823 0.397577 -0.051123
v -0.117856 0.402256 -0.053637
v -0.117920 0.389240 -0.046881
v -0.117868 0.390733 -0.047714
v -0.117797 0.396291 -0.050565
v -0.117787 0.397151 -0.051996
v -0.117874 0.387602 -0.045800
v -0.117804 0.400984 -0.053338
v -0.116841 0.384009 -0.041570
v -0.117828 0.392198 -0.048515
v -0.117791 0.394970 -0.049943
v -0.117771 0.398438 -0.052515
v -0.117186 0.385197 -0.043085
v -0.117801 0.393608 -0.049258
v -0.117777 0.399714 -0.052963
v -0.116434 0.382430 -0.040268
v -0.117606 0.386138 -0.044737
v -0.117382 0.384192 -0.044258
v -0.117160 0.382249 -0.043559
v -0.116802 0.380419 -0.042550
v -0.116504 0.379289 -0.040154
v -0.116270 0.379871 -0.039605
v -0.117127 0.384760 -0.043674
v -0.116468 0.378894 -0.040751
v -0.116501 0.383851 -0.042024
v -0.115828 0.380483 -0.039253
v -0.116685 0.382835 -0.043173
v -0.115930 0.382620 -0.040495
v -0.116171 0.378790 -0.041238
v -0.116444 0.383421 -0.042611
v -0.116249 0.380878 -0.042470
v -0.115297 0.380961 -0.039191
v -0.115610 0.382490 -0.040966
v -0.115693 0.379007 -0.041482
v -0.115794 0.381484 -0.042107
v -0.115176 0.377751 -0.039109
v -0.114933 0.378315 -0.038556
v -0.115561 0.382074 -0.041556
v -0.115158 0.377381 -0.039716
v -0.114819 0.381177 -0.039435
v -0.114494 0.378921 -0.038206
v -0.115162 0.379485 -0.041420
v -0.114884 0.377303 -0.040214
v -0.114522 0.381074 -0.039922
v -0.113977 0.379407 -0.038152
v -0.114720 0.380097 -0.041068
v -0.114428 0.377538 -0.040471
v -0.114486 0.380679 -0.040519
v -0.113520 0.379642 -0.038409
v -0.113705 0.376115 -0.038134
v -0.113446 0.376653 -0.037574
v -0.113710 0.375772 -0.038751
v -0.113911 0.378024 -0.040417
v -0.113001 0.377243 -0.037220
v -0.113458 0.375718 -0.039259
v -0.113247 0.379564 -0.038907
v -0.113472 0.378629 -0.040067
v -0.113229 0.379193 -0.039514
v -0.112490 0.377727 -0.037168
v -0.113018 0.375966 -0.039522
v -0.112050 0.377974 -0.037431
v -0.112508 0.376449 -0.039469
v -0.112104 0.374333 -0.037236
v -0.112133 0.374022 -0.037862
v -0.111823 0.374840 -0.036667
v -0.111799 0.377920 -0.037939
v -0.112063 0.377039 -0.039116
v -0.111903 0.373989 -0.038376
v -0.111366 0.375406 -0.036307
v -0.111803 0.377577 -0.038556
v -0.111475 0.374243 -0.038641
v -0.110854 0.375880 -0.036252
v -0.110963 0.374717 -0.038587
v -0.110426 0.376134 -0.036518
v -0.110385 0.372361 -0.036423
v -0.110440 0.372082 -0.037055
v -0.110079 0.372831 -0.035845
v -0.110506 0.375283 -0.038226
v -0.110195 0.376101 -0.037032
v -0.110229 0.372069 -0.037573
v -0.109604 0.373367 -0.035478
v -0.110225 0.375790 -0.037658
v -0.109808 0.372326 -0.037838
v -0.109086 0.373824 -0.035419
v -0.109290 0.372783 -0.037778
v -0.108666 0.374081 -0.035684
v -0.108815 0.373319 -0.037411
v -0.108560 0.370152 -0.035701
v -0.108640 0.369906 -0.036338
v -0.108454 0.374068 -0.036202
v -0.108228 0.370583 -0.035117
v -0.108445 0.369912 -0.036857
v -0.108509 0.373789 -0.036834
v -0.107732 0.371083 -0.034743
v -0.108028 0.370166 -0.037120
v -0.107205 0.371520 -0.034679
v -0.107501 0.370603 -0.037056
v -0.106788 0.371775 -0.034942
v -0.107005 0.371103 -0.036682
v -0.106593 0.371780 -0.035461
v -0.106683 0.367723 -0.035095
v -0.106795 0.367526 -0.035738
v -0.106304 0.368080 -0.034500
v -0.106672 0.371534 -0.036098
v -0.106610 0.367543 -0.036255
v -0.105759 0.368502 -0.034111
v -0.106177 0.367768 -0.036509
v -0.105195 0.368876 -0.034033
v -0.105613 0.368142 -0.036431
v -0.104763 0.369101 -0.034287
v -0.105069 0.368564 -0.036043
v -0.105826 0.366079 -0.034854
v -0.105970 0.365944 -0.035506
v -0.104578 0.369118 -0.034805
v -0.105392 0.366331 -0.034243
v -0.104690 0.368922 -0.035447
v -0.105786 0.365962 -0.036024
v -0.104785 0.366633 -0.033836
v -0.105322 0.366128 -0.036269
v -0.105004 0.363531 -0.034637
v -0.105163 0.363440 -0.035293
v -0.104542 0.363703 -0.034018
v -0.104977 0.363454 -0.035811
v -0.104166 0.366903 -0.033742
v -0.104704 0.366397 -0.036175
v -0.103902 0.363910 -0.033603
v -0.104497 0.363570 -0.036051
v -0.103703 0.367069 -0.033987
v -0.104223 0.360168 -0.034444
v -0.104388 0.360102 -0.035102
v -0.104096 0.366699 -0.035768
v -0.103751 0.360296 -0.033823
v -0.104202 0.360114 -0.035619
v -0.103255 0.364097 -0.033501
v -0.103518 0.367086 -0.034505
v -0.103850 0.363757 -0.035949
v -0.103662 0.366951 -0.035157
v -0.103098 0.360451 -0.033404
v -0.103715 0.360203 -0.035858
v -0.103500 0.356143 -0.034278
v -0.103668 0.356092 -0.034936
v -0.103023 0.356244 -0.033655
v -0.103482 0.356104 -0.035453
v -0.102774 0.364213 -0.033741
v -0.103209 0.363965 -0.035534
v -0.102440 0.360592 -0.033300
v -0.102364 0.356366 -0.033235
v -0.103057 0.360344 -0.035753
v -0.102991 0.356174 -0.035691
v -0.102588 0.364228 -0.034259
v -0.103006 0.351547 -0.034793
v -0.102837 0.351588 -0.034134
v -0.102748 0.364137 -0.034915
v -0.102820 0.351558 -0.035310
v -0.102357 0.351670 -0.033511
v -0.101952 0.360681 -0.033538
v -0.102404 0.360499 -0.035334
v -0.101700 0.356478 -0.033129
v -0.102328 0.356286 -0.035585
v -0.101695 0.351771 -0.033090
v -0.102232 0.346629 -0.034012
v -0.102402 0.346595 -0.034671
v -0.102327 0.351617 -0.035548
v -0.101750 0.346698 -0.033388
v -0.102216 0.346605 -0.035188
v -0.101766 0.360693 -0.034056
v -0.101932 0.360627 -0.034713
v -0.101210 0.356549 -0.033367
v -0.101854 0.341359 -0.034565
v -0.101683 0.341389 -0.033906
v -0.101669 0.356409 -0.035165
v -0.101086 0.346782 -0.032967
v -0.101028 0.351863 -0.032984
v -0.101661 0.351709 -0.035441
v -0.101722 0.346655 -0.035425
v -0.101667 0.341368 -0.035082
v -0.101200 0.341448 -0.033282
v -0.101023 0.356560 -0.033884
v -0.101191 0.356509 -0.034542
v -0.101186 0.335988 -0.033814
v -0.101358 0.335963 -0.034473
v -0.100535 0.341521 -0.032861
v -0.101173 0.341412 -0.035319
v -0.101054 0.346733 -0.035318
v -0.100418 0.346861 -0.032860
v -0.100536 0.351922 -0.033221
v -0.100703 0.336040 -0.033190
v -0.101171 0.335971 -0.034990
v -0.100999 0.351810 -0.035020
v -0.100912 0.330526 -0.034390
v -0.100740 0.330549 -0.033731
v -0.100676 0.336010 -0.035227
v -0.100725 0.330533 -0.034907
v -0.100257 0.330596 -0.033107
v -0.100503 0.341480 -0.035213
v -0.100037 0.336105 -0.032768
v -0.100519 0.351891 -0.034397
v -0.100349 0.351932 -0.033739
v -0.099865 0.341589 -0.032754
v -0.100390 0.346818 -0.034897
v -0.099924 0.346911 -0.033098
v -0.100513 0.325169 -0.034313
v -0.100341 0.325191 -0.033654
v -0.100230 0.330568 -0.035144
v -0.100326 0.325175 -0.034830
v -0.099857 0.325235 -0.033030
v -0.099590 0.330654 -0.032685
v -0.100006 0.336070 -0.035120
v -0.099367 0.336165 -0.032661
v -0.099738 0.346921 -0.033615
v -0.100157 0.320013 -0.034238
v -0.099985 0.320035 -0.033579
v -0.099838 0.341553 -0.034791
v -0.099908 0.346887 -0.034273
v -0.099371 0.341633 -0.032991
v -0.099830 0.325207 -0.035067
v -0.099970 0.320018 -0.034755
v -0.099501 0.320076 -0.032955
v -0.099190 0.325289 -0.032608
v -0.099560 0.330622 -0.035037
v -0.099841 0.315175 -0.034161
v -0.099669 0.315194 -0.033502
v -0.098919 0.330708 -0.032578
v -0.099654 0.315181 -0.034678
v -0.099474 0.320047 -0.034991
v -0.099185 0.315235 -0.032878
v -0.099340 0.336134 -0.034698
v -0.099355 0.341613 -0.034167
v -0.099185 0.341642 -0.033508
v -0.098834 0.320128 -0.032533
v -0.098872 0.336204 -0.032898
v -0.099377 0.311643 -0.033327
v -0.099630 0.311622 -0.033951
v -0.099160 0.325257 -0.034960
v -0.098821 0.311686 -0.032777
v -0.099514 0.311629 -0.034482
v -0.099159 0.315212 -0.034914
v -0.099267 0.306768 -0.033777
v -0.098938 0.306791 -0.033198
v -0.098519 0.325338 -0.032501
v -0.098893 0.330680 -0.034615
v -0.099222 0.306774 -0.034313
v -0.099059 0.311663 -0.034778
v -0.098518 0.315285 -0.032455
v -0.098803 0.320094 -0.034885
v -0.098322 0.306838 -0.032731
v -0.098424 0.330744 -0.032815
v -0.098857 0.336187 -0.034074
v -0.098686 0.336212 -0.033415
v -0.098777 0.300839 -0.033635
v -0.098379 0.300867 -0.033110
v -0.098814 0.306808 -0.034663
v -0.098801 0.300841 -0.034167
v -0.098113 0.311739 -0.032450
v -0.098163 0.320174 -0.032426
v -0.098488 0.315259 -0.034808
v -0.098493 0.325311 -0.034538
v -0.098387 0.311713 -0.034760
v -0.097716 0.300919 -0.032732
v -0.098024 0.325370 -0.032738
v -0.098409 0.330727 -0.033991
v -0.098238 0.330751 -0.033332
v -0.097847 0.315332 -0.032349
v -0.098447 0.300874 -0.034562
v -0.098184 0.294058 -0.033521
v -0.098277 0.294056 -0.034039
v -0.098153 0.306862 -0.034732
v -0.097585 0.306896 -0.032501
v -0.098136 0.320145 -0.034462
v -0.097727 0.294092 -0.033057
v -0.097441 0.311790 -0.032431
v -0.097667 0.320204 -0.032662
v -0.097820 0.315310 -0.034385
v -0.098009 0.325354 -0.033914
v -0.097980 0.294085 -0.034473
v -0.097808 0.300928 -0.034716
v -0.097837 0.325376 -0.033255
v -0.097028 0.294147 -0.032772
v -0.097679 0.311767 -0.034433
v -0.096964 0.300979 -0.032602
v -0.097516 0.286649 -0.033429
v -0.097673 0.286641 -0.033925
v -0.097008 0.286686 -0.033033
v -0.097416 0.306919 -0.034502
v -0.097351 0.315363 -0.032585
v -0.096925 0.306949 -0.032570
v -0.097652 0.320187 -0.033838
v -0.097480 0.320209 -0.033180
v -0.097373 0.294138 -0.034706
v -0.097438 0.286666 -0.034389
v -0.096986 0.311823 -0.032728
v -0.097336 0.315350 -0.033761
v -0.097056 0.300988 -0.034586
v -0.096286 0.286744 -0.032844
v -0.096274 0.294209 -0.032742
v -0.096797 0.278833 -0.033355
v -0.097015 0.278821 -0.033821
v -0.097123 0.311810 -0.033883
v -0.097164 0.315370 -0.033102
v -0.096325 0.301033 -0.032755
v -0.096248 0.278875 -0.033033
v -0.096873 0.286716 -0.034696
v -0.096844 0.278840 -0.034306
v -0.096801 0.306966 -0.034035
v -0.096517 0.306984 -0.032920
v -0.096619 0.294200 -0.034676
v -0.096870 0.311830 -0.033259
v -0.096392 0.301040 -0.034208
v -0.096328 0.270818 -0.033722
v -0.096054 0.270835 -0.033294
v -0.095516 0.278933 -0.032941
v -0.095543 0.286806 -0.032912
v -0.096472 0.306990 -0.033456
v -0.095667 0.294261 -0.032975
v -0.095970 0.301066 -0.033151
v -0.096330 0.278886 -0.034680
v -0.096222 0.270831 -0.034220
v -0.096130 0.286778 -0.034764
v -0.095475 0.270879 -0.033049
v -0.095920 0.294255 -0.034391
v -0.095995 0.301068 -0.033682
v -0.096352 0.183650 -0.033574
v -0.096472 0.174629 -0.032973
v -0.096368 0.174666 -0.032536
v -0.096264 0.165593 -0.031656
v -0.096356 0.165538 -0.032091
v -0.096269 0.174585 -0.033492
v -0.096161 0.183616 -0.034102
v -0.096238 0.183673 -0.033135
v -0.095890 0.165632 -0.031412
v -0.095986 0.174687 -0.032297
v -0.095870 0.156596 -0.030452
v -0.096143 0.165484 -0.032601
v -0.095950 0.156522 -0.030884
v -0.096054 0.192458 -0.033939
v -0.095873 0.192432 -0.034476
v -0.095637 0.262855 -0.033625
v -0.095314 0.262877 -0.033240
v -0.095766 0.270872 -0.034653
v -0.095610 0.278947 -0.034843
v -0.095370 0.294291 -0.033409
v -0.094796 0.278994 -0.033104
v -0.095506 0.156659 -0.030204
v -0.095714 0.183578 -0.034578
v -0.095815 0.174546 -0.033954
v -0.094978 0.286856 -0.033219
v -0.095928 0.192468 -0.033499
v -0.095847 0.183677 -0.032903
v -0.094745 0.270937 -0.033054
v -0.095598 0.262863 -0.034126
v -0.095435 0.192397 -0.034966
v -0.095725 0.156457 -0.031383
v -0.095680 0.165444 -0.033048
v -0.095408 0.286836 -0.034575
v -0.095631 0.200907 -0.034111
v -0.095462 0.200889 -0.034656
v -0.094715 0.262922 -0.033075
v -0.095335 0.165647 -0.031424
v -0.095427 0.174684 -0.032321
v -0.095463 0.294288 -0.033927
v -0.095130 0.147830 -0.028882
v -0.095198 0.147740 -0.029309
v -0.095529 0.192459 -0.033274
v -0.095494 0.200906 -0.033672
v -0.094955 0.156695 -0.030206
v -0.094776 0.147912 -0.028630
v -0.095033 0.200857 -0.035160
v -0.095285 0.183662 -0.032940
v -0.095132 0.183547 -0.034874
v -0.095230 0.174522 -0.034234
v -0.095082 0.270930 -0.034906
v -0.095207 0.262898 -0.034610
v -0.095255 0.156418 -0.031816
v -0.094962 0.147666 -0.029797
v -0.094857 0.192362 -0.035277
v -0.095093 0.165430 -0.033313
v -0.094743 0.286881 -0.033683
v -0.095139 0.208853 -0.034136
v -0.094982 0.208842 -0.034688
v -0.094971 0.255158 -0.033523
v -0.094604 0.255182 -0.033188
v -0.094878 0.279006 -0.034751
v -0.094996 0.255159 -0.034020
v -0.094282 0.279040 -0.033478
v -0.095088 0.200887 -0.033455
v -0.094965 0.192433 -0.033324
v -0.094061 0.270994 -0.033306
v -0.094232 0.147964 -0.028621
v -0.094991 0.208843 -0.033696
v -0.094562 0.208815 -0.035206
v -0.094001 0.262978 -0.033174
v -0.094900 0.286873 -0.034179
v -0.094748 0.165632 -0.031689
v -0.094842 0.174660 -0.032601
v -0.094458 0.200820 -0.035488
v -0.094366 0.156693 -0.030457
v -0.093996 0.255226 -0.033104
v -0.094703 0.183631 -0.033236
v -0.094666 0.156416 -0.032067
v -0.094485 0.147628 -0.030216
v -0.094571 0.183532 -0.034911
v -0.094671 0.174519 -0.034258
v -0.094904 0.145364 -0.028432
v -0.094948 0.145271 -0.028856
v -0.094569 0.262950 -0.034946
v -0.094675 0.255187 -0.034544
v -0.094569 0.145451 -0.028167
v -0.094293 0.192336 -0.035328
v -0.094489 0.216146 -0.034616
v -0.094634 0.216149 -0.034056
v -0.094538 0.165444 -0.033326
v -0.094522 0.200854 -0.033519
v -0.094578 0.208816 -0.033488
v -0.094353 0.270988 -0.034910
v -0.093992 0.208778 -0.035550
v -0.094690 0.145197 -0.029325
v -0.094695 0.142756 -0.027949
v -0.094717 0.142665 -0.028369
v -0.093642 0.147972 -0.028858
v -0.094387 0.192398 -0.033636
v -0.094078 0.216123 -0.035147
v -0.094475 0.216133 -0.033618
v -0.094354 0.247948 -0.033413
v -0.094443 0.247944 -0.033896
v -0.093952 0.247974 -0.033132
v -0.094111 0.279060 -0.033963
v -0.094378 0.142841 -0.027671
v -0.094329 0.279047 -0.034429
v -0.093892 0.200788 -0.035552
v -0.094285 0.165593 -0.032137
v -0.094387 0.174621 -0.033063
v -0.093605 0.271036 -0.033740
v -0.094033 0.145508 -0.028131
v -0.093897 0.156654 -0.030890
v -0.093363 0.263030 -0.033510
v -0.094485 0.140000 -0.027422
v -0.094438 0.142593 -0.028818
v -0.094485 0.139910 -0.027837
v -0.093309 0.255278 -0.033293
v -0.094188 0.140087 -0.027132
v -0.094199 0.145162 -0.029713
v -0.094257 0.183593 -0.033712
v -0.094116 0.156452 -0.032069
v -0.093895 0.147637 -0.030453
v -0.094180 0.183536 -0.034679
v -0.094289 0.174540 -0.034020
v -0.094093 0.255232 -0.034956
v -0.094195 0.247963 -0.034452
v -0.094171 0.222651 -0.033917
v -0.094038 0.222653 -0.034484
v -0.093345 0.248015 -0.033128
v -0.093852 0.142898 -0.027608
v -0.093895 0.192327 -0.035103
v -0.093512 0.216088 -0.035507
v -0.094010 0.208779 -0.033566
v -0.094054 0.216101 -0.033418
v -0.093854 0.263006 -0.035045
v -0.094164 0.165484 -0.033081
v -0.093947 0.200817 -0.033846
v -0.094259 0.137102 -0.026843
v -0.094188 0.139840 -0.028265
v -0.094237 0.137011 -0.027251
v -0.093981 0.137193 -0.026543
v -0.094001 0.222631 -0.033479
v -0.093637 0.222637 -0.035028
v -0.093424 0.208741 -0.035628
v -0.093934 0.142559 -0.029176
v -0.093814 0.241451 -0.033289
v -0.093963 0.241441 -0.033751
v -0.093673 0.140148 -0.027044
v -0.093165 0.147934 -0.029276
v -0.094072 0.165538 -0.032646
v -0.094185 0.174577 -0.033582
v -0.093949 0.192363 -0.034126
v -0.093384 0.241477 -0.033066
v -0.093774 0.271032 -0.034666
v -0.093672 0.156589 -0.031389
v -0.094065 0.183558 -0.034240
v -0.093486 0.200768 -0.035335
v -0.093500 0.271049 -0.034237
v -0.093999 0.134065 -0.026201
v -0.093742 0.134163 -0.025893
v -0.093923 0.136944 -0.027658
v -0.093956 0.133974 -0.026601
v -0.093439 0.145520 -0.028335
v -0.093673 0.139810 -0.028592
v -0.093479 0.137260 -0.026431
v -0.093606 0.145174 -0.029917
v -0.093752 0.156515 -0.031820
v -0.093769 0.192337 -0.034663
v -0.093685 0.228215 -0.034335
v -0.093805 0.228209 -0.033761
v -0.093677 0.248000 -0.034931
v -0.093792 0.241451 -0.034327
v -0.093257 0.142912 -0.027778
v -0.093350 0.147689 -0.030444
v -0.093485 0.216063 -0.033510
v -0.093572 0.222598 -0.033288
v -0.093076 0.222606 -0.035404
v -0.093294 0.228206 -0.034892
v -0.093405 0.255284 -0.035146
v -0.092971 0.263065 -0.033994
v -0.093688 0.130896 -0.025488
v -0.093452 0.131001 -0.025174
v -0.092943 0.216050 -0.035599
v -0.093439 0.208742 -0.033910
v -0.093623 0.228190 -0.033325
v -0.092695 0.248060 -0.033403
v -0.092726 0.255324 -0.033705
v -0.093254 0.134240 -0.025760
v -0.093626 0.133912 -0.026987
v -0.093625 0.130804 -0.025880
v -0.093518 0.200785 -0.034350
v -0.093584 0.235892 -0.033578
v -0.093378 0.235897 -0.033146
v -0.092788 0.241512 -0.033140
v -0.093399 0.136921 -0.027954
v -0.093339 0.142572 -0.029346
v -0.092928 0.147860 -0.029765
v -0.093349 0.200768 -0.034895
v -0.093010 0.208714 -0.035419
v -0.093078 0.140166 -0.027182
v -0.093255 0.263051 -0.034880
v -0.093484 0.232677 -0.034214
v -0.093592 0.232671 -0.033634
v -0.093345 0.241476 -0.034863
v -0.093490 0.235896 -0.034165
v -0.092927 0.235909 -0.032982
v -0.092980 0.131090 -0.025020
v -0.092996 0.147770 -0.030192
v -0.093310 0.127600 -0.024696
v -0.093095 0.127712 -0.024376
v -0.093079 0.139828 -0.028730
v -0.092887 0.137286 -0.026538
v -0.093105 0.232677 -0.034784
v -0.093028 0.248045 -0.035205
v -0.093280 0.130749 -0.026243
v -0.093228 0.127508 -0.025078
v -0.093095 0.133898 -0.027254
v -0.092948 0.145485 -0.028723
v -0.092738 0.228184 -0.035284
v -0.093187 0.228161 -0.033143
v -0.093397 0.232660 -0.033199
v -0.093070 0.145231 -0.029881
v -0.093001 0.222562 -0.033395
v -0.092932 0.263073 -0.034495
v -0.092666 0.134276 -0.025837
v -0.092862 0.208704 -0.034980
v -0.093019 0.208714 -0.034427
v -0.092919 0.216027 -0.033870
v -0.092505 0.222569 -0.035510
v -0.093122 0.235906 -0.034748
v -0.092640 0.127814 -0.024205
v -0.092753 0.142877 -0.028136
v -0.092522 0.216018 -0.035399
v -0.092807 0.136946 -0.028061
v -0.092813 0.142629 -0.029283
v -0.092954 0.232647 -0.033027
v -0.092744 0.241511 -0.035216
v -0.092353 0.235924 -0.033132
v -0.092187 0.241547 -0.033493
v -0.092797 0.255328 -0.035061
v -0.092405 0.255351 -0.034230
v -0.092848 0.124182 -0.023815
v -0.092654 0.124302 -0.023492
v -0.092177 0.248098 -0.033882
v -0.092870 0.127461 -0.025420
v -0.092745 0.130746 -0.026482
v -0.092554 0.232670 -0.035192
v -0.092747 0.124091 -0.024187
v -0.092398 0.131139 -0.025069
v -0.092563 0.140136 -0.027509
v -0.092614 0.228132 -0.033264
v -0.092690 0.145410 -0.029192
v -0.092577 0.235922 -0.035171
v -0.092218 0.124419 -0.023304
v -0.092507 0.133934 -0.027331
v -0.092564 0.139888 -0.028642
v -0.092363 0.137262 -0.026835
v -0.092734 0.145317 -0.029616
v -0.092166 0.228154 -0.035405
v -0.092363 0.216002 -0.034961
v -0.092508 0.216005 -0.034401
v -0.092440 0.222531 -0.033771
v -0.092421 0.248086 -0.035201
v -0.092067 0.127880 -0.024227
v -0.092431 0.255353 -0.034726
v -0.092474 0.142805 -0.028585
v -0.092077 0.222537 -0.035319
v -0.092380 0.232636 -0.033162
v -0.092378 0.124053 -0.024506
v -0.092332 0.127471 -0.025630
v -0.092136 0.134261 -0.026104
v -0.092285 0.120647 -0.022837
v -0.092113 0.120775 -0.022512
v -0.092305 0.137014 -0.027950
v -0.092496 0.142714 -0.029005
v -0.091809 0.235940 -0.033555
v -0.092166 0.120558 -0.023197
v -0.092164 0.130795 -0.026531
v -0.092266 0.140066 -0.027938
v -0.091980 0.232658 -0.035327
v -0.092149 0.241546 -0.035290
v -0.091930 0.248116 -0.034437
v -0.091741 0.241572 -0.034029
v -0.091696 0.120908 -0.022308
v -0.091655 0.124502 -0.023301
v -0.091863 0.131135 -0.025308
v -0.092058 0.228110 -0.033656
v -0.092003 0.235937 -0.035320
v -0.092266 0.139975 -0.028352
v -0.092049 0.137196 -0.027242
v -0.091906 0.222516 -0.034882
v -0.092020 0.134011 -0.027198
v -0.092039 0.222514 -0.034315
v -0.091730 0.228126 -0.035223
v -0.092019 0.248112 -0.034920
v -0.091840 0.124079 -0.024689
v -0.091788 0.120531 -0.023495
v -0.091759 0.127536 -0.025652
v -0.091529 0.127890 -0.024437
v -0.091805 0.134200 -0.026489
v -0.091829 0.232629 -0.033569
v -0.092027 0.137105 -0.027650
v -0.091604 0.117000 -0.021752
v -0.091454 0.117136 -0.021426
v -0.091145 0.121009 -0.022282
v -0.091440 0.235950 -0.034138
v -0.091569 0.241582 -0.034605
v -0.091468 0.116914 -0.022101
v -0.091692 0.130884 -0.026377
v -0.091536 0.232645 -0.035154
v -0.091518 0.131081 -0.025671
v -0.091719 0.241572 -0.035067
v -0.091058 0.117285 -0.021210
v -0.091117 0.124528 -0.023484
v -0.091763 0.134108 -0.026890
v -0.091668 0.228100 -0.034213
v -0.091548 0.228106 -0.034787
v -0.091552 0.235949 -0.035157
v -0.091171 0.127843 -0.024779
v -0.091251 0.120575 -0.023652
v -0.091277 0.124162 -0.024686
v -0.091449 0.232628 -0.034139
v -0.091455 0.130988 -0.026063
v -0.091082 0.116901 -0.022378
v -0.091304 0.127639 -0.025480
v -0.091346 0.235954 -0.034724
v -0.091342 0.232634 -0.034720
v -0.090522 0.117407 -0.021161
v -0.090609 0.121053 -0.022438
v -0.090789 0.113248 -0.020552
v -0.090660 0.113390 -0.020227
v -0.090748 0.124490 -0.023803
v -0.091089 0.127751 -0.025160
v -0.090637 0.113166 -0.020889
v -0.090286 0.113555 -0.019999
v -0.090840 0.124279 -0.024498
v -0.090701 0.120677 -0.023626
v -0.090550 0.116964 -0.022510
v -0.089989 0.117470 -0.021293
v -0.090647 0.124399 -0.024175
v -0.090231 0.121027 -0.022737
v -0.090245 0.113167 -0.021146
v -0.089766 0.113699 -0.019930
v -0.090284 0.120810 -0.023422
v -0.089718 0.109553 -0.018908
v -0.089825 0.109407 -0.019233
v -0.090111 0.120938 -0.023097
v -0.090014 0.117086 -0.022461
v -0.089366 0.109729 -0.018668
v -0.089658 0.109330 -0.019557
v -0.089603 0.117457 -0.021570
v -0.089719 0.113251 -0.021254
v -0.089240 0.113783 -0.020038
v -0.088862 0.109888 -0.018578
v -0.089617 0.117235 -0.022245
v -0.089262 0.109343 -0.019792
v -0.089467 0.117371 -0.021919
v -0.089199 0.113394 -0.021185
v -0.088848 0.113784 -0.020295
v -0.089181 0.107593 -0.018131
v -0.089301 0.107444 -0.018441
v -0.088343 0.109987 -0.018662
v -0.088824 0.107764 -0.017916
v -0.088742 0.109443 -0.019876
v -0.089152 0.107358 -0.018761
v -0.088825 0.113560 -0.020957
v -0.088696 0.113702 -0.020631
v -0.088326 0.107913 -0.017852
v -0.088594 0.105341 -0.017204
v -0.088727 0.105189 -0.017498
v -0.088774 0.107357 -0.019007
v -0.087947 0.110000 -0.018898
v -0.088239 0.109602 -0.019786
v -0.088234 0.105506 -0.017012
v -0.088595 0.105091 -0.017813
v -0.087820 0.107998 -0.017957
v -0.087780 0.109924 -0.019221
v -0.087742 0.105641 -0.016973
v -0.087887 0.109778 -0.019546
v -0.088269 0.107442 -0.019113
v -0.088236 0.105074 -0.018067
v -0.088099 0.102686 -0.016380
v -0.087957 0.102843 -0.016105
v -0.087984 0.102576 -0.016689
v -0.087595 0.103004 -0.015937
v -0.087442 0.107997 -0.018203
v -0.087250 0.105708 -0.017097
v -0.087744 0.105142 -0.018191
v -0.087770 0.107591 -0.019049
v -0.087643 0.102542 -0.016948
v -0.087111 0.103127 -0.015922
v -0.087418 0.099990 -0.015069
v -0.087266 0.100154 -0.014813
v -0.087318 0.099867 -0.015369
v -0.086905 0.100313 -0.014670
v -0.087293 0.107911 -0.018524
v -0.087414 0.107762 -0.018833
v -0.086891 0.105691 -0.017350
v -0.087252 0.105276 -0.018151
v -0.087166 0.102593 -0.017089
v -0.086634 0.103179 -0.016063
v -0.086995 0.099816 -0.015632
v -0.086430 0.100425 -0.014678
v -0.086759 0.105594 -0.017666
v -0.086681 0.097158 -0.013546
v -0.086522 0.097328 -0.013311
v -0.086891 0.105442 -0.017959
v -0.086597 0.097020 -0.013834
v -0.086163 0.097485 -0.013192
v -0.086682 0.102716 -0.017074
v -0.086293 0.103145 -0.016322
v -0.086535 0.099851 -0.015789
v -0.085969 0.100460 -0.014835
v -0.086292 0.096951 -0.014099
v -0.085699 0.097586 -0.013222
v -0.086320 0.102878 -0.016906
v -0.086178 0.103035 -0.016631
v -0.085890 0.094243 -0.011790
v -0.085725 0.094420 -0.011577
v -0.086060 0.099963 -0.015797
v -0.085646 0.100409 -0.015098
v -0.085819 0.094090 -0.012065
v -0.085848 0.096969 -0.014269
v -0.085368 0.094574 -0.011483
v -0.085255 0.097604 -0.013392
v -0.085699 0.100122 -0.015654
v -0.085532 0.094002 -0.012329
v -0.085547 0.100285 -0.015398
v -0.084916 0.094663 -0.011534
v -0.085384 0.097070 -0.014299
v -0.084950 0.097535 -0.013657
v -0.085042 0.091300 -0.009784
v -0.084872 0.091484 -0.009594
v -0.085105 0.094003 -0.012510
v -0.084984 0.091131 -0.010043
v -0.084519 0.091634 -0.009524
v -0.084488 0.094664 -0.011715
v -0.085024 0.097227 -0.014181
v -0.084865 0.097397 -0.013946
v -0.084714 0.091024 -0.010301
v -0.084652 0.094092 -0.012560
v -0.084079 0.091710 -0.009593
v -0.084201 0.094576 -0.011978
v -0.084303 0.091006 -0.010491
v -0.084136 0.088382 -0.007506
v -0.083963 0.088572 -0.007341
v -0.084296 0.094246 -0.012466
v -0.084090 0.088198 -0.007747
v -0.084131 0.094423 -0.012253
v -0.083669 0.091692 -0.009782
v -0.083616 0.088718 -0.007295
v -0.083836 0.088070 -0.007997
v -0.083863 0.091082 -0.010560
v -0.083189 0.088780 -0.007380
v -0.083399 0.091585 -0.010041
v -0.083443 0.088032 -0.008191
v -0.083511 0.091233 -0.010490
v -0.083341 0.091417 -0.010300
v -0.083172 0.085543 -0.004939
v -0.082997 0.085738 -0.004799
v -0.083136 0.085345 -0.005158
v -0.082795 0.088742 -0.007574
v -0.082656 0.085878 -0.004775
v -0.083016 0.088095 -0.008277
v -0.082898 0.085196 -0.005397
v -0.082542 0.088614 -0.007825
v -0.082242 0.085924 -0.004874
v -0.082669 0.088240 -0.008230
v -0.082522 0.085137 -0.005592
v -0.082495 0.088430 -0.008065
v -0.081866 0.085865 -0.005069
v -0.082150 0.082837 -0.002063
v -0.081973 0.083035 -0.001949
v -0.082123 0.082625 -0.002258
v -0.082108 0.085184 -0.005691
v -0.081639 0.083167 -0.001946
v -0.081899 0.082456 -0.002481
v -0.081627 0.085717 -0.005308
v -0.081767 0.085323 -0.005667
v -0.081239 0.083196 -0.002055
v -0.081591 0.085518 -0.005527
v -0.081539 0.082375 -0.002673
v -0.080878 0.083116 -0.002248
v -0.081066 0.080316 0.001142
v -0.080889 0.080515 0.001230
v -0.081047 0.080091 0.000974
v -0.081138 0.082404 -0.002782
v -0.080563 0.080637 0.001213
v -0.080837 0.079903 0.000770
v -0.080655 0.082947 -0.002471
v -0.080805 0.082536 -0.002780
v -0.080176 0.080648 0.001097
v -0.080628 0.082734 -0.002666
v -0.080493 0.079800 0.000585
v -0.079831 0.080546 0.000912
v -0.080106 0.079811 0.000469
v -0.079922 0.078032 0.004696
v -0.079745 0.078230 0.004757
v -0.079910 0.077798 0.004555
v -0.079427 0.078340 0.004724
v -0.079622 0.080357 0.000708
v -0.079713 0.077592 0.004375
v -0.079780 0.079933 0.000452
v -0.079603 0.080132 0.000540
v -0.079053 0.078332 0.004605
v -0.079383 0.077468 0.004201
v -0.078724 0.078208 0.004432
v -0.079009 0.077460 0.004082
v -0.078527 0.078002 0.004251
v -0.078515 0.077768 0.004111
v -0.078692 0.077570 0.004049
v -0.103782 0.267149 -0.026502
v -0.103762 0.261021 -0.025650
v -0.103754 0.261030 -0.025587
v -0.103290 0.254833 -0.024885
v -0.103734 0.267133 -0.026595
v -0.103725 0.261013 -0.025721
v -0.103295 0.254828 -0.024928
v -0.103772 0.267161 -0.026418
v -0.103703 0.261037 -0.025547
v -0.103255 0.254839 -0.024859
v -0.103445 0.273156 -0.027442
v -0.103384 0.273131 -0.027557
v -0.103704 0.267166 -0.026365
v -0.103431 0.273172 -0.027337
v -0.103638 0.267118 -0.026672
v -0.103653 0.261008 -0.025780
v -0.103271 0.254825 -0.024976
v -0.103623 0.261040 -0.025542
v -0.103202 0.254845 -0.024856
v -0.103266 0.273105 -0.027652
v -0.103598 0.267164 -0.026357
v -0.103347 0.273175 -0.027271
v -0.103522 0.267108 -0.026713
v -0.103566 0.261007 -0.025812
v -0.103222 0.254826 -0.025017
v -0.103535 0.261038 -0.025574
v -0.103143 0.254850 -0.024878
v -0.103121 0.273084 -0.027701
v -0.103482 0.267154 -0.026398
v -0.103216 0.273165 -0.027260
v -0.103416 0.267106 -0.026705
v -0.103485 0.261010 -0.025807
v -0.103163 0.254831 -0.025039
v -0.103463 0.261033 -0.025633
v -0.103095 0.254851 -0.024918
v -0.102989 0.273074 -0.027691
v -0.103348 0.267111 -0.026652
v -0.103435 0.261016 -0.025767
v -0.103110 0.254837 -0.025036
v -0.103386 0.267139 -0.026475
v -0.103071 0.273144 -0.027309
v -0.103426 0.261025 -0.025703
v -0.103070 0.254848 -0.024966
v -0.103337 0.267123 -0.026568
v -0.103075 0.254843 -0.025009
v -0.102839 0.278988 -0.028429
v -0.102766 0.278954 -0.028567
v -0.102822 0.279007 -0.028304
v -0.102906 0.273077 -0.027625
v -0.102892 0.273094 -0.027520
v -0.102953 0.273118 -0.027404
v -0.102625 0.278916 -0.028679
v -0.102722 0.279008 -0.028224
v -0.102289 0.248625 -0.024354
v -0.102292 0.248622 -0.024376
v -0.102272 0.248629 -0.024340
v -0.102280 0.248623 -0.024402
v -0.102453 0.278883 -0.028736
v -0.102244 0.248635 -0.024339
v -0.102255 0.248626 -0.024423
v -0.102214 0.248640 -0.024351
v -0.102565 0.278990 -0.028211
v -0.102225 0.248632 -0.024434
v -0.102190 0.248643 -0.024372
v -0.102198 0.248637 -0.024433
v -0.102177 0.248644 -0.024397
v -0.102296 0.278865 -0.028723
v -0.102180 0.248642 -0.024419
v -0.102393 0.278957 -0.028268
v -0.102196 0.278866 -0.028643
v -0.102252 0.278919 -0.028380
v -0.102180 0.278885 -0.028518
v -0.102054 0.284590 -0.029423
v -0.101970 0.284548 -0.029582
v -0.102035 0.284613 -0.029277
v -0.101807 0.284498 -0.029712
v -0.101919 0.284612 -0.029183
v -0.101607 0.284454 -0.029778
v -0.101737 0.284585 -0.029167
v -0.101425 0.284427 -0.029762
v -0.101537 0.284541 -0.029232
v -0.101309 0.284425 -0.029668
v -0.101374 0.284491 -0.029362
v -0.101290 0.284449 -0.029522
v -0.101181 0.289909 -0.030382
v -0.101086 0.289859 -0.030564
v -0.101159 0.289935 -0.030215
v -0.100900 0.289799 -0.030711
v -0.101027 0.289931 -0.030108
v -0.100673 0.289745 -0.030785
v -0.100820 0.289897 -0.030088
v -0.100465 0.289711 -0.030766
v -0.100593 0.289843 -0.030163
v -0.100333 0.289706 -0.030659
v -0.100407 0.289783 -0.030310
v -0.100312 0.289733 -0.030492
v -0.100309 0.294889 -0.031265
v -0.100202 0.294834 -0.031469
v -0.100285 0.294917 -0.031077
v -0.099993 0.294767 -0.031635
v -0.100137 0.294911 -0.030956
v -0.099738 0.294705 -0.031718
v -0.099904 0.294872 -0.030934
v -0.099505 0.294666 -0.031696
v -0.099649 0.294811 -0.031017
v -0.099357 0.294660 -0.031575
v -0.099440 0.294743 -0.031183
v -0.099333 0.294688 -0.031388
v -0.099529 0.299474 -0.032030
v -0.099409 0.299417 -0.032257
v -0.099503 0.299503 -0.031821
v -0.099176 0.299348 -0.032442
v -0.099338 0.299496 -0.031686
v -0.098892 0.299285 -0.032536
v -0.099079 0.299456 -0.031663
v -0.098633 0.299245 -0.032512
v -0.098795 0.299392 -0.031756
v -0.098931 0.303604 -0.032636
v -0.098798 0.303553 -0.032887
v -0.098469 0.299238 -0.032378
v -0.098903 0.303630 -0.032405
v -0.098562 0.299323 -0.031941
v -0.098539 0.303492 -0.033093
v -0.098443 0.299267 -0.032169
v -0.098722 0.303626 -0.032258
v -0.098225 0.303437 -0.033198
v -0.098435 0.303591 -0.032234
v -0.098603 0.307213 -0.033042
v -0.098456 0.307181 -0.033319
v -0.098574 0.307233 -0.032790
v -0.097939 0.303402 -0.033173
v -0.098121 0.303536 -0.032338
v -0.098171 0.307145 -0.033547
v -0.098375 0.307235 -0.032630
v -0.097757 0.303398 -0.033026
v -0.098629 0.310233 -0.033210
v -0.098470 0.310238 -0.033512
v -0.098597 0.310240 -0.032936
v -0.098382 0.310256 -0.032764
v -0.097863 0.303475 -0.032544
v -0.097825 0.307115 -0.033664
v -0.097729 0.303424 -0.032796
v -0.098061 0.307220 -0.032606
v -0.098162 0.310254 -0.033762
v -0.098042 0.310279 -0.032740
v -0.097511 0.307099 -0.033640
v -0.097788 0.310275 -0.033891
v -0.097716 0.307189 -0.032723
v -0.097668 0.310300 -0.032870
v -0.097313 0.307101 -0.033480
v -0.097431 0.307153 -0.032951
v -0.097448 0.310298 -0.033867
v -0.097284 0.307121 -0.033228
v -0.097360 0.310316 -0.033119
v -0.097233 0.310314 -0.033695
v -0.097201 0.310321 -0.033421
v -0.098801 0.127557 -0.030294
v -0.098794 0.125239 -0.030821
v -0.098782 0.125216 -0.030711
v -0.098782 0.127579 -0.030399
v -0.098623 0.122879 -0.031188
v -0.098765 0.125259 -0.030913
v -0.098621 0.122896 -0.031286
v -0.098771 0.127528 -0.030173
v -0.098612 0.129875 -0.029740
v -0.098607 0.129901 -0.029858
v -0.098732 0.125197 -0.030611
v -0.098591 0.122865 -0.031095
v -0.098721 0.127591 -0.030462
v -0.098704 0.125270 -0.030960
v -0.098586 0.122912 -0.031363
v -0.098701 0.127501 -0.030071
v -0.098562 0.129839 -0.029613
v -0.098548 0.129910 -0.029937
v -0.098658 0.125185 -0.030548
v -0.098534 0.122859 -0.031031
v -0.098632 0.127587 -0.030464
v -0.098452 0.129901 -0.029953
v -0.098527 0.122923 -0.031397
v -0.098625 0.125270 -0.030952
v -0.098610 0.127483 -0.030013
v -0.098471 0.129804 -0.029511
v -0.098579 0.125186 -0.030540
v -0.098467 0.122862 -0.031014
v -0.098308 0.120481 -0.031485
v -0.098267 0.120479 -0.031424
v -0.098324 0.120489 -0.031569
v -0.098311 0.120501 -0.031653
v -0.098273 0.120514 -0.031715
v -0.098522 0.127480 -0.030015
v -0.098518 0.125197 -0.030587
v -0.098408 0.122874 -0.031048
v -0.098541 0.127569 -0.030406
v -0.098460 0.122927 -0.031380
v -0.098551 0.125259 -0.030889
v -0.098364 0.129778 -0.029462
v -0.098344 0.129875 -0.029904
v -0.098209 0.132249 -0.029327
v -0.098198 0.132219 -0.029197
v -0.098157 0.132256 -0.029421
v -0.098126 0.132176 -0.029067
v -0.098212 0.120484 -0.031402
v -0.098219 0.120524 -0.031737
v -0.098460 0.127491 -0.030078
v -0.098489 0.125217 -0.030678
v -0.098373 0.122890 -0.031125
v -0.098471 0.127542 -0.030304
v -0.098501 0.125240 -0.030789
v -0.098403 0.122921 -0.031316
v -0.098267 0.129768 -0.029479
v -0.098253 0.129839 -0.029803
v -0.098056 0.132239 -0.029454
v -0.098442 0.127514 -0.030183
v -0.098371 0.122907 -0.031223
v -0.098157 0.120494 -0.031424
v -0.098163 0.120529 -0.031715
v -0.098209 0.129778 -0.029557
v -0.098204 0.129804 -0.029676
v -0.098014 0.132129 -0.028971
v -0.097934 0.132203 -0.029418
v -0.098119 0.120507 -0.031486
v -0.098122 0.120527 -0.031654
v -0.098106 0.120519 -0.031570
v -0.097891 0.132093 -0.028935
v -0.097821 0.132156 -0.029322
v -0.097911 0.118018 -0.031745
v -0.097915 0.118021 -0.031817
v -0.097883 0.118019 -0.031689
v -0.097894 0.118029 -0.031885
v -0.097840 0.118025 -0.031664
v -0.097855 0.118039 -0.031933
v -0.097791 0.132076 -0.028969
v -0.097750 0.132113 -0.029192
v -0.097793 0.118034 -0.031677
v -0.097808 0.118048 -0.031946
v -0.097739 0.132083 -0.029063
v -0.097559 0.134650 -0.028840
v -0.097528 0.134616 -0.028702
v -0.097517 0.134655 -0.028949
v -0.097753 0.118043 -0.031725
v -0.097764 0.118053 -0.031921
v -0.097416 0.134629 -0.029001
v -0.097733 0.118051 -0.031793
v -0.097737 0.118055 -0.031865
v -0.097434 0.134561 -0.028573
v -0.097281 0.134580 -0.028982
v -0.097302 0.134502 -0.028488
v -0.097148 0.134520 -0.028896
v -0.097427 0.115450 -0.031836
v -0.097423 0.115450 -0.031894
v -0.097412 0.115453 -0.031789
v -0.097399 0.115454 -0.031948
v -0.097380 0.115460 -0.031764
v -0.097167 0.134453 -0.028468
v -0.097340 0.115467 -0.031770
v -0.097362 0.115461 -0.031981
v -0.097054 0.134466 -0.028768
v -0.097323 0.115468 -0.031987
v -0.097304 0.115474 -0.031804
v -0.097065 0.134427 -0.028520
v -0.097291 0.115475 -0.031963
v -0.097275 0.115478 -0.031915
v -0.097280 0.115478 -0.031857
v -0.097024 0.134432 -0.028630
v -0.096626 0.137128 -0.028436
v -0.096599 0.137131 -0.028559
v -0.096574 0.137087 -0.028293
v -0.096500 0.137096 -0.028631
v -0.096887 0.112752 -0.031723
v -0.096877 0.112750 -0.031766
v -0.096880 0.112756 -0.031685
v -0.096859 0.112763 -0.031664
v -0.096458 0.137020 -0.028170
v -0.096357 0.137033 -0.028631
v -0.096854 0.112751 -0.031804
v -0.096822 0.112755 -0.031826
v -0.096828 0.112769 -0.031664
v -0.096797 0.112773 -0.031686
v -0.096792 0.112761 -0.031826
v -0.096770 0.112768 -0.031805
v -0.096764 0.112772 -0.031767
v -0.096773 0.112774 -0.031724
v -0.096308 0.136945 -0.028099
v -0.096207 0.136958 -0.028561
v -0.096164 0.136882 -0.028100
v -0.096090 0.136891 -0.028438
v -0.096066 0.136847 -0.028171
v -0.096039 0.136850 -0.028295
v -0.095371 0.139711 -0.028287
v -0.095381 0.139708 -0.028151
v -0.095280 0.139668 -0.028378
v -0.095307 0.139659 -0.028007
v -0.095133 0.139589 -0.028401
v -0.095169 0.139577 -0.027895
v -0.094968 0.139496 -0.028350
v -0.095005 0.139483 -0.027843
v -0.094831 0.139413 -0.028237
v -0.094857 0.139405 -0.027866
v -0.094757 0.139364 -0.028093
v -0.094767 0.139361 -0.027958
v -0.093804 0.142420 -0.028169
v -0.093725 0.142369 -0.028280
v -0.093794 0.142415 -0.028023
v -0.093698 0.142354 -0.027883
v -0.093579 0.142274 -0.028328
v -0.093542 0.142253 -0.027785
v -0.093404 0.142161 -0.028299
v -0.093368 0.142141 -0.027756
v -0.093248 0.142061 -0.028201
v -0.093221 0.142046 -0.027804
v -0.093152 0.142000 -0.028060
v -0.093143 0.141994 -0.027915
v -0.097795 0.213967 -0.041378
v -0.097863 0.210202 -0.041685
v -0.097876 0.210199 -0.041637
v -0.097734 0.205607 -0.041727
v -0.097809 0.213961 -0.041318
v -0.097862 0.210197 -0.041599
v -0.097724 0.205607 -0.041697
v -0.097826 0.210204 -0.041731
v -0.097723 0.205607 -0.041763
v -0.097752 0.213972 -0.041436
v -0.097791 0.213954 -0.041272
v -0.097826 0.210196 -0.041581
v -0.097697 0.205609 -0.041683
v -0.097694 0.205608 -0.041798
v -0.097777 0.210205 -0.041762
v -0.097692 0.213974 -0.041475
v -0.097746 0.213949 -0.041251
v -0.097776 0.210197 -0.041589
v -0.097659 0.205611 -0.041688
v -0.097566 0.217017 -0.040808
v -0.097550 0.217030 -0.040879
v -0.097543 0.217003 -0.040754
v -0.097500 0.217039 -0.040948
v -0.097618 0.205611 -0.041825
v -0.097656 0.205609 -0.041820
v -0.097590 0.205613 -0.041810
v -0.097581 0.205613 -0.041781
v -0.097727 0.210206 -0.041770
v -0.097631 0.213972 -0.041487
v -0.097691 0.210205 -0.041752
v -0.097585 0.213967 -0.041466
v -0.097685 0.213947 -0.041263
v -0.097726 0.210199 -0.041620
v -0.097620 0.205612 -0.041710
v -0.097625 0.213949 -0.041302
v -0.097690 0.210201 -0.041665
v -0.097592 0.205613 -0.041744
v -0.097489 0.216991 -0.040733
v -0.097430 0.217040 -0.040998
v -0.097677 0.210203 -0.041714
v -0.097567 0.213960 -0.041420
v -0.097581 0.213954 -0.041360
v -0.097417 0.216986 -0.040749
v -0.097358 0.217034 -0.041014
v -0.097347 0.216987 -0.040798
v -0.097304 0.217023 -0.040992
v -0.097297 0.216996 -0.040868
v -0.097281 0.217009 -0.040939
v -0.097176 0.219492 -0.040145
v -0.097150 0.219468 -0.040086
v -0.097159 0.219514 -0.040226
v -0.097103 0.219528 -0.040308
v -0.097024 0.219530 -0.040367
v -0.097087 0.219448 -0.040065
v -0.097005 0.219437 -0.040087
v -0.096942 0.219520 -0.040390
v -0.096925 0.219439 -0.040147
v -0.096879 0.219500 -0.040368
v -0.096869 0.219454 -0.040228
v -0.096852 0.219476 -0.040309
v -0.096672 0.221511 -0.039369
v -0.096642 0.221475 -0.039306
v -0.096653 0.221544 -0.039459
v -0.096592 0.221565 -0.039551
v -0.096503 0.221569 -0.039622
v -0.096572 0.221445 -0.039286
v -0.096480 0.221429 -0.039316
v -0.096411 0.221553 -0.039651
v -0.096341 0.221523 -0.039632
v -0.096391 0.221432 -0.039386
v -0.096329 0.221453 -0.039479
v -0.096311 0.221487 -0.039569
v -0.096064 0.223243 -0.038616
v -0.096084 0.223198 -0.038518
v -0.095997 0.223272 -0.038719
v -0.096051 0.223150 -0.038452
v -0.095899 0.223277 -0.038801
v -0.095974 0.223110 -0.038436
v -0.095799 0.223257 -0.038839
v -0.095873 0.223090 -0.038473
v -0.095721 0.223217 -0.038823
v -0.095776 0.223095 -0.038555
v -0.095708 0.223124 -0.038659
v -0.095688 0.223168 -0.038757
v -0.095446 0.224678 -0.037632
v -0.095425 0.224733 -0.037738
v -0.095408 0.224620 -0.037562
v -0.095352 0.224768 -0.037853
v -0.095247 0.224776 -0.037947
v -0.095324 0.224572 -0.037549
v -0.095137 0.224753 -0.037993
v -0.095214 0.224549 -0.037596
v -0.095053 0.224705 -0.037980
v -0.095109 0.224557 -0.037689
v -0.095036 0.224592 -0.037804
v -0.095015 0.224647 -0.037911
v -0.094768 0.226137 -0.036866
v -0.094787 0.226077 -0.036749
v -0.094693 0.226178 -0.036995
v -0.094743 0.226012 -0.036675
v -0.094580 0.226187 -0.037100
v -0.094650 0.225961 -0.036663
v -0.094461 0.226163 -0.037155
v -0.094530 0.225937 -0.036717
v -0.094367 0.226112 -0.037143
v -0.094418 0.225947 -0.036823
v -0.094323 0.226048 -0.037069
v -0.094342 0.225987 -0.036952
v -0.094126 0.227581 -0.036040
v -0.094140 0.227520 -0.035909
v -0.094050 0.227622 -0.036184
v -0.094087 0.227455 -0.035826
v -0.093931 0.227633 -0.036303
v -0.093982 0.227405 -0.035815
v -0.093802 0.227610 -0.036365
v -0.093853 0.227382 -0.035876
v -0.093697 0.227560 -0.036353
v -0.093734 0.227393 -0.035995
v -0.093644 0.227496 -0.036270
v -0.093658 0.227435 -0.036140
v -0.093535 0.229133 -0.035149
v -0.093529 0.229188 -0.035296
v -0.093470 0.229076 -0.035057
v -0.093454 0.229226 -0.035458
v -0.093330 0.229236 -0.035591
v -0.093352 0.229031 -0.035043
v -0.093191 0.229217 -0.035660
v -0.093213 0.229012 -0.035112
v -0.093073 0.229172 -0.035647
v -0.093089 0.229022 -0.035246
v -0.093009 0.229115 -0.035554
v -0.093014 0.229060 -0.035407
v -0.093006 0.231087 -0.034671
v -0.093003 0.231044 -0.034508
v -0.092934 0.231117 -0.034851
v -0.092925 0.230999 -0.034405
v -0.092807 0.231125 -0.034999
v -0.092794 0.230965 -0.034391
v -0.092658 0.231110 -0.035077
v -0.092645 0.230950 -0.034468
v -0.092527 0.231075 -0.035062
v -0.092518 0.230958 -0.034616
v -0.092449 0.231030 -0.034959
v -0.092446 0.230988 -0.034796
v -0.092588 0.233406 -0.034203
v -0.092576 0.233379 -0.034025
v -0.092519 0.233424 -0.034400
v -0.092486 0.233350 -0.033913
v -0.092389 0.233428 -0.034564
v -0.092342 0.233328 -0.033899
v -0.092230 0.233418 -0.034650
v -0.092184 0.233317 -0.033985
v -0.092087 0.233395 -0.034636
v -0.091997 0.233366 -0.034524
v -0.092053 0.233321 -0.034149
v -0.091985 0.233339 -0.034346
usemtl Deep_fibular_nerve_rMaterial0
f 1 2 3
f 3 4 1
f 5 6 1
f 1 7 5
f 1 6 2
f 1 4 7
f 3 8 9
f 3 9 4
f 3 2 8
f 5 10 6
f 11 10 5
f 5 12 11
f 5 7 12
f 9 8 13
f 9 13 4
f 6 14 2
f 10 15 6
f 6 15 14
f 2 16 8
f 2 14 16
f 11 17 10
f 10 18 15
f 17 18 10
f 8 16 19
f 8 19 13
f 20 17 11
f 11 21 20
f 11 12 21
f 15 22 14
f 18 23 15
f 15 23 22
f 14 24 16
f 14 22 24
f 4 13 25
f 4 25 7
f 17 26 18
f 18 27 23
f 26 27 18
f 20 28 17
f 28 26 17
f 16 29 19
f 16 24 29
f 13 19 30
f 13 30 25
f 31 28 20
f 20 32 31
f 20 21 32
f 23 33 22
f 27 34 23
f 23 34 33
f 22 35 24
f 22 33 35
f 26 36 27
f 28 37 26
f 37 36 26
f 7 25 38
f 7 38 12
f 27 39 34
f 36 39 27
f 19 29 40
f 19 40 30
f 31 41 28
f 41 37 28
f 24 42 29
f 24 35 42
f 25 30 43
f 25 43 38
f 32 41 31
f 34 44 33
f 39 45 34
f 34 45 44
f 33 46 35
f 33 44 46
f 37 47 36
f 36 48 39
f 47 48 36
f 41 49 37
f 49 47 37
f 12 38 50
f 12 50 21
f 29 42 51
f 29 51 40
f 39 52 45
f 48 52 39
f 30 40 53
f 30 53 43
f 32 54 41
f 54 49 41
f 21 54 32
f 35 55 42
f 35 46 55
f 38 43 56
f 38 56 50
f 21 50 54
f 45 57 44
f 52 58 45
f 45 58 57
f 44 59 46
f 44 57 59
f 47 60 48
f 48 61 52
f 60 61 48
f 42 62 51
f 42 55 62
f 49 63 47
f 63 60 47
f 40 64 53
f 40 51 64
f 54 65 49
f 65 63 49
f 43 66 56
f 43 53 66
f 50 65 54
f 50 56 65
f 61 67 52
f 52 67 58
f 46 68 55
f 46 59 68
f 56 69 65
f 65 69 63
f 56 66 69
f 63 70 60
f 69 70 63
f 60 71 61
f 70 71 60
f 53 72 66
f 53 64 72
f 51 73 64
f 51 62 73
f 61 74 67
f 71 74 61
f 55 75 62
f 55 68 75
f 66 76 69
f 69 76 70
f 58 77 57
f 67 78 58
f 58 78 77
f 57 79 59
f 57 77 79
f 66 72 76
f 70 80 71
f 76 80 70
f 74 81 67
f 67 81 78
f 59 82 68
f 59 79 82
f 71 83 74
f 80 83 71
f 64 84 72
f 64 73 84
f 62 85 73
f 62 75 85
f 72 86 76
f 76 86 80
f 72 84 86
f 74 87 81
f 83 87 74
f 68 88 75
f 68 82 88
f 80 89 83
f 86 89 80
f 73 90 84
f 73 85 90
f 78 91 77
f 81 92 78
f 78 92 91
f 77 93 79
f 77 91 93
f 87 94 81
f 81 94 92
f 83 95 87
f 89 95 83
f 84 96 86
f 86 96 89
f 84 90 96
f 79 97 82
f 79 93 97
f 75 98 85
f 75 88 98
f 95 99 87
f 87 99 94
f 96 100 89
f 89 100 95
f 82 101 88
f 82 97 101
f 85 102 90
f 85 98 102
f 90 103 96
f 96 103 100
f 100 104 95
f 95 104 99
f 90 102 103
f 92 105 91
f 94 106 92
f 92 106 105
f 91 107 93
f 91 105 107
f 88 108 98
f 88 101 108
f 99 109 94
f 94 109 106
f 93 110 97
f 93 107 110
f 103 111 100
f 100 111 104
f 104 112 99
f 99 112 109
f 98 113 102
f 98 108 113
f 97 114 101
f 97 110 114
f 102 115 103
f 103 115 111
f 102 113 115
f 111 116 104
f 104 116 112
f 101 117 108
f 101 114 117
f 106 118 105
f 109 119 106
f 106 119 118
f 105 120 107
f 105 118 120
f 112 121 109
f 109 121 119
f 107 122 110
f 107 120 122
f 115 123 111
f 111 123 116
f 108 124 113
f 108 117 124
f 116 125 112
f 112 125 121
f 113 126 115
f 115 126 123
f 113 124 126
f 110 127 114
f 110 122 127
f 123 128 116
f 116 128 125
f 114 129 117
f 114 127 129
f 126 130 123
f 123 130 128
f 117 131 124
f 117 129 131
f 121 132 119
f 125 133 121
f 121 133 132
f 119 134 118
f 119 132 134
f 118 135 120
f 118 134 135
f 124 136 126
f 126 136 130
f 124 131 136
f 120 137 122
f 120 135 137
f 128 138 125
f 125 138 133
f 122 139 127
f 122 137 139
f 130 140 128
f 128 140 138
f 127 141 129
f 127 139 141
f 136 142 130
f 130 142 140
f 129 143 131
f 129 141 143
f 131 144 136
f 136 144 142
f 131 143 144
f 133 145 132
f 138 146 133
f 133 146 145
f 132 147 134
f 132 145 147
f 134 148 135
f 134 147 148
f 135 149 137
f 135 148 149
f 140 150 138
f 138 150 146
f 137 151 139
f 137 149 151
f 139 152 141
f 139 151 152
f 142 153 140
f 140 153 150
f 144 154 142
f 142 154 153
f 141 155 143
f 141 152 155
f 143 156 144
f 144 156 154
f 143 155 156
f 146 156 145
f 150 154 146
f 146 154 156
f 145 155 147
f 145 156 155
f 147 152 148
f 147 155 152
f 148 151 149
f 148 152 151
f 150 153 154
f 157 158 159
f 160 157 159
f 157 161 158
f 162 161 157
f 163 162 157
f 163 157 160
f 159 164 165
f 166 159 165
f 159 158 164
f 160 159 166
f 167 165 168
f 165 169 168
f 165 164 169
f 166 165 167
f 167 168 170
f 168 169 171
f 168 171 172
f 170 168 172
f 161 173 158
f 162 174 161
f 174 175 161
f 161 175 173
f 158 176 164
f 158 173 176
f 164 177 169
f 164 176 177
f 178 174 162
f 179 178 162
f 179 162 163
f 180 166 167
f 181 160 166
f 181 166 180
f 182 167 170
f 180 167 182
f 169 183 171
f 169 177 183
f 172 171 184
f 170 172 185
f 172 184 186
f 185 172 186
f 187 163 160
f 187 160 181
f 178 188 174
f 188 189 174
f 174 189 175
f 171 190 184
f 171 183 190
f 191 188 178
f 192 191 178
f 192 178 179
f 193 170 185
f 182 170 193
f 191 194 188
f 194 195 188
f 188 195 189
f 186 184 196
f 186 196 197
f 198 186 197
f 185 186 198
f 199 179 163
f 199 163 187
f 184 200 196
f 184 190 200
f 201 194 191
f 202 201 191
f 202 191 192
f 201 203 194
f 203 204 194
f 194 204 195
f 197 196 205
f 196 206 205
f 196 200 206
f 197 205 207
f 208 197 207
f 198 197 208
f 209 185 198
f 193 185 209
f 207 205 203
f 205 210 203
f 207 203 201
f 203 210 204
f 205 206 210
f 211 207 201
f 211 201 202
f 208 207 211
f 212 192 179
f 212 179 199
f 189 210 175
f 195 204 189
f 189 204 210
f 175 206 173
f 175 210 206
f 173 200 176
f 173 206 200
f 176 190 177
f 176 200 190
f 177 190 183
f 213 198 208
f 209 198 213
f 214 202 192
f 214 192 212
f 215 181 180
f 216 187 181
f 216 181 215
f 217 180 182
f 215 180 217
f 218 182 193
f 217 182 218
f 219 208 211
f 213 208 219
f 220 193 209
f 218 193 220
f 221 211 202
f 221 202 214
f 219 211 221
f 222 199 187
f 222 187 216
f 223 209 213
f 220 209 223
f 224 212 199
f 224 199 222
f 225 213 219
f 223 213 225
f 226 214 212
f 226 212 224
f 227 217 218
f 228 215 217
f 228 217 227
f 229 218 220
f 227 218 229
f 230 219 221
f 225 219 230
f 231 221 214
f 231 214 226
f 232 216 215
f 232 215 228
f 230 221 231
f 233 220 223
f 229 220 233
f 234 222 216
f 234 216 232
f 235 223 225
f 233 223 235
f 236 224 222
f 236 222 234
f 237 225 230
f 235 225 237
f 238 226 224
f 238 224 236
f 239 230 231
f 237 230 239
f 240 227 229
f 241 228 227
f 241 227 240
f 242 229 233
f 240 229 242
f 243 231 226
f 243 226 238
f 239 231 243
f 244 232 228
f 244 228 241
f 245 233 235
f 242 233 245
f 246 234 232
f 246 232 244
f 247 235 237
f 245 235 247
f 248 236 234
f 248 234 246
f 249 237 239
f 247 237 249
f 250 238 236
f 250 236 248
f 251 239 243
f 249 239 251
f 252 240 242
f 253 241 240
f 253 240 252
f 254 243 238
f 254 238 250
f 255 242 245
f 252 242 255
f 251 243 254
f 256 244 241
f 256 241 253
f 257 245 247
f 255 245 257
f 258 246 244
f 258 244 256
f 259 247 249
f 257 247 259
f 260 248 246
f 260 246 258
f 261 249 251
f 259 249 261
f 262 250 248
f 262 248 260
f 263 252 255
f 264 253 252
f 264 252 263
f 265 251 254
f 261 251 265
f 266 255 257
f 263 255 266
f 267 254 250
f 267 250 262
f 268 256 253
f 268 253 264
f 265 254 267
f 269 257 259
f 266 257 269
f 270 258 256
f 270 256 268
f 271 259 261
f 269 259 271
f 272 260 258
f 272 258 270
f 273 261 265
f 271 261 273
f 274 262 260
f 274 260 272
f 275 263 266
f 276 264 263
f 276 263 275
f 277 266 269
f 275 266 277
f 278 265 267
f 273 265 278
f 279 268 264
f 279 264 276
f 280 267 262
f 280 262 274
f 278 267 280
f 281 269 271
f 277 269 281
f 282 270 268
f 282 268 279
f 283 271 273
f 281 271 283
f 284 272 270
f 284 270 282
f 285 273 278
f 283 273 285
f 286 275 277
f 287 276 275
f 287 275 286
f 288 277 281
f 286 277 288
f 289 274 272
f 289 272 284
f 290 279 276
f 290 276 287
f 291 278 280
f 285 278 291
f 292 281 283
f 288 281 292
f 293 280 274
f 293 274 289
f 291 280 293
f 294 282 279
f 294 279 290
f 295 283 285
f 292 283 295
f 296 284 282
f 296 282 294
f 297 286 288
f 298 287 286
f 298 286 297
f 299 285 291
f 295 285 299
f 300 288 292
f 297 288 300
f 301 290 287
f 301 287 298
f 302 289 284
f 302 284 296
f 303 292 295
f 300 292 303
f 304 291 293
f 299 291 304
f 305 293 289
f 305 289 302
f 306 294 290
f 306 290 301
f 304 293 305
f 307 295 299
f 303 295 307
f 306 297 300
f 301 298 297
f 301 297 306
f 308 296 294
f 308 294 306
f 308 300 303
f 306 300 308
f 309 299 304
f 307 299 309
f 310 303 307
f 308 303 310
f 310 302 296
f 310 296 308
f 311 304 305
f 309 304 311
f 312 305 302
f 312 302 310
f 311 305 312
f 312 307 309
f 310 307 312
f 312 309 311
f 313 314 315
f 316 313 315
f 317 315 318
f 315 319 318
f 316 315 317
f 315 314 319
f 320 321 313
f 321 322 313
f 313 322 314
f 320 313 316
f 323 318 324
f 318 325 324
f 317 318 323
f 318 319 325
f 326 327 321
f 327 328 321
f 326 321 320
f 321 328 322
f 329 324 330
f 324 331 330
f 323 324 329
f 324 325 331
f 332 333 327
f 333 334 327
f 332 327 326
f 327 334 328
f 335 330 336
f 330 337 336
f 329 330 335
f 330 331 337
f 338 339 333
f 339 340 333
f 338 333 332
f 333 340 334
f 341 336 342
f 336 343 342
f 335 336 341
f 336 337 343
f 344 345 339
f 345 346 339
f 344 339 338
f 339 346 340
f 347 342 345
f 342 348 345
f 341 342 347
f 342 343 348
f 347 345 344
f 345 348 346
f 349 317 323
f 350 316 317
f 350 317 349
f 351 323 329
f 349 323 351
f 352 329 335
f 351 329 352
f 353 335 341
f 352 335 353
f 354 341 347
f 353 341 354
f 355 347 344
f 354 347 355
f 356 344 338
f 355 344 356
f 314 357 319
f 322 358 314
f 314 358 357
f 319 357 325
f 325 357 331
f 331 357 337
f 337 359 343
f 337 357 359
f 343 360 348
f 343 359 360
f 348 361 346
f 348 360 361
f 362 320 316
f 362 316 350
f 363 326 320
f 363 320 362
f 364 332 326
f 364 326 363
f 365 338 332
f 365 332 364
f 356 338 365
f 328 361 322
f 322 361 358
f 334 361 328
f 340 361 334
f 346 361 340
f 366 352 353
f 367 351 352
f 367 352 366
f 368 353 354
f 366 353 368
f 369 354 355
f 368 354 369
f 370 349 351
f 370 351 367
f 371 355 356
f 369 355 371
f 372 350 349
f 372 349 370
f 373 356 365
f 371 356 373
f 374 362 350
f 374 350 372
f 375 365 364
f 373 365 375
f 376 363 362
f 376 362 374
f 377 364 363
f 377 363 376
f 375 364 377
f 378 366 368
f 379 367 366
f 379 366 378
f 380 368 369
f 378 368 380
f 381 369 371
f 380 369 381
f 358 361 357
f 357 361 360
f 357 360 359
f 382 370 367
f 383 372 370
f 383 370 382
f 382 367 379
f 384 371 373
f 381 371 384
f 385 373 375
f 384 373 385
f 386 374 372
f 386 372 383
f 387 375 377
f 385 375 387
f 388 376 374
f 388 374 386
f 389 377 376
f 389 376 388
f 387 377 389
f 390 378 380
f 391 379 378
f 391 378 390
f 392 380 381
f 390 380 392
f 393 381 384
f 392 381 393
f 394 382 379
f 394 379 391
f 395 384 385
f 393 384 395
f 396 383 382
f 396 382 394
f 397 385 387
f 395 385 397
f 398 386 383
f 398 383 396
f 399 387 389
f 397 387 399
f 400 388 386
f 400 386 398
f 401 389 388
f 399 389 401
f 401 388 400
f 402 390 392
f 403 391 390
f 403 390 402
f 404 392 393
f 402 392 404
f 405 393 395
f 404 393 405
f 406 394 391
f 406 391 403
f 407 395 397
f 405 395 407
f 408 396 394
f 408 394 406
f 409 397 399
f 407 397 409
f 410 398 396
f 410 396 408
f 411 399 401
f 409 399 411
f 412 400 398
f 412 398 410
f 413 401 400
f 413 400 412
f 411 401 413
f 414 415 416
f 416 417 414
f 418 419 414
f 414 420 418
f 414 419 415
f 414 417 420
f 416 421 422
f 422 423 416
f 416 415 421
f 416 423 417
f 424 402 404
f 425 404 405
f 424 404 425
f 426 427 422
f 422 428 426
f 422 427 423
f 422 421 428
f 429 403 402
f 429 402 424
f 430 405 407
f 425 405 430
f 431 432 418
f 418 433 431
f 418 432 419
f 418 420 433
f 434 406 403
f 434 403 429
f 435 407 409
f 430 407 435
f 426 436 427
f 426 428 436
f 437 408 406
f 437 406 434
f 438 409 411
f 435 409 438
f 431 433 439
f 439 440 431
f 431 440 432
f 441 410 408
f 441 408 437
f 427 442 423
f 427 436 442
f 443 412 410
f 443 410 441
f 444 413 412
f 444 412 443
f 445 411 413
f 445 413 444
f 438 411 445
f 446 429 424
f 447 434 429
f 447 429 446
f 448 424 425
f 446 424 448
f 449 425 430
f 448 425 449
f 450 430 435
f 449 430 450
f 419 449 415
f 419 448 449
f 432 448 419
f 415 450 421
f 415 449 450
f 421 450 451
f 421 451 428
f 433 452 439
f 439 452 440
f 423 453 417
f 423 442 453
f 450 435 451
f 451 435 438
f 432 446 448
f 440 446 432
f 428 451 454
f 428 454 436
f 420 455 433
f 433 455 452
f 417 456 420
f 417 453 456
f 457 437 434
f 457 434 447
f 451 438 454
f 454 438 445
f 440 447 446
f 420 456 455
f 452 447 440
f 458 441 437
f 458 437 457
f 436 454 459
f 436 459 442
f 454 445 459
f 459 445 444
f 452 457 447
f 460 443 441
f 460 441 458
f 455 457 452
f 461 444 443
f 459 444 461
f 461 443 460
f 442 459 461
f 442 461 453
f 455 458 457
f 456 458 455
f 453 460 456
f 453 461 460
f 456 460 458
f 462 463 464
f 465 463 462
f 464 463 466
f 467 466 463
f 467 463 465
f 468 462 464
f 465 462 468
f 464 466 469
f 470 464 469
f 468 464 470
f 469 466 471
f 469 471 472
f 473 469 472
f 470 469 473
f 474 471 466
f 474 466 467
f 472 471 475
f 472 475 476
f 477 472 476
f 473 472 477
f 478 475 471
f 478 471 474
f 476 475 479
f 476 479 480
f 481 476 480
f 477 476 481
f 482 479 475
f 482 475 478
f 480 479 483
f 484 480 483
f 481 480 484
f 485 483 479
f 485 479 482
f 484 483 485
f 486 468 470
f 487 465 468
f 487 468 486
f 488 470 473
f 486 470 488
f 489 467 465
f 489 465 487
f 490 473 477
f 488 473 490
f 491 474 467
f 491 467 489
f 492 477 481
f 490 477 492
f 493 478 474
f 493 474 491
f 494 481 484
f 492 481 494
f 495 482 478
f 495 478 493
f 496 484 485
f 494 484 496
f 497 485 482
f 497 482 495
f 496 485 497
f 498 486 488
f 499 487 486
f 499 486 498
f 500 488 490
f 498 488 500
f 501 489 487
f 501 487 499
f 502 490 492
f 500 490 502
f 503 491 489
f 503 489 501
f 504 492 494
f 502 492 504
f 505 493 491
f 505 491 503
f 506 494 496
f 504 494 506
f 507 495 493
f 507 493 505
f 508 496 497
f 506 496 508
f 509 497 495
f 509 495 507
f 508 497 509
f 510 498 500
f 511 499 498
f 511 498 510
f 512 500 502
f 510 500 512
f 513 501 499
f 513 499 511
f 514 502 504
f 512 502 514
f 515 503 501
f 515 501 513
f 516 504 506
f 514 504 516
f 517 505 503
f 517 503 515
f 518 506 508
f 516 506 518
f 519 507 505
f 519 505 517
f 520 508 509
f 518 508 520
f 521 509 507
f 521 507 519
f 520 509 521
f 522 510 512
f 523 511 510
f 523 510 522
f 524 512 514
f 522 512 524
f 525 513 511
f 525 511 523
f 526 514 516
f 524 514 526
f 527 515 513
f 527 513 525
f 528 516 518
f 526 516 528
f 529 517 515
f 529 515 527
f 530 518 520
f 528 518 530
f 531 519 517
f 531 517 529
f 532 520 521
f 530 520 532
f 533 521 519
f 533 519 531
f 532 521 533
f 534 522 524
f 535 523 522
f 535 522 534
f 536 524 526
f 534 524 536
f 537 525 523
f 537 523 535
f 538 526 528
f 536 526 538
f 539 527 525
f 539 525 537
f 540 528 530
f 538 528 540
f 541 529 527
f 541 527 539
f 542 530 532
f 540 530 542
f 543 531 529
f 543 529 541
f 544 532 533
f 542 532 544
f 545 533 531
f 545 531 543
f 544 533 545
f 546 535 534
f 547 537 535
f 547 535 546
f 548 534 536
f 546 534 548
f 549 536 538
f 548 536 549
f 550 539 537
f 550 537 547
f 551 538 540
f 549 538 551
f 552 541 539
f 552 539 550
f 553 540 542
f 551 540 553
f 554 543 541
f 554 541 552
f 555 542 544
f 553 542 555
f 556 545 543
f 556 543 554
f 557 544 545
f 555 544 557
f 557 545 556
f 558 546 548
f 559 548 549
f 558 548 559
f 560 547 546
f 560 546 558
f 561 549 551
f 559 549 561
f 562 550 547
f 562 547 560
f 563 551 553
f 561 551 563
f 564 552 550
f 564 550 562
f 565 553 555
f 563 553 565
f 566 554 552
f 566 552 564
f 567 555 557
f 565 555 567
f 568 556 554
f 568 554 566
f 569 557 556
f 567 557 569
f 569 556 568
f 570 558 559
f 571 559 561
f 570 559 571
f 572 560 558
f 572 558 570
f 573 561 563
f 571 561 573
f 574 562 560
f 574 560 572
f 575 563 565
f 573 563 575
f 576 564 562
f 576 562 574
f 577 565 567
f 575 565 577
f 578 566 564
f 578 564 576
f 579 567 569
f 577 567 579
f 580 581 582
f 582 583 580
f 584 585 582
f 582 586 584
f 582 581 586
f 582 585 583
f 580 587 581
f 580 588 587
f 580 583 588
f 589 568 566
f 589 566 578
f 590 570 571
f 591 571 573
f 590 571 591
f 592 569 568
f 579 569 592
f 593 572 570
f 593 570 590
f 594 595 584
f 584 596 594
f 584 595 585
f 584 586 596
f 592 568 589
f 587 597 581
f 587 588 597
f 598 573 575
f 591 573 598
f 599 574 572
f 599 572 593
f 594 600 595
f 601 600 594
f 594 602 601
f 594 596 602
f 603 575 577
f 598 575 603
f 581 604 586
f 581 597 604
f 605 576 574
f 605 574 599
f 585 591 583
f 585 590 591
f 583 591 598
f 595 590 585
f 583 598 588
f 595 593 590
f 606 577 579
f 603 577 606
f 600 593 595
f 600 599 593
f 588 598 603
f 588 603 597
f 601 607 600
f 601 608 609
f 609 607 601
f 601 602 608
f 610 578 576
f 610 576 605
f 586 611 596
f 586 604 611
f 612 579 592
f 606 579 612
f 597 603 606
f 613 589 578
f 613 578 610
f 607 599 600
f 607 605 599
f 597 606 604
f 608 614 609
f 609 614 607
f 596 615 602
f 596 611 615
f 616 592 589
f 612 592 616
f 616 589 613
f 602 617 608
f 608 617 614
f 602 615 617
f 604 606 612
f 614 605 607
f 614 610 605
f 604 612 611
f 611 612 616
f 617 610 614
f 617 613 610
f 611 616 615
f 615 616 613
f 615 613 617
f 618 619 620
f 620 621 618
f 620 619 622
f 620 622 623
f 623 624 620
f 620 624 621
f 618 625 619
f 626 625 618
f 618 627 626
f 618 621 627
f 625 628 619
f 625 629 628
f 630 629 625
f 626 630 625
f 619 628 631
f 619 631 622
f 629 632 633
f 634 632 629
f 629 633 628
f 630 634 629
f 635 636 637
f 638 635 637
f 638 637 639
f 639 637 640
f 637 636 641
f 637 641 640
f 642 643 632
f 632 643 644
f 632 644 633
f 634 642 632
f 628 633 645
f 628 645 631
f 623 622 646
f 623 646 647
f 623 647 624
f 635 648 636
f 649 648 635
f 650 635 638
f 650 649 635
f 651 639 652
f 652 639 653
f 651 638 639
f 639 640 653
f 648 654 636
f 636 655 641
f 636 654 655
f 656 652 657
f 658 652 656
f 658 651 652
f 652 653 657
f 659 660 643
f 643 660 661
f 642 659 643
f 643 661 644
f 648 662 654
f 649 663 648
f 663 662 648
f 664 656 665
f 666 656 664
f 656 657 665
f 666 658 656
f 667 638 651
f 667 650 638
f 668 669 660
f 660 669 670
f 659 668 660
f 660 670 661
f 671 630 626
f 626 672 671
f 626 627 672
f 673 664 674
f 675 664 673
f 664 665 674
f 675 666 664
f 633 644 676
f 633 676 645
f 673 674 677
f 678 673 677
f 679 673 678
f 679 675 673
f 678 677 669
f 669 677 680
f 668 678 669
f 669 680 670
f 681 634 630
f 671 681 630
f 682 651 658
f 682 667 651
f 677 674 683
f 674 665 684
f 674 684 683
f 677 683 680
f 685 678 668
f 685 679 678
f 686 668 659
f 686 685 668
f 687 659 642
f 687 686 659
f 688 642 634
f 688 687 642
f 681 688 634
f 622 631 689
f 622 689 646
f 653 640 690
f 640 641 691
f 640 691 690
f 657 653 692
f 653 690 692
f 665 657 693
f 657 692 693
f 665 693 684
f 644 661 694
f 644 694 676
f 695 658 666
f 695 682 658
f 641 655 696
f 641 696 691
f 661 670 697
f 661 697 694
f 662 698 654
f 654 699 655
f 654 698 699
f 700 663 649
f 701 649 650
f 701 700 649
f 702 666 675
f 702 695 666
f 631 645 703
f 631 703 689
f 663 704 662
f 704 705 662
f 662 705 698
f 670 680 706
f 670 706 697
f 707 704 663
f 700 707 663
f 708 675 679
f 708 702 675
f 709 650 667
f 709 701 650
f 680 683 710
f 680 710 706
f 711 679 685
f 711 708 679
f 645 676 712
f 645 712 703
f 647 646 713
f 647 713 624
f 683 684 714
f 683 714 710
f 715 685 686
f 715 711 685
f 655 716 696
f 655 699 716
f 717 667 682
f 717 709 667
f 684 693 718
f 684 718 714
f 719 686 687
f 719 715 686
f 693 692 720
f 693 720 718
f 676 694 721
f 676 721 712
f 722 687 688
f 722 719 687
f 692 690 723
f 692 723 720
f 724 682 695
f 724 717 682
f 725 688 681
f 725 722 688
f 726 681 671
f 726 725 681
f 671 727 726
f 671 672 727
f 704 728 705
f 707 729 704
f 729 728 704
f 690 691 730
f 690 730 723
f 646 689 731
f 646 731 713
f 691 696 732
f 691 732 730
f 694 697 733
f 694 733 721
f 734 695 702
f 734 724 695
f 705 735 698
f 698 736 699
f 698 735 736
f 737 707 700
f 738 700 701
f 738 737 700
f 697 706 739
f 697 739 733
f 728 740 705
f 705 740 735
f 741 702 708
f 741 734 702
f 689 703 742
f 689 742 731
f 743 729 707
f 737 743 707
f 706 710 744
f 706 744 739
f 745 701 709
f 745 738 701
f 746 708 711
f 746 741 708
f 696 716 747
f 696 747 732
f 699 748 716
f 699 736 748
f 710 714 749
f 710 749 744
f 703 712 750
f 703 750 742
f 751 711 715
f 751 746 711
f 752 709 717
f 752 745 709
f 714 718 753
f 714 753 749
f 754 715 719
f 754 751 715
f 624 713 755
f 624 755 621
f 729 756 728
f 728 757 740
f 756 757 728
f 718 720 758
f 718 758 753
f 743 759 729
f 759 756 729
f 712 721 760
f 712 760 750
f 761 719 722
f 761 754 719
f 720 723 762
f 720 762 758
f 763 717 724
f 763 752 717
f 764 722 725
f 764 761 722
f 723 730 765
f 723 765 762
f 727 725 726
f 727 764 725
f 730 732 766
f 730 766 765
f 721 733 767
f 721 767 760
f 713 731 768
f 713 768 755
f 769 724 734
f 769 763 724
f 770 743 737
f 771 737 738
f 771 770 737
f 733 739 772
f 733 772 767
f 773 734 741
f 773 769 734
f 716 774 747
f 716 748 774
f 775 759 743
f 770 775 743
f 731 742 776
f 731 776 768
f 740 777 735
f 735 778 736
f 735 777 778
f 739 744 779
f 739 779 772
f 780 738 745
f 780 771 738
f 781 741 746
f 781 773 741
f 757 782 740
f 740 782 777
f 732 747 783
f 732 783 766
f 744 749 784
f 744 784 779
f 785 746 751
f 785 781 746
f 742 750 786
f 742 786 776
f 759 787 756
f 756 788 757
f 787 788 756
f 789 745 752
f 789 780 745
f 749 753 790
f 749 790 784
f 791 751 754
f 791 785 751
f 621 755 792
f 621 792 627
f 736 793 748
f 736 778 793
f 753 758 794
f 753 794 790
f 775 795 759
f 795 787 759
f 750 760 796
f 750 796 786
f 758 762 797
f 758 797 794
f 798 752 763
f 798 789 752
f 799 754 761
f 799 791 754
f 762 765 800
f 762 800 797
f 801 761 764
f 801 799 761
f 765 766 802
f 765 802 800
f 672 764 727
f 672 801 764
f 788 803 757
f 757 803 782
f 804 763 769
f 804 798 763
f 760 767 805
f 760 805 796
f 755 768 806
f 755 806 792
f 807 775 770
f 808 770 771
f 808 807 770
f 767 772 809
f 767 809 805
f 810 769 773
f 810 804 769
f 807 811 775
f 811 795 775
f 768 776 812
f 768 812 806
f 747 813 783
f 747 774 813
f 814 771 780
f 814 808 771
f 772 779 815
f 772 815 809
f 816 773 781
f 816 810 773
f 766 817 802
f 766 783 817
f 818 780 789
f 818 814 780
f 779 784 818
f 784 790 814
f 784 814 818
f 779 818 815
f 819 781 785
f 819 816 781
f 776 786 819
f 776 819 812
f 627 801 672
f 627 792 801
f 794 797 807
f 797 800 811
f 797 811 807
f 790 794 808
f 794 807 808
f 790 808 814
f 812 785 791
f 812 819 785
f 748 820 774
f 748 793 820
f 800 821 811
f 800 802 821
f 815 789 798
f 815 818 789
f 786 796 816
f 786 816 819
f 806 791 799
f 806 812 791
f 792 799 801
f 792 806 799
f 795 822 787
f 787 823 788
f 822 823 787
f 811 821 795
f 821 822 795
f 809 798 804
f 809 815 798
f 796 805 810
f 796 810 816
f 805 809 804
f 805 804 810
f 788 824 803
f 823 824 788
f 782 825 777
f 777 826 778
f 777 825 826
f 802 827 821
f 802 817 827
f 803 828 782
f 782 828 825
f 821 827 822
f 783 829 817
f 783 813 829
f 778 830 793
f 778 826 830
f 822 831 823
f 827 831 822
f 774 832 813
f 774 820 832
f 824 833 803
f 803 833 828
f 817 834 827
f 817 829 834
f 823 835 824
f 831 835 823
f 827 834 831
f 793 836 820
f 793 830 836
f 813 837 829
f 813 832 837
f 835 838 824
f 824 838 833
f 834 839 831
f 831 839 835
f 828 840 825
f 825 841 826
f 825 840 841
f 829 842 834
f 829 837 842
f 833 843 828
f 828 843 840
f 834 842 839
f 820 844 832
f 820 836 844
f 826 845 830
f 826 841 845
f 839 846 835
f 835 846 838
f 838 847 833
f 833 847 843
f 832 848 837
f 832 844 848
f 830 849 836
f 830 845 849
f 842 850 839
f 839 850 846
f 846 851 838
f 838 851 847
f 837 852 842
f 837 848 852
f 842 852 850
f 836 853 844
f 836 849 853
f 843 854 840
f 840 855 841
f 840 854 855
f 847 856 843
f 843 856 854
f 850 857 846
f 846 857 851
f 841 858 845
f 841 855 858
f 851 859 847
f 847 859 856
f 844 860 848
f 844 853 860
f 852 861 850
f 850 861 857
f 848 862 852
f 848 860 862
f 845 863 849
f 845 858 863
f 852 862 861
f 857 864 851
f 851 864 859
f 849 865 853
f 849 863 865
f 861 866 857
f 857 866 864
f 856 867 854
f 859 868 856
f 856 868 867
f 854 869 855
f 854 867 869
f 853 870 860
f 853 865 870
f 862 871 861
f 861 871 866
f 864 872 859
f 859 872 868
f 855 873 858
f 855 869 873
f 860 874 862
f 860 870 874
f 862 874 871
f 866 875 864
f 864 875 872
f 858 876 863
f 858 873 876
f 871 877 866
f 866 877 875
f 863 878 865
f 863 876 878
f 868 879 867
f 872 880 868
f 868 880 879
f 867 881 869
f 867 879 881
f 874 882 871
f 871 882 877
f 865 883 870
f 865 878 883
f 875 884 872
f 872 884 880
f 869 885 873
f 869 881 885
f 870 886 874
f 874 886 882
f 870 883 886
f 877 887 875
f 875 887 884
f 873 888 876
f 873 885 888
f 882 889 877
f 877 889 887
f 876 890 878
f 876 888 890
f 886 891 882
f 882 891 889
f 880 892 879
f 884 893 880
f 880 893 892
f 878 894 883
f 878 890 894
f 879 895 881
f 879 892 895
f 887 896 884
f 884 896 893
f 883 897 886
f 886 897 891
f 883 894 897
f 881 898 885
f 881 895 898
f 889 899 887
f 887 899 896
f 885 900 888
f 885 898 900
f 891 901 889
f 889 901 899
f 888 902 890
f 888 900 902
f 897 903 891
f 891 903 901
f 890 904 894
f 890 902 904
f 893 905 892
f 896 906 893
f 893 906 905
f 892 907 895
f 892 905 907
f 894 908 897
f 897 908 903
f 899 909 896
f 896 909 906
f 894 904 908
f 895 910 898
f 895 907 910
f 901 911 899
f 899 911 909
f 898 912 900
f 898 910 912
f 903 913 901
f 901 913 911
f 900 914 902
f 900 912 914
f 908 915 903
f 903 915 913
f 906 916 905
f 909 917 906
f 906 917 916
f 902 918 904
f 902 914 918
f 905 919 907
f 905 916 919
f 904 920 908
f 908 920 915
f 911 921 909
f 909 921 917
f 904 918 920
f 907 922 910
f 907 919 922
f 911 923 921
f 913 923 911
f 917 924 916
f 921 925 917
f 917 925 924
f 916 926 919
f 916 924 926
f 923 927 921
f 921 927 925
f 910 928 912
f 910 922 928
f 913 929 923
f 915 929 913
f 919 930 922
f 919 926 930
f 923 931 927
f 929 931 923
f 912 932 914
f 912 928 932
f 925 933 924
f 927 934 925
f 925 934 933
f 915 935 929
f 920 935 915
f 924 936 926
f 924 933 936
f 931 937 927
f 927 937 934
f 922 938 928
f 922 930 938
f 914 939 918
f 914 932 939
f 929 940 931
f 935 940 929
f 918 941 920
f 920 941 935
f 918 939 941
f 926 942 930
f 926 936 942
f 931 943 937
f 940 943 931
f 934 944 933
f 937 945 934
f 934 945 944
f 933 946 936
f 933 944 946
f 943 947 937
f 937 947 945
f 928 948 932
f 928 938 948
f 935 949 940
f 941 949 935
f 930 950 938
f 930 942 950
f 936 951 942
f 936 946 951
f 940 952 943
f 949 952 940
f 943 953 947
f 952 953 943
f 932 954 939
f 932 948 954
f 947 955 945
f 945 956 944
f 945 955 956
f 939 957 941
f 941 957 949
f 939 954 957
f 947 958 955
f 953 958 947
f 944 959 946
f 944 956 959
f 938 960 948
f 938 950 960
f 949 961 952
f 957 961 949
f 942 962 950
f 942 951 962
f 952 963 953
f 961 963 952
f 946 959 964
f 946 964 951
f 955 965 956
f 958 966 955
f 955 966 965
f 953 967 958
f 963 967 953
f 956 968 959
f 956 965 968
f 958 969 966
f 967 969 958
f 948 970 954
f 948 960 970
f 954 971 957
f 957 971 961
f 954 970 971
f 950 972 960
f 950 962 972
f 969 973 966
f 966 974 965
f 966 973 974
f 961 975 963
f 971 975 961
f 959 968 976
f 959 976 964
f 951 964 977
f 951 977 962
f 963 978 967
f 967 979 969
f 978 979 967
f 975 978 963
f 969 980 973
f 979 980 969
f 965 981 968
f 965 974 981
f 960 982 970
f 960 972 982
f 970 983 971
f 971 983 975
f 973 984 974
f 980 985 973
f 973 985 984
f 970 982 983
f 968 981 986
f 968 986 976
f 979 987 980
f 978 988 979
f 988 987 979
f 964 976 989
f 964 989 977
f 962 990 972
f 962 977 990
f 974 984 991
f 974 991 981
f 980 992 985
f 987 992 980
f 975 993 978
f 993 988 978
f 983 993 975
f 992 994 985
f 985 995 984
f 985 994 995
f 987 996 992
f 992 997 994
f 996 997 992
f 984 995 998
f 984 998 991
f 988 999 987
f 999 996 987
f 981 991 1000
f 981 1000 986
f 983 1001 993
f 982 1001 983
f 972 1002 982
f 972 990 1002
f 976 986 1003
f 976 1003 989
f 993 1004 988
f 1004 999 988
f 1001 1004 993
f 977 1005 990
f 977 989 1005
f 982 1002 1001
f 997 1006 994
f 994 1007 995
f 994 1006 1007
f 996 1008 997
f 997 1009 1006
f 1008 1009 997
f 995 1007 1010
f 995 1010 998
f 991 998 1011
f 991 1011 1000
f 999 1012 996
f 1012 1008 996
f 986 1000 1013
f 986 1013 1003
f 990 1014 1002
f 990 1005 1014
f 1009 1015 1006
f 1006 1016 1007
f 1006 1015 1016
f 1004 1017 999
f 1017 1012 999
f 1001 1018 1004
f 1002 1018 1001
f 989 1019 1005
f 989 1003 1019
f 1018 1017 1004
f 1008 1020 1009
f 1009 1021 1015
f 1020 1021 1009
f 1007 1016 1022
f 1007 1022 1010
f 1002 1014 1018
f 998 1010 1023
f 998 1023 1011
f 1012 1024 1008
f 1024 1020 1008
f 1021 1025 1015
f 1015 1026 1016
f 1015 1025 1026
f 1000 1011 1027
f 1000 1027 1013
f 1021 1028 1025
f 1020 1029 1021
f 1029 1028 1021
f 1016 1026 1030
f 1016 1030 1022
f 1017 1031 1012
f 1031 1024 1012
f 1018 1032 1017
f 1014 1032 1018
f 1005 1033 1014
f 1005 1019 1033
f 1010 1022 1034
f 1010 1034 1023
f 1003 1013 1035
f 1003 1035 1019
f 1025 1036 1026
f 1028 1037 1025
f 1025 1037 1036
f 1024 1038 1020
f 1038 1029 1020
f 1032 1031 1017
f 1014 1033 1032
f 1026 1036 1039
f 1026 1039 1030
f 1028 1040 1037
f 1041 1040 1028
f 1029 1041 1028
f 1040 1042 1037
f 1037 1043 1036
f 1037 1042 1043
f 1011 1023 1044
f 1011 1044 1027
f 1031 1045 1024
f 1045 1038 1024
f 1040 1046 1042
f 1047 1046 1040
f 1041 1047 1040
f 1022 1030 1048
f 1022 1048 1034
f 1049 1041 1029
f 1038 1049 1029
f 1036 1043 1050
f 1036 1050 1039
f 1013 1027 1051
f 1013 1051 1035
f 1032 1052 1031
f 1033 1052 1032
f 1019 1053 1033
f 1019 1035 1053
f 1052 1045 1031
f 1046 1054 1042
f 1042 1055 1043
f 1042 1054 1055
f 1047 1056 1046
f 1056 1057 1046
f 1046 1057 1054
f 1030 1039 1058
f 1030 1058 1048
f 1023 1034 1059
f 1023 1059 1044
f 1033 1053 1052
f 1060 1047 1041
f 1049 1060 1041
f 1045 1061 1038
f 1061 1049 1038
f 1062 1056 1047
f 1060 1062 1047
f 1043 1055 1063
f 1043 1063 1050
f 1027 1044 1064
f 1027 1064 1051
f 1052 1065 1045
f 1065 1061 1045
f 1035 1066 1053
f 1035 1051 1066
f 1053 1065 1052
f 1034 1048 1067
f 1034 1067 1059
f 1056 1068 1057
f 1057 1069 1054
f 1068 1070 1057
f 1057 1070 1069
f 1071 1068 1056
f 1062 1071 1056
f 1039 1050 1072
f 1039 1072 1058
f 1073 1060 1049
f 1061 1073 1049
f 1054 1074 1055
f 1054 1069 1074
f 1053 1066 1065
f 1048 1058 1075
f 1048 1075 1067
f 1044 1059 1076
f 1044 1076 1064
f 1077 1062 1060
f 1073 1077 1060
f 1065 1078 1061
f 1078 1073 1061
f 1068 1079 1070
f 1071 1080 1068
f 1080 1079 1068
f 1051 1081 1066
f 1051 1064 1081
f 1066 1078 1065
f 1055 1074 1082
f 1055 1082 1063
f 1083 1071 1062
f 1077 1083 1062
f 1050 1063 1084
f 1050 1084 1072
f 1070 1085 1069
f 1079 1086 1070
f 1070 1086 1085
f 1066 1081 1078
f 1069 1087 1074
f 1069 1085 1087
f 1088 1080 1071
f 1083 1088 1071
f 1059 1067 1089
f 1059 1089 1076
f 1058 1072 1090
f 1058 1090 1075
f 1078 1091 1073
f 1091 1077 1073
f 1081 1091 1078
f 1064 1092 1081
f 1064 1076 1092
f 1080 1093 1079
f 1079 1094 1086
f 1093 1094 1079
f 1067 1075 1095
f 1067 1095 1089
f 1081 1092 1091
f 1096 1083 1077
f 1091 1096 1077
f 1088 1097 1080
f 1097 1093 1080
f 1074 1087 1098
f 1074 1098 1082
f 1063 1082 1099
f 1063 1099 1084
f 1086 1100 1085
f 1094 1101 1086
f 1086 1101 1100
f 1102 1088 1083
f 1096 1102 1083
f 1092 1096 1091
f 1076 1103 1092
f 1076 1089 1103
f 1072 1084 1104
f 1072 1104 1090
f 1085 1105 1087
f 1085 1100 1105
f 1092 1103 1096
f 1093 1106 1094
f 1094 1107 1101
f 1106 1107 1094
f 1102 1108 1088
f 1108 1097 1088
f 1075 1109 1095
f 1075 1090 1109
f 1097 1110 1093
f 1110 1106 1093
f 1103 1102 1096
f 1089 1111 1103
f 1089 1095 1111
f 1103 1111 1102
f 1111 1108 1102
f 1108 1112 1097
f 1112 1110 1097
f 1107 1113 1101
f 1101 1114 1100
f 1101 1113 1114
f 1087 1115 1098
f 1087 1105 1115
f 1082 1098 1116
f 1082 1116 1099
f 1095 1117 1111
f 1095 1109 1117
f 1084 1118 1104
f 1084 1099 1118
f 1090 1119 1109
f 1090 1104 1119
f 1106 1120 1107
f 1107 1121 1113
f 1120 1121 1107
f 1110 1122 1106
f 1122 1120 1106
f 1111 1117 1108
f 1100 1123 1105
f 1100 1114 1123
f 1117 1112 1108
f 1112 1124 1110
f 1124 1122 1110
f 1109 1125 1117
f 1109 1119 1125
f 1126 1127 1128
f 1127 1129 1128
f 1127 1130 1129
f 1131 1130 1127
f 1132 1127 1126
f 1132 1131 1127
f 1117 1125 1112
f 1125 1124 1112
f 1126 1128 1133
f 1128 1129 1134
f 1133 1128 1135
f 1128 1134 1135
f 1130 1136 1129
f 1131 1137 1130
f 1137 1138 1130
f 1130 1138 1136
f 1139 1126 1133
f 1140 1132 1126
f 1140 1126 1139
f 1121 1141 1113
f 1113 1142 1114
f 1113 1141 1142
f 1120 1143 1121
f 1122 1144 1120
f 1144 1143 1120
f 1104 1145 1119
f 1104 1118 1145
f 1098 1146 1116
f 1098 1115 1146
f 1129 1147 1134
f 1129 1136 1147
f 1148 1131 1132
f 1149 1137 1131
f 1148 1149 1131
f 1099 1150 1118
f 1099 1116 1150
f 1139 1133 1151
f 1133 1135 1152
f 1151 1133 1152
f 1105 1153 1115
f 1105 1123 1153
f 1143 1154 1121
f 1121 1154 1141
f 1155 1132 1140
f 1155 1148 1132
f 1137 1156 1138
f 1149 1157 1137
f 1157 1156 1137
f 1124 1158 1122
f 1158 1144 1122
f 1159 1139 1151
f 1160 1140 1139
f 1160 1139 1159
f 1114 1161 1123
f 1114 1142 1161
f 1135 1134 1162
f 1152 1135 1163
f 1135 1162 1163
f 1119 1164 1125
f 1125 1164 1124
f 1119 1145 1164
f 1138 1165 1136
f 1156 1166 1138
f 1138 1166 1165
f 1151 1152 1167
f 1159 1151 1168
f 1168 1151 1167
f 1164 1158 1124
f 1134 1147 1169
f 1134 1169 1162
f 1136 1170 1147
f 1136 1165 1170
f 1171 1140 1160
f 1171 1155 1140
f 1167 1152 1172
f 1152 1163 1172
f 1173 1149 1148
f 1174 1157 1149
f 1173 1174 1149
f 1144 1175 1143
f 1143 1176 1154
f 1175 1176 1143
f 1157 1177 1156
f 1177 1178 1156
f 1156 1178 1166
f 1179 1148 1155
f 1179 1173 1148
f 1180 1177 1157
f 1174 1180 1157
f 1118 1181 1145
f 1118 1150 1181
f 1182 1159 1168
f 1183 1160 1159
f 1183 1159 1182
f 1154 1184 1141
f 1141 1185 1142
f 1141 1184 1185
f 1158 1186 1144
f 1186 1175 1144
f 1176 1187 1154
f 1154 1187 1184
f 1116 1188 1150
f 1116 1146 1188
f 1168 1167 1189
f 1167 1172 1190
f 1189 1167 1190
f 1115 1191 1146
f 1115 1153 1191
f 1147 1192 1169
f 1147 1170 1192
f 1182 1168 1193
f 1193 1168 1189
f 1194 1171 1160
f 1194 1160 1183
f 1123 1195 1153
f 1123 1161 1195
f 1164 1196 1158
f 1145 1196 1164
f 1163 1162 1197
f 1172 1163 1198
f 1163 1197 1198
f 1199 1155 1171
f 1199 1179 1155
f 1196 1186 1158
f 1145 1181 1196
f 1162 1169 1200
f 1162 1200 1197
f 1142 1201 1161
f 1142 1185 1201
f 1190 1172 1202
f 1172 1198 1202
f 1180 1203 1177
f 1177 1204 1178
f 1203 1204 1177
f 1205 1174 1173
f 1206 1180 1174
f 1205 1206 1174
f 1166 1207 1165
f 1178 1208 1166
f 1166 1208 1207
f 1175 1209 1176
f 1176 1210 1187
f 1209 1210 1176
f 1165 1207 1211
f 1165 1211 1170
f 1212 1173 1179
f 1212 1205 1173
f 1213 1183 1182
f 1214 1182 1193
f 1213 1182 1214
f 1215 1203 1180
f 1206 1215 1180
f 1189 1190 1216
f 1193 1189 1217
f 1217 1189 1216
f 1186 1218 1175
f 1218 1209 1175
f 1219 1171 1194
f 1219 1199 1171
f 1178 1220 1208
f 1208 1221 1207
f 1208 1222 1221
f 1220 1222 1208
f 1204 1220 1178
f 1169 1223 1200
f 1169 1192 1223
f 1190 1202 1224
f 1216 1190 1224
f 1225 1194 1183
f 1225 1183 1213
f 1214 1193 1226
f 1226 1193 1217
f 1187 1227 1184
f 1210 1228 1187
f 1187 1228 1227
f 1184 1229 1185
f 1184 1227 1229
f 1150 1230 1181
f 1150 1188 1230
f 1207 1221 1231
f 1207 1231 1211
f 1196 1232 1186
f 1181 1232 1196
f 1232 1218 1186
f 1233 1179 1199
f 1233 1212 1179
f 1198 1197 1234
f 1202 1198 1235
f 1198 1234 1235
f 1146 1236 1188
f 1146 1191 1236
f 1170 1211 1237
f 1170 1237 1192
f 1197 1200 1238
f 1197 1238 1234
f 1153 1239 1191
f 1153 1195 1239
f 1181 1230 1232
f 1222 1240 1221
f 1220 1241 1222
f 1222 1242 1240
f 1241 1242 1222
f 1161 1201 1243
f 1161 1243 1195
f 1221 1240 1244
f 1221 1244 1231
f 1204 1245 1220
f 1245 1241 1220
f 1202 1235 1246
f 1224 1202 1246
f 1215 1247 1203
f 1203 1248 1204
f 1247 1248 1203
f 1249 1206 1205
f 1250 1215 1206
f 1249 1250 1206
f 1209 1251 1210
f 1210 1252 1228
f 1251 1252 1210
f 1253 1214 1226
f 1254 1213 1214
f 1254 1214 1253
f 1185 1255 1201
f 1185 1229 1255
f 1211 1231 1256
f 1211 1256 1237
f 1257 1205 1212
f 1257 1249 1205
f 1258 1194 1225
f 1258 1219 1194
f 1217 1216 1259
f 1226 1217 1260
f 1260 1217 1259
f 1218 1261 1209
f 1261 1251 1209
f 1250 1262 1215
f 1262 1247 1215
f 1216 1224 1263
f 1259 1216 1263
f 1242 1264 1240
f 1241 1265 1242
f 1242 1266 1264
f 1265 1266 1242
f 1240 1264 1267
f 1240 1267 1244
f 1248 1245 1204
f 1253 1226 1268
f 1268 1226 1260
f 1269 1225 1213
f 1269 1213 1254
f 1270 1199 1219
f 1270 1233 1199
f 1271 1265 1241
f 1245 1271 1241
f 1228 1272 1227
f 1252 1273 1228
f 1228 1273 1272
f 1231 1244 1274
f 1231 1274 1256
f 1200 1275 1238
f 1200 1223 1275
f 1235 1234 1276
f 1246 1235 1277
f 1235 1276 1277
f 1224 1246 1278
f 1263 1224 1278
f 1227 1279 1229
f 1227 1272 1279
f 1232 1280 1218
f 1280 1261 1218
f 1230 1280 1232
f 1234 1281 1276
f 1234 1238 1281
f 1277 1262 1250
f 1282 1277 1250
f 1282 1250 1249
f 1283 1257 1212
f 1283 1212 1233
f 1188 1284 1230
f 1188 1236 1284
f 1266 1285 1264
f 1264 1285 1286
f 1264 1286 1267
f 1246 1277 1282
f 1278 1246 1282
f 1265 1287 1266
f 1266 1288 1285
f 1287 1288 1266
f 1192 1237 1289
f 1192 1289 1223
f 1290 1287 1265
f 1271 1290 1265
f 1244 1267 1291
f 1244 1291 1274
f 1292 1271 1245
f 1248 1292 1245
f 1277 1276 1262
f 1262 1293 1247
f 1276 1293 1262
f 1294 1282 1249
f 1294 1249 1257
f 1295 1254 1253
f 1296 1253 1268
f 1295 1253 1296
f 1251 1297 1252
f 1252 1298 1273
f 1297 1298 1252
f 1237 1256 1299
f 1237 1299 1289
f 1247 1300 1248
f 1293 1300 1247
f 1276 1281 1293
f 1278 1282 1294
f 1260 1259 1301
f 1268 1260 1302
f 1302 1260 1301
f 1303 1225 1269
f 1303 1258 1225
f 1304 1254 1295
f 1304 1269 1254
f 1261 1305 1251
f 1305 1297 1251
f 1191 1306 1236
f 1191 1239 1306
f 1230 1284 1280
f 1288 1307 1285
f 1285 1308 1286
f 1285 1307 1308
f 1309 1219 1258
f 1309 1270 1219
f 1259 1263 1310
f 1301 1259 1310
f 1296 1268 1311
f 1311 1268 1302
f 1201 1255 1312
f 1201 1312 1243
f 1195 1313 1239
f 1195 1243 1313
f 1267 1286 1314
f 1267 1314 1291
f 1287 1315 1288
f 1288 1316 1307
f 1315 1316 1288
f 1263 1278 1317
f 1317 1278 1294
f 1310 1263 1317
f 1298 1318 1273
f 1273 1319 1272
f 1273 1318 1319
f 1229 1279 1320
f 1229 1320 1255
f 1290 1321 1287
f 1321 1315 1287
f 1322 1290 1271
f 1292 1322 1271
f 1300 1292 1248
f 1238 1323 1281
f 1238 1275 1323
f 1324 1294 1257
f 1324 1257 1283
f 1325 1283 1233
f 1325 1233 1270
f 1256 1274 1326
f 1256 1326 1299
f 1280 1327 1261
f 1327 1305 1261
f 1328 1295 1296
f 1329 1296 1311
f 1328 1296 1329
f 1297 1330 1298
f 1298 1331 1318
f 1330 1331 1298
f 1272 1319 1332
f 1272 1332 1279
f 1317 1294 1324
f 1284 1327 1280
f 1286 1308 1333
f 1286 1333 1314
f 1281 1334 1293
f 1293 1334 1300
f 1316 1335 1307
f 1307 1336 1308
f 1307 1335 1336
f 1337 1321 1290
f 1322 1337 1290
f 1274 1291 1338
f 1274 1338 1326
f 1281 1323 1334
f 1339 1295 1328
f 1339 1304 1295
f 1340 1330 1297
f 1305 1340 1297
f 1315 1341 1316
f 1316 1342 1335
f 1341 1342 1316
f 1321 1343 1315
f 1343 1341 1315
f 1223 1289 1344
f 1223 1344 1275
f 1345 1269 1304
f 1345 1303 1269
f 1311 1302 1346
f 1329 1311 1347
f 1347 1311 1346
f 1348 1322 1292
f 1300 1348 1292
f 1302 1301 1349
f 1346 1302 1349
f 1331 1329 1318
f 1318 1329 1347
f 1331 1328 1329
f 1318 1347 1319
f 1236 1350 1284
f 1236 1306 1350
f 1291 1314 1351
f 1291 1351 1338
f 1352 1324 1283
f 1352 1283 1325
f 1310 1317 1353
f 1353 1317 1324
f 1301 1310 1354
f 1349 1301 1354
f 1355 1258 1303
f 1355 1309 1258
f 1356 1328 1331
f 1356 1339 1328
f 1330 1356 1331
f 1284 1350 1327
f 1308 1336 1357
f 1308 1357 1333
f 1289 1299 1358
f 1289 1358 1344
f 1354 1310 1353
f 1359 1325 1270
f 1359 1270 1309
f 1360 1343 1321
f 1337 1360 1321
f 1361 1337 1322
f 1348 1361 1322
f 1334 1348 1300
f 1353 1324 1352
f 1319 1347 1362
f 1347 1346 1362
f 1319 1362 1332
f 1363 1356 1330
f 1340 1363 1330
f 1279 1332 1364
f 1279 1364 1320
f 1255 1320 1365
f 1255 1365 1312
f 1327 1366 1305
f 1366 1340 1305
f 1239 1367 1306
f 1239 1313 1367
f 1342 1368 1335
f 1335 1369 1336
f 1335 1368 1369
f 1243 1370 1313
f 1243 1312 1370
f 1341 1371 1342
f 1343 1372 1341
f 1372 1371 1341
f 1373 1304 1339
f 1373 1345 1304
f 1371 1374 1342
f 1342 1374 1368
f 1314 1333 1375
f 1314 1375 1351
f 1299 1326 1376
f 1299 1376 1358
f 1350 1366 1327
f 1346 1349 1377
f 1362 1346 1377
f 1275 1344 1378
f 1275 1378 1323
f 1379 1339 1356
f 1363 1379 1356
f 1336 1369 1380
f 1336 1380 1357
f 1360 1381 1343
f 1381 1372 1343
f 1382 1360 1337
f 1361 1382 1337
f 1326 1338 1383
f 1326 1383 1376
f 1334 1384 1348
f 1384 1361 1348
f 1385 1303 1345
f 1385 1355 1303
f 1379 1373 1339
f 1323 1384 1334
f 1386 1352 1325
f 1386 1325 1359
f 1354 1353 1387
f 1387 1353 1352
f 1349 1354 1388
f 1377 1349 1388
f 1366 1389 1340
f 1389 1363 1340
f 1333 1357 1390
f 1333 1390 1375
f 1306 1391 1350
f 1306 1367 1391
f 1344 1358 1392
f 1344 1392 1378
f 1323 1378 1384
f 1388 1354 1387
f 1393 1359 1309
f 1393 1309 1355
f 1332 1362 1394
f 1362 1377 1394
f 1332 1394 1364
f 1350 1391 1366
f 1371 1395 1374
f 1372 1396 1371
f 1396 1395 1371
f 1338 1351 1397
f 1338 1397 1383
f 1387 1352 1386
f 1374 1398 1368
f 1368 1399 1369
f 1368 1398 1399
f 1382 1400 1360
f 1400 1381 1360
f 1384 1401 1361
f 1401 1382 1361
f 1320 1364 1402
f 1320 1402 1365
f 1391 1389 1366
f 1395 1403 1374
f 1374 1403 1398
f 1381 1404 1372
f 1404 1396 1372
f 1358 1376 1405
f 1358 1405 1392
f 1378 1401 1384
f 1406 1345 1373
f 1406 1385 1345
f 1407 1379 1363
f 1389 1407 1363
f 1313 1408 1367
f 1313 1370 1408
f 1378 1392 1401
f 1312 1365 1409
f 1312 1409 1370
f 1369 1410 1380
f 1369 1399 1410
f 1357 1380 1411
f 1357 1411 1390
f 1351 1375 1412
f 1351 1412 1397
f 1377 1388 1413
f 1394 1377 1413
f 1414 1373 1379
f 1407 1414 1379
f 1401 1415 1382
f 1415 1400 1382
f 1376 1383 1416
f 1376 1416 1405
f 1414 1406 1373
f 1417 1386 1359
f 1417 1359 1393
f 1400 1418 1381
f 1418 1404 1381
f 1392 1415 1401
f 1392 1405 1415
f 1388 1387 1419
f 1419 1387 1386
f 1420 1355 1385
f 1420 1393 1355
f 1413 1388 1419
f 1391 1421 1389
f 1421 1407 1389
f 1367 1421 1391
f 1396 1422 1395
f 1395 1423 1403
f 1422 1423 1395
f 1404 1424 1396
f 1424 1422 1396
f 1375 1390 1425
f 1375 1425 1412
f 1383 1397 1426
f 1383 1426 1416
f 1419 1386 1417
f 1364 1394 1427
f 1394 1413 1427
f 1364 1427 1402
f 1367 1408 1421
f 1415 1428 1400
f 1428 1418 1400
f 1403 1429 1398
f 1398 1430 1399
f 1398 1429 1430
f 1405 1428 1415
f 1405 1416 1428
f 1380 1410 1431
f 1380 1431 1411
f 1365 1402 1432
f 1365 1432 1409
f 1370 1433 1408
f 1370 1409 1433
f 1423 1434 1403
f 1403 1434 1429
f 1418 1435 1404
f 1435 1424 1404
f 1436 1385 1406
f 1436 1420 1385
f 1397 1412 1437
f 1397 1437 1426
f 1421 1438 1407
f 1438 1414 1407
f 1399 1439 1410
f 1399 1430 1439
f 1390 1411 1440
f 1390 1440 1425
f 1416 1441 1428
f 1416 1426 1441
f 1413 1419 1442
f 1442 1419 1417
f 1443 1417 1393
f 1443 1393 1420
f 1427 1413 1442
f 1428 1441 1418
f 1441 1435 1418
f 1408 1438 1421
f 1444 1406 1414
f 1438 1444 1414
f 1444 1436 1406
f 1408 1433 1438
f 1442 1417 1443
f 1412 1425 1445
f 1412 1445 1437
f 1422 1446 1423
f 1424 1447 1422
f 1447 1446 1422
f 1402 1427 1448
f 1427 1442 1448
f 1426 1449 1441
f 1426 1437 1449
f 1402 1448 1432
f 1423 1450 1434
f 1446 1450 1423
f 1435 1451 1424
f 1451 1447 1424
f 1441 1449 1435
f 1409 1452 1433
f 1409 1432 1452
f 1453 1443 1420
f 1453 1420 1436
f 1433 1444 1438
f 1410 1454 1431
f 1410 1439 1454
f 1449 1451 1435
f 1411 1431 1455
f 1411 1455 1440
f 1448 1442 1443
f 1434 1456 1429
f 1429 1457 1430
f 1429 1456 1457
f 1433 1452 1444
f 1425 1458 1445
f 1425 1440 1458
f 1437 1459 1449
f 1437 1445 1459
f 1448 1443 1453
f 1452 1436 1444
f 1452 1453 1436
f 1450 1460 1434
f 1434 1460 1456
f 1430 1461 1439
f 1430 1457 1461
f 1449 1459 1451
f 1432 1448 1453
f 1432 1453 1452
f 1451 1462 1447
f 1459 1462 1451
f 1447 1463 1446
f 1462 1463 1447
f 1446 1464 1450
f 1463 1464 1446
f 1431 1465 1455
f 1431 1454 1465
f 1445 1466 1459
f 1445 1458 1466
f 1440 1467 1458
f 1440 1455 1467
f 1450 1468 1460
f 1464 1468 1450
f 1459 1466 1462
f 1439 1469 1454
f 1439 1461 1469
f 1462 1470 1463
f 1466 1470 1462
f 1456 1471 1457
f 1460 1472 1456
f 1456 1472 1471
f 1458 1473 1466
f 1458 1467 1473
f 1463 1474 1464
f 1470 1474 1463
f 1457 1475 1461
f 1457 1471 1475
f 1466 1473 1470
f 1468 1476 1460
f 1460 1476 1472
f 1455 1477 1467
f 1455 1465 1477
f 1464 1478 1468
f 1474 1478 1464
f 1454 1479 1465
f 1454 1469 1479
f 1461 1480 1469
f 1461 1475 1480
f 1473 1481 1470
f 1470 1481 1474
f 1478 1482 1468
f 1468 1482 1476
f 1467 1483 1473
f 1467 1477 1483
f 1473 1483 1481
f 1474 1484 1478
f 1481 1484 1474
f 1465 1485 1477
f 1465 1479 1485
f 1472 1486 1471
f 1476 1487 1472
f 1472 1487 1486
f 1469 1488 1479
f 1469 1480 1488
f 1471 1489 1475
f 1471 1486 1489
f 1478 1490 1482
f 1484 1490 1478
f 1476 1491 1487
f 1482 1491 1476
f 1483 1492 1481
f 1481 1492 1484
f 1477 1493 1483
f 1477 1485 1493
f 1483 1493 1492
f 1475 1494 1480
f 1475 1489 1494
f 1487 1495 1486
f 1491 1496 1487
f 1487 1496 1495
f 1482 1497 1491
f 1490 1497 1482
f 1479 1498 1485
f 1479 1488 1498
f 1492 1499 1484
f 1484 1499 1490
f 1486 1500 1489
f 1486 1495 1500
f 1497 1501 1491
f 1491 1501 1496
f 1480 1502 1488
f 1480 1494 1502
f 1485 1503 1493
f 1485 1498 1503
f 1489 1504 1494
f 1489 1500 1504
f 1493 1505 1492
f 1492 1505 1499
f 1490 1506 1497
f 1497 1507 1501
f 1506 1507 1497
f 1499 1506 1490
f 1501 1508 1496
f 1496 1509 1495
f 1496 1508 1509
f 1493 1503 1505
f 1507 1510 1501
f 1501 1510 1508
f 1495 1511 1500
f 1495 1509 1511
f 1488 1512 1498
f 1488 1502 1512
f 1494 1513 1502
f 1494 1504 1513
f 1506 1514 1507
f 1499 1515 1506
f 1515 1514 1506
f 1507 1516 1510
f 1514 1516 1507
f 1500 1517 1504
f 1500 1511 1517
f 1505 1515 1499
f 1510 1518 1508
f 1508 1519 1509
f 1508 1518 1519
f 1516 1520 1510
f 1510 1520 1518
f 1509 1521 1511
f 1509 1519 1521
f 1498 1522 1503
f 1498 1512 1522
f 1505 1523 1515
f 1503 1523 1505
f 1502 1524 1512
f 1502 1513 1524
f 1515 1525 1514
f 1523 1525 1515
f 1503 1522 1523
f 1514 1526 1516
f 1525 1526 1514
f 1504 1527 1513
f 1504 1517 1527
f 1516 1528 1520
f 1526 1528 1516
f 1511 1529 1517
f 1511 1521 1529
f 1512 1530 1522
f 1512 1524 1530
f 1520 1531 1518
f 1518 1532 1519
f 1518 1531 1532
f 1522 1533 1523
f 1523 1533 1525
f 1528 1534 1520
f 1520 1534 1531
f 1522 1530 1533
f 1519 1535 1521
f 1519 1532 1535
f 1525 1536 1526
f 1533 1536 1525
f 1513 1537 1524
f 1513 1527 1537
f 1526 1538 1528
f 1536 1538 1526
f 1517 1539 1527
f 1517 1529 1539
f 1528 1540 1534
f 1538 1540 1528
f 1521 1541 1529
f 1521 1535 1541
f 1530 1542 1533
f 1533 1542 1536
f 1524 1543 1530
f 1524 1537 1543
f 1530 1543 1542
f 1534 1544 1531
f 1531 1545 1532
f 1531 1544 1545
f 1536 1546 1538
f 1542 1546 1536
f 1527 1547 1537
f 1527 1539 1547
f 1540 1548 1534
f 1534 1548 1544
f 1538 1549 1540
f 1546 1549 1538
f 1532 1550 1535
f 1532 1545 1550
f 1529 1551 1539
f 1529 1541 1551
f 1543 1552 1542
f 1542 1552 1546
f 1549 1553 1540
f 1540 1553 1548
f 1537 1554 1543
f 1537 1547 1554
f 1543 1554 1552
f 1535 1555 1541
f 1535 1550 1555
f 1546 1556 1549
f 1552 1556 1546
f 1539 1557 1547
f 1539 1551 1557
f 1548 1558 1544
f 1544 1559 1545
f 1544 1558 1559
f 1549 1560 1553
f 1556 1560 1549
f 1553 1561 1548
f 1548 1561 1558
f 1545 1562 1550
f 1545 1559 1562
f 1541 1563 1551
f 1541 1555 1563
f 1554 1564 1552
f 1552 1564 1556
f 1547 1565 1554
f 1547 1557 1565
f 1554 1565 1564
f 1560 1566 1553
f 1553 1566 1561
f 1556 1567 1560
f 1564 1567 1556
f 1550 1568 1555
f 1550 1562 1568
f 1551 1569 1557
f 1551 1563 1569
f 1560 1570 1566
f 1567 1570 1560
f 1561 1571 1558
f 1558 1572 1559
f 1558 1571 1572
f 1565 1573 1564
f 1564 1573 1567
f 1566 1574 1561
f 1561 1574 1571
f 1557 1575 1565
f 1557 1569 1575
f 1555 1576 1563
f 1555 1568 1576
f 1559 1577 1562
f 1559 1572 1577
f 1565 1575 1573
f 1570 1578 1566
f 1566 1578 1574
f 1567 1579 1570
f 1573 1579 1567
f 1562 1580 1568
f 1562 1577 1580
f 1563 1581 1569
f 1563 1576 1581
f 1579 1582 1570
f 1570 1582 1578
f 1575 1583 1573
f 1573 1583 1579
f 1569 1584 1575
f 1569 1581 1584
f 1574 1585 1571
f 1571 1586 1572
f 1571 1585 1586
f 1575 1584 1583
f 1578 1587 1574
f 1574 1587 1585
f 1568 1588 1576
f 1568 1580 1588
f 1572 1589 1577
f 1572 1586 1589
f 1583 1590 1579
f 1579 1590 1582
f 1582 1591 1578
f 1578 1591 1587
f 1576 1592 1581
f 1576 1588 1592
f 1577 1593 1580
f 1577 1589 1593
f 1584 1594 1583
f 1583 1594 1590
f 1590 1595 1582
f 1582 1595 1591
f 1581 1596 1584
f 1581 1592 1596
f 1584 1596 1594
f 1580 1597 1588
f 1580 1593 1597
f 1587 1598 1585
f 1585 1599 1586
f 1585 1598 1599
f 1591 1600 1587
f 1587 1600 1598
f 1594 1601 1590
f 1590 1601 1595
f 1586 1602 1589
f 1586 1599 1602
f 1595 1603 1591
f 1591 1603 1600
f 1588 1604 1592
f 1588 1597 1604
f 1596 1605 1594
f 1594 1605 1601
f 1589 1606 1593
f 1589 1602 1606
f 1592 1607 1596
f 1592 1604 1607
f 1601 1608 1595
f 1595 1608 1603
f 1596 1607 1605
f 1593 1609 1597
f 1593 1606 1609
f 1600 1610 1598
f 1598 1611 1599
f 1598 1610 1611
f 1603 1612 1600
f 1600 1612 1610
f 1605 1613 1601
f 1601 1613 1608
f 1599 1614 1602
f 1599 1611 1614
f 1608 1615 1603
f 1603 1615 1612
f 1597 1616 1604
f 1597 1609 1616
f 1607 1617 1605
f 1605 1617 1613
f 1602 1618 1606
f 1602 1614 1618
f 1604 1619 1607
f 1604 1616 1619
f 1607 1619 1617
f 1613 1620 1608
f 1608 1620 1615
f 1606 1621 1609
f 1606 1618 1621
f 1617 1622 1613
f 1613 1622 1620
f 1612 1623 1610
f 1610 1624 1611
f 1610 1623 1624
f 1615 1625 1612
f 1612 1625 1623
f 1611 1626 1614
f 1611 1624 1626
f 1609 1627 1616
f 1609 1621 1627
f 1620 1628 1615
f 1615 1628 1625
f 1619 1629 1617
f 1617 1629 1622
f 1616 1630 1619
f 1616 1627 1630
f 1619 1630 1629
f 1614 1631 1618
f 1614 1626 1631
f 1622 1632 1620
f 1620 1632 1628
f 1618 1633 1621
f 1618 1631 1633
f 1629 1634 1622
f 1622 1634 1632
f 1635 1623 1625
f 1633 1624 1623
f 1633 1623 1635
f 1636 1625 1628
f 1635 1625 1636
f 1621 1635 1627
f 1621 1633 1635
f 1630 1637 1629
f 1629 1637 1634
f 1631 1626 1624
f 1631 1624 1633
f 1637 1628 1632
f 1636 1628 1637
f 1627 1636 1630
f 1627 1635 1636
f 1630 1636 1637
f 1637 1632 1634
f 1638 1639 1640
f 1639 1641 1640
f 1642 1639 1638
f 1642 1643 1639
f 1643 1644 1639
f 1639 1644 1641
f 1638 1640 1645
f 1645 1640 1646
f 1640 1647 1646
f 1640 1641 1647
f 1648 1638 1645
f 1649 1642 1638
f 1649 1638 1648
f 1645 1646 1650
f 1651 1645 1650
f 1648 1645 1651
f 1652 1643 1642
f 1652 1653 1643
f 1653 1654 1643
f 1643 1654 1644
f 1650 1646 1655
f 1646 1656 1655
f 1646 1647 1656
f 1657 1652 1642
f 1657 1642 1649
f 1650 1655 1658
f 1659 1650 1658
f 1651 1650 1659
f 1660 1653 1652
f 1660 1661 1653
f 1661 1662 1653
f 1653 1662 1654
f 1658 1655 1663
f 1655 1664 1663
f 1655 1656 1664
f 1665 1660 1652
f 1665 1652 1657
f 1658 1663 1666
f 1667 1658 1666
f 1659 1658 1667
f 1668 1661 1660
f 1668 1669 1661
f 1669 1670 1661
f 1661 1670 1662
f 1666 1663 1671
f 1663 1672 1671
f 1663 1664 1672
f 1673 1668 1660
f 1673 1660 1665
f 1674 1675 1669
f 1675 1676 1669
f 1674 1669 1668
f 1669 1676 1670
f 1666 1671 1677
f 1678 1666 1677
f 1667 1666 1678
f 1677 1671 1679
f 1671 1680 1679
f 1671 1672 1680
f 1681 1679 1675
f 1679 1682 1675
f 1681 1675 1674
f 1675 1682 1676
f 1677 1679 1681
f 1679 1680 1682
f 1683 1648 1651
f 1684 1649 1648
f 1684 1648 1683
f 1685 1651 1659
f 1683 1651 1685
f 1686 1674 1668
f 1686 1668 1673
f 1687 1681 1674
f 1687 1674 1686
f 1688 1677 1681
f 1688 1681 1687
f 1678 1677 1688
f 1689 1657 1649
f 1689 1649 1684
f 1690 1659 1667
f 1685 1659 1690
f 1644 1691 1641
f 1654 1692 1644
f 1644 1692 1691
f 1641 1693 1647
f 1641 1691 1693
f 1662 1694 1654
f 1654 1694 1692
f 1695 1665 1657
f 1695 1657 1689
f 1647 1696 1656
f 1647 1693 1696
f 1670 1697 1662
f 1662 1697 1694
f 1656 1698 1664
f 1656 1696 1698
f 1699 1667 1678
f 1690 1667 1699
f 1676 1700 1670
f 1670 1700 1697
f 1664 1701 1672
f 1664 1698 1701
f 1682 1702 1676
f 1676 1702 1700
f 1672 1703 1680
f 1672 1701 1703
f 1704 1673 1665
f 1704 1665 1695
f 1680 1705 1682
f 1682 1705 1702
f 1680 1703 1705
f 1706 1678 1688
f 1699 1678 1706
f 1707 1686 1673
f 1707 1673 1704
f 1708 1688 1687
f 1706 1688 1708
f 1709 1687 1686
f 1709 1686 1707
f 1708 1687 1709
f 1710 1683 1685
f 1711 1684 1683
f 1711 1683 1710
f 1712 1685 1690
f 1710 1685 1712
f 1713 1689 1684
f 1713 1684 1711
f 1714 1690 1699
f 1712 1690 1714
f 1715 1695 1689
f 1715 1689 1713
f 1716 1699 1706
f 1714 1699 1716
f 1717 1704 1695
f 1717 1695 1715
f 1718 1706 1708
f 1716 1706 1718
f 1694 1696 1692
f 1697 1698 1694
f 1694 1698 1696
f 1692 1693 1691
f 1692 1696 1693
f 1719 1707 1704
f 1719 1704 1717
f 1700 1701 1697
f 1702 1703 1700
f 1700 1703 1701
f 1697 1701 1698
f 1720 1708 1709
f 1718 1708 1720
f 1702 1705 1703
f 1721 1709 1707
f 1721 1707 1719
f 1720 1709 1721
f 1722 1710 1712
f 1723 1711 1710
f 1723 1710 1722
f 1724 1712 1714
f 1722 1712 1724
f 1725 1713 1711
f 1725 1711 1723
f 1726 1714 1716
f 1724 1714 1726
f 1727 1715 1713
f 1727 1713 1725
f 1728 1716 1718
f 1726 1716 1728
f 1729 1717 1715
f 1729 1715 1727
f 1730 1718 1720
f 1728 1718 1730
f 1731 1719 1717
f 1731 1717 1729
f 1732 1720 1721
f 1730 1720 1732
f 1733 1721 1719
f 1733 1719 1731
f 1732 1721 1733
f 1734 1722 1724
f 1735 1723 1722
f 1735 1722 1734
f 1736 1724 1726
f 1734 1724 1736
f 1737 1725 1723
f 1737 1723 1735
f 1738 1726 1728
f 1736 1726 1738
f 1739 1727 1725
f 1739 1725 1737
f 1740 1728 1730
f 1738 1728 1740
f 1741 1729 1727
f 1741 1727 1739
f 1742 1730 1732
f 1740 1730 1742
f 1743 1731 1729
f 1743 1729 1741
f 1744 1732 1733
f 1742 1732 1744
f 1745 1733 1731
f 1745 1731 1743
f 1744 1733 1745
f 1746 1734 1736
f 1747 1735 1734
f 1747 1734 1746
f 1748 1736 1738
f 1746 1736 1748
f 1749 1737 1735
f 1749 1735 1747
f 1750 1738 1740
f 1748 1738 1750
f 1751 1739 1737
f 1751 1737 1749
f 1752 1740 1742
f 1750 1740 1752
f 1753 1741 1739
f 1753 1739 1751
f 1754 1742 1744
f 1752 1742 1754
f 1755 1746 1748
f 1756 1747 1746
f 1756 1746 1755
f 1757 1743 1741
f 1757 1741 1753
f 1758 1748 1750
f 1755 1748 1758
f 1759 1744 1745
f 1754 1744 1759
f 1760 1749 1747
f 1760 1747 1756
f 1761 1745 1743
f 1761 1743 1757
f 1759 1745 1761
f 1762 1750 1752
f 1758 1750 1762
f 1763 1751 1749
f 1763 1749 1760
f 1764 1752 1754
f 1762 1752 1764
f 1765 1755 1758
f 1766 1756 1755
f 1766 1755 1765
f 1767 1758 1762
f 1765 1758 1767
f 1768 1753 1751
f 1768 1751 1763
f 1769 1754 1759
f 1764 1754 1769
f 1770 1760 1756
f 1770 1756 1766
f 1767 1762 1771
f 1771 1762 1764
f 1772 1757 1753
f 1772 1753 1768
f 1773 1765 1767
f 1774 1765 1773
f 1774 1766 1765
f 1773 1767 1775
f 1775 1767 1771
f 1773 1775 1774
f 1774 1775 1776
f 1775 1771 1776
f 1777 1759 1761
f 1769 1759 1777
f 1778 1763 1760
f 1778 1760 1770
f 1779 1761 1757
f 1779 1757 1772
f 1777 1761 1779
f 1771 1764 1780
f 1780 1764 1769
f 1781 1766 1774
f 1781 1770 1766
f 1774 1776 1781
f 1776 1771 1780
f 1781 1776 1782
f 1776 1780 1782
f 1783 1768 1763
f 1783 1763 1778
f 1784 1770 1781
f 1784 1778 1770
f 1781 1782 1784
f 1780 1769 1785
f 1785 1769 1777
f 1782 1780 1785
f 1784 1782 1786
f 1782 1785 1786
f 1787 1772 1768
f 1787 1768 1783
f 1788 1777 1779
f 1785 1777 1788
f 1789 1778 1784
f 1789 1783 1778
f 1784 1786 1789
f 1790 1779 1772
f 1790 1772 1787
f 1788 1779 1790
f 1786 1785 1788
f 1786 1788 1791
f 1789 1786 1791
f 1792 1783 1789
f 1792 1787 1783
f 1791 1788 1790
f 1789 1791 1792
f 1791 1790 1793
f 1792 1791 1793
f 1793 1790 1787
f 1793 1787 1792
f 1794 1795 1796
f 1797 1795 1794
f 1795 1798 1796
f 1797 1799 1795
f 1799 1800 1795
f 1795 1800 1798
f 1794 1796 1801
f 1802 1794 1801
f 1803 1797 1794
f 1803 1794 1802
f 1801 1796 1804
f 1796 1805 1804
f 1796 1798 1805
f 1806 1799 1797
f 1806 1807 1799
f 1807 1808 1799
f 1799 1808 1800
f 1801 1804 1809
f 1810 1801 1809
f 1802 1801 1810
f 1811 1806 1797
f 1811 1797 1803
f 1809 1804 1812
f 1804 1813 1812
f 1804 1805 1813
f 1814 1807 1806
f 1815 1814 1806
f 1815 1806 1811
f 1807 1816 1808
f 1814 1817 1807
f 1817 1816 1807
f 1809 1812 1818
f 1819 1809 1818
f 1810 1809 1819
f 1818 1812 1820
f 1812 1821 1820
f 1812 1813 1821
f 1798 1822 1805
f 1805 1823 1813
f 1805 1822 1823
f 1800 1824 1798
f 1798 1824 1822
f 1808 1825 1800
f 1800 1825 1824
f 1816 1826 1808
f 1808 1826 1825
f 1818 1820 1827
f 1827 1820 1828
f 1820 1829 1828
f 1820 1821 1829
f 1830 1817 1814
f 1817 1831 1816
f 1830 1832 1817
f 1832 1831 1817
f 1833 1818 1827
f 1819 1818 1833
f 1834 1830 1814
f 1834 1814 1815
f 1835 1803 1802
f 1836 1802 1810
f 1835 1802 1836
f 1837 1811 1803
f 1837 1803 1835
f 1838 1810 1819
f 1836 1810 1838
f 1813 1839 1821
f 1813 1823 1839
f 1831 1840 1816
f 1816 1840 1826
f 1827 1828 1841
f 1841 1828 1842
f 1828 1843 1842
f 1828 1829 1843
f 1844 1832 1830
f 1844 1845 1832
f 1845 1846 1832
f 1832 1846 1831
f 1847 1827 1841
f 1833 1827 1847
f 1848 1844 1830
f 1848 1830 1834
f 1849 1815 1811
f 1849 1811 1837
f 1850 1842 1845
f 1842 1851 1845
f 1841 1842 1850
f 1842 1843 1851
f 1850 1845 1844
f 1845 1851 1846
f 1821 1852 1829
f 1821 1839 1852
f 1846 1853 1831
f 1831 1853 1840
f 1854 1841 1850
f 1847 1841 1854
f 1855 1850 1844
f 1854 1850 1855
f 1855 1844 1848
f 1856 1819 1833
f 1838 1819 1856
f 1857 1834 1815
f 1857 1815 1849
f 1829 1858 1843
f 1829 1852 1858
f 1851 1859 1846
f 1846 1859 1853
f 1843 1860 1851
f 1843 1858 1860
f 1851 1860 1859
f 1861 1833 1847
f 1856 1833 1861
f 1862 1848 1834
f 1862 1834 1857
f 1824 1863 1822
f 1825 1864 1824
f 1824 1864 1863
f 1822 1865 1823
f 1822 1863 1865
f 1826 1866 1825
f 1825 1866 1864
f 1823 1867 1839
f 1823 1865 1867
f 1840 1868 1826
f 1826 1868 1866
f 1869 1847 1854
f 1861 1847 1869
f 1870 1855 1848
f 1870 1848 1862
f 1839 1871 1852
f 1839 1867 1871
f 1853 1872 1840
f 1840 1872 1868
f 1873 1854 1855
f 1869 1854 1873
f 1873 1855 1870
f 1874 1835 1836
f 1875 1836 1838
f 1874 1836 1875
f 1876 1837 1835
f 1876 1835 1874
f 1852 1877 1858
f 1852 1871 1877
f 1859 1878 1853
f 1853 1878 1872
f 1879 1849 1837
f 1879 1837 1876
f 1858 1880 1860
f 1858 1877 1880
f 1860 1881 1859
f 1859 1881 1878
f 1860 1880 1881
f 1882 1838 1856
f 1875 1838 1882
f 1883 1857 1849
f 1883 1849 1879
f 1884 1856 1861
f 1882 1856 1884
f 1885 1862 1857
f 1885 1857 1883
f 1864 1886 1863
f 1866 1887 1864
f 1864 1887 1886
f 1863 1888 1865
f 1863 1886 1888
f 1868 1889 1866
f 1866 1889 1887
f 1865 1890 1867
f 1865 1888 1890
f 1891 1861 1869
f 1884 1861 1891
f 1867 1892 1871
f 1867 1890 1892
f 1872 1893 1868
f 1868 1893 1889
f 1894 1870 1862
f 1894 1862 1885
f 1878 1895 1872
f 1872 1895 1893
f 1871 1896 1877
f 1871 1892 1896
f 1897 1869 1873
f 1891 1869 1897
f 1881 1898 1878
f 1878 1898 1895
f 1880 1899 1881
f 1881 1899 1898
f 1877 1900 1880
f 1880 1900 1899
f 1877 1896 1900
f 1901 1873 1870
f 1897 1873 1901
f 1901 1870 1894
f 1902 1874 1875
f 1903 1876 1874
f 1903 1874 1902
f 1904 1875 1882
f 1902 1875 1904
f 1905 1879 1876
f 1905 1876 1903
f 1887 1906 1886
f 1889 1907 1887
f 1887 1907 1906
f 1886 1908 1888
f 1886 1906 1908
f 1888 1909 1890
f 1888 1908 1909
f 1910 1882 1884
f 1904 1882 1910
f 1911 1883 1879
f 1911 1879 1905
f 1893 1912 1889
f 1889 1912 1907
f 1895 1913 1893
f 1893 1913 1912
f 1890 1914 1892
f 1892 1915 1896
f 1892 1914 1915
f 1890 1909 1914
f 1898 1916 1895
f 1895 1916 1913
f 1899 1917 1898
f 1898 1917 1916
f 1900 1918 1899
f 1899 1918 1917
f 1896 1919 1900
f 1900 1919 1918
f 1896 1915 1919
f 1920 1884 1891
f 1910 1884 1920
f 1921 1885 1883
f 1921 1883 1911
f 1922 1891 1897
f 1920 1891 1922
f 1923 1894 1885
f 1923 1885 1921
f 1924 1897 1901
f 1922 1897 1924
f 1925 1901 1894
f 1925 1894 1923
f 1924 1901 1925
f 1912 1915 1907
f 1913 1919 1912
f 1912 1919 1915
f 1907 1914 1906
f 1907 1915 1914
f 1906 1909 1908
f 1906 1914 1909
f 1916 1918 1913
f 1913 1918 1919
f 1916 1917 1918
f 1926 1903 1902
f 1927 1902 1904
f 1926 1902 1927
f 1928 1905 1903
f 1928 1903 1926
f 1929 1904 1910
f 1927 1904 1929
f 1930 1911 1905
f 1930 1905 1928
f 1931 1910 1920
f 1929 1910 1931
f 1932 1921 1911
f 1932 1911 1930
f 1933 1920 1922
f 1931 1920 1933
f 1934 1923 1921
f 1934 1921 1932
f 1935 1922 1924
f 1933 1922 1935
f 1936 1925 1923
f 1936 1923 1934
f 1937 1924 1925
f 1935 1924 1937
f 1937 1925 1936
f 1938 1926 1927
f 1939 1928 1926
f 1939 1926 1938
f 1940 1927 1929
f 1938 1927 1940
f 1941 1929 1931
f 1940 1929 1941
f 1942 1930 1928
f 1942 1928 1939
f 1943 1931 1933
f 1941 1931 1943
f 1944 1932 1930
f 1944 1930 1942
f 1945 1933 1935
f 1943 1933 1945
f 1946 1934 1932
f 1946 1932 1944
f 1947 1935 1937
f 1945 1935 1947
f 1948 1936 1934
f 1948 1934 1946
f 1949 1937 1936
f 1947 1937 1949
f 1949 1936 1948
f 1938 1940 1939
f 1939 1940 1941
f 1939 1941 1942
f 1942 1941 1943
f 1942 1943 1944
f 1944 1943 1945
f 1944 1945 1946
f 1946 1945 1947
f 1946 1947 1948
f 1948 1947 1949
f 1950 1951 1952
f 1951 1953 1952
f 1954 1952 1955
f 1952 1956 1955
f 1950 1952 1954
f 1952 1953 1956
f 1957 1958 1951
f 1959 1957 1951
f 1959 1951 1950
f 1951 1958 1953
f 1960 1955 1961
f 1955 1962 1961
f 1954 1955 1960
f 1955 1956 1962
f 1957 1963 1958
f 1964 1963 1957
f 1965 1964 1957
f 1965 1957 1959
f 1960 1961 1966
f 1966 1961 1967
f 1961 1968 1967
f 1961 1962 1968
f 1969 1954 1960
f 1970 1950 1954
f 1970 1954 1969
f 1971 1960 1966
f 1969 1960 1971
f 1972 1959 1950
f 1972 1950 1970
f 1958 1973 1953
f 1963 1974 1958
f 1958 1974 1973
f 1953 1975 1956
f 1953 1973 1975
f 1956 1976 1962
f 1956 1975 1976
f 1977 1974 1964
f 1978 1977 1964
f 1977 1973 1974
f 1979 1973 1977
f 1980 1979 1977
f 1980 1977 1978
f 1964 1974 1963
f 1978 1964 1965
f 1981 1967 1982
f 1967 1983 1982
f 1984 1982 1985
f 1982 1986 1985
f 1981 1982 1984
f 1982 1983 1986
f 1966 1967 1981
f 1967 1968 1983
f 1987 1966 1981
f 1971 1966 1987
f 1988 1965 1959
f 1988 1959 1972
f 1962 1986 1968
f 1968 1986 1983
f 1962 1976 1986
f 1989 1975 1979
f 1990 1989 1979
f 1979 1975 1973
f 1990 1979 1980
f 1985 1976 1989
f 1991 1985 1989
f 1989 1976 1975
f 1991 1989 1990
f 1984 1985 1991
f 1985 1986 1976
f 1992 1981 1984
f 1987 1981 1992
f 1993 1978 1965
f 1993 1965 1988
f 1994 1984 1991
f 1992 1984 1994
f 1995 1980 1978
f 1995 1978 1993
f 1996 1991 1990
f 1994 1991 1996
f 1997 1990 1980
f 1997 1980 1995
f 1996 1990 1997
f 1998 1969 1971
f 1999 1971 1987
f 1998 1971 1999
f 2000 1970 1969
f 2000 1969 1998
f 2001 1972 1970
f 2001 1970 2000
f 2002 1988 1972
f 2002 1972 2001
f 2003 1987 1992
f 1999 1987 2003
f 2004 1992 1994
f 2003 1992 2004
f 2005 1993 1988
f 2005 1988 2002
f 2006 1994 1996
f 2004 1994 2006
f 2007 1995 1993
f 2007 1993 2005
f 2008 1996 1997
f 2006 1996 2008
f 2009 1997 1995
f 2008 1997 2009
f 2009 1995 2007
f 2010 1998 1999
f 2011 1999 2003
f 2010 1999 2011
f 2012 2000 1998
f 2012 1998 2010
f 2013 2001 2000
f 2013 2000 2012
f 2014 2002 2001
f 2014 2001 2013
f 2015 2003 2004
f 2011 2003 2015
f 2016 2004 2006
f 2015 2004 2016
f 2017 2005 2002
f 2017 2002 2014
f 2018 2007 2005
f 2018 2005 2017
f 2019 2006 2008
f 2016 2006 2019
f 2020 2008 2009
f 2019 2008 2020
f 2021 2009 2007
f 2020 2009 2021
f 2021 2007 2018
f 2022 2012 2010
f 2023 2010 2011
f 2022 2010 2023
f 2024 2013 2012
f 2024 2012 2022
f 2025 2011 2015
f 2023 2011 2025
f 2026 2014 2013
f 2026 2013 2024
f 2027 2015 2016
f 2025 2015 2027
f 2028 2017 2014
f 2028 2014 2026
f 2029 2016 2019
f 2027 2016 2029
f 2030 2018 2017
f 2030 2017 2028
f 2031 2019 2020
f 2029 2019 2031
f 2032 2020 2021
f 2031 2020 2032
f 2033 2021 2018
f 2033 2018 2030
f 2032 2021 2033
f 2034 2023 2025
f 2035 2022 2023
f 2035 2023 2034
f 2036 2025 2027
f 2034 2025 2036
f 2037 2024 2022
f 2037 2022 2035
f 2038 2026 2024
f 2038 2024 2037
f 2039 2027 2029
f 2036 2027 2039
f 2040 2028 2026
f 2040 2026 2038
f 2041 2029 2031
f 2039 2029 2041
f 2042 2030 2028
f 2042 2028 2040
f 2043 2031 2032
f 2041 2031 2043
f 2044 2032 2033
f 2043 2032 2044
f 2045 2033 2030
f 2045 2030 2042
f 2044 2033 2045
f 2046 2035 2034
f 2047 2034 2036
f 2046 2034 2047
f 2048 2037 2035
f 2048 2035 2046
f 2049 2036 2039
f 2047 2036 2049
f 2050 2038 2037
f 2050 2037 2048
f 2051 2039 2041
f 2049 2039 2051
f 2052 2040 2038
f 2052 2038 2050
f 2053 2041 2043
f 2051 2041 2053
f 2054 2042 2040
f 2054 2040 2052
f 2055 2043 2044
f 2053 2043 2055
f 2056 2045 2042
f 2056 2042 2054
f 2057 2044 2045
f 2055 2044 2057
f 2057 2045 2056
f 2058 2046 2047
f 2059 2047 2049
f 2058 2047 2059
f 2060 2048 2046
f 2060 2046 2058
f 2061 2049 2051
f 2059 2049 2061
f 2062 2050 2048
f 2062 2048 2060
f 2063 2051 2053
f 2061 2051 2063
f 2064 2052 2050
f 2064 2050 2062
f 2065 2053 2055
f 2063 2053 2065
f 2066 2054 2052
f 2066 2052 2064
f 2067 2055 2057
f 2065 2055 2067
f 2068 2056 2054
f 2068 2054 2066
f 2069 2057 2056
f 2067 2057 2069
f 2069 2056 2068
f 2070 2059 2061
f 2071 2058 2059
f 2071 2059 2070
f 2072 2061 2063
f 2070 2061 2072
f 2073 2060 2058
f 2073 2058 2071
f 2074 2062 2060
f 2074 2060 2073
f 2075 2063 2065
f 2072 2063 2075
f 2076 2064 2062
f 2076 2062 2074
f 2077 2065 2067
f 2075 2065 2077
f 2078 2066 2064
f 2078 2064 2076
f 2079 2067 2069
f 2077 2067 2079
f 2080 2068 2066
f 2080 2066 2078
f 2081 2069 2068
f 2079 2069 2081
f 2081 2068 2080
f 2082 2071 2070
f 2083 2070 2072
f 2082 2070 2083
f 2084 2073 2071
f 2084 2071 2082
f 2085 2072 2075
f 2083 2072 2085
f 2086 2074 2073
f 2086 2073 2084
f 2087 2075 2077
f 2085 2075 2087
f 2088 2076 2074
f 2088 2074 2086
f 2089 2077 2079
f 2087 2077 2089
f 2090 2078 2076
f 2090 2076 2088
f 2091 2079 2081
f 2089 2079 2091
f 2092 2080 2078
f 2092 2078 2090
f 2093 2081 2080
f 2091 2081 2093
f 2093 2080 2092
f 2094 2082 2083
f 2095 2083 2085
f 2094 2083 2095
f 2096 2084 2082
f 2096 2082 2094
f 2097 2085 2087
f 2095 2085 2097
f 2098 2086 2084
f 2098 2084 2096
f 2099 2087 2089
f 2097 2087 2099
f 2100 2088 2086
f 2100 2086 2098
f 2101 2089 2091
f 2099 2089 2101
f 2102 2090 2088
f 2102 2088 2100
f 2102 2094 2095
f 2103 2095 2097
f 2102 2095 2103
f 2100 2096 2094
f 2100 2094 2102
f 2104 2091 2093
f 2101 2091 2104
f 2103 2092 2090
f 2103 2090 2102
f 2098 2096 2100
f 2105 2097 2099
f 2103 2097 2105
f 2105 2093 2092
f 2104 2093 2105
f 2105 2092 2103
f 2104 2099 2101
f 2105 2099 2104
