# 
# Wavefront OBJ file
# Created with Kaydara FBX
# 
mtllib c:\users\tjvan\onedrive\documenten\fontys\minor\nx\.mtlmodels\descending_branch_of_lateral_circumflex_femoral_artery.r.obj

g Descending_branch_of_lateral_circumflex_femoral_artery_r
v -0.129221 0.708996 0.023593
v -0.129210 0.702410 0.023936
v -0.129041 0.702376 0.023238
v -0.129017 0.709032 0.024287
v -0.129075 0.715816 0.023199
v -0.129051 0.708955 0.022890
v -0.128869 0.715852 0.023899
v -0.129008 0.702447 0.024624
v -0.129068 0.696107 0.024251
v -0.128900 0.696077 0.023560
v -0.128867 0.696148 0.024933
v -0.128654 0.690104 0.023878
v -0.128820 0.690135 0.024564
v -0.128903 0.715766 0.022491
v -0.128745 0.722823 0.022730
v -0.128537 0.722862 0.023436
v -0.128546 0.702355 0.022719
v -0.128551 0.708921 0.022367
v -0.128409 0.696065 0.023044
v -0.128492 0.709053 0.024786
v -0.128487 0.702478 0.025118
v -0.128340 0.715865 0.024403
v -0.128167 0.690099 0.023367
v -0.128573 0.722760 0.022017
v -0.128399 0.715715 0.021964
v -0.128621 0.690182 0.025239
v -0.128352 0.696189 0.025423
v -0.128004 0.722866 0.023945
v -0.128327 0.684506 0.024218
v -0.128492 0.684541 0.024897
v -0.128206 0.729970 0.022162
v -0.127996 0.730013 0.022873
v -0.127845 0.684503 0.023711
v -0.128296 0.684598 0.025566
v -0.128111 0.690234 0.025724
v -0.128066 0.722690 0.021487
v -0.128034 0.729891 0.021444
v -0.127857 0.702352 0.022516
v -0.127726 0.696075 0.022842
v -0.127856 0.708901 0.022163
v -0.127460 0.730008 0.023387
v -0.127947 0.679332 0.024603
v -0.128111 0.679379 0.025275
v -0.127788 0.709054 0.024957
v -0.127789 0.702494 0.025287
v -0.127630 0.715850 0.024576
v -0.127491 0.690120 0.023166
v -0.127699 0.715677 0.021760
v -0.127660 0.696218 0.025589
v -0.127290 0.722834 0.024121
v -0.127468 0.679324 0.024101
v -0.127917 0.679451 0.025938
v -0.127790 0.684662 0.026046
v -0.127432 0.737208 0.021470
v -0.127220 0.737257 0.022186
v -0.127175 0.684533 0.023512
v -0.127299 0.671699 0.025408
v -0.127457 0.671761 0.026046
v -0.127425 0.690276 0.025888
v -0.127524 0.729797 0.020911
v -0.127360 0.722630 0.021282
v -0.127260 0.737110 0.020747
v -0.126741 0.729957 0.023566
v -0.126680 0.737243 0.022705
v -0.126843 0.671679 0.024931
v -0.127417 0.679530 0.026412
v -0.127274 0.671847 0.026674
v -0.127159 0.702367 0.022684
v -0.127035 0.696105 0.023009
v -0.127152 0.708903 0.022334
v -0.126804 0.679356 0.023903
v -0.127112 0.684716 0.026208
v -0.127093 0.709035 0.024753
v -0.127100 0.702491 0.025084
v -0.126930 0.715812 0.024372
v -0.126806 0.690162 0.023330
v -0.126989 0.715662 0.021933
v -0.126977 0.696228 0.025388
v -0.126584 0.722774 0.023916
v -0.126815 0.729713 0.020707
v -0.126749 0.736989 0.020213
v -0.126497 0.684587 0.023674
v -0.126663 0.664109 0.026427
v -0.126813 0.664181 0.027031
v -0.126211 0.671706 0.024743
v -0.125957 0.737171 0.022887
v -0.126799 0.671936 0.027124
v -0.126746 0.679594 0.026572
v -0.126749 0.690297 0.025688
v -0.126397 0.744490 0.020629
v -0.126182 0.744546 0.021351
v -0.126646 0.722598 0.021458
v -0.126229 0.664081 0.025976
v -0.126641 0.664277 0.027626
v -0.126031 0.729873 0.023361
v -0.126226 0.744369 0.019903
v -0.125638 0.744524 0.021875
v -0.126132 0.679420 0.024063
v -0.126639 0.702398 0.023179
v -0.126519 0.696145 0.023498
v -0.126627 0.708924 0.022833
v -0.126442 0.684746 0.026009
v -0.126594 0.709000 0.024230
v -0.126605 0.702469 0.024564
v -0.126426 0.715761 0.023845
v -0.126295 0.690214 0.023815
v -0.126461 0.715675 0.022437
v -0.126486 0.696217 0.024872
v -0.126078 0.722704 0.023386
v -0.125629 0.664102 0.025798
v -0.126012 0.656460 0.027576
v -0.126155 0.656533 0.028147
v -0.126160 0.672003 0.027276
v -0.126191 0.664370 0.028052
v -0.125572 0.671772 0.024895
v -0.125991 0.684652 0.024153
v -0.126037 0.736878 0.020009
v -0.126096 0.729662 0.020885
v -0.126081 0.679626 0.026374
v -0.126262 0.690292 0.025176
v -0.125245 0.737060 0.022684
v -0.125716 0.744218 0.019368
v -0.124913 0.744429 0.022061
v -0.125602 0.656430 0.027150
v -0.125992 0.656629 0.028709
v -0.126436 0.702435 0.023867
v -0.126319 0.696186 0.024180
v -0.126113 0.722602 0.021967
v -0.126423 0.708960 0.023527
v -0.126255 0.715711 0.023137
v -0.125522 0.729779 0.022829
v -0.126096 0.690261 0.024491
v -0.125633 0.679499 0.024537
v -0.125960 0.684743 0.025502
v -0.125905 0.722641 0.022672
v -0.125073 0.751767 0.019617
v -0.124855 0.751834 0.020343
v -0.125795 0.684709 0.024823
v -0.125033 0.656450 0.026981
v -0.124906 0.751621 0.018888
v -0.125022 0.664169 0.025941
v -0.125585 0.664437 0.028195
v -0.125567 0.656722 0.029112
v -0.124309 0.751803 0.020873
v -0.125322 0.648649 0.028770
v -0.125457 0.648715 0.029309
v -0.125528 0.672029 0.027088
v -0.125097 0.671861 0.025345
v -0.125559 0.729657 0.021399
v -0.125603 0.679618 0.025872
v -0.125349 0.729700 0.022110
v -0.125314 0.736806 0.020191
v -0.124734 0.736939 0.022149
v -0.125002 0.744075 0.019166
v -0.124935 0.648624 0.028367
v -0.125303 0.648805 0.029840
v -0.125439 0.679571 0.025199
v -0.124199 0.744287 0.021860
v -0.124398 0.751435 0.018353
v -0.124460 0.656516 0.027117
v -0.124914 0.671948 0.025973
v -0.123582 0.751682 0.021064
v -0.124399 0.648646 0.028208
v -0.125072 0.672009 0.026611
v -0.124993 0.656788 0.029247
v -0.124902 0.648893 0.030219
v -0.124984 0.664458 0.028017
v -0.124573 0.664262 0.026368
v -0.124774 0.736792 0.020710
v -0.124562 0.736841 0.021427
v -0.124567 0.640573 0.029924
v -0.124693 0.640627 0.030432
v -0.124204 0.640557 0.029545
v -0.124276 0.743980 0.019353
v -0.124548 0.640705 0.030932
v -0.123688 0.744135 0.021324
v -0.124400 0.664357 0.026962
v -0.124551 0.664429 0.027566
v -0.123429 0.759017 0.018403
v -0.123209 0.759082 0.019136
v -0.123858 0.648709 0.028336
v -0.124034 0.656609 0.027519
v -0.124425 0.656808 0.029079
v -0.124361 0.648956 0.030347
v -0.123684 0.751257 0.018155
v -0.123701 0.640583 0.029394
v -0.124171 0.640784 0.031289
v -0.122868 0.751505 0.020865
v -0.123266 0.758848 0.017673
v -0.122665 0.759026 0.019674
v -0.123733 0.743958 0.019877
v -0.123518 0.744015 0.020599
v -0.123723 0.632130 0.030954
v -0.123839 0.632168 0.031431
v -0.123383 0.632126 0.030597
v -0.123871 0.656705 0.028081
v -0.123702 0.632229 0.031900
v -0.124014 0.656777 0.028652
v -0.123457 0.648797 0.028715
v -0.123825 0.648978 0.030188
v -0.123192 0.640644 0.029514
v -0.122763 0.758621 0.017140
v -0.123662 0.640845 0.031409
v -0.121942 0.758863 0.019873
v -0.122957 0.751137 0.018346
v -0.122913 0.632157 0.030456
v -0.122360 0.751318 0.020330
v -0.123348 0.632299 0.032235
v -0.123303 0.648887 0.029246
v -0.123438 0.648953 0.029785
v -0.122815 0.640724 0.029871
v -0.122762 0.623216 0.031775
v -0.122869 0.623236 0.032221
v -0.123159 0.640871 0.031258
v -0.122448 0.623225 0.031441
v -0.122411 0.751106 0.018876
v -0.122740 0.623280 0.032659
v -0.122437 0.632215 0.030568
v -0.122192 0.751172 0.019602
v -0.122055 0.758395 0.016947
v -0.122872 0.632356 0.032347
v -0.121234 0.758638 0.019681
v -0.122670 0.640801 0.030371
v -0.122796 0.640855 0.030879
v -0.121209 0.765994 0.017194
v -0.121000 0.766030 0.017926
v -0.122010 0.623262 0.031309
v -0.122410 0.623337 0.032972
v -0.121050 0.765818 0.016469
v -0.120478 0.765916 0.018470
v -0.122083 0.632284 0.030903
v -0.122402 0.632388 0.032206
v -0.121332 0.758233 0.017147
v -0.121566 0.623317 0.031413
v -0.121661 0.613729 0.032303
v -0.121758 0.613731 0.032716
v -0.121966 0.623391 0.033076
v -0.120731 0.758410 0.019148
v -0.121946 0.632346 0.031372
v -0.122063 0.632384 0.031849
v -0.121371 0.613752 0.031992
v -0.120564 0.765548 0.015947
v -0.121637 0.613757 0.033123
v -0.119784 0.765683 0.018680
v -0.120966 0.613794 0.031869
v -0.121236 0.623374 0.031726
v -0.121330 0.613802 0.033414
v -0.121529 0.623428 0.032944
v -0.120787 0.758176 0.017685
v -0.120567 0.758241 0.018417
v -0.121107 0.623418 0.032164
v -0.121214 0.623438 0.032610
v -0.119883 0.765258 0.015767
v -0.120555 0.613844 0.031966
v -0.120919 0.613852 0.033510
v -0.119103 0.765392 0.018499
v -0.120393 0.603566 0.032452
v -0.120481 0.603551 0.032833
v -0.120128 0.603601 0.032166
v -0.120368 0.603561 0.033208
v -0.120248 0.613889 0.032256
v -0.120514 0.613895 0.033387
v -0.119756 0.603648 0.032052
v -0.120084 0.603594 0.033476
v -0.119189 0.765024 0.015977
v -0.120127 0.613916 0.032663
v -0.118617 0.765122 0.017977
v -0.120224 0.613918 0.033077
v -0.118366 0.772214 0.016298
v -0.118179 0.772204 0.017032
v -0.118206 0.772042 0.015578
v -0.117695 0.772015 0.017582
v -0.119377 0.603694 0.032141
v -0.119705 0.603640 0.033565
v -0.118667 0.764910 0.016521
v -0.118458 0.764946 0.017253
v -0.119093 0.603727 0.032409
v -0.117742 0.771735 0.015065
v -0.119333 0.603687 0.033451
v -0.118934 0.592624 0.032138
v -0.119013 0.592595 0.032486
v -0.117044 0.771698 0.017803
v -0.118693 0.592670 0.031877
v -0.118908 0.592591 0.032828
v -0.118980 0.603737 0.032784
v -0.119068 0.603722 0.033165
v -0.118354 0.592721 0.031773
v -0.118647 0.592613 0.033073
v -0.117098 0.771374 0.014896
v -0.116401 0.771337 0.017634
v -0.118008 0.592762 0.031855
v -0.118300 0.592654 0.033154
v -0.117747 0.592784 0.032099
v -0.117961 0.592705 0.033051
v -0.116447 0.771057 0.015117
v -0.117642 0.592779 0.032441
v -0.115937 0.771030 0.017121
v -0.117720 0.592750 0.032790
v -0.117259 0.580803 0.031276
v -0.117328 0.580763 0.031591
v -0.117042 0.580856 0.031040
v -0.117230 0.580746 0.031900
v -0.116735 0.580909 0.030947
v -0.115963 0.770868 0.015668
v -0.116993 0.580758 0.032121
v -0.115777 0.770858 0.016401
v -0.116421 0.580946 0.031021
v -0.115004 0.777742 0.015763
v -0.114848 0.777682 0.016496
v -0.116679 0.580795 0.032195
v -0.114838 0.777583 0.015047
v -0.114413 0.777420 0.017050
v -0.116184 0.580958 0.031242
v -0.116373 0.580848 0.032101
v -0.116156 0.580901 0.031866
v -0.116087 0.580941 0.031551
v -0.114395 0.777248 0.014540
v -0.113814 0.777026 0.017276
v -0.115341 0.568002 0.029782
v -0.115401 0.567956 0.030063
v -0.115147 0.568057 0.029571
v -0.115313 0.567932 0.030339
v -0.113793 0.776827 0.014379
v -0.114873 0.568106 0.029488
v -0.113213 0.776605 0.017114
v -0.115099 0.567935 0.030536
v -0.114591 0.568137 0.029553
v -0.114817 0.567966 0.030602
v -0.113195 0.776433 0.014605
v -0.114377 0.568140 0.029751
v -0.112770 0.776270 0.016608
v -0.114543 0.568015 0.030518
v -0.114289 0.568116 0.030027
v -0.114349 0.568070 0.030308
v -0.112759 0.776171 0.015159
v -0.112604 0.776111 0.015892
v -0.114381 0.560968 0.028757
v -0.114438 0.560919 0.029025
v -0.114196 0.561021 0.028556
v -0.114353 0.560888 0.029289
v -0.113933 0.561064 0.028475
v -0.114147 0.560883 0.029476
v -0.111110 0.782557 0.016357
v -0.111225 0.782668 0.015628
v -0.113662 0.561086 0.028537
v -0.110730 0.782228 0.016908
v -0.111046 0.782530 0.014916
v -0.113876 0.560905 0.029538
v -0.113456 0.561081 0.028725
v -0.113613 0.560948 0.029458
v -0.113742 0.554786 0.027750
v -0.113797 0.554737 0.028006
v -0.110187 0.781768 0.017135
v -0.110619 0.782180 0.014414
v -0.113565 0.554835 0.027557
v -0.113371 0.561050 0.028988
v -0.113714 0.554699 0.028256
v -0.113428 0.561001 0.029256
v -0.113313 0.554870 0.027479
v -0.113517 0.554685 0.028433
v -0.113054 0.554881 0.027537
v -0.113257 0.554696 0.028491
v -0.109628 0.781300 0.016975
v -0.113358 0.549311 0.026733
v -0.113410 0.549259 0.026975
v -0.110059 0.781713 0.014254
v -0.113190 0.549356 0.026549
v -0.113331 0.549215 0.027212
v -0.112856 0.554866 0.027715
v -0.113005 0.554731 0.028413
v -0.112949 0.549384 0.026474
v -0.113142 0.549191 0.027379
v -0.112774 0.554829 0.027965
v -0.112828 0.554779 0.028220
v -0.113163 0.544396 0.025678
v -0.113212 0.544342 0.025907
v -0.113003 0.544441 0.025503
v -0.113136 0.544291 0.026130
v -0.112701 0.549386 0.026527
v -0.112894 0.549193 0.027433
v -0.113090 0.539899 0.024558
v -0.113137 0.539840 0.024774
v -0.112774 0.544463 0.025431
v -0.109517 0.781252 0.014481
v -0.109201 0.780951 0.016473
v -0.112939 0.539944 0.024393
v -0.113065 0.539784 0.024983
v -0.113118 0.535612 0.023548
v -0.113075 0.535675 0.023346
v -0.112956 0.544258 0.026287
v -0.113091 0.531514 0.022202
v -0.113050 0.531579 0.022013
v -0.113050 0.535552 0.023744
v -0.112950 0.527472 0.020534
v -0.113027 0.531452 0.022384
v -0.112988 0.527405 0.020709
v -0.112931 0.535722 0.023192
v -0.112915 0.531630 0.021870
v -0.112823 0.527526 0.020402
v -0.112894 0.539745 0.025130
v -0.112889 0.535509 0.023881
v -0.112513 0.549361 0.026694
v -0.112928 0.527343 0.020879
v -0.112875 0.531409 0.022512
v -0.112743 0.523144 0.019043
v -0.112708 0.523211 0.018881
v -0.112722 0.539964 0.024324
v -0.112654 0.549220 0.027357
v -0.112785 0.527303 0.020999
v -0.112687 0.523085 0.019201
v -0.112590 0.523268 0.018760
v -0.112726 0.535742 0.023127
v -0.112722 0.531653 0.021810
v -0.112721 0.544253 0.026336
v -0.112538 0.544457 0.025480
v -0.112642 0.527553 0.020348
v -0.112671 0.539734 0.025175
v -0.112678 0.535496 0.023922
v -0.112676 0.531397 0.022552
v -0.112433 0.549318 0.026931
v -0.112421 0.523300 0.018712
v -0.112485 0.549266 0.027174
v -0.112554 0.523049 0.019314
v -0.112598 0.527295 0.021037
v -0.112498 0.539953 0.024369
v -0.109137 0.780923 0.015032
v -0.109021 0.780813 0.015761
v -0.112258 0.518656 0.017029
v -0.112291 0.518591 0.017177
v -0.112149 0.518715 0.016918
v -0.112522 0.531641 0.021850
v -0.112455 0.527545 0.020386
v -0.112515 0.535729 0.023168
v -0.112492 0.544275 0.026264
v -0.112358 0.544425 0.025637
v -0.112238 0.518536 0.017325
v -0.112473 0.535516 0.023857
v -0.112483 0.531420 0.022492
v -0.112454 0.539754 0.025106
v -0.112246 0.523297 0.018750
v -0.111992 0.518750 0.016876
v -0.112380 0.523047 0.019352
v -0.112417 0.527322 0.020983
v -0.112115 0.518506 0.017431
v -0.112327 0.539914 0.024516
v -0.112370 0.531599 0.021978
v -0.112312 0.527505 0.020506
v -0.112353 0.535687 0.023305
v -0.112283 0.544374 0.025860
v -0.112329 0.535564 0.023703
v -0.112348 0.531471 0.022349
v -0.112302 0.539799 0.024941
v -0.112332 0.544320 0.026089
v -0.111831 0.518754 0.016914
v -0.112211 0.523078 0.019304
v -0.112291 0.527376 0.020851
v -0.112113 0.523262 0.018863
v -0.111953 0.518510 0.017469
v -0.112306 0.531536 0.022161
v -0.112252 0.527443 0.020677
v -0.112286 0.535626 0.023501
v -0.112256 0.539858 0.024726
v -0.112057 0.523202 0.019022
v -0.111564 0.513604 0.015087
v -0.111534 0.513666 0.014950
v -0.112093 0.523135 0.019183
v -0.111516 0.513554 0.015224
v -0.111433 0.513725 0.014850
v -0.111707 0.518724 0.017020
v -0.111797 0.518545 0.017427
v -0.111290 0.513763 0.014814
v -0.111402 0.513531 0.015324
v -0.111688 0.518604 0.017316
v -0.111655 0.518669 0.017168
v -0.111141 0.513772 0.014850
v -0.111254 0.513540 0.015361
v -0.111028 0.513749 0.014951
v -0.111110 0.513578 0.015324
v -0.111010 0.513637 0.015224
v -0.110979 0.513699 0.015087
v -0.110498 0.508044 0.012746
v -0.110471 0.508103 0.012621
v -0.110454 0.507998 0.012871
v -0.110379 0.508161 0.012531
v -0.110248 0.508200 0.012499
v -0.110350 0.507978 0.012964
v -0.110112 0.508212 0.012534
v -0.110214 0.507989 0.012999
v -0.107064 0.786928 0.016649
v -0.107133 0.787088 0.015929
v -0.110008 0.508192 0.012627
v -0.110083 0.508029 0.012967
v -0.106743 0.786540 0.017193
v -0.106931 0.786977 0.015225
v -0.109964 0.508146 0.012752
v -0.109991 0.508086 0.012877
v -0.106255 0.786027 0.017414
v -0.106512 0.786625 0.014725
v -0.110069 0.506156 0.011747
v -0.110095 0.506093 0.011868
v -0.109979 0.506216 0.011659
v -0.110050 0.506043 0.011989
v -0.109850 0.506256 0.011628
v -0.109947 0.506021 0.012080
v -0.109716 0.506266 0.011663
v -0.109813 0.506031 0.012114
v -0.105732 0.785528 0.017253
v -0.109613 0.506244 0.011753
v -0.109740 0.504295 0.010953
v -0.109715 0.504362 0.010836
v -0.109684 0.506072 0.012083
v -0.109695 0.504241 0.011071
v -0.109627 0.504425 0.010752
v -0.105988 0.786125 0.014564
v -0.109568 0.506194 0.011875
v -0.109594 0.506131 0.011996
v -0.109500 0.504465 0.010721
v -0.109592 0.504214 0.011157
v -0.109367 0.504473 0.010754
v -0.109459 0.504222 0.011190
v -0.109401 0.502700 0.009904
v -0.109425 0.502630 0.010016
v -0.109315 0.502764 0.009821
v -0.109265 0.504446 0.010841
v -0.109379 0.502572 0.010130
v -0.109332 0.504263 0.011160
v -0.109189 0.502804 0.009792
v -0.105312 0.785176 0.016753
v -0.109220 0.504392 0.010958
v -0.109278 0.502542 0.010213
v -0.109244 0.504325 0.011075
v -0.105500 0.785613 0.014785
v -0.109058 0.502810 0.009823
v -0.109146 0.502548 0.010244
v -0.109120 0.501150 0.008964
v -0.109142 0.501078 0.009073
v -0.109035 0.501215 0.008884
v -0.109097 0.501017 0.009183
v -0.108956 0.502780 0.009906
v -0.109021 0.502588 0.010215
v -0.108911 0.501254 0.008855
v -0.108996 0.500985 0.009263
v -0.108911 0.502722 0.010020
v -0.108935 0.502652 0.010133
v -0.105110 0.785065 0.016049
v -0.108782 0.501259 0.008884
v -0.108864 0.499692 0.008032
v -0.108886 0.499619 0.008139
v -0.108867 0.500989 0.009293
v -0.105179 0.785225 0.015329
v -0.108780 0.499757 0.007954
v -0.108841 0.499557 0.008245
v -0.108681 0.501226 0.008965
v -0.108658 0.499796 0.007925
v -0.108743 0.501029 0.009264
v -0.108741 0.499524 0.008324
v -0.108636 0.501166 0.009075
v -0.108658 0.501094 0.009184
v -0.108530 0.499800 0.007954
v -0.108626 0.498307 0.007124
v -0.108647 0.498235 0.007228
v -0.108544 0.498371 0.007047
v -0.108613 0.499527 0.008352
v -0.108603 0.498173 0.007333
v -0.108423 0.498410 0.007019
v -0.108431 0.499766 0.008032
v -0.108504 0.498140 0.007410
v -0.108491 0.499566 0.008324
v -0.108386 0.499704 0.008139
v -0.108297 0.498413 0.007047
v -0.108408 0.499631 0.008246
v -0.108398 0.496977 0.006254
v -0.108420 0.496906 0.006359
v -0.108318 0.497039 0.006178
v -0.108377 0.496847 0.006463
v -0.108378 0.498143 0.007438
v -0.108199 0.497077 0.006150
v -0.108199 0.498379 0.007124
v -0.108280 0.496814 0.006539
v -0.108258 0.498181 0.007410
v -0.108175 0.495681 0.005440
v -0.108197 0.495614 0.005544
v -0.108075 0.497080 0.006178
v -0.108154 0.498318 0.007228
v -0.108095 0.495741 0.005364
v -0.108176 0.498246 0.007333
v -0.108154 0.495558 0.005648
v -0.108155 0.496817 0.006567
v -0.107978 0.495778 0.005336
v -0.107978 0.497048 0.006254
v -0.108059 0.495528 0.005725
v -0.108037 0.496855 0.006539
v -0.107948 0.494400 0.004696
v -0.107970 0.494339 0.004801
v -0.107856 0.495782 0.005364
v -0.107934 0.496988 0.006359
v -0.107869 0.494456 0.004620
v -0.107956 0.496918 0.006463
v -0.107929 0.494289 0.004907
v -0.107937 0.495532 0.005753
v -0.107753 0.494492 0.004592
v -0.107761 0.495752 0.005441
v -0.107836 0.494263 0.004984
v -0.107820 0.495569 0.005725
v -0.107733 0.493062 0.004146
v -0.107710 0.493116 0.004039
v -0.107633 0.494498 0.004621
v -0.107718 0.495696 0.005545
v -0.107694 0.493019 0.004253
v -0.107631 0.493167 0.003961
v -0.107716 0.494269 0.005013
v -0.107740 0.495629 0.005649
v -0.107517 0.493202 0.003934
v -0.107540 0.494472 0.004698
v -0.107603 0.492999 0.004332
v -0.107601 0.494304 0.004985
v -0.107400 0.493210 0.003963
v -0.107499 0.494422 0.004803
v -0.107453 0.491809 0.003484
v -0.107478 0.491764 0.003593
v -0.107521 0.494361 0.004908
v -0.107375 0.491855 0.003406
v -0.107485 0.493008 0.004361
v -0.107441 0.491731 0.003702
v -0.107263 0.491887 0.003378
v -0.107309 0.493190 0.004042
v -0.107353 0.491718 0.003782
v -0.107372 0.493042 0.004333
v -0.107270 0.493147 0.004149
v -0.107148 0.491899 0.003409
v -0.107293 0.493093 0.004256
v -0.107197 0.490426 0.003158
v -0.107172 0.490463 0.003049
v -0.107238 0.491730 0.003813
v -0.107163 0.490401 0.003268
v -0.107094 0.490503 0.002971
v -0.107060 0.491886 0.003489
v -0.106984 0.490535 0.002943
v -0.107126 0.491762 0.003785
v -0.107078 0.490395 0.003350
v -0.107023 0.491853 0.003598
v -0.107047 0.491807 0.003707
v -0.106871 0.490550 0.002974
v -0.106965 0.490410 0.003381
v -0.106514 0.487418 0.002357
v -0.106489 0.487452 0.002250
v -0.106481 0.487398 0.002466
v -0.106412 0.487490 0.002173
v -0.106855 0.490442 0.003354
v -0.106786 0.490545 0.003056
v -0.102811 0.790896 0.017408
v -0.102828 0.791102 0.016702
v -0.106305 0.487523 0.002147
v -0.106399 0.487396 0.002546
v -0.106751 0.490520 0.003166
v -0.102547 0.790458 0.017937
v -0.106776 0.490482 0.003275
v -0.106196 0.487540 0.002178
v -0.106290 0.487414 0.002578
v -0.102595 0.791023 0.016008
v -0.106114 0.487539 0.002259
v -0.106183 0.487446 0.002551
v -0.106081 0.487518 0.002367
v -0.106106 0.487485 0.002474
v -0.102107 0.789907 0.018148
v -0.105872 0.484865 0.001707
v -0.105848 0.484897 0.001602
v -0.102173 0.790679 0.015513
v -0.105841 0.484847 0.001813
v -0.105773 0.484935 0.001528
v -0.105669 0.484968 0.001502
v -0.105762 0.484848 0.001892
v -0.105564 0.484988 0.001534
v -0.105656 0.484868 0.001923
v -0.101609 0.789390 0.017985
v -0.105552 0.484901 0.001898
v -0.105484 0.484989 0.001613
v -0.105478 0.484939 0.001823
v -0.105453 0.484971 0.001719
v -0.101675 0.790162 0.015350
v -0.105280 0.482699 0.001188
v -0.105256 0.482729 0.001086
v -0.105250 0.482683 0.001292
v -0.105184 0.482766 0.001013
v -0.105083 0.482799 0.000989
v -0.105174 0.482687 0.001369
v -0.101187 0.789046 0.017490
v -0.105071 0.482708 0.001400
v -0.104980 0.482821 0.001020
v -0.104971 0.482742 0.001376
v -0.104904 0.482824 0.001098
v -0.104898 0.482778 0.001303
v -0.104874 0.482809 0.001201
v -0.101235 0.789611 0.015561
v -0.100954 0.788967 0.016796
v -0.104746 0.480853 0.000782
v -0.104722 0.480881 0.000683
v -0.104717 0.480841 0.000884
v -0.104651 0.480916 0.000612
v -0.104644 0.480846 0.000959
v -0.104553 0.480949 0.000588
v -0.100971 0.789174 0.016090
v -0.104454 0.480972 0.000619
v -0.104545 0.480868 0.000990
v -0.104447 0.480902 0.000966
v -0.104381 0.480977 0.000695
v -0.104376 0.480937 0.000895
v -0.104352 0.480964 0.000796
v -0.104278 0.479263 0.000471
v -0.104254 0.479288 0.000374
v -0.104251 0.479253 0.000570
v -0.104185 0.479320 0.000304
v -0.104180 0.479259 0.000644
v -0.104089 0.479351 0.000281
v -0.104083 0.479281 0.000673
v -0.103993 0.479373 0.000311
v -0.103988 0.479313 0.000650
v -0.103922 0.479380 0.000385
v -0.103919 0.479345 0.000581
v -0.103895 0.479369 0.000484
v -0.103884 0.477861 0.000235
v -0.103860 0.477882 0.000140
v -0.103858 0.477853 0.000332
v -0.103792 0.477910 0.000073
v -0.103789 0.477860 0.000404
v -0.103699 0.477937 0.000050
v -0.103695 0.477880 0.000432
v -0.103605 0.477957 0.000078
v -0.103602 0.477907 0.000409
v -0.103536 0.477964 0.000150
v -0.103534 0.477935 0.000341
v -0.103510 0.477956 0.000246
v -0.103573 0.476581 0.000056
v -0.103548 0.476598 -0.000036
v -0.103548 0.476574 0.000150
v -0.103481 0.476620 -0.000103
v -0.103480 0.476579 0.000219
v -0.103389 0.476642 -0.000125
v -0.103388 0.476595 0.000247
v -0.103298 0.476658 -0.000098
v -0.103297 0.476617 0.000224
v -0.103230 0.476663 -0.000029
v -0.103350 0.475355 -0.000085
v -0.103326 0.475368 -0.000175
v -0.103326 0.475349 0.000006
v -0.103260 0.475384 -0.000240
v -0.103230 0.476639 0.000157
v -0.103205 0.476656 0.000065
v -0.103270 0.471298 -0.000391
v -0.103482 0.469596 -0.000574
v -0.103502 0.469608 -0.000652
v -0.103292 0.471309 -0.000472
v -0.103481 0.469614 -0.000731
v -0.103210 0.471287 -0.000331
v -0.103425 0.469581 -0.000517
v -0.103270 0.471315 -0.000554
v -0.103424 0.469612 -0.000790
v -0.103260 0.475350 0.000073
v -0.103170 0.475399 -0.000263
v -0.103129 0.471277 -0.000310
v -0.103346 0.469567 -0.000497
v -0.103210 0.471315 -0.000615
v -0.103345 0.469602 -0.000812
v -0.103170 0.475360 0.000098
v -0.103080 0.475408 -0.000237
v -0.103047 0.471271 -0.000333
v -0.103268 0.469557 -0.000519
v -0.103128 0.471310 -0.000637
v -0.103267 0.469588 -0.000792
v -0.103224 0.474114 -0.000208
v -0.103200 0.474124 -0.000295
v -0.103201 0.474107 -0.000120
v -0.103136 0.474133 -0.000359
v -0.103179 0.472780 -0.000246
v -0.103202 0.472788 -0.000330
v -0.103080 0.475375 0.000076
v -0.103014 0.475410 -0.000170
v -0.102987 0.471271 -0.000393
v -0.103210 0.469555 -0.000578
v -0.103046 0.471300 -0.000616
v -0.103210 0.469573 -0.000735
v -0.103117 0.472772 -0.000184
v -0.103179 0.472796 -0.000415
v -0.103137 0.474104 -0.000055
v -0.103048 0.474140 -0.000381
v -0.103014 0.475391 0.000010
v -0.102990 0.475404 -0.000080
v -0.102965 0.471278 -0.000475
v -0.103189 0.469561 -0.000657
v -0.102986 0.471288 -0.000556
v -0.103032 0.472768 -0.000161
v -0.103117 0.472800 -0.000477
v -0.103049 0.474107 -0.000031
v -0.102960 0.474143 -0.000357
v -0.102947 0.472768 -0.000184
v -0.103032 0.472800 -0.000500
v -0.102961 0.474114 -0.000054
v -0.102896 0.474140 -0.000293
v -0.102885 0.472772 -0.000246
v -0.102947 0.472795 -0.000477
v -0.102897 0.474123 -0.000118
v -0.102873 0.474133 -0.000205
v -0.102862 0.472779 -0.000331
v -0.102884 0.472788 -0.000415
v -0.098445 0.794562 0.018664
v -0.098410 0.794812 0.017978
v -0.098233 0.794085 0.019175
v -0.098137 0.794768 0.017302
v -0.097831 0.793508 0.019374
v -0.097701 0.794441 0.016816
v -0.097347 0.792987 0.019209
v -0.097216 0.793920 0.016650
v -0.096910 0.792660 0.018723
v -0.096814 0.793343 0.016850
v -0.096638 0.792616 0.018046
v -0.096603 0.792866 0.017361
v -0.094058 0.798030 0.020451
v -0.093890 0.797521 0.020941
v -0.093971 0.798319 0.019791
v -0.093514 0.796930 0.021129
v -0.093655 0.798312 0.019139
v -0.093030 0.796415 0.020966
v -0.093193 0.798011 0.018668
v -0.092568 0.796114 0.020495
v -0.092709 0.797496 0.018505
v -0.092252 0.796107 0.019842
v -0.092333 0.796905 0.018693
v -0.092166 0.796396 0.019183
v -0.089738 0.801402 0.022802
v -0.089606 0.800870 0.023269
v -0.089604 0.801727 0.022174
v -0.089244 0.800274 0.023450
v -0.089241 0.801759 0.021553
v -0.088749 0.799774 0.023297
v -0.088745 0.801489 0.021106
v -0.088253 0.799504 0.022849
v -0.088250 0.800989 0.020952
v -0.087890 0.799536 0.022228
v -0.087888 0.800394 0.021133
v -0.087757 0.799862 0.021600
v -0.085465 0.804231 0.026199
v -0.085570 0.804779 0.025753
v -0.085106 0.803639 0.026378
v -0.085395 0.805137 0.025159
v -0.084591 0.803162 0.026242
v -0.084986 0.805209 0.024578
v -0.084058 0.802928 0.025828
v -0.084453 0.804975 0.024163
v -0.083649 0.803000 0.025246
v -0.083938 0.804499 0.024028
v -0.083473 0.803358 0.024653
v -0.083579 0.803907 0.024207
v -0.081552 0.807705 0.029768
v -0.081641 0.808264 0.029340
v -0.081189 0.807124 0.029952
v -0.081431 0.808652 0.028784
v -0.080649 0.806676 0.029843
v -0.080980 0.808764 0.028248
v -0.080077 0.806483 0.029471
v -0.080408 0.808570 0.027876
v -0.079626 0.806595 0.028935
v -0.079868 0.808123 0.027768
v -0.079416 0.806982 0.028379
v -0.079505 0.807542 0.027952
v -0.077954 0.811395 0.034018
v -0.078031 0.811960 0.033606
v -0.077582 0.810829 0.034214
v -0.077795 0.812374 0.033087
v -0.077017 0.810415 0.034141
v -0.077308 0.812526 0.032602
v -0.076410 0.810264 0.033818
v -0.076701 0.812374 0.032279
v -0.075923 0.810415 0.033333
v -0.076136 0.811960 0.032206
v -0.075687 0.810829 0.032814
v -0.075764 0.811395 0.032402
v -0.108590 0.472973 -0.010021
v -0.108973 0.472665 -0.011141
v -0.108972 0.472722 -0.011157
v -0.108561 0.472919 -0.010016
v -0.108945 0.472613 -0.011135
v -0.108589 0.473031 -0.010038
v -0.108944 0.472769 -0.011180
v -0.108512 0.472885 -0.010025
v -0.108896 0.472580 -0.011141
v -0.108560 0.473079 -0.010062
v -0.108894 0.472794 -0.011202
v -0.108455 0.472879 -0.010044
v -0.108838 0.472575 -0.011157
v -0.108510 0.473103 -0.010087
v -0.108837 0.472789 -0.011218
v -0.108405 0.472903 -0.010070
v -0.108789 0.472599 -0.011179
v -0.108453 0.473097 -0.010107
v -0.108788 0.472756 -0.011224
v -0.108376 0.472950 -0.010094
v -0.108760 0.472646 -0.011202
v -0.108403 0.473063 -0.010115
v -0.108759 0.472703 -0.011218
v -0.108375 0.473009 -0.010110
v -0.108134 0.473308 -0.008858
v -0.108105 0.473253 -0.008852
v -0.108135 0.473367 -0.008876
v -0.108055 0.473218 -0.008862
v -0.108106 0.473415 -0.008903
v -0.107997 0.473211 -0.008883
v -0.108056 0.473439 -0.008931
v -0.107947 0.473235 -0.008911
v -0.107998 0.473433 -0.008952
v -0.107918 0.473283 -0.008938
v -0.107947 0.473397 -0.008962
v -0.107918 0.473343 -0.008956
v -0.107639 0.473714 -0.007663
v -0.107608 0.473659 -0.007655
v -0.107640 0.473774 -0.007686
v -0.107556 0.473624 -0.007663
v -0.107612 0.473822 -0.007716
v -0.107497 0.473617 -0.007685
v -0.107562 0.473846 -0.007746
v -0.107447 0.473641 -0.007715
v -0.107503 0.473839 -0.007768
v -0.107418 0.473689 -0.007746
v -0.107451 0.473803 -0.007776
v -0.107420 0.473748 -0.007768
v -0.107135 0.474235 -0.006450
v -0.107102 0.474181 -0.006437
v -0.107138 0.474293 -0.006478
v -0.107047 0.474146 -0.006442
v -0.107111 0.474341 -0.006512
v -0.106987 0.474140 -0.006464
v -0.107060 0.474365 -0.006544
v -0.106936 0.474163 -0.006496
v -0.107000 0.474358 -0.006566
v -0.106908 0.474211 -0.006530
v -0.106945 0.474323 -0.006571
v -0.106912 0.474269 -0.006558
v -0.106654 0.474913 -0.005230
v -0.106618 0.474862 -0.005211
v -0.106660 0.474970 -0.005264
v -0.106561 0.474829 -0.005212
v -0.106634 0.475016 -0.005304
v -0.106582 0.475039 -0.005338
v -0.106498 0.474823 -0.005232
v -0.106520 0.475034 -0.005358
v -0.106447 0.474847 -0.005266
v -0.106420 0.474893 -0.005305
v -0.106462 0.475001 -0.005358
v -0.106426 0.474949 -0.005339
v -0.106228 0.475793 -0.004016
v -0.106189 0.475746 -0.003990
v -0.106236 0.475846 -0.004057
v -0.106211 0.475890 -0.004102
v -0.106128 0.475716 -0.003985
v -0.106582 0.487739 0.002470
v -0.106030 0.484758 0.001476
v -0.106593 0.487757 0.002398
v -0.106004 0.484785 0.001412
v -0.106566 0.487780 0.002332
v -0.106159 0.475913 -0.004138
v -0.106537 0.487733 0.002530
v -0.106019 0.484736 0.001545
v -0.106063 0.475712 -0.004002
v -0.105947 0.484808 0.001371
v -0.106508 0.487804 0.002290
v -0.106468 0.487739 0.002560
v -0.105973 0.484723 0.001602
v -0.106094 0.475909 -0.004156
v -0.105875 0.484822 0.001364
v -0.106435 0.487821 0.002283
v -0.106011 0.475736 -0.004038
v -0.106034 0.475880 -0.004150
v -0.106395 0.487757 0.002553
v -0.105904 0.484724 0.001630
v -0.105986 0.475779 -0.004083
v -0.105994 0.475832 -0.004124
v -0.105807 0.484823 0.001392
v -0.106367 0.487828 0.002314
v -0.106338 0.487780 0.002512
v -0.105832 0.484738 0.001622
v -0.105761 0.484810 0.001448
v -0.106321 0.487821 0.002373
v -0.106311 0.487804 0.002446
v -0.105775 0.484761 0.001581
v -0.105749 0.484787 0.001518
v -0.105888 0.476918 -0.002820
v -0.105846 0.476876 -0.002786
v -0.105898 0.476965 -0.002869
v -0.105874 0.477006 -0.002918
v -0.105783 0.476851 -0.002775
v -0.105821 0.477029 -0.002955
v -0.105716 0.476850 -0.002790
v -0.105754 0.477028 -0.002971
v -0.105663 0.476873 -0.002827
v -0.105691 0.477003 -0.002960
v -0.105711 0.482224 0.000476
v -0.105686 0.482254 0.000414
v -0.105638 0.476914 -0.002877
v -0.105648 0.476962 -0.002925
v -0.105699 0.482195 0.000541
v -0.105630 0.482277 0.000374
v -0.105653 0.482176 0.000594
v -0.105559 0.482287 0.000365
v -0.105665 0.478330 -0.001654
v -0.105677 0.478372 -0.001709
v -0.105585 0.482171 0.000619
v -0.105621 0.478296 -0.001612
v -0.105653 0.478409 -0.001763
v -0.105491 0.482281 0.000391
v -0.105556 0.478277 -0.001596
v -0.105514 0.482181 0.000611
v -0.105599 0.478432 -0.001801
v -0.105445 0.482262 0.000443
v -0.105487 0.478279 -0.001608
v -0.105458 0.482204 0.000570
v -0.105530 0.478434 -0.001814
v -0.105433 0.482233 0.000509
v -0.105433 0.478302 -0.001647
v -0.105604 0.480110 -0.000590
v -0.105579 0.480143 -0.000648
v -0.105409 0.478339 -0.001701
v -0.105465 0.478415 -0.001797
v -0.105420 0.478381 -0.001756
v -0.105592 0.480075 -0.000529
v -0.105546 0.480048 -0.000482
v -0.105525 0.480166 -0.000688
v -0.105479 0.480036 -0.000460
v -0.105454 0.480172 -0.000698
v -0.105409 0.480042 -0.000470
v -0.105388 0.480160 -0.000677
v -0.105354 0.480065 -0.000510
v -0.105342 0.480133 -0.000629
v -0.105330 0.480098 -0.000568
v -0.127363 0.682359 0.025249
v -0.127424 0.680378 0.025469
v -0.127417 0.682230 0.024846
v -0.127263 0.680256 0.025105
v -0.127372 0.680511 0.025861
v -0.127334 0.678244 0.026204
v -0.127176 0.678129 0.025846
v -0.127251 0.682100 0.024475
v -0.127106 0.682454 0.025576
v -0.127283 0.678377 0.026585
v -0.127120 0.680620 0.026175
v -0.127157 0.675881 0.027023
v -0.127003 0.675773 0.026672
v -0.127107 0.676014 0.027394
v -0.127037 0.678494 0.026888
v -0.126931 0.680178 0.024865
v -0.126852 0.678063 0.025609
v -0.126912 0.682005 0.024235
v -0.126687 0.675717 0.026437
v -0.126907 0.673347 0.027898
v -0.126757 0.673245 0.027555
v -0.126868 0.676134 0.027688
v -0.126858 0.673476 0.028261
v -0.126713 0.682489 0.025739
v -0.126736 0.680676 0.026327
v -0.126662 0.678562 0.027032
v -0.126449 0.673196 0.027323
v -0.126517 0.680165 0.024814
v -0.126448 0.678065 0.025554
v -0.126594 0.670698 0.028802
v -0.126449 0.670602 0.028466
v -0.126489 0.681970 0.024190
v -0.126625 0.673597 0.028546
v -0.126547 0.670822 0.029156
v -0.126502 0.676210 0.027825
v -0.126294 0.675728 0.026381
v -0.126149 0.670561 0.028239
v -0.126290 0.682454 0.025694
v -0.126322 0.680662 0.026276
v -0.126066 0.673215 0.027266
v -0.126258 0.678564 0.026977
v -0.126319 0.670943 0.029434
v -0.126269 0.673678 0.028677
v -0.126231 0.667992 0.029707
v -0.126090 0.667903 0.029378
v -0.126185 0.668112 0.030053
v -0.126133 0.680220 0.024966
v -0.126073 0.678133 0.025698
v -0.126109 0.676222 0.027768
v -0.126096 0.682005 0.024353
v -0.125799 0.667868 0.029155
v -0.125776 0.670585 0.028180
v -0.125928 0.675804 0.026517
v -0.125973 0.671027 0.029560
v -0.125963 0.668230 0.030323
v -0.125950 0.682359 0.025454
v -0.125990 0.680584 0.026036
v -0.125710 0.673296 0.027397
v -0.125885 0.673697 0.028619
v -0.125934 0.678498 0.026739
v -0.125830 0.665289 0.030584
v -0.125693 0.665207 0.030263
v -0.125784 0.665402 0.030922
v -0.125436 0.667898 0.029096
v -0.125827 0.678250 0.026001
v -0.125880 0.680329 0.025280
v -0.125793 0.676166 0.027533
v -0.125410 0.665179 0.030043
v -0.125430 0.670669 0.028307
v -0.125689 0.675925 0.026811
v -0.125838 0.682100 0.024679
v -0.125785 0.682230 0.025082
v -0.125828 0.680462 0.025672
v -0.125626 0.668315 0.030444
v -0.125600 0.671051 0.029501
v -0.125568 0.665517 0.031185
v -0.125476 0.673418 0.027682
v -0.125776 0.678383 0.026382
v -0.125578 0.673649 0.028388
v -0.125401 0.662647 0.031405
v -0.125269 0.662574 0.031090
v -0.125639 0.676057 0.027183
v -0.125356 0.662753 0.031735
v -0.125058 0.665213 0.029984
v -0.125099 0.667983 0.029218
v -0.125202 0.670790 0.028584
v -0.124995 0.662553 0.030874
v -0.125428 0.673547 0.028045
v -0.125263 0.668345 0.030386
v -0.125240 0.665603 0.031302
v -0.125300 0.671010 0.029274
v -0.125146 0.662864 0.031991
v -0.125155 0.670914 0.028938
v -0.124730 0.665299 0.030102
v -0.124878 0.668102 0.029488
v -0.124956 0.660126 0.032141
v -0.124829 0.660062 0.031833
v -0.124652 0.662591 0.030815
v -0.124911 0.660223 0.032463
v -0.124972 0.668310 0.030162
v -0.124564 0.660050 0.031621
v -0.124888 0.665637 0.031243
v -0.124827 0.662950 0.032105
v -0.124831 0.668221 0.029833
v -0.124707 0.660329 0.032713
v -0.124514 0.665414 0.030364
v -0.124334 0.662677 0.030929
v -0.124232 0.660092 0.031562
v -0.124605 0.665609 0.031024
v -0.124507 0.657784 0.032764
v -0.124386 0.657733 0.032461
v -0.124462 0.657871 0.033079
v -0.124485 0.662988 0.032046
v -0.124469 0.665528 0.030702
v -0.124130 0.657731 0.032253
v -0.124397 0.660414 0.032823
v -0.124124 0.662788 0.031185
v -0.124263 0.657969 0.033323
v -0.123922 0.660178 0.031672
v -0.124211 0.662967 0.031830
v -0.123809 0.657778 0.032194
v -0.124065 0.655681 0.033244
v -0.123950 0.655647 0.032947
v -0.124079 0.662894 0.031515
v -0.124065 0.660456 0.032764
v -0.124019 0.655752 0.033553
v -0.123962 0.658053 0.033429
v -0.123705 0.655658 0.032742
v -0.123718 0.660283 0.031922
v -0.123824 0.655841 0.033791
v -0.123508 0.657862 0.032301
v -0.123800 0.660444 0.032552
v -0.123395 0.655712 0.032683
v -0.123673 0.660380 0.032244
v -0.123642 0.653875 0.033554
v -0.123534 0.653857 0.033264
v -0.123641 0.658100 0.033370
v -0.123594 0.653931 0.033856
v -0.123532 0.655924 0.033894
v -0.123299 0.653883 0.033062
v -0.123308 0.657961 0.032544
v -0.123404 0.654012 0.034088
v -0.123103 0.655795 0.032787
v -0.123385 0.658098 0.033162
v -0.123263 0.658047 0.032859
v -0.123001 0.653945 0.033003
v -0.123354 0.652739 0.033701
v -0.123248 0.652730 0.033409
v -0.123222 0.655978 0.033836
v -0.123305 0.652790 0.034003
v -0.123016 0.652766 0.033206
v -0.123122 0.654094 0.034188
v -0.122908 0.655883 0.033024
v -0.123115 0.652871 0.034235
v -0.122719 0.654028 0.033103
v -0.122977 0.655989 0.033630
v -0.123037 0.651611 0.033844
v -0.122933 0.651605 0.033551
v -0.122989 0.651663 0.034146
v -0.122720 0.652837 0.033146
v -0.122862 0.655955 0.033333
v -0.122702 0.651647 0.033347
v -0.122823 0.654156 0.034129
v -0.122834 0.652958 0.034334
v -0.122799 0.651748 0.034377
v -0.122528 0.654108 0.033335
v -0.122695 0.650492 0.033983
v -0.122591 0.650489 0.033690
v -0.122408 0.651726 0.033286
v -0.122439 0.652925 0.033245
v -0.122647 0.650545 0.034285
v -0.122588 0.654182 0.033927
v -0.122362 0.650536 0.033486
v -0.122480 0.654164 0.033636
v -0.122538 0.653030 0.034274
v -0.122520 0.651842 0.034475
v -0.122459 0.650633 0.034516
v -0.122129 0.651820 0.033385
v -0.122249 0.653005 0.033477
v -0.122331 0.649381 0.034119
v -0.122227 0.649380 0.033826
v -0.122070 0.650621 0.033424
v -0.122282 0.649434 0.034421
v -0.122000 0.649432 0.033621
v -0.122306 0.653066 0.034071
v -0.122226 0.651920 0.034414
v -0.122181 0.650733 0.034613
v -0.122200 0.653057 0.033779
v -0.122095 0.649525 0.034652
v -0.121939 0.651904 0.033616
v -0.121793 0.650721 0.033521
v -0.121710 0.649522 0.033559
v -0.121947 0.648277 0.034253
v -0.121844 0.648278 0.033960
v -0.121996 0.651962 0.034210
v -0.121899 0.648331 0.034555
v -0.121891 0.651957 0.033918
v -0.121618 0.648334 0.033754
v -0.121889 0.650818 0.034552
v -0.121819 0.649630 0.034749
v -0.121605 0.650809 0.033752
v -0.121712 0.648425 0.034785
v -0.121434 0.649627 0.033656
v -0.121329 0.648429 0.033691
v -0.121660 0.650865 0.034347
v -0.121547 0.647179 0.034385
v -0.121445 0.647182 0.034091
v -0.121556 0.650862 0.034054
v -0.121499 0.647233 0.034687
v -0.121529 0.649721 0.034686
v -0.121220 0.647241 0.033885
v -0.121438 0.648534 0.034882
v -0.121247 0.649719 0.033886
v -0.121313 0.647330 0.034916
v -0.121055 0.648538 0.033788
v -0.121302 0.649773 0.034481
v -0.120932 0.647340 0.033822
v -0.121198 0.649772 0.034188
v -0.121133 0.646088 0.034515
v -0.121032 0.646092 0.034221
v -0.121149 0.648629 0.034819
v -0.121085 0.646142 0.034817
v -0.120808 0.646153 0.034015
v -0.121040 0.647443 0.035012
v -0.120869 0.648632 0.034018
v -0.120660 0.647453 0.033918
v -0.120901 0.646240 0.035046
v -0.120923 0.648685 0.034613
v -0.120821 0.648686 0.034320
v -0.120522 0.646256 0.033951
v -0.120753 0.647542 0.034949
v -0.120710 0.645001 0.034643
v -0.120609 0.645006 0.034350
v -0.120662 0.645055 0.034945
v -0.120474 0.647550 0.034148
v -0.120386 0.645069 0.034143
v -0.120629 0.646356 0.035142
v -0.120250 0.646371 0.034046
v -0.120528 0.647601 0.034743
v -0.120478 0.645155 0.035175
v -0.120426 0.647604 0.034450
v -0.120100 0.645174 0.034079
v -0.120343 0.646458 0.035078
v -0.120279 0.643918 0.034771
v -0.120178 0.643924 0.034477
v -0.120231 0.643973 0.035073
v -0.120065 0.646469 0.034276
v -0.120207 0.645273 0.035270
v -0.119956 0.643988 0.034271
v -0.119829 0.645292 0.034174
v -0.120119 0.646520 0.034872
v -0.120048 0.644073 0.035302
v -0.120017 0.646524 0.034578
v -0.119671 0.644095 0.034206
v -0.119922 0.645377 0.035206
v -0.119845 0.642838 0.034898
v -0.119744 0.642844 0.034605
v -0.119645 0.645391 0.034404
v -0.119797 0.642893 0.035200
v -0.119777 0.644193 0.035398
v -0.119522 0.642910 0.034398
v -0.119698 0.645441 0.034999
v -0.119401 0.644214 0.034301
v -0.119597 0.645446 0.034706
v -0.119613 0.642994 0.035430
v -0.119237 0.643017 0.034333
v -0.119493 0.644299 0.035333
v -0.119409 0.641762 0.035026
v -0.119308 0.641768 0.034732
v -0.119217 0.644315 0.034531
v -0.119361 0.641817 0.035328
v -0.119343 0.643115 0.035525
v -0.119086 0.641833 0.034525
v -0.119270 0.644364 0.035126
v -0.118967 0.643137 0.034429
v -0.119169 0.644369 0.034833
v -0.119178 0.641918 0.035557
v -0.118802 0.641940 0.034461
v -0.119059 0.643222 0.035460
v -0.118975 0.640687 0.035153
v -0.118874 0.640692 0.034860
v -0.118784 0.643238 0.034658
v -0.118927 0.640742 0.035455
v -0.118908 0.642038 0.035652
v -0.118652 0.640757 0.034653
v -0.118837 0.643287 0.035253
v -0.118531 0.642060 0.034556
v -0.118736 0.643293 0.034960
v -0.118744 0.640843 0.035685
v -0.118367 0.640864 0.034589
v -0.118623 0.642146 0.035587
v -0.118726 0.640064 0.035227
v -0.118625 0.640069 0.034934
v -0.118348 0.642162 0.034785
v -0.118678 0.640118 0.035529
v -0.118473 0.640962 0.035780
v -0.118402 0.640132 0.034727
v -0.118401 0.642211 0.035381
v -0.118097 0.640983 0.034684
v -0.118300 0.642217 0.035087
v -0.118549 0.639611 0.035281
v -0.118448 0.639615 0.034988
v -0.118494 0.640218 0.035758
v -0.118501 0.639665 0.035582
v -0.118117 0.640237 0.034663
v -0.118224 0.639677 0.034782
v -0.118189 0.641069 0.035715
v -0.118435 0.639309 0.035316
v -0.118334 0.639312 0.035023
v -0.117913 0.641084 0.034913
v -0.118447 0.639175 0.035294
v -0.118489 0.639257 0.035283
v -0.118459 0.639313 0.035585
v -0.118337 0.639194 0.035006
v -0.118294 0.639164 0.035614
v -0.118380 0.639277 0.034996
v -0.118297 0.639080 0.035318
v -0.118316 0.639762 0.035812
v -0.118387 0.639361 0.035617
v -0.118447 0.639912 0.035565
v -0.118271 0.638548 0.035367
v -0.118480 0.639942 0.035260
v -0.117775 0.640056 0.035634
v -0.118169 0.638555 0.035090
v -0.118386 0.639879 0.034974
v -0.117698 0.640110 0.035340
v -0.118224 0.640336 0.035854
v -0.118417 0.639231 0.035596
v -0.118393 0.639072 0.035308
v -0.118284 0.639092 0.035020
v -0.118298 0.639431 0.035820
v -0.118211 0.639364 0.035835
v -0.118109 0.639370 0.034818
v -0.118227 0.638587 0.035656
v -0.118294 0.639797 0.035806
v -0.117912 0.639879 0.035846
v -0.118379 0.639148 0.035334
v -0.118276 0.639148 0.035042
v -0.118364 0.639129 0.035610
v -0.118255 0.639347 0.035832
v -0.118331 0.638960 0.035323
v -0.118224 0.638985 0.035034
v -0.118329 0.639196 0.035636
v -0.118357 0.639401 0.035318
v -0.118254 0.639359 0.035029
v -0.118116 0.639284 0.034810
v -0.118220 0.639134 0.035024
v -0.118160 0.639368 0.034799
v -0.118201 0.639454 0.035847
v -0.117949 0.638606 0.034899
v -0.118189 0.639740 0.034782
v -0.117701 0.640026 0.035044
v -0.117938 0.639779 0.034718
v -0.117966 0.641134 0.035509
v -0.118303 0.639020 0.035625
v -0.118203 0.639247 0.035845
v -0.118307 0.639399 0.035623
v -0.117728 0.639822 0.035358
v -0.117703 0.639729 0.035064
v -0.117846 0.640355 0.034759
v -0.117865 0.641139 0.035215
v -0.117862 0.638636 0.035400
v -0.117818 0.638701 0.035101
v -0.118064 0.639184 0.034823
v -0.118139 0.639279 0.035867
v -0.118048 0.639195 0.034838
v -0.117874 0.637343 0.035468
v -0.117778 0.637351 0.035203
v -0.118148 0.639150 0.035859
v -0.117887 0.638730 0.035694
v -0.117618 0.639311 0.035683
v -0.117524 0.639248 0.035397
v -0.118010 0.639088 0.034836
v -0.118026 0.639285 0.034834
v -0.117816 0.639450 0.035875
v -0.118117 0.639354 0.035863
v -0.117771 0.639757 0.035657
v -0.118048 0.639578 0.035926
v -0.118045 0.639877 0.035907
v -0.118050 0.638662 0.035880
v -0.118067 0.639626 0.035920
v -0.118004 0.639492 0.035937
v -0.117702 0.639501 0.034855
v -0.117832 0.637377 0.035745
v -0.117769 0.638907 0.034876
v -0.118083 0.639312 0.034812
v -0.117557 0.639278 0.035092
v -0.117953 0.639396 0.035951
v -0.117927 0.639564 0.035943
v -0.117821 0.639466 0.034754
v -0.117939 0.640441 0.035790
v -0.117671 0.638688 0.034846
v -0.117784 0.639826 0.034823
v -0.117941 0.639562 0.034737
v -0.117568 0.637401 0.035021
v -0.117844 0.639419 0.034758
v -0.117924 0.639565 0.034739
v -0.117888 0.639505 0.034747
v -0.117907 0.639313 0.035962
v -0.117888 0.638957 0.035903
v -0.117838 0.639278 0.035974
v -0.117861 0.639374 0.035964
v -0.117794 0.639324 0.034770
v -0.117863 0.639258 0.035972
v -0.117821 0.639551 0.035882
v -0.117756 0.639278 0.034776
v -0.117667 0.639894 0.034813
v -0.117663 0.640455 0.034988
v -0.117710 0.639393 0.034851
v -0.117748 0.639241 0.034781
v -0.117787 0.638752 0.035979
v -0.117662 0.637446 0.035959
v -0.117777 0.639715 0.035873
v -0.117759 0.639979 0.035844
v -0.117730 0.639199 0.034786
v -0.117731 0.639627 0.035885
v -0.117302 0.637479 0.034970
v -0.117683 0.639536 0.035898
v -0.117408 0.638778 0.034945
v -0.117548 0.639576 0.034851
v -0.117716 0.640504 0.035583
v -0.117639 0.639652 0.034852
v -0.117639 0.639661 0.035880
v -0.117644 0.639467 0.035908
v -0.117615 0.640509 0.035290
v -0.117316 0.639116 0.035730
v -0.117213 0.639075 0.035441
v -0.117545 0.639191 0.035925
v -0.117593 0.639564 0.034864
v -0.117399 0.635866 0.035581
v -0.117307 0.635875 0.035328
v -0.117264 0.639077 0.035135
v -0.117569 0.639456 0.035903
v -0.117358 0.635897 0.035846
v -0.117544 0.639473 0.034875
v -0.117482 0.639991 0.035043
v -0.117454 0.639122 0.034895
v -0.117508 0.638834 0.035926
v -0.117478 0.639373 0.034874
v -0.117431 0.639570 0.035709
v -0.117107 0.635923 0.035155
v -0.117410 0.637531 0.036054
v -0.117507 0.639405 0.034884
v -0.117231 0.638853 0.035169
v -0.117557 0.639806 0.035677
v -0.117510 0.639717 0.035689
v -0.117351 0.639534 0.035118
v -0.117324 0.639594 0.035420
v -0.117477 0.639769 0.035087
v -0.117535 0.640041 0.035637
v -0.117447 0.639825 0.035389
v -0.117463 0.639628 0.035701
v -0.117195 0.635962 0.036050
v -0.117049 0.637563 0.035065
v -0.117362 0.639669 0.035080
v -0.117434 0.640045 0.035344
v -0.117430 0.639680 0.035099
v -0.117415 0.639718 0.035675
v -0.117289 0.638885 0.035735
v -0.117383 0.639592 0.035111
v -0.116853 0.635997 0.035106
v -0.117341 0.639504 0.035699
v -0.117187 0.638892 0.035458
v -0.117288 0.639456 0.035104
v -0.117143 0.637608 0.036003
v -0.117400 0.639736 0.035401
v -0.117313 0.639721 0.035382
v -0.117354 0.639648 0.035413
v -0.116866 0.634189 0.035702
v -0.116779 0.634199 0.035461
v -0.116955 0.636041 0.036141
v -0.116879 0.637632 0.035279
v -0.116827 0.634218 0.035954
v -0.117238 0.639504 0.035406
v -0.116589 0.634245 0.035296
v -0.116612 0.636076 0.035197
v -0.116933 0.637658 0.035821
v -0.116837 0.637666 0.035556
v -0.116672 0.634278 0.036149
v -0.116700 0.636115 0.036092
v -0.116347 0.634314 0.035250
v -0.116449 0.636141 0.035401
v -0.116443 0.634354 0.036235
v -0.116500 0.636163 0.035919
v -0.116408 0.636172 0.035666
v -0.116298 0.632383 0.035827
v -0.116215 0.632393 0.035598
v -0.116117 0.634389 0.035336
v -0.116260 0.632410 0.036066
v -0.116035 0.632436 0.035441
v -0.116200 0.634423 0.036189
v -0.116113 0.632467 0.036251
v -0.115962 0.634450 0.035531
v -0.115805 0.632502 0.035397
v -0.116010 0.634469 0.036023
v -0.115895 0.632537 0.036333
v -0.115923 0.634479 0.035783
v -0.115586 0.632573 0.035479
v -0.115715 0.630518 0.035951
v -0.115637 0.630528 0.035734
v -0.115679 0.630544 0.036177
v -0.115466 0.630569 0.035585
v -0.115665 0.632603 0.036289
v -0.115539 0.630596 0.036352
v -0.115439 0.632630 0.035664
v -0.115248 0.630631 0.035544
v -0.115484 0.632647 0.036132
v -0.115401 0.632657 0.035903
v -0.115333 0.630663 0.036430
v -0.115041 0.630698 0.035621
v -0.115139 0.628666 0.036070
v -0.115065 0.628675 0.035865
v -0.115105 0.628689 0.036283
v -0.115115 0.630725 0.036388
v -0.114904 0.628714 0.035725
v -0.114901 0.630751 0.035797
v -0.114973 0.628738 0.036449
v -0.114944 0.630767 0.036240
v -0.114698 0.628772 0.035686
v -0.114866 0.630776 0.036023
v -0.114778 0.628801 0.036522
v -0.114503 0.628835 0.035759
v -0.114591 0.626896 0.036180
v -0.114522 0.626904 0.035988
v -0.114560 0.626917 0.036381
v -0.114572 0.628859 0.036483
v -0.114370 0.626941 0.035856
v -0.114371 0.628884 0.035925
v -0.114435 0.626963 0.036537
v -0.114411 0.628898 0.036343
v -0.114177 0.626996 0.035819
v -0.114337 0.628907 0.036138
v -0.114251 0.627021 0.036606
v -0.113993 0.627054 0.035888
v -0.114094 0.625279 0.036278
v -0.114029 0.625287 0.036098
v -0.114058 0.627075 0.036569
v -0.114064 0.625298 0.036466
v -0.113887 0.625321 0.035974
v -0.113868 0.627100 0.036044
v -0.113947 0.625340 0.036612
v -0.113906 0.627112 0.036437
v -0.113705 0.625372 0.035940
v -0.113836 0.627121 0.036245
v -0.113774 0.625394 0.036677
v -0.113533 0.625425 0.036004
v -0.113667 0.623886 0.036359
v -0.113607 0.623894 0.036190
v -0.113639 0.623903 0.036534
v -0.113593 0.625445 0.036642
v -0.113474 0.623925 0.036075
v -0.113416 0.625468 0.036150
v -0.113530 0.623942 0.036670
v -0.113450 0.625479 0.036519
v -0.113304 0.623972 0.036043
v -0.113386 0.625487 0.036338
v -0.113369 0.623991 0.036731
v -0.113143 0.624021 0.036103
v -0.113334 0.622788 0.036418
v -0.113278 0.622796 0.036262
v -0.113307 0.622803 0.036581
v -0.113154 0.622824 0.036155
v -0.113199 0.624037 0.036699
v -0.113205 0.622837 0.036707
v -0.113034 0.624059 0.036240
v -0.112997 0.622866 0.036126
v -0.113066 0.624068 0.036583
v -0.113006 0.624077 0.036415
v -0.113055 0.622880 0.036763
v -0.113117 0.622066 0.036452
v -0.113065 0.622074 0.036308
v -0.113091 0.622075 0.036603
v -0.112847 0.622909 0.036182
v -0.112951 0.622097 0.036210
v -0.112995 0.622098 0.036719
v -0.112898 0.622922 0.036734
v -0.112804 0.622129 0.036183
v -0.112745 0.622943 0.036308
v -0.112964 0.621336 0.036453
v -0.112917 0.621345 0.036321
v -0.112939 0.621337 0.036591
v -0.112811 0.621362 0.036231
v -0.112855 0.622130 0.036771
v -0.112774 0.622950 0.036627
v -0.112718 0.622958 0.036471
v -0.112849 0.621349 0.036698
v -0.112663 0.622161 0.036235
v -0.112802 0.620190 0.036420
v -0.112760 0.620199 0.036300
v -0.112779 0.620188 0.036546
v -0.112675 0.621382 0.036206
v -0.112664 0.620213 0.036218
v -0.112708 0.622162 0.036744
v -0.112719 0.621367 0.036746
v -0.112697 0.620193 0.036643
v -0.112568 0.622185 0.036352
v -0.112635 0.618715 0.036359
v -0.112597 0.618724 0.036252
v -0.112539 0.620227 0.036196
v -0.112544 0.621400 0.036254
v -0.112614 0.618712 0.036472
v -0.112510 0.618735 0.036178
v -0.112593 0.622185 0.036646
v -0.112542 0.622193 0.036502
v -0.112578 0.620205 0.036686
v -0.112540 0.618715 0.036560
v -0.112582 0.621387 0.036721
v -0.112397 0.618746 0.036157
v -0.112420 0.620238 0.036239
v -0.112454 0.621412 0.036361
v -0.112461 0.616996 0.036277
v -0.112427 0.617003 0.036181
v -0.112443 0.616992 0.036377
v -0.112350 0.617013 0.036115
v -0.112453 0.620219 0.036663
v -0.112432 0.618723 0.036598
v -0.112476 0.621404 0.036631
v -0.112430 0.621413 0.036499
v -0.112377 0.616994 0.036455
v -0.112290 0.618754 0.036196
v -0.112338 0.620244 0.036336
v -0.112250 0.617023 0.036097
v -0.112357 0.620232 0.036581
v -0.112252 0.615121 0.036096
v -0.112185 0.615129 0.036039
v -0.112282 0.615114 0.036180
v -0.112266 0.615110 0.036268
v -0.112320 0.618734 0.036578
v -0.112281 0.617000 0.036489
v -0.112216 0.618757 0.036283
v -0.112315 0.620241 0.036461
v -0.112155 0.617029 0.036132
v -0.112208 0.615111 0.036336
v -0.112097 0.615137 0.036023
v -0.112233 0.618745 0.036504
v -0.112181 0.617009 0.036471
v -0.112195 0.618754 0.036396
v -0.112097 0.613151 0.036074
v -0.112072 0.613157 0.036003
v -0.112124 0.615117 0.036366
v -0.112089 0.617030 0.036209
v -0.112083 0.613148 0.036149
v -0.112014 0.613164 0.035953
v -0.112014 0.615142 0.036053
v -0.112104 0.617019 0.036405
v -0.112034 0.613149 0.036208
v -0.112070 0.617027 0.036310
v -0.111939 0.613171 0.035940
v -0.112037 0.615125 0.036350
v -0.111956 0.615144 0.036121
v -0.111907 0.611188 0.035967
v -0.111885 0.611193 0.035907
v -0.111895 0.611185 0.036029
v -0.111962 0.613153 0.036233
v -0.111867 0.613176 0.035965
v -0.111969 0.615133 0.036292
v -0.111940 0.615140 0.036208
v -0.111837 0.611200 0.035866
v -0.111854 0.611186 0.036078
v -0.111887 0.613160 0.036220
v -0.111775 0.611206 0.035855
v -0.111818 0.613177 0.036024
v -0.111794 0.611190 0.036099
v -0.111829 0.613168 0.036171
v -0.111804 0.613174 0.036099
v -0.111715 0.611210 0.035876
v -0.111694 0.609310 0.035816
v -0.111710 0.609306 0.035864
v -0.111655 0.609316 0.035783
v -0.111701 0.609304 0.035914
v -0.111732 0.611196 0.036088
v -0.111674 0.611211 0.035925
v -0.111668 0.609305 0.035953
v -0.111605 0.609321 0.035774
v -0.111683 0.611203 0.036047
v -0.111662 0.611208 0.035987
v -0.111620 0.609309 0.035970
v -0.111557 0.609325 0.035791
v -0.111570 0.609314 0.035961
v -0.111467 0.607594 0.035711
v -0.111430 0.607599 0.035705
v -0.111496 0.607589 0.035736
v -0.111509 0.607586 0.035772
v -0.111502 0.607585 0.035810
v -0.111477 0.607586 0.035839
v -0.111524 0.609326 0.035830
v -0.111515 0.609324 0.035880
v -0.111532 0.609320 0.035928
v -0.111441 0.607590 0.035852
v -0.111394 0.607602 0.035718
v -0.111404 0.607594 0.035845
v -0.111369 0.607603 0.035747
v -0.111293 0.606111 0.035674
v -0.111273 0.606115 0.035657
v -0.111301 0.606109 0.035698
v -0.111296 0.606109 0.035723
v -0.111362 0.607602 0.035784
v -0.111375 0.607599 0.035820
v -0.111280 0.606110 0.035742
v -0.111249 0.606119 0.035653
v -0.111225 0.606122 0.035661
v -0.111256 0.606113 0.035751
v -0.111208 0.606123 0.035681
v -0.111231 0.606117 0.035746
v -0.111204 0.606123 0.035706
v -0.111212 0.606120 0.035730
v -0.111074 0.604960 0.035627
v -0.111062 0.604963 0.035625
v -0.111084 0.604958 0.035635
v -0.111088 0.604956 0.035647
v -0.111086 0.604956 0.035660
v -0.111077 0.604958 0.035669
v -0.111050 0.604965 0.035629
v -0.111066 0.604960 0.035674
v -0.111042 0.604966 0.035639
v -0.111053 0.604963 0.035672
v -0.111040 0.604966 0.035651
v -0.111044 0.604965 0.035663
usemtl Descending_branch_of_lateral_circumflex_femoral_artery_rMaterial0
f 1 2 3
f 4 2 1
f 5 1 6
f 7 1 5
f 1 3 6
f 7 4 1
f 8 9 2
f 2 9 10
f 2 10 3
f 4 8 2
f 8 11 9
f 9 12 10
f 11 13 9
f 9 13 12
f 5 6 14
f 15 5 14
f 16 7 5
f 16 5 15
f 6 3 17
f 14 6 18
f 6 17 18
f 3 10 19
f 3 19 17
f 20 8 4
f 21 11 8
f 20 21 8
f 22 4 7
f 22 20 4
f 10 12 23
f 10 23 19
f 15 14 24
f 24 14 25
f 14 18 25
f 11 26 13
f 27 26 11
f 21 27 11
f 28 7 16
f 28 22 7
f 13 29 12
f 26 30 13
f 13 30 29
f 31 15 24
f 32 16 15
f 32 15 31
f 12 29 33
f 12 33 23
f 26 34 30
f 27 35 26
f 35 34 26
f 24 25 36
f 31 24 37
f 37 24 36
f 18 17 38
f 17 19 39
f 17 39 38
f 25 18 40
f 18 38 40
f 41 28 16
f 41 16 32
f 30 42 29
f 34 43 30
f 30 43 42
f 44 21 20
f 45 27 21
f 44 45 21
f 46 20 22
f 46 44 20
f 19 23 47
f 19 47 39
f 36 25 48
f 25 40 48
f 49 35 27
f 45 49 27
f 50 22 28
f 50 46 22
f 29 42 51
f 29 51 33
f 34 52 43
f 35 53 34
f 53 52 34
f 54 31 37
f 55 32 31
f 55 31 54
f 23 33 56
f 23 56 47
f 43 57 42
f 52 58 43
f 43 58 57
f 59 53 35
f 49 59 35
f 37 36 60
f 36 48 61
f 60 36 61
f 62 37 60
f 54 37 62
f 63 28 41
f 63 50 28
f 64 41 32
f 64 32 55
f 42 65 51
f 42 57 65
f 53 66 52
f 52 67 58
f 66 67 52
f 40 38 68
f 38 39 69
f 38 69 68
f 48 40 70
f 40 68 70
f 33 51 71
f 33 71 56
f 72 66 53
f 59 72 53
f 73 45 44
f 74 49 45
f 73 74 45
f 75 44 46
f 75 73 44
f 39 47 76
f 39 76 69
f 61 48 77
f 48 70 77
f 78 59 49
f 74 78 49
f 79 46 50
f 79 75 46
f 60 61 80
f 62 60 81
f 81 60 80
f 47 56 82
f 47 82 76
f 58 83 57
f 67 84 58
f 58 84 83
f 51 65 85
f 51 85 71
f 86 63 41
f 86 41 64
f 66 87 67
f 72 88 66
f 88 87 66
f 89 72 59
f 78 89 59
f 90 54 62
f 91 55 54
f 91 54 90
f 61 77 92
f 80 61 92
f 57 93 65
f 57 83 93
f 67 94 84
f 87 94 67
f 95 50 63
f 95 79 50
f 96 62 81
f 90 62 96
f 97 64 55
f 97 55 91
f 56 71 98
f 56 98 82
f 70 68 99
f 68 69 100
f 68 100 99
f 77 70 101
f 70 99 101
f 102 88 72
f 89 102 72
f 103 74 73
f 104 78 74
f 103 104 74
f 105 73 75
f 105 103 73
f 69 76 106
f 69 106 100
f 92 77 107
f 77 101 107
f 108 89 78
f 104 108 78
f 109 75 79
f 109 105 75
f 65 93 110
f 65 110 85
f 84 111 83
f 94 112 84
f 84 112 111
f 88 113 87
f 87 114 94
f 113 114 87
f 71 85 115
f 71 115 98
f 76 82 116
f 76 116 106
f 81 80 117
f 80 92 118
f 117 80 118
f 102 119 88
f 119 113 88
f 108 120 89
f 120 102 89
f 121 95 63
f 121 63 86
f 96 81 122
f 122 81 117
f 123 86 64
f 123 64 97
f 83 124 93
f 83 111 124
f 114 125 94
f 94 125 112
f 101 99 126
f 99 100 127
f 99 127 126
f 92 107 128
f 118 92 128
f 107 101 129
f 101 126 129
f 129 104 103
f 126 108 104
f 129 126 104
f 130 129 103
f 130 103 105
f 131 109 79
f 131 79 95
f 100 132 127
f 100 106 132
f 82 98 133
f 82 133 116
f 126 127 108
f 127 120 108
f 107 129 130
f 128 107 130
f 120 134 102
f 134 119 102
f 135 130 105
f 135 105 109
f 136 90 96
f 137 91 90
f 137 90 136
f 127 132 120
f 106 138 132
f 106 116 138
f 132 134 120
f 128 130 135
f 93 139 110
f 93 124 139
f 140 96 122
f 136 96 140
f 85 110 141
f 85 141 115
f 113 142 114
f 114 143 125
f 142 143 114
f 144 97 91
f 144 91 137
f 112 145 111
f 125 146 112
f 112 146 145
f 119 147 113
f 147 142 113
f 98 148 133
f 98 115 148
f 118 128 149
f 149 128 135
f 134 150 119
f 150 147 119
f 132 138 134
f 151 135 109
f 151 109 131
f 117 118 152
f 152 118 149
f 153 131 95
f 153 95 121
f 122 117 154
f 154 117 152
f 111 155 124
f 111 145 155
f 143 156 125
f 125 156 146
f 116 157 138
f 116 133 157
f 138 150 134
f 158 121 86
f 158 86 123
f 149 135 151
f 138 157 150
f 159 122 154
f 140 122 159
f 110 139 160
f 110 160 141
f 133 161 157
f 133 148 161
f 162 123 97
f 162 97 144
f 124 163 139
f 124 155 163
f 150 164 147
f 157 164 150
f 142 165 143
f 143 166 156
f 165 166 143
f 147 167 142
f 167 165 142
f 115 168 148
f 115 141 168
f 169 149 151
f 152 149 169
f 164 167 147
f 170 151 131
f 170 131 153
f 146 171 145
f 156 172 146
f 146 172 171
f 157 161 164
f 169 151 170
f 145 173 155
f 145 171 173
f 154 152 174
f 174 152 169
f 166 175 156
f 156 175 172
f 176 153 121
f 176 121 158
f 148 177 161
f 148 168 177
f 164 178 167
f 161 178 164
f 179 136 140
f 180 137 136
f 180 136 179
f 139 181 160
f 139 163 181
f 141 182 168
f 141 160 182
f 167 183 165
f 165 184 166
f 183 184 165
f 178 183 167
f 159 154 185
f 185 154 174
f 155 186 163
f 155 173 186
f 166 187 175
f 184 187 166
f 161 177 178
f 188 158 123
f 188 123 162
f 189 140 159
f 179 140 189
f 190 144 137
f 190 137 180
f 191 169 170
f 174 169 191
f 192 170 153
f 192 153 176
f 172 193 171
f 175 194 172
f 172 194 193
f 171 195 173
f 171 193 195
f 168 196 177
f 168 182 196
f 191 170 192
f 187 197 175
f 175 197 194
f 178 198 183
f 177 198 178
f 160 199 182
f 160 181 199
f 183 200 184
f 198 200 183
f 163 201 181
f 163 186 201
f 177 196 198
f 202 159 185
f 189 159 202
f 184 203 187
f 200 203 184
f 204 162 144
f 204 144 190
f 205 174 191
f 185 174 205
f 173 206 186
f 173 195 206
f 207 176 158
f 207 158 188
f 187 208 197
f 203 208 187
f 182 209 196
f 182 199 209
f 196 210 198
f 198 210 200
f 196 209 210
f 181 211 199
f 181 201 211
f 194 212 193
f 197 213 194
f 194 213 212
f 200 214 203
f 210 214 200
f 193 215 195
f 193 212 215
f 216 191 192
f 205 191 216
f 208 217 197
f 197 217 213
f 186 218 201
f 186 206 218
f 219 192 176
f 219 176 207
f 220 185 205
f 202 185 220
f 203 221 208
f 214 221 203
f 222 188 162
f 222 162 204
f 216 192 219
f 199 223 209
f 199 211 223
f 209 224 210
f 210 224 214
f 225 179 189
f 226 180 179
f 226 179 225
f 195 227 206
f 195 215 227
f 221 228 208
f 208 228 217
f 209 223 224
f 229 189 202
f 225 189 229
f 230 190 180
f 230 180 226
f 201 231 211
f 201 218 231
f 214 232 221
f 224 232 214
f 233 205 216
f 220 205 233
f 206 234 218
f 206 227 234
f 213 235 212
f 217 236 213
f 213 236 235
f 221 237 228
f 232 237 221
f 238 207 188
f 238 188 222
f 211 239 223
f 211 231 239
f 223 240 224
f 224 240 232
f 212 241 215
f 212 235 241
f 242 202 220
f 229 202 242
f 228 243 217
f 217 243 236
f 223 239 240
f 244 204 190
f 244 190 230
f 215 245 227
f 215 241 245
f 218 246 231
f 218 234 246
f 237 247 228
f 228 247 243
f 240 248 232
f 232 248 237
f 249 216 219
f 233 216 249
f 250 219 207
f 250 207 238
f 249 219 250
f 231 251 239
f 231 246 251
f 239 252 240
f 240 252 248
f 253 220 233
f 242 220 253
f 227 254 234
f 227 245 254
f 248 255 237
f 237 255 247
f 239 251 252
f 256 222 204
f 256 204 244
f 236 257 235
f 243 258 236
f 236 258 257
f 235 259 241
f 235 257 259
f 247 260 243
f 243 260 258
f 234 261 246
f 234 254 261
f 252 262 248
f 248 262 255
f 241 263 245
f 241 259 263
f 255 264 247
f 247 264 260
f 265 233 249
f 253 233 265
f 246 266 251
f 246 261 266
f 267 238 222
f 267 222 256
f 251 268 252
f 252 268 262
f 269 225 229
f 270 226 225
f 270 225 269
f 251 266 268
f 271 229 242
f 269 229 271
f 272 230 226
f 272 226 270
f 245 273 254
f 245 263 273
f 262 274 255
f 255 274 264
f 275 249 250
f 265 249 275
f 276 250 238
f 276 238 267
f 254 277 261
f 254 273 277
f 275 250 276
f 278 242 253
f 271 242 278
f 268 279 262
f 262 279 274
f 258 280 257
f 260 281 258
f 258 281 280
f 282 244 230
f 282 230 272
f 257 283 259
f 257 280 283
f 264 284 260
f 260 284 281
f 261 285 266
f 261 277 285
f 266 286 268
f 268 286 279
f 259 287 263
f 259 283 287
f 266 285 286
f 274 288 264
f 264 288 284
f 289 253 265
f 278 253 289
f 290 256 244
f 290 244 282
f 263 291 273
f 263 287 291
f 279 292 274
f 274 292 288
f 273 293 277
f 273 291 293
f 286 294 279
f 279 294 292
f 295 265 275
f 289 265 295
f 277 296 285
f 277 293 296
f 297 267 256
f 297 256 290
f 285 298 286
f 286 298 294
f 281 299 280
f 284 300 281
f 281 300 299
f 285 296 298
f 280 301 283
f 280 299 301
f 288 302 284
f 284 302 300
f 283 303 287
f 283 301 303
f 304 275 276
f 295 275 304
f 292 305 288
f 288 305 302
f 306 276 267
f 306 267 297
f 304 276 306
f 287 307 291
f 287 303 307
f 308 269 271
f 309 270 269
f 309 269 308
f 294 310 292
f 292 310 305
f 311 271 278
f 308 271 311
f 312 272 270
f 312 270 309
f 291 313 293
f 291 307 313
f 298 314 294
f 294 314 310
f 296 315 298
f 298 315 314
f 293 316 296
f 293 313 316
f 317 278 289
f 311 278 317
f 318 282 272
f 318 272 312
f 296 316 315
f 300 319 299
f 302 320 300
f 300 320 319
f 299 321 301
f 299 319 321
f 305 322 302
f 302 322 320
f 323 289 295
f 317 289 323
f 301 324 303
f 301 321 324
f 325 290 282
f 325 282 318
f 310 326 305
f 305 326 322
f 303 327 307
f 303 324 327
f 314 328 310
f 310 328 326
f 329 295 304
f 323 295 329
f 307 330 313
f 307 327 330
f 331 297 290
f 331 290 325
f 315 332 314
f 314 332 328
f 313 333 316
f 313 330 333
f 316 334 315
f 315 334 332
f 316 333 334
f 335 304 306
f 329 304 335
f 336 306 297
f 336 297 331
f 335 306 336
f 320 337 319
f 322 338 320
f 320 338 337
f 319 339 321
f 319 337 339
f 326 340 322
f 322 340 338
f 321 341 324
f 321 339 341
f 328 342 326
f 326 342 340
f 343 309 308
f 344 308 311
f 343 308 344
f 324 345 327
f 324 341 345
f 346 312 309
f 346 309 343
f 347 311 317
f 344 311 347
f 332 348 328
f 328 348 342
f 327 349 330
f 327 345 349
f 334 350 332
f 332 350 348
f 338 351 337
f 340 352 338
f 338 352 351
f 353 318 312
f 353 312 346
f 354 317 323
f 347 317 354
f 337 355 339
f 337 351 355
f 330 356 333
f 330 349 356
f 342 357 340
f 340 357 352
f 333 358 334
f 334 358 350
f 333 356 358
f 339 359 341
f 339 355 359
f 348 360 342
f 342 360 357
f 341 361 345
f 341 359 361
f 350 362 348
f 348 362 360
f 363 325 318
f 363 318 353
f 352 364 351
f 357 365 352
f 352 365 364
f 366 323 329
f 354 323 366
f 351 367 355
f 351 364 367
f 360 368 357
f 357 368 365
f 345 369 349
f 345 361 369
f 358 370 350
f 350 370 362
f 355 371 359
f 355 367 371
f 360 372 368
f 362 372 360
f 349 373 356
f 349 369 373
f 356 374 358
f 358 374 370
f 365 375 364
f 368 376 365
f 365 376 375
f 356 373 374
f 364 377 367
f 364 375 377
f 368 378 376
f 372 378 368
f 359 379 361
f 359 371 379
f 362 380 372
f 370 380 362
f 376 381 375
f 378 382 376
f 376 382 381
f 367 377 383
f 367 383 371
f 384 329 335
f 366 329 384
f 385 331 325
f 385 325 363
f 375 381 386
f 375 386 377
f 378 387 382
f 382 388 389
f 387 388 382
f 382 389 381
f 372 390 378
f 390 387 378
f 380 390 372
f 388 391 392
f 393 391 388
f 388 392 389
f 387 393 388
f 391 394 392
f 393 395 391
f 395 396 391
f 391 396 394
f 381 389 397
f 381 397 386
f 389 392 398
f 392 394 399
f 392 399 398
f 400 393 387
f 401 395 393
f 400 401 393
f 389 398 397
f 390 400 387
f 361 402 369
f 361 379 402
f 395 403 396
f 404 403 395
f 401 404 395
f 403 405 396
f 396 406 394
f 396 405 406
f 377 386 407
f 377 407 383
f 370 408 380
f 374 408 370
f 404 409 403
f 409 410 403
f 403 410 405
f 394 411 399
f 394 406 411
f 386 397 412
f 397 398 413
f 397 413 412
f 386 412 407
f 414 400 390
f 380 414 390
f 371 383 415
f 371 415 379
f 398 399 416
f 398 416 413
f 417 401 400
f 418 404 401
f 417 418 401
f 414 417 400
f 408 414 380
f 419 409 404
f 418 419 404
f 369 420 373
f 369 402 420
f 399 421 416
f 399 411 421
f 373 422 374
f 374 422 408
f 409 423 410
f 419 424 409
f 424 423 409
f 383 407 425
f 383 425 415
f 373 420 422
f 426 335 336
f 384 335 426
f 427 336 331
f 427 331 385
f 405 428 406
f 410 429 405
f 405 429 428
f 406 430 411
f 406 428 430
f 412 413 431
f 413 416 432
f 413 432 431
f 407 412 433
f 412 431 433
f 407 433 425
f 434 417 414
f 408 434 414
f 379 415 435
f 379 435 402
f 423 436 410
f 410 436 429
f 437 419 418
f 438 424 419
f 437 438 419
f 439 418 417
f 439 437 418
f 434 439 417
f 422 434 408
f 416 421 440
f 416 440 432
f 411 441 421
f 411 430 441
f 424 442 423
f 438 443 424
f 443 442 424
f 426 336 427
f 442 444 423
f 423 444 436
f 415 425 445
f 415 445 435
f 433 431 446
f 431 432 447
f 431 447 446
f 425 433 448
f 433 446 448
f 402 449 420
f 402 435 449
f 450 438 437
f 451 443 438
f 450 451 438
f 452 437 439
f 452 450 437
f 425 448 445
f 422 453 434
f 453 439 434
f 420 453 422
f 421 454 440
f 421 441 454
f 443 455 442
f 451 456 443
f 456 455 443
f 432 457 447
f 432 440 457
f 453 452 439
f 420 449 453
f 455 458 442
f 442 458 444
f 448 446 459
f 446 447 460
f 446 460 459
f 459 456 451
f 461 459 451
f 461 451 450
f 448 459 461
f 445 448 461
f 435 445 462
f 435 462 449
f 447 463 460
f 447 457 463
f 459 460 456
f 462 450 452
f 462 461 450
f 449 452 453
f 449 462 452
f 445 461 462
f 436 464 429
f 429 465 428
f 429 464 465
f 460 466 456
f 456 466 455
f 444 467 436
f 436 467 464
f 428 468 430
f 428 465 468
f 440 469 457
f 440 454 469
f 460 463 466
f 466 470 455
f 455 470 458
f 430 471 441
f 430 468 471
f 458 472 444
f 444 472 467
f 463 473 466
f 466 473 470
f 457 474 463
f 457 469 474
f 463 474 473
f 441 475 454
f 441 471 475
f 470 476 458
f 458 476 472
f 454 477 469
f 454 475 477
f 473 478 470
f 470 478 476
f 474 479 473
f 473 479 478
f 469 480 474
f 474 480 479
f 469 477 480
f 467 481 464
f 464 482 465
f 464 481 482
f 472 483 467
f 467 483 481
f 465 484 468
f 465 482 484
f 468 485 471
f 468 484 485
f 476 486 472
f 472 486 483
f 471 487 475
f 471 485 487
f 478 488 476
f 476 488 486
f 489 343 344
f 490 344 347
f 489 344 490
f 475 491 477
f 475 487 491
f 479 492 478
f 478 492 488
f 493 346 343
f 493 343 489
f 494 347 354
f 490 347 494
f 477 495 480
f 477 491 495
f 480 496 479
f 479 496 492
f 480 495 496
f 497 353 346
f 497 346 493
f 498 354 366
f 494 354 498
f 481 499 482
f 483 500 481
f 481 500 499
f 482 501 484
f 482 499 501
f 486 502 483
f 483 502 500
f 484 503 485
f 484 501 503
f 488 504 486
f 486 504 502
f 485 505 487
f 485 503 505
f 492 506 488
f 488 506 504
f 507 363 353
f 507 353 497
f 487 508 491
f 487 505 508
f 502 509 500
f 500 510 499
f 500 509 510
f 496 511 492
f 492 511 506
f 504 512 502
f 502 512 509
f 499 513 501
f 499 510 513
f 514 366 384
f 498 366 514
f 491 515 495
f 491 508 515
f 495 516 496
f 496 516 511
f 501 517 503
f 501 513 517
f 495 515 516
f 506 518 504
f 504 518 512
f 503 519 505
f 503 517 519
f 511 520 506
f 506 520 518
f 509 521 510
f 512 522 509
f 509 522 521
f 510 523 513
f 510 521 523
f 505 524 508
f 505 519 524
f 518 525 512
f 512 525 522
f 516 526 511
f 511 526 520
f 513 527 517
f 513 523 527
f 528 385 363
f 528 363 507
f 508 529 515
f 508 524 529
f 520 530 518
f 518 530 525
f 515 531 516
f 516 531 526
f 515 529 531
f 532 384 426
f 514 384 532
f 517 533 519
f 517 527 533
f 526 534 520
f 520 534 530
f 522 535 521
f 525 536 522
f 522 536 535
f 521 537 523
f 521 535 537
f 530 538 525
f 525 538 536
f 519 539 524
f 519 533 539
f 531 540 526
f 526 540 534
f 523 541 527
f 523 537 541
f 534 542 530
f 530 542 538
f 524 543 529
f 524 539 543
f 529 544 531
f 531 544 540
f 529 543 544
f 545 427 385
f 545 385 528
f 527 546 533
f 527 541 546
f 536 547 535
f 538 548 536
f 536 548 547
f 540 549 534
f 534 549 542
f 550 426 427
f 532 426 550
f 535 551 537
f 535 547 551
f 542 552 538
f 538 552 548
f 533 553 539
f 533 546 553
f 537 554 541
f 537 551 554
f 544 555 540
f 540 555 549
f 550 427 545
f 549 556 542
f 542 556 552
f 539 557 543
f 539 553 557
f 543 558 544
f 544 558 555
f 541 559 546
f 541 554 559
f 543 557 558
f 548 560 547
f 552 561 548
f 548 561 560
f 547 562 551
f 547 560 562
f 549 563 556
f 555 563 549
f 556 564 552
f 552 564 561
f 551 565 554
f 551 562 565
f 546 566 553
f 546 559 566
f 556 567 564
f 563 567 556
f 558 568 555
f 555 568 563
f 553 569 557
f 553 566 569
f 554 570 559
f 554 565 570
f 557 571 558
f 558 571 568
f 561 572 560
f 564 573 561
f 561 573 572
f 560 574 562
f 560 572 574
f 557 569 571
f 567 575 564
f 564 575 573
f 563 576 567
f 568 576 563
f 562 577 565
f 562 574 577
f 559 578 566
f 559 570 578
f 567 579 575
f 576 579 567
f 571 580 568
f 568 580 576
f 573 581 572
f 575 582 573
f 573 582 581
f 565 583 570
f 565 577 583
f 566 584 569
f 566 578 584
f 572 585 574
f 572 581 585
f 569 586 571
f 571 586 580
f 579 587 575
f 575 587 582
f 576 588 579
f 580 588 576
f 569 584 586
f 574 589 577
f 574 585 589
f 570 590 578
f 570 583 590
f 579 591 587
f 588 591 579
f 586 592 580
f 580 592 588
f 582 593 581
f 587 594 582
f 582 594 593
f 577 595 583
f 577 589 595
f 578 596 584
f 578 590 596
f 581 597 585
f 581 593 597
f 584 598 586
f 586 598 592
f 591 599 587
f 587 599 594
f 588 600 591
f 592 600 588
f 584 596 598
f 585 601 589
f 585 597 601
f 583 602 590
f 583 595 602
f 591 603 599
f 600 603 591
f 592 604 600
f 598 604 592
f 599 605 594
f 594 606 593
f 594 605 606
f 589 607 595
f 589 601 607
f 590 608 596
f 590 602 608
f 603 609 599
f 599 609 605
f 593 610 597
f 593 606 610
f 600 611 603
f 604 611 600
f 596 612 598
f 598 612 604
f 596 608 612
f 597 613 601
f 597 610 613
f 595 614 602
f 595 607 614
f 611 615 603
f 603 615 609
f 612 616 604
f 604 616 611
f 601 617 607
f 601 613 617
f 602 618 608
f 602 614 618
f 605 619 606
f 609 620 605
f 605 620 619
f 608 621 612
f 612 621 616
f 606 622 610
f 606 619 622
f 611 623 615
f 616 623 611
f 608 618 621
f 615 624 609
f 609 624 620
f 610 625 613
f 610 622 625
f 607 626 614
f 607 617 626
f 623 627 615
f 615 627 624
f 621 628 616
f 616 628 623
f 614 629 618
f 614 626 629
f 613 630 617
f 613 625 630
f 618 631 621
f 621 631 628
f 618 629 631
f 624 632 620
f 620 633 619
f 620 632 633
f 628 634 623
f 623 634 627
f 627 635 624
f 624 635 632
f 619 636 622
f 619 633 636
f 617 637 626
f 617 630 637
f 622 638 625
f 622 636 638
f 631 639 628
f 628 639 634
f 634 640 627
f 627 640 635
f 626 641 629
f 626 637 641
f 629 642 631
f 631 642 639
f 625 643 630
f 625 638 643
f 629 641 642
f 639 644 634
f 634 644 640
f 635 645 632
f 632 646 633
f 632 645 646
f 640 647 635
f 635 647 645
f 633 648 636
f 633 646 648
f 642 649 639
f 639 649 644
f 630 650 637
f 630 643 650
f 651 489 490
f 652 490 494
f 651 490 652
f 636 653 638
f 636 648 653
f 644 654 640
f 640 654 647
f 637 655 641
f 637 650 655
f 656 493 489
f 656 489 651
f 641 657 642
f 642 657 649
f 641 655 657
f 638 658 643
f 638 653 658
f 649 659 644
f 644 659 654
f 660 494 498
f 652 494 660
f 643 661 650
f 643 658 661
f 657 662 649
f 649 662 659
f 650 663 655
f 650 661 663
f 655 664 657
f 657 664 662
f 655 663 664
f 665 497 493
f 665 493 656
f 647 666 645
f 645 667 646
f 645 666 667
f 668 498 514
f 660 498 668
f 654 669 647
f 647 669 666
f 646 670 648
f 646 667 670
f 648 671 653
f 648 670 671
f 659 672 654
f 654 672 669
f 653 673 658
f 653 671 673
f 662 674 659
f 659 674 672
f 675 507 497
f 675 497 665
f 664 676 662
f 662 676 674
f 658 677 661
f 658 673 677
f 663 678 664
f 664 678 676
f 661 679 663
f 661 677 679
f 663 679 678
f 680 514 532
f 668 514 680
f 669 681 666
f 666 682 667
f 666 681 682
f 672 683 669
f 669 683 681
f 667 684 670
f 667 682 684
f 670 685 671
f 670 684 685
f 674 686 672
f 672 686 683
f 687 528 507
f 687 507 675
f 676 688 674
f 674 688 686
f 671 689 673
f 671 685 689
f 678 690 676
f 676 690 688
f 673 691 677
f 673 689 691
f 679 692 678
f 678 692 690
f 677 693 679
f 677 691 693
f 694 532 550
f 680 532 694
f 679 693 692
f 695 545 528
f 695 528 687
f 683 696 681
f 681 697 682
f 681 696 697
f 686 698 683
f 683 698 696
f 682 699 684
f 682 697 699
f 688 700 686
f 686 700 698
f 684 701 685
f 684 699 701
f 702 550 545
f 694 550 702
f 702 545 695
f 685 703 689
f 685 701 703
f 690 704 688
f 688 704 700
f 692 705 690
f 690 705 704
f 689 706 691
f 689 703 706
f 693 707 692
f 692 707 705
f 691 708 693
f 691 706 708
f 693 708 707
f 698 709 696
f 696 710 697
f 696 709 710
f 700 711 698
f 698 711 709
f 697 712 699
f 697 710 712
f 704 713 700
f 700 713 711
f 699 714 701
f 699 712 714
f 705 715 704
f 704 715 713
f 701 716 703
f 701 714 716
f 707 717 705
f 705 717 715
f 703 718 706
f 703 716 718
f 708 719 707
f 707 719 717
f 706 720 708
f 706 718 720
f 708 720 719
f 711 721 709
f 709 722 710
f 709 721 722
f 713 723 711
f 711 723 721
f 710 724 712
f 710 722 724
f 715 725 713
f 713 725 723
f 712 726 714
f 712 724 726
f 717 727 715
f 715 727 725
f 714 728 716
f 714 726 728
f 719 729 717
f 717 729 727
f 716 730 718
f 716 728 730
f 720 731 719
f 719 731 729
f 718 732 720
f 718 730 732
f 720 732 731
f 723 733 721
f 721 734 722
f 721 733 734
f 725 735 723
f 723 735 733
f 722 736 724
f 722 734 736
f 727 737 725
f 725 737 735
f 724 738 726
f 724 736 738
f 729 739 727
f 727 739 737
f 726 740 728
f 726 738 740
f 731 741 729
f 729 741 739
f 728 742 730
f 728 740 742
f 735 743 733
f 733 744 734
f 733 743 744
f 737 745 735
f 735 745 743
f 734 746 736
f 734 744 746
f 732 747 731
f 731 747 741
f 730 748 732
f 730 742 748
f 749 750 751
f 752 751 753
f 749 751 752
f 732 748 747
f 754 755 750
f 754 750 749
f 756 753 757
f 752 753 756
f 739 758 737
f 737 758 745
f 736 759 738
f 736 746 759
f 760 761 755
f 760 755 754
f 762 757 763
f 756 757 762
f 741 764 739
f 739 764 758
f 738 765 740
f 738 759 765
f 766 767 761
f 766 761 760
f 768 763 769
f 762 763 768
f 745 770 743
f 743 771 744
f 743 770 771
f 758 772 745
f 745 772 770
f 744 773 746
f 744 771 773
f 774 749 752
f 775 752 756
f 774 752 775
f 747 776 741
f 741 776 764
f 740 777 742
f 740 765 777
f 778 779 767
f 778 767 766
f 780 769 781
f 768 769 780
f 782 754 749
f 782 749 774
f 783 756 762
f 775 756 783
f 758 784 772
f 764 784 758
f 746 785 759
f 746 773 785
f 772 775 770
f 770 775 783
f 770 783 771
f 748 786 747
f 747 786 776
f 742 787 748
f 742 777 787
f 788 789 779
f 788 779 778
f 790 781 789
f 780 781 790
f 791 760 754
f 791 754 782
f 783 762 792
f 792 762 768
f 772 774 775
f 784 774 772
f 771 783 792
f 771 792 773
f 748 787 786
f 790 789 788
f 784 782 774
f 764 793 784
f 776 793 764
f 759 794 765
f 759 785 794
f 795 766 760
f 795 760 791
f 792 768 796
f 796 768 780
f 793 782 784
f 773 792 796
f 773 796 785
f 793 791 782
f 776 797 793
f 786 797 776
f 765 798 777
f 765 794 798
f 799 778 766
f 799 766 795
f 796 780 800
f 800 780 790
f 797 791 793
f 785 796 800
f 785 800 794
f 797 795 791
f 787 801 786
f 786 801 797
f 777 802 787
f 777 798 802
f 803 788 778
f 803 778 799
f 804 790 788
f 800 790 804
f 787 802 801
f 804 788 803
f 801 795 797
f 794 800 804
f 794 804 798
f 801 799 795
f 802 799 801
f 798 804 803
f 798 803 802
f 802 803 799
f 805 651 652
f 806 652 660
f 805 652 806
f 807 656 651
f 807 651 805
f 808 660 668
f 806 660 808
f 809 665 656
f 809 656 807
f 810 668 680
f 808 668 810
f 811 675 665
f 811 665 809
f 812 680 694
f 810 680 812
f 813 687 675
f 813 675 811
f 814 694 702
f 812 694 814
f 815 695 687
f 815 687 813
f 816 702 695
f 814 702 816
f 816 695 815
f 817 805 806
f 818 807 805
f 818 805 817
f 819 806 808
f 817 806 819
f 820 809 807
f 820 807 818
f 821 808 810
f 819 808 821
f 822 811 809
f 822 809 820
f 823 810 812
f 821 810 823
f 824 813 811
f 824 811 822
f 825 812 814
f 823 812 825
f 826 815 813
f 826 813 824
f 827 814 816
f 825 814 827
f 828 816 815
f 828 815 826
f 827 816 828
f 829 817 819
f 830 818 817
f 830 817 829
f 831 819 821
f 829 819 831
f 832 820 818
f 832 818 830
f 833 821 823
f 831 821 833
f 834 822 820
f 834 820 832
f 835 823 825
f 833 823 835
f 836 824 822
f 836 822 834
f 837 825 827
f 835 825 837
f 838 826 824
f 838 824 836
f 839 827 828
f 837 827 839
f 840 828 826
f 840 826 838
f 839 828 840
f 841 830 829
f 842 829 831
f 841 829 842
f 843 832 830
f 843 830 841
f 844 831 833
f 842 831 844
f 845 834 832
f 845 832 843
f 846 833 835
f 844 833 846
f 847 836 834
f 847 834 845
f 848 835 837
f 846 835 848
f 849 838 836
f 849 836 847
f 850 837 839
f 848 837 850
f 851 840 838
f 851 838 849
f 852 839 840
f 850 839 852
f 852 840 851
f 853 841 842
f 854 842 844
f 853 842 854
f 855 843 841
f 855 841 853
f 856 844 846
f 854 844 856
f 857 845 843
f 857 843 855
f 858 846 848
f 856 846 858
f 859 847 845
f 859 845 857
f 860 848 850
f 858 848 860
f 861 849 847
f 861 847 859
f 862 850 852
f 860 850 862
f 863 851 849
f 863 849 861
f 864 852 851
f 862 852 864
f 864 851 863
f 865 853 854
f 866 854 856
f 865 854 866
f 867 855 853
f 867 853 865
f 868 856 858
f 866 856 868
f 869 857 855
f 869 855 867
f 870 858 860
f 868 858 870
f 871 859 857
f 871 857 869
f 872 860 862
f 870 860 872
f 873 861 859
f 873 859 871
f 874 862 864
f 872 862 874
f 875 863 861
f 875 861 873
f 876 864 863
f 874 864 876
f 876 863 875
f 877 878 879
f 880 881 878
f 880 878 877
f 882 879 883
f 877 879 882
f 884 885 881
f 884 881 880
f 886 883 887
f 882 883 886
f 888 889 885
f 888 885 884
f 890 887 891
f 886 887 890
f 892 893 889
f 892 889 888
f 894 891 895
f 890 891 894
f 896 897 893
f 896 893 892
f 898 895 899
f 894 895 898
f 900 899 897
f 900 897 896
f 898 899 900
f 901 877 882
f 902 880 877
f 902 877 901
f 903 882 886
f 901 882 903
f 904 884 880
f 904 880 902
f 905 886 890
f 903 886 905
f 906 888 884
f 906 884 904
f 907 890 894
f 905 890 907
f 908 892 888
f 908 888 906
f 909 894 898
f 907 894 909
f 910 896 892
f 910 892 908
f 911 898 900
f 909 898 911
f 912 900 896
f 912 896 910
f 911 900 912
f 913 901 903
f 914 902 901
f 914 901 913
f 915 903 905
f 913 903 915
f 916 904 902
f 916 902 914
f 917 905 907
f 915 905 917
f 918 906 904
f 918 904 916
f 919 907 909
f 917 907 919
f 920 908 906
f 920 906 918
f 921 909 911
f 919 909 921
f 922 910 908
f 922 908 920
f 923 911 912
f 921 911 923
f 924 912 910
f 924 910 922
f 923 912 924
f 925 913 915
f 926 914 913
f 926 913 925
f 927 915 917
f 925 915 927
f 928 916 914
f 928 914 926
f 929 917 919
f 927 917 929
f 930 918 916
f 930 916 928
f 931 919 921
f 929 919 931
f 932 920 918
f 932 918 930
f 933 921 923
f 931 921 933
f 934 922 920
f 934 920 932
f 935 923 924
f 933 923 935
f 936 924 922
f 936 922 934
f 935 924 936
f 937 925 927
f 938 926 925
f 938 925 937
f 939 927 929
f 937 927 939
f 940 928 926
f 940 926 938
f 941 929 931
f 939 929 941
f 942 931 933
f 941 931 942
f 943 930 928
f 943 928 940
f 944 933 935
f 942 933 944
f 945 932 930
f 945 930 943
f 946 934 932
f 946 932 945
f 947 935 936
f 944 935 947
f 948 936 934
f 948 934 946
f 947 936 948
f 949 937 939
f 950 938 937
f 950 937 949
f 951 939 941
f 949 939 951
f 952 941 942
f 951 941 952
f 953 940 938
f 953 938 950
f 954 955 956
f 956 957 958
f 956 955 957
f 959 942 944
f 952 942 959
f 960 961 954
f 954 961 955
f 962 943 940
f 962 940 953
f 958 963 964
f 958 957 963
f 965 966 960
f 960 966 961
f 967 944 947
f 959 944 967
f 964 968 969
f 964 963 968
f 970 945 943
f 970 943 962
f 971 947 948
f 967 947 971
f 972 973 965
f 965 973 966
f 974 946 945
f 974 945 970
f 975 948 946
f 975 946 974
f 971 948 975
f 969 976 977
f 969 968 976
f 978 979 972
f 972 979 973
f 977 980 981
f 977 976 980
f 982 983 978
f 978 983 979
f 981 984 982
f 982 984 983
f 981 980 984
f 985 949 951
f 986 950 949
f 986 949 985
f 987 951 952
f 985 951 987
f 988 952 959
f 987 952 988
f 989 953 950
f 989 950 986
f 990 959 967
f 988 959 990
f 991 962 953
f 991 953 989
f 992 967 971
f 990 967 992
f 993 970 962
f 993 962 991
f 994 971 975
f 992 971 994
f 961 995 955
f 955 996 957
f 955 995 996
f 997 974 970
f 997 970 993
f 998 975 974
f 998 974 997
f 994 975 998
f 966 999 961
f 961 999 995
f 957 1000 963
f 957 996 1000
f 973 1001 966
f 966 1001 999
f 963 1002 968
f 963 1000 1002
f 1003 985 987
f 1004 987 988
f 1003 987 1004
f 979 1005 973
f 973 1005 1001
f 1006 986 985
f 1006 985 1003
f 1007 988 990
f 1004 988 1007
f 968 1008 976
f 968 1002 1008
f 1009 989 986
f 1009 986 1006
f 983 1010 979
f 979 1010 1005
f 1011 990 992
f 1007 990 1011
f 976 1012 980
f 976 1008 1012
f 1013 991 989
f 1013 989 1009
f 984 1014 983
f 983 1014 1010
f 1015 992 994
f 1011 992 1015
f 980 1016 984
f 984 1016 1014
f 980 1012 1016
f 1017 993 991
f 1017 991 1013
f 999 1018 995
f 995 1019 996
f 995 1018 1019
f 1020 997 993
f 1020 993 1017
f 1021 994 998
f 1022 998 997
f 1021 998 1022
f 1015 994 1021
f 1023 1003 1004
f 1024 1006 1003
f 1024 1003 1023
f 1018 1004 1007
f 1023 1004 1018
f 1019 1007 1011
f 1018 1007 1019
f 1001 1023 999
f 1001 1024 1023
f 1005 1024 1001
f 999 1023 1018
f 996 1025 1000
f 996 1019 1025
f 1022 997 1020
f 1026 1009 1006
f 1026 1006 1024
f 1000 1027 1002
f 1000 1025 1027
f 1019 1011 1025
f 1025 1011 1015
f 1005 1026 1024
f 1010 1026 1005
f 1028 1013 1009
f 1028 1009 1026
f 1002 1029 1008
f 1002 1027 1029
f 1025 1015 1027
f 1027 1015 1021
f 1010 1028 1026
f 1014 1028 1010
f 1030 1017 1013
f 1030 1013 1028
f 1008 1031 1012
f 1008 1029 1031
f 1027 1021 1029
f 1029 1021 1022
f 1016 1030 1014
f 1014 1030 1028
f 1012 1032 1016
f 1012 1031 1032
f 1032 1020 1017
f 1032 1017 1030
f 1016 1032 1030
f 1031 1022 1020
f 1029 1022 1031
f 1031 1020 1032
f 1033 1034 1035
f 1035 1034 1036
f 1033 1037 1034
f 1037 1038 1034
f 1034 1038 1039
f 1034 1039 1036
f 1035 1036 1040
f 1041 1037 1033
f 1037 1042 1038
f 1043 1042 1037
f 1041 1043 1037
f 1042 1044 1038
f 1038 1045 1039
f 1038 1044 1045
f 1042 1046 1044
f 1047 1046 1042
f 1043 1047 1042
f 1040 1036 1048
f 1036 1039 1049
f 1036 1049 1048
f 1040 1048 1050
f 1039 1045 1051
f 1039 1051 1049
f 1046 1052 1044
f 1044 1053 1045
f 1044 1052 1053
f 1047 1054 1046
f 1046 1055 1052
f 1054 1055 1046
f 1056 1043 1041
f 1057 1047 1043
f 1056 1057 1043
f 1058 1054 1047
f 1057 1058 1047
f 1045 1053 1059
f 1045 1059 1051
f 1050 1048 1060
f 1048 1049 1061
f 1048 1061 1060
f 1055 1062 1052
f 1052 1063 1053
f 1052 1062 1063
f 1050 1060 1064
f 1054 1065 1055
f 1065 1066 1055
f 1055 1066 1062
f 1058 1067 1054
f 1067 1065 1054
f 1049 1051 1068
f 1049 1068 1061
f 1053 1063 1069
f 1053 1069 1059
f 1070 1057 1056
f 1071 1058 1057
f 1070 1071 1057
f 1051 1059 1072
f 1051 1072 1068
f 1073 1067 1058
f 1071 1073 1058
f 1065 1074 1066
f 1067 1075 1065
f 1075 1074 1065
f 1066 1076 1062
f 1062 1077 1063
f 1062 1076 1077
f 1074 1078 1066
f 1066 1078 1076
f 1064 1060 1079
f 1060 1061 1080
f 1060 1080 1079
f 1081 1075 1067
f 1073 1081 1067
f 1064 1079 1082
f 1063 1083 1069
f 1063 1077 1083
f 1059 1069 1084
f 1059 1084 1072
f 1061 1068 1085
f 1061 1085 1080
f 1075 1086 1074
f 1074 1087 1078
f 1086 1087 1074
f 1088 1071 1070
f 1089 1073 1071
f 1088 1089 1071
f 1068 1072 1090
f 1068 1090 1085
f 1081 1091 1075
f 1091 1086 1075
f 1092 1081 1073
f 1089 1092 1073
f 1078 1093 1076
f 1076 1094 1077
f 1076 1093 1094
f 1087 1095 1078
f 1078 1095 1093
f 1069 1083 1096
f 1069 1096 1084
f 1079 1080 1097
f 1082 1079 1098
f 1079 1097 1098
f 1092 1099 1081
f 1099 1091 1081
f 1077 1100 1083
f 1077 1094 1100
f 1072 1084 1101
f 1072 1101 1090
f 1080 1085 1102
f 1080 1102 1097
f 1082 1098 1103
f 1104 1089 1088
f 1105 1092 1089
f 1104 1105 1089
f 1086 1106 1087
f 1091 1107 1086
f 1107 1106 1086
f 1087 1108 1095
f 1106 1108 1087
f 1085 1090 1109
f 1085 1109 1102
f 1105 1110 1092
f 1110 1099 1092
f 1099 1111 1091
f 1111 1107 1091
f 1098 1097 1110
f 1103 1098 1105
f 1098 1110 1105
f 1095 1112 1093
f 1093 1113 1094
f 1093 1112 1113
f 1097 1114 1110
f 1097 1102 1114
f 1103 1105 1104
f 1108 1115 1095
f 1095 1115 1112
f 1083 1116 1096
f 1083 1100 1116
f 1084 1096 1117
f 1084 1117 1101
f 1110 1114 1099
f 1114 1111 1099
f 1090 1118 1109
f 1090 1101 1118
f 1094 1119 1100
f 1094 1113 1119
f 1102 1120 1114
f 1102 1109 1120
f 1107 1121 1106
f 1106 1122 1108
f 1121 1122 1106
f 1114 1120 1111
f 1111 1123 1107
f 1123 1121 1107
f 1108 1124 1115
f 1122 1124 1108
f 1120 1123 1111
f 1109 1125 1120
f 1109 1118 1125
f 1096 1126 1117
f 1096 1116 1126
f 1101 1127 1118
f 1101 1117 1127
f 1120 1125 1123
f 1115 1128 1112
f 1112 1129 1113
f 1112 1128 1129
f 1100 1130 1116
f 1100 1119 1130
f 1124 1131 1115
f 1115 1131 1128
f 1123 1132 1121
f 1125 1132 1123
f 1113 1133 1119
f 1113 1129 1133
f 1121 1134 1122
f 1132 1134 1121
f 1122 1135 1124
f 1134 1135 1122
f 1118 1136 1125
f 1118 1127 1136
f 1124 1137 1131
f 1135 1137 1124
f 1125 1136 1132
f 1117 1138 1127
f 1117 1126 1138
f 1116 1139 1126
f 1116 1130 1139
f 1119 1140 1130
f 1119 1133 1140
f 1132 1141 1134
f 1136 1141 1132
f 1131 1142 1128
f 1128 1143 1129
f 1128 1142 1143
f 1137 1144 1131
f 1131 1144 1142
f 1134 1145 1135
f 1141 1145 1134
f 1127 1146 1136
f 1127 1138 1146
f 1129 1147 1133
f 1129 1143 1147
f 1135 1148 1137
f 1145 1148 1135
f 1136 1146 1141
f 1126 1149 1138
f 1126 1139 1149
f 1137 1150 1144
f 1148 1150 1137
f 1130 1151 1139
f 1130 1140 1151
f 1141 1152 1145
f 1146 1152 1141
f 1133 1153 1140
f 1133 1147 1153
f 1144 1154 1142
f 1142 1155 1143
f 1142 1154 1155
f 1138 1156 1146
f 1138 1149 1156
f 1145 1157 1148
f 1152 1157 1145
f 1150 1158 1144
f 1144 1158 1154
f 1146 1156 1152
f 1148 1159 1150
f 1157 1159 1148
f 1143 1160 1147
f 1143 1155 1160
f 1139 1161 1149
f 1139 1151 1161
f 1150 1162 1158
f 1159 1162 1150
f 1140 1163 1151
f 1140 1153 1163
f 1156 1164 1152
f 1152 1164 1157
f 1147 1165 1153
f 1147 1160 1165
f 1149 1166 1156
f 1149 1161 1166
f 1156 1166 1164
f 1158 1167 1154
f 1154 1168 1155
f 1154 1167 1168
f 1157 1169 1159
f 1164 1169 1157
f 1162 1170 1158
f 1158 1170 1167
f 1159 1171 1162
f 1169 1171 1159
f 1155 1172 1160
f 1155 1168 1172
f 1151 1173 1161
f 1151 1163 1173
f 1162 1174 1170
f 1171 1174 1162
f 1153 1175 1163
f 1153 1165 1175
f 1166 1176 1164
f 1164 1176 1169
f 1161 1177 1166
f 1161 1173 1177
f 1160 1178 1165
f 1160 1172 1178
f 1166 1177 1176
f 1170 1179 1167
f 1167 1180 1168
f 1167 1179 1180
f 1169 1181 1171
f 1176 1181 1169
f 1174 1182 1170
f 1170 1182 1179
f 1168 1183 1172
f 1168 1180 1183
f 1171 1184 1174
f 1181 1184 1171
f 1163 1185 1173
f 1163 1175 1185
f 1174 1186 1182
f 1184 1186 1174
f 1165 1187 1175
f 1165 1178 1187
f 1177 1188 1176
f 1176 1188 1181
f 1182 1189 1179
f 1179 1190 1180
f 1179 1189 1190
f 1186 1191 1182
f 1182 1191 1189
f 1172 1183 1192
f 1172 1192 1178
f 1173 1193 1177
f 1173 1185 1193
f 1177 1193 1188
f 1180 1194 1183
f 1180 1190 1194
f 1181 1195 1184
f 1188 1195 1181
f 1184 1196 1186
f 1186 1197 1191
f 1196 1197 1186
f 1195 1196 1184
f 1175 1198 1185
f 1175 1187 1198
f 1191 1199 1189
f 1189 1200 1190
f 1189 1199 1200
f 1183 1201 1192
f 1183 1194 1201
f 1178 1192 1202
f 1178 1202 1187
f 1197 1203 1191
f 1191 1203 1199
f 1193 1204 1188
f 1188 1204 1195
f 1190 1205 1194
f 1190 1200 1205
f 1185 1206 1193
f 1185 1198 1206
f 1193 1206 1204
f 1195 1207 1196
f 1196 1208 1197
f 1207 1208 1196
f 1204 1207 1195
f 1197 1209 1203
f 1208 1209 1197
f 1192 1210 1202
f 1192 1201 1210
f 1187 1211 1198
f 1187 1202 1211
f 1203 1212 1199
f 1199 1213 1200
f 1199 1212 1213
f 1194 1214 1201
f 1194 1205 1214
f 1209 1215 1203
f 1203 1215 1212
f 1200 1216 1205
f 1200 1213 1216
f 1204 1217 1207
f 1206 1217 1204
f 1207 1218 1208
f 1208 1219 1209
f 1218 1219 1208
f 1217 1218 1207
f 1198 1220 1206
f 1198 1211 1220
f 1206 1220 1217
f 1209 1221 1215
f 1219 1221 1209
f 1202 1222 1211
f 1202 1210 1222
f 1201 1223 1210
f 1201 1214 1223
f 1205 1224 1214
f 1205 1216 1224
f 1215 1225 1212
f 1212 1226 1213
f 1212 1225 1226
f 1217 1227 1218
f 1220 1227 1217
f 1221 1228 1215
f 1215 1228 1225
f 1211 1229 1220
f 1211 1222 1229
f 1213 1230 1216
f 1213 1226 1230
f 1218 1231 1219
f 1227 1231 1218
f 1220 1229 1227
f 1219 1232 1221
f 1231 1232 1219
f 1210 1233 1222
f 1210 1223 1233
f 1221 1234 1228
f 1232 1234 1221
f 1214 1235 1223
f 1214 1224 1235
f 1216 1236 1224
f 1216 1230 1236
f 1227 1237 1231
f 1229 1237 1227
f 1228 1238 1225
f 1225 1239 1226
f 1225 1238 1239
f 1222 1240 1229
f 1222 1233 1240
f 1234 1241 1228
f 1228 1241 1238
f 1231 1242 1232
f 1237 1242 1231
f 1229 1240 1237
f 1226 1243 1230
f 1226 1239 1243
f 1232 1244 1234
f 1242 1244 1232
f 1223 1245 1233
f 1223 1235 1245
f 1234 1246 1241
f 1244 1246 1234
f 1224 1247 1235
f 1224 1236 1247
f 1240 1248 1237
f 1237 1248 1242
f 1230 1249 1236
f 1230 1243 1249
f 1233 1250 1240
f 1233 1245 1250
f 1241 1251 1238
f 1238 1252 1239
f 1238 1251 1252
f 1240 1250 1248
f 1242 1253 1244
f 1248 1253 1242
f 1246 1254 1241
f 1241 1254 1251
f 1239 1255 1243
f 1239 1252 1255
f 1244 1256 1246
f 1253 1256 1244
f 1235 1257 1245
f 1235 1247 1257
f 1236 1258 1247
f 1236 1249 1258
f 1246 1259 1254
f 1256 1259 1246
f 1250 1260 1248
f 1248 1260 1253
f 1245 1261 1250
f 1245 1257 1261
f 1243 1262 1249
f 1243 1255 1262
f 1250 1261 1260
f 1253 1263 1256
f 1260 1263 1253
f 1254 1264 1251
f 1251 1265 1252
f 1251 1264 1265
f 1259 1266 1254
f 1254 1266 1264
f 1247 1267 1257
f 1247 1258 1267
f 1252 1268 1255
f 1252 1265 1268
f 1256 1269 1259
f 1263 1269 1256
f 1249 1270 1258
f 1249 1262 1270
f 1261 1271 1260
f 1260 1271 1263
f 1259 1272 1266
f 1269 1272 1259
f 1257 1273 1261
f 1257 1267 1273
f 1261 1273 1271
f 1255 1274 1262
f 1255 1268 1274
f 1263 1275 1269
f 1271 1275 1263
f 1266 1276 1264
f 1264 1277 1265
f 1264 1276 1277
f 1272 1278 1266
f 1266 1278 1276
f 1258 1279 1267
f 1258 1270 1279
f 1269 1280 1272
f 1275 1280 1269
f 1265 1281 1268
f 1265 1277 1281
f 1262 1282 1270
f 1262 1274 1282
f 1273 1283 1271
f 1271 1283 1275
f 1272 1284 1278
f 1280 1284 1272
f 1267 1285 1273
f 1267 1279 1285
f 1273 1285 1283
f 1268 1286 1274
f 1268 1281 1286
f 1275 1287 1280
f 1283 1287 1275
f 1278 1288 1276
f 1276 1289 1277
f 1276 1288 1289
f 1270 1290 1279
f 1270 1282 1290
f 1284 1291 1278
f 1278 1291 1288
f 1280 1292 1284
f 1287 1292 1280
f 1277 1293 1281
f 1277 1289 1293
f 1285 1294 1283
f 1283 1294 1287
f 1274 1295 1282
f 1274 1286 1295
f 1279 1296 1285
f 1279 1290 1296
f 1284 1297 1291
f 1292 1297 1284
f 1285 1296 1294
f 1281 1298 1286
f 1281 1293 1298
f 1287 1299 1292
f 1294 1299 1287
f 1291 1300 1288
f 1288 1301 1289
f 1288 1300 1301
f 1282 1302 1290
f 1282 1295 1302
f 1297 1303 1291
f 1291 1303 1300
f 1292 1304 1297
f 1299 1304 1292
f 1289 1305 1293
f 1289 1301 1305
f 1296 1306 1294
f 1294 1306 1299
f 1286 1307 1295
f 1286 1298 1307
f 1290 1308 1296
f 1290 1302 1308
f 1297 1309 1303
f 1304 1309 1297
f 1296 1308 1306
f 1293 1310 1298
f 1293 1305 1310
f 1299 1311 1304
f 1306 1311 1299
f 1303 1312 1300
f 1300 1313 1301
f 1300 1312 1313
f 1295 1314 1302
f 1295 1307 1314
f 1309 1315 1303
f 1303 1315 1312
f 1304 1316 1309
f 1311 1316 1304
f 1301 1317 1305
f 1301 1313 1317
f 1308 1318 1306
f 1306 1318 1311
f 1298 1319 1307
f 1298 1310 1319
f 1302 1320 1308
f 1302 1314 1320
f 1309 1321 1315
f 1316 1321 1309
f 1308 1320 1318
f 1305 1322 1310
f 1305 1317 1322
f 1311 1323 1316
f 1318 1323 1311
f 1315 1324 1312
f 1312 1325 1313
f 1312 1324 1325
f 1307 1326 1314
f 1307 1319 1326
f 1315 1327 1324
f 1321 1327 1315
f 1316 1328 1321
f 1323 1328 1316
f 1313 1329 1317
f 1313 1325 1329
f 1320 1330 1318
f 1318 1330 1323
f 1310 1331 1319
f 1310 1322 1331
f 1314 1332 1320
f 1314 1326 1332
f 1327 1333 1324
f 1324 1334 1325
f 1324 1333 1334
f 1321 1335 1327
f 1328 1335 1321
f 1320 1332 1330
f 1327 1336 1333
f 1335 1336 1327
f 1317 1329 1337
f 1317 1337 1322
f 1325 1334 1338
f 1325 1338 1329
f 1323 1339 1328
f 1330 1339 1323
f 1336 1340 1333
f 1333 1341 1334
f 1333 1340 1341
f 1319 1342 1326
f 1319 1331 1342
f 1343 1344 1345
f 1346 1344 1343
f 1344 1347 1345
f 1346 1348 1344
f 1348 1349 1344
f 1344 1349 1347
f 1335 1350 1336
f 1336 1351 1340
f 1350 1351 1336
f 1352 1353 1354
f 1355 1352 1354
f 1354 1356 1357
f 1358 1354 1357
f 1354 1353 1356
f 1355 1354 1358
f 1328 1359 1335
f 1359 1350 1335
f 1339 1359 1328
f 1343 1345 1360
f 1361 1343 1360
f 1362 1343 1361
f 1362 1346 1343
f 1360 1345 1363
f 1345 1347 1364
f 1345 1364 1363
f 1334 1341 1365
f 1334 1365 1338
f 1352 1366 1353
f 1367 1366 1352
f 1368 1367 1352
f 1368 1352 1355
f 1351 1369 1340
f 1340 1369 1370
f 1340 1370 1341
f 1361 1360 1371
f 1371 1360 1372
f 1360 1363 1372
f 1373 1361 1371
f 1374 1361 1373
f 1374 1362 1361
f 1351 1375 1369
f 1375 1376 1369
f 1369 1376 1377
f 1369 1377 1370
f 1378 1348 1346
f 1348 1379 1349
f 1380 1379 1348
f 1378 1380 1348
f 1381 1375 1351
f 1350 1381 1351
f 1357 1382 1383
f 1384 1357 1383
f 1357 1356 1382
f 1358 1357 1384
f 1329 1338 1385
f 1329 1385 1337
f 1332 1386 1330
f 1330 1386 1339
f 1373 1371 1387
f 1387 1371 1388
f 1371 1372 1388
f 1375 1389 1376
f 1389 1390 1376
f 1376 1391 1377
f 1376 1390 1391
f 1322 1337 1392
f 1322 1392 1331
f 1326 1393 1332
f 1326 1342 1393
f 1394 1373 1387
f 1395 1374 1373
f 1395 1373 1394
f 1396 1346 1362
f 1396 1378 1346
f 1397 1389 1375
f 1381 1397 1375
f 1341 1370 1398
f 1341 1398 1365
f 1366 1399 1353
f 1353 1400 1356
f 1353 1399 1400
f 1387 1388 1401
f 1402 1387 1401
f 1394 1387 1402
f 1349 1403 1347
f 1379 1404 1349
f 1349 1404 1403
f 1405 1362 1374
f 1405 1396 1362
f 1370 1377 1406
f 1370 1406 1398
f 1347 1407 1364
f 1347 1403 1407
f 1397 1408 1389
f 1408 1409 1389
f 1389 1409 1390
f 1372 1363 1410
f 1410 1363 1364
f 1411 1381 1350
f 1359 1411 1350
f 1367 1412 1366
f 1413 1412 1367
f 1413 1367 1368
f 1332 1393 1386
f 1388 1372 1414
f 1372 1410 1414
f 1377 1415 1406
f 1377 1391 1415
f 1412 1416 1366
f 1366 1416 1399
f 1417 1405 1374
f 1417 1374 1395
f 1380 1418 1379
f 1418 1419 1379
f 1379 1419 1404
f 1401 1388 1420
f 1388 1414 1420
f 1410 1364 1413
f 1364 1407 1413
f 1421 1397 1381
f 1411 1421 1381
f 1338 1365 1422
f 1338 1422 1385
f 1339 1423 1359
f 1423 1411 1359
f 1383 1382 1424
f 1425 1383 1426
f 1383 1424 1426
f 1384 1383 1425
f 1386 1423 1339
f 1356 1427 1382
f 1356 1400 1427
f 1428 1380 1378
f 1429 1418 1380
f 1380 1430 1429
f 1428 1430 1380
f 1401 1420 1431
f 1432 1401 1431
f 1402 1401 1432
f 1397 1433 1408
f 1421 1434 1397
f 1397 1434 1433
f 1435 1378 1396
f 1435 1428 1378
f 1408 1433 1436
f 1436 1437 1408
f 1408 1437 1409
f 1365 1398 1438
f 1365 1438 1422
f 1337 1385 1439
f 1337 1439 1392
f 1331 1440 1342
f 1331 1392 1440
f 1418 1429 1426
f 1426 1441 1418
f 1418 1441 1419
f 1442 1396 1405
f 1442 1435 1396
f 1413 1443 1412
f 1410 1413 1368
f 1407 1443 1413
f 1412 1444 1416
f 1443 1444 1412
f 1438 1398 1406
f 1414 1410 1445
f 1410 1368 1445
f 1423 1446 1411
f 1446 1421 1411
f 1438 1406 1447
f 1406 1415 1447
f 1447 1405 1417
f 1447 1442 1405
f 1420 1414 1448
f 1414 1445 1448
f 1382 1449 1424
f 1382 1427 1449
f 1431 1420 1450
f 1420 1448 1450
f 1425 1426 1429
f 1426 1451 1441
f 1426 1424 1451
f 1385 1422 1452
f 1385 1452 1439
f 1386 1453 1423
f 1453 1446 1423
f 1393 1453 1386
f 1454 1429 1430
f 1454 1425 1429
f 1455 1434 1421
f 1446 1455 1421
f 1432 1431 1436
f 1437 1436 1431
f 1431 1456 1437
f 1431 1450 1456
f 1445 1368 1355
f 1342 1457 1393
f 1342 1440 1457
f 1458 1402 1432
f 1459 1394 1402
f 1459 1402 1458
f 1460 1432 1436
f 1458 1432 1460
f 1461 1430 1428
f 1461 1454 1430
f 1416 1462 1399
f 1399 1463 1400
f 1399 1462 1463
f 1464 1395 1394
f 1464 1394 1459
f 1460 1436 1433
f 1465 1433 1434
f 1455 1465 1434
f 1393 1457 1453
f 1444 1466 1416
f 1416 1466 1462
f 1465 1460 1433
f 1467 1428 1435
f 1467 1461 1428
f 1392 1439 1468
f 1392 1468 1440
f 1469 1417 1395
f 1469 1395 1464
f 1407 1470 1443
f 1403 1470 1407
f 1422 1438 1471
f 1422 1471 1452
f 1437 1472 1409
f 1437 1456 1472
f 1400 1473 1427
f 1400 1463 1473
f 1443 1474 1444
f 1470 1474 1443
f 1447 1417 1469
f 1447 1475 1442
f 1438 1447 1469
f 1447 1415 1475
f 1475 1435 1442
f 1438 1469 1471
f 1475 1467 1435
f 1441 1476 1419
f 1441 1451 1476
f 1391 1475 1415
f 1448 1445 1477
f 1450 1448 1478
f 1448 1477 1478
f 1445 1355 1477
f 1390 1479 1391
f 1391 1479 1475
f 1409 1480 1390
f 1409 1472 1480
f 1481 1384 1425
f 1481 1425 1454
f 1390 1480 1479
f 1453 1482 1446
f 1482 1455 1446
f 1483 1358 1384
f 1483 1384 1481
f 1477 1355 1358
f 1477 1358 1483
f 1457 1482 1453
f 1456 1450 1484
f 1450 1478 1484
f 1474 1485 1444
f 1444 1485 1466
f 1424 1486 1451
f 1424 1449 1486
f 1439 1452 1487
f 1439 1487 1468
f 1440 1488 1457
f 1440 1468 1488
f 1456 1484 1472
f 1489 1454 1461
f 1489 1481 1454
f 1490 1465 1455
f 1482 1490 1455
f 1404 1491 1403
f 1403 1491 1470
f 1457 1488 1482
f 1492 1461 1467
f 1492 1489 1461
f 1427 1493 1449
f 1427 1473 1493
f 1494 1460 1465
f 1490 1494 1465
f 1494 1458 1460
f 1419 1495 1404
f 1419 1476 1495
f 1479 1467 1475
f 1479 1492 1467
f 1452 1471 1496
f 1452 1496 1487
f 1478 1477 1483
f 1488 1490 1482
f 1404 1495 1491
f 1470 1497 1474
f 1491 1497 1470
f 1484 1478 1498
f 1478 1483 1498
f 1471 1469 1464
f 1471 1464 1496
f 1498 1483 1481
f 1498 1481 1489
f 1468 1499 1488
f 1468 1487 1499
f 1472 1484 1500
f 1484 1498 1500
f 1472 1500 1480
f 1500 1498 1489
f 1500 1489 1492
f 1488 1499 1490
f 1466 1501 1462
f 1462 1502 1463
f 1462 1501 1502
f 1474 1503 1485
f 1497 1503 1474
f 1451 1504 1476
f 1451 1486 1504
f 1499 1494 1490
f 1480 1492 1479
f 1480 1500 1492
f 1485 1505 1466
f 1466 1505 1501
f 1506 1458 1494
f 1499 1506 1494
f 1487 1506 1499
f 1487 1496 1506
f 1463 1507 1473
f 1463 1502 1507
f 1449 1508 1486
f 1449 1493 1508
f 1506 1459 1458
f 1495 1509 1491
f 1491 1509 1497
f 1496 1464 1459
f 1496 1459 1506
f 1476 1510 1495
f 1476 1504 1510
f 1503 1511 1485
f 1485 1511 1505
f 1495 1510 1509
f 1497 1512 1503
f 1509 1512 1497
f 1473 1513 1493
f 1473 1507 1513
f 1486 1514 1504
f 1486 1508 1514
f 1512 1515 1503
f 1503 1515 1511
f 1510 1516 1509
f 1509 1516 1512
f 1504 1517 1510
f 1504 1514 1517
f 1505 1518 1501
f 1501 1519 1502
f 1501 1518 1519
f 1493 1520 1508
f 1493 1513 1520
f 1511 1521 1505
f 1505 1521 1518
f 1510 1517 1516
f 1502 1522 1507
f 1502 1519 1522
f 1516 1523 1512
f 1512 1523 1515
f 1515 1524 1511
f 1511 1524 1521
f 1508 1525 1514
f 1508 1520 1525
f 1507 1526 1513
f 1507 1522 1526
f 1517 1527 1516
f 1516 1527 1523
f 1523 1528 1515
f 1515 1528 1524
f 1514 1529 1517
f 1514 1525 1529
f 1517 1529 1527
f 1513 1530 1520
f 1513 1526 1530
f 1521 1531 1518
f 1518 1532 1519
f 1518 1531 1532
f 1524 1533 1521
f 1521 1533 1531
f 1519 1534 1522
f 1519 1532 1534
f 1527 1535 1523
f 1523 1535 1528
f 1528 1536 1524
f 1524 1536 1533
f 1520 1537 1525
f 1520 1530 1537
f 1522 1538 1526
f 1522 1534 1538
f 1529 1539 1527
f 1527 1539 1535
f 1525 1540 1529
f 1525 1537 1540
f 1529 1540 1539
f 1535 1541 1528
f 1528 1541 1536
f 1526 1542 1530
f 1526 1538 1542
f 1533 1543 1531
f 1531 1544 1532
f 1531 1543 1544
f 1536 1545 1533
f 1533 1545 1543
f 1539 1546 1535
f 1535 1546 1541
f 1532 1547 1534
f 1532 1544 1547
f 1530 1548 1537
f 1530 1542 1548
f 1541 1549 1536
f 1536 1549 1545
f 1540 1550 1539
f 1539 1550 1546
f 1534 1551 1538
f 1534 1547 1551
f 1537 1552 1540
f 1537 1548 1552
f 1540 1552 1550
f 1546 1553 1541
f 1541 1553 1549
f 1538 1554 1542
f 1538 1551 1554
f 1545 1555 1543
f 1543 1556 1544
f 1543 1555 1556
f 1549 1557 1545
f 1545 1557 1555
f 1550 1558 1546
f 1546 1558 1553
f 1544 1559 1547
f 1544 1556 1559
f 1542 1560 1548
f 1542 1554 1560
f 1553 1561 1549
f 1549 1561 1557
f 1552 1562 1550
f 1550 1562 1558
f 1547 1563 1551
f 1547 1559 1563
f 1548 1564 1552
f 1548 1560 1564
f 1552 1564 1562
f 1558 1565 1553
f 1553 1565 1561
f 1551 1566 1554
f 1551 1563 1566
f 1557 1567 1555
f 1555 1568 1556
f 1555 1567 1568
f 1562 1569 1558
f 1558 1569 1565
f 1561 1570 1557
f 1557 1570 1567
f 1556 1571 1559
f 1556 1568 1571
f 1554 1572 1560
f 1554 1566 1572
f 1565 1573 1561
f 1561 1573 1570
f 1564 1574 1562
f 1562 1574 1569
f 1559 1575 1563
f 1559 1571 1575
f 1560 1576 1564
f 1560 1572 1576
f 1564 1576 1574
f 1569 1577 1565
f 1565 1577 1573
f 1563 1578 1566
f 1563 1575 1578
f 1570 1579 1567
f 1567 1580 1568
f 1567 1579 1580
f 1573 1581 1570
f 1570 1581 1579
f 1574 1582 1569
f 1569 1582 1577
f 1568 1583 1571
f 1568 1580 1583
f 1566 1584 1572
f 1566 1578 1584
f 1577 1585 1573
f 1573 1585 1581
f 1576 1586 1574
f 1574 1586 1582
f 1571 1587 1575
f 1571 1583 1587
f 1572 1588 1576
f 1572 1584 1588
f 1576 1588 1586
f 1582 1589 1577
f 1577 1589 1585
f 1575 1590 1578
f 1575 1587 1590
f 1581 1591 1579
f 1579 1592 1580
f 1579 1591 1592
f 1585 1593 1581
f 1581 1593 1591
f 1580 1594 1583
f 1580 1592 1594
f 1586 1595 1582
f 1582 1595 1589
f 1589 1596 1585
f 1585 1596 1593
f 1578 1597 1584
f 1578 1590 1597
f 1583 1598 1587
f 1583 1594 1598
f 1588 1599 1586
f 1586 1599 1595
f 1584 1600 1588
f 1584 1597 1600
f 1588 1600 1599
f 1589 1601 1596
f 1595 1601 1589
f 1593 1602 1591
f 1591 1603 1592
f 1591 1602 1603
f 1596 1604 1593
f 1593 1604 1602
f 1587 1605 1590
f 1587 1598 1605
f 1592 1606 1594
f 1592 1603 1606
f 1596 1607 1604
f 1601 1607 1596
f 1595 1608 1601
f 1599 1608 1595
f 1594 1609 1598
f 1594 1606 1609
f 1590 1610 1597
f 1590 1605 1610
f 1604 1611 1602
f 1602 1612 1603
f 1602 1611 1612
f 1607 1613 1604
f 1604 1613 1611
f 1603 1614 1606
f 1603 1612 1614
f 1601 1615 1607
f 1608 1615 1601
f 1600 1616 1599
f 1599 1616 1608
f 1597 1617 1600
f 1597 1610 1617
f 1607 1618 1613
f 1615 1618 1607
f 1598 1619 1605
f 1598 1609 1619
f 1600 1617 1616
f 1613 1620 1611
f 1611 1621 1612
f 1611 1620 1621
f 1618 1622 1613
f 1613 1622 1620
f 1606 1614 1623
f 1606 1623 1609
f 1612 1624 1614
f 1612 1621 1624
f 1608 1625 1615
f 1616 1625 1608
f 1615 1626 1618
f 1618 1627 1622
f 1626 1627 1618
f 1625 1626 1615
f 1605 1628 1610
f 1605 1619 1628
f 1622 1629 1620
f 1620 1630 1621
f 1620 1629 1630
f 1614 1624 1631
f 1614 1631 1623
f 1609 1623 1632
f 1609 1632 1619
f 1627 1633 1622
f 1622 1633 1629
f 1621 1634 1624
f 1621 1630 1634
f 1616 1635 1625
f 1617 1635 1616
f 1610 1636 1617
f 1610 1628 1636
f 1626 1637 1627
f 1627 1638 1633
f 1637 1638 1627
f 1625 1639 1626
f 1639 1637 1626
f 1635 1639 1625
f 1617 1636 1635
f 1624 1640 1631
f 1624 1634 1640
f 1623 1631 1641
f 1623 1641 1632
f 1619 1642 1628
f 1619 1632 1642
f 1633 1643 1629
f 1629 1644 1630
f 1629 1643 1644
f 1638 1645 1633
f 1633 1645 1643
f 1630 1646 1634
f 1630 1644 1646
f 1639 1647 1637
f 1637 1648 1638
f 1647 1648 1637
f 1635 1649 1639
f 1649 1647 1639
f 1628 1650 1636
f 1628 1642 1650
f 1636 1649 1635
f 1638 1651 1645
f 1648 1651 1638
f 1631 1652 1641
f 1631 1640 1652
f 1632 1641 1653
f 1632 1653 1642
f 1636 1650 1649
f 1634 1654 1640
f 1634 1646 1654
f 1649 1655 1647
f 1650 1655 1649
f 1643 1656 1644
f 1644 1657 1646
f 1644 1656 1657
f 1645 1658 1643
f 1643 1658 1656
f 1651 1659 1645
f 1645 1659 1658
f 1647 1660 1648
f 1648 1661 1651
f 1660 1661 1648
f 1655 1660 1647
f 1641 1662 1653
f 1641 1652 1662
f 1642 1663 1650
f 1642 1653 1663
f 1650 1663 1655
f 1640 1664 1652
f 1640 1654 1664
f 1661 1665 1651
f 1651 1665 1659
f 1646 1666 1654
f 1646 1657 1666
f 1655 1667 1660
f 1663 1667 1655
f 1660 1668 1661
f 1667 1668 1660
f 1653 1669 1663
f 1653 1662 1669
f 1663 1669 1667
f 1659 1670 1658
f 1658 1671 1656
f 1658 1670 1671
f 1661 1672 1665
f 1668 1672 1661
f 1652 1673 1662
f 1652 1664 1673
f 1665 1674 1659
f 1659 1674 1670
f 1656 1675 1657
f 1656 1671 1675
f 1654 1676 1664
f 1654 1666 1676
f 1667 1677 1668
f 1669 1677 1667
f 1665 1678 1674
f 1672 1678 1665
f 1662 1679 1669
f 1662 1673 1679
f 1657 1680 1666
f 1657 1675 1680
f 1668 1681 1672
f 1677 1681 1668
f 1669 1679 1677
f 1664 1682 1673
f 1664 1676 1682
f 1674 1683 1670
f 1670 1684 1671
f 1670 1683 1684
f 1678 1685 1674
f 1674 1685 1683
f 1672 1686 1678
f 1681 1686 1672
f 1666 1687 1676
f 1666 1680 1687
f 1679 1688 1677
f 1677 1688 1681
f 1673 1689 1679
f 1673 1682 1689
f 1671 1690 1675
f 1671 1684 1690
f 1679 1689 1688
f 1686 1691 1678
f 1678 1691 1685
f 1681 1692 1686
f 1688 1692 1681
f 1675 1693 1680
f 1675 1690 1693
f 1676 1694 1682
f 1676 1687 1694
f 1692 1695 1686
f 1686 1695 1691
f 1689 1696 1688
f 1688 1696 1692
f 1682 1697 1689
f 1682 1694 1697
f 1680 1698 1687
f 1680 1693 1698
f 1689 1697 1696
f 1683 1699 1684
f 1685 1700 1683
f 1683 1700 1699
f 1684 1701 1690
f 1684 1699 1701
f 1691 1702 1685
f 1685 1702 1700
f 1696 1703 1692
f 1692 1703 1695
f 1687 1704 1694
f 1687 1698 1704
f 1695 1705 1691
f 1691 1705 1702
f 1690 1706 1693
f 1690 1701 1706
f 1697 1707 1696
f 1696 1707 1703
f 1694 1708 1697
f 1694 1704 1708
f 1703 1709 1695
f 1695 1709 1705
f 1697 1708 1707
f 1693 1710 1698
f 1693 1706 1710
f 1707 1711 1703
f 1703 1711 1709
f 1699 1712 1701
f 1701 1713 1706
f 1701 1712 1713
f 1700 1714 1699
f 1699 1714 1712
f 1702 1715 1700
f 1700 1715 1714
f 1705 1716 1702
f 1702 1716 1715
f 1709 1717 1705
f 1705 1717 1716
f 1698 1718 1704
f 1698 1710 1718
f 1704 1719 1708
f 1704 1718 1719
f 1708 1720 1707
f 1708 1719 1720
f 1707 1720 1711
f 1711 1721 1709
f 1709 1721 1717
f 1706 1722 1710
f 1706 1713 1722
f 1720 1723 1711
f 1711 1723 1721
f 1710 1724 1718
f 1710 1722 1724
f 1715 1725 1714
f 1714 1726 1712
f 1714 1725 1726
f 1716 1727 1715
f 1715 1727 1725
f 1717 1728 1716
f 1716 1728 1727
f 1718 1729 1719
f 1718 1724 1729
f 1719 1730 1720
f 1719 1729 1730
f 1720 1730 1723
f 1721 1731 1717
f 1717 1731 1728
f 1712 1732 1713
f 1712 1726 1732
f 1713 1733 1722
f 1713 1732 1733
f 1723 1734 1721
f 1721 1734 1731
f 1722 1735 1724
f 1722 1733 1735
f 1730 1736 1723
f 1723 1736 1734
f 1724 1737 1729
f 1724 1735 1737
f 1729 1738 1730
f 1729 1737 1738
f 1730 1738 1736
f 1725 1739 1726
f 1726 1740 1732
f 1726 1739 1740
f 1727 1741 1725
f 1725 1741 1739
f 1728 1742 1727
f 1727 1742 1741
f 1731 1743 1728
f 1728 1743 1742
f 1734 1744 1731
f 1731 1744 1743
f 1732 1745 1733
f 1732 1740 1745
f 1736 1746 1734
f 1734 1746 1744
f 1733 1747 1735
f 1733 1745 1747
f 1738 1748 1736
f 1736 1748 1746
f 1735 1749 1737
f 1735 1747 1749
f 1737 1750 1738
f 1737 1749 1750
f 1738 1750 1748
