# 
# Wavefront OBJ file
# Created with Kaydara FBX
# 
mtllib c:\users\tjvan\onedrive\documenten\fontys\minor\nx\.mtlmodels\muscular_branches_of_the_femoral_nerve.r.obj

g Muscular_branches_of_the_Femoral_nerve_r
v -0.052209 0.822897 0.043493
v -0.051923 0.822885 0.043189
v -0.052202 0.822779 0.043383
v -0.050964 0.822135 0.044632
v -0.052037 0.822772 0.043208
v -0.052139 0.822733 0.043279
v -0.050938 0.822013 0.044548
v -0.052158 0.823056 0.043579
v -0.051828 0.823042 0.043227
v -0.050946 0.822301 0.044685
v -0.052063 0.823213 0.043618
v -0.051777 0.823201 0.043313
v -0.050887 0.822466 0.044693
v -0.050874 0.821967 0.044455
v -0.051949 0.823326 0.043599
v -0.051784 0.823319 0.043423
v -0.050805 0.822585 0.044653
v -0.050789 0.822010 0.044379
v -0.051847 0.823364 0.043528
v -0.050721 0.822628 0.044577
v -0.050707 0.822130 0.044339
v -0.050657 0.822582 0.044484
v -0.050649 0.822294 0.044347
v -0.050631 0.822460 0.044400
v -0.049782 0.821928 0.045611
v -0.049801 0.822088 0.045629
v -0.049733 0.821811 0.045553
v -0.049785 0.822247 0.045605
v -0.049668 0.821767 0.045472
v -0.049739 0.822364 0.045543
v -0.049674 0.822406 0.045461
v -0.049603 0.821809 0.045390
v -0.049609 0.822362 0.045380
v -0.049557 0.821925 0.045328
v -0.049541 0.822085 0.045304
v -0.049560 0.822244 0.045322
v -0.048703 0.822338 0.046436
v -0.048724 0.822477 0.046386
v -0.048652 0.822198 0.046444
v -0.048710 0.822578 0.046308
v -0.048584 0.822095 0.046408
v -0.048664 0.822614 0.046222
v -0.048518 0.822056 0.046338
v -0.048598 0.822575 0.046151
v -0.048472 0.822091 0.046252
v -0.048530 0.822472 0.046116
v -0.048458 0.822192 0.046174
v -0.048479 0.822332 0.046124
v -0.047674 0.823083 0.047066
v -0.047630 0.822970 0.047128
v -0.047680 0.823165 0.046981
v -0.047647 0.823192 0.046896
v -0.047584 0.823158 0.046834
v -0.047560 0.822855 0.047150
v -0.047507 0.823072 0.046811
v -0.047483 0.822769 0.047128
v -0.047419 0.822735 0.047065
v -0.047437 0.822957 0.046834
v -0.047386 0.822762 0.046981
v -0.047393 0.822843 0.046896
v -0.046628 0.824057 0.047583
v -0.046611 0.823993 0.047666
v -0.046604 0.824078 0.047502
v -0.046558 0.823901 0.047730
v -0.046545 0.824048 0.047447
v -0.046467 0.823977 0.047431
v -0.046482 0.823807 0.047758
v -0.046392 0.823882 0.047459
v -0.046404 0.823736 0.047742
v -0.046338 0.823791 0.047523
v -0.046345 0.823706 0.047686
v -0.046321 0.823726 0.047606
v -0.045538 0.825180 0.048131
v -0.045519 0.825195 0.048057
v -0.045517 0.825128 0.048208
v -0.045466 0.825169 0.048007
v -0.045463 0.825052 0.048269
v -0.045393 0.825108 0.047995
v -0.045390 0.824973 0.048297
v -0.045320 0.825029 0.048022
v -0.045317 0.824912 0.048284
v -0.045265 0.824953 0.048083
v -0.045264 0.824885 0.048234
v -0.045245 0.824901 0.048161
v -0.044392 0.826450 0.048645
v -0.044372 0.826406 0.048715
v -0.044376 0.826462 0.048580
v -0.044330 0.826438 0.048535
v -0.044322 0.826341 0.048770
v -0.044265 0.826385 0.048524
v -0.044255 0.826272 0.048795
v -0.044198 0.826316 0.048549
v -0.044190 0.826219 0.048784
v -0.044149 0.826251 0.048604
v -0.044144 0.826195 0.048739
v -0.044129 0.826207 0.048674
v -0.043169 0.827786 0.049150
v -0.043156 0.827795 0.049092
v -0.043152 0.827747 0.049210
v -0.043117 0.827773 0.049053
v -0.043109 0.827689 0.049257
v -0.043061 0.827726 0.049043
v -0.043053 0.827628 0.049279
v -0.043005 0.827665 0.049064
v -0.042997 0.827580 0.049269
v -0.042962 0.827607 0.049112
v -0.042958 0.827558 0.049230
v -0.042945 0.827568 0.049172
v -0.041849 0.829103 0.049668
v -0.041837 0.829112 0.049619
v -0.041836 0.829068 0.049718
v -0.041805 0.829092 0.049585
v -0.041802 0.829016 0.049758
v -0.041761 0.829048 0.049575
v -0.041757 0.828961 0.049775
v -0.041715 0.828993 0.049592
v -0.041712 0.828918 0.049765
v -0.041682 0.828941 0.049631
v -0.041680 0.828898 0.049731
v -0.041669 0.828906 0.049682
v -0.040408 0.830321 0.050223
v -0.040398 0.830329 0.050183
v -0.040400 0.830290 0.050264
v -0.040373 0.830311 0.050155
v -0.040377 0.830243 0.050295
v -0.040340 0.830272 0.050145
v -0.040344 0.830194 0.050308
v -0.040307 0.830222 0.050158
v -0.040310 0.830155 0.050298
v -0.040283 0.830176 0.050188
v -0.040285 0.830137 0.050270
v -0.040275 0.830145 0.050229
v -0.038825 0.831357 0.050842
v -0.038823 0.831330 0.050873
v -0.038817 0.831363 0.050810
v -0.038799 0.831348 0.050787
v -0.038809 0.831289 0.050895
v -0.038776 0.831314 0.050778
v -0.038789 0.831247 0.050903
v -0.038756 0.831272 0.050786
v -0.038766 0.831214 0.050894
v -0.038742 0.831232 0.050808
v -0.038748 0.831198 0.050870
v -0.038739 0.831205 0.050839
v -0.037081 0.832107 0.051568
v -0.037076 0.832075 0.051582
v -0.037080 0.832128 0.051547
v -0.037072 0.832134 0.051524
v -0.037061 0.832122 0.051506
v -0.037066 0.832042 0.051586
v -0.037048 0.832095 0.051498
v -0.037042 0.832003 0.051560
v -0.037035 0.832009 0.051537
v -0.037054 0.832016 0.051578
v -0.037033 0.832030 0.051516
v -0.037038 0.832062 0.051502
v -0.052910 0.717371 0.036907
v -0.052765 0.714422 0.036992
v -0.052873 0.717361 0.037140
v -0.051733 0.717431 0.036452
v -0.052801 0.714432 0.036762
v -0.052783 0.717388 0.036645
v -0.051922 0.717432 0.036312
v -0.052578 0.714421 0.037131
v -0.052684 0.717361 0.037280
v -0.051697 0.717422 0.036685
v -0.052645 0.711562 0.036837
v -0.052676 0.714450 0.036502
v -0.052681 0.711573 0.036610
v -0.052460 0.711563 0.036975
v -0.052528 0.717407 0.036424
v -0.052213 0.717423 0.036302
v -0.052557 0.711593 0.036353
v -0.052510 0.708770 0.036675
v -0.052545 0.708782 0.036449
v -0.052423 0.714471 0.036283
v -0.052290 0.714432 0.037141
v -0.052393 0.717370 0.037290
v -0.051823 0.717405 0.036947
v -0.052326 0.708771 0.036811
v -0.052174 0.711574 0.036985
v -0.052423 0.708803 0.036195
v -0.052356 0.706032 0.036501
v -0.052391 0.706045 0.036278
v -0.052307 0.711616 0.036135
v -0.052175 0.706034 0.036636
v -0.052044 0.708785 0.036821
v -0.052270 0.706069 0.036026
v -0.052175 0.708829 0.035980
v -0.052111 0.714488 0.036162
v -0.052181 0.703336 0.036314
v -0.052216 0.703349 0.036093
v -0.051978 0.714450 0.037020
v -0.052078 0.717386 0.037168
v -0.052001 0.703339 0.036448
v -0.051895 0.706050 0.036646
v -0.051998 0.711635 0.036016
v -0.051865 0.711594 0.036866
v -0.052096 0.703375 0.035844
v -0.052025 0.706097 0.035813
v -0.051981 0.700668 0.036112
v -0.052015 0.700683 0.035893
v -0.051803 0.700672 0.036244
v -0.051724 0.703357 0.036458
v -0.051869 0.708851 0.035861
v -0.051738 0.708807 0.036703
v -0.051823 0.714499 0.036172
v -0.051897 0.700711 0.035647
v -0.051854 0.703407 0.035633
v -0.051725 0.714470 0.036801
v -0.051592 0.706075 0.036530
v -0.051752 0.698016 0.035892
v -0.051786 0.698031 0.035676
v -0.051722 0.706122 0.035696
v -0.051529 0.700692 0.036255
v -0.051712 0.711647 0.036026
v -0.051576 0.698020 0.036023
v -0.051615 0.711617 0.036649
v -0.051657 0.700746 0.035438
v -0.051669 0.698063 0.035432
v -0.051424 0.703385 0.036343
v -0.051587 0.708865 0.035872
v -0.051490 0.708833 0.036488
v -0.051554 0.703435 0.035518
v -0.051636 0.714499 0.036311
v -0.051600 0.714488 0.036541
v -0.051491 0.695366 0.035652
v -0.051525 0.695383 0.035438
v -0.051305 0.698044 0.036034
v -0.051317 0.695372 0.035783
v -0.051232 0.700725 0.036141
v -0.051443 0.706138 0.035707
v -0.051347 0.706104 0.036317
v -0.051527 0.711648 0.036164
v -0.051491 0.711637 0.036392
v -0.051432 0.698102 0.035226
v -0.051410 0.695417 0.035197
v -0.051361 0.700778 0.035324
v -0.051182 0.703417 0.036132
v -0.051403 0.708866 0.036008
v -0.051368 0.708854 0.036234
v -0.051049 0.695398 0.035794
v -0.051277 0.703454 0.035528
v -0.051196 0.692706 0.035391
v -0.051230 0.692724 0.035179
v -0.051011 0.698080 0.035922
v -0.051023 0.692713 0.035519
v -0.051226 0.706127 0.036065
v -0.051261 0.706140 0.035842
v -0.051176 0.695460 0.034994
v -0.051139 0.698138 0.035113
v -0.050993 0.700760 0.035933
v -0.051116 0.692761 0.034940
v -0.051087 0.700799 0.035335
v -0.051062 0.703443 0.035883
v -0.050758 0.692743 0.035531
v -0.050759 0.695439 0.035682
v -0.051097 0.703456 0.035662
v -0.050862 0.690024 0.035104
v -0.050895 0.690042 0.034895
v -0.050775 0.698119 0.035716
v -0.050691 0.690032 0.035232
v -0.050886 0.695500 0.034883
v -0.050884 0.692809 0.034739
v -0.050874 0.700788 0.035686
v -0.050868 0.698161 0.035124
v -0.050783 0.690083 0.034659
v -0.050908 0.700803 0.035467
v -0.050472 0.692787 0.035421
v -0.050429 0.690064 0.035243
v -0.050525 0.695482 0.035479
v -0.050658 0.698150 0.035472
v -0.050692 0.698166 0.035255
v -0.050486 0.687305 0.034791
v -0.050317 0.687315 0.034918
v -0.050519 0.687325 0.034584
v -0.050598 0.692853 0.034630
v -0.050555 0.690134 0.034461
v -0.050618 0.695527 0.034894
v -0.050409 0.687368 0.034351
v -0.050409 0.695516 0.035238
v -0.050146 0.690113 0.035136
v -0.050241 0.692834 0.035220
v -0.050059 0.687350 0.034930
v -0.050443 0.695532 0.035024
v -0.050333 0.692882 0.034641
v -0.050272 0.690183 0.034353
v -0.050183 0.687424 0.034155
v -0.050065 0.684539 0.034450
v -0.050099 0.684560 0.034245
v -0.050127 0.692872 0.034982
v -0.049898 0.684548 0.034575
v -0.049918 0.690164 0.034937
v -0.050160 0.692889 0.034770
v -0.049779 0.687403 0.034823
v -0.049990 0.684607 0.034015
v -0.050010 0.690215 0.034364
v -0.049643 0.684586 0.034587
v -0.049904 0.687476 0.034049
v -0.049806 0.690205 0.034702
v -0.049767 0.684666 0.033822
v -0.049839 0.690223 0.034492
v -0.049554 0.687458 0.034628
v -0.049847 0.683401 0.034270
v -0.049878 0.683423 0.034081
v -0.049693 0.683409 0.034385
v -0.049367 0.684642 0.034482
v -0.049645 0.687512 0.034061
v -0.049777 0.683468 0.033869
v -0.049443 0.687502 0.034395
v -0.049457 0.683444 0.034396
v -0.049491 0.684722 0.033717
v -0.049539 0.681691 0.033996
v -0.049567 0.681712 0.033824
v -0.049398 0.681698 0.034102
v -0.049476 0.687521 0.034187
v -0.049573 0.683525 0.033691
v -0.049476 0.681755 0.033630
v -0.049144 0.684701 0.034289
v -0.049182 0.681730 0.034112
v -0.049203 0.683497 0.034300
v -0.049235 0.684760 0.033729
v -0.049160 0.679524 0.033648
v -0.049186 0.679544 0.033492
v -0.049319 0.683579 0.033595
v -0.049289 0.681808 0.033468
v -0.049035 0.684748 0.034059
v -0.049032 0.679530 0.033744
v -0.049103 0.679583 0.033316
v -0.049069 0.684769 0.033854
v -0.048949 0.681779 0.034024
v -0.048837 0.679559 0.033753
v -0.048998 0.683555 0.034122
v -0.049056 0.681858 0.033379
v -0.049083 0.683614 0.033606
v -0.048934 0.679632 0.033169
v -0.048762 0.681833 0.033861
v -0.048730 0.677016 0.033245
v -0.048753 0.677034 0.033104
v -0.048626 0.679604 0.033673
v -0.048615 0.677021 0.033331
v -0.048898 0.683600 0.033910
v -0.048679 0.677069 0.032947
v -0.048929 0.683622 0.033722
v -0.048840 0.681890 0.033390
v -0.048723 0.679677 0.033089
v -0.048439 0.677047 0.033339
v -0.048671 0.681875 0.033668
v -0.048456 0.679653 0.033526
v -0.048526 0.677113 0.032814
v -0.048699 0.681896 0.033495
v -0.048250 0.677087 0.033267
v -0.048527 0.679706 0.033098
v -0.048267 0.674282 0.032805
v -0.048287 0.674298 0.032680
v -0.048373 0.679692 0.033350
v -0.048165 0.674286 0.032881
v -0.048337 0.677153 0.032742
v -0.048399 0.679711 0.033194
v -0.048221 0.674329 0.032540
v -0.048097 0.677131 0.033135
v -0.048009 0.674309 0.032888
v -0.048086 0.674368 0.032423
v -0.048161 0.677179 0.032751
v -0.048023 0.677166 0.032977
v -0.047841 0.674345 0.032824
v -0.048046 0.677184 0.032837
v -0.047918 0.674404 0.032359
v -0.047789 0.671439 0.032346
v -0.047807 0.671453 0.032238
v -0.047700 0.671443 0.032413
v -0.047705 0.674384 0.032707
v -0.047749 0.671480 0.032116
v -0.047564 0.671463 0.032419
v -0.047762 0.674427 0.032366
v -0.047639 0.674415 0.032567
v -0.047631 0.671514 0.032013
v -0.047660 0.674431 0.032443
v -0.047417 0.671494 0.032363
v -0.047485 0.671545 0.031958
v -0.047299 0.671527 0.032261
v -0.047315 0.668604 0.031889
v -0.047330 0.668616 0.031796
v -0.047239 0.668607 0.031946
v -0.047349 0.671565 0.031964
v -0.047281 0.668639 0.031692
v -0.047123 0.668624 0.031951
v -0.047242 0.671555 0.032139
v -0.047260 0.671569 0.032030
v -0.047180 0.668668 0.031605
v -0.046998 0.668650 0.031903
v -0.047055 0.668694 0.031557
v -0.046897 0.668679 0.031816
v -0.046939 0.668711 0.031563
v -0.046864 0.665892 0.031451
v -0.046877 0.665902 0.031374
v -0.046801 0.665895 0.031498
v -0.046848 0.668702 0.031712
v -0.046836 0.665921 0.031288
v -0.046863 0.668714 0.031619
v -0.046705 0.665909 0.031503
v -0.046753 0.665945 0.031216
v -0.046601 0.665930 0.031463
v -0.046649 0.665966 0.031177
v -0.046518 0.665954 0.031391
v -0.046553 0.665980 0.031181
v -0.046477 0.665973 0.031305
v -0.046455 0.663421 0.031052
v -0.046465 0.663429 0.030992
v -0.046405 0.663423 0.031089
v -0.046490 0.665983 0.031228
v -0.046433 0.663444 0.030923
v -0.046329 0.663434 0.031093
v -0.046367 0.663462 0.030866
v -0.046247 0.663450 0.031062
v -0.046285 0.663479 0.030835
v -0.046181 0.663469 0.031004
v -0.046208 0.663490 0.030838
v -0.046149 0.663484 0.030936
v -0.046106 0.661307 0.030711
v -0.046114 0.661312 0.030666
v -0.046070 0.661308 0.030738
v -0.046159 0.663491 0.030875
v -0.046090 0.661323 0.030616
v -0.046013 0.661315 0.030741
v -0.046041 0.661336 0.030573
v -0.045953 0.661327 0.030718
v -0.045981 0.661348 0.030550
v -0.045904 0.661341 0.030675
v -0.045924 0.661356 0.030553
v -0.045880 0.661352 0.030625
v -0.045888 0.661357 0.030580
v -0.045837 0.659665 0.030446
v -0.045842 0.659669 0.030417
v -0.045813 0.659666 0.030464
v -0.045826 0.659675 0.030385
v -0.045777 0.659670 0.030465
v -0.045795 0.659684 0.030357
v -0.045738 0.659678 0.030450
v -0.045756 0.659691 0.030342
v -0.045706 0.659686 0.030423
v -0.045720 0.659695 0.030344
v -0.045691 0.659692 0.030390
v -0.045696 0.659696 0.030362
v -0.045668 0.658615 0.030264
v -0.045661 0.658617 0.030249
v -0.045666 0.658613 0.030277
v -0.045655 0.658613 0.030284
v -0.045639 0.658615 0.030285
v -0.045647 0.658620 0.030237
v -0.045621 0.658618 0.030278
v -0.045629 0.658623 0.030230
v -0.045607 0.658621 0.030266
v -0.045613 0.658625 0.030230
v -0.045602 0.658625 0.030238
v -0.045600 0.658623 0.030251
v -0.066328 0.860832 0.044042
v -0.066722 0.857718 0.043748
v -0.066698 0.857704 0.043982
v -0.066241 0.854162 0.043784
v -0.066287 0.860794 0.044280
v -0.066516 0.857696 0.044132
v -0.066083 0.854191 0.043943
v -0.066581 0.857732 0.043493
v -0.066244 0.854168 0.043558
v -0.066209 0.860823 0.043763
v -0.066314 0.857744 0.043284
v -0.066092 0.854206 0.043326
v -0.065961 0.860768 0.043518
v -0.066096 0.860719 0.044414
v -0.066225 0.857695 0.044157
v -0.065813 0.854246 0.043993
v -0.065362 0.860592 0.043367
v -0.065651 0.860684 0.043373
v -0.065825 0.854266 0.043150
v -0.065993 0.857750 0.043179
v -0.065171 0.860517 0.043501
v -0.065109 0.850274 0.043665
v -0.065094 0.850281 0.043449
v -0.064976 0.850318 0.043830
v -0.065807 0.860627 0.044408
v -0.065904 0.857701 0.044052
v -0.065503 0.854312 0.043921
v -0.064731 0.850400 0.043900
v -0.064935 0.850336 0.043240
v -0.065129 0.860479 0.043740
v -0.065516 0.854332 0.043078
v -0.065702 0.857749 0.043204
v -0.065497 0.860543 0.044263
v -0.065637 0.857713 0.043843
v -0.065237 0.854372 0.043745
v -0.064675 0.850426 0.043095
v -0.064439 0.850500 0.043857
v -0.065249 0.860489 0.044019
v -0.065246 0.854387 0.043128
v -0.065520 0.857741 0.043354
v -0.065497 0.857727 0.043588
v -0.065085 0.854410 0.043513
v -0.064383 0.850525 0.043051
v -0.065088 0.854416 0.043287
v -0.064179 0.850589 0.043711
v -0.064020 0.850645 0.043503
v -0.064138 0.850608 0.043122
v -0.063476 0.846130 0.043605
v -0.063366 0.846178 0.043774
v -0.063446 0.846143 0.043401
v -0.064005 0.850652 0.043287
v -0.063144 0.846271 0.043861
v -0.063282 0.846211 0.043216
v -0.062871 0.846387 0.043844
v -0.063030 0.846317 0.043099
v -0.062618 0.846493 0.043728
v -0.062756 0.846432 0.043082
v -0.062455 0.846561 0.043543
v -0.062535 0.846526 0.043170
v -0.062424 0.846573 0.043338
v -0.061507 0.841829 0.043588
v -0.061416 0.841874 0.043757
v -0.061463 0.841848 0.043396
v -0.061216 0.841969 0.043860
v -0.061297 0.841924 0.043234
v -0.060959 0.842089 0.043867
v -0.061053 0.842038 0.043145
v -0.060715 0.842203 0.043778
v -0.060796 0.842159 0.043153
v -0.060549 0.842280 0.043616
v -0.060595 0.842254 0.043255
v -0.060505 0.842298 0.043425
v -0.059364 0.837473 0.043595
v -0.059291 0.837511 0.043764
v -0.059309 0.837498 0.043417
v -0.059110 0.837601 0.043879
v -0.059141 0.837578 0.043278
v -0.058869 0.837720 0.043908
v -0.058904 0.837693 0.043215
v -0.058633 0.837834 0.043845
v -0.058664 0.837811 0.043245
v -0.058465 0.837915 0.043706
v -0.058483 0.837902 0.043360
v -0.058410 0.837940 0.043528
v -0.057209 0.833167 0.043611
v -0.057152 0.833197 0.043777
v -0.057145 0.833197 0.043448
v -0.056989 0.833278 0.043902
v -0.056976 0.833277 0.043331
v -0.056763 0.833388 0.043951
v -0.056747 0.833387 0.043292
v -0.056535 0.833498 0.043912
v -0.056521 0.833497 0.043341
v -0.056366 0.833578 0.043795
v -0.056358 0.833578 0.043466
v -0.056301 0.833607 0.043632
v -0.055207 0.829019 0.043618
v -0.055164 0.829039 0.043780
v -0.055134 0.829051 0.043470
v -0.055017 0.829107 0.043912
v -0.054804 0.829203 0.043978
v -0.054964 0.829127 0.043374
v -0.054584 0.829302 0.043961
v -0.054743 0.829226 0.043358
v -0.054414 0.829378 0.043866
v -0.054531 0.829322 0.043424
v -0.054384 0.829389 0.043556
v -0.054341 0.829410 0.043718
v -0.053490 0.825149 0.043755
v -0.053519 0.825138 0.043599
v -0.053357 0.825199 0.043892
v -0.053438 0.825169 0.043466
v -0.053157 0.825275 0.043973
v -0.053268 0.825234 0.043391
v -0.052943 0.825356 0.043976
v -0.053054 0.825315 0.043395
v -0.052773 0.825421 0.043901
v -0.054545 0.791837 0.033930
v -0.054459 0.791820 0.033870
v -0.054548 0.791811 0.033971
v -0.053659 0.793417 0.035017
v -0.054400 0.791780 0.033868
v -0.054522 0.791767 0.034006
v -0.053663 0.793387 0.035065
v -0.054512 0.791841 0.033893
v -0.053619 0.793425 0.034978
v -0.054351 0.791732 0.033887
v -0.054473 0.791720 0.034024
v -0.053630 0.793343 0.035107
v -0.052854 0.825391 0.043475
v -0.053555 0.793409 0.034958
v -0.054325 0.791689 0.033921
v -0.054415 0.791680 0.034022
v -0.053569 0.793297 0.035134
v -0.053482 0.793373 0.034962
v -0.054329 0.791662 0.033963
v -0.054362 0.791659 0.033999
v -0.053497 0.793261 0.035138
v -0.052692 0.825452 0.043768
v -0.053422 0.793327 0.034989
v -0.052721 0.825441 0.043612
v -0.053433 0.793245 0.035118
v -0.053389 0.793283 0.035032
v -0.053393 0.793253 0.035079
v -0.053098 0.795054 0.036070
v -0.053102 0.795022 0.036124
v -0.053052 0.795067 0.036029
v -0.053063 0.794979 0.036176
v -0.052976 0.795058 0.036012
v -0.052992 0.794937 0.036213
v -0.052892 0.795028 0.036023
v -0.052290 0.821640 0.043687
v -0.052308 0.821639 0.043539
v -0.052907 0.794907 0.036224
v -0.052820 0.794986 0.036060
v -0.052171 0.821668 0.043826
v -0.052832 0.794898 0.036207
v -0.052220 0.821664 0.043421
v -0.052782 0.794943 0.036112
v -0.052786 0.794911 0.036166
v -0.051983 0.821714 0.043918
v -0.052050 0.821709 0.043364
v -0.053139 0.808781 0.041939
v -0.053133 0.806526 0.041312
v -0.053140 0.806496 0.041411
v -0.053031 0.804348 0.040693
v -0.053146 0.808754 0.042045
v -0.053074 0.806465 0.041516
v -0.052970 0.804316 0.040791
v -0.053057 0.808796 0.041867
v -0.053056 0.806548 0.041247
v -0.053025 0.804381 0.040603
v -0.052981 0.811150 0.042473
v -0.053076 0.808722 0.042158
v -0.052988 0.811128 0.042588
v -0.052895 0.811156 0.042395
v -0.051775 0.821767 0.043939
v -0.052800 0.796757 0.037083
v -0.052804 0.796723 0.037144
v -0.052748 0.796775 0.037040
v -0.052954 0.806441 0.041600
v -0.052857 0.804294 0.040869
v -0.052913 0.811095 0.042707
v -0.052948 0.808694 0.042247
v -0.052759 0.796682 0.037205
v -0.052663 0.796773 0.037026
v -0.052922 0.808795 0.041849
v -0.052953 0.804407 0.040543
v -0.052929 0.806555 0.041233
v -0.052752 0.811144 0.042373
v -0.051842 0.821761 0.043385
v -0.052882 0.802304 0.039900
v -0.052825 0.802270 0.039989
v -0.052877 0.802339 0.039817
v -0.052679 0.796645 0.037252
v -0.052567 0.796750 0.037045
v -0.052720 0.802247 0.040061
v -0.052596 0.813641 0.042908
v -0.052602 0.813623 0.043030
v -0.052507 0.813635 0.042822
v -0.052835 0.804417 0.040531
v -0.052810 0.802365 0.039763
v -0.052811 0.806431 0.041640
v -0.052724 0.804287 0.040907
v -0.052778 0.811060 0.042800
v -0.052796 0.808678 0.042288
v -0.051605 0.821812 0.043883
v -0.052583 0.796623 0.037270
v -0.052770 0.808778 0.041890
v -0.052786 0.806545 0.041273
v -0.052591 0.811116 0.042414
v -0.052524 0.813587 0.043156
v -0.052486 0.796714 0.037091
v -0.052754 0.800356 0.039039
v -0.052701 0.800320 0.039119
v -0.052750 0.800392 0.038964
v -0.052596 0.802240 0.040096
v -0.052358 0.813607 0.042797
v -0.051654 0.821808 0.043478
v -0.052498 0.796620 0.037256
v -0.052446 0.796639 0.037213
v -0.052442 0.796673 0.037153
v -0.052708 0.798498 0.038118
v -0.052659 0.798460 0.038189
v -0.052704 0.798533 0.038050
v -0.052647 0.798556 0.038004
v -0.052553 0.798560 0.037992
v -0.052688 0.800417 0.038914
v -0.052604 0.800294 0.039183
v -0.052700 0.802376 0.039752
v -0.052701 0.804411 0.040569
v -0.052684 0.806438 0.041626
v -0.052605 0.804298 0.040895
v -0.052641 0.808751 0.041979
v -0.052666 0.806521 0.041357
v -0.052617 0.811032 0.042841
v -0.052660 0.808677 0.042270
v -0.052456 0.811081 0.042507
v -0.052382 0.813542 0.043253
v -0.052191 0.813565 0.042838
v -0.051516 0.821837 0.043765
v -0.052489 0.800283 0.039214
v -0.052486 0.802251 0.040085
v -0.051534 0.821835 0.043616
v -0.052570 0.798429 0.038244
v -0.052448 0.798544 0.038017
v -0.052586 0.800426 0.038903
v -0.052576 0.802369 0.039787
v -0.052589 0.804388 0.040648
v -0.052607 0.806460 0.041560
v -0.052533 0.804323 0.040836
v -0.052571 0.808719 0.042091
v -0.052600 0.806490 0.041462
v -0.052578 0.808692 0.042198
v -0.052475 0.811020 0.042820
v -0.052381 0.811048 0.042627
v -0.052464 0.798413 0.038270
v -0.052358 0.798513 0.038073
v -0.052471 0.800415 0.038934
v -0.052387 0.800292 0.039203
v -0.052471 0.802346 0.039859
v -0.052419 0.802277 0.040031
v -0.052527 0.804356 0.040745
v -0.052388 0.811026 0.042741
v -0.052214 0.813500 0.043294
v -0.052048 0.813520 0.042935
v -0.051933 0.816213 0.043228
v -0.051938 0.816201 0.043358
v -0.051839 0.816205 0.043138
v -0.052414 0.802312 0.039948
v -0.051853 0.816172 0.043492
v -0.052370 0.798417 0.038258
v -0.052309 0.798475 0.038144
v -0.052325 0.800318 0.039154
v -0.051682 0.816179 0.043112
v -0.052314 0.798439 0.038212
v -0.052374 0.800389 0.038998
v -0.052066 0.813472 0.043269
v -0.051970 0.813484 0.043061
v -0.052320 0.800353 0.039079
v -0.051976 0.813466 0.043184
v -0.051701 0.816135 0.043596
v -0.051503 0.816143 0.043156
v -0.051724 0.818635 0.043560
v -0.051730 0.818642 0.043420
v -0.051619 0.818632 0.043698
v -0.051523 0.816098 0.043640
v -0.051636 0.818651 0.043317
v -0.051351 0.816105 0.043259
v -0.051444 0.818634 0.043798
v -0.051366 0.816073 0.043614
v -0.051267 0.816077 0.043394
v -0.051468 0.818660 0.043277
v -0.051272 0.816065 0.043524
v -0.051246 0.818640 0.043833
v -0.051270 0.818666 0.043312
v -0.051078 0.818649 0.043793
v -0.051095 0.818668 0.043412
v -0.050984 0.818658 0.043689
v -0.050991 0.818665 0.043550
v -0.070546 0.811731 0.045810
v -0.070592 0.806164 0.046124
v -0.070573 0.806175 0.046397
v -0.070503 0.800523 0.046542
v -0.070365 0.811709 0.045523
v -0.070530 0.800522 0.046269
v -0.070420 0.806154 0.045832
v -0.070535 0.811748 0.046083
v -0.070368 0.806182 0.046578
v -0.070292 0.800528 0.046716
v -0.070403 0.817169 0.045365
v -0.070213 0.817138 0.045085
v -0.070313 0.794861 0.046475
v -0.070367 0.800524 0.045972
v -0.070349 0.794866 0.046204
v -0.070400 0.817193 0.045638
v -0.070335 0.811757 0.046270
v -0.070097 0.794863 0.046643
v -0.070102 0.806145 0.045599
v -0.070040 0.811689 0.045301
v -0.070174 0.822427 0.044830
v -0.069976 0.822388 0.044557
v -0.070206 0.817203 0.045831
v -0.070179 0.822456 0.045103
v -0.070195 0.794877 0.045902
v -0.070057 0.800530 0.045729
v -0.070031 0.806183 0.046619
v -0.069954 0.800536 0.046746
v -0.069882 0.817108 0.044874
v -0.070232 0.792682 0.046435
v -0.070278 0.792688 0.046165
v -0.070000 0.811754 0.046320
v -0.070010 0.792683 0.046595
v -0.069758 0.794874 0.046663
v -0.070222 0.790013 0.046131
v -0.070167 0.790008 0.046399
v -0.070135 0.792699 0.045857
v -0.070162 0.786892 0.046097
v -0.070097 0.786888 0.046363
v -0.070090 0.790022 0.045819
v -0.069939 0.790009 0.046551
v -0.069639 0.822350 0.044357
v -0.069991 0.822467 0.045301
v -0.069872 0.817197 0.045892
v -0.069893 0.794892 0.045650
v -0.070002 0.783383 0.046319
v -0.070041 0.786900 0.045780
v -0.070076 0.783386 0.046056
v -0.069864 0.786890 0.046507
v -0.069869 0.827454 0.044246
v -0.069663 0.827409 0.043980
v -0.069882 0.827486 0.044518
v -0.069842 0.792713 0.045594
v -0.069764 0.783386 0.046455
v -0.069806 0.790032 0.045546
v -0.069671 0.792691 0.046602
v -0.069724 0.806142 0.045488
v -0.069659 0.811676 0.045202
v -0.069967 0.783395 0.045735
v -0.069862 0.779552 0.046262
v -0.069945 0.779554 0.046002
v -0.069682 0.800538 0.045606
v -0.069767 0.786911 0.045497
v -0.069653 0.806180 0.046507
v -0.069579 0.800543 0.046623
v -0.069499 0.817087 0.044787
v -0.069619 0.779558 0.046389
v -0.069600 0.790016 0.046547
v -0.069619 0.811741 0.046221
v -0.069659 0.822457 0.045373
v -0.069700 0.827497 0.044722
v -0.069847 0.779565 0.045677
v -0.069703 0.783408 0.045442
v -0.069320 0.827363 0.043791
v -0.069656 0.775454 0.046185
v -0.069749 0.775456 0.045928
v -0.069525 0.786897 0.046490
v -0.069388 0.794888 0.046529
v -0.069522 0.794907 0.045515
v -0.069410 0.775465 0.046304
v -0.069426 0.783396 0.046426
v -0.069253 0.822322 0.044282
v -0.069489 0.817176 0.045805
v -0.069499 0.832196 0.043652
v -0.069286 0.832146 0.043393
v -0.069521 0.832231 0.043923
v -0.069663 0.775469 0.045600
v -0.069594 0.779582 0.045375
v -0.069476 0.792726 0.045447
v -0.069446 0.790042 0.045385
v -0.069366 0.771150 0.046082
v -0.069468 0.771150 0.045828
v -0.069282 0.779572 0.046349
v -0.069413 0.786921 0.045324
v -0.069306 0.792704 0.046455
v -0.069387 0.806143 0.045529
v -0.069324 0.811673 0.045253
v -0.069355 0.783421 0.045257
v -0.069371 0.827484 0.044805
v -0.069346 0.832242 0.044133
v -0.069344 0.800545 0.045636
v -0.069115 0.771165 0.046192
v -0.069421 0.775491 0.045289
v -0.069394 0.771166 0.045497
v -0.069240 0.790025 0.046386
v -0.069335 0.806171 0.046275
v -0.069269 0.800549 0.046381
v -0.069165 0.817080 0.044848
v -0.069273 0.822429 0.045299
v -0.068938 0.832095 0.043215
v -0.068933 0.827329 0.043729
v -0.069075 0.775484 0.046251
v -0.069294 0.811721 0.045999
v -0.069254 0.779599 0.045177
v -0.069171 0.786907 0.046317
v -0.069085 0.794903 0.046277
v -0.069078 0.783409 0.046241
v -0.069184 0.794917 0.045535
v -0.068921 0.822312 0.044354
v -0.069076 0.836604 0.043089
v -0.068855 0.836550 0.042837
v -0.069106 0.836639 0.043358
v -0.069081 0.766695 0.045696
v -0.068970 0.766696 0.045947
v -0.069137 0.792734 0.045454
v -0.069158 0.817145 0.045594
v -0.069107 0.790048 0.045381
v -0.069164 0.771193 0.045179
v -0.069019 0.766714 0.045363
v -0.068783 0.771191 0.046128
v -0.069088 0.775514 0.045080
v -0.068942 0.779590 0.046151
v -0.069074 0.786928 0.045307
v -0.069012 0.792718 0.046192
v -0.069182 0.806150 0.045709
v -0.069124 0.811682 0.045440
v -0.068716 0.766717 0.046047
v -0.069020 0.832225 0.044226
v -0.068984 0.827450 0.044743
v -0.069017 0.783431 0.045228
v -0.069133 0.800550 0.045811
v -0.069106 0.800551 0.046083
v -0.069162 0.806161 0.045983
v -0.068938 0.836647 0.043574
v -0.068971 0.817090 0.045041
v -0.068549 0.832055 0.043166
v -0.068956 0.790036 0.046113
v -0.068742 0.775508 0.046042
v -0.068917 0.779613 0.045137
v -0.068931 0.794915 0.045975
v -0.069113 0.811699 0.045713
v -0.068604 0.827316 0.043811
v -0.068936 0.822391 0.045098
v -0.068503 0.836493 0.042670
v -0.068897 0.786918 0.046034
v -0.068967 0.794920 0.045703
v -0.068839 0.771224 0.044957
v -0.068801 0.766748 0.045036
v -0.068815 0.783422 0.045948
v -0.068733 0.822323 0.044553
v -0.068968 0.817114 0.045314
v -0.068387 0.766752 0.045971
v -0.068915 0.792736 0.045615
v -0.068879 0.790049 0.045533
v -0.068610 0.840625 0.042595
v -0.068649 0.840659 0.042864
v -0.068568 0.762150 0.045525
v -0.068448 0.762153 0.045772
v -0.068459 0.771222 0.045906
v -0.068754 0.775534 0.045027
v -0.068689 0.779606 0.045849
v -0.068841 0.786930 0.045451
v -0.068869 0.792730 0.045885
v -0.068382 0.840569 0.042350
v -0.068518 0.762172 0.045190
v -0.068779 0.783435 0.045364
v -0.068824 0.790045 0.045801
v -0.068631 0.832185 0.044177
v -0.068615 0.836626 0.043677
v -0.068641 0.827405 0.044553
v -0.068192 0.762181 0.045864
v -0.068739 0.822352 0.044825
v -0.068776 0.786927 0.045717
v -0.068500 0.775529 0.045731
v -0.068675 0.779620 0.045264
v -0.068422 0.827327 0.044016
v -0.068223 0.832038 0.043259
v -0.068113 0.836448 0.042634
v -0.068487 0.840662 0.043085
v -0.068705 0.783431 0.045627
v -0.068025 0.840507 0.042195
v -0.068485 0.766788 0.044804
v -0.068507 0.771251 0.044893
v -0.068591 0.779617 0.045525
v -0.068313 0.762214 0.044857
v -0.068071 0.766792 0.045739
v -0.068507 0.775544 0.045146
v -0.068228 0.771249 0.045588
v -0.068435 0.827359 0.044287
v -0.067867 0.762226 0.045777
v -0.068414 0.775542 0.045403
v -0.068283 0.832133 0.043999
v -0.068225 0.836580 0.043641
v -0.068112 0.844209 0.042212
v -0.068159 0.844239 0.042480
v -0.068048 0.832048 0.043469
v -0.068169 0.840635 0.043199
v -0.067876 0.844153 0.041974
v -0.067908 0.757572 0.045310
v -0.067780 0.757579 0.045552
v -0.067791 0.836426 0.042737
v -0.067871 0.757598 0.044974
v -0.068256 0.771266 0.045003
v -0.068156 0.766823 0.044728
v -0.068154 0.771265 0.045257
v -0.067635 0.840455 0.042172
v -0.068006 0.762264 0.044614
v -0.068006 0.844234 0.042707
v -0.067853 0.766826 0.045413
v -0.067522 0.757615 0.045635
v -0.068070 0.832083 0.043740
v -0.067561 0.762276 0.045534
v -0.067515 0.844086 0.041831
v -0.067679 0.757648 0.044633
v -0.067873 0.836523 0.043475
v -0.067902 0.766844 0.044829
v -0.067791 0.766845 0.045080
v -0.067622 0.836434 0.042953
v -0.067779 0.840583 0.043176
v -0.067202 0.757672 0.045537
v -0.067682 0.762309 0.044527
v -0.067692 0.844197 0.042832
v -0.067591 0.847308 0.041979
v -0.067648 0.847329 0.042246
v -0.067317 0.840427 0.042286
v -0.067347 0.847254 0.041749
v -0.067355 0.762318 0.045200
v -0.067652 0.836470 0.043223
v -0.067126 0.844025 0.041820
v -0.067383 0.757710 0.044380
v -0.067504 0.847311 0.042478
v -0.067081 0.753020 0.045043
v -0.066946 0.753031 0.045281
v -0.067425 0.762337 0.044619
v -0.067057 0.753049 0.044706
v -0.066906 0.757734 0.045284
v -0.067422 0.840521 0.043021
v -0.066983 0.847181 0.041617
v -0.067306 0.762340 0.044865
v -0.067155 0.840431 0.042507
v -0.066686 0.753078 0.045355
v -0.067303 0.844137 0.042821
v -0.066879 0.753109 0.044359
v -0.067064 0.757767 0.044282
v -0.067197 0.847259 0.042614
v -0.067194 0.840465 0.042776
v -0.067055 0.849875 0.041939
v -0.067124 0.849881 0.042204
v -0.066813 0.843988 0.041945
v -0.066804 0.849825 0.041716
v -0.066714 0.757784 0.044943
v -0.066373 0.753149 0.045246
v -0.066596 0.847109 0.041619
v -0.066992 0.849840 0.042440
v -0.066805 0.757803 0.044365
v -0.066942 0.844070 0.042677
v -0.066596 0.753185 0.044096
v -0.066677 0.757810 0.044607
v -0.066438 0.849744 0.041596
v -0.066659 0.843984 0.042172
v -0.066810 0.847186 0.042616
v -0.066089 0.753224 0.044983
v -0.066707 0.844014 0.042440
v -0.066695 0.849765 0.042585
v -0.066289 0.847057 0.041754
v -0.066067 0.748551 0.044718
v -0.065923 0.748565 0.044951
v -0.066056 0.748585 0.044380
v -0.066282 0.753255 0.043988
v -0.066054 0.849654 0.041610
v -0.065664 0.748624 0.045016
v -0.066445 0.847113 0.042484
v -0.065911 0.753284 0.044637
v -0.065894 0.748658 0.044029
v -0.066023 0.753302 0.044062
v -0.066145 0.847038 0.041987
v -0.066311 0.849675 0.042599
v -0.065358 0.748711 0.044898
v -0.065887 0.753313 0.044300
v -0.066202 0.847059 0.042254
v -0.065624 0.748751 0.043757
v -0.065757 0.849579 0.041754
v -0.065945 0.849594 0.042479
v -0.065088 0.748804 0.044626
v -0.065318 0.748838 0.043638
v -0.065625 0.849538 0.041991
v -0.065694 0.849544 0.042256
v -0.064874 0.744223 0.044240
v -0.064733 0.744235 0.044475
v -0.064926 0.748877 0.044274
v -0.064863 0.744270 0.043904
v -0.065059 0.748897 0.043704
v -0.064477 0.744303 0.044545
v -0.064915 0.748911 0.043937
v -0.064702 0.744364 0.043557
v -0.064175 0.744409 0.044432
v -0.064435 0.744480 0.043292
v -0.063908 0.744525 0.044167
v -0.064133 0.744585 0.043179
v -0.063747 0.744618 0.043820
v -0.063877 0.744654 0.043249
v -0.063736 0.744666 0.043484
v -0.063520 0.740076 0.043601
v -0.063381 0.740084 0.043837
v -0.063509 0.740137 0.043268
v -0.063129 0.740160 0.043912
v -0.063350 0.740252 0.042926
v -0.062831 0.740283 0.043806
v -0.063086 0.740389 0.042667
v -0.062567 0.740420 0.043547
v -0.062788 0.740511 0.042561
v -0.062408 0.740534 0.043205
v -0.062536 0.740587 0.042636
v -0.062397 0.740595 0.042872
v -0.062045 0.736120 0.042835
v -0.061907 0.736125 0.043072
v -0.062033 0.736194 0.042504
v -0.061658 0.736206 0.043152
v -0.061876 0.736326 0.042168
v -0.061364 0.736343 0.043052
v -0.061616 0.736481 0.041916
v -0.061104 0.736499 0.042801
v -0.061322 0.736618 0.041817
v -0.060947 0.736631 0.042464
v -0.061073 0.736700 0.041896
v -0.060936 0.736705 0.042133
v -0.060488 0.732364 0.041975
v -0.060352 0.732365 0.042213
v -0.060476 0.732448 0.041646
v -0.060106 0.732451 0.042297
v -0.060321 0.732596 0.041316
v -0.059815 0.732600 0.042204
v -0.060063 0.732766 0.041071
v -0.059558 0.732770 0.041960
v -0.059772 0.732915 0.040979
v -0.059403 0.732918 0.041629
v -0.059526 0.733001 0.041063
v -0.059391 0.733002 0.041301
v -0.058888 0.728814 0.041054
v -0.058755 0.728812 0.041293
v -0.058876 0.728908 0.040728
v -0.058512 0.728902 0.041381
v -0.058722 0.729068 0.040402
v -0.058224 0.729059 0.041295
v -0.058467 0.729251 0.040165
v -0.057968 0.729243 0.041057
v -0.058179 0.729408 0.040078
v -0.057814 0.729402 0.040732
v -0.057935 0.729498 0.040167
v -0.057802 0.729496 0.040406
v -0.057287 0.725480 0.040105
v -0.057155 0.725475 0.040345
v -0.057274 0.725581 0.039781
v -0.056915 0.725566 0.040438
v -0.057119 0.725750 0.039461
v -0.056629 0.725731 0.040357
v -0.056865 0.725943 0.039229
v -0.056374 0.725923 0.040126
v -0.056579 0.726107 0.039149
v -0.056220 0.726093 0.039806
v -0.056338 0.726199 0.039242
v -0.056207 0.726194 0.039482
v -0.055723 0.722369 0.039161
v -0.055593 0.722361 0.039403
v -0.055707 0.722475 0.038840
v -0.055354 0.722454 0.039499
v -0.055552 0.722651 0.038523
v -0.055069 0.722622 0.039424
v -0.055297 0.722851 0.038298
v -0.054815 0.722821 0.039199
v -0.055012 0.723019 0.038223
v -0.054659 0.722998 0.038883
v -0.054773 0.723112 0.038319
v -0.054644 0.723104 0.038561
v -0.054235 0.719489 0.038257
v -0.054109 0.719480 0.038500
v -0.054217 0.719599 0.037936
v -0.053871 0.719572 0.038599
v -0.054058 0.719779 0.037624
v -0.053586 0.719742 0.038529
v -0.053802 0.719981 0.037403
v -0.053329 0.719944 0.038308
v -0.053517 0.720151 0.037333
v -0.053171 0.720124 0.037996
v -0.053279 0.720243 0.037432
v -0.053153 0.720234 0.037675
v -0.052865 0.716851 0.037425
v -0.052741 0.716840 0.037669
v -0.052842 0.716961 0.037104
v -0.052504 0.716931 0.037771
v -0.052679 0.717141 0.036794
v -0.052217 0.717099 0.037705
v -0.052419 0.717342 0.036576
v -0.051957 0.717300 0.037488
v -0.052132 0.717510 0.036510
v -0.051794 0.717480 0.037177
v -0.051894 0.717601 0.036613
v -0.051771 0.717590 0.036857
v -0.051532 0.714454 0.036944
v -0.051652 0.714465 0.036698
v -0.051294 0.714541 0.037049
v -0.051622 0.714571 0.036377
v -0.051452 0.714745 0.036067
v -0.051003 0.714703 0.036985
v -0.051185 0.714939 0.035852
v -0.050737 0.714897 0.036770
v -0.050894 0.715101 0.035788
v -0.050566 0.715071 0.036460
v -0.050656 0.715189 0.035893
v -0.050536 0.715177 0.036139
v -0.050637 0.712343 0.036110
v -0.050521 0.712334 0.036359
v -0.050598 0.712440 0.035788
v -0.050282 0.712416 0.036466
v -0.050416 0.712599 0.035476
v -0.049985 0.712565 0.036403
v -0.050139 0.712778 0.035261
v -0.049707 0.712744 0.036187
v -0.049841 0.712928 0.035198
v -0.049525 0.712903 0.035876
v -0.049602 0.713009 0.035305
v -0.049854 0.710488 0.035692
v -0.049743 0.710481 0.035942
v -0.049806 0.710573 0.035367
v -0.049487 0.713000 0.035553
v -0.049503 0.710555 0.036051
v -0.049612 0.710713 0.035054
v -0.049197 0.710688 0.035989
v -0.049323 0.710871 0.034838
v -0.048908 0.710847 0.035772
v -0.049652 0.709998 0.035617
v -0.049536 0.709995 0.035860
v -0.049017 0.711005 0.034776
v -0.049612 0.710072 0.035294
v -0.049295 0.710065 0.035958
v -0.048714 0.710987 0.035460
v -0.049347 0.709210 0.035486
v -0.049226 0.709210 0.035722
v -0.049427 0.710197 0.034978
v -0.049318 0.709279 0.035167
v -0.048777 0.711078 0.034884
v -0.048986 0.709279 0.035810
v -0.048666 0.711072 0.035135
v -0.048994 0.710189 0.035885
v -0.049145 0.709399 0.034849
v -0.049146 0.710341 0.034753
v -0.048965 0.708196 0.035313
v -0.048838 0.708199 0.035540
v -0.048945 0.708261 0.034997
v -0.048692 0.709400 0.035728
v -0.048600 0.708269 0.035619
v -0.048713 0.710332 0.035660
v -0.048876 0.709538 0.034618
v -0.048786 0.708376 0.034679
v -0.048845 0.710464 0.034679
v -0.048314 0.708387 0.035528
v -0.048423 0.709538 0.035497
v -0.048524 0.707015 0.035106
v -0.048393 0.707021 0.035326
v -0.048515 0.707076 0.034796
v -0.048527 0.710458 0.035344
v -0.048582 0.709658 0.034536
v -0.048528 0.708511 0.034443
v -0.048158 0.707091 0.035396
v -0.048604 0.710534 0.034778
v -0.048368 0.707187 0.034477
v -0.048057 0.708522 0.035292
v -0.048250 0.709658 0.035179
v -0.048487 0.710531 0.035021
v -0.047880 0.707208 0.035297
v -0.048342 0.709727 0.034624
v -0.048242 0.708629 0.034352
v -0.048045 0.705725 0.034878
v -0.047910 0.705733 0.035090
v -0.048045 0.705782 0.034572
v -0.048123 0.707318 0.034236
v -0.048221 0.709727 0.034860
v -0.047897 0.708637 0.034974
v -0.047677 0.705804 0.035151
v -0.047910 0.705889 0.034254
v -0.048004 0.708699 0.034431
v -0.047635 0.707339 0.035056
v -0.047845 0.707435 0.034137
v -0.047878 0.708702 0.034658
v -0.047408 0.705920 0.035045
v -0.047678 0.706017 0.034009
v -0.047488 0.707450 0.034738
v -0.047545 0.704382 0.034637
v -0.047407 0.704393 0.034841
v -0.047555 0.704435 0.034336
v -0.047609 0.707505 0.034207
v -0.047177 0.704465 0.034893
v -0.047433 0.704538 0.034019
v -0.047479 0.707511 0.034427
v -0.047175 0.706048 0.034800
v -0.047409 0.706132 0.033903
v -0.046917 0.704579 0.034780
v -0.047212 0.704663 0.033771
v -0.047041 0.706154 0.034482
v -0.047176 0.706203 0.033964
v -0.047045 0.703044 0.034394
v -0.046904 0.703058 0.034590
v -0.047064 0.703093 0.034099
v -0.047041 0.706211 0.034176
v -0.046954 0.703192 0.033783
v -0.046677 0.703130 0.034634
v -0.046696 0.704704 0.034532
v -0.046952 0.704776 0.033658
v -0.046746 0.703314 0.033532
v -0.046426 0.703243 0.034514
v -0.046574 0.704807 0.034215
v -0.046722 0.704849 0.033710
v -0.046563 0.701768 0.034159
v -0.046591 0.701813 0.033869
v -0.046419 0.701784 0.034347
v -0.046584 0.704859 0.033914
v -0.046493 0.701909 0.033556
v -0.046495 0.703427 0.033412
v -0.046218 0.703365 0.034263
v -0.046196 0.701858 0.034383
v -0.046297 0.702028 0.033302
v -0.046268 0.703499 0.033456
v -0.046108 0.703464 0.033948
v -0.045954 0.701969 0.034257
v -0.046119 0.700609 0.033941
v -0.046154 0.700652 0.033658
v -0.046127 0.703513 0.033652
v -0.045972 0.700628 0.034121
v -0.046069 0.700744 0.033347
v -0.046056 0.702140 0.033177
v -0.045753 0.700703 0.034150
v -0.045758 0.702089 0.034004
v -0.045886 0.700861 0.033092
v -0.045833 0.702213 0.033213
v -0.045661 0.702184 0.033690
v -0.045521 0.700814 0.034019
v -0.045730 0.699625 0.033752
v -0.045773 0.699665 0.033475
v -0.045581 0.699647 0.033924
v -0.045688 0.702230 0.033401
v -0.045700 0.699755 0.033167
v -0.045653 0.700972 0.032961
v -0.045366 0.699724 0.033945
v -0.045337 0.700932 0.033764
v -0.045530 0.699872 0.032911
v -0.045435 0.701048 0.032990
v -0.045413 0.698867 0.033598
v -0.045465 0.698906 0.033329
v -0.045144 0.699836 0.033809
v -0.045252 0.701024 0.033453
v -0.045263 0.698892 0.033763
v -0.045405 0.698997 0.033025
v -0.045288 0.701066 0.033170
v -0.045308 0.699983 0.032776
v -0.045055 0.698974 0.033777
v -0.045249 0.699116 0.032770
v -0.044974 0.699952 0.033553
v -0.045189 0.698396 0.033492
v -0.045251 0.698437 0.033231
v -0.045094 0.700060 0.032797
v -0.045037 0.698422 0.033648
v -0.045205 0.698533 0.032933
v -0.044844 0.699090 0.033638
v -0.044901 0.700042 0.033246
v -0.045039 0.699232 0.032631
v -0.044945 0.700082 0.032969
v -0.044835 0.698507 0.033657
v -0.044822 0.697505 0.032960
v -0.044760 0.697460 0.033207
v -0.045065 0.698658 0.032680
v -0.044781 0.697603 0.032679
v -0.044613 0.697478 0.033354
v -0.044688 0.699209 0.033383
v -0.044830 0.699314 0.032646
v -0.044867 0.698779 0.032539
v -0.044649 0.697726 0.032439
v -0.044637 0.698628 0.033515
v -0.044419 0.697556 0.033361
v -0.044628 0.699300 0.033080
v -0.044680 0.699339 0.032810
v -0.044664 0.698864 0.032547
v -0.044461 0.697842 0.032304
v -0.044263 0.696134 0.032548
v -0.044203 0.696088 0.032781
v -0.044231 0.697672 0.033226
v -0.044496 0.698754 0.033262
v -0.044224 0.696228 0.032281
v -0.044061 0.696100 0.032919
v -0.044451 0.698849 0.032965
v -0.044512 0.698890 0.032703
v -0.044267 0.697920 0.032311
v -0.044098 0.696343 0.032053
v -0.044099 0.697796 0.032987
v -0.043875 0.696169 0.032924
v -0.044120 0.697939 0.032458
v -0.044058 0.697893 0.032705
v -0.043918 0.696449 0.031924
v -0.043695 0.696276 0.032796
v -0.043597 0.694383 0.032015
v -0.043540 0.694337 0.032235
v -0.043733 0.696518 0.031930
v -0.043561 0.694472 0.031763
v -0.043569 0.696391 0.032568
v -0.043405 0.694347 0.032365
v -0.043591 0.696531 0.032068
v -0.043441 0.694579 0.031546
v -0.043531 0.696484 0.032301
v -0.043228 0.694409 0.032369
v -0.043270 0.694678 0.031424
v -0.043057 0.694507 0.032247
v -0.043093 0.694740 0.031428
v -0.042937 0.694615 0.032030
v -0.042852 0.692325 0.031385
v -0.042798 0.692281 0.031593
v -0.042958 0.694749 0.031558
v -0.042818 0.692409 0.031147
v -0.042901 0.694704 0.031778
v -0.042670 0.692288 0.031715
v -0.042705 0.692509 0.030943
v -0.042503 0.692345 0.031718
v -0.042543 0.692600 0.030827
v -0.042341 0.692436 0.031602
v -0.042375 0.692656 0.030830
v -0.042227 0.692536 0.031398
v -0.042247 0.692664 0.030952
v -0.042193 0.692620 0.031160
v -0.042056 0.690032 0.030683
v -0.042005 0.689990 0.030878
v -0.042024 0.690110 0.030459
v -0.041885 0.689995 0.030992
v -0.041917 0.690203 0.030267
v -0.041727 0.690047 0.030994
v -0.041765 0.690287 0.030157
v -0.041574 0.690130 0.030885
v -0.041607 0.690338 0.030160
v -0.041467 0.690224 0.030693
v -0.041486 0.690344 0.030274
v -0.041435 0.690302 0.030469
v -0.041236 0.687574 0.029931
v -0.041188 0.687534 0.030113
v -0.041206 0.687647 0.029722
v -0.041075 0.687538 0.030220
v -0.041106 0.687733 0.029541
v -0.040927 0.687585 0.030222
v -0.040962 0.687810 0.029438
v -0.040783 0.687661 0.030119
v -0.040814 0.687856 0.029440
v -0.040683 0.687748 0.029938
v -0.040701 0.687860 0.029547
v -0.040653 0.687820 0.029729
v -0.040419 0.685022 0.029153
v -0.040375 0.684985 0.029323
v -0.040391 0.685090 0.028958
v -0.040269 0.684988 0.029422
v -0.040297 0.685169 0.028790
v -0.040130 0.685030 0.029423
v -0.040163 0.685238 0.028693
v -0.039996 0.685099 0.029327
v -0.040024 0.685280 0.028695
v -0.039902 0.685178 0.029158
v -0.039918 0.685283 0.028793
v -0.039874 0.685245 0.028963
v -0.039632 0.682448 0.028373
v -0.039591 0.682413 0.028530
v -0.039606 0.682510 0.028192
v -0.039492 0.682415 0.028621
v -0.039519 0.682581 0.028036
v -0.039364 0.682452 0.028622
v -0.039394 0.682644 0.027946
v -0.039239 0.682514 0.028532
v -0.039265 0.682681 0.027947
v -0.039151 0.682586 0.028376
v -0.039166 0.682683 0.028038
v -0.039125 0.682648 0.028195
v -0.038903 0.679922 0.027614
v -0.038865 0.679890 0.027759
v -0.038878 0.679978 0.027448
v -0.038774 0.679889 0.027842
v -0.038797 0.680042 0.027303
v -0.038654 0.679922 0.027842
v -0.038682 0.680098 0.027220
v -0.038539 0.679977 0.027759
v -0.038563 0.680130 0.027220
v -0.038458 0.680042 0.027615
v -0.038472 0.680130 0.027303
v -0.038433 0.680097 0.027448
v -0.038257 0.677514 0.026900
v -0.038222 0.677485 0.027032
v -0.038235 0.677564 0.026748
v -0.038139 0.677483 0.027108
v -0.038160 0.677621 0.026615
v -0.038029 0.677510 0.027108
v -0.038054 0.677669 0.026538
v -0.037923 0.677558 0.027031
v -0.037945 0.677696 0.026537
v -0.037849 0.677615 0.026898
v -0.037861 0.677694 0.026613
v -0.037826 0.677665 0.026745
v -0.037724 0.675296 0.026255
v -0.037692 0.675269 0.026374
v -0.037703 0.675340 0.026116
v -0.037616 0.675266 0.026442
v -0.037635 0.675388 0.025995
v -0.037516 0.675287 0.026441
v -0.037538 0.675429 0.025924
v -0.037419 0.675328 0.026370
v -0.037438 0.675450 0.025923
v -0.037351 0.675376 0.026249
v -0.037362 0.675447 0.025991
v -0.037330 0.675420 0.026111
v -0.037328 0.673339 0.025700
v -0.037299 0.673315 0.025808
v -0.037309 0.673375 0.025576
v -0.037231 0.673310 0.025868
v -0.037247 0.673415 0.025466
v -0.037141 0.673326 0.025866
v -0.037159 0.673447 0.025402
v -0.037053 0.673358 0.025801
v -0.037069 0.673462 0.025400
v -0.036992 0.673397 0.025692
v -0.037001 0.673458 0.025460
v -0.036972 0.673434 0.025567
v -0.037197 0.672492 0.025479
v -0.037171 0.672470 0.025580
v -0.037179 0.672524 0.025361
v -0.037106 0.672465 0.025636
v -0.037120 0.672558 0.025257
v -0.037021 0.672477 0.025634
v -0.037001 0.671186 0.025253
v -0.037026 0.671206 0.025158
v -0.036941 0.671180 0.025306
v -0.037009 0.671235 0.025047
v -0.037037 0.672585 0.025195
v -0.036938 0.672503 0.025572
v -0.036954 0.671266 0.024950
v -0.036861 0.671191 0.025303
v -0.036795 0.669556 0.024843
v -0.036818 0.669575 0.024754
v -0.036783 0.671214 0.025245
v -0.036952 0.672597 0.025193
v -0.036876 0.671290 0.024892
v -0.036879 0.672537 0.025468
v -0.036738 0.669550 0.024892
v -0.036802 0.669602 0.024651
v -0.036861 0.672569 0.025350
v -0.036888 0.672591 0.025249
v -0.036750 0.669631 0.024560
v -0.036796 0.671300 0.024889
v -0.036664 0.669560 0.024890
v -0.036728 0.671245 0.025148
v -0.036678 0.669653 0.024506
v -0.036710 0.671274 0.025037
v -0.036735 0.671294 0.024942
v -0.036591 0.669582 0.024836
v -0.036555 0.667674 0.024365
v -0.036577 0.667692 0.024283
v -0.036503 0.667669 0.024411
v -0.036562 0.667718 0.024187
v -0.036603 0.669663 0.024503
v -0.036540 0.669611 0.024745
v -0.036514 0.667745 0.024103
v -0.036434 0.667678 0.024408
v -0.036523 0.669638 0.024641
v -0.036547 0.669657 0.024553
v -0.036447 0.667766 0.024053
v -0.036366 0.667699 0.024358
v -0.036378 0.667775 0.024050
v -0.036319 0.667726 0.024274
v -0.036286 0.665633 0.023834
v -0.036306 0.665650 0.023759
v -0.036238 0.665628 0.023877
v -0.036293 0.665674 0.023670
v -0.036304 0.667752 0.024178
v -0.036325 0.667770 0.024096
v -0.036249 0.665700 0.023593
v -0.036174 0.665637 0.023874
v -0.036187 0.665720 0.023547
v -0.036112 0.665657 0.023828
v -0.036123 0.665729 0.023545
v -0.036068 0.665683 0.023751
v -0.036055 0.665708 0.023663
v -0.036075 0.665725 0.023587
v -0.035992 0.663524 0.023266
v -0.036010 0.663540 0.023197
v -0.035947 0.663520 0.023305
v -0.035998 0.663564 0.023117
v -0.035958 0.663589 0.023046
v -0.035889 0.663529 0.023303
v -0.035901 0.663608 0.023004
v -0.035832 0.663548 0.023261
v -0.035843 0.663617 0.023002
v -0.035792 0.663573 0.023191
v -0.035780 0.663597 0.023110
v -0.035798 0.663613 0.023041
v -0.035675 0.661441 0.022676
v -0.035692 0.661456 0.022613
v -0.035635 0.661437 0.022711
v -0.035681 0.661479 0.022540
v -0.035645 0.661503 0.022476
v -0.035582 0.661446 0.022709
v -0.035593 0.661522 0.022439
v -0.035530 0.661465 0.022672
v -0.035540 0.661531 0.022437
v -0.035494 0.661489 0.022608
v -0.035483 0.661511 0.022535
v -0.035500 0.661527 0.022473
v -0.035339 0.659474 0.022078
v -0.035355 0.659489 0.022022
v -0.035303 0.659471 0.022109
v -0.035345 0.659511 0.021957
v -0.035256 0.659480 0.022108
v -0.035313 0.659535 0.021900
v -0.035267 0.659553 0.021866
v -0.035210 0.659498 0.022075
v -0.035178 0.659522 0.022018
v -0.035219 0.659562 0.021865
v -0.035168 0.659544 0.021953
v -0.035183 0.659559 0.021897
v -0.034988 0.657716 0.021487
v -0.034956 0.657713 0.021515
v -0.035002 0.657730 0.021438
v -0.034994 0.657752 0.021381
v -0.034914 0.657722 0.021515
v -0.034966 0.657776 0.021331
v -0.034926 0.657795 0.021302
v -0.034874 0.657741 0.021486
v -0.034846 0.657765 0.021436
v -0.034884 0.657804 0.021302
v -0.034838 0.657787 0.021379
v -0.034852 0.657801 0.021330
v -0.034625 0.656257 0.020918
v -0.034597 0.656255 0.020943
v -0.034638 0.656272 0.020876
v -0.034631 0.656295 0.020828
v -0.034561 0.656265 0.020943
v -0.034608 0.656319 0.020786
v -0.034574 0.656340 0.020762
v -0.034527 0.656285 0.020919
v -0.034503 0.656310 0.020878
v -0.034538 0.656350 0.020763
v -0.034497 0.656333 0.020829
v -0.034510 0.656347 0.020787
v -0.034251 0.655188 0.020384
v -0.034227 0.655186 0.020405
v -0.034263 0.655204 0.020350
v -0.034260 0.655229 0.020311
v -0.034243 0.655258 0.020279
v -0.034198 0.655198 0.020407
v -0.034216 0.655281 0.020262
v -0.034171 0.655222 0.020390
v -0.034186 0.655293 0.020265
v -0.034153 0.655250 0.020358
v -0.034150 0.655275 0.020320
v -0.034162 0.655291 0.020286
v -0.033865 0.654601 0.019894
v -0.033846 0.654600 0.019912
v -0.033879 0.654619 0.019870
v -0.033883 0.654649 0.019846
v -0.033876 0.654682 0.019828
v -0.033825 0.654615 0.019918
v -0.033860 0.654710 0.019822
v -0.033809 0.654643 0.019912
v -0.033839 0.654726 0.019829
v -0.033802 0.654676 0.019895
v -0.033806 0.654706 0.019871
v -0.033819 0.654724 0.019847
v -0.093792 0.817997 0.038036
v -0.093863 0.814031 0.037175
v -0.093862 0.813971 0.037472
v -0.093637 0.809933 0.036712
v -0.093791 0.817928 0.038335
v -0.093648 0.813932 0.037684
v -0.093426 0.809916 0.036926
v -0.093579 0.818056 0.037728
v -0.093638 0.809983 0.036416
v -0.093652 0.814096 0.036871
v -0.093449 0.821826 0.038961
v -0.093575 0.817869 0.038544
v -0.093448 0.821751 0.039261
v -0.093234 0.821877 0.038647
v -0.093093 0.805870 0.036095
v -0.092887 0.805878 0.036310
v -0.093429 0.810053 0.036116
v -0.093092 0.805908 0.035800
v -0.093278 0.813924 0.037752
v -0.093062 0.809938 0.036999
v -0.093208 0.818089 0.037493
v -0.093284 0.814148 0.036642
v -0.093232 0.821672 0.039467
v -0.093202 0.817833 0.038607
v -0.092862 0.821890 0.038405
v -0.092858 0.825464 0.039907
v -0.092858 0.825384 0.040209
v -0.092643 0.825506 0.039588
v -0.092531 0.805931 0.036388
v -0.093066 0.810125 0.035893
v -0.092886 0.805982 0.035504
v -0.092852 0.813950 0.037660
v -0.092642 0.809991 0.036913
v -0.092778 0.818088 0.037394
v -0.092858 0.814174 0.036550
v -0.092858 0.821609 0.039525
v -0.092643 0.825286 0.040412
v -0.092270 0.825497 0.039337
v -0.092773 0.817832 0.038508
v -0.092431 0.821862 0.038298
v -0.092203 0.801838 0.035663
v -0.092006 0.801873 0.035878
v -0.092200 0.801862 0.035369
v -0.092119 0.806013 0.036307
v -0.092528 0.806073 0.035286
v -0.092646 0.810178 0.035807
v -0.091660 0.801959 0.035958
v -0.091996 0.801939 0.035076
v -0.092484 0.814003 0.037431
v -0.092279 0.810063 0.036690
v -0.092406 0.818053 0.037457
v -0.092489 0.814167 0.036618
v -0.092427 0.821581 0.039418
v -0.092270 0.825196 0.040463
v -0.091840 0.825440 0.039222
v -0.092041 0.828857 0.040836
v -0.092042 0.828773 0.041139
v -0.091827 0.828886 0.040510
v -0.092402 0.817866 0.038273
v -0.092057 0.821800 0.038356
v -0.091761 0.806104 0.036089
v -0.092116 0.806156 0.035205
v -0.092281 0.810200 0.035880
v -0.091829 0.828656 0.041340
v -0.091457 0.828852 0.040251
v -0.091260 0.802072 0.035881
v -0.091647 0.802050 0.034863
v -0.092273 0.814068 0.037127
v -0.092069 0.810133 0.036390
v -0.092190 0.817993 0.037666
v -0.092274 0.814128 0.036830
v -0.092055 0.821594 0.039175
v -0.091839 0.825139 0.040348
v -0.091467 0.825350 0.039274
v -0.092188 0.817924 0.037965
v -0.091841 0.821720 0.038562
v -0.091555 0.806178 0.035793
v -0.092070 0.810183 0.036094
v -0.091760 0.806208 0.035283
v -0.091459 0.828538 0.041384
v -0.091030 0.828764 0.040126
v -0.090952 0.797913 0.035456
v -0.090762 0.797967 0.035670
v -0.090946 0.797928 0.035165
v -0.091840 0.821645 0.038862
v -0.090911 0.802183 0.035668
v -0.091246 0.802163 0.034786
v -0.091554 0.806216 0.035498
v -0.091467 0.825130 0.040098
v -0.091251 0.825252 0.039477
v -0.091020 0.831953 0.041707
v -0.091021 0.831867 0.042014
v -0.090810 0.831965 0.041374
v -0.090427 0.798074 0.035751
v -0.090745 0.798007 0.034875
v -0.091251 0.825171 0.039779
v -0.091032 0.828450 0.041260
v -0.090660 0.828646 0.040170
v -0.090812 0.831730 0.042211
v -0.090446 0.831901 0.041104
v -0.090707 0.802260 0.035375
v -0.090901 0.802249 0.034866
v -0.090036 0.798207 0.035676
v -0.090403 0.798130 0.034664
v -0.090703 0.802285 0.035082
v -0.090662 0.828416 0.041000
v -0.090447 0.828529 0.040371
v -0.090450 0.831580 0.042247
v -0.090027 0.831777 0.040968
v -0.089694 0.798329 0.035466
v -0.090013 0.798262 0.034589
v -0.090448 0.828445 0.040675
v -0.090030 0.831456 0.042112
v -0.089664 0.831627 0.041004
v -0.089814 0.834699 0.042482
v -0.089814 0.834613 0.042792
v -0.089611 0.834689 0.042140
v -0.090555 0.796782 0.035368
v -0.090380 0.796829 0.035586
v -0.090535 0.796801 0.035085
v -0.089493 0.798408 0.035176
v -0.089677 0.798369 0.034670
v -0.089613 0.834455 0.042986
v -0.089261 0.834588 0.041857
v -0.090057 0.796930 0.035683
v -0.090326 0.796881 0.034814
v -0.089487 0.798423 0.034885
v -0.089667 0.831392 0.041841
v -0.089455 0.831491 0.041202
v -0.090128 0.795423 0.035248
v -0.089966 0.795459 0.035470
v -0.090095 0.795448 0.034975
v -0.089456 0.831405 0.041508
v -0.089263 0.834268 0.043012
v -0.088857 0.834421 0.041708
v -0.089673 0.797057 0.035631
v -0.089982 0.797002 0.034628
v -0.089654 0.795545 0.035580
v -0.089877 0.795527 0.034723
v -0.089660 0.793832 0.035109
v -0.089513 0.793860 0.035332
v -0.089615 0.793860 0.034845
v -0.089274 0.795659 0.035549
v -0.089330 0.797177 0.035444
v -0.088858 0.834101 0.042863
v -0.088507 0.834234 0.041735
v -0.089598 0.797129 0.034576
v -0.089532 0.795639 0.034560
v -0.089213 0.793937 0.035455
v -0.089390 0.793937 0.034612
v -0.088436 0.837045 0.043121
v -0.088434 0.836963 0.043435
v -0.088250 0.837006 0.042768
v -0.089149 0.792025 0.034960
v -0.089017 0.792048 0.035184
v -0.088841 0.794042 0.035445
v -0.088929 0.795771 0.035386
v -0.089120 0.797258 0.035173
v -0.089275 0.797230 0.034672
v -0.088508 0.834000 0.042580
v -0.088305 0.834076 0.041929
v -0.089092 0.792054 0.034707
v -0.088244 0.836781 0.043624
v -0.087924 0.836856 0.042469
v -0.089153 0.795753 0.034530
v -0.089045 0.794042 0.034472
v -0.088732 0.792118 0.035320
v -0.089100 0.797277 0.034891
v -0.088305 0.833990 0.042238
v -0.088861 0.792128 0.034493
v -0.088712 0.795850 0.035135
v -0.088497 0.794146 0.035305
v -0.088840 0.795840 0.034640
v -0.087917 0.836549 0.043639
v -0.087548 0.836636 0.042306
v -0.088369 0.792216 0.035329
v -0.088593 0.790015 0.034815
v -0.088476 0.790036 0.035039
v -0.088673 0.794147 0.034462
v -0.088679 0.795875 0.034861
v -0.088525 0.790045 0.034573
v -0.088519 0.792228 0.034375
v -0.088206 0.790101 0.035185
v -0.088272 0.794223 0.035072
v -0.088290 0.790117 0.034378
v -0.087541 0.836328 0.043475
v -0.087221 0.836403 0.042320
v -0.088027 0.792315 0.035211
v -0.088374 0.794223 0.034585
v -0.087855 0.790194 0.035214
v -0.088227 0.794251 0.034809
v -0.088157 0.792325 0.034385
v -0.087989 0.787820 0.034685
v -0.087887 0.787839 0.034908
v -0.087910 0.787849 0.034454
v -0.087951 0.790212 0.034281
v -0.087796 0.792389 0.034997
v -0.087216 0.836178 0.043177
v -0.087031 0.836221 0.042510
v -0.087633 0.787901 0.035063
v -0.086929 0.838901 0.043573
v -0.086921 0.838826 0.043891
v -0.086763 0.838833 0.043210
v -0.087516 0.790289 0.035117
v -0.087871 0.792395 0.034520
v -0.087029 0.836139 0.042823
v -0.087672 0.787918 0.034277
v -0.087739 0.792419 0.034744
v -0.086741 0.838627 0.044079
v -0.086469 0.838639 0.042898
v -0.087294 0.787990 0.035110
v -0.087600 0.790304 0.034310
v -0.087281 0.790361 0.034922
v -0.087333 0.785452 0.034582
v -0.087247 0.785471 0.034803
v -0.087339 0.788010 0.034202
v -0.087245 0.785480 0.034362
v -0.086438 0.838358 0.044085
v -0.086124 0.838372 0.042722
v -0.087009 0.785531 0.034966
v -0.087330 0.790370 0.034456
v -0.086961 0.788082 0.035034
v -0.087213 0.790390 0.034680
v -0.087006 0.785548 0.034204
v -0.086684 0.785618 0.035029
v -0.087000 0.788099 0.034248
v -0.086094 0.838091 0.043910
v -0.085821 0.838103 0.042729
v -0.086723 0.788151 0.034857
v -0.086624 0.782927 0.034517
v -0.086552 0.782946 0.034735
v -0.086680 0.785637 0.034148
v -0.086746 0.788161 0.034403
v -0.086358 0.785707 0.034973
v -0.086645 0.788180 0.034626
v -0.086527 0.782954 0.034309
v -0.086332 0.783006 0.034906
v -0.085799 0.837897 0.043598
v -0.085642 0.837904 0.042917
v -0.086021 0.783091 0.034983
v -0.086288 0.783020 0.034168
v -0.086355 0.785723 0.034210
v -0.085634 0.837828 0.043235
v -0.086119 0.785774 0.034814
v -0.084269 0.841677 0.044158
v -0.084232 0.841593 0.044476
v -0.084137 0.841615 0.043775
v -0.083872 0.841425 0.043429
v -0.086117 0.785784 0.034374
v -0.086030 0.785803 0.034595
v -0.084035 0.841386 0.044643
v -0.085703 0.783178 0.034946
v -0.085970 0.783107 0.034132
v -0.085800 0.780278 0.034716
v -0.085858 0.780258 0.034502
v -0.085597 0.780339 0.034893
v -0.085753 0.780285 0.034307
v -0.083543 0.841157 0.043213
v -0.083731 0.841112 0.044615
v -0.085464 0.783244 0.034805
v -0.085659 0.783192 0.034209
v -0.085301 0.780423 0.034984
v -0.085515 0.780350 0.034183
v -0.085439 0.783252 0.034380
v -0.085367 0.783271 0.034598
v -0.083240 0.840883 0.043185
v -0.083403 0.840844 0.044399
v -0.084993 0.780510 0.034965
v -0.085207 0.780436 0.034165
v -0.084988 0.777483 0.034759
v -0.085031 0.777462 0.034549
v -0.083043 0.840676 0.043352
v -0.084802 0.777544 0.034940
v -0.083137 0.840654 0.044053
v -0.084921 0.777487 0.034367
v -0.084755 0.780575 0.034841
v -0.084912 0.780521 0.034256
v -0.083006 0.840592 0.043670
v -0.084523 0.777629 0.035043
v -0.084685 0.777551 0.034260
v -0.084651 0.780601 0.034646
v -0.084708 0.780581 0.034432
v -0.084225 0.777715 0.035041
v -0.084388 0.777638 0.034258
v -0.084112 0.774574 0.034875
v -0.084142 0.774552 0.034671
v -0.083943 0.774636 0.035058
v -0.083990 0.777780 0.034934
v -0.084026 0.774576 0.034501
v -0.084109 0.777723 0.034361
v -0.083681 0.774723 0.035172
v -0.083879 0.777805 0.034751
v -0.083922 0.777784 0.034542
v -0.083794 0.774640 0.034410
v -0.083396 0.774809 0.035185
v -0.083509 0.774727 0.034424
v -0.081721 0.844540 0.044598
v -0.081618 0.844494 0.044200
v -0.083164 0.774874 0.035095
v -0.081652 0.844450 0.044913
v -0.083170 0.771567 0.035075
v -0.083188 0.771546 0.034877
v -0.081370 0.844323 0.043823
v -0.083018 0.771629 0.035260
v -0.083247 0.774813 0.034537
v -0.083068 0.771571 0.034720
v -0.081431 0.844246 0.045059
v -0.083047 0.774898 0.034925
v -0.082772 0.771715 0.035383
v -0.083078 0.774876 0.034721
v -0.081046 0.844074 0.043571
v -0.082841 0.771635 0.034645
v -0.081115 0.843984 0.044998
v -0.082500 0.771801 0.035411
v -0.080730 0.843812 0.043510
v -0.082568 0.771721 0.034672
v -0.082273 0.771865 0.035336
v -0.080790 0.843735 0.044745
v -0.082323 0.771807 0.034795
v -0.080508 0.843608 0.043656
v -0.082165 0.768457 0.035327
v -0.082182 0.768438 0.035144
v -0.082023 0.768513 0.035499
v -0.082152 0.771890 0.035178
v -0.080543 0.843564 0.044369
v -0.082170 0.771869 0.034980
v -0.082071 0.768461 0.034998
v -0.080440 0.843518 0.043971
v -0.081796 0.768592 0.035613
v -0.081860 0.768521 0.034928
v -0.081543 0.768671 0.035638
v -0.081607 0.768600 0.034954
v -0.081333 0.768731 0.035569
v -0.081380 0.768679 0.035068
v -0.081221 0.768754 0.035423
v -0.081145 0.765240 0.035540
v -0.081162 0.765224 0.035371
v -0.081015 0.765289 0.035699
v -0.081238 0.768735 0.035240
v -0.081060 0.765247 0.035237
v -0.080804 0.765359 0.035804
v -0.080866 0.765302 0.035173
v -0.080571 0.765431 0.035827
v -0.079285 0.847491 0.044909
v -0.079212 0.847459 0.044497
v -0.079185 0.847395 0.045218
v -0.078988 0.847307 0.044093
v -0.080633 0.765374 0.035197
v -0.080377 0.765486 0.035763
v -0.078941 0.847196 0.045341
v -0.080422 0.765444 0.035302
v -0.078671 0.847076 0.043804
v -0.080275 0.765508 0.035629
v -0.080292 0.765493 0.035460
v -0.080109 0.761923 0.035718
v -0.080124 0.761911 0.035563
v -0.079988 0.761967 0.035863
v -0.078617 0.846948 0.045245
v -0.080031 0.761933 0.035440
v -0.078347 0.846828 0.043709
v -0.079796 0.762029 0.035959
v -0.079854 0.761983 0.035382
v -0.079582 0.762094 0.035981
v -0.078300 0.846717 0.044957
v -0.078103 0.846629 0.043832
v -0.079641 0.762048 0.035404
v -0.079405 0.762144 0.035922
v -0.078075 0.846565 0.044552
v -0.078003 0.846533 0.044141
v -0.079448 0.762111 0.035500
v -0.079312 0.762166 0.035799
v -0.079328 0.762154 0.035645
v -0.079051 0.758518 0.035863
v -0.079066 0.758508 0.035723
v -0.078942 0.758556 0.035994
v -0.078982 0.758529 0.035612
v -0.078767 0.758611 0.036081
v -0.078821 0.758575 0.035559
v -0.078574 0.758670 0.036101
v -0.078628 0.758633 0.035578
v -0.078413 0.758716 0.036048
v -0.078453 0.758689 0.035665
v -0.078329 0.758736 0.035937
v -0.078344 0.758727 0.035797
v -0.076956 0.850475 0.044676
v -0.076995 0.850494 0.045098
v -0.076758 0.850341 0.044246
v -0.076865 0.850394 0.045398
v -0.077971 0.755033 0.035979
v -0.077984 0.755025 0.035854
v -0.077872 0.755066 0.036097
v -0.077909 0.755044 0.035754
v -0.076454 0.850129 0.043922
v -0.077716 0.755115 0.036175
v -0.076599 0.850202 0.045496
v -0.077765 0.755086 0.035706
v -0.077542 0.755167 0.036193
v -0.076125 0.849896 0.043792
v -0.077592 0.755138 0.035724
v -0.076271 0.849968 0.045366
v -0.077399 0.755209 0.036145
v -0.077435 0.755188 0.035802
v -0.077324 0.755228 0.036045
v -0.077337 0.755221 0.035920
v -0.075859 0.849703 0.043890
v -0.075966 0.849757 0.045042
v -0.075729 0.849604 0.044190
v -0.075768 0.849623 0.044612
v -0.076864 0.751477 0.036070
v -0.076876 0.751471 0.035959
v -0.076777 0.751506 0.036173
v -0.076810 0.751489 0.035870
v -0.076638 0.751549 0.036243
v -0.076683 0.751526 0.035828
v -0.076485 0.751596 0.036258
v -0.076530 0.751573 0.035844
v -0.076359 0.751633 0.036216
v -0.076391 0.751616 0.035913
v -0.076292 0.751651 0.036128
v -0.076304 0.751645 0.036017
v -0.074883 0.853505 0.044745
v -0.074887 0.853513 0.045174
v -0.074715 0.853388 0.044291
v -0.075729 0.747862 0.036137
v -0.075739 0.747857 0.036041
v -0.075653 0.747886 0.036228
v -0.074725 0.853412 0.045462
v -0.075682 0.747873 0.035964
v -0.075533 0.747924 0.036288
v -0.074427 0.853196 0.043934
v -0.075572 0.747906 0.035928
v -0.075400 0.747965 0.036301
v -0.074441 0.853228 0.045533
v -0.075439 0.747947 0.035941
v -0.075290 0.747998 0.036265
v -0.074097 0.852979 0.043769
v -0.075319 0.747985 0.036001
v -0.075232 0.748014 0.036188
v -0.075243 0.748009 0.036092
v -0.074110 0.853011 0.045368
v -0.073812 0.852795 0.043840
v -0.073822 0.852819 0.045011
v -0.073650 0.852694 0.044129
v -0.073654 0.852702 0.044557
v -0.074562 0.744195 0.036186
v -0.074571 0.744191 0.036104
v -0.074497 0.744216 0.036263
v -0.074522 0.744205 0.036039
v -0.074395 0.744248 0.036314
v -0.074429 0.744234 0.036008
v -0.074282 0.744283 0.036325
v -0.074316 0.744269 0.036020
v -0.074189 0.744312 0.036294
v -0.074214 0.744301 0.036070
v -0.074141 0.744326 0.036229
v -0.074150 0.744322 0.036147
v -0.073028 0.856512 0.044713
v -0.072893 0.856411 0.044239
v -0.072994 0.856513 0.045145
v -0.072625 0.856238 0.043849
v -0.072800 0.856414 0.045419
v -0.073360 0.740487 0.036219
v -0.073368 0.740484 0.036152
v -0.073307 0.740504 0.036282
v -0.073328 0.740496 0.036098
v -0.073224 0.740531 0.036324
v -0.072499 0.856242 0.045462
v -0.073252 0.740520 0.036073
v -0.072297 0.856039 0.043649
v -0.073131 0.740561 0.036333
v -0.073159 0.740550 0.036082
v -0.073055 0.740584 0.036308
v -0.073075 0.740577 0.036124
v -0.073015 0.740597 0.036254
v -0.073022 0.740594 0.036187
v -0.072170 0.856042 0.045261
v -0.071995 0.855866 0.043692
v -0.071802 0.855767 0.043966
v -0.071903 0.855869 0.044872
v -0.071768 0.855769 0.044398
v -0.072121 0.736747 0.036239
v -0.072127 0.736745 0.036187
v -0.072080 0.736761 0.036289
v -0.072096 0.736755 0.036145
v -0.072014 0.736782 0.036322
v -0.072037 0.736774 0.036125
v -0.071942 0.736806 0.036329
v -0.071964 0.736798 0.036132
v -0.071882 0.736825 0.036309
v -0.071899 0.736819 0.036165
v -0.071851 0.736835 0.036267
v -0.071857 0.736833 0.036214
v -0.071423 0.859460 0.044588
v -0.071325 0.859373 0.044097
v -0.071349 0.859458 0.045020
v -0.071082 0.859218 0.043678
v -0.071124 0.859366 0.045277
v -0.070759 0.859038 0.043443
v -0.070807 0.859209 0.045289
v -0.070442 0.858881 0.043456
v -0.070484 0.859029 0.045054
v -0.070843 0.732985 0.036251
v -0.070847 0.732984 0.036212
v -0.070813 0.732995 0.036286
v -0.070824 0.732991 0.036182
v -0.070765 0.733011 0.036310
v -0.070781 0.733006 0.036167
v -0.070713 0.733029 0.036315
v -0.070217 0.858789 0.043712
v -0.070729 0.733023 0.036173
v -0.070670 0.733043 0.036301
v -0.070682 0.733039 0.036197
v -0.070241 0.858875 0.044635
v -0.070647 0.733051 0.036271
v -0.070652 0.733049 0.036232
v -0.070143 0.858787 0.044144
v -0.070102 0.862313 0.044381
v -0.070045 0.862234 0.043876
v -0.069986 0.862313 0.044808
v -0.069830 0.862097 0.043429
v -0.069730 0.862234 0.045044
v -0.069517 0.861939 0.043160
v -0.069521 0.729211 0.036256
v -0.069523 0.729210 0.036232
v -0.069502 0.729217 0.036278
v -0.069510 0.729215 0.036213
v -0.069473 0.729227 0.036293
v -0.069400 0.862097 0.045024
v -0.069483 0.729224 0.036204
v -0.069441 0.729239 0.036296
v -0.069187 0.861802 0.043141
v -0.069451 0.729235 0.036208
v -0.069414 0.729248 0.036287
v -0.069422 0.729245 0.036222
v -0.069400 0.729252 0.036268
v -0.069403 0.729251 0.036244
v -0.069086 0.861939 0.044755
v -0.068930 0.861723 0.043376
v -0.068815 0.861723 0.043804
v -0.068872 0.861802 0.044308
v -0.069085 0.864955 0.043585
v -0.069098 0.865033 0.044099
v -0.068904 0.864833 0.043114
v -0.068939 0.865044 0.044517
v -0.068603 0.864699 0.042811
v -0.068652 0.864987 0.044728
v -0.068264 0.864588 0.042758
v -0.068312 0.864877 0.044675
v -0.067976 0.864531 0.042969
v -0.068476 0.867497 0.043236
v -0.068443 0.867582 0.043753
v -0.068011 0.864742 0.044372
v -0.068333 0.867384 0.042744
v -0.067817 0.864543 0.043387
v -0.068241 0.867619 0.044156
v -0.068051 0.867275 0.042408
v -0.067830 0.864620 0.043901
v -0.067925 0.867596 0.044336
v -0.067705 0.867199 0.042318
v -0.068246 0.869816 0.042839
v -0.068144 0.869705 0.042331
v -0.068166 0.869926 0.043352
v -0.068355 0.871756 0.041888
v -0.068415 0.871881 0.042406
v -0.067678 0.872273 0.043350
v -0.068294 0.872036 0.042904
v -0.068024 0.872180 0.043250
v -0.068130 0.871695 0.041490
v -0.067348 0.872292 0.043179
v -0.067886 0.869621 0.041963
v -0.067579 0.867520 0.044247
v -0.067924 0.870006 0.043731
v -0.067389 0.867176 0.042499
v -0.067800 0.871714 0.041318
v -0.067123 0.872231 0.042780
v -0.067542 0.869589 0.041834
v -0.067586 0.870033 0.043876
v -0.067297 0.867411 0.043911
v -0.067187 0.867212 0.042902
v -0.067153 0.867298 0.043419
v -0.067453 0.871808 0.041419
v -0.067063 0.872106 0.042263
v -0.067204 0.869617 0.041979
v -0.067242 0.870001 0.043747
v -0.067184 0.871951 0.041764
v -0.066962 0.869696 0.042358
v -0.066984 0.869918 0.043379
v -0.066882 0.869806 0.042871
v -0.102893 0.851170 0.041915
v -0.102961 0.851153 0.041788
v -0.102982 0.851145 0.041820
v -0.102030 0.848062 0.041713
v -0.102840 0.851187 0.041917
v -0.102918 0.851167 0.041771
v -0.102002 0.848072 0.041671
v -0.102943 0.851155 0.041893
v -0.102975 0.851146 0.041858
v -0.102021 0.848063 0.041765
v -0.101978 0.848076 0.041812
v -0.101911 0.848097 0.041841
v -0.102797 0.851202 0.041900
v -0.102865 0.851184 0.041774
v -0.101944 0.848092 0.041648
v -0.101840 0.848120 0.041844
v -0.102776 0.851209 0.041868
v -0.102815 0.851199 0.041795
v -0.101873 0.848115 0.041651
v -0.101782 0.848140 0.041821
v -0.102782 0.851208 0.041830
v -0.101806 0.848136 0.041680
v -0.101754 0.848150 0.041779
v -0.101763 0.848149 0.041727
v -0.101180 0.845437 0.041697
v -0.101191 0.845434 0.041632
v -0.101126 0.845454 0.041755
v -0.101156 0.845448 0.041578
v -0.101044 0.845482 0.041792
v -0.101084 0.845474 0.041550
v -0.100955 0.845514 0.041796
v -0.100995 0.845505 0.041554
v -0.100883 0.845539 0.041768
v -0.100912 0.845533 0.041591
v -0.100858 0.845551 0.041649
v -0.100848 0.845553 0.041714
v -0.100401 0.843226 0.041657
v -0.100414 0.843222 0.041579
v -0.100338 0.843251 0.041727
v -0.100372 0.843240 0.041514
v -0.100240 0.843290 0.041771
v -0.100287 0.843275 0.041480
v -0.100135 0.843332 0.041776
v -0.100182 0.843317 0.041486
v -0.100050 0.843367 0.041742
v -0.100085 0.843356 0.041529
v -0.100008 0.843385 0.041678
v -0.100021 0.843381 0.041600
v -0.099632 0.841391 0.041648
v -0.099646 0.841384 0.041557
v -0.099561 0.841427 0.041730
v -0.099598 0.841408 0.041481
v -0.099452 0.841483 0.041781
v -0.099502 0.841456 0.041441
v -0.099333 0.841542 0.041788
v -0.099384 0.841516 0.041448
v -0.099237 0.841590 0.041748
v -0.099274 0.841571 0.041499
v -0.099190 0.841614 0.041673
v -0.099203 0.841607 0.041582
v -0.098817 0.839891 0.041674
v -0.098830 0.839879 0.041570
v -0.098743 0.839944 0.041768
v -0.098778 0.839911 0.041483
v -0.098627 0.840024 0.041826
v -0.098676 0.839979 0.041438
v -0.098502 0.840110 0.041833
v -0.098551 0.840064 0.041445
v -0.098400 0.840177 0.041788
v -0.098436 0.840144 0.041503
v -0.098348 0.840210 0.041701
v -0.098362 0.840197 0.041597
v -0.097897 0.838687 0.041739
v -0.097908 0.838668 0.041622
v -0.097828 0.838764 0.041844
v -0.097856 0.838712 0.041524
v -0.097717 0.838878 0.041908
v -0.097755 0.838806 0.041472
v -0.097596 0.838998 0.041915
v -0.097634 0.838926 0.041479
v -0.097496 0.839093 0.041863
v -0.097524 0.839040 0.041543
v -0.097444 0.839136 0.041765
v -0.097454 0.839117 0.041648
v -0.096819 0.837753 0.041848
v -0.096823 0.837726 0.041719
v -0.096763 0.837856 0.041962
v -0.096775 0.837782 0.041609
v -0.096671 0.838008 0.042031
v -0.096687 0.837906 0.041548
v -0.096568 0.838167 0.042036
v -0.096583 0.838066 0.041553
v -0.096480 0.838292 0.041975
v -0.096491 0.838217 0.041622
v -0.096431 0.838348 0.041866
v -0.096436 0.838321 0.041736
v -0.095539 0.837065 0.042003
v -0.095535 0.837031 0.041862
v -0.095504 0.837193 0.042126
v -0.095494 0.837099 0.041740
v -0.095440 0.837379 0.042197
v -0.095426 0.837250 0.041670
v -0.095363 0.837573 0.042198
v -0.095349 0.837445 0.041671
v -0.095295 0.837725 0.042128
v -0.095285 0.837631 0.041742
v -0.095254 0.837793 0.042006
v -0.095250 0.837758 0.041865
v -0.094023 0.836594 0.042206
v -0.094012 0.836554 0.042052
v -0.094009 0.836740 0.042337
v -0.093973 0.836953 0.042410
v -0.093977 0.836632 0.041918
v -0.093925 0.837177 0.042407
v -0.093929 0.836805 0.041838
v -0.093877 0.837350 0.042327
v -0.093881 0.837028 0.041835
v -0.093843 0.837427 0.042193
v -0.093845 0.837242 0.041908
v -0.093831 0.837388 0.042039
v -0.092233 0.836300 0.042457
v -0.092215 0.836256 0.042292
v -0.092236 0.836461 0.042597
v -0.092223 0.836696 0.042673
v -0.092186 0.836341 0.042145
v -0.092197 0.836943 0.042666
v -0.092154 0.836532 0.042056
v -0.092165 0.837134 0.042577
v -0.092128 0.836778 0.042048
v -0.092136 0.837219 0.042430
v -0.092115 0.837014 0.042125
v -0.092118 0.837175 0.042264
v -0.090121 0.836142 0.042759
v -0.090098 0.836094 0.042582
v -0.090136 0.836316 0.042908
v -0.090138 0.836571 0.042988
v -0.090128 0.836837 0.042978
v -0.090073 0.836186 0.042423
v -0.090107 0.837044 0.042880
v -0.090081 0.837136 0.042721
v -0.090052 0.836393 0.042325
v -0.090041 0.836659 0.042315
v -0.090043 0.836914 0.042395
v -0.090058 0.837088 0.042543
v -0.087658 0.836267 0.043275
v -0.087635 0.836080 0.043116
v -0.087670 0.836540 0.043359
v -0.087670 0.836826 0.043346
v -0.087655 0.837048 0.043241
v -0.087608 0.836029 0.042926
v -0.087585 0.836127 0.042755
v -0.087632 0.837146 0.043070
v -0.087605 0.837095 0.042879
v -0.087570 0.836349 0.042649
v -0.087570 0.836635 0.042637
v -0.087582 0.836908 0.042721
v -0.102391 0.731339 0.023639
v -0.102465 0.731311 0.023509
v -0.102450 0.731311 0.023590
v -0.101772 0.730224 0.023461
v -0.102430 0.731341 0.023417
v -0.101785 0.730224 0.023386
v -0.101718 0.730253 0.023507
v -0.102302 0.731390 0.023643
v -0.102356 0.731391 0.023340
v -0.101754 0.730253 0.023301
v -0.101638 0.730303 0.023511
v -0.102207 0.731448 0.023601
v -0.102261 0.731450 0.023298
v -0.101687 0.730303 0.023230
v -0.101553 0.730361 0.023472
v -0.102133 0.731498 0.023524
v -0.102172 0.731500 0.023302
v -0.101602 0.730362 0.023192
v -0.101486 0.730412 0.023401
v -0.102098 0.731528 0.023432
v -0.102113 0.731528 0.023351
v -0.101522 0.730412 0.023196
v -0.101455 0.730441 0.023317
v -0.101469 0.730441 0.023242
v -0.101058 0.729178 0.023332
v -0.101070 0.729178 0.023263
v -0.101010 0.729206 0.023374
v -0.101043 0.729206 0.023185
v -0.100938 0.729254 0.023378
v -0.100982 0.729254 0.023120
v -0.100861 0.729310 0.023343
v -0.100906 0.729310 0.023085
v -0.100801 0.729358 0.023278
v -0.100834 0.729358 0.023089
v -0.100773 0.729385 0.023200
v -0.100785 0.729385 0.023131
v -0.100337 0.728144 0.023199
v -0.100348 0.728144 0.023136
v -0.100292 0.728169 0.023238
v -0.100322 0.728170 0.023065
v -0.100226 0.728213 0.023241
v -0.100267 0.728213 0.023006
v -0.100156 0.728263 0.023209
v -0.100198 0.728264 0.022974
v -0.100101 0.728307 0.023150
v -0.100131 0.728307 0.022978
v -0.100076 0.728332 0.023079
v -0.100087 0.728333 0.023016
v -0.099630 0.727090 0.023060
v -0.099640 0.727091 0.023003
v -0.099589 0.727111 0.023094
v -0.099617 0.727113 0.022939
v -0.099528 0.727149 0.023098
v -0.099566 0.727151 0.022885
v -0.099464 0.727192 0.023068
v -0.099502 0.727195 0.022856
v -0.099413 0.727230 0.023014
v -0.099441 0.727232 0.022859
v -0.099390 0.727253 0.022950
v -0.099400 0.727253 0.022894
v -0.098963 0.725985 0.022911
v -0.098972 0.725987 0.022860
v -0.098925 0.726002 0.022942
v -0.098951 0.726005 0.022803
v -0.098868 0.726032 0.022944
v -0.098904 0.726037 0.022755
v -0.098809 0.726068 0.022917
v -0.098845 0.726072 0.022728
v -0.098762 0.726099 0.022869
v -0.098788 0.726103 0.022730
v -0.098741 0.726118 0.022812
v -0.098750 0.726119 0.022761
v -0.098359 0.724799 0.022749
v -0.098367 0.724801 0.022705
v -0.098324 0.724811 0.022776
v -0.098348 0.724816 0.022654
v -0.098272 0.724833 0.022778
v -0.098305 0.724840 0.022611
v -0.098218 0.724860 0.022754
v -0.098251 0.724867 0.022587
v -0.098175 0.724885 0.022710
v -0.098199 0.724890 0.022589
v -0.098155 0.724900 0.022660
v -0.098164 0.724902 0.022615
v -0.097842 0.723499 0.022572
v -0.097850 0.723502 0.022533
v -0.097810 0.723507 0.022594
v -0.097832 0.723513 0.022489
v -0.097764 0.723522 0.022595
v -0.097794 0.723531 0.022452
v -0.097715 0.723540 0.022574
v -0.097745 0.723549 0.022430
v -0.097677 0.723558 0.022536
v -0.097699 0.723564 0.022431
v -0.097659 0.723569 0.022492
v -0.097667 0.723572 0.022454
v -0.097437 0.722056 0.022375
v -0.097443 0.722059 0.022343
v -0.097409 0.722059 0.022394
v -0.097428 0.722067 0.022305
v -0.097369 0.722068 0.022394
v -0.097395 0.722078 0.022273
v -0.097327 0.722079 0.022375
v -0.097353 0.722089 0.022255
v -0.097294 0.722090 0.022343
v -0.097312 0.722098 0.022255
v -0.097278 0.722098 0.022306
v -0.097285 0.722101 0.022273
v -0.097437 0.714230 0.021333
v -0.097418 0.714230 0.021302
v -0.097402 0.714227 0.021307
v -0.097088 0.716556 0.021583
v -0.097429 0.714231 0.021308
v -0.097106 0.716557 0.021584
v -0.097411 0.714225 0.021333
v -0.097403 0.714225 0.021324
v -0.097080 0.716550 0.021622
v -0.097422 0.714226 0.021338
v -0.097076 0.716554 0.021591
v -0.097073 0.716552 0.021605
v -0.097437 0.714232 0.021316
v -0.097125 0.716558 0.021593
v -0.097140 0.716558 0.021607
v -0.097095 0.716550 0.021636
v -0.097132 0.716552 0.021646
v -0.097147 0.716556 0.021624
v -0.097144 0.716554 0.021638
v -0.097114 0.716550 0.021645
v -0.097174 0.720440 0.022130
v -0.097161 0.720445 0.022099
v -0.097168 0.720437 0.022156
v -0.097146 0.720438 0.022171
v -0.097113 0.720441 0.022170
v -0.097134 0.720452 0.022073
v -0.097078 0.720447 0.022155
v -0.097099 0.720457 0.022057
v -0.097050 0.720453 0.022128
v -0.097066 0.720461 0.022057
v -0.097043 0.720461 0.022072
v -0.097037 0.720458 0.022098
v -0.097067 0.718616 0.021891
v -0.097057 0.718619 0.021868
v -0.097062 0.718613 0.021911
v -0.097045 0.718612 0.021922
v -0.097035 0.718621 0.021847
v -0.097008 0.718623 0.021834
v -0.097019 0.718612 0.021922
v -0.096983 0.718623 0.021834
v -0.096965 0.718622 0.021845
v -0.096961 0.718619 0.021865
v -0.096971 0.718616 0.021889
v -0.096992 0.718613 0.021910
v -0.109930 0.714590 0.033601
v -0.109811 0.701691 0.036315
v -0.109966 0.714625 0.033758
v -0.109831 0.726155 0.030677
v -0.109863 0.726204 0.030852
v -0.109889 0.714667 0.033943
v -0.109751 0.701721 0.036482
v -0.109774 0.701669 0.036177
v -0.109680 0.726123 0.030575
v -0.109792 0.714570 0.033513
v -0.109767 0.726257 0.031054
v -0.109721 0.714703 0.034106
v -0.109609 0.701749 0.036633
v -0.109508 0.736390 0.027616
v -0.109534 0.736452 0.027809
v -0.109365 0.687378 0.038314
v -0.109319 0.687395 0.038462
v -0.109347 0.736344 0.027498
v -0.109648 0.701659 0.036104
v -0.109451 0.726116 0.030573
v -0.109587 0.714570 0.033519
v -0.109327 0.687366 0.038194
v -0.109571 0.726299 0.031227
v -0.109419 0.736515 0.028026
v -0.109201 0.687415 0.038598
v -0.109423 0.701768 0.036728
v -0.109505 0.714724 0.034204
v -0.109094 0.736328 0.027487
v -0.109469 0.701664 0.036116
v -0.109216 0.687364 0.038135
v -0.109044 0.687430 0.038686
v -0.109372 0.714592 0.033617
v -0.109205 0.726137 0.030672
v -0.109325 0.726320 0.031327
v -0.109193 0.736561 0.028208
v -0.108996 0.745321 0.024627
v -0.109015 0.745395 0.024838
v -0.109243 0.701773 0.036740
v -0.109300 0.714725 0.034210
v -0.108826 0.745261 0.024493
v -0.109283 0.701683 0.036210
v -0.109062 0.687371 0.038152
v -0.108817 0.736345 0.027587
v -0.108890 0.687437 0.038703
v -0.108878 0.745464 0.025069
v -0.108592 0.671659 0.039543
v -0.108558 0.671667 0.039670
v -0.109203 0.714628 0.033780
v -0.109008 0.726180 0.030846
v -0.108550 0.745232 0.024473
v -0.108557 0.671656 0.039443
v -0.108464 0.671677 0.039789
v -0.109096 0.726314 0.031325
v -0.108916 0.736578 0.028307
v -0.109118 0.701763 0.036667
v -0.109162 0.714705 0.034122
v -0.109141 0.701711 0.036361
v -0.108905 0.687387 0.038241
v -0.108779 0.687435 0.038644
v -0.108461 0.671660 0.039397
v -0.108335 0.671688 0.039870
v -0.109126 0.714669 0.033965
v -0.108913 0.726233 0.031047
v -0.108591 0.736392 0.027769
v -0.108621 0.745509 0.025260
v -0.109080 0.701740 0.036528
v -0.108945 0.726282 0.031223
v -0.108787 0.687406 0.038377
v -0.108741 0.687423 0.038525
v -0.108663 0.736562 0.028297
v -0.108243 0.745242 0.024571
v -0.108332 0.671668 0.039417
v -0.108206 0.671696 0.039889
v -0.108476 0.736454 0.027986
v -0.108327 0.752976 0.021919
v -0.108150 0.752903 0.021769
v -0.108337 0.753058 0.022149
v -0.108502 0.736517 0.028179
v -0.108203 0.671678 0.039497
v -0.108110 0.671699 0.039843
v -0.108314 0.745518 0.025358
v -0.108177 0.753126 0.022396
v -0.107986 0.745287 0.024761
v -0.107852 0.752858 0.021737
v -0.108109 0.671689 0.039617
v -0.108075 0.671696 0.039743
v -0.108038 0.745489 0.025337
v -0.107890 0.753163 0.022595
v -0.107460 0.654511 0.039792
v -0.107437 0.654510 0.039896
v -0.107849 0.745355 0.024993
v -0.107428 0.654514 0.039712
v -0.107364 0.654514 0.039997
v -0.107515 0.752853 0.021834
v -0.107868 0.745429 0.025204
v -0.107349 0.654521 0.039678
v -0.107262 0.654520 0.040067
v -0.107244 0.654528 0.039698
v -0.107157 0.654527 0.040088
v -0.107534 0.759387 0.019703
v -0.107350 0.759303 0.019533
v -0.107534 0.759468 0.019954
v -0.107552 0.753158 0.022691
v -0.107227 0.752890 0.022032
v -0.107142 0.654534 0.039768
v -0.107078 0.654533 0.040053
v -0.107352 0.759524 0.020219
v -0.107033 0.759239 0.019489
v -0.107070 0.654537 0.039869
v -0.107046 0.654537 0.039973
v -0.107255 0.753113 0.022660
v -0.107067 0.752958 0.022280
v -0.107035 0.759540 0.020427
v -0.107077 0.753040 0.022509
v -0.106666 0.759212 0.019584
v -0.106668 0.759512 0.020522
v -0.106349 0.759228 0.019792
v -0.106648 0.764575 0.018190
v -0.106460 0.764485 0.017999
v -0.106639 0.764646 0.018464
v -0.105935 0.635907 0.038850
v -0.105920 0.635902 0.038931
v -0.105908 0.635915 0.038790
v -0.105867 0.635900 0.039011
v -0.105790 0.635902 0.039068
v -0.105846 0.635922 0.038766
v -0.106124 0.764398 0.017942
v -0.106435 0.764678 0.018748
v -0.105710 0.635907 0.039087
v -0.106351 0.759448 0.020479
v -0.105766 0.635927 0.038786
v -0.106167 0.759284 0.020058
v -0.105648 0.635914 0.039064
v -0.105689 0.635929 0.038843
v -0.105636 0.635927 0.038923
v -0.105621 0.635922 0.039003
v -0.106167 0.759364 0.020309
v -0.105731 0.764340 0.018034
v -0.106090 0.764663 0.018966
v -0.105386 0.764325 0.018252
v -0.105697 0.764605 0.019058
v -0.106049 0.767015 0.017576
v -0.105852 0.766921 0.017394
v -0.106054 0.767081 0.017852
v -0.105517 0.766824 0.017355
v -0.105865 0.767101 0.018148
v -0.105182 0.764357 0.018536
v -0.105362 0.764519 0.019002
v -0.105173 0.764428 0.018810
v -0.105132 0.766751 0.017470
v -0.105534 0.767071 0.018385
v -0.105319 0.769552 0.016955
v -0.105116 0.769453 0.016784
v -0.105336 0.769620 0.017231
v -0.103974 0.615817 0.036563
v -0.103982 0.615824 0.036506
v -0.103938 0.615812 0.036620
v -0.103961 0.615833 0.036465
v -0.103886 0.615811 0.036663
v -0.103917 0.615839 0.036450
v -0.104781 0.769348 0.016762
v -0.105162 0.769638 0.017536
v -0.103830 0.615814 0.036679
v -0.103862 0.615843 0.036466
v -0.104801 0.766720 0.017706
v -0.103786 0.615821 0.036664
v -0.103809 0.615842 0.036509
v -0.105150 0.766997 0.018499
v -0.103766 0.615829 0.036623
v -0.103774 0.615837 0.036566
v -0.104844 0.769601 0.017789
v -0.104404 0.769266 0.016896
v -0.104613 0.766741 0.018002
v -0.104814 0.766901 0.018460
v -0.104475 0.772177 0.016335
v -0.104504 0.772246 0.016609
v -0.104265 0.772073 0.016174
v -0.104617 0.766807 0.018278
v -0.104344 0.772263 0.016923
v -0.104086 0.769229 0.017149
v -0.104467 0.769519 0.017923
v -0.103931 0.771962 0.016169
v -0.104132 0.769414 0.017901
v -0.104040 0.772222 0.017192
v -0.103912 0.769247 0.017454
v -0.103562 0.771874 0.016322
v -0.103929 0.769314 0.017730
v -0.103534 0.774869 0.015727
v -0.103575 0.774940 0.015999
v -0.103671 0.772134 0.017344
v -0.103318 0.774761 0.015576
v -0.103257 0.771833 0.016591
v -0.103430 0.774956 0.016319
v -0.102985 0.774646 0.015587
v -0.103337 0.772023 0.017339
v -0.103098 0.771849 0.016904
v -0.103139 0.774912 0.016603
v -0.103127 0.771919 0.017178
v -0.102625 0.774554 0.015758
v -0.102778 0.774820 0.016773
v -0.102333 0.774510 0.016041
v -0.102514 0.777607 0.015140
v -0.102567 0.777680 0.015409
v -0.102292 0.777497 0.015000
v -0.102437 0.777696 0.015737
v -0.102446 0.774705 0.016785
v -0.101961 0.777379 0.015027
v -0.102189 0.774526 0.016362
v -0.102230 0.774598 0.016634
v -0.102160 0.777651 0.016034
v -0.101610 0.777284 0.015215
v -0.101809 0.777557 0.016222
v -0.101332 0.777239 0.015512
v -0.101433 0.780372 0.014585
v -0.101498 0.780446 0.014852
v -0.101205 0.780260 0.014456
v -0.101478 0.777438 0.016249
v -0.101384 0.780463 0.015186
v -0.101203 0.777255 0.015840
v -0.100876 0.780140 0.014500
v -0.101256 0.777328 0.016109
v -0.101121 0.780416 0.015496
v -0.100535 0.780044 0.014704
v -0.100779 0.780320 0.015700
v -0.100271 0.779998 0.015014
v -0.100309 0.783143 0.014075
v -0.100386 0.783218 0.014338
v -0.100450 0.780200 0.015744
v -0.100075 0.783030 0.013956
v -0.100288 0.783234 0.014677
v -0.100157 0.780014 0.015347
v -0.100223 0.780088 0.015614
v -0.099749 0.782908 0.014015
v -0.100039 0.783187 0.014999
v -0.099418 0.782811 0.014236
v -0.099708 0.783090 0.015220
v -0.099169 0.782764 0.014558
v -0.099382 0.782969 0.015279
v -0.099159 0.785899 0.013618
v -0.099249 0.785974 0.013878
v -0.098920 0.785785 0.013511
v -0.099167 0.785989 0.014221
v -0.099071 0.782781 0.014897
v -0.099149 0.782856 0.015160
v -0.098598 0.785663 0.013585
v -0.098934 0.785942 0.014555
v -0.098277 0.785565 0.013821
v -0.098613 0.785844 0.014791
v -0.098044 0.785518 0.014155
v -0.098290 0.785722 0.014865
v -0.098001 0.788619 0.013226
v -0.098104 0.788693 0.013481
v -0.097962 0.785534 0.014498
v -0.098052 0.785608 0.014758
v -0.097758 0.788505 0.013130
v -0.098038 0.788708 0.013828
v -0.097439 0.788383 0.013219
v -0.097822 0.788659 0.014173
v -0.097130 0.788284 0.013470
v -0.097513 0.788561 0.014424
v -0.097193 0.788439 0.014514
v -0.096913 0.788236 0.013815
v -0.096969 0.791355 0.013160
v -0.096854 0.791283 0.012909
v -0.096847 0.788251 0.014162
v -0.096950 0.788325 0.014418
v -0.096921 0.791368 0.013510
v -0.096606 0.791170 0.012825
v -0.096721 0.791318 0.013866
v -0.096291 0.791048 0.012929
v -0.096425 0.791218 0.014131
v -0.095994 0.790948 0.013195
v -0.096110 0.791095 0.014236
v -0.095795 0.790898 0.013550
v -0.095863 0.793940 0.012925
v -0.095734 0.793870 0.012680
v -0.095861 0.790983 0.014151
v -0.095746 0.790911 0.013900
v -0.095832 0.793949 0.013278
v -0.095481 0.793760 0.012607
v -0.095651 0.793895 0.013642
v -0.095172 0.793637 0.012726
v -0.095367 0.793793 0.013922
v -0.094888 0.793535 0.013005
v -0.095058 0.793671 0.014041
v -0.094707 0.793482 0.013370
v -0.094805 0.793560 0.013968
v -0.094805 0.796418 0.012788
v -0.094662 0.796356 0.012548
v -0.094793 0.796421 0.013142
v -0.094676 0.793490 0.013723
v -0.094404 0.796251 0.012487
v -0.094630 0.796364 0.013515
v -0.094098 0.796132 0.012620
v -0.094360 0.796263 0.013807
v -0.093828 0.796030 0.012913
v -0.094054 0.796144 0.013941
v -0.093665 0.795973 0.013286
v -0.093796 0.796039 0.013879
v -0.093734 0.799321 0.012820
v -0.093598 0.799281 0.012569
v -0.093707 0.799302 0.013176
v -0.093653 0.795977 0.013640
v -0.093335 0.799192 0.012490
v -0.093524 0.799229 0.013542
v -0.093016 0.799078 0.012604
v -0.093234 0.799121 0.013819
v -0.092726 0.798970 0.012881
v -0.092915 0.799007 0.013933
v -0.092543 0.798897 0.013247
v -0.092652 0.798918 0.013854
v -0.092899 0.802087 0.013007
v -0.092769 0.802073 0.012746
v -0.092856 0.802044 0.013363
v -0.092516 0.798878 0.013603
v -0.092502 0.802006 0.012650
v -0.092653 0.801954 0.013719
v -0.092169 0.801902 0.012745
v -0.092343 0.801843 0.013979
v -0.091860 0.801791 0.013006
v -0.092011 0.801740 0.014074
v -0.092242 0.804747 0.013369
v -0.092120 0.804761 0.013101
v -0.092183 0.804676 0.013722
v -0.091852 0.804716 0.012990
v -0.091657 0.801702 0.013362
v -0.091744 0.801672 0.013979
v -0.091960 0.804568 0.014065
v -0.091614 0.801658 0.013718
v -0.091507 0.804622 0.013066
v -0.091633 0.804451 0.014307
v -0.091711 0.807320 0.013927
v -0.091599 0.807365 0.013655
v -0.091635 0.807220 0.014273
v -0.091180 0.804505 0.013307
v -0.091330 0.807340 0.013530
v -0.091288 0.804357 0.014383
v -0.091393 0.807089 0.014601
v -0.090957 0.804397 0.013651
v -0.090976 0.807254 0.013586
v -0.091019 0.804311 0.014272
v -0.091252 0.809827 0.014703
v -0.091151 0.809901 0.014430
v -0.090898 0.804326 0.014004
v -0.091049 0.806964 0.014822
v -0.091160 0.809695 0.015038
v -0.090884 0.809898 0.014293
v -0.090632 0.807129 0.013807
v -0.090899 0.809540 0.015346
v -0.090523 0.809817 0.014328
v -0.090695 0.806878 0.014878
v -0.090813 0.812285 0.015719
v -0.090724 0.812389 0.015448
v -0.090390 0.806999 0.014135
v -0.090704 0.812121 0.016038
v -0.090461 0.812405 0.015299
v -0.090540 0.809404 0.015544
v -0.090426 0.806854 0.014753
v -0.090164 0.809681 0.014525
v -0.090315 0.806898 0.014481
v -0.090426 0.811940 0.016321
v -0.090093 0.812328 0.015311
v -0.090264 0.814845 0.016729
v -0.090341 0.814712 0.016994
v -0.090005 0.814878 0.016569
v -0.090178 0.809323 0.015578
v -0.090215 0.814516 0.017293
v -0.089903 0.809527 0.014833
v -0.090053 0.811791 0.016491
v -0.089721 0.812179 0.015482
v -0.089634 0.814803 0.016557
v -0.089912 0.809320 0.015441
v -0.089920 0.814309 0.017547
v -0.089811 0.809394 0.015168
v -0.089717 0.817283 0.018293
v -0.089781 0.817125 0.018550
v -0.089464 0.817332 0.018122
v -0.089640 0.816900 0.018825
v -0.089686 0.811714 0.016503
v -0.089442 0.811998 0.015764
v -0.089249 0.814640 0.016696
v -0.089536 0.814147 0.017686
v -0.089091 0.817259 0.018084
v -0.089422 0.811730 0.016354
v -0.089333 0.811834 0.016084
v -0.089330 0.816668 0.019044
v -0.089030 0.819721 0.020157
v -0.089081 0.819539 0.020405
v -0.088954 0.814433 0.016949
v -0.088784 0.819785 0.019976
v -0.089164 0.814072 0.017674
v -0.088696 0.817083 0.018188
v -0.088925 0.819288 0.020653
v -0.088935 0.816492 0.019149
v -0.088410 0.819714 0.019910
v -0.088829 0.814237 0.017249
v -0.088905 0.814105 0.017514
v -0.088602 0.819035 0.020835
v -0.088387 0.816852 0.018407
v -0.088562 0.816419 0.019111
v -0.088008 0.819528 0.019977
v -0.088149 0.822176 0.022341
v -0.088188 0.821972 0.022578
v -0.087912 0.822254 0.022149
v -0.088245 0.816627 0.018683
v -0.088200 0.818848 0.020902
v -0.088017 0.821699 0.022797
v -0.088309 0.816468 0.018940
v -0.087540 0.822187 0.022055
v -0.087685 0.819275 0.020160
v -0.087684 0.821428 0.022940
v -0.087826 0.818777 0.020837
v -0.087132 0.821992 0.022084
v -0.087529 0.819024 0.020408
v -0.087580 0.818841 0.020656
v -0.087276 0.821234 0.022968
v -0.087022 0.824665 0.024861
v -0.087048 0.824443 0.025086
v -0.086794 0.824758 0.024660
v -0.086798 0.821722 0.022227
v -0.086865 0.824151 0.025276
v -0.086425 0.824697 0.024538
v -0.086904 0.821167 0.022874
v -0.086628 0.821449 0.022446
v -0.086521 0.823868 0.025379
v -0.086666 0.821245 0.022683
v -0.086014 0.824498 0.024527
v -0.086110 0.823669 0.025368
v -0.085671 0.824214 0.024630
v -0.085598 0.827204 0.027732
v -0.085608 0.826970 0.027951
v -0.085383 0.827308 0.027518
v -0.085741 0.823607 0.025246
v -0.085410 0.826668 0.028116
v -0.085488 0.823922 0.024820
v -0.085020 0.827253 0.027367
v -0.085514 0.823700 0.025045
v -0.085058 0.826379 0.028183
v -0.084607 0.827054 0.027318
v -0.084645 0.826180 0.028134
v -0.084254 0.826765 0.027385
v -0.084282 0.826125 0.027982
v -0.084057 0.826463 0.027550
v -0.084421 0.829065 0.029666
v -0.084446 0.828834 0.029907
v -0.084193 0.829146 0.029436
v -0.084067 0.826228 0.027769
v -0.084260 0.828515 0.030094
v -0.083821 0.829054 0.029279
v -0.083913 0.828192 0.030176
v -0.083406 0.828815 0.029235
v -0.083498 0.827953 0.030133
v -0.083059 0.828492 0.029318
v -0.083115 0.830965 0.031409
v -0.083150 0.830747 0.031677
v -0.082876 0.831017 0.031161
v -0.083126 0.827862 0.029975
v -0.082873 0.828173 0.029505
v -0.082972 0.830420 0.031895
v -0.082497 0.830887 0.031000
v -0.082897 0.827942 0.029745
v -0.082629 0.830071 0.032003
v -0.082080 0.830611 0.030970
v -0.082212 0.829796 0.031972
v -0.081737 0.830263 0.031078
v -0.081706 0.832909 0.032967
v -0.081751 0.832707 0.033264
v -0.081833 0.829666 0.031812
v -0.081458 0.832931 0.032705
v -0.081559 0.829936 0.031295
v -0.081580 0.832378 0.033516
v -0.081594 0.829718 0.031564
v -0.081072 0.832765 0.032548
v -0.081239 0.832010 0.033656
v -0.080652 0.832457 0.032538
v -0.080819 0.831702 0.033645
v -0.080311 0.832089 0.032677
v -0.080433 0.831537 0.033488
v -0.080225 0.834900 0.034350
v -0.080278 0.834717 0.034674
v -0.080140 0.831760 0.032929
v -0.079966 0.834890 0.034077
v -0.080185 0.831558 0.033226
v -0.080113 0.834392 0.034963
v -0.079572 0.834692 0.033930
v -0.079773 0.834011 0.035139
v -0.079147 0.834357 0.033946
v -0.079348 0.833676 0.035156
v -0.078807 0.833976 0.034123
v -0.078954 0.833477 0.035008
v -0.078642 0.833651 0.034412
v -0.078699 0.836938 0.035562
v -0.078762 0.836778 0.035912
v -0.078429 0.836898 0.035283
v -0.078695 0.833468 0.034736
v -0.078601 0.836463 0.036239
v -0.078024 0.836671 0.035152
v -0.078259 0.836076 0.036457
v -0.077593 0.836316 0.035201
v -0.077828 0.835721 0.036507
v -0.077251 0.835929 0.035419
v -0.077423 0.835493 0.036375
v -0.077090 0.835613 0.035747
v -0.077156 0.839026 0.036610
v -0.077229 0.838892 0.036984
v -0.077153 0.835454 0.036097
v -0.076873 0.838958 0.036331
v -0.077072 0.838592 0.037352
v -0.076456 0.838706 0.036221
v -0.076727 0.838207 0.037615
v -0.076016 0.838339 0.036309
v -0.076287 0.837839 0.037703
v -0.075671 0.837953 0.036572
v -0.075869 0.837588 0.037593
v -0.075513 0.837654 0.036940
v -0.075626 0.841166 0.037503
v -0.075709 0.841060 0.037898
v -0.075586 0.837520 0.037314
v -0.075327 0.841072 0.037227
v -0.075555 0.840782 0.038305
v -0.074894 0.840803 0.037144
v -0.075206 0.840406 0.038617
v -0.074441 0.840431 0.037275
v -0.074753 0.840034 0.038748
v -0.074092 0.840056 0.037587
v -0.074320 0.839765 0.038665
v -0.074133 0.843362 0.038247
v -0.074230 0.843284 0.038659
v -0.073938 0.839777 0.037994
v -0.073816 0.843245 0.037978
v -0.074021 0.839671 0.038389
v -0.074080 0.843033 0.039106
v -0.073364 0.842966 0.037927
v -0.073724 0.842676 0.039468
v -0.072897 0.842599 0.038105
v -0.073257 0.842308 0.039646
v -0.072542 0.842242 0.038467
v -0.072805 0.842029 0.039595
v -0.072705 0.845614 0.038848
v -0.072817 0.845565 0.039276
v -0.072367 0.845481 0.038592
v -0.072392 0.841990 0.038913
v -0.072673 0.845346 0.039761
v -0.072488 0.841913 0.039326
v -0.071893 0.845200 0.038576
v -0.072311 0.845016 0.040173
v -0.071410 0.844847 0.038805
v -0.071828 0.844664 0.040401
v -0.071048 0.844517 0.039217
v -0.071368 0.847928 0.039315
v -0.071498 0.847906 0.039755
v -0.071354 0.844383 0.040385
v -0.071005 0.847783 0.039075
v -0.071362 0.847724 0.040275
v -0.070904 0.844298 0.039701
v -0.071016 0.844249 0.040129
v -0.070507 0.847510 0.039098
v -0.070994 0.847430 0.040738
v -0.070007 0.847183 0.039379
v -0.070495 0.847102 0.041018
v -0.070299 0.850310 0.040102
v -0.070146 0.850306 0.039655
v -0.069640 0.846888 0.039841
v -0.069997 0.846829 0.041041
v -0.070173 0.850167 0.040656
v -0.069755 0.850158 0.039434
v -0.069503 0.846706 0.040362
v -0.069634 0.846684 0.040801
v -0.069232 0.849903 0.039499
v -0.069803 0.849916 0.041168
v -0.069287 0.849624 0.041501
v -0.068716 0.849612 0.039832
v -0.069242 0.852780 0.040326
v -0.069063 0.852755 0.039875
v -0.069132 0.852678 0.040910
v -0.068643 0.852611 0.039676
v -0.068763 0.849370 0.041565
v -0.068346 0.849361 0.040344
v -0.068763 0.852478 0.041469
v -0.068095 0.852386 0.039784
v -0.068373 0.849221 0.041345
v -0.068220 0.849218 0.040897
v -0.068233 0.852232 0.041854
v -0.067565 0.852140 0.040169
v -0.067685 0.852006 0.041962
v -0.067196 0.851939 0.040728
v -0.067265 0.851862 0.041764
v -0.067086 0.851837 0.041312
v -0.127520 0.712412 0.029033
v -0.127593 0.710655 0.029897
v -0.127618 0.710676 0.029933
v -0.127367 0.710708 0.030012
v -0.127549 0.712433 0.029076
v -0.127606 0.710698 0.029976
v -0.127423 0.710722 0.030033
v -0.127457 0.712398 0.029008
v -0.127537 0.710641 0.029875
v -0.127342 0.710687 0.029975
v -0.127536 0.712455 0.029127
v -0.127561 0.710716 0.030012
v -0.127494 0.710725 0.030033
v -0.127485 0.712471 0.029170
v -0.127427 0.714392 0.028290
v -0.127395 0.714370 0.028240
v -0.127376 0.712393 0.029009
v -0.127466 0.710638 0.029875
v -0.127354 0.710665 0.029933
v -0.127413 0.714412 0.028348
v -0.127324 0.714354 0.028213
v -0.127408 0.712478 0.029196
v -0.127355 0.714426 0.028399
v -0.127399 0.710647 0.029896
v -0.127300 0.712399 0.029034
v -0.127233 0.714347 0.028214
v -0.127328 0.712473 0.029196
v -0.127198 0.716513 0.027507
v -0.127235 0.716535 0.027563
v -0.127248 0.712416 0.029078
v -0.127270 0.714429 0.028429
v -0.127120 0.716495 0.027476
v -0.127219 0.716554 0.027628
v -0.127264 0.712458 0.029172
v -0.127148 0.714351 0.028244
v -0.127235 0.712437 0.029128
v -0.127156 0.716565 0.027686
v -0.127180 0.714422 0.028430
v -0.127020 0.716484 0.027479
v -0.127090 0.714364 0.028295
v -0.127109 0.714406 0.028402
v -0.127061 0.716565 0.027721
v -0.127076 0.714385 0.028353
v -0.126925 0.716484 0.027514
v -0.126955 0.718849 0.026883
v -0.126915 0.718826 0.026822
v -0.126938 0.718866 0.026956
v -0.126828 0.718804 0.026788
v -0.126961 0.716554 0.027723
v -0.126862 0.716495 0.027572
v -0.126869 0.718874 0.027021
v -0.126719 0.718789 0.026792
v -0.126883 0.716536 0.027693
v -0.126846 0.716514 0.027637
v -0.126766 0.718870 0.027060
v -0.126616 0.718785 0.026832
v -0.126657 0.718855 0.027064
v -0.126527 0.721292 0.026173
v -0.126570 0.721317 0.026240
v -0.126547 0.718792 0.026896
v -0.126433 0.721266 0.026137
v -0.126553 0.721333 0.026320
v -0.126570 0.718833 0.027031
v -0.126530 0.718810 0.026969
v -0.126478 0.721338 0.026392
v -0.126314 0.721246 0.026142
v -0.126367 0.721328 0.026436
v -0.126203 0.721237 0.026186
v -0.126248 0.721308 0.026441
v -0.126128 0.721241 0.026258
v -0.126154 0.721282 0.026405
v -0.126065 0.723925 0.025621
v -0.126017 0.723898 0.025548
v -0.126110 0.721257 0.026338
v -0.126046 0.723940 0.025708
v -0.125916 0.723866 0.025511
v -0.125966 0.723940 0.025787
v -0.125789 0.723840 0.025517
v -0.125846 0.723925 0.025836
v -0.125669 0.723824 0.025566
v -0.125719 0.723898 0.025842
v -0.125590 0.723825 0.025645
v -0.125618 0.723867 0.025804
v -0.125571 0.723840 0.025732
v -0.125420 0.726656 0.025015
v -0.125370 0.726626 0.024937
v -0.125401 0.726672 0.025109
v -0.125262 0.726589 0.024897
v -0.125316 0.726667 0.025195
v -0.125127 0.726555 0.024906
v -0.125188 0.726645 0.025249
v -0.124999 0.726533 0.024960
v -0.125053 0.726611 0.025257
v -0.124914 0.726529 0.025045
v -0.124945 0.726574 0.025217
v -0.124895 0.726544 0.025140
v -0.124621 0.729497 0.024411
v -0.124567 0.729463 0.024328
v -0.124600 0.729512 0.024512
v -0.124453 0.729418 0.024286
v -0.124510 0.729503 0.024604
v -0.124310 0.729376 0.024296
v -0.124376 0.729473 0.024664
v -0.124175 0.729346 0.024355
v -0.124232 0.729431 0.024674
v -0.124086 0.729337 0.024448
v -0.124119 0.729386 0.024632
v -0.124065 0.729352 0.024549
v -0.123649 0.732431 0.023796
v -0.123592 0.732392 0.023709
v -0.123627 0.732446 0.023904
v -0.123473 0.732339 0.023665
v -0.123533 0.732432 0.024004
v -0.123322 0.732287 0.023677
v -0.123392 0.732394 0.024068
v -0.123181 0.732249 0.023742
v -0.123241 0.732342 0.024081
v -0.123087 0.732235 0.023842
v -0.123122 0.732289 0.024037
v -0.123065 0.732250 0.023950
v -0.122488 0.735443 0.023160
v -0.122429 0.735399 0.023068
v -0.122465 0.735458 0.023275
v -0.122304 0.735337 0.023023
v -0.122367 0.735439 0.023382
v -0.122147 0.735274 0.023038
v -0.122219 0.735392 0.023452
v -0.122000 0.735226 0.023108
v -0.122062 0.735329 0.023466
v -0.121902 0.735208 0.023214
v -0.121938 0.735267 0.023421
v -0.121879 0.735223 0.023329
v -0.121120 0.738518 0.022491
v -0.121059 0.738467 0.022395
v -0.121096 0.738533 0.022613
v -0.120931 0.738395 0.022349
v -0.120994 0.738509 0.022727
v -0.120768 0.738320 0.022366
v -0.120841 0.738452 0.022802
v -0.120615 0.738263 0.022441
v -0.120679 0.738377 0.022819
v -0.120513 0.738239 0.022555
v -0.120550 0.738305 0.022773
v -0.120489 0.738254 0.022677
v -0.119530 0.741638 0.021778
v -0.119467 0.741581 0.021677
v -0.119505 0.741654 0.021907
v -0.119335 0.741499 0.021629
v -0.119399 0.741624 0.022028
v -0.119167 0.741413 0.021649
v -0.119242 0.741557 0.022109
v -0.119009 0.741346 0.021730
v -0.119074 0.741471 0.022129
v -0.118904 0.741316 0.021851
v -0.118941 0.741388 0.022081
v -0.118879 0.741332 0.021980
v -0.117859 0.744635 0.021103
v -0.117794 0.744574 0.020995
v -0.117834 0.744649 0.021240
v -0.117654 0.744483 0.020946
v -0.117724 0.744613 0.021370
v -0.117479 0.744385 0.020968
v -0.117560 0.744537 0.021457
v -0.117314 0.744309 0.021055
v -0.117384 0.744439 0.021479
v -0.117205 0.744273 0.021185
v -0.117245 0.744348 0.021430
v -0.117179 0.744287 0.021322
v -0.116257 0.747374 0.020545
v -0.116187 0.747310 0.020431
v -0.116232 0.747387 0.020691
v -0.116041 0.747211 0.020379
v -0.116118 0.747344 0.020830
v -0.115857 0.747104 0.020403
v -0.115947 0.747258 0.020924
v -0.115686 0.747018 0.020497
v -0.115763 0.747151 0.020948
v -0.115572 0.746976 0.020635
v -0.115617 0.747053 0.020896
v -0.115547 0.746989 0.020781
v -0.114730 0.749893 0.020087
v -0.114656 0.749826 0.019966
v -0.114705 0.749904 0.020242
v -0.114502 0.749721 0.019912
v -0.114587 0.749855 0.020389
v -0.114309 0.749605 0.019938
v -0.114408 0.749760 0.020489
v -0.114130 0.749510 0.020037
v -0.114216 0.749644 0.020515
v -0.114012 0.749462 0.020184
v -0.114062 0.749539 0.020460
v -0.113987 0.749472 0.020339
v -0.113284 0.752227 0.019711
v -0.113205 0.752158 0.019584
v -0.113260 0.752236 0.019875
v -0.113043 0.752047 0.019526
v -0.113137 0.752182 0.020030
v -0.112841 0.751924 0.019554
v -0.112950 0.752080 0.020136
v -0.112654 0.751821 0.019659
v -0.112748 0.751956 0.020163
v -0.112532 0.751767 0.019814
v -0.112586 0.751845 0.020105
v -0.112507 0.751776 0.019978
v -0.111928 0.754413 0.019399
v -0.111843 0.754342 0.019265
v -0.111903 0.754420 0.019571
v -0.111672 0.754226 0.019204
v -0.111775 0.754362 0.019735
v -0.111460 0.754097 0.019233
v -0.111579 0.754253 0.019846
v -0.111264 0.753989 0.019344
v -0.111367 0.754124 0.019875
v -0.111136 0.753931 0.019507
v -0.111195 0.754009 0.019814
v -0.111111 0.753938 0.019679
v -0.110667 0.756485 0.019133
v -0.110577 0.756413 0.018992
v -0.110641 0.756491 0.019314
v -0.110395 0.756295 0.018928
v -0.110507 0.756430 0.019485
v -0.110171 0.756162 0.018958
v -0.110301 0.756319 0.019601
v -0.109964 0.756051 0.019074
v -0.110076 0.756186 0.019631
v -0.109830 0.755990 0.019245
v -0.109895 0.756068 0.019567
v -0.109805 0.755996 0.019426
v -0.109509 0.758478 0.018896
v -0.109413 0.758406 0.018748
v -0.109483 0.758485 0.019085
v -0.109220 0.758288 0.018680
v -0.109341 0.758424 0.019263
v -0.108982 0.758155 0.018711
v -0.109121 0.758313 0.019384
v -0.108762 0.758044 0.018832
v -0.108883 0.758180 0.019415
v -0.108620 0.757983 0.019010
v -0.108690 0.758062 0.019347
v -0.108594 0.757990 0.019199
v -0.108460 0.760429 0.018669
v -0.108358 0.760358 0.018514
v -0.108432 0.760437 0.018866
v -0.108152 0.760242 0.018442
v -0.108281 0.760380 0.019052
v -0.107898 0.760113 0.018473
v -0.108047 0.760272 0.019177
v -0.107664 0.760006 0.018598
v -0.107793 0.760143 0.019208
v -0.107513 0.759948 0.018784
v -0.107587 0.760028 0.019136
v -0.107485 0.759956 0.018981
v -0.107527 0.762373 0.018435
v -0.107418 0.762303 0.018273
v -0.107496 0.762384 0.018640
v -0.107198 0.762193 0.018197
v -0.107334 0.762333 0.018833
v -0.106927 0.762072 0.018228
v -0.107084 0.762234 0.018962
v -0.106677 0.761974 0.018357
v -0.106812 0.762114 0.018992
v -0.106514 0.761923 0.018549
v -0.106593 0.762004 0.018916
v -0.106484 0.761934 0.018754
v -0.106714 0.764347 0.018177
v -0.106598 0.764279 0.018007
v -0.106680 0.764363 0.018389
v -0.106364 0.764177 0.017927
v -0.106506 0.764322 0.018588
v -0.106075 0.764069 0.017956
v -0.106238 0.764237 0.018720
v -0.105807 0.763984 0.018088
v -0.105948 0.764129 0.018750
v -0.106025 0.766388 0.017876
v -0.105903 0.766322 0.017699
v -0.105632 0.763944 0.018287
v -0.105988 0.766410 0.018096
v -0.105714 0.764027 0.018669
v -0.105655 0.766232 0.017613
v -0.105598 0.763960 0.018500
v -0.105801 0.766384 0.018301
v -0.105347 0.766141 0.017641
v -0.105516 0.766316 0.018435
v -0.105061 0.766073 0.017775
v -0.105466 0.768535 0.017515
v -0.105338 0.768473 0.017331
v -0.105425 0.768566 0.017743
v -0.105207 0.766225 0.018462
v -0.105076 0.768395 0.017239
v -0.104875 0.766047 0.017979
v -0.105227 0.768556 0.017952
v -0.104959 0.766135 0.018376
v -0.104837 0.766069 0.018199
v -0.104750 0.768323 0.017264
v -0.104924 0.768510 0.018087
v -0.104447 0.768277 0.017399
v -0.104598 0.768438 0.018112
v -0.104249 0.768267 0.017608
v -0.104336 0.768360 0.018020
v -0.104208 0.768298 0.017835
v -0.119859 0.691935 0.021898
v -0.119858 0.691926 0.021829
v -0.119812 0.691943 0.021970
v -0.119797 0.694838 0.021526
v -0.119808 0.691920 0.021781
v -0.119745 0.694832 0.021476
v -0.119798 0.694845 0.021597
v -0.119729 0.691950 0.022025
v -0.119657 0.694827 0.021462
v -0.119722 0.691918 0.021767
v -0.119750 0.694849 0.021671
v -0.119634 0.697779 0.021321
v -0.119581 0.697772 0.021270
v -0.119636 0.697783 0.021394
v -0.119491 0.697765 0.021255
v -0.119664 0.694851 0.021729
v -0.119586 0.697783 0.021471
v -0.119631 0.691952 0.022048
v -0.119557 0.694825 0.021487
v -0.119625 0.691920 0.021790
v -0.119388 0.697758 0.021281
v -0.119564 0.694849 0.021753
v -0.119498 0.697780 0.021530
v -0.119546 0.691950 0.022034
v -0.119542 0.691927 0.021845
v -0.119471 0.694827 0.021544
v -0.119373 0.700736 0.021197
v -0.119318 0.700729 0.021145
v -0.119375 0.700739 0.021273
v -0.119226 0.700719 0.021130
v -0.119324 0.700736 0.021352
v -0.119496 0.691944 0.021986
v -0.119494 0.691935 0.021917
v -0.119423 0.694831 0.021618
v -0.119476 0.694844 0.021739
v -0.119300 0.697755 0.021340
v -0.119396 0.697774 0.021556
v -0.119425 0.694838 0.021690
v -0.119120 0.700708 0.021157
v -0.119234 0.700728 0.021413
v -0.119250 0.697756 0.021417
v -0.119306 0.697767 0.021542
v -0.119252 0.697760 0.021491
v -0.119030 0.700700 0.021218
v -0.119128 0.700718 0.021440
v -0.119014 0.703700 0.021139
v -0.118958 0.703691 0.021085
v -0.119016 0.703701 0.021217
v -0.118863 0.703678 0.021070
v -0.118964 0.703695 0.021298
v -0.118979 0.700697 0.021297
v -0.119036 0.700707 0.021425
v -0.118982 0.700700 0.021373
v -0.118756 0.703664 0.021097
v -0.118872 0.703683 0.021361
v -0.118664 0.703651 0.021160
v -0.118765 0.703668 0.021388
v -0.118612 0.703645 0.021242
v -0.118670 0.703655 0.021373
v -0.118560 0.706658 0.021128
v -0.118503 0.706649 0.021073
v -0.118563 0.706659 0.021208
v -0.118614 0.703646 0.021319
v -0.118407 0.706632 0.021058
v -0.118510 0.706649 0.021292
v -0.118297 0.706613 0.021086
v -0.118416 0.706633 0.021356
v -0.118203 0.706597 0.021150
v -0.118306 0.706614 0.021384
v -0.118150 0.706588 0.021234
v -0.118210 0.706598 0.021369
v -0.118152 0.706588 0.021314
v -0.118014 0.709601 0.021149
v -0.117956 0.709590 0.021093
v -0.118017 0.709601 0.021231
v -0.117857 0.709570 0.021077
v -0.117963 0.709589 0.021317
v -0.117745 0.709547 0.021106
v -0.117867 0.709569 0.021383
v -0.117649 0.709526 0.021172
v -0.117755 0.709545 0.021412
v -0.117596 0.709514 0.021257
v -0.117657 0.709526 0.021396
v -0.117598 0.709514 0.021340
v -0.117377 0.712516 0.021185
v -0.117318 0.712503 0.021127
v -0.117380 0.712516 0.021269
v -0.117217 0.712479 0.021110
v -0.117326 0.712502 0.021357
v -0.117103 0.712452 0.021140
v -0.117228 0.712478 0.021425
v -0.117006 0.712428 0.021208
v -0.117114 0.712450 0.021454
v -0.116951 0.712414 0.021296
v -0.117014 0.712427 0.021438
v -0.116954 0.712413 0.021380
v -0.116652 0.715393 0.021219
v -0.116592 0.715378 0.021159
v -0.116655 0.715393 0.021305
v -0.116490 0.715350 0.021142
v -0.116599 0.715377 0.021395
v -0.116500 0.715350 0.021464
v -0.116374 0.715318 0.021173
v -0.116384 0.715318 0.021495
v -0.116275 0.715291 0.021242
v -0.116219 0.715275 0.021332
v -0.116282 0.715291 0.021478
v -0.116222 0.715275 0.021418
v -0.115841 0.718221 0.021234
v -0.115780 0.718203 0.021173
v -0.115843 0.718222 0.021322
v -0.115676 0.718171 0.021156
v -0.115787 0.718205 0.021414
v -0.115558 0.718135 0.021187
v -0.115686 0.718174 0.021485
v -0.115458 0.718104 0.021258
v -0.115568 0.718138 0.021516
v -0.115401 0.718086 0.021350
v -0.115465 0.718106 0.021499
v -0.115404 0.718087 0.021438
v -0.114945 0.720989 0.021214
v -0.114884 0.720967 0.021151
v -0.114947 0.720991 0.021304
v -0.114779 0.720930 0.021134
v -0.114890 0.720973 0.021398
v -0.114660 0.720890 0.021166
v -0.114787 0.720939 0.021471
v -0.114557 0.720855 0.021239
v -0.114668 0.720898 0.021503
v -0.114500 0.720837 0.021333
v -0.114564 0.720862 0.021486
v -0.114502 0.720839 0.021423
v -0.113968 0.723685 0.021142
v -0.113906 0.723659 0.021078
v -0.113969 0.723689 0.021234
v -0.113801 0.723617 0.021060
v -0.113910 0.723670 0.021330
v -0.113680 0.723572 0.021093
v -0.113807 0.723633 0.021405
v -0.113576 0.723535 0.021167
v -0.113686 0.723588 0.021438
v -0.113517 0.723516 0.021264
v -0.113580 0.723547 0.021420
v -0.113519 0.723520 0.021356
v -0.112910 0.726300 0.021001
v -0.112849 0.726269 0.020936
v -0.112911 0.726306 0.021095
v -0.112743 0.726222 0.020918
v -0.112851 0.726286 0.021194
v -0.112621 0.726172 0.020952
v -0.112746 0.726246 0.021270
v -0.112516 0.726131 0.021028
v -0.112624 0.726196 0.021304
v -0.112456 0.726112 0.021127
v -0.112518 0.726149 0.021286
v -0.112456 0.726118 0.021221
v -0.111061 0.730403 0.020679
v -0.110995 0.730365 0.020608
v -0.111061 0.730411 0.020782
v -0.110881 0.730309 0.020589
v -0.110995 0.730389 0.020891
v -0.110750 0.730248 0.020626
v -0.110882 0.730340 0.020975
v -0.110636 0.730200 0.020710
v -0.110751 0.730280 0.021012
v -0.110571 0.730177 0.020818
v -0.110637 0.730223 0.020992
v -0.110571 0.730186 0.020922
v -0.109174 0.734142 0.020342
v -0.109104 0.734098 0.020265
v -0.109173 0.734152 0.020454
v -0.108983 0.734031 0.020244
v -0.109103 0.734125 0.020572
v -0.108843 0.733960 0.020285
v -0.108982 0.734069 0.020664
v -0.108721 0.733903 0.020377
v -0.108842 0.733997 0.020705
v -0.108651 0.733876 0.020495
v -0.108721 0.733931 0.020684
v -0.108651 0.733886 0.020607
v -0.107262 0.737614 0.020004
v -0.107188 0.737563 0.019921
v -0.107262 0.737625 0.020125
v -0.107059 0.737487 0.019899
v -0.107187 0.737594 0.020253
v -0.106910 0.737406 0.019944
v -0.107057 0.737529 0.020352
v -0.106781 0.737341 0.020043
v -0.106909 0.737448 0.020397
v -0.106706 0.737310 0.020171
v -0.106780 0.737372 0.020375
v -0.106706 0.737321 0.020292
v -0.105337 0.740916 0.019679
v -0.105259 0.740861 0.019590
v -0.105337 0.740928 0.019810
v -0.105121 0.740776 0.019567
v -0.105258 0.740893 0.019947
v -0.104963 0.740686 0.019615
v -0.105120 0.740821 0.020054
v -0.104826 0.740614 0.019722
v -0.104962 0.740730 0.020103
v -0.104746 0.740579 0.019860
v -0.104825 0.740646 0.020079
v -0.104746 0.740591 0.019990
v -0.103412 0.744146 0.019382
v -0.103328 0.744087 0.019287
v -0.103413 0.744158 0.019522
v -0.103181 0.743997 0.019262
v -0.103328 0.744119 0.019669
v -0.103012 0.743900 0.019314
v -0.103182 0.744041 0.019784
v -0.102866 0.743822 0.019429
v -0.103013 0.743944 0.019836
v -0.102781 0.743783 0.019576
v -0.102866 0.743854 0.019811
v -0.102782 0.743795 0.019716
v -0.101498 0.747403 0.019128
v -0.101406 0.747343 0.019027
v -0.101500 0.747413 0.019277
v -0.101249 0.747249 0.019000
v -0.101410 0.747371 0.019434
v -0.101068 0.747147 0.019055
v -0.101254 0.747288 0.019556
v -0.100912 0.747064 0.019177
v -0.101073 0.747187 0.019611
v -0.100822 0.747023 0.019334
v -0.100915 0.747093 0.019584
v -0.100824 0.747033 0.019483
v -0.099607 0.750783 0.018930
v -0.099507 0.750724 0.018822
v -0.099610 0.750792 0.019089
v -0.099337 0.750630 0.018794
v -0.099515 0.750748 0.019255
v -0.099142 0.750527 0.018852
v -0.099348 0.750662 0.019384
v -0.098975 0.750441 0.018981
v -0.099153 0.750559 0.019443
v -0.098880 0.750397 0.019148
v -0.098983 0.750465 0.019414
v -0.098883 0.750405 0.019306
v -0.097748 0.754388 0.018803
v -0.097639 0.754331 0.018688
v -0.097753 0.754394 0.018970
v -0.097455 0.754240 0.018658
v -0.097653 0.754347 0.019146
v -0.097473 0.754261 0.019283
v -0.097246 0.754137 0.018719
v -0.097067 0.754051 0.018856
v -0.097264 0.754159 0.019344
v -0.096966 0.754005 0.019032
v -0.097080 0.754067 0.019314
v -0.096971 0.754011 0.019199
v -0.095934 0.758315 0.018760
v -0.095815 0.758263 0.018639
v -0.095940 0.758317 0.018936
v -0.095834 0.758270 0.019122
v -0.095617 0.758176 0.018607
v -0.095642 0.758185 0.019266
v -0.095392 0.758077 0.018671
v -0.095417 0.758086 0.019331
v -0.095200 0.757992 0.018816
v -0.095093 0.757945 0.019001
v -0.095219 0.757999 0.019298
v -0.095100 0.757947 0.019178
v -0.094173 0.762664 0.018815
v -0.094045 0.762619 0.018688
v -0.094182 0.762663 0.019001
v -0.094069 0.762615 0.019196
v -0.093832 0.762538 0.018654
v -0.093864 0.762533 0.019348
v -0.093590 0.762444 0.018723
v -0.093623 0.762439 0.019416
v -0.093386 0.762362 0.018874
v -0.093410 0.762358 0.019382
v -0.093273 0.762314 0.019069
v -0.093282 0.762313 0.019255
v -0.092477 0.767537 0.018983
v -0.092339 0.767498 0.018851
v -0.092488 0.767531 0.019178
v -0.092368 0.767483 0.019383
v -0.092111 0.767425 0.018815
v -0.092151 0.767404 0.019542
v -0.091854 0.767338 0.018887
v -0.091894 0.767317 0.019614
v -0.091637 0.767260 0.019047
v -0.091666 0.767245 0.019579
v -0.091518 0.767211 0.019252
v -0.091529 0.767206 0.019446
v -0.090855 0.773036 0.019279
v -0.090708 0.773004 0.019140
v -0.090867 0.773026 0.019482
v -0.090742 0.772976 0.019697
v -0.090466 0.772938 0.019104
v -0.090513 0.772900 0.019864
v -0.090195 0.772855 0.019180
v -0.090241 0.772818 0.019940
v -0.089965 0.772779 0.019347
v -0.090000 0.772752 0.019904
v -0.089840 0.772730 0.019562
v -0.089853 0.772719 0.019765
v -0.089335 0.778883 0.019714
v -0.089350 0.778867 0.019935
v -0.089174 0.778854 0.019565
v -0.089215 0.778810 0.020167
v -0.088911 0.778789 0.019526
v -0.088967 0.778729 0.020349
v -0.088615 0.778704 0.019609
v -0.088671 0.778644 0.020431
v -0.088366 0.778623 0.019790
v -0.088407 0.778578 0.020392
v -0.088231 0.778566 0.020022
v -0.088246 0.778550 0.020243
v -0.087904 0.784668 0.020294
v -0.087922 0.784645 0.020531
v -0.087730 0.784643 0.020133
v -0.087777 0.784580 0.020780
v -0.087444 0.784576 0.020092
v -0.087510 0.784490 0.020976
v -0.087125 0.784486 0.020181
v -0.087191 0.784400 0.021065
v -0.086858 0.784397 0.020376
v -0.086905 0.784334 0.021024
v -0.086713 0.784332 0.020626
v -0.086731 0.784309 0.020863
v -0.086565 0.790323 0.020988
v -0.086585 0.790293 0.021242
v -0.086376 0.790301 0.020817
v -0.086431 0.790220 0.021509
v -0.086070 0.790233 0.020773
v -0.086144 0.790122 0.021718
v -0.085727 0.790138 0.020868
v -0.085802 0.790027 0.021814
v -0.085441 0.790040 0.021078
v -0.085496 0.789959 0.021770
v -0.085287 0.789967 0.021345
v -0.085307 0.789937 0.021598
v -0.085318 0.795786 0.021770
v -0.085341 0.795749 0.022039
v -0.085116 0.795768 0.021587
v -0.085178 0.795667 0.022324
v -0.084788 0.795698 0.021541
v -0.084873 0.795561 0.022547
v -0.084423 0.795597 0.021643
v -0.084507 0.795460 0.022649
v -0.084117 0.795491 0.021866
v -0.084179 0.795390 0.022603
v -0.083954 0.795409 0.022151
v -0.084167 0.800994 0.022610
v -0.084192 0.800950 0.022896
v -0.083951 0.800979 0.022417
v -0.083977 0.795372 0.022420
v -0.084020 0.800858 0.023197
v -0.083602 0.800908 0.022368
v -0.083696 0.800743 0.023434
v -0.083213 0.800801 0.022476
v -0.083307 0.800636 0.023543
v -0.082889 0.800686 0.022713
v -0.083113 0.805884 0.023480
v -0.083141 0.805833 0.023782
v -0.082958 0.800565 0.023494
v -0.082883 0.805872 0.023277
v -0.082717 0.800594 0.023015
v -0.082959 0.805732 0.024101
v -0.082742 0.800550 0.023301
v -0.082513 0.805799 0.023225
v -0.082616 0.805607 0.024352
v -0.082101 0.805685 0.023340
v -0.082205 0.805493 0.024467
v -0.081759 0.805561 0.023591
v -0.082157 0.810394 0.024354
v -0.082187 0.810335 0.024671
v -0.081914 0.810385 0.024139
v -0.081834 0.805420 0.024416
v -0.081996 0.810224 0.025007
v -0.081577 0.805459 0.023910
v -0.081522 0.810309 0.024085
v -0.081604 0.805408 0.024212
v -0.081635 0.810089 0.025271
v -0.081088 0.810188 0.024206
v -0.081201 0.809968 0.025393
v -0.081302 0.814462 0.025201
v -0.081335 0.814395 0.025535
v -0.081045 0.814455 0.024976
v -0.080727 0.810053 0.024470
v -0.081135 0.814273 0.025887
v -0.080633 0.814376 0.024919
v -0.080810 0.809892 0.025339
v -0.080536 0.809942 0.024806
v -0.080755 0.814127 0.026164
v -0.080566 0.809883 0.025124
v -0.080176 0.814246 0.025046
v -0.080548 0.818026 0.025995
v -0.080583 0.817951 0.026345
v -0.080278 0.818021 0.025759
v -0.080298 0.813997 0.026292
v -0.080375 0.817816 0.026714
v -0.079796 0.814100 0.025323
v -0.079845 0.817936 0.025699
v -0.079886 0.813918 0.026235
v -0.079978 0.817657 0.027003
v -0.079596 0.813977 0.025676
v -0.079366 0.817796 0.025832
v -0.079897 0.821027 0.026709
v -0.079935 0.820944 0.027074
v -0.079629 0.813910 0.026009
v -0.079613 0.821022 0.026462
v -0.079719 0.820793 0.027458
v -0.079499 0.817516 0.027136
v -0.079161 0.820930 0.026398
v -0.078969 0.817636 0.026121
v -0.079305 0.820617 0.027759
v -0.079347 0.823412 0.027316
v -0.079389 0.823317 0.027696
v -0.079051 0.823404 0.027057
v -0.079066 0.817432 0.027076
v -0.078661 0.820774 0.026535
v -0.078760 0.817501 0.026490
v -0.079166 0.823146 0.028094
v -0.078796 0.817426 0.026840
v -0.078581 0.823297 0.026988
v -0.078805 0.820461 0.027896
v -0.078895 0.825132 0.027796
v -0.078943 0.825017 0.028187
v -0.078247 0.820598 0.026836
v -0.078586 0.825124 0.027525
v -0.078738 0.822944 0.028405
v -0.078062 0.823118 0.027127
v -0.078719 0.824809 0.028594
v -0.078352 0.820369 0.027833
v -0.078100 0.824994 0.027447
v -0.078030 0.820447 0.027220
v -0.078180 0.827292 0.028588
v -0.078242 0.827142 0.028985
v -0.077856 0.827292 0.028309
v -0.078069 0.820364 0.027585
v -0.078219 0.822766 0.028544
v -0.078283 0.824564 0.028907
v -0.078023 0.826883 0.029393
v -0.077634 0.822916 0.027437
v -0.077567 0.824777 0.027583
v -0.077354 0.827142 0.028223
v -0.077749 0.822658 0.028474
v -0.077750 0.824347 0.029043
v -0.077582 0.826584 0.029703
v -0.077411 0.822745 0.027835
v -0.077406 0.829382 0.029590
v -0.077480 0.829198 0.029989
v -0.077063 0.829394 0.029306
v -0.076810 0.826883 0.028352
v -0.077453 0.822651 0.028215
v -0.077131 0.824533 0.027896
v -0.077267 0.828891 0.030396
v -0.076544 0.829231 0.029212
v -0.077264 0.824217 0.028965
v -0.077038 0.826325 0.029832
v -0.076907 0.824324 0.028303
v -0.076822 0.828544 0.030701
v -0.076370 0.826584 0.028661
v -0.076583 0.831420 0.030748
v -0.076668 0.831210 0.031152
v -0.076956 0.824209 0.028694
v -0.076223 0.831440 0.030457
v -0.075987 0.828936 0.029334
v -0.076537 0.826175 0.029745
v -0.076457 0.830866 0.031560
v -0.076151 0.826325 0.029069
v -0.075686 0.831265 0.030356
v -0.076266 0.828250 0.030823
v -0.076212 0.826175 0.029466
v -0.076006 0.830481 0.031863
v -0.075543 0.828589 0.029639
v -0.075723 0.833428 0.032012
v -0.075816 0.833199 0.032424
v -0.075347 0.833453 0.031712
v -0.075747 0.828087 0.030730
v -0.075115 0.830942 0.030473
v -0.075604 0.832827 0.032838
v -0.075329 0.828283 0.030046
v -0.075435 0.830157 0.031980
v -0.074792 0.833268 0.031605
v -0.075404 0.828099 0.030445
v -0.075142 0.832412 0.033143
v -0.074663 0.830557 0.030776
v -0.074836 0.835427 0.033331
v -0.074935 0.835186 0.033756
v -0.074898 0.829982 0.031880
v -0.074447 0.835454 0.033020
v -0.074204 0.832921 0.031719
v -0.074717 0.834796 0.034181
v -0.074452 0.830213 0.031184
v -0.074555 0.832066 0.033257
v -0.074538 0.830002 0.031588
v -0.073872 0.835258 0.032908
v -0.074241 0.834360 0.034494
v -0.073742 0.832506 0.032024
v -0.073933 0.837437 0.034656
v -0.074033 0.837192 0.035099
v -0.073999 0.831880 0.033150
v -0.073532 0.837461 0.034332
v -0.073265 0.834894 0.033023
v -0.073806 0.836792 0.035542
v -0.073530 0.832134 0.032438
v -0.073634 0.833996 0.034609
v -0.073624 0.831905 0.032851
v -0.072937 0.837258 0.034215
v -0.073312 0.836344 0.035867
v -0.072789 0.834458 0.033335
v -0.073025 0.839477 0.035939
v -0.073123 0.839236 0.036404
v -0.073060 0.833800 0.034496
v -0.072613 0.839495 0.035600
v -0.072309 0.836882 0.034335
v -0.072881 0.838836 0.036872
v -0.072572 0.834068 0.033761
v -0.072684 0.835967 0.035987
v -0.072671 0.833827 0.034186
v -0.071999 0.839285 0.035478
v -0.072365 0.838385 0.037216
v -0.071815 0.836434 0.034660
v -0.072122 0.841565 0.037132
v -0.072213 0.841338 0.037625
v -0.072089 0.835764 0.035869
v -0.071702 0.841573 0.036775
v -0.071346 0.838903 0.035607
v -0.071952 0.840950 0.038123
v -0.071588 0.836033 0.035103
v -0.071711 0.838004 0.037344
v -0.071688 0.835788 0.035546
v -0.071066 0.841357 0.036650
v -0.071408 0.840507 0.038491
v -0.070829 0.838452 0.035951
v -0.071234 0.843719 0.038189
v -0.071315 0.843516 0.038713
v -0.070808 0.843710 0.037812
v -0.071097 0.837793 0.037223
v -0.070386 0.840977 0.036791
v -0.071029 0.843154 0.039246
v -0.070587 0.838052 0.036418
v -0.070727 0.840127 0.038632
v -0.070151 0.843491 0.037685
v -0.070685 0.837811 0.036884
v -0.070453 0.842732 0.039643
v -0.069842 0.840533 0.037160
v -0.070372 0.845957 0.039065
v -0.070438 0.845790 0.039623
v -0.069942 0.845925 0.038668
v -0.070092 0.839911 0.038507
v -0.069439 0.843121 0.037841
v -0.070122 0.845470 0.040192
v -0.069580 0.840146 0.037657
v -0.069263 0.845704 0.038539
v -0.069741 0.842361 0.039800
v -0.069672 0.839918 0.038151
v -0.069509 0.845082 0.040621
v -0.069545 0.848296 0.039717
v -0.069592 0.848179 0.040307
v -0.068863 0.842698 0.038239
v -0.069112 0.848236 0.039301
v -0.068516 0.845353 0.038712
v -0.069241 0.847917 0.040913
v -0.069084 0.842142 0.039672
v -0.068410 0.848015 0.039170
v -0.068577 0.842336 0.038771
v -0.068762 0.844730 0.040794
v -0.068658 0.842133 0.039296
v -0.068759 0.850760 0.040104
v -0.068785 0.850705 0.040723
v -0.068324 0.850666 0.039671
v -0.068586 0.847579 0.041373
v -0.067903 0.844965 0.039141
v -0.067626 0.847693 0.039359
v -0.068397 0.850515 0.041359
v -0.067598 0.850448 0.039537
v -0.068083 0.844509 0.040665
v -0.067586 0.844645 0.039711
v -0.067803 0.847257 0.041562
v -0.067652 0.844478 0.040269
v -0.067698 0.850241 0.041844
v -0.066971 0.847355 0.039819
v -0.066776 0.850163 0.039740
v -0.067100 0.847036 0.041431
v -0.066620 0.847093 0.040425
v -0.066876 0.849957 0.042047
v -0.066077 0.849890 0.040225
v -0.066667 0.846976 0.041015
v -0.066150 0.849739 0.041914
v -0.065689 0.849700 0.040862
v -0.065716 0.849644 0.041480
v -0.117500 0.733586 0.017641
v -0.117471 0.733576 0.017589
v -0.117485 0.733580 0.017699
v -0.115973 0.737155 0.017661
v -0.116002 0.737168 0.017716
v -0.117408 0.733554 0.017556
v -0.115910 0.737125 0.017627
v -0.117432 0.733560 0.017748
v -0.115988 0.737159 0.017777
v -0.117326 0.733525 0.017552
v -0.117354 0.733532 0.017774
v -0.115935 0.737131 0.017828
v -0.115828 0.737084 0.017623
v -0.117248 0.733497 0.017578
v -0.117272 0.733503 0.017770
v -0.115858 0.737092 0.017855
v -0.115751 0.737045 0.017650
v -0.117195 0.733477 0.017627
v -0.117209 0.733481 0.017737
v -0.115776 0.737051 0.017851
v -0.115698 0.737017 0.017700
v -0.117180 0.733471 0.017685
v -0.115713 0.737021 0.017816
v -0.115684 0.737008 0.017761
v -0.114368 0.740002 0.017841
v -0.114339 0.739986 0.017784
v -0.114355 0.739990 0.017905
v -0.114278 0.739946 0.017748
v -0.114305 0.739952 0.017957
v -0.114199 0.739893 0.017743
v -0.114230 0.739900 0.017985
v -0.114125 0.739841 0.017770
v -0.114152 0.739847 0.017980
v -0.114075 0.739804 0.017823
v -0.114090 0.739807 0.017944
v -0.114062 0.739791 0.017886
v -0.112608 0.742177 0.017943
v -0.112636 0.742197 0.018003
v -0.112551 0.742127 0.017905
v -0.112625 0.742181 0.018069
v -0.112579 0.742133 0.018124
v -0.112478 0.742060 0.017899
v -0.112511 0.742067 0.018152
v -0.112410 0.741994 0.017927
v -0.112364 0.741947 0.017981
v -0.112438 0.742000 0.018146
v -0.112380 0.741950 0.018107
v -0.112353 0.741931 0.018047
v -0.110820 0.743834 0.018128
v -0.110769 0.743774 0.018087
v -0.110846 0.743857 0.018191
v -0.110837 0.743838 0.018259
v -0.110798 0.743780 0.018315
v -0.110704 0.743694 0.018080
v -0.110738 0.743701 0.018343
v -0.110645 0.743615 0.018107
v -0.110674 0.743621 0.018335
v -0.110605 0.743557 0.018163
v -0.110622 0.743561 0.018295
v -0.110597 0.743538 0.018231
v -0.109040 0.745089 0.018390
v -0.109035 0.745067 0.018461
v -0.109017 0.745063 0.018324
v -0.108972 0.744995 0.018281
v -0.109003 0.745001 0.018518
v -0.108917 0.744903 0.018272
v -0.108952 0.744911 0.018546
v -0.108867 0.744813 0.018300
v -0.108897 0.744819 0.018537
v -0.108835 0.744747 0.018357
v -0.108852 0.744751 0.018494
v -0.108829 0.744725 0.018428
v -0.107263 0.746001 0.018590
v -0.107260 0.745976 0.018663
v -0.107242 0.745972 0.018521
v -0.107234 0.745905 0.018721
v -0.107203 0.745897 0.018475
v -0.107156 0.745797 0.018465
v -0.107192 0.745805 0.018749
v -0.107114 0.745697 0.018492
v -0.107088 0.745626 0.018550
v -0.107145 0.745705 0.018738
v -0.107085 0.745601 0.018624
v -0.107106 0.745630 0.018693
v -0.105558 0.746701 0.018775
v -0.105556 0.746675 0.018851
v -0.105539 0.746670 0.018704
v -0.105533 0.746599 0.018911
v -0.105495 0.746493 0.018939
v -0.105503 0.746590 0.018656
v -0.105461 0.746484 0.018644
v -0.105423 0.746378 0.018672
v -0.105453 0.746386 0.018928
v -0.105417 0.746307 0.018880
v -0.105400 0.746302 0.018732
v -0.105397 0.746276 0.018808
v -0.103971 0.747297 0.018935
v -0.103967 0.747270 0.019014
v -0.103951 0.747265 0.018861
v -0.103943 0.747192 0.019076
v -0.103914 0.747182 0.018811
v -0.103903 0.747083 0.019105
v -0.103870 0.747072 0.018799
v -0.103858 0.746973 0.019093
v -0.103830 0.746963 0.018828
v -0.103821 0.746891 0.019043
v -0.103805 0.746885 0.018890
v -0.103802 0.746858 0.018969
v -0.102536 0.747871 0.019138
v -0.102503 0.747793 0.019203
v -0.102522 0.747864 0.018979
v -0.102478 0.747781 0.018928
v -0.102543 0.747897 0.019056
v -0.102452 0.747685 0.019233
v -0.102423 0.747671 0.018917
v -0.102398 0.747574 0.019222
v -0.102372 0.747563 0.018948
v -0.102353 0.747492 0.019171
v -0.102339 0.747485 0.019013
v -0.102332 0.747459 0.019094
v -0.101318 0.748601 0.019127
v -0.101305 0.748578 0.019212
v -0.101293 0.748569 0.019048
v -0.101234 0.748492 0.018996
v -0.101256 0.748507 0.019280
v -0.101159 0.748389 0.018985
v -0.101088 0.748288 0.019018
v -0.101184 0.748406 0.019312
v -0.101109 0.748303 0.019301
v -0.101039 0.748217 0.019086
v -0.101051 0.748226 0.019250
v -0.101025 0.748194 0.019171
v -0.100328 0.749510 0.019138
v -0.100296 0.749482 0.019056
v -0.100306 0.749494 0.019225
v -0.100219 0.749418 0.019003
v -0.100236 0.749438 0.019295
v -0.100118 0.749334 0.018992
v -0.100137 0.749357 0.019330
v -0.100019 0.749253 0.019026
v -0.100036 0.749274 0.019318
v -0.099950 0.749197 0.019096
v -0.099928 0.749181 0.019184
v -0.099960 0.749209 0.019265
v -0.099554 0.750713 0.018993
v -0.099591 0.750735 0.019078
v -0.099461 0.750669 0.018937
v -0.099562 0.750729 0.019168
v -0.099475 0.750696 0.019239
v -0.099337 0.750615 0.018924
v -0.099353 0.750646 0.019272
v -0.099215 0.750565 0.018958
v -0.099229 0.750592 0.019259
v -0.099128 0.750533 0.019029
v -0.099099 0.750527 0.019119
v -0.099136 0.750548 0.019203
v -0.123583 0.660645 0.032199
v -0.123562 0.656837 0.032813
v -0.123614 0.660672 0.032497
v -0.123549 0.664245 0.031837
v -0.123581 0.664278 0.032140
v -0.123435 0.660701 0.032823
v -0.123386 0.656865 0.033133
v -0.123531 0.656816 0.032519
v -0.123313 0.664218 0.031644
v -0.123351 0.660627 0.032008
v -0.123445 0.667609 0.031434
v -0.123477 0.667650 0.031741
v -0.123398 0.664310 0.032472
v -0.123406 0.652779 0.033087
v -0.123233 0.652806 0.033401
v -0.123205 0.667574 0.031238
v -0.123376 0.652763 0.032798
v -0.123303 0.656807 0.032331
v -0.123288 0.670747 0.030989
v -0.123292 0.667686 0.032078
v -0.123320 0.670793 0.031301
v -0.123051 0.656892 0.033395
v -0.123095 0.660725 0.033090
v -0.123044 0.670700 0.030791
v -0.123130 0.648502 0.033318
v -0.123152 0.652762 0.032613
v -0.123101 0.648491 0.033035
v -0.122961 0.648530 0.033627
v -0.122905 0.652837 0.033658
v -0.123052 0.664331 0.032743
v -0.122979 0.660624 0.031976
v -0.122934 0.664206 0.031612
v -0.122938 0.656813 0.032299
v -0.122821 0.667552 0.031207
v -0.123131 0.670828 0.031644
v -0.122301 0.680977 0.029512
v -0.122332 0.681023 0.029817
v -0.122939 0.667705 0.032355
v -0.122063 0.680920 0.029320
v -0.122639 0.648566 0.033878
v -0.122654 0.670667 0.030761
v -0.122882 0.648498 0.032852
v -0.122794 0.652777 0.032581
v -0.122718 0.644013 0.033507
v -0.122552 0.644041 0.033810
v -0.122773 0.670842 0.031926
v -0.122149 0.681047 0.030154
v -0.122690 0.644006 0.033228
v -0.122647 0.656911 0.033527
v -0.122683 0.660736 0.033225
v -0.122508 0.652864 0.033787
v -0.122633 0.664336 0.032882
v -0.121683 0.680869 0.029293
v -0.122568 0.660636 0.032112
v -0.122516 0.664211 0.031751
v -0.122236 0.644082 0.034056
v -0.122534 0.656832 0.032432
v -0.122395 0.667552 0.031349
v -0.122513 0.667705 0.032496
v -0.122250 0.648601 0.034005
v -0.122531 0.648523 0.032820
v -0.122475 0.644021 0.033049
v -0.122222 0.670655 0.030907
v -0.122398 0.652804 0.032710
v -0.122341 0.670830 0.032071
v -0.121800 0.681041 0.030433
v -0.122152 0.639316 0.033652
v -0.121989 0.639345 0.033949
v -0.122125 0.639312 0.033379
v -0.121856 0.644126 0.034180
v -0.122282 0.656917 0.033495
v -0.122150 0.652879 0.033755
v -0.122312 0.660733 0.033193
v -0.122255 0.664323 0.032850
v -0.121263 0.680836 0.029439
v -0.121681 0.639392 0.034191
v -0.122132 0.644055 0.033017
v -0.122142 0.648558 0.032947
v -0.122227 0.660659 0.032378
v -0.122199 0.656859 0.032693
v -0.122169 0.664232 0.032022
v -0.121899 0.648626 0.033973
v -0.122042 0.667572 0.031625
v -0.122129 0.667683 0.032465
v -0.121916 0.639336 0.033203
v -0.122069 0.652836 0.032967
v -0.121863 0.670669 0.031189
v -0.121951 0.670797 0.032041
v -0.121379 0.681009 0.030578
v -0.120775 0.690605 0.028247
v -0.120806 0.690649 0.028546
v -0.122054 0.656908 0.033307
v -0.122079 0.660715 0.033003
v -0.120544 0.690539 0.028061
v -0.121926 0.652879 0.033570
v -0.121512 0.644160 0.034148
v -0.122019 0.664297 0.032657
v -0.121308 0.639444 0.034312
v -0.122048 0.660688 0.032704
v -0.121987 0.664263 0.032354
v -0.120914 0.680831 0.029717
v -0.122024 0.656887 0.033014
v -0.121857 0.667607 0.031962
v -0.121417 0.634416 0.033755
v -0.121391 0.634417 0.033487
v -0.121257 0.634447 0.034046
v -0.121751 0.644099 0.033141
v -0.121580 0.639379 0.033172
v -0.121820 0.648595 0.033198
v -0.121680 0.648633 0.033791
v -0.121889 0.667648 0.032270
v -0.120629 0.690658 0.028878
v -0.121897 0.652863 0.033281
v -0.121675 0.670704 0.031532
v -0.120176 0.690467 0.028038
v -0.120955 0.634500 0.034283
v -0.121707 0.670750 0.031844
v -0.120999 0.680957 0.030551
v -0.121651 0.648622 0.033507
v -0.121186 0.634447 0.033314
v -0.121298 0.644176 0.033969
v -0.120973 0.639488 0.034281
v -0.120730 0.680855 0.030054
v -0.121436 0.644141 0.033388
v -0.120291 0.690630 0.029153
v -0.121208 0.639432 0.033293
v -0.120592 0.634561 0.034401
v -0.121270 0.644169 0.033691
v -0.120761 0.680901 0.030360
v -0.119768 0.690410 0.028184
v -0.120859 0.634500 0.033283
v -0.120763 0.639511 0.034105
v -0.120899 0.639479 0.033534
v -0.120494 0.629320 0.033813
v -0.120339 0.629352 0.034099
v -0.120469 0.629323 0.033550
v -0.119883 0.690572 0.029299
v -0.120264 0.634614 0.034370
v -0.120736 0.639508 0.033832
v -0.120044 0.629411 0.034330
v -0.119431 0.690382 0.028459
v -0.120495 0.634561 0.033401
v -0.120271 0.629360 0.033381
v -0.119515 0.690500 0.029276
v -0.120060 0.634644 0.034197
v -0.119690 0.629480 0.034447
v -0.119253 0.690390 0.028791
v -0.120193 0.634614 0.033638
v -0.119951 0.629422 0.033350
v -0.118808 0.699613 0.027173
v -0.118839 0.699654 0.027466
v -0.120034 0.634644 0.033929
v -0.119284 0.690434 0.029090
v -0.118585 0.699537 0.026993
v -0.118668 0.699650 0.027792
v -0.119370 0.629542 0.034416
v -0.118229 0.699448 0.026972
v -0.119369 0.624031 0.033827
v -0.119217 0.624065 0.034107
v -0.119597 0.629492 0.033466
v -0.119345 0.624037 0.033570
v -0.118930 0.624130 0.034334
v -0.118343 0.699601 0.028063
v -0.119152 0.624081 0.033404
v -0.119171 0.629580 0.034247
v -0.119302 0.629551 0.033698
v -0.117836 0.699368 0.027118
v -0.119146 0.629583 0.033984
v -0.118584 0.624208 0.034448
v -0.118841 0.624152 0.033374
v -0.117949 0.699521 0.028209
v -0.117510 0.699320 0.027389
v -0.118273 0.624278 0.034418
v -0.118496 0.624230 0.033488
v -0.117593 0.699432 0.028188
v -0.117340 0.699315 0.027715
v -0.118026 0.618565 0.033797
v -0.117877 0.618598 0.034071
v -0.118080 0.624322 0.034252
v -0.118003 0.618573 0.033545
v -0.118208 0.624294 0.033715
v -0.117370 0.699356 0.028008
v -0.117596 0.618665 0.034294
v -0.118056 0.624328 0.033995
v -0.117815 0.618621 0.033383
v -0.117259 0.618746 0.034405
v -0.117512 0.618696 0.033353
v -0.116499 0.707991 0.026266
v -0.116529 0.708030 0.026552
v -0.116284 0.707908 0.026091
v -0.116366 0.708015 0.026871
v -0.116956 0.618821 0.034376
v -0.115941 0.707803 0.026073
v -0.117175 0.618777 0.033465
v -0.116053 0.707949 0.027139
v -0.116768 0.618869 0.034213
v -0.115562 0.707705 0.026217
v -0.116894 0.618844 0.033687
v -0.116745 0.618877 0.033961
v -0.116669 0.613145 0.033714
v -0.116522 0.613174 0.033982
v -0.116647 0.613156 0.033467
v -0.115674 0.707850 0.027283
v -0.116246 0.613234 0.034199
v -0.115249 0.707639 0.026484
v -0.116463 0.613203 0.033308
v -0.115915 0.613310 0.034309
v -0.115331 0.707745 0.027265
v -0.116166 0.613274 0.033279
v -0.115086 0.707623 0.026804
v -0.115116 0.707662 0.027090
v -0.115618 0.613381 0.034280
v -0.115835 0.613350 0.033388
v -0.115434 0.613428 0.034121
v -0.115559 0.613410 0.033606
v -0.115412 0.613439 0.033874
v -0.115381 0.607495 0.033554
v -0.115236 0.607517 0.033816
v -0.115360 0.607508 0.033313
v -0.114964 0.607568 0.034029
v -0.113946 0.715735 0.025501
v -0.113975 0.715772 0.025780
v -0.113738 0.715645 0.025331
v -0.115180 0.607552 0.033157
v -0.113819 0.715747 0.026093
v -0.113408 0.715527 0.025314
v -0.114639 0.607634 0.034135
v -0.114888 0.607616 0.033129
v -0.113518 0.715666 0.026356
v -0.113044 0.715412 0.025457
v -0.114347 0.607698 0.034107
v -0.114562 0.607682 0.033235
v -0.113154 0.715552 0.026499
v -0.114166 0.607742 0.033951
v -0.114291 0.607733 0.033448
v -0.112743 0.715332 0.025720
v -0.114146 0.607755 0.033710
v -0.114150 0.601573 0.033305
v -0.114007 0.601588 0.033561
v -0.114131 0.601588 0.033070
v -0.112824 0.715434 0.026483
v -0.112587 0.715307 0.026033
v -0.113740 0.601630 0.033769
v -0.113954 0.601631 0.032917
v -0.112617 0.715344 0.026312
v -0.113421 0.601688 0.033873
v -0.113668 0.601688 0.032889
v -0.113134 0.601746 0.033845
v -0.113348 0.601746 0.032993
v -0.112958 0.601788 0.033693
v -0.113081 0.601788 0.033201
v -0.112938 0.601804 0.033457
v -0.112968 0.595349 0.032955
v -0.112827 0.595358 0.033204
v -0.112949 0.595367 0.032724
v -0.112565 0.595392 0.033407
v -0.111245 0.722835 0.024854
v -0.111274 0.722871 0.025127
v -0.112776 0.595407 0.032576
v -0.111045 0.722740 0.024689
v -0.111124 0.722839 0.025433
v -0.112251 0.595442 0.033508
v -0.110728 0.722612 0.024674
v -0.112496 0.595460 0.032548
v -0.110836 0.722747 0.025691
v -0.111970 0.595495 0.033481
v -0.110378 0.722485 0.024815
v -0.112182 0.595510 0.032649
v -0.110487 0.722619 0.025832
v -0.111798 0.595535 0.033332
v -0.111920 0.595544 0.032852
v -0.110090 0.722392 0.025073
v -0.111823 0.588791 0.032489
v -0.111685 0.588795 0.032733
v -0.111806 0.588812 0.032264
v -0.111779 0.595553 0.033102
v -0.111428 0.588822 0.032930
v -0.110170 0.722491 0.025817
v -0.111637 0.588851 0.032119
v -0.109941 0.722360 0.025379
v -0.109970 0.722396 0.025652
v -0.111120 0.588865 0.033028
v -0.111362 0.588899 0.032092
v -0.110846 0.588913 0.033001
v -0.112166 0.502128 0.008143
v -0.111931 0.502104 0.008022
v -0.112189 0.502047 0.008234
v -0.111271 0.503314 0.009523
v -0.111783 0.502006 0.008024
v -0.112135 0.501927 0.008313
v -0.111298 0.503226 0.009613
v -0.111055 0.588942 0.032190
v -0.112071 0.502149 0.008066
v -0.111174 0.503335 0.009440
v -0.111666 0.501880 0.008071
v -0.112018 0.501801 0.008360
v -0.111249 0.503092 0.009685
v -0.111033 0.503281 0.009386
v -0.111612 0.501760 0.008151
v -0.111870 0.501703 0.008362
v -0.111136 0.502949 0.009721
v -0.110677 0.588952 0.032856
v -0.110887 0.503167 0.009376
v -0.110798 0.588969 0.032388
v -0.111635 0.501679 0.008241
v -0.111730 0.501658 0.008319
v -0.110989 0.502835 0.009711
v -0.110707 0.581869 0.031896
v -0.110571 0.581868 0.032133
v -0.110691 0.581892 0.031677
v -0.110659 0.588973 0.032631
v -0.110774 0.503024 0.009412
v -0.110848 0.502781 0.009657
v -0.110319 0.581889 0.032325
v -0.110724 0.502890 0.009484
v -0.110751 0.502802 0.009574
v -0.110526 0.581931 0.031535
v -0.110019 0.581926 0.032421
v -0.110257 0.581974 0.031508
v -0.110241 0.504398 0.010964
v -0.110271 0.504303 0.011055
v -0.110141 0.504417 0.010876
v -0.108495 0.729287 0.024302
v -0.108523 0.729322 0.024568
v -0.110224 0.504160 0.011125
v -0.108303 0.729188 0.024141
v -0.109999 0.504357 0.010814
v -0.110111 0.504005 0.011155
v -0.109750 0.581970 0.032394
v -0.108380 0.729284 0.024867
v -0.109956 0.582012 0.031604
v -0.107998 0.729051 0.024128
v -0.109851 0.504233 0.010796
v -0.109964 0.503881 0.011136
v -0.109739 0.504078 0.010826
v -0.109821 0.503821 0.011075
v -0.109585 0.582008 0.032252
v -0.108103 0.729183 0.025120
v -0.109704 0.582033 0.031796
v -0.109691 0.503935 0.010896
v -0.109721 0.503841 0.010987
v -0.107662 0.728915 0.024266
v -0.109610 0.574552 0.031161
v -0.109477 0.574546 0.031393
v -0.109594 0.574577 0.030948
v -0.109569 0.582031 0.032033
v -0.109230 0.574561 0.031580
v -0.109434 0.574615 0.030810
v -0.107768 0.729047 0.025258
v -0.107386 0.728814 0.024519
v -0.108936 0.574593 0.031673
v -0.109133 0.505474 0.012443
v -0.109164 0.505377 0.012539
v -0.109171 0.574656 0.030783
v -0.109030 0.505494 0.012350
v -0.109114 0.505228 0.012612
v -0.107463 0.728910 0.025245
v -0.108883 0.505430 0.012285
v -0.108997 0.505067 0.012643
v -0.107242 0.728776 0.024818
v -0.108674 0.574634 0.031646
v -0.108730 0.505301 0.012266
v -0.108844 0.504937 0.012623
v -0.108877 0.574688 0.030876
v -0.107271 0.728811 0.025084
v -0.108613 0.505140 0.012297
v -0.108696 0.504874 0.012558
v -0.108513 0.574672 0.031508
v -0.108563 0.504991 0.012370
v -0.108593 0.504893 0.012466
v -0.108630 0.574703 0.031063
v -0.108522 0.566809 0.030274
v -0.108392 0.566799 0.030499
v -0.108507 0.566836 0.030066
v -0.108497 0.574697 0.031294
v -0.108150 0.566809 0.030681
v -0.108350 0.566873 0.029931
v -0.107863 0.566837 0.030771
v -0.108029 0.506543 0.014045
v -0.108000 0.506642 0.013942
v -0.108094 0.566911 0.029905
v -0.107973 0.506394 0.014127
v -0.107894 0.506661 0.013845
v -0.107738 0.506598 0.013781
v -0.107846 0.506232 0.014166
v -0.107607 0.566875 0.030745
v -0.107575 0.506468 0.013766
v -0.107807 0.566939 0.029995
v -0.107683 0.506102 0.014151
v -0.107448 0.506306 0.013805
v -0.107527 0.506038 0.014087
v -0.107451 0.566912 0.030610
v -0.107392 0.506156 0.013887
v -0.107566 0.566949 0.030177
v -0.107421 0.506058 0.013990
v -0.107433 0.558608 0.029219
v -0.107306 0.558595 0.029438
v -0.107419 0.558637 0.029017
v -0.107435 0.566939 0.030402
v -0.105794 0.735082 0.023820
v -0.105609 0.734980 0.023663
v -0.105821 0.735117 0.024079
v -0.107070 0.558601 0.029615
v -0.105683 0.735076 0.024371
v -0.107266 0.558674 0.028886
v -0.105315 0.734838 0.023651
v -0.106790 0.558625 0.029702
v -0.107017 0.558710 0.028861
v -0.105417 0.734970 0.024618
v -0.106893 0.507995 0.015443
v -0.106919 0.507899 0.015557
v -0.106783 0.508016 0.015343
v -0.104993 0.734695 0.023787
v -0.106852 0.507754 0.015653
v -0.106617 0.507956 0.015283
v -0.106540 0.558660 0.029677
v -0.106712 0.507597 0.015706
v -0.106736 0.558734 0.028948
v -0.105094 0.734827 0.024754
v -0.106440 0.507831 0.015278
v -0.106534 0.507472 0.015701
v -0.104727 0.734589 0.024034
v -0.106388 0.558698 0.029545
v -0.106299 0.507674 0.015331
v -0.106501 0.558740 0.029125
v -0.106368 0.507412 0.015641
v -0.106232 0.507529 0.015427
v -0.106373 0.558727 0.029343
v -0.104801 0.734686 0.024742
v -0.106258 0.507433 0.015541
v -0.106334 0.549919 0.027986
v -0.106209 0.549903 0.028198
v -0.106320 0.549950 0.027789
v -0.104589 0.734548 0.024326
v -0.105980 0.549906 0.028370
v -0.106172 0.549987 0.027661
v -0.104616 0.734584 0.024585
v -0.105707 0.549926 0.028454
v -0.105929 0.550021 0.027637
v -0.105862 0.509631 0.016932
v -0.105883 0.509540 0.017057
v -0.105747 0.509653 0.016828
v -0.105804 0.509405 0.017171
v -0.105569 0.509600 0.016775
v -0.105463 0.549960 0.028429
v -0.105656 0.550041 0.027721
v -0.105647 0.509261 0.017242
v -0.105376 0.509487 0.016785
v -0.105454 0.509148 0.017252
v -0.105315 0.549997 0.028302
v -0.105426 0.550044 0.027893
v -0.105218 0.509343 0.016856
v -0.105276 0.509095 0.017198
v -0.105301 0.550028 0.028105
v -0.105215 0.540711 0.026559
v -0.105093 0.540693 0.026766
v -0.105202 0.540744 0.026369
v -0.105140 0.509208 0.016969
v -0.105161 0.509117 0.017095
v -0.104869 0.540692 0.026932
v -0.105057 0.540781 0.026245
v -0.104603 0.540710 0.027014
v -0.104821 0.540813 0.026220
v -0.104955 0.511648 0.018393
v -0.104971 0.511565 0.018531
v -0.104836 0.511671 0.018287
v -0.103239 0.740212 0.023384
v -0.103264 0.740248 0.023636
v -0.104881 0.511445 0.018663
v -0.103061 0.740109 0.023232
v -0.104645 0.511630 0.018241
v -0.104367 0.540742 0.026990
v -0.103131 0.740207 0.023921
v -0.104707 0.511321 0.018755
v -0.104555 0.540831 0.026302
v -0.102778 0.739965 0.023221
v -0.104435 0.511534 0.018267
v -0.104497 0.511225 0.018781
v -0.104222 0.540779 0.026866
v -0.104331 0.540830 0.026469
v -0.102874 0.740099 0.024162
v -0.104261 0.511410 0.018358
v -0.104209 0.540812 0.026675
v -0.102466 0.739820 0.023353
v -0.104307 0.511184 0.018735
v -0.104171 0.511290 0.018491
v -0.104066 0.530961 0.024929
v -0.103947 0.530936 0.025129
v -0.104054 0.530996 0.024745
v -0.104187 0.511208 0.018629
v -0.103729 0.530929 0.025289
v -0.102562 0.739954 0.024295
v -0.103914 0.531032 0.024624
v -0.102209 0.739713 0.023594
v -0.104220 0.514145 0.019813
v -0.104233 0.514072 0.019963
v -0.104096 0.514171 0.019705
v -0.104133 0.513973 0.020114
v -0.103470 0.530941 0.025368
v -0.103895 0.514144 0.019666
v -0.103683 0.531060 0.024600
v -0.102280 0.739811 0.024283
v -0.102076 0.739671 0.023879
v -0.103944 0.513873 0.020224
v -0.103670 0.514071 0.019707
v -0.103239 0.530968 0.025344
v -0.102102 0.739707 0.024131
v -0.103424 0.531072 0.024679
v -0.103720 0.513799 0.020266
v -0.103482 0.513970 0.019818
v -0.103099 0.531005 0.025223
v -0.103206 0.531065 0.024839
v -0.103518 0.513772 0.020227
v -0.103381 0.513871 0.019969
v -0.103709 0.517226 0.021177
v -0.103720 0.517165 0.021338
v -0.103581 0.517255 0.021066
v -0.103087 0.531040 0.025039
v -0.103395 0.513798 0.020118
v -0.103612 0.517086 0.021504
v -0.103370 0.517243 0.021033
v -0.103583 0.525507 0.023840
v -0.103466 0.525468 0.024030
v -0.103571 0.525548 0.023662
v -0.103413 0.517013 0.021632
v -0.103253 0.525444 0.024183
v -0.103134 0.517194 0.021088
v -0.103435 0.525583 0.023544
v -0.103176 0.516963 0.021687
v -0.103475 0.520994 0.022466
v -0.103486 0.520943 0.022636
v -0.103000 0.525440 0.024256
v -0.103342 0.521026 0.022352
v -0.103210 0.525600 0.023519
v -0.102934 0.517120 0.021215
v -0.103372 0.520886 0.022816
v -0.103124 0.521029 0.022324
v -0.102965 0.516952 0.021654
v -0.102826 0.517042 0.021382
v -0.103165 0.520838 0.022957
v -0.102775 0.525458 0.024231
v -0.102957 0.525597 0.023592
v -0.102837 0.516981 0.021542
v -0.102878 0.521003 0.022389
v -0.102919 0.520812 0.023023
v -0.100929 0.744671 0.022971
v -0.100953 0.744708 0.023216
v -0.102639 0.525493 0.024113
v -0.100757 0.744567 0.022823
v -0.102744 0.525572 0.023745
v -0.102671 0.520956 0.022531
v -0.100822 0.744669 0.023493
v -0.102627 0.525534 0.023936
v -0.100483 0.744425 0.022812
v -0.102700 0.520816 0.022994
v -0.102557 0.520898 0.022710
v -0.100572 0.744565 0.023728
v -0.102568 0.520847 0.022880
v -0.100181 0.744282 0.022942
v -0.100269 0.744422 0.023857
v -0.099930 0.744178 0.023176
v -0.099995 0.744280 0.023846
v -0.099799 0.744139 0.023453
v -0.099823 0.744176 0.023699
v -0.098964 0.748445 0.022557
v -0.098984 0.748486 0.022795
v -0.098797 0.748343 0.022413
v -0.098854 0.748455 0.023064
v -0.098529 0.748207 0.022403
v -0.098607 0.748360 0.023291
v -0.098232 0.748074 0.022528
v -0.098310 0.748227 0.023416
v -0.097985 0.747980 0.022755
v -0.098042 0.748092 0.023406
v -0.097854 0.747948 0.023024
v -0.097875 0.747989 0.023262
v -0.097436 0.751536 0.022118
v -0.097273 0.751438 0.021979
v -0.097454 0.751579 0.022349
v -0.097323 0.751557 0.022609
v -0.097010 0.751313 0.021967
v -0.097078 0.751476 0.022829
v -0.096716 0.751193 0.022087
v -0.096785 0.751356 0.022949
v -0.096471 0.751112 0.022307
v -0.096521 0.751231 0.022938
v -0.096340 0.751090 0.022567
v -0.096358 0.751133 0.022798
v -0.096248 0.754108 0.021684
v -0.096079 0.754014 0.021555
v -0.096277 0.754154 0.021909
v -0.096160 0.754141 0.022170
v -0.095816 0.753899 0.021558
v -0.095926 0.754072 0.022398
v -0.095530 0.753793 0.021691
v -0.095640 0.753966 0.022531
v -0.095296 0.753724 0.021919
v -0.095377 0.753851 0.022534
v -0.095179 0.753711 0.022181
v -0.095208 0.753757 0.022406
v -0.095103 0.756691 0.021306
v -0.095145 0.756736 0.021525
v -0.094929 0.756603 0.021189
v -0.095043 0.756727 0.021787
v -0.094669 0.756496 0.021205
v -0.094825 0.756665 0.022023
v -0.094392 0.756398 0.021351
v -0.094548 0.756567 0.022169
v -0.094174 0.756336 0.021587
v -0.094288 0.756460 0.022186
v -0.094071 0.756327 0.021850
v -0.094113 0.756372 0.022069
v -0.094013 0.759285 0.020983
v -0.094066 0.759329 0.021196
v -0.093833 0.759203 0.020878
v -0.093980 0.759323 0.021459
v -0.093576 0.759105 0.020908
v -0.093776 0.759268 0.021702
v -0.093310 0.759016 0.021066
v -0.093510 0.759179 0.021859
v -0.093106 0.758962 0.021309
v -0.093253 0.759081 0.021890
v -0.093020 0.758955 0.021572
v -0.093073 0.758999 0.021784
v -0.092980 0.761903 0.020714
v -0.093045 0.761944 0.020920
v -0.092797 0.761827 0.020620
v -0.092973 0.761940 0.021182
v -0.092543 0.761738 0.020664
v -0.092785 0.761892 0.021431
v -0.092288 0.761658 0.020832
v -0.092530 0.761813 0.021600
v -0.092100 0.761610 0.021081
v -0.092277 0.761724 0.021643
v -0.092028 0.761607 0.021343
v -0.092093 0.761648 0.021549
v -0.092011 0.764554 0.020496
v -0.092086 0.764593 0.020694
v -0.091824 0.764485 0.020414
v -0.092030 0.764591 0.020955
v -0.091575 0.764405 0.020470
v -0.091856 0.764550 0.021209
v -0.091332 0.764335 0.020648
v -0.091613 0.764479 0.021388
v -0.091159 0.764293 0.020902
v -0.091364 0.764399 0.021444
v -0.091102 0.764292 0.021163
v -0.091177 0.764330 0.021361
v -0.091194 0.767286 0.020517
v -0.091109 0.767250 0.020327
v -0.091153 0.767286 0.020776
v -0.090920 0.767189 0.020256
v -0.090995 0.767250 0.021034
v -0.090677 0.767118 0.020324
v -0.090764 0.767188 0.021222
v -0.090445 0.767056 0.020512
v -0.090521 0.767118 0.021289
v -0.090288 0.767021 0.020769
v -0.090375 0.770034 0.020386
v -0.090280 0.770003 0.020204
v -0.090331 0.767056 0.021218
v -0.090246 0.767021 0.021028
v -0.090347 0.770035 0.020642
v -0.090089 0.769949 0.020145
v -0.090205 0.770005 0.020902
v -0.089852 0.769887 0.020224
v -0.089987 0.769952 0.021098
v -0.089634 0.769834 0.020420
v -0.089750 0.769890 0.021177
v -0.089492 0.769804 0.020680
v -0.089632 0.772850 0.020298
v -0.089529 0.772823 0.020125
v -0.089619 0.772851 0.020550
v -0.089559 0.769836 0.021118
v -0.089464 0.769805 0.020936
v -0.089337 0.772776 0.020077
v -0.089492 0.772826 0.020813
v -0.089107 0.772723 0.020167
v -0.089287 0.772781 0.021016
v -0.088902 0.772678 0.020370
v -0.089057 0.772728 0.021106
v -0.088775 0.772652 0.020633
v -0.088971 0.775743 0.020252
v -0.088860 0.775720 0.020088
v -0.088971 0.775744 0.020499
v -0.088865 0.772681 0.021058
v -0.088668 0.775681 0.020051
v -0.088762 0.772654 0.020884
v -0.088860 0.775723 0.020763
v -0.088446 0.775637 0.020151
v -0.088668 0.775685 0.020973
v -0.088255 0.775599 0.020360
v -0.088447 0.775641 0.021072
v -0.088396 0.778726 0.020245
v -0.088278 0.778707 0.020090
v -0.088409 0.778726 0.020487
v -0.088144 0.775578 0.020624
v -0.088255 0.775602 0.021035
v -0.088087 0.778676 0.020064
v -0.088314 0.778708 0.020750
v -0.088144 0.775579 0.020871
v -0.087875 0.778639 0.020173
v -0.088136 0.778676 0.020966
v -0.087697 0.778608 0.020388
v -0.087923 0.778640 0.021075
v -0.087913 0.781808 0.020274
v -0.087939 0.781807 0.020510
v -0.087789 0.781794 0.020129
v -0.087859 0.781791 0.020773
v -0.087600 0.781770 0.020113
v -0.087602 0.778590 0.020652
v -0.087732 0.778609 0.021048
v -0.087615 0.778590 0.020894
v -0.087695 0.781766 0.020993
v -0.087397 0.781741 0.020231
v -0.087526 0.785001 0.020338
v -0.087564 0.784998 0.020567
v -0.087492 0.781737 0.021111
v -0.087397 0.784992 0.020203
v -0.087233 0.781716 0.020451
v -0.087499 0.784985 0.020828
v -0.087211 0.784975 0.020197
v -0.087303 0.781713 0.021095
v -0.087153 0.781700 0.020714
v -0.087350 0.784964 0.021052
v -0.087179 0.781699 0.020950
v -0.087017 0.784953 0.020323
v -0.087156 0.784942 0.021178
v -0.086868 0.784932 0.020546
v -0.086970 0.784925 0.021172
v -0.086804 0.784919 0.020808
v -0.086841 0.784916 0.021037
v -0.141163 0.682389 0.024199
v -0.141169 0.682402 0.024080
v -0.141157 0.682342 0.024028
v -0.141147 0.682319 0.024234
v -0.140012 0.682725 0.024093
v -0.141139 0.682255 0.024001
v -0.139968 0.682622 0.024063
v -0.141171 0.682420 0.024142
v -0.140066 0.682814 0.024229
v -0.140061 0.682776 0.024300
v -0.140048 0.682795 0.024154
v -0.141127 0.682228 0.024239
v -0.141119 0.682164 0.024006
v -0.139928 0.682514 0.024073
v -0.140036 0.682692 0.024347
v -0.141097 0.682080 0.024160
v -0.141103 0.682094 0.024041
v -0.141095 0.682063 0.024098
v -0.139916 0.682412 0.024267
v -0.139898 0.682393 0.024191
v -0.141109 0.682140 0.024212
v -0.139952 0.682482 0.024327
v -0.139903 0.682430 0.024120
v -0.139996 0.682585 0.024357
v -0.138750 0.683469 0.024507
v -0.138749 0.683425 0.024592
v -0.138718 0.683449 0.024419
v -0.138661 0.683369 0.024352
v -0.138714 0.683328 0.024651
v -0.138595 0.683252 0.024323
v -0.138655 0.683205 0.024669
v -0.138536 0.683129 0.024341
v -0.138588 0.683088 0.024641
v -0.138501 0.683032 0.024400
v -0.138531 0.683009 0.024573
v -0.138499 0.682988 0.024485
v -0.137244 0.684370 0.024929
v -0.137244 0.684321 0.025028
v -0.137200 0.684346 0.024829
v -0.137200 0.684212 0.025102
v -0.137125 0.684257 0.024756
v -0.137125 0.684074 0.025129
v -0.137038 0.684125 0.024729
v -0.137037 0.683942 0.025102
v -0.136962 0.683987 0.024756
v -0.136962 0.683853 0.025029
v -0.136919 0.683878 0.024830
v -0.136919 0.683829 0.024929
v -0.135569 0.685498 0.025445
v -0.135569 0.685446 0.025561
v -0.135515 0.685471 0.025334
v -0.135516 0.685327 0.025649
v -0.135423 0.685370 0.025256
v -0.135425 0.685174 0.025686
v -0.135317 0.685223 0.025232
v -0.135319 0.685027 0.025663
v -0.135226 0.685070 0.025270
v -0.135227 0.684926 0.025585
v -0.135173 0.684951 0.025358
v -0.135173 0.684898 0.025474
v -0.133745 0.686837 0.026008
v -0.133745 0.686782 0.026140
v -0.133683 0.686803 0.025884
v -0.133683 0.686655 0.026244
v -0.133576 0.686690 0.025802
v -0.133576 0.686487 0.026293
v -0.133452 0.686528 0.025783
v -0.133452 0.686326 0.026274
v -0.133345 0.686361 0.025832
v -0.133345 0.686213 0.026192
v -0.133283 0.686233 0.025936
v -0.133283 0.686179 0.026068
v -0.131795 0.688367 0.026567
v -0.131793 0.688313 0.026716
v -0.131726 0.688325 0.026432
v -0.131721 0.688178 0.026837
v -0.131604 0.688199 0.026346
v -0.131598 0.687998 0.026899
v -0.131462 0.688022 0.026332
v -0.131456 0.687821 0.026885
v -0.131339 0.687842 0.026394
v -0.131334 0.687695 0.026799
v -0.131266 0.687707 0.026515
v -0.131265 0.687653 0.026664
v -0.129738 0.690071 0.027074
v -0.129734 0.690020 0.027240
v -0.129663 0.690019 0.026927
v -0.129650 0.689880 0.027379
v -0.129527 0.689879 0.026837
v -0.129509 0.689688 0.027455
v -0.129368 0.689687 0.026830
v -0.129350 0.689496 0.027448
v -0.129228 0.689495 0.026906
v -0.129214 0.689356 0.027358
v -0.129144 0.689355 0.027045
v -0.129139 0.689304 0.027211
v -0.127596 0.691930 0.027479
v -0.127586 0.691884 0.027662
v -0.127516 0.691866 0.027320
v -0.127367 0.691711 0.027228
v -0.127489 0.691742 0.027821
v -0.127190 0.691505 0.027228
v -0.127330 0.691541 0.027912
v -0.127031 0.691304 0.027319
v -0.127153 0.691335 0.027911
v -0.126934 0.691161 0.027478
v -0.127004 0.691180 0.027819
v -0.126924 0.691116 0.027661
v -0.125388 0.693926 0.027733
v -0.125371 0.693889 0.027934
v -0.125304 0.693848 0.027564
v -0.125143 0.693676 0.027470
v -0.125258 0.693748 0.028111
v -0.124947 0.693457 0.027478
v -0.125080 0.693540 0.028218
v -0.124769 0.693249 0.027585
v -0.124884 0.693321 0.028226
v -0.124657 0.693108 0.027763
v -0.124723 0.693149 0.028133
v -0.124640 0.693071 0.027963
v -0.123135 0.696040 0.027788
v -0.123050 0.695945 0.027608
v -0.123108 0.696016 0.028005
v -0.122876 0.695757 0.027515
v -0.122978 0.695879 0.028201
v -0.122661 0.695526 0.027532
v -0.122778 0.695667 0.028324
v -0.122461 0.695314 0.027655
v -0.122563 0.695436 0.028342
v -0.122331 0.695178 0.027851
v -0.122389 0.695248 0.028248
v -0.122304 0.695154 0.028068
v -0.120858 0.698254 0.027594
v -0.120773 0.698140 0.027407
v -0.120819 0.698246 0.027826
v -0.120587 0.697935 0.027314
v -0.120668 0.698119 0.028041
v -0.120351 0.697693 0.027341
v -0.120444 0.697907 0.028180
v -0.120127 0.697481 0.027480
v -0.120207 0.697666 0.028207
v -0.119975 0.697354 0.027694
v -0.120022 0.697461 0.028114
v -0.119937 0.697347 0.027926
v -0.118577 0.700549 0.027105
v -0.118493 0.700413 0.026911
v -0.118523 0.700562 0.027350
v -0.118295 0.700191 0.026820
v -0.118348 0.700449 0.027580
v -0.118036 0.699942 0.026857
v -0.118097 0.700240 0.027734
v -0.117786 0.699733 0.027011
v -0.117838 0.699991 0.027771
v -0.117610 0.699620 0.027242
v -0.117641 0.699769 0.027680
v -0.117557 0.699633 0.027487
v -0.139245 0.638446 0.027282
v -0.139075 0.638438 0.027124
v -0.139225 0.638395 0.027377
v -0.137668 0.642201 0.028788
v -0.139190 0.638461 0.027190
v -0.137609 0.642215 0.028684
v -0.138931 0.638381 0.027102
v -0.139136 0.638323 0.027447
v -0.137643 0.642151 0.028895
v -0.137481 0.642189 0.028611
v -0.138796 0.638308 0.027130
v -0.139001 0.638250 0.027476
v -0.137540 0.642079 0.028977
v -0.137319 0.642132 0.028588
v -0.138706 0.638236 0.027200
v -0.138856 0.638193 0.027454
v -0.137388 0.642004 0.029011
v -0.137166 0.642057 0.028622
v -0.138686 0.638186 0.027295
v -0.138741 0.638170 0.027387
v -0.137226 0.641947 0.028988
v -0.137063 0.641985 0.028704
v -0.137098 0.641921 0.028915
v -0.137038 0.641935 0.028811
v -0.136330 0.645758 0.029973
v -0.136267 0.645769 0.029857
v -0.136300 0.645710 0.030093
v -0.136126 0.645741 0.029777
v -0.136184 0.645639 0.030185
v -0.135947 0.645682 0.029753
v -0.136014 0.645564 0.030225
v -0.135776 0.645606 0.029793
v -0.135834 0.645505 0.030201
v -0.135660 0.645535 0.029885
v -0.135694 0.645477 0.030121
v -0.135630 0.645488 0.030005
v -0.135173 0.649103 0.030873
v -0.135105 0.649110 0.030745
v -0.135137 0.649059 0.031005
v -0.134953 0.649078 0.030657
v -0.135008 0.648989 0.031108
v -0.134757 0.649015 0.030632
v -0.134821 0.648913 0.031153
v -0.134569 0.648939 0.030677
v -0.134624 0.648850 0.031128
v -0.134440 0.648869 0.030780
v -0.134472 0.648818 0.031040
v -0.134405 0.648825 0.030912
v -0.134136 0.652224 0.031523
v -0.134066 0.652224 0.031384
v -0.134095 0.652183 0.031669
v -0.133902 0.652185 0.031288
v -0.133954 0.652114 0.031781
v -0.133690 0.652117 0.031261
v -0.133749 0.652034 0.031830
v -0.133486 0.652037 0.031310
v -0.133537 0.651965 0.031803
v -0.133344 0.651967 0.031422
v -0.133374 0.651926 0.031706
v -0.133303 0.651927 0.031567
v -0.133160 0.655108 0.031960
v -0.133087 0.655100 0.031809
v -0.133114 0.655071 0.032117
v -0.132914 0.655050 0.031704
v -0.132960 0.654999 0.032238
v -0.132688 0.654970 0.031674
v -0.132741 0.654912 0.032291
v -0.132469 0.654883 0.031727
v -0.132515 0.654833 0.032261
v -0.132316 0.654811 0.031848
v -0.132342 0.654782 0.032156
v -0.132269 0.654775 0.032005
v -0.132184 0.657743 0.032217
v -0.132110 0.657724 0.032055
v -0.132132 0.657709 0.032386
v -0.131930 0.657658 0.031941
v -0.131968 0.657631 0.032516
v -0.131693 0.657561 0.031908
v -0.131737 0.657530 0.032571
v -0.131461 0.657460 0.031963
v -0.131499 0.657433 0.032538
v -0.131297 0.657382 0.032093
v -0.131319 0.657367 0.032424
v -0.131245 0.657348 0.032262
v -0.131144 0.660120 0.032330
v -0.131072 0.660087 0.032156
v -0.131088 0.660086 0.032510
v -0.130889 0.659997 0.032034
v -0.130917 0.659996 0.032648
v -0.130645 0.659873 0.031997
v -0.130678 0.659872 0.032706
v -0.130406 0.659749 0.032055
v -0.130434 0.659748 0.032669
v -0.130235 0.659658 0.032193
v -0.130251 0.659658 0.032547
v -0.130178 0.659625 0.032373
v -0.129975 0.662226 0.032331
v -0.129907 0.662176 0.032146
v -0.129916 0.662190 0.032522
v -0.129728 0.662054 0.032017
v -0.129744 0.662077 0.032668
v -0.129487 0.661893 0.031978
v -0.129505 0.661919 0.032730
v -0.129249 0.661734 0.032039
v -0.129264 0.661757 0.032691
v -0.129077 0.661622 0.032185
v -0.129086 0.661635 0.032562
v -0.129017 0.661585 0.032377
v -0.128546 0.663977 0.032059
v -0.128607 0.664045 0.032255
v -0.128382 0.663816 0.031924
v -0.128548 0.664002 0.032457
v -0.128159 0.663605 0.031884
v -0.128385 0.663859 0.032613
v -0.128161 0.663655 0.032679
v -0.127936 0.663401 0.031951
v -0.127938 0.663444 0.032640
v -0.127772 0.663258 0.032106
v -0.127713 0.663215 0.032309
v -0.127774 0.663283 0.032504
v -0.126924 0.665464 0.031931
v -0.126972 0.665550 0.032136
v -0.126788 0.665262 0.031790
v -0.126919 0.665496 0.032350
v -0.126600 0.664997 0.031751
v -0.126779 0.665317 0.032516
v -0.126410 0.664741 0.031825
v -0.126590 0.665060 0.032590
v -0.126271 0.664562 0.031991
v -0.126402 0.664796 0.032551
v -0.126217 0.664508 0.032205
v -0.126265 0.664594 0.032410
v -0.124982 0.666605 0.031797
v -0.125015 0.666705 0.032012
v -0.124884 0.666366 0.031651
v -0.124975 0.666639 0.032238
v -0.124748 0.666052 0.031614
v -0.124872 0.666425 0.032415
v -0.124611 0.665748 0.031695
v -0.124734 0.666121 0.032496
v -0.124508 0.665534 0.031872
v -0.124599 0.665807 0.032459
v -0.124468 0.665468 0.032099
v -0.124501 0.665568 0.032313
v -0.122674 0.667370 0.031696
v -0.122692 0.667480 0.031921
v -0.122620 0.667104 0.031545
v -0.122670 0.667404 0.032159
v -0.122545 0.666752 0.031508
v -0.122614 0.667163 0.032347
v -0.122469 0.666410 0.031596
v -0.122538 0.666821 0.032434
v -0.122412 0.666169 0.031784
v -0.122463 0.666470 0.032398
v -0.122391 0.666094 0.032022
v -0.122409 0.666204 0.032247
v -0.134045 0.579954 0.023401
v -0.133999 0.579932 0.023323
v -0.134043 0.579919 0.023452
v -0.133044 0.580385 0.023755
v -0.133964 0.579882 0.023318
v -0.134024 0.579864 0.023494
v -0.133060 0.580350 0.023823
v -0.134029 0.579959 0.023353
v -0.133020 0.580379 0.023697
v -0.133932 0.579820 0.023339
v -0.133993 0.579803 0.023515
v -0.133063 0.580281 0.023883
v -0.132994 0.580331 0.023665
v -0.133913 0.579765 0.023381
v -0.133957 0.579752 0.023509
v -0.133052 0.580198 0.023918
v -0.132973 0.580256 0.023666
v -0.133912 0.579730 0.023432
v -0.133928 0.579726 0.023479
v -0.133031 0.580122 0.023920
v -0.132962 0.580173 0.023701
v -0.133005 0.580075 0.023887
v -0.132965 0.580104 0.023761
v -0.132980 0.580068 0.023829
v -0.131708 0.580573 0.024398
v -0.131714 0.580479 0.024456
v -0.131688 0.580642 0.024314
v -0.131659 0.580667 0.024228
v -0.131630 0.580644 0.024161
v -0.131705 0.580386 0.024473
v -0.131608 0.580576 0.024132
v -0.131684 0.580319 0.024444
v -0.131600 0.580483 0.024149
v -0.131655 0.580295 0.024377
v -0.131626 0.580321 0.024291
v -0.131606 0.580390 0.024207
v -0.130060 0.580753 0.025105
v -0.130059 0.580649 0.025146
v -0.130041 0.580846 0.025018
v -0.130008 0.580905 0.024908
v -0.130039 0.580563 0.025129
v -0.129970 0.580913 0.024803
v -0.130006 0.580518 0.025059
v -0.129936 0.580867 0.024733
v -0.129967 0.580526 0.024954
v -0.129916 0.580781 0.024716
v -0.129934 0.580584 0.024844
v -0.129916 0.580678 0.024757
v -0.128170 0.581125 0.025844
v -0.128174 0.581019 0.025915
v -0.128141 0.581209 0.025725
v -0.128154 0.580917 0.025917
v -0.128096 0.581247 0.025589
v -0.128114 0.580849 0.025851
v -0.128047 0.581229 0.025472
v -0.128065 0.580831 0.025735
v -0.128007 0.581161 0.025406
v -0.128020 0.580870 0.025598
v -0.127986 0.581060 0.025409
v -0.127991 0.580953 0.025479
v -0.126134 0.581601 0.026755
v -0.126111 0.581490 0.026785
v -0.126124 0.581701 0.026652
v -0.126084 0.581764 0.026502
v -0.126024 0.581773 0.026346
v -0.126061 0.581399 0.026732
v -0.125960 0.581725 0.026225
v -0.125997 0.581352 0.026611
v -0.125910 0.581634 0.026173
v -0.125937 0.581361 0.026455
v -0.125887 0.581524 0.026202
v -0.125897 0.581424 0.026305
v -0.124003 0.582581 0.027508
v -0.124021 0.582498 0.027644
v -0.123945 0.582615 0.027333
v -0.123994 0.582387 0.027706
v -0.123863 0.582589 0.027168
v -0.123929 0.582278 0.027676
v -0.123779 0.582512 0.027055
v -0.123845 0.582201 0.027564
v -0.123714 0.582403 0.027026
v -0.123763 0.582176 0.027398
v -0.123687 0.582292 0.027087
v -0.123705 0.582209 0.027224
v -0.121913 0.583809 0.028558
v -0.121880 0.583867 0.028394
v -0.121885 0.583707 0.028655
v -0.121796 0.583867 0.028207
v -0.121682 0.583807 0.028046
v -0.121803 0.583590 0.028658
v -0.121569 0.583705 0.027955
v -0.121691 0.583487 0.028567
v -0.121488 0.583587 0.027958
v -0.121577 0.583428 0.028407
v -0.121492 0.583428 0.028219
v -0.121460 0.583486 0.028055
v -0.119883 0.585630 0.029480
v -0.119825 0.585659 0.029297
v -0.119861 0.585546 0.029610
v -0.119702 0.585627 0.029112
v -0.119765 0.585431 0.029653
v -0.119547 0.585542 0.028973
v -0.119619 0.585316 0.029598
v -0.119402 0.585426 0.028918
v -0.119465 0.585230 0.029459
v -0.119305 0.585311 0.028961
v -0.119342 0.585198 0.029274
v -0.119283 0.585227 0.029092
v -0.117996 0.588062 0.030395
v -0.117900 0.588066 0.030207
v -0.117991 0.588001 0.030553
v -0.117730 0.588011 0.030041
v -0.117886 0.587900 0.030640
v -0.117530 0.587914 0.029941
v -0.117711 0.587784 0.030632
v -0.117355 0.587798 0.029933
v -0.117511 0.587686 0.030532
v -0.117250 0.587697 0.030020
v -0.117341 0.587632 0.030366
v -0.117245 0.587636 0.030178
v -0.116311 0.591216 0.031293
v -0.116334 0.591177 0.031471
v -0.116170 0.591202 0.031116
v -0.115950 0.591139 0.030987
v -0.116234 0.591095 0.031600
v -0.115710 0.591044 0.030939
v -0.116038 0.590993 0.031648
v -0.115513 0.590941 0.030986
v -0.115797 0.590898 0.031600
v -0.115413 0.590860 0.031116
v -0.115577 0.590834 0.031470
v -0.115437 0.590821 0.031293
v -0.114891 0.595209 0.032168
v -0.114953 0.595186 0.032353
v -0.114703 0.595189 0.032016
v -0.114871 0.595126 0.032521
v -0.114438 0.595130 0.031937
v -0.114668 0.595044 0.032627
v -0.114169 0.595049 0.031953
v -0.114399 0.594963 0.032643
v -0.113966 0.594967 0.032059
v -0.114134 0.594904 0.032564
v -0.113884 0.594907 0.032227
v -0.113946 0.594884 0.032412
v -0.113806 0.600162 0.033011
v -0.113911 0.600148 0.033192
v -0.113573 0.600145 0.032897
v -0.113861 0.600105 0.033391
v -0.113276 0.600100 0.032881
v -0.113669 0.600047 0.033555
v -0.112993 0.600040 0.032966
v -0.113386 0.599987 0.033640
v -0.112800 0.599982 0.033130
v -0.113088 0.599942 0.033623
v -0.112750 0.599939 0.033329
v -0.112856 0.599925 0.033510
v -0.122717 0.528215 0.011413
v -0.122557 0.528214 0.011320
v -0.122705 0.528144 0.011409
v -0.121875 0.528291 0.012674
v -0.122566 0.528143 0.011329
v -0.122675 0.528092 0.011394
v -0.121878 0.528205 0.012681
v -0.122707 0.528285 0.011404
v -0.122569 0.528284 0.011323
v -0.121849 0.528370 0.012650
v -0.122679 0.528337 0.011385
v -0.122599 0.528336 0.011338
v -0.121807 0.528421 0.012615
v -0.122595 0.528091 0.011348
v -0.122635 0.528073 0.011372
v -0.121857 0.528135 0.012669
v -0.121818 0.528099 0.012641
v -0.122639 0.528356 0.011361
v -0.121760 0.528429 0.012579
v -0.121720 0.528393 0.012551
v -0.121770 0.528107 0.012605
v -0.121699 0.528323 0.012539
v -0.121728 0.528158 0.012570
v -0.121702 0.528237 0.012546
v -0.120736 0.528419 0.014046
v -0.120754 0.528323 0.014072
v -0.120694 0.528498 0.013999
v -0.120744 0.528237 0.014072
v -0.120639 0.528540 0.013946
v -0.120707 0.528183 0.014046
v -0.120586 0.528533 0.013900
v -0.120655 0.528175 0.014000
v -0.120550 0.528479 0.013873
v -0.120600 0.528217 0.013946
v -0.120540 0.528393 0.013873
v -0.120558 0.528297 0.013900
v -0.119392 0.528580 0.015547
v -0.119393 0.528482 0.015568
v -0.119359 0.528677 0.015493
v -0.119302 0.528747 0.015421
v -0.119360 0.528411 0.015552
v -0.119236 0.528772 0.015351
v -0.119304 0.528384 0.015502
v -0.119179 0.528745 0.015301
v -0.119238 0.528409 0.015431
v -0.119146 0.528674 0.015284
v -0.119180 0.528479 0.015359
v -0.119147 0.528576 0.015306
v -0.117854 0.529054 0.017069
v -0.117865 0.528954 0.017119
v -0.117805 0.529142 0.016986
v -0.117837 0.528868 0.017121
v -0.117733 0.529193 0.016890
v -0.117776 0.528819 0.017075
v -0.117656 0.529195 0.016809
v -0.117699 0.528821 0.016993
v -0.117595 0.529146 0.016763
v -0.117626 0.528872 0.016898
v -0.117566 0.529060 0.016765
v -0.117578 0.528960 0.016814
v -0.116199 0.529824 0.018605
v -0.116222 0.529731 0.018685
v -0.116134 0.529891 0.018495
v -0.116198 0.529637 0.018713
v -0.116044 0.529915 0.018383
v -0.116132 0.529568 0.018681
v -0.115955 0.529888 0.018300
v -0.116043 0.529541 0.018598
v -0.115889 0.529819 0.018268
v -0.115953 0.529565 0.018486
v -0.115864 0.529725 0.018296
v -0.115888 0.529632 0.018376
v -0.114525 0.530887 0.020230
v -0.114487 0.530963 0.020122
v -0.114507 0.530794 0.020289
v -0.114401 0.531001 0.019993
v -0.114436 0.530709 0.020281
v -0.114291 0.530991 0.019878
v -0.114331 0.530655 0.020210
v -0.114187 0.530937 0.019807
v -0.114222 0.530646 0.020095
v -0.114116 0.530852 0.019800
v -0.114136 0.530684 0.019966
v -0.114097 0.530759 0.019858
v -0.112833 0.532494 0.021722
v -0.112773 0.532544 0.021594
v -0.112824 0.532412 0.021810
v -0.112661 0.532550 0.021460
v -0.112749 0.532320 0.021836
v -0.112527 0.532508 0.021357
v -0.112628 0.532243 0.021791
v -0.112406 0.532431 0.021313
v -0.112494 0.532202 0.021688
v -0.112331 0.532340 0.021338
v -0.112382 0.532207 0.021555
v -0.112322 0.532258 0.021427
v -0.111199 0.534622 0.023131
v -0.111206 0.534558 0.023245
v -0.111112 0.534645 0.022995
v -0.110968 0.534620 0.022875
v -0.111131 0.534470 0.023308
v -0.110807 0.534554 0.022802
v -0.110995 0.534381 0.023302
v -0.110671 0.534466 0.022796
v -0.110834 0.534315 0.023229
v -0.110597 0.534377 0.022859
v -0.110691 0.534291 0.023109
v -0.110604 0.534313 0.022973
v -0.109671 0.537349 0.024436
v -0.109703 0.537306 0.024567
v -0.109551 0.537347 0.024308
v -0.109637 0.537230 0.024666
v -0.109375 0.537301 0.024218
v -0.109491 0.537142 0.024708
v -0.109189 0.537223 0.024190
v -0.109306 0.537064 0.024679
v -0.109044 0.537134 0.024231
v -0.109129 0.537018 0.024590
v -0.108978 0.537058 0.024331
v -0.109009 0.537016 0.024462
v -0.108299 0.540757 0.025618
v -0.108362 0.540734 0.025754
v -0.108145 0.540739 0.025513
v -0.108314 0.540676 0.025886
v -0.107938 0.540684 0.025469
v -0.108170 0.540598 0.025977
v -0.107736 0.540607 0.025496
v -0.107968 0.540520 0.026004
v -0.107592 0.540528 0.025587
v -0.107762 0.540465 0.025960
v -0.107545 0.540470 0.025719
v -0.107607 0.540447 0.025855
v -0.107230 0.544928 0.026787
v -0.107133 0.544937 0.026658
v -0.107212 0.544888 0.026943
v -0.106947 0.544911 0.026590
v -0.107083 0.544827 0.027083
v -0.106720 0.544858 0.026602
v -0.106877 0.544761 0.027171
v -0.106515 0.544793 0.026689
v -0.106651 0.544708 0.027182
v -0.106386 0.544731 0.026829
v -0.106464 0.544683 0.027114
v -0.106367 0.544691 0.026985
v -0.106360 0.549977 0.027648
v -0.106379 0.549952 0.027817
v -0.106228 0.549978 0.027538
v -0.106017 0.549955 0.027517
v -0.106278 0.549910 0.028000
v -0.105785 0.549913 0.027590
v -0.106086 0.549862 0.028148
v -0.105593 0.549865 0.027738
v -0.105854 0.549821 0.028221
v -0.105492 0.549823 0.027921
v -0.105643 0.549798 0.028200
v -0.105511 0.549798 0.028091
v -0.107525 0.666464 0.030702
v -0.107525 0.666453 0.030640
v -0.107484 0.666456 0.030769
v -0.106516 0.669883 0.030085
v -0.107485 0.666428 0.030599
v -0.106465 0.669863 0.030034
v -0.106516 0.669894 0.030158
v -0.107414 0.666433 0.030822
v -0.107415 0.666394 0.030589
v -0.106377 0.669841 0.030020
v -0.106465 0.669894 0.030235
v -0.107333 0.666400 0.030847
v -0.107334 0.666361 0.030614
v -0.106275 0.669821 0.030046
v -0.106377 0.669882 0.030295
v -0.107263 0.666367 0.030837
v -0.107263 0.666338 0.030667
v -0.106186 0.669810 0.030106
v -0.106275 0.669863 0.030321
v -0.107222 0.666341 0.030796
v -0.107223 0.666331 0.030733
v -0.106135 0.669810 0.030183
v -0.106187 0.669840 0.030307
v -0.106135 0.669821 0.030257
v -0.105755 0.674837 0.029351
v -0.105695 0.674821 0.029291
v -0.105756 0.674849 0.029435
v -0.105592 0.674805 0.029274
v -0.105696 0.674854 0.029523
v -0.105472 0.674794 0.029302
v -0.105593 0.674850 0.029591
v -0.105369 0.674790 0.029370
v -0.105473 0.674839 0.029620
v -0.105309 0.674795 0.029458
v -0.105369 0.674823 0.029602
v -0.105309 0.674807 0.029543
v -0.105195 0.681027 0.028488
v -0.105126 0.681013 0.028421
v -0.105195 0.681040 0.028585
v -0.105008 0.681001 0.028400
v -0.105127 0.681048 0.028684
v -0.104872 0.680995 0.028432
v -0.105010 0.681049 0.028759
v -0.104755 0.680995 0.028507
v -0.104874 0.681043 0.028791
v -0.104687 0.681003 0.028607
v -0.104756 0.681031 0.028770
v -0.104688 0.681016 0.028703
v -0.104784 0.688165 0.027548
v -0.104707 0.688151 0.027472
v -0.104784 0.688178 0.027656
v -0.104575 0.688141 0.027449
v -0.104709 0.688188 0.027766
v -0.104424 0.688138 0.027484
v -0.104577 0.688192 0.027850
v -0.104292 0.688141 0.027568
v -0.104425 0.688188 0.027885
v -0.104471 0.695961 0.026579
v -0.104387 0.695948 0.026495
v -0.104472 0.695975 0.026698
v -0.104217 0.688151 0.027678
v -0.104294 0.688178 0.027861
v -0.104241 0.695939 0.026469
v -0.104388 0.695986 0.026820
v -0.104217 0.688165 0.027786
v -0.104073 0.695937 0.026508
v -0.104243 0.695992 0.026913
v -0.104205 0.704130 0.025632
v -0.104113 0.704117 0.025540
v -0.104206 0.704145 0.025762
v -0.103928 0.695942 0.026600
v -0.104075 0.695989 0.026951
v -0.103953 0.704108 0.025511
v -0.104115 0.704156 0.025896
v -0.103845 0.695953 0.026722
v -0.103930 0.695980 0.026925
v -0.103770 0.704106 0.025553
v -0.103956 0.704161 0.025997
v -0.103845 0.695967 0.026841
v -0.103934 0.712387 0.024755
v -0.103833 0.712373 0.024655
v -0.103934 0.712401 0.024897
v -0.103660 0.712363 0.024624
v -0.103835 0.712411 0.025042
v -0.103611 0.704111 0.025654
v -0.103772 0.704159 0.026039
v -0.103520 0.704123 0.025788
v -0.103613 0.704150 0.026010
v -0.103461 0.712359 0.024670
v -0.103663 0.712415 0.025152
v -0.103605 0.720445 0.023999
v -0.103496 0.720430 0.023891
v -0.103606 0.720458 0.024152
v -0.103520 0.704137 0.025918
v -0.103309 0.720417 0.023857
v -0.103499 0.720465 0.024309
v -0.103288 0.712363 0.024780
v -0.103464 0.712411 0.025198
v -0.103094 0.720410 0.023907
v -0.103313 0.720466 0.024428
v -0.103189 0.712373 0.024925
v -0.103290 0.712401 0.025167
v -0.103166 0.728021 0.023412
v -0.103049 0.728005 0.023297
v -0.103167 0.728032 0.023577
v -0.103190 0.712387 0.025067
v -0.102849 0.727987 0.023261
v -0.103053 0.728034 0.023746
v -0.102908 0.720410 0.024026
v -0.103098 0.720458 0.024478
v -0.102619 0.727973 0.023315
v -0.102854 0.728027 0.023875
v -0.102802 0.720418 0.024184
v -0.102911 0.720446 0.024444
v -0.102803 0.720431 0.024337
v -0.102564 0.734834 0.023045
v -0.102440 0.734815 0.022922
v -0.102566 0.734840 0.023221
v -0.102420 0.727966 0.023443
v -0.102623 0.728012 0.023928
v -0.102227 0.734788 0.022884
v -0.102445 0.734832 0.023403
v -0.102305 0.727968 0.023613
v -0.102423 0.727995 0.023893
v -0.101982 0.734761 0.022942
v -0.102234 0.734811 0.023541
v -0.102307 0.727978 0.023777
v -0.101770 0.734740 0.023080
v -0.101989 0.734784 0.023599
v -0.101744 0.740610 0.022948
v -0.101612 0.740586 0.022817
v -0.101747 0.740607 0.023136
v -0.101649 0.734732 0.023261
v -0.101775 0.734757 0.023561
v -0.101388 0.740542 0.022777
v -0.101622 0.740578 0.023329
v -0.101651 0.734738 0.023437
v -0.101131 0.740490 0.022839
v -0.101401 0.740532 0.023476
v -0.100910 0.740443 0.022986
v -0.101144 0.740479 0.023538
v -0.100784 0.740414 0.023179
v -0.100919 0.740435 0.023498
v -0.100642 0.745080 0.023176
v -0.100505 0.745048 0.023037
v -0.100650 0.745060 0.023374
v -0.100788 0.740411 0.023366
v -0.100527 0.744994 0.023576
v -0.100274 0.744973 0.022992
v -0.100305 0.744900 0.023730
v -0.100013 0.744875 0.023055
v -0.100044 0.744802 0.023792
v -0.099791 0.744780 0.023208
v -0.099668 0.744714 0.023411
v -0.099814 0.744726 0.023748
v -0.099676 0.744694 0.023608
usemtl Muscular_branches_of_the_Femoral_nerve_rMaterial0
f 1 2 3
f 3 4 1
f 3 5 6
f 6 7 3
f 3 2 5
f 3 7 4
f 8 9 1
f 1 10 8
f 1 9 2
f 1 4 10
f 11 12 8
f 8 13 11
f 8 12 9
f 8 10 13
f 5 14 6
f 6 14 7
f 15 16 11
f 11 17 15
f 11 16 12
f 11 13 17
f 2 18 5
f 5 18 14
f 15 19 16
f 15 20 19
f 15 17 20
f 9 21 2
f 2 21 18
f 19 22 16
f 19 20 22
f 12 23 9
f 9 23 21
f 16 24 12
f 12 24 23
f 16 22 24
f 7 25 4
f 4 26 10
f 4 25 26
f 14 27 7
f 7 27 25
f 10 28 13
f 10 26 28
f 18 29 14
f 14 29 27
f 13 30 17
f 13 28 30
f 17 31 20
f 17 30 31
f 21 32 18
f 18 32 29
f 20 33 22
f 20 31 33
f 23 34 21
f 21 34 32
f 24 35 23
f 23 35 34
f 22 36 24
f 22 33 36
f 24 36 35
f 25 37 26
f 26 38 28
f 26 37 38
f 27 39 25
f 25 39 37
f 28 40 30
f 28 38 40
f 29 41 27
f 27 41 39
f 30 42 31
f 30 40 42
f 32 43 29
f 29 43 41
f 31 44 33
f 31 42 44
f 34 45 32
f 32 45 43
f 33 46 36
f 33 44 46
f 35 47 34
f 34 47 45
f 36 48 35
f 36 46 48
f 35 48 47
f 37 49 38
f 39 50 37
f 37 50 49
f 38 51 40
f 38 49 51
f 40 52 42
f 40 51 52
f 42 53 44
f 42 52 53
f 41 54 39
f 39 54 50
f 44 55 46
f 44 53 55
f 43 56 41
f 41 56 54
f 45 57 43
f 43 57 56
f 46 58 48
f 46 55 58
f 47 59 45
f 45 59 57
f 48 60 47
f 48 58 60
f 47 60 59
f 49 61 51
f 50 62 49
f 49 62 61
f 51 63 52
f 51 61 63
f 54 64 50
f 50 64 62
f 52 65 53
f 52 63 65
f 53 66 55
f 53 65 66
f 56 67 54
f 54 67 64
f 55 68 58
f 55 66 68
f 57 69 56
f 56 69 67
f 58 70 60
f 58 68 70
f 59 71 57
f 57 71 69
f 60 72 59
f 59 72 71
f 60 70 72
f 62 73 61
f 61 74 63
f 61 73 74
f 64 75 62
f 62 75 73
f 63 76 65
f 63 74 76
f 67 77 64
f 64 77 75
f 65 78 66
f 65 76 78
f 69 79 67
f 67 79 77
f 66 80 68
f 66 78 80
f 71 81 69
f 69 81 79
f 68 82 70
f 68 80 82
f 72 83 71
f 71 83 81
f 70 84 72
f 72 84 83
f 70 82 84
f 75 85 73
f 77 86 75
f 75 86 85
f 73 87 74
f 73 85 87
f 74 88 76
f 74 87 88
f 79 89 77
f 77 89 86
f 76 90 78
f 76 88 90
f 81 91 79
f 79 91 89
f 78 92 80
f 78 90 92
f 83 93 81
f 81 93 91
f 80 94 82
f 80 92 94
f 84 95 83
f 83 95 93
f 82 96 84
f 82 94 96
f 84 96 95
f 86 97 85
f 85 98 87
f 85 97 98
f 89 99 86
f 86 99 97
f 87 100 88
f 87 98 100
f 91 101 89
f 89 101 99
f 88 102 90
f 88 100 102
f 93 103 91
f 91 103 101
f 90 104 92
f 90 102 104
f 95 105 93
f 93 105 103
f 92 106 94
f 92 104 106
f 96 107 95
f 95 107 105
f 94 108 96
f 94 106 108
f 96 108 107
f 99 109 97
f 97 110 98
f 97 109 110
f 101 111 99
f 99 111 109
f 98 112 100
f 98 110 112
f 103 113 101
f 101 113 111
f 100 114 102
f 100 112 114
f 105 115 103
f 103 115 113
f 102 116 104
f 102 114 116
f 107 117 105
f 105 117 115
f 104 118 106
f 104 116 118
f 108 119 107
f 107 119 117
f 106 120 108
f 106 118 120
f 108 120 119
f 111 121 109
f 109 122 110
f 109 121 122
f 113 123 111
f 111 123 121
f 110 124 112
f 110 122 124
f 115 125 113
f 113 125 123
f 112 126 114
f 112 124 126
f 117 127 115
f 115 127 125
f 114 128 116
f 114 126 128
f 119 129 117
f 117 129 127
f 116 130 118
f 116 128 130
f 120 131 119
f 119 131 129
f 118 132 120
f 118 130 132
f 120 132 131
f 123 133 121
f 125 134 123
f 123 134 133
f 121 135 122
f 122 136 124
f 122 135 136
f 121 133 135
f 127 137 125
f 125 137 134
f 124 138 126
f 124 136 138
f 129 139 127
f 127 139 137
f 126 140 128
f 126 138 140
f 131 141 129
f 129 141 139
f 128 142 130
f 128 140 142
f 132 143 131
f 130 144 132
f 132 144 143
f 131 143 141
f 130 142 144
f 137 145 134
f 139 146 137
f 137 146 145
f 134 147 133
f 134 145 147
f 133 148 135
f 135 149 136
f 135 148 149
f 133 147 148
f 141 150 139
f 139 150 146
f 136 151 138
f 136 149 151
f 144 152 143
f 142 153 144
f 144 153 152
f 143 154 141
f 143 152 154
f 141 154 150
f 140 155 142
f 142 155 153
f 138 156 140
f 140 156 155
f 138 151 156
f 153 154 152
f 155 154 153
f 155 150 154
f 156 150 155
f 156 146 150
f 151 146 156
f 151 145 146
f 149 145 151
f 149 147 145
f 148 147 149
f 157 158 159
f 160 157 159
f 157 161 158
f 162 161 157
f 163 162 157
f 163 157 160
f 159 158 164
f 159 164 165
f 166 159 165
f 160 159 166
f 161 167 158
f 162 168 161
f 168 169 161
f 161 169 167
f 158 167 170
f 158 170 164
f 171 168 162
f 172 171 162
f 172 162 163
f 168 173 169
f 169 174 167
f 173 175 169
f 169 175 174
f 176 173 168
f 171 176 168
f 165 164 177
f 165 177 178
f 179 165 178
f 166 165 179
f 167 174 180
f 167 180 170
f 164 170 181
f 164 181 177
f 173 182 175
f 175 183 174
f 182 184 175
f 175 184 183
f 185 182 173
f 176 185 173
f 172 176 171
f 174 183 186
f 174 186 180
f 170 180 187
f 170 187 181
f 182 188 184
f 185 189 182
f 189 188 182
f 190 185 176
f 172 190 176
f 184 191 183
f 188 192 184
f 184 192 191
f 178 177 193
f 178 193 194
f 179 178 194
f 183 191 195
f 183 195 186
f 180 186 196
f 180 196 187
f 197 189 185
f 190 197 185
f 177 181 198
f 177 198 193
f 188 199 192
f 189 200 188
f 200 199 188
f 192 201 191
f 199 202 192
f 192 202 201
f 163 190 172
f 191 203 195
f 191 201 203
f 186 195 204
f 186 204 196
f 205 200 189
f 197 205 189
f 181 187 206
f 181 206 198
f 207 197 190
f 163 207 190
f 199 208 202
f 200 209 199
f 209 208 199
f 194 193 210
f 194 210 179
f 187 196 211
f 187 211 206
f 202 212 201
f 208 213 202
f 202 213 212
f 205 214 200
f 214 209 200
f 195 203 215
f 195 215 204
f 216 205 197
f 207 216 197
f 201 217 203
f 201 212 217
f 193 198 218
f 193 218 210
f 160 207 163
f 209 219 208
f 208 220 213
f 219 220 208
f 196 204 221
f 196 221 211
f 222 214 205
f 216 222 205
f 198 206 223
f 198 223 218
f 214 224 209
f 224 219 209
f 225 216 207
f 160 225 207
f 179 210 226
f 179 226 166
f 213 227 212
f 220 228 213
f 213 228 227
f 203 217 229
f 203 229 215
f 212 230 217
f 212 227 230
f 204 215 231
f 204 231 221
f 222 232 214
f 232 224 214
f 206 211 233
f 206 233 223
f 225 234 216
f 234 222 216
f 210 218 235
f 210 235 226
f 166 225 160
f 166 226 225
f 219 236 220
f 220 237 228
f 236 237 220
f 224 238 219
f 238 236 219
f 226 234 225
f 211 221 239
f 211 239 233
f 234 240 222
f 240 232 222
f 218 223 241
f 218 241 235
f 226 235 234
f 217 230 242
f 217 242 229
f 232 243 224
f 243 238 224
f 228 244 227
f 237 245 228
f 228 245 244
f 215 229 246
f 215 246 231
f 235 240 234
f 227 247 230
f 227 244 247
f 223 233 248
f 223 248 241
f 235 241 240
f 240 249 232
f 249 243 232
f 236 250 237
f 238 251 236
f 251 250 236
f 221 231 252
f 221 252 239
f 237 253 245
f 250 253 237
f 241 249 240
f 243 254 238
f 254 251 238
f 233 255 248
f 233 239 255
f 241 248 249
f 230 256 242
f 230 247 256
f 229 242 257
f 229 257 246
f 249 258 243
f 258 254 243
f 248 258 249
f 245 259 244
f 253 260 245
f 245 260 259
f 231 246 261
f 231 261 252
f 248 255 258
f 244 262 247
f 244 259 262
f 251 263 250
f 250 264 253
f 263 264 250
f 239 265 255
f 239 252 265
f 254 266 251
f 266 263 251
f 253 267 260
f 264 267 253
f 258 268 254
f 268 266 254
f 255 268 258
f 255 265 268
f 242 256 269
f 242 269 257
f 247 270 256
f 247 262 270
f 246 271 261
f 246 257 271
f 252 272 265
f 252 261 272
f 268 273 266
f 265 273 268
f 260 274 259
f 259 275 262
f 259 274 275
f 267 276 260
f 260 276 274
f 263 277 264
f 264 278 267
f 277 278 264
f 266 279 263
f 279 277 263
f 273 279 266
f 265 272 273
f 278 280 267
f 267 280 276
f 261 281 272
f 261 271 281
f 256 282 269
f 256 270 282
f 257 283 271
f 257 269 283
f 262 284 270
f 262 275 284
f 272 285 273
f 273 285 279
f 272 281 285
f 279 286 277
f 285 286 279
f 277 287 278
f 286 287 277
f 278 288 280
f 287 288 278
f 276 289 274
f 280 290 276
f 276 290 289
f 271 291 281
f 271 283 291
f 274 292 275
f 274 289 292
f 269 293 283
f 269 282 293
f 281 294 285
f 285 294 286
f 270 295 282
f 270 284 295
f 288 296 280
f 280 296 290
f 281 291 294
f 286 297 287
f 294 297 286
f 275 298 284
f 275 292 298
f 287 299 288
f 297 299 287
f 283 300 291
f 283 293 300
f 288 301 296
f 299 301 288
f 291 302 294
f 294 302 297
f 282 303 293
f 282 295 303
f 291 300 302
f 290 304 289
f 296 305 290
f 290 305 304
f 289 306 292
f 289 304 306
f 284 307 295
f 284 298 307
f 297 308 299
f 302 308 297
f 296 309 305
f 301 309 296
f 293 310 300
f 293 303 310
f 292 306 311
f 292 311 298
f 299 312 301
f 308 312 299
f 305 313 304
f 309 314 305
f 305 314 313
f 304 315 306
f 304 313 315
f 300 316 302
f 302 316 308
f 300 310 316
f 301 317 309
f 309 318 314
f 317 318 309
f 312 317 301
f 295 319 303
f 295 307 319
f 306 320 311
f 306 315 320
f 298 311 321
f 298 321 307
f 308 322 312
f 316 322 308
f 314 323 313
f 318 324 314
f 314 324 323
f 312 325 317
f 317 326 318
f 325 326 317
f 303 327 310
f 303 319 327
f 313 328 315
f 313 323 328
f 322 325 312
f 326 329 318
f 318 329 324
f 310 330 316
f 316 330 322
f 311 331 321
f 311 320 331
f 310 327 330
f 315 332 320
f 315 328 332
f 307 321 333
f 307 333 319
f 325 334 326
f 322 335 325
f 335 334 325
f 326 336 329
f 334 336 326
f 330 335 322
f 321 337 333
f 321 331 337
f 324 338 323
f 329 339 324
f 324 339 338
f 320 340 331
f 320 332 340
f 323 341 328
f 323 338 341
f 319 342 327
f 319 333 342
f 336 343 329
f 329 343 339
f 330 344 335
f 335 345 334
f 344 345 335
f 327 344 330
f 334 346 336
f 345 346 334
f 328 347 332
f 328 341 347
f 327 342 344
f 333 348 342
f 333 337 348
f 331 349 337
f 331 340 349
f 346 350 336
f 336 350 343
f 342 351 344
f 344 351 345
f 342 348 351
f 332 352 340
f 332 347 352
f 345 353 346
f 351 353 345
f 339 354 338
f 343 355 339
f 339 355 354
f 337 356 348
f 337 349 356
f 338 357 341
f 338 354 357
f 346 358 350
f 353 358 346
f 348 359 351
f 351 359 353
f 350 360 343
f 343 360 355
f 348 356 359
f 340 361 349
f 340 352 361
f 341 362 347
f 341 357 362
f 358 363 350
f 350 363 360
f 359 364 353
f 353 364 358
f 349 365 356
f 349 361 365
f 347 366 352
f 347 362 366
f 356 367 359
f 359 367 364
f 356 365 367
f 364 368 358
f 358 368 363
f 355 369 354
f 360 370 355
f 355 370 369
f 354 371 357
f 354 369 371
f 352 372 361
f 352 366 372
f 363 373 360
f 360 373 370
f 357 374 362
f 357 371 374
f 367 375 364
f 364 375 368
f 361 376 365
f 361 372 376
f 368 377 363
f 363 377 373
f 365 378 367
f 367 378 375
f 365 376 378
f 362 379 366
f 362 374 379
f 375 380 368
f 368 380 377
f 366 381 372
f 366 379 381
f 370 382 369
f 373 383 370
f 370 383 382
f 369 384 371
f 369 382 384
f 378 385 375
f 375 385 380
f 377 386 373
f 373 386 383
f 371 387 374
f 371 384 387
f 372 388 376
f 372 381 388
f 376 389 378
f 378 389 385
f 380 390 377
f 377 390 386
f 376 388 389
f 374 391 379
f 374 387 391
f 385 392 380
f 380 392 390
f 379 393 381
f 379 391 393
f 389 394 385
f 385 394 392
f 383 395 382
f 386 396 383
f 383 396 395
f 382 397 384
f 382 395 397
f 381 398 388
f 381 393 398
f 390 399 386
f 386 399 396
f 388 400 389
f 389 400 394
f 384 401 387
f 384 397 401
f 388 398 400
f 392 402 390
f 390 402 399
f 387 403 391
f 387 401 403
f 394 404 392
f 392 404 402
f 391 405 393
f 391 403 405
f 400 406 394
f 394 406 404
f 393 407 398
f 393 405 407
f 396 408 395
f 399 409 396
f 396 409 408
f 395 410 397
f 395 408 410
f 398 411 400
f 400 411 406
f 398 407 411
f 402 412 399
f 399 412 409
f 397 413 401
f 397 410 413
f 404 414 402
f 402 414 412
f 401 415 403
f 401 413 415
f 406 416 404
f 404 416 414
f 403 417 405
f 403 415 417
f 411 418 406
f 406 418 416
f 405 419 407
f 405 417 419
f 409 420 408
f 412 421 409
f 409 421 420
f 408 422 410
f 408 420 422
f 407 423 411
f 411 423 418
f 407 419 423
f 414 424 412
f 412 424 421
f 410 425 413
f 410 422 425
f 416 426 414
f 414 426 424
f 413 427 415
f 413 425 427
f 418 428 416
f 416 428 426
f 415 429 417
f 415 427 429
f 423 430 418
f 418 430 428
f 417 431 419
f 417 429 431
f 419 432 423
f 423 432 430
f 419 431 432
f 421 433 420
f 424 434 421
f 421 434 433
f 420 435 422
f 420 433 435
f 426 436 424
f 424 436 434
f 422 437 425
f 422 435 437
f 428 438 426
f 426 438 436
f 425 439 427
f 425 437 439
f 430 440 428
f 428 440 438
f 427 441 429
f 427 439 441
f 432 442 430
f 430 442 440
f 429 443 431
f 429 441 443
f 431 444 432
f 432 444 442
f 431 443 444
f 436 445 434
f 438 446 436
f 436 446 445
f 434 447 433
f 434 445 447
f 433 448 435
f 433 447 448
f 435 449 437
f 435 448 449
f 440 450 438
f 438 450 446
f 437 451 439
f 437 449 451
f 442 452 440
f 440 452 450
f 439 453 441
f 439 451 453
f 444 454 442
f 442 454 452
f 443 455 444
f 444 455 454
f 441 456 443
f 443 456 455
f 441 453 456
f 452 454 450
f 450 454 455
f 450 455 446
f 446 455 456
f 446 456 445
f 445 456 453
f 445 453 447
f 447 453 451
f 447 451 448
f 448 451 449
f 457 458 459
f 458 460 459
f 461 459 462
f 459 463 462
f 457 459 461
f 459 460 463
f 464 465 458
f 466 464 458
f 466 458 457
f 458 465 460
f 467 468 464
f 469 467 464
f 464 468 465
f 469 464 466
f 461 462 470
f 470 462 471
f 462 472 471
f 462 463 472
f 473 457 461
f 474 466 457
f 474 457 473
f 467 475 468
f 476 475 467
f 474 476 467
f 474 467 469
f 477 461 470
f 473 461 477
f 465 478 460
f 468 479 465
f 465 479 478
f 460 480 463
f 460 478 480
f 470 471 481
f 481 471 482
f 471 483 482
f 471 472 483
f 469 466 474
f 463 484 472
f 463 480 484
f 475 485 468
f 468 485 479
f 486 470 481
f 477 470 486
f 476 487 475
f 488 487 476
f 473 488 476
f 473 476 474
f 481 482 489
f 489 482 490
f 482 491 490
f 482 483 491
f 487 492 475
f 475 492 485
f 472 493 483
f 472 484 493
f 494 481 489
f 486 481 494
f 488 495 487
f 496 495 488
f 477 496 488
f 477 488 473
f 494 490 497
f 490 498 497
f 489 490 494
f 490 491 498
f 495 499 487
f 487 499 492
f 486 497 496
f 497 500 496
f 496 500 495
f 486 496 477
f 483 501 491
f 483 493 501
f 494 497 486
f 497 498 500
f 491 502 498
f 491 501 502
f 500 503 495
f 495 503 499
f 479 504 478
f 478 505 480
f 478 504 505
f 485 506 479
f 479 506 504
f 498 507 500
f 500 507 503
f 498 502 507
f 480 508 484
f 480 505 508
f 492 509 485
f 485 509 506
f 484 510 493
f 484 508 510
f 499 511 492
f 492 511 509
f 493 512 501
f 493 510 512
f 503 513 499
f 499 513 511
f 501 514 502
f 501 512 514
f 507 515 503
f 503 515 513
f 502 516 507
f 502 514 516
f 507 516 515
f 506 517 504
f 504 518 505
f 504 517 518
f 509 519 506
f 506 519 517
f 505 520 508
f 505 518 520
f 511 521 509
f 509 521 519
f 508 522 510
f 508 520 522
f 513 523 511
f 511 523 521
f 510 524 512
f 510 522 524
f 515 525 513
f 513 525 523
f 512 526 514
f 512 524 526
f 516 527 515
f 515 527 525
f 514 528 516
f 514 526 528
f 516 528 527
f 519 529 517
f 517 530 518
f 517 529 530
f 521 531 519
f 519 531 529
f 518 532 520
f 518 530 532
f 523 533 521
f 521 533 531
f 520 534 522
f 520 532 534
f 525 535 523
f 523 535 533
f 522 536 524
f 522 534 536
f 527 537 525
f 525 537 535
f 524 538 526
f 524 536 538
f 528 539 527
f 527 539 537
f 526 540 528
f 526 538 540
f 528 540 539
f 531 541 529
f 529 542 530
f 529 541 542
f 533 543 531
f 531 543 541
f 530 544 532
f 530 542 544
f 535 545 533
f 533 545 543
f 532 546 534
f 532 544 546
f 537 547 535
f 535 547 545
f 534 548 536
f 534 546 548
f 539 549 537
f 537 549 547
f 536 550 538
f 536 548 550
f 540 551 539
f 539 551 549
f 538 552 540
f 538 550 552
f 540 552 551
f 543 553 541
f 541 554 542
f 541 553 554
f 545 555 543
f 543 555 553
f 542 556 544
f 542 554 556
f 544 557 546
f 544 556 557
f 547 558 545
f 545 558 555
f 546 559 548
f 546 557 559
f 549 560 547
f 547 560 558
f 548 561 550
f 548 559 561
f 551 562 549
f 549 562 560
f 552 563 551
f 551 563 562
f 550 564 552
f 550 561 564
f 552 564 563
f 553 565 554
f 555 566 553
f 553 566 565
f 554 567 556
f 554 565 567
f 558 568 555
f 555 568 566
f 556 569 557
f 556 567 569
f 560 570 558
f 558 570 568
f 557 571 559
f 557 569 571
f 562 572 560
f 560 572 570
f 559 573 561
f 559 571 573
f 574 575 576
f 577 574 576
f 576 578 579
f 580 576 579
f 576 575 578
f 577 576 580
f 574 581 575
f 582 581 574
f 582 574 577
f 579 583 584
f 585 579 584
f 579 578 583
f 580 579 585
f 563 586 562
f 562 586 572
f 587 575 581
f 587 581 582
f 584 588 589
f 590 584 589
f 584 583 588
f 585 584 590
f 591 578 575
f 591 575 587
f 589 592 593
f 594 589 593
f 589 588 592
f 590 589 594
f 561 595 564
f 561 573 595
f 596 583 578
f 596 578 591
f 564 597 563
f 563 597 586
f 598 593 592
f 594 593 598
f 599 588 583
f 599 583 596
f 564 595 597
f 600 592 588
f 598 592 600
f 600 588 599
f 601 577 580
f 602 580 585
f 601 580 602
f 603 582 577
f 603 577 601
f 604 585 590
f 602 585 604
f 605 587 582
f 605 582 603
f 606 590 594
f 604 590 606
f 607 591 587
f 607 587 605
f 566 608 565
f 568 609 566
f 566 609 608
f 610 594 598
f 606 594 610
f 611 596 591
f 611 591 607
f 565 612 567
f 565 608 612
f 613 598 600
f 610 598 613
f 570 614 568
f 568 614 609
f 615 599 596
f 615 596 611
f 616 600 599
f 613 600 616
f 616 599 615
f 567 617 569
f 567 612 617
f 572 618 570
f 570 618 614
f 619 620 621
f 620 622 621
f 619 621 623
f 623 621 624
f 621 625 624
f 621 622 625
f 626 620 619
f 626 627 620
f 627 628 620
f 620 628 622
f 629 619 623
f 623 624 630
f 631 623 630
f 629 623 631
f 632 626 619
f 632 619 629
f 569 633 571
f 569 617 633
f 634 601 602
f 635 602 604
f 634 602 635
f 636 603 601
f 636 601 634
f 630 624 637
f 624 625 638
f 624 638 637
f 631 630 639
f 630 637 640
f 639 630 640
f 641 604 606
f 635 604 641
f 642 605 603
f 642 603 636
f 643 627 626
f 627 644 628
f 645 644 627
f 643 645 627
f 646 643 626
f 646 626 632
f 586 647 572
f 572 647 618
f 628 648 622
f 622 649 625
f 622 648 649
f 644 650 628
f 628 650 648
f 651 606 610
f 641 606 651
f 652 607 605
f 652 605 642
f 625 653 638
f 625 649 653
f 654 629 631
f 655 631 639
f 654 631 655
f 656 632 629
f 656 629 654
f 645 657 644
f 644 658 650
f 657 658 644
f 640 637 659
f 637 638 660
f 637 660 659
f 639 640 661
f 640 659 662
f 661 640 662
f 571 663 573
f 571 633 663
f 664 610 613
f 651 610 664
f 665 645 643
f 666 657 645
f 665 666 645
f 667 665 643
f 667 643 646
f 668 639 661
f 655 639 668
f 669 611 607
f 669 607 652
f 650 670 648
f 648 670 671
f 648 671 649
f 650 672 670
f 658 672 650
f 638 653 673
f 638 673 660
f 674 646 632
f 674 632 656
f 597 675 586
f 586 675 647
f 676 613 616
f 664 613 676
f 677 616 615
f 676 616 677
f 678 615 611
f 677 615 678
f 678 611 669
f 679 635 641
f 680 641 651
f 679 641 680
f 681 634 635
f 681 635 679
f 682 636 634
f 682 634 681
f 683 642 636
f 683 636 682
f 672 679 670
f 670 679 680
f 670 680 671
f 658 684 672
f 672 681 679
f 684 681 672
f 649 685 653
f 649 671 685
f 657 686 658
f 686 684 658
f 666 687 657
f 687 686 657
f 662 659 688
f 659 660 689
f 659 689 688
f 690 666 665
f 691 687 666
f 690 691 666
f 661 662 692
f 662 688 693
f 692 662 693
f 694 690 665
f 694 665 667
f 695 661 692
f 668 661 695
f 696 667 646
f 696 646 674
f 573 697 595
f 573 663 697
f 653 685 698
f 653 698 673
f 660 673 699
f 660 699 689
f 595 700 597
f 597 700 675
f 680 651 701
f 701 651 664
f 702 652 642
f 702 642 683
f 671 680 701
f 684 682 681
f 671 701 685
f 686 703 684
f 703 682 684
f 687 704 686
f 704 703 686
f 691 705 687
f 705 704 687
f 693 688 706
f 688 689 707
f 688 707 706
f 708 691 690
f 709 705 691
f 708 709 691
f 693 706 710
f 711 693 710
f 692 693 711
f 595 697 700
f 703 683 682
f 712 708 690
f 712 690 694
f 701 664 713
f 713 664 676
f 714 669 652
f 714 652 702
f 685 701 713
f 685 713 698
f 704 715 703
f 715 683 703
f 673 698 716
f 673 716 699
f 705 717 704
f 717 715 704
f 689 718 707
f 689 699 718
f 709 719 705
f 719 717 705
f 710 706 709
f 706 719 709
f 706 707 719
f 710 709 708
f 720 710 708
f 711 710 720
f 720 708 712
f 721 692 711
f 695 692 721
f 722 694 667
f 722 667 696
f 723 654 655
f 724 655 668
f 723 655 724
f 725 656 654
f 725 654 723
f 715 702 683
f 707 726 719
f 707 718 726
f 719 726 717
f 727 668 695
f 724 668 727
f 728 676 677
f 713 676 728
f 729 678 669
f 729 669 714
f 698 713 728
f 698 728 716
f 699 730 718
f 699 716 730
f 731 674 656
f 731 656 725
f 732 677 678
f 728 677 732
f 732 678 729
f 733 702 715
f 733 714 702
f 717 733 715
f 726 733 717
f 734 711 720
f 721 711 734
f 735 712 694
f 735 694 722
f 718 736 726
f 718 730 736
f 726 736 733
f 716 728 732
f 716 732 730
f 736 714 733
f 737 720 712
f 734 720 737
f 737 712 735
f 738 695 721
f 727 695 738
f 736 729 714
f 739 696 674
f 739 674 731
f 730 732 729
f 730 729 736
f 609 740 608
f 614 741 609
f 609 741 740
f 608 742 612
f 608 740 742
f 743 721 734
f 738 721 743
f 618 744 614
f 614 744 741
f 745 722 696
f 745 696 739
f 612 746 617
f 612 742 746
f 747 734 737
f 743 734 747
f 748 735 722
f 748 722 745
f 647 749 618
f 618 749 744
f 750 737 735
f 747 737 750
f 750 735 748
f 617 751 633
f 617 746 751
f 741 723 724
f 740 724 727
f 741 724 740
f 744 725 723
f 744 723 741
f 740 727 742
f 742 727 738
f 749 731 725
f 749 725 744
f 675 752 647
f 647 752 749
f 633 753 663
f 633 751 753
f 742 738 746
f 746 738 743
f 752 739 731
f 752 731 749
f 700 754 675
f 675 754 752
f 663 755 697
f 663 753 755
f 746 743 751
f 751 743 747
f 697 756 700
f 700 756 754
f 697 755 756
f 754 745 739
f 754 739 752
f 753 747 750
f 751 747 753
f 756 748 745
f 756 745 754
f 755 750 748
f 753 750 755
f 755 748 756
f 757 758 759
f 758 760 759
f 761 758 757
f 758 762 760
f 763 762 758
f 761 763 758
f 757 759 764
f 764 759 765
f 759 760 766
f 759 766 765
f 767 757 764
f 768 757 767
f 768 761 757
f 762 769 760
f 763 770 762
f 770 771 762
f 762 771 769
f 767 764 772
f 772 764 773
f 764 765 773
f 760 769 774
f 760 774 766
f 775 770 763
f 776 763 761
f 776 775 763
f 777 767 772
f 778 768 767
f 778 767 777
f 772 773 779
f 780 772 779
f 777 772 780
f 770 781 771
f 782 781 770
f 775 782 770
f 773 765 783
f 765 766 784
f 765 784 783
f 785 761 768
f 785 776 761
f 771 786 769
f 771 787 786
f 781 787 771
f 779 773 788
f 773 783 788
f 769 786 789
f 769 789 774
f 766 774 790
f 766 790 784
f 787 791 792
f 793 791 787
f 787 792 786
f 781 793 787
f 791 794 795
f 796 794 791
f 791 795 792
f 793 796 791
f 786 792 797
f 786 797 789
f 798 768 778
f 798 785 768
f 780 779 799
f 779 788 800
f 799 779 800
f 801 793 781
f 782 801 781
f 794 802 795
f 796 803 794
f 803 804 794
f 794 804 802
f 792 795 805
f 792 805 797
f 806 777 780
f 807 778 777
f 807 777 806
f 808 780 799
f 806 780 808
f 809 796 793
f 801 809 793
f 795 802 810
f 795 810 805
f 811 803 796
f 809 811 796
f 774 789 812
f 774 812 790
f 813 782 775
f 814 775 776
f 814 813 775
f 803 815 804
f 804 816 802
f 815 817 804
f 804 817 816
f 818 801 782
f 813 818 782
f 819 815 803
f 811 819 803
f 788 783 820
f 783 784 821
f 783 821 820
f 822 776 785
f 822 814 776
f 802 816 823
f 802 823 810
f 789 797 824
f 789 824 812
f 800 788 825
f 788 820 825
f 799 800 826
f 808 799 827
f 827 799 826
f 815 828 817
f 829 828 815
f 819 829 815
f 830 778 807
f 830 798 778
f 817 831 816
f 828 832 817
f 817 832 831
f 797 805 833
f 797 833 824
f 784 790 834
f 784 834 821
f 835 809 801
f 818 835 801
f 816 831 836
f 816 836 823
f 805 810 837
f 805 837 833
f 838 785 798
f 838 822 785
f 826 800 839
f 800 825 839
f 840 806 808
f 841 807 806
f 841 806 840
f 842 808 827
f 840 808 842
f 828 843 832
f 829 844 828
f 844 843 828
f 845 811 809
f 835 845 809
f 846 819 811
f 845 846 811
f 832 847 831
f 843 848 832
f 832 848 847
f 810 823 849
f 810 849 837
f 850 829 819
f 846 850 819
f 790 812 851
f 790 851 834
f 852 818 813
f 853 813 814
f 853 852 813
f 854 844 829
f 850 854 829
f 827 826 855
f 842 827 856
f 856 827 855
f 857 835 818
f 852 857 818
f 831 858 836
f 831 847 858
f 844 859 843
f 843 860 848
f 859 860 843
f 812 824 861
f 812 861 851
f 825 820 862
f 820 821 863
f 820 863 862
f 864 814 822
f 864 853 814
f 826 839 865
f 855 826 865
f 866 830 807
f 866 807 841
f 867 798 830
f 867 838 798
f 823 836 868
f 823 868 849
f 839 825 869
f 825 862 869
f 870 859 844
f 854 870 844
f 824 833 871
f 824 871 861
f 821 834 872
f 821 872 863
f 833 837 873
f 833 873 871
f 874 845 835
f 857 874 835
f 875 822 838
f 875 864 822
f 876 840 842
f 877 841 840
f 877 840 876
f 878 842 856
f 876 842 878
f 860 879 848
f 848 880 847
f 848 879 880
f 881 846 845
f 874 881 845
f 839 869 882
f 865 839 882
f 883 850 846
f 881 883 846
f 859 884 860
f 884 885 860
f 860 885 879
f 836 858 886
f 836 886 868
f 870 887 859
f 887 884 859
f 837 849 888
f 837 888 873
f 889 854 850
f 883 889 850
f 834 851 890
f 834 890 872
f 891 857 852
f 892 852 853
f 892 891 852
f 847 893 858
f 847 880 893
f 856 855 894
f 855 865 895
f 894 855 895
f 896 870 854
f 889 896 854
f 897 874 857
f 891 897 857
f 862 863 898
f 869 862 899
f 862 898 899
f 878 856 900
f 900 856 894
f 901 853 864
f 901 892 853
f 902 867 830
f 902 830 866
f 851 861 903
f 851 903 890
f 849 868 904
f 849 904 888
f 905 887 870
f 896 905 870
f 863 906 898
f 863 872 906
f 869 899 907
f 882 869 907
f 908 875 838
f 908 838 867
f 865 882 909
f 895 865 909
f 910 866 841
f 910 841 877
f 861 871 911
f 861 911 903
f 912 881 874
f 897 912 874
f 899 897 891
f 907 899 891
f 907 891 892
f 887 913 884
f 884 914 885
f 913 914 884
f 871 873 915
f 871 915 911
f 899 898 897
f 916 901 864
f 916 864 875
f 882 907 917
f 909 882 917
f 858 918 886
f 858 893 918
f 919 883 881
f 920 889 883
f 919 920 883
f 912 919 881
f 898 912 897
f 898 906 912
f 917 907 892
f 917 892 901
f 921 876 878
f 922 878 900
f 921 878 922
f 885 923 879
f 879 924 880
f 879 923 924
f 868 886 925
f 868 925 904
f 905 926 887
f 926 913 887
f 873 888 927
f 873 927 915
f 928 896 889
f 920 928 889
f 872 890 929
f 872 929 906
f 930 877 876
f 930 876 921
f 914 931 885
f 885 931 923
f 932 905 896
f 928 932 896
f 890 903 933
f 890 933 929
f 894 895 934
f 900 894 935
f 935 894 934
f 895 909 936
f 934 895 936
f 880 937 893
f 880 924 937
f 906 919 912
f 938 917 901
f 938 901 916
f 909 917 938
f 903 911 939
f 903 939 933
f 888 904 940
f 888 940 927
f 932 941 905
f 941 926 905
f 906 929 919
f 929 920 919
f 942 916 875
f 942 875 908
f 936 909 938
f 943 908 867
f 943 867 902
f 944 902 866
f 944 866 910
f 922 900 945
f 945 900 935
f 911 915 946
f 911 946 939
f 929 933 920
f 933 928 920
f 947 910 877
f 947 877 930
f 913 948 914
f 926 949 913
f 949 948 913
f 933 939 928
f 939 932 928
f 915 950 946
f 915 927 950
f 914 951 931
f 948 951 914
f 886 952 925
f 886 918 952
f 939 946 932
f 946 941 932
f 941 953 926
f 953 949 926
f 904 954 940
f 904 925 954
f 955 938 916
f 955 916 942
f 936 938 955
f 893 956 918
f 893 937 956
f 946 950 941
f 927 957 950
f 927 940 957
f 950 953 941
f 934 936 958
f 958 936 955
f 935 934 959
f 959 934 958
f 960 921 922
f 961 922 945
f 960 922 961
f 962 942 908
f 962 908 943
f 945 935 963
f 963 935 959
f 964 930 921
f 964 921 960
f 931 965 923
f 923 966 924
f 923 965 966
f 950 957 953
f 967 943 902
f 967 902 944
f 951 968 931
f 931 968 965
f 953 969 949
f 949 970 948
f 969 970 949
f 940 971 957
f 940 954 971
f 957 969 953
f 972 944 910
f 972 910 947
f 948 973 951
f 970 973 948
f 974 945 963
f 961 945 974
f 925 975 954
f 925 952 975
f 924 976 937
f 924 966 976
f 977 955 942
f 958 955 977
f 957 971 969
f 977 942 962
f 918 978 952
f 918 956 978
f 979 947 930
f 979 930 964
f 973 980 951
f 951 980 968
f 959 958 981
f 981 958 977
f 969 982 970
f 971 982 969
f 954 983 971
f 954 975 983
f 984 962 943
f 984 943 967
f 963 959 985
f 985 959 981
f 937 986 956
f 937 976 986
f 970 987 973
f 982 987 970
f 971 983 982
f 974 963 988
f 988 963 985
f 989 960 961
f 990 961 974
f 989 961 990
f 991 967 944
f 991 944 972
f 992 964 960
f 992 960 989
f 952 993 975
f 952 978 993
f 994 977 962
f 981 977 994
f 994 962 984
f 995 972 947
f 995 947 979
f 973 996 980
f 987 996 973
f 997 974 988
f 990 974 997
f 968 998 965
f 965 999 966
f 965 998 999
f 983 1000 982
f 982 1000 987
f 980 1001 968
f 968 1001 998
f 956 1002 978
f 956 986 1002
f 985 981 1003
f 1003 981 994
f 1004 979 964
f 1004 964 992
f 975 1005 983
f 975 993 1005
f 983 1005 1000
f 1006 984 967
f 1006 967 991
f 966 1007 976
f 966 999 1007
f 988 985 1008
f 1008 985 1003
f 996 1009 980
f 980 1009 1001
f 1000 1010 987
f 987 1010 996
f 997 988 1011
f 1011 988 1008
f 1012 994 984
f 1003 994 1012
f 1013 989 990
f 1014 990 997
f 1013 990 1014
f 1012 984 1006
f 1015 991 972
f 1015 972 995
f 1016 992 989
f 1016 989 1013
f 978 1017 993
f 978 1002 1017
f 976 1018 986
f 976 1007 1018
f 1019 995 979
f 1019 979 1004
f 1020 997 1011
f 1014 997 1020
f 1005 1021 1000
f 1000 1021 1010
f 1008 1003 1022
f 1022 1003 1012
f 1010 1023 996
f 996 1023 1009
f 993 1024 1005
f 993 1017 1024
f 1025 1004 992
f 1025 992 1016
f 1026 1006 991
f 1026 991 1015
f 1005 1024 1021
f 1011 1008 1027
f 1027 1008 1022
f 986 1028 1002
f 986 1018 1028
f 1029 1012 1006
f 1022 1012 1029
f 1020 1011 1030
f 1030 1011 1027
f 1029 1006 1026
f 1031 1015 995
f 1031 995 1019
f 1013 1014 1016
f 1016 1014 1020
f 1001 1032 998
f 998 1033 999
f 998 1032 1033
f 1009 1034 1001
f 1001 1034 1032
f 1021 1035 1010
f 1010 1035 1023
f 1036 1019 1004
f 1036 1004 1025
f 1016 1020 1025
f 1025 1020 1030
f 999 1037 1007
f 999 1033 1037
f 1027 1022 1038
f 1038 1022 1029
f 1002 1039 1017
f 1002 1028 1039
f 1023 1040 1009
f 1009 1040 1034
f 1024 1041 1021
f 1021 1041 1035
f 1042 1026 1015
f 1042 1015 1031
f 1030 1027 1043
f 1043 1027 1038
f 1007 1044 1018
f 1007 1037 1044
f 1017 1045 1024
f 1017 1039 1045
f 1024 1045 1041
f 1046 1029 1026
f 1046 1026 1042
f 1038 1029 1046
f 1025 1030 1036
f 1036 1030 1043
f 1035 1047 1023
f 1023 1047 1040
f 1048 1031 1019
f 1048 1019 1036
f 1043 1038 1049
f 1049 1038 1046
f 1018 1050 1028
f 1018 1044 1050
f 1036 1043 1048
f 1048 1043 1049
f 1041 1051 1035
f 1035 1051 1047
f 1052 1042 1031
f 1052 1031 1048
f 1053 1046 1042
f 1049 1046 1053
f 1053 1042 1052
f 1034 1054 1032
f 1032 1055 1033
f 1032 1054 1055
f 1028 1056 1039
f 1028 1050 1056
f 1040 1057 1034
f 1034 1057 1054
f 1045 1058 1041
f 1041 1058 1051
f 1048 1049 1052
f 1052 1049 1053
f 1033 1059 1037
f 1033 1055 1059
f 1039 1060 1045
f 1039 1056 1060
f 1047 1061 1040
f 1040 1061 1057
f 1045 1060 1058
f 1037 1062 1044
f 1037 1059 1062
f 1051 1063 1047
f 1047 1063 1061
f 1044 1064 1050
f 1044 1062 1064
f 1058 1065 1051
f 1051 1065 1063
f 1050 1066 1056
f 1050 1064 1066
f 1060 1067 1058
f 1058 1067 1065
f 1056 1068 1060
f 1056 1066 1068
f 1060 1068 1067
f 1057 1069 1054
f 1054 1070 1055
f 1054 1069 1070
f 1061 1071 1057
f 1057 1071 1069
f 1055 1072 1059
f 1055 1070 1072
f 1063 1073 1061
f 1061 1073 1071
f 1059 1074 1062
f 1059 1072 1074
f 1065 1075 1063
f 1063 1075 1073
f 1062 1076 1064
f 1062 1074 1076
f 1067 1077 1065
f 1065 1077 1075
f 1064 1078 1066
f 1064 1076 1078
f 1068 1079 1067
f 1067 1079 1077
f 1066 1080 1068
f 1066 1078 1080
f 1068 1080 1079
f 1071 1081 1069
f 1069 1082 1070
f 1069 1081 1082
f 1073 1083 1071
f 1071 1083 1081
f 1070 1084 1072
f 1070 1082 1084
f 1075 1085 1073
f 1073 1085 1083
f 1072 1086 1074
f 1072 1084 1086
f 1077 1087 1075
f 1075 1087 1085
f 1074 1088 1076
f 1074 1086 1088
f 1079 1089 1077
f 1077 1089 1087
f 1076 1090 1078
f 1076 1088 1090
f 1080 1091 1079
f 1079 1091 1089
f 1078 1092 1080
f 1078 1090 1092
f 1080 1092 1091
f 1083 1093 1081
f 1081 1094 1082
f 1081 1093 1094
f 1085 1095 1083
f 1083 1095 1093
f 1082 1096 1084
f 1082 1094 1096
f 1087 1097 1085
f 1085 1097 1095
f 1084 1098 1086
f 1084 1096 1098
f 1089 1099 1087
f 1087 1099 1097
f 1086 1100 1088
f 1086 1098 1100
f 1091 1101 1089
f 1089 1101 1099
f 1088 1102 1090
f 1088 1100 1102
f 1092 1103 1091
f 1091 1103 1101
f 1090 1104 1092
f 1090 1102 1104
f 1092 1104 1103
f 1095 1105 1093
f 1093 1106 1094
f 1093 1105 1106
f 1097 1107 1095
f 1095 1107 1105
f 1094 1108 1096
f 1094 1106 1108
f 1099 1109 1097
f 1097 1109 1107
f 1096 1110 1098
f 1096 1108 1110
f 1101 1111 1099
f 1099 1111 1109
f 1098 1112 1100
f 1098 1110 1112
f 1103 1113 1101
f 1101 1113 1111
f 1100 1114 1102
f 1100 1112 1114
f 1104 1115 1103
f 1103 1115 1113
f 1102 1116 1104
f 1102 1114 1116
f 1104 1116 1115
f 1107 1117 1105
f 1105 1118 1106
f 1105 1117 1118
f 1109 1119 1107
f 1107 1119 1117
f 1106 1120 1108
f 1106 1118 1120
f 1111 1121 1109
f 1109 1121 1119
f 1108 1122 1110
f 1108 1120 1122
f 1113 1123 1111
f 1111 1123 1121
f 1110 1124 1112
f 1110 1122 1124
f 1115 1125 1113
f 1113 1125 1123
f 1112 1126 1114
f 1112 1124 1126
f 1116 1127 1115
f 1115 1127 1125
f 1114 1128 1116
f 1114 1126 1128
f 1116 1128 1127
f 1119 1129 1117
f 1117 1130 1118
f 1117 1129 1130
f 1121 1131 1119
f 1119 1131 1129
f 1118 1132 1120
f 1118 1130 1132
f 1123 1133 1121
f 1121 1133 1131
f 1120 1134 1122
f 1120 1132 1134
f 1125 1135 1123
f 1123 1135 1133
f 1122 1136 1124
f 1122 1134 1136
f 1127 1137 1125
f 1125 1137 1135
f 1124 1138 1126
f 1124 1136 1138
f 1128 1139 1127
f 1127 1139 1137
f 1126 1140 1128
f 1126 1138 1140
f 1128 1140 1139
f 1131 1141 1129
f 1129 1142 1130
f 1129 1141 1142
f 1133 1143 1131
f 1131 1143 1141
f 1130 1144 1132
f 1130 1142 1144
f 1135 1145 1133
f 1133 1145 1143
f 1132 1146 1134
f 1132 1144 1146
f 1137 1147 1135
f 1135 1147 1145
f 1134 1148 1136
f 1134 1146 1148
f 1139 1149 1137
f 1137 1149 1147
f 1136 1150 1138
f 1136 1148 1150
f 1140 1151 1139
f 1139 1151 1149
f 1138 1152 1140
f 1138 1150 1152
f 1140 1152 1151
f 1143 1153 1141
f 1141 1154 1142
f 1141 1153 1154
f 1145 1155 1143
f 1143 1155 1153
f 1142 1156 1144
f 1142 1154 1156
f 1147 1157 1145
f 1145 1157 1155
f 1144 1158 1146
f 1144 1156 1158
f 1149 1159 1147
f 1147 1159 1157
f 1146 1160 1148
f 1146 1158 1160
f 1151 1161 1149
f 1149 1161 1159
f 1148 1162 1150
f 1148 1160 1162
f 1152 1163 1151
f 1151 1163 1161
f 1150 1164 1152
f 1150 1162 1164
f 1152 1164 1163
f 1153 1165 1154
f 1155 1166 1153
f 1153 1166 1165
f 1154 1167 1156
f 1154 1165 1167
f 1157 1168 1155
f 1155 1168 1166
f 1159 1169 1157
f 1157 1169 1168
f 1156 1170 1158
f 1156 1167 1170
f 1161 1171 1159
f 1159 1171 1169
f 1158 1172 1160
f 1158 1170 1172
f 1163 1173 1161
f 1161 1173 1171
f 1160 1174 1162
f 1160 1172 1174
f 1164 1175 1163
f 1163 1175 1173
f 1162 1176 1164
f 1162 1174 1176
f 1164 1176 1175
f 1168 1177 1166
f 1166 1178 1165
f 1166 1177 1178
f 1169 1179 1168
f 1168 1179 1177
f 1165 1180 1167
f 1165 1178 1180
f 1171 1181 1169
f 1169 1181 1179
f 1167 1182 1170
f 1167 1180 1182
f 1173 1183 1171
f 1171 1183 1181
f 1170 1184 1172
f 1170 1182 1184
f 1175 1185 1173
f 1173 1185 1183
f 1172 1186 1174
f 1172 1184 1186
f 1176 1187 1175
f 1175 1187 1185
f 1179 1188 1177
f 1177 1189 1178
f 1177 1188 1189
f 1181 1190 1179
f 1179 1190 1188
f 1174 1191 1176
f 1174 1186 1191
f 1176 1191 1187
f 1178 1192 1180
f 1178 1189 1192
f 1183 1193 1181
f 1181 1193 1190
f 1180 1194 1182
f 1180 1192 1194
f 1185 1195 1183
f 1183 1195 1193
f 1182 1196 1184
f 1182 1194 1196
f 1190 1197 1188
f 1188 1198 1189
f 1188 1197 1198
f 1187 1199 1185
f 1185 1199 1195
f 1190 1200 1197
f 1193 1200 1190
f 1189 1198 1201
f 1189 1201 1192
f 1184 1202 1186
f 1184 1196 1202
f 1200 1203 1197
f 1197 1204 1198
f 1197 1203 1204
f 1193 1205 1200
f 1205 1206 1200
f 1200 1206 1203
f 1195 1205 1193
f 1191 1207 1187
f 1187 1207 1199
f 1198 1208 1201
f 1198 1204 1208
f 1186 1209 1191
f 1186 1202 1209
f 1192 1201 1210
f 1192 1210 1194
f 1191 1209 1207
f 1205 1211 1206
f 1195 1212 1205
f 1212 1211 1205
f 1206 1213 1203
f 1203 1214 1204
f 1203 1213 1214
f 1211 1215 1206
f 1206 1215 1213
f 1199 1212 1195
f 1201 1208 1216
f 1201 1216 1210
f 1204 1217 1208
f 1204 1214 1217
f 1194 1210 1218
f 1194 1218 1196
f 1212 1219 1211
f 1211 1220 1215
f 1219 1220 1211
f 1199 1221 1212
f 1221 1219 1212
f 1207 1221 1199
f 1208 1222 1216
f 1208 1217 1222
f 1210 1216 1223
f 1210 1223 1218
f 1215 1224 1213
f 1213 1225 1214
f 1213 1224 1225
f 1220 1226 1215
f 1215 1226 1224
f 1196 1218 1227
f 1196 1227 1202
f 1221 1228 1219
f 1219 1229 1220
f 1228 1229 1219
f 1214 1230 1217
f 1214 1225 1230
f 1207 1231 1221
f 1231 1228 1221
f 1220 1232 1226
f 1229 1232 1220
f 1209 1231 1207
f 1216 1233 1223
f 1216 1222 1233
f 1218 1234 1227
f 1218 1223 1234
f 1202 1235 1209
f 1202 1227 1235
f 1209 1235 1231
f 1217 1236 1222
f 1217 1230 1236
f 1231 1237 1228
f 1235 1237 1231
f 1228 1238 1229
f 1237 1238 1228
f 1226 1239 1224
f 1224 1240 1225
f 1224 1239 1240
f 1232 1241 1226
f 1226 1241 1239
f 1229 1242 1232
f 1238 1242 1229
f 1227 1243 1235
f 1227 1234 1243
f 1235 1243 1237
f 1223 1244 1234
f 1223 1233 1244
f 1225 1245 1230
f 1225 1240 1245
f 1242 1246 1232
f 1232 1246 1241
f 1237 1247 1238
f 1243 1247 1237
f 1222 1248 1233
f 1222 1236 1248
f 1238 1249 1242
f 1247 1249 1238
f 1234 1250 1243
f 1234 1244 1250
f 1243 1250 1247
f 1230 1251 1236
f 1230 1245 1251
f 1242 1252 1246
f 1249 1252 1242
f 1233 1253 1244
f 1233 1248 1253
f 1241 1254 1239
f 1239 1255 1240
f 1239 1254 1255
f 1246 1256 1241
f 1241 1256 1254
f 1250 1257 1247
f 1247 1257 1249
f 1240 1258 1245
f 1240 1255 1258
f 1252 1259 1246
f 1246 1259 1256
f 1244 1260 1250
f 1244 1253 1260
f 1236 1261 1248
f 1236 1251 1261
f 1250 1260 1257
f 1249 1262 1252
f 1257 1262 1249
f 1245 1263 1251
f 1245 1258 1263
f 1252 1264 1259
f 1262 1264 1252
f 1248 1265 1253
f 1248 1261 1265
f 1260 1266 1257
f 1257 1266 1262
f 1256 1267 1254
f 1254 1268 1255
f 1254 1267 1268
f 1259 1269 1256
f 1256 1269 1267
f 1253 1270 1260
f 1253 1265 1270
f 1260 1270 1266
f 1264 1271 1259
f 1259 1271 1269
f 1255 1272 1258
f 1255 1268 1272
f 1251 1273 1261
f 1251 1263 1273
f 1262 1274 1264
f 1266 1274 1262
f 1264 1275 1271
f 1274 1275 1264
f 1258 1276 1263
f 1258 1272 1276
f 1261 1277 1265
f 1261 1273 1277
f 1270 1278 1266
f 1266 1278 1274
f 1269 1279 1267
f 1271 1280 1269
f 1269 1280 1279
f 1267 1281 1268
f 1267 1279 1281
f 1265 1282 1270
f 1265 1277 1282
f 1270 1282 1278
f 1275 1283 1271
f 1271 1283 1280
f 1274 1284 1275
f 1278 1284 1274
f 1263 1285 1273
f 1263 1276 1285
f 1268 1286 1272
f 1268 1281 1286
f 1275 1287 1283
f 1284 1287 1275
f 1282 1288 1278
f 1278 1288 1284
f 1273 1289 1277
f 1273 1285 1289
f 1272 1290 1276
f 1272 1286 1290
f 1280 1291 1279
f 1283 1292 1280
f 1280 1292 1291
f 1277 1293 1282
f 1277 1289 1293
f 1282 1293 1288
f 1279 1294 1281
f 1279 1291 1294
f 1287 1295 1283
f 1283 1295 1292
f 1284 1296 1287
f 1288 1296 1284
f 1281 1297 1286
f 1281 1294 1297
f 1276 1298 1285
f 1276 1290 1298
f 1287 1299 1295
f 1296 1299 1287
f 1293 1300 1288
f 1288 1300 1296
f 1285 1301 1289
f 1285 1298 1301
f 1286 1302 1290
f 1286 1297 1302
f 1292 1303 1291
f 1295 1304 1292
f 1292 1304 1303
f 1291 1305 1294
f 1291 1303 1305
f 1289 1306 1293
f 1289 1301 1306
f 1293 1306 1300
f 1299 1307 1295
f 1295 1307 1304
f 1296 1308 1299
f 1300 1308 1296
f 1294 1309 1297
f 1294 1305 1309
f 1290 1310 1298
f 1290 1302 1310
f 1299 1311 1307
f 1308 1311 1299
f 1306 1312 1300
f 1300 1312 1308
f 1304 1313 1303
f 1307 1314 1304
f 1304 1314 1313
f 1297 1315 1302
f 1297 1309 1315
f 1298 1316 1301
f 1298 1310 1316
f 1303 1317 1305
f 1303 1313 1317
f 1311 1318 1307
f 1307 1318 1314
f 1301 1319 1306
f 1306 1319 1312
f 1308 1320 1311
f 1312 1320 1308
f 1301 1316 1319
f 1305 1321 1309
f 1305 1317 1321
f 1311 1322 1318
f 1320 1322 1311
f 1302 1323 1310
f 1302 1315 1323
f 1314 1324 1313
f 1318 1325 1314
f 1314 1325 1324
f 1312 1326 1320
f 1319 1326 1312
f 1313 1327 1317
f 1313 1324 1327
f 1318 1328 1325
f 1322 1328 1318
f 1309 1329 1315
f 1309 1321 1329
f 1310 1330 1316
f 1310 1323 1330
f 1320 1331 1322
f 1326 1331 1320
f 1316 1332 1319
f 1319 1332 1326
f 1317 1333 1321
f 1317 1327 1333
f 1328 1334 1325
f 1325 1335 1324
f 1325 1334 1335
f 1322 1336 1328
f 1331 1336 1322
f 1316 1330 1332
f 1336 1337 1328
f 1328 1337 1334
f 1324 1338 1327
f 1324 1335 1338
f 1315 1339 1323
f 1315 1329 1339
f 1326 1340 1331
f 1332 1340 1326
f 1331 1341 1336
f 1341 1342 1336
f 1336 1342 1337
f 1321 1333 1343
f 1321 1343 1329
f 1327 1344 1333
f 1327 1338 1344
f 1340 1341 1331
f 1323 1345 1330
f 1323 1339 1345
f 1330 1346 1332
f 1332 1346 1340
f 1330 1345 1346
f 1340 1347 1341
f 1347 1348 1341
f 1341 1348 1342
f 1337 1349 1334
f 1334 1350 1335
f 1334 1349 1350
f 1333 1351 1343
f 1333 1344 1351
f 1329 1352 1339
f 1329 1343 1352
f 1346 1347 1340
f 1342 1353 1337
f 1337 1353 1349
f 1335 1354 1338
f 1335 1350 1354
f 1339 1355 1345
f 1339 1352 1355
f 1346 1356 1347
f 1345 1356 1346
f 1356 1357 1347
f 1347 1357 1348
f 1348 1358 1342
f 1342 1358 1353
f 1343 1359 1352
f 1343 1351 1359
f 1345 1355 1356
f 1338 1360 1344
f 1338 1354 1360
f 1355 1361 1356
f 1356 1361 1357
f 1352 1362 1355
f 1352 1359 1362
f 1357 1363 1348
f 1348 1363 1358
f 1355 1362 1361
f 1344 1364 1351
f 1344 1360 1364
f 1353 1365 1349
f 1349 1366 1350
f 1349 1365 1366
f 1361 1367 1357
f 1357 1367 1363
f 1358 1368 1353
f 1353 1368 1365
f 1351 1369 1359
f 1351 1364 1369
f 1350 1370 1354
f 1350 1366 1370
f 1362 1371 1361
f 1361 1371 1367
f 1363 1372 1358
f 1358 1372 1368
f 1359 1373 1362
f 1359 1369 1373
f 1354 1374 1360
f 1354 1370 1374
f 1362 1373 1371
f 1367 1375 1363
f 1363 1375 1372
f 1360 1376 1364
f 1360 1374 1376
f 1371 1377 1367
f 1367 1377 1375
f 1364 1378 1369
f 1364 1376 1378
f 1368 1379 1365
f 1365 1380 1366
f 1365 1379 1380
f 1373 1381 1371
f 1371 1381 1377
f 1372 1382 1368
f 1368 1382 1379
f 1369 1383 1373
f 1369 1378 1383
f 1366 1384 1370
f 1366 1380 1384
f 1373 1383 1381
f 1375 1385 1372
f 1372 1385 1382
f 1370 1386 1374
f 1370 1384 1386
f 1377 1387 1375
f 1375 1387 1385
f 1374 1388 1376
f 1374 1386 1388
f 1381 1389 1377
f 1377 1389 1387
f 1376 1390 1378
f 1376 1388 1390
f 1383 1391 1381
f 1381 1391 1389
f 1378 1392 1383
f 1378 1390 1392
f 1383 1392 1391
f 1382 1393 1379
f 1379 1394 1380
f 1379 1393 1394
f 1385 1395 1382
f 1382 1395 1393
f 1380 1396 1384
f 1380 1394 1396
f 1387 1397 1385
f 1385 1397 1395
f 1384 1398 1386
f 1384 1396 1398
f 1389 1399 1387
f 1387 1399 1397
f 1386 1400 1388
f 1386 1398 1400
f 1391 1401 1389
f 1389 1401 1399
f 1388 1402 1390
f 1388 1400 1402
f 1392 1403 1391
f 1391 1403 1401
f 1390 1404 1392
f 1390 1402 1404
f 1392 1404 1403
f 1395 1405 1393
f 1393 1406 1394
f 1393 1405 1406
f 1397 1407 1395
f 1395 1407 1405
f 1394 1408 1396
f 1394 1406 1408
f 1399 1409 1397
f 1397 1409 1407
f 1396 1410 1398
f 1396 1408 1410
f 1401 1411 1399
f 1399 1411 1409
f 1398 1412 1400
f 1398 1410 1412
f 1403 1413 1401
f 1401 1413 1411
f 1400 1414 1402
f 1400 1412 1414
f 1404 1415 1403
f 1403 1415 1413
f 1402 1416 1404
f 1402 1414 1416
f 1404 1416 1415
f 1407 1417 1405
f 1405 1418 1406
f 1405 1417 1418
f 1409 1419 1407
f 1407 1419 1417
f 1406 1420 1408
f 1406 1418 1420
f 1411 1421 1409
f 1409 1421 1419
f 1408 1422 1410
f 1408 1420 1422
f 1413 1423 1411
f 1411 1423 1421
f 1410 1424 1412
f 1410 1422 1424
f 1415 1425 1413
f 1413 1425 1423
f 1412 1426 1414
f 1412 1424 1426
f 1416 1427 1415
f 1415 1427 1425
f 1414 1428 1416
f 1414 1426 1428
f 1416 1428 1427
f 1419 1429 1417
f 1417 1430 1418
f 1417 1429 1430
f 1421 1431 1419
f 1419 1431 1429
f 1418 1432 1420
f 1418 1430 1432
f 1423 1433 1421
f 1421 1433 1431
f 1420 1434 1422
f 1420 1432 1434
f 1425 1435 1423
f 1423 1435 1433
f 1422 1436 1424
f 1422 1434 1436
f 1427 1437 1425
f 1425 1437 1435
f 1424 1438 1426
f 1424 1436 1438
f 1428 1439 1427
f 1427 1439 1437
f 1426 1440 1428
f 1426 1438 1440
f 1428 1440 1439
f 1431 1441 1429
f 1429 1442 1430
f 1429 1441 1442
f 1433 1443 1431
f 1431 1443 1441
f 1430 1444 1432
f 1430 1442 1444
f 1435 1445 1433
f 1433 1445 1443
f 1432 1446 1434
f 1432 1444 1446
f 1437 1447 1435
f 1435 1447 1445
f 1434 1448 1436
f 1434 1446 1448
f 1439 1449 1437
f 1437 1449 1447
f 1436 1450 1438
f 1436 1448 1450
f 1440 1451 1439
f 1439 1451 1449
f 1438 1452 1440
f 1438 1450 1452
f 1440 1452 1451
f 1443 1453 1441
f 1441 1454 1442
f 1441 1453 1454
f 1445 1455 1443
f 1443 1455 1453
f 1442 1456 1444
f 1442 1454 1456
f 1447 1457 1445
f 1445 1457 1455
f 1444 1458 1446
f 1444 1456 1458
f 1449 1459 1447
f 1447 1459 1457
f 1446 1460 1448
f 1446 1458 1460
f 1451 1461 1449
f 1449 1461 1459
f 1448 1462 1450
f 1448 1460 1462
f 1452 1463 1451
f 1451 1463 1461
f 1450 1464 1452
f 1450 1462 1464
f 1452 1464 1463
f 1455 1465 1453
f 1453 1466 1454
f 1453 1465 1466
f 1457 1467 1455
f 1455 1467 1465
f 1454 1468 1456
f 1454 1466 1468
f 1459 1469 1457
f 1457 1469 1467
f 1456 1470 1458
f 1456 1468 1470
f 1461 1471 1459
f 1459 1471 1469
f 1458 1472 1460
f 1458 1470 1472
f 1463 1473 1461
f 1461 1473 1471
f 1460 1474 1462
f 1460 1472 1474
f 1464 1475 1463
f 1463 1475 1473
f 1462 1476 1464
f 1462 1474 1476
f 1464 1476 1475
f 1467 1477 1465
f 1465 1478 1466
f 1465 1477 1478
f 1469 1479 1467
f 1467 1479 1477
f 1466 1480 1468
f 1466 1478 1480
f 1471 1481 1469
f 1469 1481 1479
f 1468 1482 1470
f 1468 1480 1482
f 1473 1483 1471
f 1471 1483 1481
f 1470 1484 1472
f 1470 1482 1484
f 1475 1485 1473
f 1473 1485 1483
f 1472 1486 1474
f 1472 1484 1486
f 1476 1487 1475
f 1475 1487 1485
f 1474 1488 1476
f 1474 1486 1488
f 1479 1489 1477
f 1477 1490 1478
f 1477 1489 1490
f 1476 1488 1487
f 1481 1491 1479
f 1479 1491 1489
f 1478 1492 1480
f 1478 1490 1492
f 1481 1493 1491
f 1483 1493 1481
f 1480 1494 1482
f 1480 1492 1494
f 1489 1495 1490
f 1491 1496 1489
f 1489 1496 1495
f 1490 1497 1492
f 1490 1495 1497
f 1493 1498 1491
f 1491 1498 1496
f 1483 1499 1493
f 1485 1499 1483
f 1482 1494 1500
f 1482 1500 1484
f 1499 1501 1493
f 1493 1501 1498
f 1492 1502 1494
f 1492 1497 1502
f 1496 1503 1495
f 1498 1504 1496
f 1496 1504 1503
f 1494 1505 1500
f 1494 1502 1505
f 1485 1506 1499
f 1499 1507 1501
f 1506 1507 1499
f 1484 1508 1486
f 1484 1500 1508
f 1487 1506 1485
f 1495 1509 1497
f 1495 1503 1509
f 1501 1510 1498
f 1498 1510 1504
f 1486 1511 1488
f 1486 1508 1511
f 1488 1512 1487
f 1487 1512 1506
f 1488 1511 1512
f 1507 1513 1501
f 1501 1513 1510
f 1506 1514 1507
f 1512 1514 1506
f 1497 1515 1502
f 1497 1509 1515
f 1500 1516 1508
f 1500 1505 1516
f 1514 1517 1507
f 1507 1517 1513
f 1508 1518 1511
f 1508 1516 1518
f 1511 1519 1512
f 1512 1519 1514
f 1502 1520 1505
f 1502 1515 1520
f 1511 1518 1519
f 1504 1521 1503
f 1510 1522 1504
f 1504 1522 1521
f 1503 1523 1509
f 1503 1521 1523
f 1513 1524 1510
f 1510 1524 1522
f 1519 1525 1514
f 1514 1525 1517
f 1505 1526 1516
f 1505 1520 1526
f 1517 1527 1513
f 1513 1527 1524
f 1509 1528 1515
f 1509 1523 1528
f 1516 1529 1518
f 1516 1526 1529
f 1518 1530 1519
f 1519 1530 1525
f 1518 1529 1530
f 1525 1531 1517
f 1517 1531 1527
f 1515 1532 1520
f 1515 1528 1532
f 1530 1533 1525
f 1525 1533 1531
f 1520 1534 1526
f 1520 1532 1534
f 1522 1535 1521
f 1524 1536 1522
f 1522 1536 1535
f 1521 1537 1523
f 1521 1535 1537
f 1527 1538 1524
f 1524 1538 1536
f 1526 1539 1529
f 1526 1534 1539
f 1529 1540 1530
f 1530 1540 1533
f 1531 1541 1527
f 1527 1541 1538
f 1529 1539 1540
f 1523 1542 1528
f 1523 1537 1542
f 1533 1543 1531
f 1531 1543 1541
f 1528 1544 1532
f 1528 1542 1544
f 1540 1545 1533
f 1533 1545 1543
f 1532 1546 1534
f 1532 1544 1546
f 1534 1547 1539
f 1534 1546 1547
f 1539 1548 1540
f 1540 1548 1545
f 1536 1549 1535
f 1538 1550 1536
f 1536 1550 1549
f 1539 1547 1548
f 1535 1551 1537
f 1535 1549 1551
f 1541 1552 1538
f 1538 1552 1550
f 1543 1553 1541
f 1541 1553 1552
f 1537 1554 1542
f 1537 1551 1554
f 1545 1555 1543
f 1543 1555 1553
f 1542 1556 1544
f 1542 1554 1556
f 1548 1557 1545
f 1545 1557 1555
f 1544 1558 1546
f 1544 1556 1558
f 1546 1559 1547
f 1546 1558 1559
f 1547 1560 1548
f 1548 1560 1557
f 1547 1559 1560
f 1550 1561 1549
f 1552 1562 1550
f 1550 1562 1561
f 1549 1563 1551
f 1549 1561 1563
f 1553 1564 1552
f 1552 1564 1562
f 1555 1565 1553
f 1553 1565 1564
f 1551 1566 1554
f 1551 1563 1566
f 1557 1567 1555
f 1555 1567 1565
f 1554 1568 1556
f 1554 1566 1568
f 1560 1569 1557
f 1557 1569 1567
f 1556 1570 1558
f 1556 1568 1570
f 1558 1571 1559
f 1558 1570 1571
f 1559 1572 1560
f 1560 1572 1569
f 1559 1571 1572
f 1562 1573 1561
f 1564 1574 1562
f 1562 1574 1573
f 1561 1575 1563
f 1561 1573 1575
f 1565 1576 1564
f 1564 1576 1574
f 1563 1577 1566
f 1563 1575 1577
f 1567 1578 1565
f 1565 1578 1576
f 1569 1579 1567
f 1567 1579 1578
f 1566 1580 1568
f 1566 1577 1580
f 1568 1581 1570
f 1568 1580 1581
f 1572 1582 1569
f 1569 1582 1579
f 1570 1583 1571
f 1570 1581 1583
f 1571 1584 1572
f 1572 1584 1582
f 1571 1583 1584
f 1574 1585 1573
f 1573 1586 1575
f 1573 1585 1586
f 1576 1587 1574
f 1574 1587 1585
f 1578 1588 1576
f 1576 1588 1587
f 1575 1589 1577
f 1575 1586 1589
f 1579 1590 1578
f 1578 1590 1588
f 1582 1591 1579
f 1579 1591 1590
f 1577 1592 1580
f 1577 1589 1592
f 1580 1593 1581
f 1580 1592 1593
f 1584 1594 1582
f 1582 1594 1591
f 1581 1595 1583
f 1581 1593 1595
f 1583 1596 1584
f 1583 1595 1596
f 1584 1596 1594
f 1587 1597 1585
f 1585 1598 1586
f 1585 1597 1598
f 1588 1599 1587
f 1587 1599 1597
f 1590 1600 1588
f 1588 1600 1599
f 1586 1601 1589
f 1586 1598 1601
f 1591 1602 1590
f 1590 1602 1600
f 1594 1603 1591
f 1591 1603 1602
f 1589 1604 1592
f 1589 1601 1604
f 1592 1605 1593
f 1592 1604 1605
f 1596 1606 1594
f 1594 1606 1603
f 1593 1607 1595
f 1593 1605 1607
f 1595 1608 1596
f 1595 1607 1608
f 1596 1608 1606
f 1599 1609 1597
f 1597 1610 1598
f 1597 1609 1610
f 1600 1611 1599
f 1599 1611 1609
f 1602 1612 1600
f 1600 1612 1611
f 1603 1613 1602
f 1602 1613 1612
f 1598 1614 1601
f 1598 1610 1614
f 1606 1615 1603
f 1603 1615 1613
f 1601 1616 1604
f 1601 1614 1616
f 1608 1617 1606
f 1606 1617 1615
f 1604 1618 1605
f 1604 1616 1618
f 1605 1619 1607
f 1605 1618 1619
f 1607 1620 1608
f 1607 1619 1620
f 1608 1620 1617
f 1611 1621 1609
f 1609 1622 1610
f 1609 1621 1622
f 1612 1623 1611
f 1611 1623 1621
f 1613 1624 1612
f 1612 1624 1623
f 1615 1625 1613
f 1613 1625 1624
f 1610 1626 1614
f 1610 1622 1626
f 1617 1627 1615
f 1615 1627 1625
f 1614 1628 1616
f 1614 1626 1628
f 1620 1629 1617
f 1617 1629 1627
f 1616 1630 1618
f 1616 1628 1630
f 1618 1631 1619
f 1618 1630 1631
f 1619 1632 1620
f 1619 1631 1632
f 1620 1632 1629
f 1624 1628 1623
f 1623 1626 1621
f 1623 1628 1626
f 1625 1630 1624
f 1624 1630 1628
f 1627 1631 1625
f 1625 1631 1630
f 1621 1626 1622
f 1629 1632 1627
f 1627 1632 1631
f 1633 1634 1635
f 1634 1636 1635
f 1633 1635 1637
f 1637 1635 1638
f 1635 1636 1639
f 1635 1639 1638
f 1640 1634 1633
f 1634 1641 1636
f 1642 1641 1634
f 1640 1642 1634
f 1643 1633 1637
f 1637 1638 1644
f 1645 1637 1644
f 1643 1637 1645
f 1646 1640 1633
f 1646 1633 1643
f 1641 1647 1636
f 1636 1648 1639
f 1636 1647 1648
f 1642 1649 1641
f 1649 1650 1641
f 1641 1650 1647
f 1644 1638 1651
f 1638 1639 1652
f 1638 1652 1651
f 1653 1642 1640
f 1654 1649 1642
f 1653 1654 1642
f 1645 1644 1655
f 1644 1651 1656
f 1655 1644 1656
f 1657 1640 1646
f 1657 1653 1640
f 1658 1643 1645
f 1659 1645 1655
f 1658 1645 1659
f 1660 1646 1643
f 1660 1643 1658
f 1639 1661 1652
f 1639 1648 1661
f 1654 1662 1649
f 1649 1663 1650
f 1662 1663 1649
f 1656 1651 1664
f 1651 1652 1665
f 1651 1665 1664
f 1666 1654 1653
f 1667 1662 1654
f 1666 1667 1654
f 1655 1656 1668
f 1669 1655 1668
f 1659 1655 1669
f 1670 1657 1646
f 1670 1646 1660
f 1656 1664 1671
f 1668 1656 1671
f 1672 1653 1657
f 1672 1666 1653
f 1650 1673 1647
f 1647 1674 1648
f 1647 1673 1674
f 1663 1675 1650
f 1650 1675 1673
f 1652 1676 1665
f 1652 1661 1676
f 1662 1677 1663
f 1667 1678 1662
f 1678 1677 1662
f 1648 1679 1661
f 1648 1674 1679
f 1677 1680 1663
f 1663 1680 1675
f 1671 1664 1681
f 1664 1665 1682
f 1664 1682 1681
f 1683 1667 1666
f 1684 1678 1667
f 1683 1684 1667
f 1668 1671 1685
f 1669 1668 1686
f 1686 1668 1685
f 1687 1672 1657
f 1687 1657 1670
f 1688 1658 1659
f 1689 1659 1669
f 1688 1659 1689
f 1690 1660 1658
f 1690 1658 1688
f 1671 1681 1691
f 1685 1671 1691
f 1692 1666 1672
f 1692 1683 1666
f 1665 1693 1682
f 1665 1676 1693
f 1678 1694 1677
f 1684 1695 1678
f 1695 1694 1678
f 1696 1669 1686
f 1689 1669 1696
f 1697 1670 1660
f 1697 1660 1690
f 1661 1698 1676
f 1661 1679 1698
f 1694 1699 1677
f 1677 1699 1680
f 1691 1681 1700
f 1681 1682 1701
f 1681 1701 1700
f 1702 1684 1683
f 1703 1695 1684
f 1702 1703 1684
f 1685 1691 1704
f 1686 1685 1705
f 1705 1685 1704
f 1706 1692 1672
f 1706 1672 1687
f 1691 1700 1707
f 1704 1691 1707
f 1708 1702 1683
f 1708 1683 1692
f 1682 1709 1701
f 1682 1693 1709
f 1703 1710 1695
f 1695 1711 1694
f 1710 1711 1695
f 1707 1700 1703
f 1700 1710 1703
f 1700 1701 1710
f 1707 1703 1702
f 1712 1686 1705
f 1696 1686 1712
f 1713 1687 1670
f 1713 1670 1697
f 1675 1714 1673
f 1673 1715 1674
f 1673 1714 1715
f 1680 1716 1675
f 1675 1716 1714
f 1717 1707 1702
f 1704 1707 1717
f 1717 1702 1708
f 1676 1718 1693
f 1676 1698 1718
f 1711 1719 1694
f 1694 1719 1699
f 1701 1720 1710
f 1701 1709 1720
f 1710 1720 1711
f 1721 1704 1717
f 1705 1704 1721
f 1722 1708 1692
f 1722 1692 1706
f 1723 1688 1689
f 1724 1689 1696
f 1723 1689 1724
f 1725 1690 1688
f 1725 1688 1723
f 1674 1726 1679
f 1674 1715 1726
f 1699 1727 1680
f 1680 1727 1716
f 1728 1717 1708
f 1721 1717 1728
f 1728 1708 1722
f 1729 1705 1721
f 1712 1705 1729
f 1730 1706 1687
f 1730 1687 1713
f 1731 1696 1712
f 1724 1696 1731
f 1732 1697 1690
f 1732 1690 1725
f 1693 1733 1709
f 1693 1718 1733
f 1720 1734 1711
f 1711 1734 1719
f 1679 1735 1698
f 1679 1726 1735
f 1719 1736 1699
f 1699 1736 1727
f 1709 1737 1720
f 1709 1733 1737
f 1720 1737 1734
f 1738 1721 1728
f 1729 1721 1738
f 1739 1722 1706
f 1739 1706 1730
f 1740 1712 1729
f 1731 1712 1740
f 1741 1713 1697
f 1741 1697 1732
f 1698 1742 1718
f 1698 1735 1742
f 1734 1743 1719
f 1719 1743 1736
f 1744 1728 1722
f 1738 1728 1744
f 1744 1722 1739
f 1745 1729 1738
f 1740 1729 1745
f 1746 1730 1713
f 1746 1713 1741
f 1747 1723 1724
f 1748 1724 1731
f 1747 1724 1748
f 1749 1725 1723
f 1749 1723 1747
f 1716 1750 1714
f 1714 1751 1715
f 1714 1750 1751
f 1727 1752 1716
f 1716 1752 1750
f 1718 1753 1733
f 1718 1742 1753
f 1737 1754 1734
f 1734 1754 1743
f 1755 1731 1740
f 1748 1731 1755
f 1756 1732 1725
f 1756 1725 1749
f 1715 1757 1726
f 1715 1751 1757
f 1727 1758 1752
f 1736 1758 1727
f 1733 1759 1737
f 1733 1753 1759
f 1737 1759 1754
f 1760 1738 1744
f 1745 1738 1760
f 1761 1739 1730
f 1761 1730 1746
f 1752 1762 1750
f 1750 1763 1751
f 1750 1762 1763
f 1758 1764 1752
f 1752 1764 1762
f 1765 1744 1739
f 1760 1744 1765
f 1765 1739 1761
f 1766 1740 1745
f 1755 1740 1766
f 1767 1741 1732
f 1767 1732 1756
f 1726 1757 1768
f 1726 1768 1735
f 1736 1769 1758
f 1743 1769 1736
f 1751 1770 1757
f 1751 1763 1770
f 1758 1771 1764
f 1769 1771 1758
f 1764 1772 1762
f 1762 1773 1763
f 1762 1772 1773
f 1771 1774 1764
f 1764 1774 1772
f 1757 1770 1775
f 1757 1775 1768
f 1735 1768 1776
f 1735 1776 1742
f 1777 1745 1760
f 1766 1745 1777
f 1778 1746 1741
f 1778 1741 1767
f 1743 1779 1769
f 1754 1779 1743
f 1769 1780 1771
f 1779 1780 1769
f 1763 1781 1770
f 1763 1773 1781
f 1771 1782 1774
f 1780 1782 1771
f 1783 1747 1748
f 1784 1748 1755
f 1783 1748 1784
f 1785 1749 1747
f 1785 1747 1783
f 1774 1786 1772
f 1772 1787 1773
f 1772 1786 1787
f 1770 1788 1775
f 1770 1781 1788
f 1768 1789 1776
f 1768 1775 1789
f 1742 1790 1753
f 1742 1776 1790
f 1754 1791 1779
f 1759 1791 1754
f 1792 1760 1765
f 1777 1760 1792
f 1793 1761 1746
f 1793 1746 1778
f 1782 1794 1774
f 1774 1794 1786
f 1795 1755 1766
f 1784 1755 1795
f 1796 1756 1749
f 1796 1749 1785
f 1779 1797 1780
f 1791 1797 1779
f 1780 1798 1782
f 1797 1798 1780
f 1773 1799 1781
f 1773 1787 1799
f 1753 1800 1759
f 1753 1790 1800
f 1759 1800 1791
f 1801 1765 1761
f 1792 1765 1801
f 1801 1761 1793
f 1782 1802 1794
f 1798 1802 1782
f 1776 1803 1790
f 1776 1789 1803
f 1775 1804 1789
f 1775 1788 1804
f 1791 1805 1797
f 1800 1805 1791
f 1806 1766 1777
f 1795 1766 1806
f 1807 1767 1756
f 1807 1756 1796
f 1781 1808 1788
f 1781 1799 1808
f 1794 1809 1786
f 1786 1810 1787
f 1786 1809 1810
f 1797 1811 1798
f 1805 1811 1797
f 1790 1812 1800
f 1790 1803 1812
f 1802 1813 1794
f 1794 1813 1809
f 1800 1812 1805
f 1798 1814 1802
f 1811 1814 1798
f 1787 1815 1799
f 1787 1810 1815
f 1789 1816 1803
f 1789 1804 1816
f 1802 1817 1813
f 1814 1817 1802
f 1818 1777 1792
f 1806 1777 1818
f 1819 1778 1767
f 1819 1767 1807
f 1788 1820 1804
f 1788 1808 1820
f 1805 1821 1811
f 1812 1821 1805
f 1799 1822 1808
f 1799 1815 1822
f 1803 1823 1812
f 1803 1816 1823
f 1811 1824 1814
f 1821 1824 1811
f 1812 1823 1821
f 1813 1825 1809
f 1809 1826 1810
f 1809 1825 1826
f 1817 1827 1813
f 1813 1827 1825
f 1814 1828 1817
f 1824 1828 1814
f 1804 1829 1816
f 1804 1820 1829
f 1830 1792 1801
f 1818 1792 1830
f 1831 1793 1778
f 1831 1778 1819
f 1810 1832 1815
f 1810 1826 1832
f 1833 1783 1784
f 1834 1784 1795
f 1833 1784 1834
f 1835 1785 1783
f 1835 1783 1833
f 1808 1836 1820
f 1808 1822 1836
f 1823 1837 1821
f 1821 1837 1824
f 1838 1801 1793
f 1830 1801 1838
f 1838 1793 1831
f 1828 1839 1817
f 1817 1839 1827
f 1816 1840 1823
f 1816 1829 1840
f 1841 1795 1806
f 1834 1795 1841
f 1842 1796 1785
f 1842 1785 1835
f 1823 1840 1837
f 1815 1843 1822
f 1815 1832 1843
f 1824 1844 1828
f 1837 1844 1824
f 1820 1845 1829
f 1820 1836 1845
f 1827 1846 1825
f 1825 1847 1826
f 1825 1846 1847
f 1828 1848 1839
f 1844 1848 1828
f 1839 1849 1827
f 1827 1849 1846
f 1850 1806 1818
f 1841 1806 1850
f 1851 1807 1796
f 1851 1796 1842
f 1826 1852 1832
f 1826 1847 1852
f 1840 1853 1837
f 1837 1853 1844
f 1822 1854 1836
f 1822 1843 1854
f 1829 1855 1840
f 1829 1845 1855
f 1840 1855 1853
f 1848 1856 1839
f 1839 1856 1849
f 1832 1857 1843
f 1832 1852 1857
f 1844 1858 1848
f 1853 1858 1844
f 1859 1818 1830
f 1850 1818 1859
f 1860 1819 1807
f 1860 1807 1851
f 1836 1861 1845
f 1836 1854 1861
f 1849 1862 1846
f 1846 1863 1847
f 1846 1862 1863
f 1848 1864 1856
f 1858 1864 1848
f 1855 1865 1853
f 1853 1865 1858
f 1843 1866 1854
f 1843 1857 1866
f 1845 1867 1855
f 1845 1861 1867
f 1856 1868 1849
f 1849 1868 1862
f 1847 1869 1852
f 1847 1863 1869
f 1855 1867 1865
f 1870 1830 1838
f 1859 1830 1870
f 1871 1831 1819
f 1871 1819 1860
f 1852 1872 1857
f 1852 1869 1872
f 1864 1873 1856
f 1856 1873 1868
f 1865 1874 1858
f 1858 1874 1864
f 1875 1838 1831
f 1870 1838 1875
f 1875 1831 1871
f 1854 1876 1861
f 1854 1866 1876
f 1877 1833 1834
f 1878 1834 1841
f 1877 1834 1878
f 1879 1835 1833
f 1879 1833 1877
f 1880 1842 1835
f 1880 1835 1879
f 1867 1881 1865
f 1865 1881 1874
f 1861 1882 1867
f 1861 1876 1882
f 1883 1841 1850
f 1878 1841 1883
f 1857 1884 1866
f 1857 1872 1884
f 1874 1885 1864
f 1864 1885 1873
f 1867 1882 1881
f 1862 1886 1863
f 1868 1887 1862
f 1862 1887 1886
f 1863 1888 1869
f 1863 1886 1888
f 1873 1889 1868
f 1868 1889 1887
f 1890 1851 1842
f 1890 1842 1880
f 1891 1850 1859
f 1883 1850 1891
f 1866 1892 1876
f 1866 1884 1892
f 1881 1893 1874
f 1874 1893 1885
f 1869 1894 1872
f 1869 1888 1894
f 1885 1895 1873
f 1873 1895 1889
f 1882 1896 1881
f 1881 1896 1893
f 1876 1897 1882
f 1876 1892 1897
f 1898 1860 1851
f 1898 1851 1890
f 1899 1859 1870
f 1891 1859 1899
f 1872 1900 1884
f 1872 1894 1900
f 1882 1897 1896
f 1893 1901 1885
f 1885 1901 1895
f 1887 1902 1886
f 1889 1903 1887
f 1887 1903 1902
f 1904 1871 1860
f 1904 1860 1898
f 1886 1905 1888
f 1886 1902 1905
f 1906 1870 1875
f 1899 1870 1906
f 1895 1907 1889
f 1889 1907 1903
f 1884 1908 1892
f 1884 1900 1908
f 1896 1909 1893
f 1893 1909 1901
f 1910 1875 1871
f 1906 1875 1910
f 1910 1871 1904
f 1888 1911 1894
f 1888 1905 1911
f 1901 1912 1895
f 1895 1912 1907
f 1892 1913 1897
f 1892 1908 1913
f 1897 1914 1896
f 1896 1914 1909
f 1897 1913 1914
f 1894 1915 1900
f 1894 1911 1915
f 1909 1916 1901
f 1901 1916 1912
f 1903 1917 1902
f 1907 1918 1903
f 1903 1918 1917
f 1902 1919 1905
f 1902 1917 1919
f 1900 1920 1908
f 1900 1915 1920
f 1912 1921 1907
f 1907 1921 1918
f 1914 1922 1909
f 1909 1922 1916
f 1905 1923 1911
f 1905 1919 1923
f 1908 1924 1913
f 1908 1920 1924
f 1913 1925 1914
f 1914 1925 1922
f 1916 1926 1912
f 1912 1926 1921
f 1913 1924 1925
f 1911 1927 1915
f 1911 1923 1927
f 1922 1928 1916
f 1916 1928 1926
f 1929 1877 1878
f 1930 1879 1877
f 1930 1877 1929
f 1915 1931 1920
f 1915 1927 1931
f 1932 1878 1883
f 1929 1878 1932
f 1918 1933 1917
f 1921 1934 1918
f 1918 1934 1933
f 1935 1880 1879
f 1935 1879 1930
f 1917 1936 1919
f 1917 1933 1936
f 1925 1937 1922
f 1922 1937 1928
f 1926 1938 1921
f 1921 1938 1934
f 1939 1883 1891
f 1932 1883 1939
f 1920 1940 1924
f 1920 1931 1940
f 1919 1941 1923
f 1919 1936 1941
f 1924 1942 1925
f 1925 1942 1937
f 1924 1940 1942
f 1943 1890 1880
f 1943 1880 1935
f 1928 1944 1926
f 1926 1944 1938
f 1945 1891 1899
f 1939 1891 1945
f 1923 1946 1927
f 1923 1941 1946
f 1947 1898 1890
f 1947 1890 1943
f 1937 1948 1928
f 1928 1948 1944
f 1927 1949 1931
f 1927 1946 1949
f 1950 1899 1906
f 1945 1899 1950
f 1942 1951 1937
f 1937 1951 1948
f 1952 1904 1898
f 1952 1898 1947
f 1934 1953 1933
f 1938 1954 1934
f 1934 1954 1953
f 1933 1955 1936
f 1933 1953 1955
f 1931 1956 1940
f 1931 1949 1956
f 1957 1906 1910
f 1950 1906 1957
f 1940 1958 1942
f 1942 1958 1951
f 1944 1959 1938
f 1938 1959 1954
f 1940 1956 1958
f 1960 1910 1904
f 1960 1904 1952
f 1936 1961 1941
f 1936 1955 1961
f 1957 1910 1960
f 1948 1962 1944
f 1944 1962 1959
f 1941 1963 1946
f 1941 1961 1963
f 1951 1964 1948
f 1948 1964 1962
f 1946 1965 1949
f 1946 1963 1965
f 1958 1966 1951
f 1951 1966 1964
f 1949 1967 1956
f 1949 1965 1967
f 1954 1968 1953
f 1959 1969 1954
f 1954 1969 1968
f 1953 1970 1955
f 1953 1968 1970
f 1956 1971 1958
f 1958 1971 1966
f 1956 1967 1971
f 1962 1972 1959
f 1959 1972 1969
f 1955 1973 1961
f 1955 1970 1973
f 1964 1974 1962
f 1962 1974 1972
f 1961 1975 1963
f 1961 1973 1975
f 1976 1929 1932
f 1977 1930 1929
f 1977 1929 1976
f 1978 1932 1939
f 1976 1932 1978
f 1979 1935 1930
f 1979 1930 1977
f 1966 1980 1964
f 1964 1980 1974
f 1963 1981 1965
f 1963 1975 1981
f 1982 1939 1945
f 1978 1939 1982
f 1971 1983 1966
f 1966 1983 1980
f 1984 1943 1935
f 1984 1935 1979
f 1965 1985 1967
f 1965 1981 1985
f 1967 1986 1971
f 1971 1986 1983
f 1967 1985 1986
f 1969 1987 1968
f 1972 1988 1969
f 1969 1988 1987
f 1968 1989 1970
f 1968 1987 1989
f 1990 1945 1950
f 1982 1945 1990
f 1974 1991 1972
f 1972 1991 1988
f 1992 1947 1943
f 1992 1943 1984
f 1970 1993 1973
f 1970 1989 1993
f 1980 1994 1974
f 1974 1994 1991
f 1973 1995 1975
f 1973 1993 1995
f 1996 1950 1957
f 1990 1950 1996
f 1997 1952 1947
f 1997 1947 1992
f 1983 1998 1980
f 1980 1998 1994
f 1975 1999 1981
f 1975 1995 1999
f 2000 1957 1960
f 1996 1957 2000
f 2001 1960 1952
f 2001 1952 1997
f 2000 1960 2001
f 1986 2002 1983
f 1983 2002 1998
f 1981 2003 1985
f 1981 1999 2003
f 1985 2004 1986
f 1986 2004 2002
f 1985 2003 2004
f 1988 2005 1987
f 1991 2006 1988
f 1988 2006 2005
f 1987 2007 1989
f 1987 2005 2007
f 1994 2008 1991
f 1991 2008 2006
f 1989 2009 1993
f 1989 2007 2009
f 1998 2010 1994
f 1994 2010 2008
f 1993 2011 1995
f 1993 2009 2011
f 2002 2012 1998
f 1998 2012 2010
f 1995 2013 1999
f 1995 2011 2013
f 2004 2014 2002
f 2002 2014 2012
f 1999 2015 2003
f 1999 2013 2015
f 2003 2016 2004
f 2004 2016 2014
f 2003 2015 2016
f 2017 1977 1976
f 2018 1976 1978
f 2017 1976 2018
f 2019 1979 1977
f 2019 1977 2017
f 2020 1978 1982
f 2018 1978 2020
f 2006 2021 2005
f 2008 2022 2006
f 2006 2022 2021
f 2005 2023 2007
f 2005 2021 2023
f 2010 2024 2008
f 2008 2024 2022
f 2025 1984 1979
f 2025 1979 2019
f 2007 2026 2009
f 2007 2023 2026
f 2027 1982 1990
f 2020 1982 2027
f 2012 2028 2010
f 2010 2028 2024
f 2009 2029 2011
f 2009 2026 2029
f 2030 1992 1984
f 2030 1984 2025
f 2014 2031 2012
f 2012 2031 2028
f 2032 1990 1996
f 2027 1990 2032
f 2011 2033 2013
f 2011 2029 2033
f 2016 2034 2014
f 2014 2034 2031
f 2013 2035 2015
f 2013 2033 2035
f 2015 2036 2016
f 2016 2036 2034
f 2037 1997 1992
f 2037 1992 2030
f 2015 2035 2036
f 2038 1996 2000
f 2032 1996 2038
f 2039 2001 1997
f 2039 1997 2037
f 2040 2000 2001
f 2038 2000 2040
f 2040 2001 2039
f 2022 2041 2021
f 2024 2042 2022
f 2022 2042 2041
f 2021 2043 2023
f 2021 2041 2043
f 2028 2044 2024
f 2024 2044 2042
f 2023 2045 2026
f 2023 2043 2045
f 2031 2046 2028
f 2028 2046 2044
f 2026 2047 2029
f 2026 2045 2047
f 2034 2048 2031
f 2031 2048 2046
f 2029 2049 2033
f 2029 2047 2049
f 2036 2050 2034
f 2034 2050 2048
f 2033 2051 2035
f 2033 2049 2051
f 2035 2052 2036
f 2036 2052 2050
f 2035 2051 2052
f 2053 2017 2018
f 2054 2018 2020
f 2053 2018 2054
f 2055 2019 2017
f 2055 2017 2053
f 2042 2056 2041
f 2044 2057 2042
f 2042 2057 2056
f 2041 2058 2043
f 2041 2056 2058
f 2059 2020 2027
f 2054 2020 2059
f 2046 2060 2044
f 2044 2060 2057
f 2043 2061 2045
f 2043 2058 2061
f 2062 2025 2019
f 2062 2019 2055
f 2048 2063 2046
f 2046 2063 2060
f 2045 2064 2047
f 2045 2061 2064
f 2065 2027 2032
f 2059 2027 2065
f 2050 2066 2048
f 2048 2066 2063
f 2047 2067 2049
f 2047 2064 2067
f 2068 2030 2025
f 2068 2025 2062
f 2052 2069 2050
f 2050 2069 2066
f 2049 2070 2051
f 2049 2067 2070
f 2051 2071 2052
f 2052 2071 2069
f 2051 2070 2071
f 2072 2032 2038
f 2065 2032 2072
f 2073 2037 2030
f 2073 2030 2068
f 2074 2038 2040
f 2072 2038 2074
f 2075 2039 2037
f 2075 2037 2073
f 2076 2040 2039
f 2074 2040 2076
f 2057 2077 2056
f 2060 2078 2057
f 2057 2078 2077
f 2056 2079 2058
f 2056 2077 2079
f 2076 2039 2075
f 2063 2080 2060
f 2060 2080 2078
f 2058 2081 2061
f 2058 2079 2081
f 2066 2082 2063
f 2063 2082 2080
f 2061 2083 2064
f 2061 2081 2083
f 2069 2084 2066
f 2066 2084 2082
f 2064 2085 2067
f 2064 2083 2085
f 2071 2086 2069
f 2069 2086 2084
f 2067 2087 2070
f 2067 2085 2087
f 2070 2088 2071
f 2071 2088 2086
f 2070 2087 2088
f 2089 2053 2054
f 2090 2055 2053
f 2090 2053 2089
f 2091 2054 2059
f 2089 2054 2091
f 2092 2062 2055
f 2092 2055 2090
f 2093 2059 2065
f 2091 2059 2093
f 2078 2094 2077
f 2080 2095 2078
f 2078 2095 2094
f 2077 2096 2079
f 2077 2094 2096
f 2082 2097 2080
f 2080 2097 2095
f 2079 2098 2081
f 2079 2096 2098
f 2099 2065 2072
f 2093 2065 2099
f 2084 2100 2082
f 2082 2100 2097
f 2101 2068 2062
f 2101 2062 2092
f 2081 2102 2083
f 2081 2098 2102
f 2086 2103 2084
f 2084 2103 2100
f 2083 2104 2085
f 2083 2102 2104
f 2088 2105 2086
f 2086 2105 2103
f 2085 2106 2087
f 2085 2104 2106
f 2087 2107 2088
f 2088 2107 2105
f 2087 2106 2107
f 2108 2072 2074
f 2099 2072 2108
f 2109 2073 2068
f 2109 2068 2101
f 2110 2075 2073
f 2110 2073 2109
f 2111 2074 2076
f 2108 2074 2111
f 2112 2076 2075
f 2112 2075 2110
f 2111 2076 2112
f 2095 2113 2094
f 2097 2114 2095
f 2095 2114 2113
f 2094 2115 2096
f 2094 2113 2115
f 2100 2116 2097
f 2097 2116 2114
f 2096 2117 2098
f 2096 2115 2117
f 2103 2118 2100
f 2100 2118 2116
f 2098 2119 2102
f 2098 2117 2119
f 2105 2120 2103
f 2103 2120 2118
f 2102 2121 2104
f 2102 2119 2121
f 2107 2122 2105
f 2105 2122 2120
f 2104 2123 2106
f 2104 2121 2123
f 2106 2124 2107
f 2107 2124 2122
f 2106 2123 2124
f 2125 2089 2091
f 2126 2090 2089
f 2126 2089 2125
f 2127 2091 2093
f 2125 2091 2127
f 2128 2092 2090
f 2128 2090 2126
f 2129 2093 2099
f 2127 2093 2129
f 2130 2101 2092
f 2130 2092 2128
f 2131 2099 2108
f 2129 2099 2131
f 2132 2109 2101
f 2132 2101 2130
f 2133 2108 2111
f 2131 2108 2133
f 2114 2134 2113
f 2116 2135 2114
f 2114 2135 2134
f 2113 2136 2115
f 2113 2134 2136
f 2118 2137 2116
f 2116 2137 2135
f 2115 2138 2117
f 2115 2136 2138
f 2120 2139 2118
f 2118 2139 2137
f 2117 2140 2119
f 2117 2138 2140
f 2141 2110 2109
f 2141 2109 2132
f 2122 2142 2120
f 2120 2142 2139
f 2119 2143 2121
f 2119 2140 2143
f 2124 2144 2122
f 2122 2144 2142
f 2145 2111 2112
f 2133 2111 2145
f 2121 2146 2123
f 2121 2143 2146
f 2123 2147 2124
f 2124 2147 2144
f 2123 2146 2147
f 2148 2112 2110
f 2148 2110 2141
f 2145 2112 2148
f 2149 2125 2127
f 2150 2126 2125
f 2150 2125 2149
f 2151 2127 2129
f 2149 2127 2151
f 2152 2128 2126
f 2152 2126 2150
f 2153 2129 2131
f 2151 2129 2153
f 2154 2130 2128
f 2154 2128 2152
f 2135 2155 2134
f 2137 2156 2135
f 2135 2156 2155
f 2134 2157 2136
f 2134 2155 2157
f 2139 2158 2137
f 2137 2158 2156
f 2136 2159 2138
f 2136 2157 2159
f 2160 2131 2133
f 2153 2131 2160
f 2142 2161 2139
f 2139 2161 2158
f 2138 2162 2140
f 2138 2159 2162
f 2163 2132 2130
f 2163 2130 2154
f 2144 2164 2142
f 2142 2164 2161
f 2140 2165 2143
f 2140 2162 2165
f 2147 2166 2144
f 2144 2166 2164
f 2143 2167 2146
f 2143 2165 2167
f 2146 2168 2147
f 2147 2168 2166
f 2146 2167 2168
f 2169 2133 2145
f 2160 2133 2169
f 2170 2141 2132
f 2170 2132 2163
f 2171 2148 2141
f 2171 2141 2170
f 2172 2145 2148
f 2169 2145 2172
f 2172 2148 2171
f 2173 2150 2149
f 2174 2149 2151
f 2173 2149 2174
f 2175 2152 2150
f 2175 2150 2173
f 2176 2151 2153
f 2174 2151 2176
f 2177 2154 2152
f 2177 2152 2175
f 2178 2153 2160
f 2176 2153 2178
f 2158 2159 2156
f 2161 2162 2158
f 2158 2162 2159
f 2156 2157 2155
f 2156 2159 2157
f 2179 2163 2154
f 2179 2154 2177
f 2164 2165 2161
f 2161 2165 2162
f 2166 2167 2164
f 2164 2167 2165
f 2166 2168 2167
f 2180 2160 2169
f 2178 2160 2180
f 2181 2170 2163
f 2181 2163 2179
f 2182 2173 2174
f 2183 2174 2176
f 2182 2174 2183
f 2184 2169 2172
f 2180 2169 2184
f 2185 2175 2173
f 2185 2173 2182
f 2186 2171 2170
f 2186 2170 2181
f 2187 2176 2178
f 2183 2176 2187
f 2188 2177 2175
f 2188 2175 2185
f 2189 2172 2171
f 2184 2172 2189
f 2189 2171 2186
f 2190 2178 2180
f 2187 2178 2190
f 2191 2179 2177
f 2191 2177 2188
f 2192 2182 2183
f 2193 2185 2182
f 2193 2182 2192
f 2194 2183 2187
f 2192 2183 2194
f 2195 2192 2196
f 2196 2197 2195
f 2196 2194 2198
f 2198 2199 2196
f 2196 2192 2194
f 2196 2199 2197
f 2195 2193 2192
f 2200 2193 2195
f 2195 2201 2200
f 2195 2197 2201
f 2202 2185 2193
f 2202 2188 2185
f 2203 2180 2184
f 2190 2180 2203
f 2198 2194 2204
f 2198 2204 2199
f 2205 2181 2179
f 2205 2179 2191
f 2194 2187 2204
f 2204 2187 2190
f 2200 2202 2193
f 2206 2202 2200
f 2200 2207 2206
f 2200 2201 2207
f 2208 2188 2202
f 2208 2191 2188
f 2199 2204 2209
f 2199 2209 2197
f 2210 2184 2189
f 2203 2184 2210
f 2211 2186 2181
f 2211 2181 2205
f 2204 2190 2209
f 2209 2190 2203
f 2206 2208 2202
f 2212 2189 2186
f 2210 2189 2212
f 2212 2186 2211
f 2213 2208 2206
f 2206 2214 2213
f 2206 2207 2214
f 2215 2191 2208
f 2215 2205 2191
f 2197 2209 2216
f 2197 2216 2201
f 2209 2203 2216
f 2216 2203 2210
f 2213 2215 2208
f 2217 2215 2213
f 2213 2214 2217
f 2218 2211 2205
f 2218 2205 2215
f 2201 2216 2219
f 2201 2219 2207
f 2216 2210 2219
f 2219 2210 2212
f 2220 2212 2211
f 2220 2211 2218
f 2217 2218 2215
f 2214 2218 2217
f 2219 2212 2220
f 2207 2220 2214
f 2207 2219 2220
f 2214 2220 2218
f 2221 2222 2223
f 2224 2223 2222
f 2225 2226 2222
f 2227 2222 2226
f 2225 2222 2221
f 2224 2222 2227
f 2228 2223 2229
f 2230 2229 2223
f 2221 2223 2228
f 2230 2223 2224
f 2231 2228 2229
f 2231 2229 2230
f 2232 2221 2228
f 2232 2228 2231
f 2233 2234 2226
f 2235 2226 2234
f 2233 2226 2225
f 2227 2226 2235
f 2236 2225 2221
f 2236 2221 2232
f 2237 2238 2234
f 2239 2234 2238
f 2237 2234 2233
f 2235 2234 2239
f 2240 2233 2225
f 2240 2225 2236
f 2241 2238 2237
f 2242 2238 2241
f 2239 2238 2242
f 2243 2237 2233
f 2243 2233 2240
f 2244 2241 2237
f 2242 2241 2244
f 2244 2237 2243
f 2245 2230 2224
f 2246 2224 2227
f 2245 2224 2246
f 2247 2231 2230
f 2247 2230 2245
f 2248 2227 2235
f 2246 2227 2248
f 2249 2232 2231
f 2249 2231 2247
f 2250 2235 2239
f 2248 2235 2250
f 2251 2236 2232
f 2251 2232 2249
f 2252 2239 2242
f 2250 2239 2252
f 2253 2240 2236
f 2253 2236 2251
f 2254 2242 2244
f 2252 2242 2254
f 2255 2244 2243
f 2254 2244 2255
f 2256 2243 2240
f 2255 2243 2256
f 2256 2240 2253
f 2257 2245 2246
f 2258 2246 2248
f 2257 2246 2258
f 2259 2247 2245
f 2259 2245 2257
f 2260 2248 2250
f 2258 2248 2260
f 2261 2249 2247
f 2261 2247 2259
f 2262 2250 2252
f 2260 2250 2262
f 2263 2251 2249
f 2263 2249 2261
f 2264 2252 2254
f 2262 2252 2264
f 2265 2253 2251
f 2265 2251 2263
f 2266 2254 2255
f 2264 2254 2266
f 2267 2256 2253
f 2267 2253 2265
f 2268 2255 2256
f 2266 2255 2268
f 2268 2256 2267
f 2269 2257 2258
f 2270 2258 2260
f 2269 2258 2270
f 2271 2259 2257
f 2271 2257 2269
f 2272 2260 2262
f 2270 2260 2272
f 2273 2261 2259
f 2273 2259 2271
f 2274 2262 2264
f 2272 2262 2274
f 2275 2263 2261
f 2275 2261 2273
f 2276 2264 2266
f 2274 2264 2276
f 2277 2265 2263
f 2277 2263 2275
f 2278 2266 2268
f 2276 2266 2278
f 2279 2267 2265
f 2279 2265 2277
f 2280 2268 2267
f 2278 2268 2280
f 2280 2267 2279
f 2281 2269 2270
f 2282 2270 2272
f 2281 2270 2282
f 2283 2271 2269
f 2283 2269 2281
f 2284 2272 2274
f 2282 2272 2284
f 2285 2273 2271
f 2285 2271 2283
f 2286 2274 2276
f 2284 2274 2286
f 2287 2275 2273
f 2287 2273 2285
f 2288 2276 2278
f 2286 2276 2288
f 2289 2277 2275
f 2289 2275 2287
f 2290 2278 2280
f 2288 2278 2290
f 2291 2279 2277
f 2291 2277 2289
f 2292 2280 2279
f 2290 2280 2292
f 2292 2279 2291
f 2293 2281 2282
f 2294 2282 2284
f 2293 2282 2294
f 2295 2283 2281
f 2295 2281 2293
f 2296 2284 2286
f 2294 2284 2296
f 2297 2285 2283
f 2297 2283 2295
f 2298 2286 2288
f 2296 2286 2298
f 2299 2287 2285
f 2299 2285 2297
f 2300 2288 2290
f 2298 2288 2300
f 2301 2289 2287
f 2301 2287 2299
f 2302 2290 2292
f 2300 2290 2302
f 2303 2291 2289
f 2303 2289 2301
f 2304 2292 2291
f 2302 2292 2304
f 2304 2291 2303
f 2305 2293 2294
f 2306 2294 2296
f 2305 2294 2306
f 2307 2295 2293
f 2307 2293 2305
f 2308 2296 2298
f 2306 2296 2308
f 2309 2297 2295
f 2309 2295 2307
f 2310 2298 2300
f 2308 2298 2310
f 2311 2299 2297
f 2311 2297 2309
f 2312 2300 2302
f 2310 2300 2312
f 2313 2301 2299
f 2313 2299 2311
f 2314 2302 2304
f 2312 2302 2314
f 2315 2303 2301
f 2315 2301 2313
f 2316 2304 2303
f 2314 2304 2316
f 2316 2303 2315
f 2317 2305 2306
f 2318 2306 2308
f 2317 2306 2318
f 2319 2307 2305
f 2319 2305 2317
f 2320 2308 2310
f 2318 2308 2320
f 2321 2309 2307
f 2321 2307 2319
f 2322 2310 2312
f 2320 2310 2322
f 2323 2311 2309
f 2323 2309 2321
f 2324 2312 2314
f 2322 2312 2324
f 2325 2313 2311
f 2325 2311 2323
f 2326 2314 2316
f 2324 2314 2326
f 2327 2315 2313
f 2327 2313 2325
f 2328 2316 2315
f 2326 2316 2328
f 2328 2315 2327
f 2329 2317 2318
f 2330 2318 2320
f 2329 2318 2330
f 2331 2319 2317
f 2331 2317 2329
f 2332 2321 2319
f 2332 2319 2331
f 2333 2320 2322
f 2330 2320 2333
f 2334 2323 2321
f 2334 2321 2332
f 2335 2322 2324
f 2333 2322 2335
f 2336 2325 2323
f 2336 2323 2334
f 2337 2324 2326
f 2335 2324 2337
f 2338 2327 2325
f 2338 2325 2336
f 2339 2326 2328
f 2337 2326 2339
f 2340 2328 2327
f 2339 2328 2340
f 2340 2327 2338
f 2341 2329 2330
f 2342 2330 2333
f 2341 2330 2342
f 2343 2331 2329
f 2343 2329 2341
f 2344 2332 2331
f 2344 2331 2343
f 2345 2333 2335
f 2342 2333 2345
f 2346 2334 2332
f 2346 2332 2344
f 2347 2335 2337
f 2345 2335 2347
f 2348 2336 2334
f 2348 2334 2346
f 2349 2337 2339
f 2347 2337 2349
f 2350 2338 2336
f 2350 2336 2348
f 2351 2339 2340
f 2349 2339 2351
f 2352 2340 2338
f 2351 2340 2352
f 2352 2338 2350
f 2353 2341 2342
f 2354 2342 2345
f 2353 2342 2354
f 2355 2343 2341
f 2355 2341 2353
f 2356 2344 2343
f 2356 2343 2355
f 2357 2346 2344
f 2357 2344 2356
f 2358 2345 2347
f 2354 2345 2358
f 2359 2348 2346
f 2359 2346 2357
f 2360 2350 2348
f 2360 2348 2359
f 2361 2347 2349
f 2358 2347 2361
f 2362 2349 2351
f 2361 2349 2362
f 2363 2351 2352
f 2362 2351 2363
f 2364 2352 2350
f 2363 2352 2364
f 2364 2350 2360
f 2365 2355 2353
f 2366 2353 2354
f 2365 2353 2366
f 2367 2356 2355
f 2367 2355 2365
f 2368 2357 2356
f 2368 2356 2367
f 2369 2359 2357
f 2369 2357 2368
f 2370 2354 2358
f 2366 2354 2370
f 2371 2358 2361
f 2370 2358 2371
f 2372 2360 2359
f 2372 2359 2369
f 2373 2364 2360
f 2373 2360 2372
f 2374 2361 2362
f 2371 2361 2374
f 2375 2362 2363
f 2374 2362 2375
f 2376 2363 2364
f 2375 2363 2376
f 2376 2364 2373
f 2375 2368 2367
f 2374 2367 2365
f 2375 2367 2374
f 2376 2369 2368
f 2376 2368 2375
f 2371 2365 2366
f 2374 2365 2371
f 2373 2372 2369
f 2373 2369 2376
f 2371 2366 2370
f 2377 2378 2379
f 2378 2380 2379
f 2377 2381 2378
f 2381 2382 2378
f 2378 2382 2380
f 2379 2383 2377
f 2379 2380 2383
f 2384 2381 2377
f 2384 2385 2381
f 2385 2386 2381
f 2381 2386 2382
f 2377 2387 2384
f 2377 2383 2387
f 2388 2385 2384
f 2388 2389 2385
f 2389 2390 2385
f 2385 2390 2386
f 2384 2391 2388
f 2384 2387 2391
f 2392 2389 2388
f 2392 2393 2389
f 2393 2394 2389
f 2389 2394 2390
f 2388 2395 2392
f 2388 2391 2395
f 2396 2393 2392
f 2396 2397 2393
f 2397 2398 2393
f 2393 2398 2394
f 2392 2399 2396
f 2392 2395 2399
f 2396 2400 2397
f 2397 2400 2398
f 2396 2399 2400
f 2382 2401 2380
f 2386 2402 2382
f 2382 2402 2401
f 2380 2403 2383
f 2380 2401 2403
f 2390 2404 2386
f 2386 2404 2402
f 2383 2405 2387
f 2383 2403 2405
f 2394 2406 2390
f 2390 2406 2404
f 2387 2407 2391
f 2387 2405 2407
f 2398 2408 2394
f 2394 2408 2406
f 2391 2409 2395
f 2391 2407 2409
f 2400 2410 2398
f 2398 2410 2408
f 2395 2411 2399
f 2395 2409 2411
f 2399 2412 2400
f 2400 2412 2410
f 2399 2411 2412
f 2402 2413 2401
f 2404 2414 2402
f 2402 2414 2413
f 2401 2415 2403
f 2401 2413 2415
f 2406 2416 2404
f 2404 2416 2414
f 2403 2417 2405
f 2403 2415 2417
f 2408 2418 2406
f 2406 2418 2416
f 2405 2419 2407
f 2405 2417 2419
f 2410 2420 2408
f 2408 2420 2418
f 2407 2421 2409
f 2407 2419 2421
f 2412 2422 2410
f 2410 2422 2420
f 2409 2423 2411
f 2409 2421 2423
f 2411 2424 2412
f 2412 2424 2422
f 2411 2423 2424
f 2414 2425 2413
f 2416 2426 2414
f 2414 2426 2425
f 2413 2427 2415
f 2413 2425 2427
f 2418 2428 2416
f 2416 2428 2426
f 2415 2429 2417
f 2415 2427 2429
f 2420 2430 2418
f 2418 2430 2428
f 2417 2431 2419
f 2417 2429 2431
f 2422 2432 2420
f 2420 2432 2430
f 2419 2433 2421
f 2419 2431 2433
f 2424 2434 2422
f 2422 2434 2432
f 2421 2435 2423
f 2421 2433 2435
f 2423 2436 2424
f 2424 2436 2434
f 2423 2435 2436
f 2426 2437 2425
f 2428 2438 2426
f 2426 2438 2437
f 2425 2439 2427
f 2425 2437 2439
f 2430 2440 2428
f 2428 2440 2438
f 2427 2441 2429
f 2427 2439 2441
f 2432 2442 2430
f 2430 2442 2440
f 2429 2443 2431
f 2429 2441 2443
f 2434 2444 2432
f 2432 2444 2442
f 2431 2445 2433
f 2431 2443 2445
f 2436 2446 2434
f 2434 2446 2444
f 2433 2447 2435
f 2433 2445 2447
f 2435 2448 2436
f 2436 2448 2446
f 2435 2447 2448
f 2438 2449 2437
f 2440 2450 2438
f 2438 2450 2449
f 2437 2451 2439
f 2437 2449 2451
f 2442 2452 2440
f 2440 2452 2450
f 2439 2453 2441
f 2439 2451 2453
f 2444 2454 2442
f 2442 2454 2452
f 2441 2455 2443
f 2441 2453 2455
f 2446 2456 2444
f 2444 2456 2454
f 2443 2457 2445
f 2443 2455 2457
f 2448 2458 2446
f 2446 2458 2456
f 2445 2459 2447
f 2445 2457 2459
f 2447 2460 2448
f 2448 2460 2458
f 2447 2459 2460
f 2450 2461 2449
f 2452 2462 2450
f 2450 2462 2461
f 2449 2463 2451
f 2449 2461 2463
f 2454 2464 2452
f 2452 2464 2462
f 2451 2465 2453
f 2451 2463 2465
f 2456 2466 2454
f 2454 2466 2464
f 2453 2467 2455
f 2453 2465 2467
f 2458 2468 2456
f 2456 2468 2466
f 2455 2469 2457
f 2455 2467 2469
f 2460 2470 2458
f 2458 2470 2468
f 2457 2471 2459
f 2457 2469 2471
f 2459 2472 2460
f 2460 2472 2470
f 2459 2471 2472
f 2462 2473 2461
f 2464 2474 2462
f 2462 2474 2473
f 2461 2475 2463
f 2461 2473 2475
f 2466 2476 2464
f 2464 2476 2474
f 2463 2477 2465
f 2463 2475 2477
f 2468 2478 2466
f 2466 2478 2476
f 2465 2479 2467
f 2465 2477 2479
f 2470 2480 2468
f 2468 2480 2478
f 2467 2481 2469
f 2467 2479 2481
f 2472 2482 2470
f 2470 2482 2480
f 2469 2483 2471
f 2469 2481 2483
f 2471 2484 2472
f 2472 2484 2482
f 2471 2483 2484
f 2485 2486 2487
f 2488 2487 2486
f 2485 2489 2486
f 2490 2486 2489
f 2488 2486 2490
f 2491 2487 2492
f 2493 2492 2487
f 2485 2487 2494
f 2494 2487 2491
f 2495 2487 2488
f 2496 2487 2495
f 2493 2487 2496
f 2497 2489 2485
f 2498 2489 2497
f 2490 2489 2498
f 2499 2497 2485
f 2498 2497 2499
f 2500 2491 2492
f 2500 2492 2493
f 2501 2485 2494
f 2499 2485 2502
f 2502 2485 2503
f 2503 2485 2501
f 2504 2494 2491
f 2504 2491 2500
f 2501 2494 2504
f 2476 2505 2474
f 2478 2506 2476
f 2476 2506 2505
f 2474 2507 2473
f 2474 2505 2507
f 2473 2508 2475
f 2473 2507 2508
f 2475 2509 2477
f 2475 2508 2509
f 2480 2510 2478
f 2478 2510 2506
f 2477 2511 2479
f 2477 2509 2511
f 2482 2512 2480
f 2480 2512 2510
f 2479 2513 2481
f 2479 2511 2513
f 2484 2514 2482
f 2482 2514 2512
f 2483 2515 2484
f 2484 2515 2514
f 2481 2516 2483
f 2483 2516 2515
f 2481 2513 2516
f 2506 2517 2505
f 2510 2518 2506
f 2506 2518 2517
f 2505 2519 2507
f 2505 2517 2519
f 2507 2520 2508
f 2507 2519 2520
f 2521 2498 2499
f 2522 2490 2498
f 2522 2498 2521
f 2518 2499 2502
f 2521 2499 2518
f 2517 2502 2503
f 2518 2502 2517
f 2519 2503 2501
f 2517 2503 2519
f 2520 2501 2504
f 2519 2501 2520
f 2508 2520 2523
f 2508 2523 2509
f 2510 2521 2518
f 2512 2521 2510
f 2524 2488 2490
f 2525 2495 2488
f 2525 2488 2524
f 2524 2490 2522
f 2526 2496 2495
f 2526 2495 2525
f 2527 2493 2496
f 2527 2496 2526
f 2528 2500 2493
f 2528 2493 2527
f 2523 2504 2500
f 2523 2500 2528
f 2520 2504 2523
f 2512 2522 2521
f 2514 2522 2512
f 2515 2524 2514
f 2514 2524 2522
f 2516 2525 2515
f 2515 2525 2524
f 2513 2526 2516
f 2516 2526 2525
f 2511 2527 2513
f 2513 2527 2526
f 2509 2528 2511
f 2511 2528 2527
f 2509 2523 2528
f 2529 2530 2531
f 2532 2529 2531
f 2533 2531 2534
f 2531 2535 2534
f 2532 2531 2533
f 2531 2530 2535
f 2529 2536 2530
f 2537 2529 2532
f 2538 2536 2529
f 2537 2538 2529
f 2533 2534 2539
f 2539 2534 2540
f 2534 2535 2541
f 2534 2541 2540
f 2542 2532 2533
f 2543 2533 2539
f 2542 2533 2543
f 2536 2544 2530
f 2530 2545 2535
f 2530 2544 2545
f 2546 2537 2532
f 2546 2532 2542
f 2538 2547 2536
f 2548 2538 2537
f 2549 2547 2538
f 2548 2549 2538
f 2547 2550 2536
f 2536 2550 2544
f 2539 2540 2551
f 2552 2539 2551
f 2543 2539 2552
f 2535 2553 2541
f 2535 2545 2553
f 2540 2541 2554
f 2551 2540 2555
f 2540 2554 2555
f 2556 2548 2537
f 2556 2537 2546
f 2549 2557 2547
f 2557 2558 2547
f 2547 2558 2550
f 2541 2559 2554
f 2541 2553 2559
f 2560 2557 2549
f 2561 2549 2548
f 2561 2560 2549
f 2551 2555 2562
f 2552 2551 2563
f 2563 2551 2562
f 2564 2542 2543
f 2565 2543 2552
f 2564 2543 2565
f 2555 2554 2566
f 2562 2555 2567
f 2555 2566 2567
f 2568 2546 2542
f 2568 2542 2564
f 2560 2569 2557
f 2569 2570 2557
f 2557 2570 2558
f 2571 2561 2548
f 2571 2548 2556
f 2554 2572 2566
f 2554 2559 2572
f 2573 2552 2563
f 2565 2552 2573
f 2550 2574 2544
f 2544 2575 2545
f 2544 2574 2575
f 2576 2569 2560
f 2577 2576 2560
f 2577 2560 2561
f 2578 2556 2546
f 2578 2546 2568
f 2558 2579 2550
f 2550 2579 2574
f 2545 2580 2553
f 2545 2575 2580
f 2562 2567 2581
f 2563 2562 2582
f 2582 2562 2581
f 2567 2566 2583
f 2567 2583 2584
f 2581 2567 2584
f 2576 2585 2569
f 2585 2586 2569
f 2569 2586 2570
f 2566 2587 2583
f 2566 2572 2587
f 2570 2588 2558
f 2558 2588 2579
f 2553 2589 2559
f 2553 2580 2589
f 2590 2585 2576
f 2591 2590 2576
f 2591 2576 2577
f 2592 2577 2561
f 2592 2561 2571
f 2593 2563 2582
f 2573 2563 2593
f 2584 2583 2594
f 2584 2594 2590
f 2595 2584 2590
f 2581 2584 2595
f 2590 2594 2585
f 2594 2596 2585
f 2585 2596 2586
f 2583 2597 2594
f 2583 2587 2597
f 2595 2590 2591
f 2598 2581 2595
f 2582 2581 2598
f 2599 2571 2556
f 2599 2556 2578
f 2594 2597 2596
f 2586 2600 2570
f 2570 2600 2588
f 2559 2601 2572
f 2559 2589 2601
f 2602 2591 2577
f 2602 2577 2592
f 2603 2564 2565
f 2604 2568 2564
f 2604 2564 2603
f 2605 2565 2573
f 2603 2565 2605
f 2606 2595 2591
f 2598 2595 2606
f 2596 2607 2586
f 2586 2607 2600
f 2572 2608 2587
f 2572 2601 2608
f 2606 2591 2602
f 2609 2582 2598
f 2593 2582 2609
f 2610 2573 2593
f 2605 2573 2610
f 2611 2592 2571
f 2611 2571 2599
f 2612 2578 2568
f 2612 2568 2604
f 2597 2613 2596
f 2596 2613 2607
f 2587 2614 2597
f 2587 2608 2614
f 2597 2614 2613
f 2615 2598 2606
f 2609 2598 2615
f 2616 2593 2609
f 2610 2593 2616
f 2579 2617 2574
f 2574 2618 2575
f 2574 2617 2618
f 2619 2602 2592
f 2619 2592 2611
f 2588 2620 2579
f 2579 2620 2617
f 2575 2621 2580
f 2575 2618 2621
f 2622 2599 2578
f 2622 2578 2612
f 2623 2606 2602
f 2615 2606 2623
f 2623 2602 2619
f 2600 2624 2588
f 2588 2624 2620
f 2580 2625 2589
f 2580 2621 2625
f 2607 2626 2600
f 2600 2626 2624
f 2589 2627 2601
f 2589 2625 2627
f 2628 2603 2605
f 2629 2604 2603
f 2629 2603 2628
f 2630 2605 2610
f 2628 2605 2630
f 2631 2609 2615
f 2616 2609 2631
f 2632 2611 2599
f 2632 2599 2622
f 2613 2633 2607
f 2607 2633 2626
f 2601 2634 2608
f 2601 2627 2634
f 2635 2610 2616
f 2630 2610 2635
f 2636 2612 2604
f 2636 2604 2629
f 2614 2637 2613
f 2613 2637 2633
f 2608 2638 2614
f 2608 2634 2638
f 2614 2638 2637
f 2639 2615 2623
f 2631 2615 2639
f 2640 2619 2611
f 2640 2611 2632
f 2641 2616 2631
f 2635 2616 2641
f 2642 2623 2619
f 2639 2623 2642
f 2642 2619 2640
f 2643 2622 2612
f 2643 2612 2636
f 2644 2631 2639
f 2641 2631 2644
f 2645 2632 2622
f 2645 2622 2643
f 2646 2628 2630
f 2647 2629 2628
f 2647 2628 2646
f 2648 2630 2635
f 2646 2630 2648
f 2620 2649 2617
f 2617 2650 2618
f 2617 2649 2650
f 2624 2651 2620
f 2620 2651 2649
f 2618 2652 2621
f 2618 2650 2652
f 2621 2653 2625
f 2621 2652 2653
f 2626 2654 2624
f 2624 2654 2651
f 2655 2636 2629
f 2655 2629 2647
f 2656 2635 2641
f 2648 2635 2656
f 2625 2657 2627
f 2625 2653 2657
f 2658 2639 2642
f 2644 2639 2658
f 2633 2659 2626
f 2626 2659 2654
f 2660 2640 2632
f 2660 2632 2645
f 2627 2661 2634
f 2627 2657 2661
f 2637 2662 2633
f 2633 2662 2659
f 2638 2663 2637
f 2637 2663 2662
f 2634 2664 2638
f 2634 2661 2664
f 2665 2642 2640
f 2665 2640 2660
f 2658 2642 2665
f 2638 2664 2663
f 2666 2643 2636
f 2666 2636 2655
f 2667 2641 2644
f 2656 2641 2667
f 2668 2645 2643
f 2668 2643 2666
f 2669 2644 2658
f 2667 2644 2669
f 2670 2646 2648
f 2671 2647 2646
f 2671 2646 2670
f 2672 2648 2656
f 2670 2648 2672
f 2673 2655 2647
f 2673 2647 2671
f 2674 2656 2667
f 2672 2656 2674
f 2675 2660 2645
f 2675 2645 2668
f 2676 2658 2665
f 2669 2658 2676
f 2677 2665 2660
f 2677 2660 2675
f 2676 2665 2677
f 2678 2666 2655
f 2678 2655 2673
f 2674 2667 2679
f 2679 2667 2669
f 2680 2670 2672
f 2681 2671 2670
f 2681 2670 2680
f 2682 2672 2674
f 2680 2672 2682
f 2649 2683 2650
f 2651 2684 2649
f 2649 2684 2683
f 2650 2685 2652
f 2650 2683 2685
f 2654 2686 2651
f 2651 2686 2684
f 2652 2687 2653
f 2652 2685 2687
f 2659 2688 2654
f 2654 2688 2686
f 2689 2673 2671
f 2689 2671 2681
f 2690 2674 2679
f 2682 2674 2690
f 2653 2691 2657
f 2653 2687 2691
f 2662 2692 2659
f 2659 2692 2688
f 2693 2668 2666
f 2693 2666 2678
f 2657 2694 2661
f 2657 2691 2694
f 2663 2695 2662
f 2662 2695 2692
f 2679 2669 2696
f 2696 2669 2676
f 2661 2697 2664
f 2661 2694 2697
f 2664 2698 2663
f 2663 2698 2695
f 2664 2697 2698
f 2690 2679 2699
f 2699 2679 2696
f 2700 2678 2673
f 2700 2673 2689
f 2701 2675 2668
f 2701 2668 2693
f 2702 2676 2677
f 2696 2676 2702
f 2703 2680 2682
f 2704 2682 2690
f 2703 2682 2704
f 2705 2681 2680
f 2705 2680 2703
f 2706 2677 2675
f 2706 2675 2701
f 2702 2677 2706
f 2707 2690 2699
f 2704 2690 2707
f 2708 2693 2678
f 2708 2678 2700
f 2709 2696 2702
f 2699 2696 2709
f 2710 2689 2681
f 2710 2681 2705
f 2711 2702 2706
f 2709 2702 2711
f 2712 2699 2709
f 2707 2699 2712
f 2713 2701 2693
f 2713 2693 2708
f 2714 2700 2689
f 2714 2689 2710
f 2715 2706 2701
f 2715 2701 2713
f 2711 2706 2715
f 2716 2703 2704
f 2717 2704 2707
f 2716 2704 2717
f 2718 2709 2711
f 2712 2709 2718
f 2719 2705 2703
f 2719 2703 2716
f 2720 2708 2700
f 2720 2700 2714
f 2721 2707 2712
f 2717 2707 2721
f 2722 2710 2705
f 2722 2705 2719
f 2723 2711 2715
f 2718 2711 2723
f 2724 2713 2708
f 2724 2708 2720
f 2725 2712 2718
f 2721 2712 2725
f 2686 2692 2684
f 2686 2688 2692
f 2684 2695 2683
f 2684 2692 2695
f 2683 2698 2685
f 2683 2695 2698
f 2685 2697 2687
f 2685 2698 2697
f 2726 2715 2713
f 2723 2715 2726
f 2727 2714 2710
f 2727 2710 2722
f 2687 2694 2691
f 2687 2697 2694
f 2726 2713 2724
f 2728 2718 2723
f 2725 2718 2728
f 2729 2720 2714
f 2729 2714 2727
f 2730 2716 2717
f 2731 2717 2721
f 2730 2717 2731
f 2732 2719 2716
f 2732 2716 2730
f 2733 2721 2725
f 2731 2721 2733
f 2734 2723 2726
f 2728 2723 2734
f 2735 2722 2719
f 2735 2719 2732
f 2736 2724 2720
f 2736 2720 2729
f 2737 2726 2724
f 2734 2726 2737
f 2738 2725 2728
f 2733 2725 2738
f 2737 2724 2736
f 2739 2727 2722
f 2739 2722 2735
f 2740 2728 2734
f 2738 2728 2740
f 2741 2729 2727
f 2741 2727 2739
f 2742 2730 2731
f 2743 2731 2733
f 2742 2731 2743
f 2744 2732 2730
f 2744 2730 2742
f 2745 2734 2737
f 2740 2734 2745
f 2746 2733 2738
f 2743 2733 2746
f 2747 2736 2729
f 2747 2729 2741
f 2748 2735 2732
f 2748 2732 2744
f 2749 2737 2736
f 2745 2737 2749
f 2749 2736 2747
f 2750 2738 2740
f 2746 2738 2750
f 2751 2739 2735
f 2751 2735 2748
f 2752 2740 2745
f 2750 2740 2752
f 2753 2741 2739
f 2753 2739 2751
f 2754 2742 2743
f 2755 2743 2746
f 2754 2743 2755
f 2756 2745 2749
f 2752 2745 2756
f 2757 2744 2742
f 2757 2742 2754
f 2758 2746 2750
f 2755 2746 2758
f 2759 2747 2741
f 2759 2741 2753
f 2760 2749 2747
f 2756 2749 2760
f 2760 2747 2759
f 2761 2748 2744
f 2761 2744 2757
f 2762 2750 2752
f 2758 2750 2762
f 2763 2751 2748
f 2763 2748 2761
f 2764 2752 2756
f 2762 2752 2764
f 2765 2753 2751
f 2765 2751 2763
f 2766 2756 2760
f 2764 2756 2766
f 2767 2754 2755
f 2768 2755 2758
f 2767 2755 2768
f 2769 2757 2754
f 2769 2754 2767
f 2770 2758 2762
f 2768 2758 2770
f 2771 2759 2753
f 2771 2753 2765
f 2772 2760 2759
f 2766 2760 2772
f 2772 2759 2771
f 2773 2761 2757
f 2773 2757 2769
f 2774 2762 2764
f 2770 2762 2774
f 2775 2763 2761
f 2775 2761 2773
f 2776 2764 2766
f 2774 2764 2776
f 2777 2765 2763
f 2777 2763 2775
f 2778 2766 2772
f 2776 2766 2778
f 2779 2767 2768
f 2780 2768 2770
f 2779 2768 2780
f 2781 2771 2765
f 2781 2765 2777
f 2782 2772 2771
f 2778 2772 2782
f 2783 2769 2767
f 2783 2767 2779
f 2784 2770 2774
f 2780 2770 2784
f 2782 2771 2781
f 2785 2773 2769
f 2785 2769 2783
f 2786 2774 2776
f 2784 2774 2786
f 2787 2775 2773
f 2787 2773 2785
f 2788 2776 2778
f 2786 2776 2788
f 2789 2778 2782
f 2788 2778 2789
f 2790 2777 2775
f 2790 2775 2787
f 2791 2780 2784
f 2792 2779 2780
f 2792 2780 2791
f 2793 2781 2777
f 2793 2777 2790
f 2794 2782 2781
f 2789 2782 2794
f 2795 2784 2786
f 2791 2784 2795
f 2796 2783 2779
f 2796 2779 2792
f 2794 2781 2793
f 2797 2786 2788
f 2795 2786 2797
f 2798 2785 2783
f 2798 2783 2796
f 2799 2788 2789
f 2797 2788 2799
f 2800 2787 2785
f 2800 2785 2798
f 2801 2789 2794
f 2799 2789 2801
f 2802 2790 2787
f 2802 2787 2800
f 2803 2791 2795
f 2804 2792 2791
f 2804 2791 2803
f 2805 2794 2793
f 2801 2794 2805
f 2806 2793 2790
f 2806 2790 2802
f 2807 2795 2797
f 2803 2795 2807
f 2805 2793 2806
f 2808 2796 2792
f 2808 2792 2804
f 2809 2797 2799
f 2807 2797 2809
f 2810 2798 2796
f 2810 2796 2808
f 2811 2799 2801
f 2809 2799 2811
f 2812 2800 2798
f 2812 2798 2810
f 2813 2801 2805
f 2811 2801 2813
f 2814 2802 2800
f 2814 2800 2812
f 2815 2805 2806
f 2813 2805 2815
f 2816 2803 2807
f 2817 2804 2803
f 2817 2803 2816
f 2818 2807 2809
f 2816 2807 2818
f 2819 2806 2802
f 2819 2802 2814
f 2815 2806 2819
f 2820 2808 2804
f 2820 2804 2817
f 2821 2809 2811
f 2818 2809 2821
f 2822 2810 2808
f 2822 2808 2820
f 2823 2811 2813
f 2821 2811 2823
f 2824 2812 2810
f 2824 2810 2822
f 2825 2813 2815
f 2823 2813 2825
f 2826 2814 2812
f 2826 2812 2824
f 2827 2815 2819
f 2825 2815 2827
f 2828 2816 2818
f 2829 2817 2816
f 2829 2816 2828
f 2830 2818 2821
f 2828 2818 2830
f 2831 2819 2814
f 2831 2814 2826
f 2827 2819 2831
f 2832 2820 2817
f 2832 2817 2829
f 2833 2821 2823
f 2830 2821 2833
f 2834 2822 2820
f 2834 2820 2832
f 2835 2823 2825
f 2833 2823 2835
f 2836 2824 2822
f 2836 2822 2834
f 2837 2825 2827
f 2835 2825 2837
f 2838 2826 2824
f 2838 2824 2836
f 2839 2827 2831
f 2837 2827 2839
f 2840 2828 2830
f 2841 2829 2828
f 2841 2828 2840
f 2842 2830 2833
f 2840 2830 2842
f 2843 2831 2826
f 2843 2826 2838
f 2839 2831 2843
f 2844 2832 2829
f 2844 2829 2841
f 2845 2833 2835
f 2842 2833 2845
f 2846 2834 2832
f 2846 2832 2844
f 2847 2835 2837
f 2845 2835 2847
f 2848 2836 2834
f 2848 2834 2846
f 2849 2837 2839
f 2847 2837 2849
f 2850 2840 2842
f 2851 2841 2840
f 2851 2840 2850
f 2852 2842 2845
f 2850 2842 2852
f 2853 2844 2841
f 2853 2841 2851
f 2854 2838 2836
f 2854 2836 2848
f 2855 2839 2843
f 2849 2839 2855
f 2856 2845 2847
f 2852 2845 2856
f 2857 2843 2838
f 2857 2838 2854
f 2855 2843 2857
f 2858 2846 2844
f 2858 2844 2853
f 2859 2847 2849
f 2856 2847 2859
f 2860 2850 2852
f 2861 2851 2850
f 2861 2850 2860
f 2862 2852 2856
f 2860 2852 2862
f 2863 2848 2846
f 2863 2846 2858
f 2864 2853 2851
f 2864 2851 2861
f 2865 2849 2855
f 2859 2849 2865
f 2866 2856 2859
f 2862 2856 2866
f 2867 2854 2848
f 2867 2848 2863
f 2868 2858 2853
f 2868 2853 2864
f 2869 2855 2857
f 2865 2855 2869
f 2870 2860 2862
f 2871 2861 2860
f 2871 2860 2870
f 2872 2857 2854
f 2872 2854 2867
f 2866 2859 2873
f 2873 2859 2865
f 2874 2862 2866
f 2870 2862 2874
f 2869 2857 2872
f 2875 2864 2861
f 2875 2861 2871
f 2876 2863 2858
f 2876 2858 2868
f 2874 2866 2877
f 2877 2866 2873
f 2878 2868 2864
f 2878 2864 2875
f 2873 2865 2879
f 2879 2865 2869
f 2880 2870 2874
f 2881 2871 2870
f 2881 2870 2880
f 2882 2867 2863
f 2882 2863 2876
f 2883 2874 2877
f 2880 2874 2883
f 2884 2875 2871
f 2884 2871 2881
f 2877 2873 2885
f 2885 2873 2879
f 2886 2869 2872
f 2879 2869 2886
f 2887 2876 2868
f 2887 2868 2878
f 2888 2872 2867
f 2888 2867 2882
f 2886 2872 2888
f 2883 2877 2889
f 2889 2877 2885
f 2890 2878 2875
f 2890 2875 2884
f 2891 2881 2880
f 2892 2880 2883
f 2891 2880 2892
f 2893 2884 2881
f 2893 2881 2891
f 2885 2879 2894
f 2894 2879 2886
f 2895 2883 2889
f 2892 2883 2895
f 2896 2882 2876
f 2896 2876 2887
f 2889 2885 2897
f 2897 2885 2894
f 2898 2887 2878
f 2898 2878 2890
f 2899 2890 2884
f 2899 2884 2893
f 2900 2886 2888
f 2894 2886 2900
f 2895 2889 2901
f 2901 2889 2897
f 2902 2888 2882
f 2902 2882 2896
f 2903 2891 2892
f 2904 2892 2895
f 2903 2892 2904
f 2900 2888 2902
f 2905 2893 2891
f 2905 2891 2903
f 2906 2895 2901
f 2904 2895 2906
f 2897 2894 2907
f 2907 2894 2900
f 2908 2896 2887
f 2908 2887 2898
f 2909 2898 2890
f 2909 2890 2899
f 2901 2897 2910
f 2910 2897 2907
f 2911 2899 2893
f 2911 2893 2905
f 2912 2900 2902
f 2907 2900 2912
f 2913 2902 2896
f 2913 2896 2908
f 2906 2901 2914
f 2914 2901 2910
f 2912 2902 2913
f 2915 2903 2904
f 2916 2904 2906
f 2915 2904 2916
f 2917 2908 2898
f 2917 2898 2909
f 2918 2905 2903
f 2918 2903 2915
f 2910 2907 2919
f 2919 2907 2912
f 2920 2909 2899
f 2920 2899 2911
f 2921 2906 2914
f 2916 2906 2921
f 2914 2910 2922
f 2922 2910 2919
f 2923 2911 2905
f 2923 2905 2918
f 2924 2913 2908
f 2924 2908 2917
f 2925 2912 2913
f 2919 2912 2925
f 2925 2913 2924
f 2926 2914 2922
f 2921 2914 2926
f 2927 2917 2909
f 2927 2909 2920
f 2922 2919 2928
f 2928 2919 2925
f 2929 2920 2911
f 2929 2911 2923
f 2930 2915 2916
f 2931 2916 2921
f 2930 2916 2931
f 2932 2918 2915
f 2932 2915 2930
f 2933 2924 2917
f 2933 2917 2927
f 2926 2922 2934
f 2934 2922 2928
f 2935 2921 2926
f 2931 2921 2935
f 2936 2925 2924
f 2928 2925 2936
f 2936 2924 2933
f 2937 2923 2918
f 2937 2918 2932
f 2938 2927 2920
f 2938 2920 2929
f 2939 2926 2934
f 2935 2926 2939
f 2940 2928 2936
f 2934 2928 2940
f 2941 2929 2923
f 2941 2923 2937
f 2942 2933 2927
f 2942 2927 2938
f 2943 2936 2933
f 2940 2936 2943
f 2943 2933 2942
f 2944 2934 2940
f 2939 2934 2944
f 2945 2930 2931
f 2946 2931 2935
f 2945 2931 2946
f 2947 2932 2930
f 2947 2930 2945
f 2948 2938 2929
f 2948 2929 2941
f 2949 2935 2939
f 2946 2935 2949
f 2950 2937 2932
f 2950 2932 2947
f 2951 2940 2943
f 2944 2940 2951
f 2952 2942 2938
f 2952 2938 2948
f 2953 2939 2944
f 2949 2939 2953
f 2954 2943 2942
f 2951 2943 2954
f 2955 2941 2937
f 2955 2937 2950
f 2954 2942 2952
f 2956 2944 2951
f 2953 2944 2956
f 2957 2948 2941
f 2957 2941 2955
f 2958 2945 2946
f 2959 2946 2949
f 2958 2946 2959
f 2960 2947 2945
f 2960 2945 2958
f 2961 2951 2954
f 2956 2951 2961
f 2962 2949 2953
f 2959 2949 2962
f 2963 2952 2948
f 2963 2948 2957
f 2964 2950 2947
f 2964 2947 2960
f 2965 2954 2952
f 2961 2954 2965
f 2965 2952 2963
f 2966 2953 2956
f 2962 2953 2966
f 2967 2955 2950
f 2967 2950 2964
f 2968 2956 2961
f 2966 2956 2968
f 2969 2957 2955
f 2969 2955 2967
f 2970 2961 2965
f 2968 2961 2970
f 2971 2963 2957
f 2971 2957 2969
f 2972 2958 2959
f 2973 2959 2962
f 2972 2959 2973
f 2974 2960 2958
f 2974 2958 2972
f 2975 2965 2963
f 2970 2965 2975
f 2975 2963 2971
f 2976 2962 2966
f 2973 2962 2976
f 2977 2964 2960
f 2977 2960 2974
f 2978 2966 2968
f 2976 2966 2978
f 2979 2967 2964
f 2979 2964 2977
f 2980 2968 2970
f 2978 2968 2980
f 2981 2969 2967
f 2981 2967 2979
f 2982 2972 2973
f 2983 2973 2976
f 2982 2973 2983
f 2984 2974 2972
f 2984 2972 2982
f 2985 2970 2975
f 2980 2970 2985
f 2986 2971 2969
f 2986 2969 2981
f 2987 2976 2978
f 2983 2976 2987
f 2988 2977 2974
f 2988 2974 2984
f 2989 2975 2971
f 2985 2975 2989
f 2989 2971 2986
f 2990 2978 2980
f 2987 2978 2990
f 2991 2979 2977
f 2991 2977 2988
f 2992 2980 2985
f 2990 2980 2992
f 2993 2981 2979
f 2993 2979 2991
f 2994 2982 2983
f 2995 2983 2987
f 2994 2983 2995
f 2996 2985 2989
f 2992 2985 2996
f 2997 2984 2982
f 2997 2982 2994
f 2998 2986 2981
f 2998 2981 2993
f 2999 2987 2990
f 2995 2987 2999
f 3000 2989 2986
f 2996 2989 3000
f 3000 2986 2998
f 3001 2988 2984
f 3001 2984 2997
f 3002 2990 2992
f 2999 2990 3002
f 3003 2991 2988
f 3003 2988 3001
f 3004 2992 2996
f 3002 2992 3004
f 3005 2993 2991
f 3005 2991 3003
f 3006 2996 3000
f 3004 2996 3006
f 3007 2994 2995
f 3008 2995 2999
f 3007 2995 3008
f 3009 2998 2993
f 3009 2993 3005
f 3010 2997 2994
f 3010 2994 3007
f 3011 3000 2998
f 3006 3000 3011
f 3012 2999 3002
f 3008 2999 3012
f 3011 2998 3009
f 3013 3001 2997
f 3013 2997 3010
f 3014 3002 3004
f 3012 3002 3014
f 3015 3003 3001
f 3015 3001 3013
f 3016 3004 3006
f 3014 3004 3016
f 3017 3005 3003
f 3017 3003 3015
f 3018 3006 3011
f 3016 3006 3018
f 3019 3009 3005
f 3019 3005 3017
f 3020 3007 3008
f 3021 3008 3012
f 3020 3008 3021
f 3022 3010 3007
f 3022 3007 3020
f 3023 3011 3009
f 3018 3011 3023
f 3023 3009 3019
f 3024 3012 3014
f 3021 3012 3024
f 3025 3013 3010
f 3025 3010 3022
f 3026 3014 3016
f 3024 3014 3026
f 3027 3015 3013
f 3027 3013 3025
f 3028 3016 3018
f 3026 3016 3028
f 3029 3017 3015
f 3029 3015 3027
f 3030 3018 3023
f 3028 3018 3030
f 3031 3019 3017
f 3031 3017 3029
f 3032 3020 3021
f 3033 3021 3024
f 3032 3021 3033
f 3034 3023 3019
f 3030 3023 3034
f 3035 3022 3020
f 3035 3020 3032
f 3034 3019 3031
f 3036 3024 3026
f 3033 3024 3036
f 3037 3025 3022
f 3037 3022 3035
f 3038 3026 3028
f 3036 3026 3038
f 3039 3027 3025
f 3039 3025 3037
f 3040 3028 3030
f 3038 3028 3040
f 3041 3029 3027
f 3041 3027 3039
f 3042 3030 3034
f 3040 3030 3042
f 3043 3031 3029
f 3043 3029 3041
f 3044 3032 3033
f 3045 3033 3036
f 3044 3033 3045
f 3046 3034 3031
f 3042 3034 3046
f 3047 3035 3032
f 3047 3032 3044
f 3046 3031 3043
f 3048 3036 3038
f 3045 3036 3048
f 3049 3037 3035
f 3049 3035 3047
f 3050 3038 3040
f 3048 3038 3050
f 3051 3039 3037
f 3051 3037 3049
f 3052 3040 3042
f 3050 3040 3052
f 3053 3041 3039
f 3053 3039 3051
f 3054 3042 3046
f 3052 3042 3054
f 3055 3044 3045
f 3056 3045 3048
f 3055 3045 3056
f 3057 3043 3041
f 3057 3041 3053
f 3058 3047 3044
f 3058 3044 3055
f 3059 3046 3043
f 3054 3046 3059
f 3060 3048 3050
f 3056 3048 3060
f 3059 3043 3057
f 3061 3049 3047
f 3061 3047 3058
f 3062 3050 3052
f 3060 3050 3062
f 3063 3051 3049
f 3063 3049 3061
f 3064 3052 3054
f 3062 3052 3064
f 3065 3053 3051
f 3065 3051 3063
f 3066 3054 3059
f 3064 3054 3066
f 3067 3055 3056
f 3068 3056 3060
f 3067 3056 3068
f 3069 3058 3055
f 3069 3055 3067
f 3070 3057 3053
f 3070 3053 3065
f 3071 3060 3062
f 3068 3060 3071
f 3072 3059 3057
f 3066 3059 3072
f 3072 3057 3070
f 3073 3061 3058
f 3073 3058 3069
f 3074 3062 3064
f 3071 3062 3074
f 3075 3063 3061
f 3075 3061 3073
f 3076 3064 3066
f 3074 3064 3076
f 3077 3065 3063
f 3077 3063 3075
f 3078 3067 3068
f 3079 3068 3071
f 3078 3068 3079
f 3080 3066 3072
f 3076 3066 3080
f 3081 3069 3067
f 3081 3067 3078
f 3082 3071 3074
f 3079 3071 3082
f 3083 3070 3065
f 3083 3065 3077
f 3084 3072 3070
f 3080 3072 3084
f 3084 3070 3083
f 3085 3073 3069
f 3085 3069 3081
f 3086 3074 3076
f 3082 3074 3086
f 3087 3075 3073
f 3087 3073 3085
f 3088 3076 3080
f 3086 3076 3088
f 3089 3079 3082
f 3090 3078 3079
f 3090 3079 3089
f 3091 3077 3075
f 3091 3075 3087
f 3092 3080 3084
f 3088 3080 3092
f 3093 3082 3086
f 3089 3082 3093
f 3094 3081 3078
f 3094 3078 3090
f 3095 3083 3077
f 3095 3077 3091
f 3096 3084 3083
f 3092 3084 3096
f 3097 3085 3081
f 3097 3081 3094
f 3098 3086 3088
f 3093 3086 3098
f 3096 3083 3095
f 3099 3088 3092
f 3098 3088 3099
f 3100 3087 3085
f 3100 3085 3097
f 3101 3089 3093
f 3102 3090 3089
f 3102 3089 3101
f 3103 3093 3098
f 3101 3093 3103
f 3104 3094 3090
f 3104 3090 3102
f 3105 3092 3096
f 3099 3092 3105
f 3106 3091 3087
f 3106 3087 3100
f 3107 3098 3099
f 3103 3098 3107
f 3108 3097 3094
f 3108 3094 3104
f 3109 3096 3095
f 3105 3096 3109
f 3110 3095 3091
f 3110 3091 3106
f 3109 3095 3110
f 3111 3099 3105
f 3107 3099 3111
f 3112 3100 3097
f 3112 3097 3108
f 3104 3101 3103
f 3102 3101 3104
f 3108 3103 3107
f 3104 3103 3108
f 3113 3105 3109
f 3111 3105 3113
f 3112 3107 3111
f 3108 3107 3112
f 3114 3106 3100
f 3114 3100 3112
f 3115 3109 3110
f 3113 3109 3115
f 3116 3110 3106
f 3116 3106 3114
f 3115 3110 3116
f 3114 3111 3113
f 3112 3111 3114
f 3116 3113 3115
f 3114 3113 3116
f 3117 3118 3119
f 3120 3119 3118
f 3121 3119 3122
f 3123 3122 3119
f 3117 3119 3121
f 3123 3119 3120
f 3124 3125 3118
f 3126 3118 3125
f 3124 3118 3117
f 3120 3118 3126
f 3127 3122 3128
f 3129 3128 3122
f 3121 3122 3127
f 3129 3122 3123
f 3127 3128 3130
f 3130 3128 3129
f 3131 3121 3127
f 3132 3117 3121
f 3132 3121 3131
f 3133 3134 3125
f 3135 3125 3134
f 3133 3125 3124
f 3126 3125 3135
f 3136 3127 3130
f 3131 3127 3136
f 3137 3124 3117
f 3137 3117 3132
f 3130 3129 3138
f 3138 3129 3123
f 3139 3130 3138
f 3136 3130 3139
f 3135 3134 3140
f 3141 3140 3134
f 3141 3134 3133
f 3142 3133 3124
f 3142 3124 3137
f 3138 3123 3143
f 3143 3123 3120
f 3144 3132 3131
f 3145 3131 3136
f 3144 3131 3145
f 3146 3135 3140
f 3146 3140 3141
f 3139 3138 3147
f 3147 3138 3143
f 3148 3137 3132
f 3148 3132 3144
f 3149 3136 3139
f 3145 3136 3149
f 3150 3120 3126
f 3143 3120 3150
f 3151 3141 3133
f 3151 3133 3142
f 3152 3126 3135
f 3152 3135 3146
f 3153 3139 3147
f 3149 3139 3153
f 3150 3126 3152
f 3154 3143 3150
f 3147 3143 3154
f 3155 3142 3137
f 3155 3137 3148
f 3156 3146 3141
f 3156 3141 3151
f 3157 3150 3152
f 3154 3150 3157
f 3158 3147 3154
f 3153 3147 3158
f 3159 3152 3146
f 3159 3146 3156
f 3157 3152 3159
f 3160 3151 3142
f 3160 3142 3155
f 3161 3145 3149
f 3162 3144 3145
f 3162 3145 3161
f 3163 3149 3153
f 3161 3149 3163
f 3164 3148 3144
f 3164 3144 3162
f 3165 3154 3157
f 3158 3154 3165
f 3166 3156 3151
f 3166 3151 3160
f 3167 3153 3158
f 3163 3153 3167
f 3168 3155 3148
f 3168 3148 3164
f 3169 3157 3159
f 3165 3157 3169
f 3170 3159 3156
f 3170 3156 3166
f 3169 3159 3170
f 3171 3158 3165
f 3167 3158 3171
f 3172 3160 3155
f 3172 3155 3168
f 3173 3165 3169
f 3171 3165 3173
f 3174 3162 3161
f 3175 3161 3163
f 3174 3161 3175
f 3176 3166 3160
f 3176 3160 3172
f 3177 3164 3162
f 3177 3162 3174
f 3178 3163 3167
f 3175 3163 3178
f 3179 3169 3170
f 3173 3169 3179
f 3180 3170 3166
f 3180 3166 3176
f 3181 3167 3171
f 3178 3167 3181
f 3179 3170 3180
f 3182 3168 3164
f 3182 3164 3177
f 3183 3171 3173
f 3181 3171 3183
f 3184 3172 3168
f 3184 3168 3182
f 3185 3173 3179
f 3183 3173 3185
f 3186 3176 3172
f 3186 3172 3184
f 3187 3179 3180
f 3185 3179 3187
f 3188 3175 3178
f 3189 3174 3175
f 3189 3175 3188
f 3190 3180 3176
f 3190 3176 3186
f 3191 3178 3181
f 3188 3178 3191
f 3187 3180 3190
f 3192 3177 3174
f 3192 3174 3189
f 3193 3181 3183
f 3191 3181 3193
f 3194 3182 3177
f 3194 3177 3192
f 3195 3183 3185
f 3193 3183 3195
f 3196 3184 3182
f 3196 3182 3194
f 3197 3185 3187
f 3195 3185 3197
f 3198 3186 3184
f 3198 3184 3196
f 3199 3187 3190
f 3197 3187 3199
f 3200 3190 3186
f 3200 3186 3198
f 3199 3190 3200
f 3201 3188 3191
f 3202 3189 3188
f 3202 3188 3201
f 3203 3191 3193
f 3201 3191 3203
f 3204 3192 3189
f 3204 3189 3202
f 3205 3193 3195
f 3203 3193 3205
f 3206 3194 3192
f 3206 3192 3204
f 3207 3195 3197
f 3205 3195 3207
f 3208 3196 3194
f 3208 3194 3206
f 3209 3197 3199
f 3207 3197 3209
f 3210 3198 3196
f 3210 3196 3208
f 3211 3199 3200
f 3209 3199 3211
f 3212 3200 3198
f 3212 3198 3210
f 3211 3200 3212
f 3213 3201 3203
f 3214 3202 3201
f 3214 3201 3213
f 3215 3203 3205
f 3213 3203 3215
f 3216 3204 3202
f 3216 3202 3214
f 3217 3205 3207
f 3215 3205 3217
f 3218 3206 3204
f 3218 3204 3216
f 3219 3207 3209
f 3217 3207 3219
f 3220 3208 3206
f 3220 3206 3218
f 3221 3209 3211
f 3219 3209 3221
f 3222 3210 3208
f 3222 3208 3220
f 3223 3211 3212
f 3221 3211 3223
f 3224 3212 3210
f 3224 3210 3222
f 3223 3212 3224
f 3225 3213 3215
f 3226 3214 3213
f 3226 3213 3225
f 3227 3215 3217
f 3225 3215 3227
f 3228 3216 3214
f 3228 3214 3226
f 3229 3217 3219
f 3227 3217 3229
f 3230 3218 3216
f 3230 3216 3228
f 3231 3219 3221
f 3229 3219 3231
f 3232 3220 3218
f 3232 3218 3230
f 3233 3221 3223
f 3231 3221 3233
f 3234 3222 3220
f 3234 3220 3232
f 3235 3223 3224
f 3233 3223 3235
f 3236 3224 3222
f 3236 3222 3234
f 3235 3224 3236
f 3237 3225 3227
f 3238 3226 3225
f 3238 3225 3237
f 3239 3227 3229
f 3237 3227 3239
f 3240 3228 3226
f 3240 3226 3238
f 3241 3229 3231
f 3239 3229 3241
f 3242 3230 3228
f 3242 3228 3240
f 3243 3231 3233
f 3241 3231 3243
f 3244 3232 3230
f 3244 3230 3242
f 3245 3233 3235
f 3243 3233 3245
f 3246 3234 3232
f 3246 3232 3244
f 3247 3235 3236
f 3245 3235 3247
f 3248 3236 3234
f 3248 3234 3246
f 3247 3236 3248
f 3249 3237 3239
f 3250 3238 3237
f 3250 3237 3249
f 3251 3239 3241
f 3249 3239 3251
f 3252 3240 3238
f 3252 3238 3250
f 3253 3241 3243
f 3251 3241 3253
f 3254 3242 3240
f 3254 3240 3252
f 3255 3243 3245
f 3253 3243 3255
f 3256 3244 3242
f 3256 3242 3254
f 3257 3245 3247
f 3255 3245 3257
f 3258 3246 3244
f 3258 3244 3256
f 3259 3247 3248
f 3257 3247 3259
f 3260 3248 3246
f 3260 3246 3258
f 3259 3248 3260
f 3261 3249 3251
f 3262 3250 3249
f 3262 3249 3261
f 3263 3251 3253
f 3261 3251 3263
f 3264 3252 3250
f 3264 3250 3262
f 3265 3253 3255
f 3263 3253 3265
f 3266 3254 3252
f 3266 3252 3264
f 3267 3255 3257
f 3265 3255 3267
f 3268 3256 3254
f 3268 3254 3266
f 3269 3257 3259
f 3267 3257 3269
f 3270 3258 3256
f 3270 3256 3268
f 3271 3259 3260
f 3269 3259 3271
f 3272 3260 3258
f 3272 3258 3270
f 3271 3260 3272
f 3273 3261 3263
f 3274 3262 3261
f 3274 3261 3273
f 3275 3263 3265
f 3273 3263 3275
f 3276 3264 3262
f 3276 3262 3274
f 3277 3265 3267
f 3275 3265 3277
f 3278 3266 3264
f 3278 3264 3276
f 3279 3267 3269
f 3277 3267 3279
f 3280 3268 3266
f 3280 3266 3278
f 3281 3269 3271
f 3279 3269 3281
f 3282 3270 3268
f 3282 3268 3280
f 3283 3271 3272
f 3281 3271 3283
f 3284 3272 3270
f 3284 3270 3282
f 3283 3272 3284
f 3285 3273 3275
f 3286 3274 3273
f 3286 3273 3285
f 3287 3275 3277
f 3285 3275 3287
f 3288 3276 3274
f 3288 3274 3286
f 3289 3277 3279
f 3287 3277 3289
f 3290 3278 3276
f 3290 3276 3288
f 3291 3279 3281
f 3289 3279 3291
f 3292 3280 3278
f 3292 3278 3290
f 3293 3281 3283
f 3291 3281 3293
f 3294 3282 3280
f 3294 3280 3292
f 3295 3283 3284
f 3293 3283 3295
f 3296 3284 3282
f 3296 3282 3294
f 3295 3284 3296
f 3297 3285 3287
f 3298 3286 3285
f 3298 3285 3297
f 3299 3287 3289
f 3297 3287 3299
f 3300 3288 3286
f 3300 3286 3298
f 3301 3289 3291
f 3299 3289 3301
f 3302 3290 3288
f 3302 3288 3300
f 3303 3291 3293
f 3301 3291 3303
f 3304 3292 3290
f 3304 3290 3302
f 3305 3293 3295
f 3303 3293 3305
f 3306 3294 3292
f 3306 3292 3304
f 3307 3295 3296
f 3305 3295 3307
f 3308 3296 3294
f 3308 3294 3306
f 3307 3296 3308
f 3309 3297 3299
f 3310 3298 3297
f 3310 3297 3309
f 3311 3299 3301
f 3309 3299 3311
f 3312 3300 3298
f 3312 3298 3310
f 3313 3301 3303
f 3311 3301 3313
f 3314 3302 3300
f 3314 3300 3312
f 3315 3303 3305
f 3313 3303 3315
f 3316 3304 3302
f 3316 3302 3314
f 3317 3305 3307
f 3315 3305 3317
f 3318 3306 3304
f 3318 3304 3316
f 3319 3307 3308
f 3317 3307 3319
f 3320 3308 3306
f 3320 3306 3318
f 3319 3308 3320
f 3321 3309 3311
f 3322 3310 3309
f 3322 3309 3321
f 3323 3311 3313
f 3321 3311 3323
f 3324 3312 3310
f 3324 3310 3322
f 3325 3313 3315
f 3323 3313 3325
f 3326 3314 3312
f 3326 3312 3324
f 3327 3315 3317
f 3325 3315 3327
f 3328 3316 3314
f 3328 3314 3326
f 3329 3317 3319
f 3327 3317 3329
f 3330 3318 3316
f 3330 3316 3328
f 3331 3319 3320
f 3329 3319 3331
f 3332 3320 3318
f 3332 3318 3330
f 3331 3320 3332
f 3333 3321 3323
f 3334 3322 3321
f 3334 3321 3333
f 3335 3323 3325
f 3333 3323 3335
f 3336 3324 3322
f 3336 3322 3334
f 3337 3325 3327
f 3335 3325 3337
f 3338 3326 3324
f 3338 3324 3336
f 3339 3327 3329
f 3337 3327 3339
f 3340 3328 3326
f 3340 3326 3338
f 3341 3329 3331
f 3339 3329 3341
f 3342 3330 3328
f 3342 3328 3340
f 3343 3331 3332
f 3341 3331 3343
f 3344 3332 3330
f 3344 3330 3342
f 3343 3332 3344
f 3345 3333 3335
f 3346 3334 3333
f 3346 3333 3345
f 3347 3335 3337
f 3345 3335 3347
f 3348 3336 3334
f 3348 3334 3346
f 3349 3337 3339
f 3347 3337 3349
f 3350 3338 3336
f 3350 3336 3348
f 3351 3339 3341
f 3349 3339 3351
f 3352 3340 3338
f 3352 3338 3350
f 3353 3341 3343
f 3351 3341 3353
f 3354 3342 3340
f 3354 3340 3352
f 3355 3343 3344
f 3353 3343 3355
f 3356 3344 3342
f 3356 3342 3354
f 3355 3344 3356
f 3357 3345 3347
f 3358 3346 3345
f 3358 3345 3357
f 3359 3347 3349
f 3357 3347 3359
f 3360 3348 3346
f 3360 3346 3358
f 3361 3349 3351
f 3359 3349 3361
f 3362 3350 3348
f 3362 3348 3360
f 3363 3351 3353
f 3361 3351 3363
f 3364 3352 3350
f 3364 3350 3362
f 3365 3353 3355
f 3363 3353 3365
f 3366 3354 3352
f 3366 3352 3364
f 3367 3355 3356
f 3365 3355 3367
f 3368 3356 3354
f 3368 3354 3366
f 3367 3356 3368
f 3369 3357 3359
f 3370 3358 3357
f 3370 3357 3369
f 3371 3359 3361
f 3369 3359 3371
f 3372 3360 3358
f 3372 3358 3370
f 3373 3361 3363
f 3371 3361 3373
f 3374 3362 3360
f 3374 3360 3372
f 3375 3363 3365
f 3373 3363 3375
f 3376 3364 3362
f 3376 3362 3374
f 3377 3365 3367
f 3375 3365 3377
f 3378 3366 3364
f 3378 3364 3376
f 3379 3367 3368
f 3377 3367 3379
f 3380 3368 3366
f 3380 3366 3378
f 3381 3369 3371
f 3382 3370 3369
f 3382 3369 3381
f 3383 3371 3373
f 3381 3371 3383
f 3379 3368 3380
f 3384 3372 3370
f 3384 3370 3382
f 3385 3373 3375
f 3383 3373 3385
f 3386 3374 3372
f 3386 3372 3384
f 3387 3375 3377
f 3385 3375 3387
f 3388 3376 3374
f 3388 3374 3386
f 3389 3377 3379
f 3387 3377 3389
f 3390 3381 3383
f 3391 3382 3381
f 3391 3381 3390
f 3392 3378 3376
f 3392 3376 3388
f 3393 3383 3385
f 3390 3383 3393
f 3394 3379 3380
f 3389 3379 3394
f 3395 3384 3382
f 3395 3382 3391
f 3396 3380 3378
f 3396 3378 3392
f 3397 3385 3387
f 3393 3385 3397
f 3394 3380 3396
f 3398 3386 3384
f 3398 3384 3395
f 3399 3387 3389
f 3397 3387 3399
f 3400 3388 3386
f 3400 3386 3398
f 3401 3390 3393
f 3402 3391 3390
f 3402 3390 3401
f 3403 3393 3397
f 3401 3393 3403
f 3404 3389 3394
f 3399 3389 3404
f 3405 3395 3391
f 3405 3391 3402
f 3406 3392 3388
f 3406 3388 3400
f 3407 3397 3399
f 3403 3397 3407
f 3408 3394 3396
f 3404 3394 3408
f 3409 3396 3392
f 3409 3392 3406
f 3410 3398 3395
f 3410 3395 3405
f 3408 3396 3409
f 3411 3399 3404
f 3407 3399 3411
f 3401 3403 3402
f 3402 3403 3407
f 3412 3400 3398
f 3412 3398 3410
f 3402 3407 3405
f 3413 3404 3408
f 3411 3404 3413
f 3405 3407 3411
f 3405 3411 3410
f 3414 3406 3400
f 3414 3400 3412
f 3415 3408 3409
f 3413 3408 3415
f 3410 3411 3413
f 3416 3409 3406
f 3416 3406 3414
f 3415 3409 3416
f 3410 3413 3412
f 3412 3413 3415
f 3412 3415 3414
f 3414 3415 3416
f 3417 3418 3419
f 3420 3418 3417
f 3419 3418 3421
f 3422 3421 3418
f 3422 3418 3420
f 3423 3417 3419
f 3420 3417 3423
f 3419 3421 3424
f 3425 3421 3422
f 3424 3421 3426
f 3425 3426 3421
f 3423 3419 3427
f 3427 3419 3424
f 3428 3420 3423
f 3429 3422 3420
f 3429 3420 3428
f 3430 3423 3427
f 3428 3423 3430
f 3431 3425 3422
f 3431 3422 3429
f 3427 3424 3432
f 3433 3427 3432
f 3430 3427 3433
f 3424 3426 3434
f 3435 3426 3425
f 3434 3426 3436
f 3435 3436 3426
f 3432 3424 3434
f 3437 3435 3425
f 3437 3425 3431
f 3432 3434 3438
f 3433 3432 3439
f 3439 3432 3438
f 3434 3436 3440
f 3440 3436 3441
f 3442 3441 3436
f 3442 3436 3435
f 3438 3434 3440
f 3443 3428 3430
f 3444 3429 3428
f 3444 3428 3443
f 3445 3430 3433
f 3443 3430 3445
f 3446 3431 3429
f 3446 3429 3444
f 3447 3433 3439
f 3445 3433 3447
f 3440 3441 3448
f 3448 3441 3449
f 3450 3449 3441
f 3450 3441 3442
f 3438 3440 3451
f 3451 3440 3448
f 3452 3442 3435
f 3452 3435 3437
f 3439 3438 3453
f 3453 3438 3451
f 3454 3448 3449
f 3454 3449 3450
f 3451 3448 3454
f 3455 3437 3431
f 3455 3431 3446
f 3456 3439 3453
f 3447 3439 3456
f 3457 3450 3442
f 3457 3442 3452
f 3458 3451 3454
f 3453 3451 3458
f 3459 3454 3450
f 3459 3450 3457
f 3458 3454 3459
f 3460 3452 3437
f 3460 3437 3455
f 3461 3453 3458
f 3456 3453 3461
f 3462 3443 3445
f 3463 3444 3443
f 3463 3443 3462
f 3464 3445 3447
f 3462 3445 3464
f 3465 3446 3444
f 3465 3444 3463
f 3466 3447 3456
f 3464 3447 3466
f 3467 3457 3452
f 3467 3452 3460
f 3468 3458 3459
f 3461 3458 3468
f 3469 3459 3457
f 3469 3457 3467
f 3468 3459 3469
f 3470 3455 3446
f 3470 3446 3465
f 3471 3456 3461
f 3466 3456 3471
f 3472 3460 3455
f 3472 3455 3470
f 3473 3461 3468
f 3471 3461 3473
f 3474 3467 3460
f 3474 3460 3472
f 3475 3468 3469
f 3473 3468 3475
f 3476 3462 3464
f 3477 3463 3462
f 3477 3462 3476
f 3478 3464 3466
f 3476 3464 3478
f 3479 3469 3467
f 3479 3467 3474
f 3475 3469 3479
f 3480 3465 3463
f 3480 3463 3477
f 3481 3466 3471
f 3478 3466 3481
f 3482 3470 3465
f 3482 3465 3480
f 3483 3471 3473
f 3481 3471 3483
f 3484 3472 3470
f 3484 3470 3482
f 3485 3473 3475
f 3483 3473 3485
f 3486 3474 3472
f 3486 3472 3484
f 3487 3475 3479
f 3485 3475 3487
f 3488 3479 3474
f 3488 3474 3486
f 3487 3479 3488
f 3489 3476 3478
f 3490 3477 3476
f 3490 3476 3489
f 3491 3478 3481
f 3489 3478 3491
f 3492 3480 3477
f 3492 3477 3490
f 3493 3481 3483
f 3491 3481 3493
f 3494 3482 3480
f 3494 3480 3492
f 3495 3483 3485
f 3493 3483 3495
f 3496 3484 3482
f 3496 3482 3494
f 3497 3485 3487
f 3495 3485 3497
f 3498 3486 3484
f 3498 3484 3496
f 3499 3487 3488
f 3497 3487 3499
f 3500 3488 3486
f 3500 3486 3498
f 3499 3488 3500
f 3501 3489 3491
f 3502 3490 3489
f 3502 3489 3501
f 3503 3491 3493
f 3501 3491 3503
f 3504 3492 3490
f 3504 3490 3502
f 3505 3493 3495
f 3503 3493 3505
f 3506 3494 3492
f 3506 3492 3504
f 3507 3495 3497
f 3505 3495 3507
f 3508 3496 3494
f 3508 3494 3506
f 3509 3497 3499
f 3507 3497 3509
f 3510 3498 3496
f 3510 3496 3508
f 3511 3499 3500
f 3509 3499 3511
f 3512 3500 3498
f 3512 3498 3510
f 3511 3500 3512
f 3513 3501 3503
f 3514 3502 3501
f 3514 3501 3513
f 3515 3503 3505
f 3513 3503 3515
f 3516 3504 3502
f 3516 3502 3514
f 3517 3505 3507
f 3515 3505 3517
f 3518 3507 3509
f 3517 3507 3518
f 3519 3506 3504
f 3519 3504 3516
f 3520 3509 3511
f 3518 3509 3520
f 3521 3508 3506
f 3521 3506 3519
f 3522 3510 3508
f 3522 3508 3521
f 3523 3511 3512
f 3520 3511 3523
f 3524 3512 3510
f 3524 3510 3522
f 3523 3512 3524
f 3525 3513 3515
f 3526 3514 3513
f 3526 3513 3525
f 3527 3515 3517
f 3525 3515 3527
f 3528 3516 3514
f 3528 3514 3526
f 3529 3517 3518
f 3527 3517 3529
f 3530 3519 3516
f 3530 3516 3528
f 3531 3518 3520
f 3529 3518 3531
f 3532 3521 3519
f 3532 3519 3530
f 3533 3520 3523
f 3531 3520 3533
f 3534 3522 3521
f 3534 3521 3532
f 3535 3523 3524
f 3533 3523 3535
f 3536 3524 3522
f 3536 3522 3534
f 3535 3524 3536
f 3537 3525 3527
f 3538 3526 3525
f 3538 3525 3537
f 3539 3527 3529
f 3537 3527 3539
f 3540 3528 3526
f 3540 3526 3538
f 3541 3529 3531
f 3539 3529 3541
f 3542 3530 3528
f 3542 3528 3540
f 3543 3531 3533
f 3541 3531 3543
f 3544 3532 3530
f 3544 3530 3542
f 3545 3533 3535
f 3543 3533 3545
f 3546 3534 3532
f 3546 3532 3544
f 3547 3535 3536
f 3545 3535 3547
f 3548 3536 3534
f 3548 3534 3546
f 3547 3536 3548
f 3549 3537 3539
f 3550 3538 3537
f 3550 3537 3549
f 3551 3539 3541
f 3549 3539 3551
f 3552 3540 3538
f 3552 3538 3550
f 3553 3541 3543
f 3551 3541 3553
f 3554 3542 3540
f 3554 3540 3552
f 3555 3543 3545
f 3553 3543 3555
f 3556 3544 3542
f 3556 3542 3554
f 3557 3545 3547
f 3555 3545 3557
f 3558 3546 3544
f 3558 3544 3556
f 3559 3547 3548
f 3557 3547 3559
f 3560 3548 3546
f 3560 3546 3558
f 3559 3548 3560
f 3561 3549 3551
f 3562 3550 3549
f 3562 3549 3561
f 3563 3551 3553
f 3561 3551 3563
f 3564 3552 3550
f 3564 3550 3562
f 3565 3553 3555
f 3563 3553 3565
f 3566 3554 3552
f 3566 3552 3564
f 3567 3555 3557
f 3565 3555 3567
f 3568 3556 3554
f 3568 3554 3566
f 3569 3557 3559
f 3567 3557 3569
f 3570 3558 3556
f 3570 3556 3568
f 3571 3559 3560
f 3569 3559 3571
f 3572 3560 3558
f 3572 3558 3570
f 3571 3560 3572
f 3573 3561 3563
f 3574 3562 3561
f 3574 3561 3573
f 3575 3563 3565
f 3573 3563 3575
f 3576 3564 3562
f 3576 3562 3574
f 3577 3565 3567
f 3575 3565 3577
f 3578 3566 3564
f 3578 3564 3576
f 3579 3567 3569
f 3577 3567 3579
f 3580 3568 3566
f 3580 3566 3578
f 3581 3569 3571
f 3579 3569 3581
f 3582 3570 3568
f 3582 3568 3580
f 3583 3571 3572
f 3581 3571 3583
f 3584 3572 3570
f 3584 3570 3582
f 3583 3572 3584
f 3585 3573 3575
f 3586 3574 3573
f 3586 3573 3585
f 3587 3575 3577
f 3585 3575 3587
f 3588 3576 3574
f 3588 3574 3586
f 3589 3577 3579
f 3587 3577 3589
f 3590 3578 3576
f 3590 3576 3588
f 3591 3579 3581
f 3589 3579 3591
f 3592 3580 3578
f 3592 3578 3590
f 3593 3581 3583
f 3591 3581 3593
f 3594 3582 3580
f 3594 3580 3592
f 3595 3583 3584
f 3593 3583 3595
f 3596 3584 3582
f 3596 3582 3594
f 3595 3584 3596
f 3597 3585 3587
f 3598 3586 3585
f 3598 3585 3597
f 3599 3587 3589
f 3597 3587 3599
f 3600 3588 3586
f 3600 3586 3598
f 3601 3589 3591
f 3599 3589 3601
f 3602 3590 3588
f 3602 3588 3600
f 3603 3591 3593
f 3601 3591 3603
f 3604 3592 3590
f 3604 3590 3602
f 3605 3593 3595
f 3603 3593 3605
f 3606 3594 3592
f 3606 3592 3604
f 3607 3595 3596
f 3605 3595 3607
f 3608 3596 3594
f 3608 3594 3606
f 3607 3596 3608
f 3609 3597 3599
f 3610 3598 3597
f 3610 3597 3609
f 3611 3599 3601
f 3609 3599 3611
f 3612 3600 3598
f 3612 3598 3610
f 3613 3601 3603
f 3611 3601 3613
f 3614 3602 3600
f 3614 3600 3612
f 3615 3603 3605
f 3613 3603 3615
f 3616 3604 3602
f 3616 3602 3614
f 3617 3605 3607
f 3615 3605 3617
f 3618 3606 3604
f 3618 3604 3616
f 3619 3607 3608
f 3617 3607 3619
f 3620 3608 3606
f 3620 3606 3618
f 3619 3608 3620
f 3621 3609 3611
f 3622 3610 3609
f 3622 3609 3621
f 3623 3611 3613
f 3621 3611 3623
f 3624 3612 3610
f 3624 3610 3622
f 3625 3613 3615
f 3623 3613 3625
f 3626 3614 3612
f 3626 3612 3624
f 3627 3615 3617
f 3625 3615 3627
f 3628 3616 3614
f 3628 3614 3626
f 3629 3617 3619
f 3627 3617 3629
f 3630 3618 3616
f 3630 3616 3628
f 3631 3619 3620
f 3629 3619 3631
f 3632 3620 3618
f 3632 3618 3630
f 3631 3620 3632
f 3633 3621 3623
f 3634 3622 3621
f 3634 3621 3633
f 3635 3623 3625
f 3633 3623 3635
f 3636 3624 3622
f 3636 3622 3634
f 3637 3625 3627
f 3635 3625 3637
f 3638 3626 3624
f 3638 3624 3636
f 3639 3627 3629
f 3637 3627 3639
f 3640 3628 3626
f 3640 3626 3638
f 3641 3629 3631
f 3639 3629 3641
f 3642 3630 3628
f 3642 3628 3640
f 3643 3631 3632
f 3641 3631 3643
f 3644 3632 3630
f 3644 3630 3642
f 3643 3632 3644
f 3645 3633 3635
f 3646 3634 3633
f 3646 3633 3645
f 3647 3635 3637
f 3645 3635 3647
f 3648 3636 3634
f 3648 3634 3646
f 3649 3637 3639
f 3647 3637 3649
f 3650 3638 3636
f 3650 3636 3648
f 3651 3639 3641
f 3649 3639 3651
f 3652 3640 3638
f 3652 3638 3650
f 3653 3641 3643
f 3651 3641 3653
f 3654 3642 3640
f 3654 3640 3652
f 3655 3643 3644
f 3653 3643 3655
f 3656 3644 3642
f 3656 3642 3654
f 3655 3644 3656
f 3657 3645 3647
f 3658 3646 3645
f 3658 3645 3657
f 3659 3647 3649
f 3657 3647 3659
f 3660 3648 3646
f 3660 3646 3658
f 3661 3649 3651
f 3659 3649 3661
f 3662 3651 3653
f 3661 3651 3662
f 3663 3650 3648
f 3663 3648 3660
f 3664 3652 3650
f 3664 3650 3663
f 3665 3653 3655
f 3662 3653 3665
f 3666 3654 3652
f 3666 3652 3664
f 3667 3655 3656
f 3665 3655 3667
f 3668 3656 3654
f 3668 3654 3666
f 3667 3656 3668
f 3669 3657 3659
f 3670 3658 3657
f 3670 3657 3669
f 3671 3659 3661
f 3669 3659 3671
f 3672 3661 3662
f 3671 3661 3672
f 3673 3660 3658
f 3673 3658 3670
f 3674 3662 3665
f 3672 3662 3674
f 3675 3663 3660
f 3675 3660 3673
f 3676 3665 3667
f 3674 3665 3676
f 3677 3664 3663
f 3677 3663 3675
f 3678 3666 3664
f 3678 3664 3677
f 3679 3667 3668
f 3676 3667 3679
f 3680 3668 3666
f 3680 3666 3678
f 3679 3668 3680
f 3681 3669 3671
f 3682 3670 3669
f 3682 3669 3681
f 3683 3671 3672
f 3681 3671 3683
f 3684 3672 3674
f 3683 3672 3684
f 3685 3673 3670
f 3685 3670 3682
f 3686 3674 3676
f 3684 3674 3686
f 3687 3675 3673
f 3687 3673 3685
f 3688 3676 3679
f 3686 3676 3688
f 3689 3677 3675
f 3689 3675 3687
f 3690 3679 3680
f 3688 3679 3690
f 3691 3678 3677
f 3691 3677 3689
f 3692 3680 3678
f 3692 3678 3691
f 3690 3680 3692
f 3693 3681 3683
f 3694 3682 3681
f 3694 3681 3693
f 3695 3683 3684
f 3693 3683 3695
f 3696 3684 3686
f 3695 3684 3696
f 3697 3685 3682
f 3697 3682 3694
f 3698 3686 3688
f 3696 3686 3698
f 3699 3687 3685
f 3699 3685 3697
f 3700 3688 3690
f 3698 3688 3700
f 3701 3689 3687
f 3701 3687 3699
f 3702 3690 3692
f 3700 3690 3702
f 3703 3691 3689
f 3703 3689 3701
f 3704 3692 3691
f 3704 3691 3703
f 3702 3692 3704
f 3705 3693 3695
f 3706 3694 3693
f 3706 3693 3705
f 3707 3695 3696
f 3705 3695 3707
f 3708 3696 3698
f 3707 3696 3708
f 3709 3697 3694
f 3709 3694 3706
f 3710 3698 3700
f 3708 3698 3710
f 3711 3699 3697
f 3711 3697 3709
f 3712 3700 3702
f 3710 3700 3712
f 3713 3701 3699
f 3713 3699 3711
f 3714 3702 3704
f 3712 3702 3714
f 3715 3703 3701
f 3715 3701 3713
f 3716 3704 3703
f 3714 3704 3716
f 3716 3703 3715
f 3717 3705 3707
f 3718 3707 3708
f 3717 3707 3718
f 3719 3706 3705
f 3719 3705 3717
f 3720 3708 3710
f 3718 3708 3720
f 3721 3709 3706
f 3721 3706 3719
f 3722 3710 3712
f 3720 3710 3722
f 3723 3711 3709
f 3723 3709 3721
f 3724 3712 3714
f 3722 3712 3724
f 3725 3713 3711
f 3725 3711 3723
f 3726 3714 3716
f 3724 3714 3726
f 3727 3715 3713
f 3727 3713 3725
f 3728 3716 3715
f 3726 3716 3728
f 3728 3715 3727
f 3729 3717 3718
f 3730 3718 3720
f 3729 3718 3730
f 3731 3719 3717
f 3731 3717 3729
f 3732 3720 3722
f 3730 3720 3732
f 3733 3721 3719
f 3733 3719 3731
f 3734 3722 3724
f 3732 3722 3734
f 3735 3723 3721
f 3735 3721 3733
f 3736 3724 3726
f 3734 3724 3736
f 3737 3725 3723
f 3737 3723 3735
f 3738 3726 3728
f 3736 3726 3738
f 3739 3727 3725
f 3739 3725 3737
f 3740 3728 3727
f 3738 3728 3740
f 3740 3727 3739
f 3741 3729 3730
f 3742 3730 3732
f 3741 3730 3742
f 3743 3731 3729
f 3743 3729 3741
f 3744 3732 3734
f 3742 3732 3744
f 3745 3733 3731
f 3745 3731 3743
f 3746 3734 3736
f 3744 3734 3746
f 3747 3735 3733
f 3747 3733 3745
f 3748 3736 3738
f 3746 3736 3748
f 3749 3737 3735
f 3749 3735 3747
f 3750 3738 3740
f 3748 3738 3750
f 3751 3739 3737
f 3751 3737 3749
f 3752 3740 3739
f 3750 3740 3752
f 3752 3739 3751
f 3753 3741 3742
f 3754 3742 3744
f 3753 3742 3754
f 3755 3743 3741
f 3755 3741 3753
f 3756 3744 3746
f 3754 3744 3756
f 3757 3745 3743
f 3757 3743 3755
f 3758 3746 3748
f 3756 3746 3758
f 3759 3747 3745
f 3759 3745 3757
f 3760 3748 3750
f 3758 3748 3760
f 3761 3749 3747
f 3761 3747 3759
f 3762 3750 3752
f 3760 3750 3762
f 3763 3751 3749
f 3763 3749 3761
f 3764 3753 3754
f 3765 3754 3756
f 3764 3754 3765
f 3766 3755 3753
f 3766 3753 3764
f 3767 3752 3751
f 3762 3752 3767
f 3767 3751 3763
f 3768 3756 3758
f 3765 3756 3768
f 3769 3757 3755
f 3769 3755 3766
f 3770 3758 3760
f 3768 3758 3770
f 3771 3759 3757
f 3771 3757 3769
f 3772 3760 3762
f 3770 3760 3772
f 3773 3761 3759
f 3773 3759 3771
f 3774 3764 3765
f 3775 3765 3768
f 3774 3765 3775
f 3776 3762 3767
f 3772 3762 3776
f 3777 3766 3764
f 3777 3764 3774
f 3778 3763 3761
f 3778 3761 3773
f 3779 3768 3770
f 3775 3768 3779
f 3780 3767 3763
f 3776 3767 3780
f 3780 3763 3778
f 3781 3769 3766
f 3781 3766 3777
f 3782 3770 3772
f 3779 3770 3782
f 3783 3771 3769
f 3783 3769 3781
f 3784 3772 3776
f 3782 3772 3784
f 3785 3773 3771
f 3785 3771 3783
f 3786 3774 3775
f 3787 3775 3779
f 3786 3775 3787
f 3788 3777 3774
f 3788 3774 3786
f 3789 3776 3780
f 3784 3776 3789
f 3790 3779 3782
f 3787 3779 3790
f 3791 3778 3773
f 3791 3773 3785
f 3792 3781 3777
f 3792 3777 3788
f 3793 3780 3778
f 3789 3780 3793
f 3793 3778 3791
f 3794 3782 3784
f 3790 3782 3794
f 3795 3783 3781
f 3795 3781 3792
f 3796 3784 3789
f 3794 3784 3796
f 3797 3786 3787
f 3798 3787 3790
f 3797 3787 3798
f 3799 3788 3786
f 3799 3786 3797
f 3800 3785 3783
f 3800 3783 3795
f 3801 3790 3794
f 3798 3790 3801
f 3802 3792 3788
f 3802 3788 3799
f 3803 3789 3793
f 3796 3789 3803
f 3804 3791 3785
f 3804 3785 3800
f 3805 3794 3796
f 3801 3794 3805
f 3806 3793 3791
f 3803 3793 3806
f 3806 3791 3804
f 3807 3795 3792
f 3807 3792 3802
f 3808 3797 3798
f 3809 3798 3801
f 3808 3798 3809
f 3810 3799 3797
f 3810 3797 3808
f 3811 3796 3803
f 3805 3796 3811
f 3812 3801 3805
f 3809 3801 3812
f 3813 3800 3795
f 3813 3795 3807
f 3814 3802 3799
f 3814 3799 3810
f 3815 3803 3806
f 3811 3803 3815
f 3812 3805 3816
f 3816 3805 3811
f 3817 3804 3800
f 3817 3800 3813
f 3818 3807 3802
f 3818 3802 3814
f 3819 3808 3809
f 3820 3809 3812
f 3819 3809 3820
f 3821 3806 3804
f 3815 3806 3821
f 3821 3804 3817
f 3822 3810 3808
f 3822 3808 3819
f 3823 3812 3816
f 3820 3812 3823
f 3816 3811 3824
f 3824 3811 3815
f 3825 3814 3810
f 3825 3810 3822
f 3826 3813 3807
f 3826 3807 3818
f 3823 3816 3827
f 3827 3816 3824
f 3828 3819 3820
f 3829 3820 3823
f 3828 3820 3829
f 3830 3822 3819
f 3830 3819 3828
f 3831 3815 3821
f 3824 3815 3831
f 3832 3818 3814
f 3832 3814 3825
f 3833 3817 3813
f 3833 3813 3826
f 3829 3823 3834
f 3834 3823 3827
f 3835 3821 3817
f 3831 3821 3835
f 3836 3825 3822
f 3836 3822 3830
f 3835 3817 3833
f 3827 3824 3837
f 3837 3824 3831
f 3838 3828 3829
f 3839 3829 3834
f 3838 3829 3839
f 3840 3826 3818
f 3840 3818 3832
f 3841 3830 3828
f 3841 3828 3838
f 3834 3827 3842
f 3842 3827 3837
f 3843 3832 3825
f 3843 3825 3836
f 3839 3834 3844
f 3844 3834 3842
f 3845 3831 3835
f 3837 3831 3845
f 3846 3836 3830
f 3846 3830 3841
f 3847 3833 3826
f 3847 3826 3840
f 3848 3838 3839
f 3849 3839 3844
f 3848 3839 3849
f 3850 3841 3838
f 3850 3838 3848
f 3851 3835 3833
f 3845 3835 3851
f 3842 3837 3852
f 3852 3837 3845
f 3851 3833 3847
f 3844 3842 3853
f 3853 3842 3852
f 3854 3844 3853
f 3849 3844 3854
f 3855 3840 3832
f 3855 3832 3843
f 3856 3836 3846
f 3856 3843 3836
f 3857 3846 3841
f 3857 3841 3850
f 3852 3845 3858
f 3858 3845 3851
f 3853 3852 3859
f 3854 3853 3860
f 3860 3853 3859
f 3861 3847 3840
f 3861 3840 3855
f 3862 3848 3849
f 3863 3849 3854
f 3862 3849 3863
f 3859 3852 3858
f 3864 3850 3848
f 3864 3848 3862
f 3865 3856 3846
f 3865 3846 3857
f 3866 3851 3847
f 3858 3851 3866
f 3867 3855 3843
f 3867 3843 3856
f 3866 3847 3861
f 3868 3854 3860
f 3863 3854 3868
f 3869 3857 3850
f 3869 3850 3864
f 3859 3858 3870
f 3870 3858 3866
f 3860 3859 3871
f 3871 3859 3870
f 3872 3861 3855
f 3872 3855 3867
f 3868 3860 3873
f 3873 3860 3871
f 3874 3867 3856
f 3874 3856 3865
f 3875 3862 3863
f 3876 3863 3868
f 3875 3863 3876
f 3877 3866 3861
f 3870 3866 3877
f 3877 3861 3872
f 3878 3864 3862
f 3878 3862 3875
f 3879 3865 3857
f 3879 3857 3869
f 3871 3870 3880
f 3880 3870 3877
f 3881 3868 3873
f 3876 3868 3881
f 3882 3872 3867
f 3882 3867 3874
f 3883 3869 3864
f 3883 3864 3878
f 3873 3871 3884
f 3884 3871 3880
f 3885 3877 3872
f 3880 3877 3885
f 3885 3872 3882
f 3881 3873 3886
f 3886 3873 3884
f 3887 3874 3865
f 3887 3865 3879
f 3888 3875 3876
f 3889 3876 3881
f 3888 3876 3889
f 3890 3878 3875
f 3890 3875 3888
f 3884 3880 3891
f 3891 3880 3885
f 3892 3879 3869
f 3892 3869 3883
f 3893 3881 3886
f 3889 3881 3893
f 3894 3882 3874
f 3894 3874 3887
f 3886 3884 3895
f 3895 3884 3891
f 3896 3883 3878
f 3896 3878 3890
f 3897 3885 3882
f 3891 3885 3897
f 3897 3882 3894
f 3893 3886 3898
f 3898 3886 3895
f 3899 3887 3879
f 3899 3879 3892
f 3900 3888 3889
f 3901 3889 3893
f 3900 3889 3901
f 3895 3891 3902
f 3902 3891 3897
f 3903 3890 3888
f 3903 3888 3900
f 3904 3892 3883
f 3904 3883 3896
f 3905 3893 3898
f 3901 3893 3905
f 3906 3894 3887
f 3906 3887 3899
f 3898 3895 3907
f 3907 3895 3902
f 3908 3897 3894
f 3902 3897 3908
f 3909 3896 3890
f 3909 3890 3903
f 3908 3894 3906
f 3905 3898 3910
f 3910 3898 3907
f 3911 3899 3892
f 3911 3892 3904
f 3912 3900 3901
f 3913 3901 3905
f 3912 3901 3913
f 3907 3902 3914
f 3914 3902 3908
f 3915 3903 3900
f 3915 3900 3912
f 3916 3904 3896
f 3916 3896 3909
f 3917 3905 3910
f 3913 3905 3917
f 3918 3906 3899
f 3918 3899 3911
f 3910 3907 3919
f 3919 3907 3914
f 3920 3908 3906
f 3914 3908 3920
f 3920 3906 3918
f 3921 3909 3903
f 3921 3903 3915
f 3917 3910 3922
f 3922 3910 3919
f 3923 3911 3904
f 3923 3904 3916
f 3924 3912 3913
f 3925 3913 3917
f 3924 3913 3925
f 3919 3914 3926
f 3926 3914 3920
f 3927 3915 3912
f 3927 3912 3924
f 3928 3916 3909
f 3928 3909 3921
f 3929 3917 3922
f 3925 3917 3929
f 3930 3918 3911
f 3930 3911 3923
f 3922 3919 3931
f 3931 3919 3926
f 3932 3920 3918
f 3926 3920 3932
f 3932 3918 3930
f 3933 3921 3915
f 3933 3915 3927
f 3929 3922 3934
f 3934 3922 3931
f 3935 3923 3916
f 3935 3916 3928
f 3936 3924 3925
f 3937 3925 3929
f 3936 3925 3937
f 3931 3926 3938
f 3938 3926 3932
f 3939 3927 3924
f 3939 3924 3936
f 3940 3928 3921
f 3940 3921 3933
f 3941 3929 3934
f 3937 3929 3941
f 3942 3930 3923
f 3942 3923 3935
f 3934 3931 3943
f 3943 3931 3938
f 3944 3932 3930
f 3938 3932 3944
f 3945 3933 3927
f 3945 3927 3939
f 3944 3930 3942
f 3941 3934 3946
f 3946 3934 3943
f 3947 3935 3928
f 3947 3928 3940
f 3948 3936 3937
f 3949 3937 3941
f 3948 3937 3949
f 3950 3939 3936
f 3950 3936 3948
f 3943 3938 3951
f 3951 3938 3944
f 3952 3940 3933
f 3952 3933 3945
f 3953 3941 3946
f 3949 3941 3953
f 3954 3942 3935
f 3954 3935 3947
f 3946 3943 3955
f 3955 3943 3951
f 3956 3945 3939
f 3956 3939 3950
f 3957 3944 3942
f 3951 3944 3957
f 3957 3942 3954
f 3953 3946 3958
f 3958 3946 3955
f 3959 3947 3940
f 3959 3940 3952
f 3960 3948 3949
f 3961 3949 3953
f 3960 3949 3961
f 3962 3950 3948
f 3962 3948 3960
f 3955 3951 3963
f 3963 3951 3957
f 3964 3952 3945
f 3964 3945 3956
f 3965 3953 3958
f 3961 3953 3965
f 3966 3954 3947
f 3966 3947 3959
f 3967 3956 3950
f 3967 3950 3962
f 3958 3955 3968
f 3968 3955 3963
f 3969 3957 3954
f 3963 3957 3969
f 3969 3954 3966
f 3965 3958 3970
f 3970 3958 3968
f 3971 3960 3961
f 3972 3961 3965
f 3971 3961 3972
f 3973 3959 3952
f 3973 3952 3964
f 3974 3962 3960
f 3974 3960 3971
f 3975 3964 3956
f 3975 3956 3967
f 3972 3965 3976
f 3976 3965 3970
f 3968 3963 3977
f 3977 3963 3969
f 3978 3967 3962
f 3978 3962 3974
f 3979 3966 3959
f 3979 3959 3973
f 3970 3968 3980
f 3980 3968 3977
f 3981 3969 3966
f 3977 3969 3981
f 3982 3971 3972
f 3983 3972 3976
f 3982 3972 3983
f 3981 3966 3979
f 3984 3974 3971
f 3984 3971 3982
f 3976 3970 3985
f 3985 3970 3980
f 3986 3973 3964
f 3986 3964 3975
f 3987 3975 3967
f 3987 3967 3978
f 3983 3976 3988
f 3988 3976 3985
f 3989 3978 3974
f 3989 3974 3984
f 3980 3977 3990
f 3990 3977 3981
f 3991 3979 3973
f 3991 3973 3986
f 3984 3982 3983
f 3989 3983 3988
f 3984 3983 3989
f 3985 3980 3992
f 3992 3980 3990
f 3993 3981 3979
f 3990 3981 3993
f 3993 3979 3991
f 3988 3985 3994
f 3994 3985 3992
f 3995 3986 3975
f 3995 3975 3987
f 3996 3987 3978
f 3996 3978 3989
f 3996 3988 3994
f 3989 3988 3996
f 3992 3990 3997
f 3997 3990 3993
f 3998 3991 3986
f 3998 3986 3995
f 3994 3992 3999
f 3999 3992 3997
f 4000 3994 3999
f 3996 3994 4000
f 4001 3993 3991
f 3997 3993 4001
f 4000 3995 3987
f 4000 3987 3996
f 4001 3991 3998
f 3999 3997 4002
f 4002 3997 4001
f 4003 3998 3995
f 4003 3995 4000
f 4003 3999 4002
f 4000 3999 4003
f 4004 4001 3998
f 4002 4001 4004
f 4004 3998 4003
f 4003 4002 4004
f 4005 4006 4007
f 4008 4006 4005
f 4009 4005 4007
f 4008 4005 4009
f 4007 4006 4010
f 4011 4010 4006
f 4011 4006 4008
f 4007 4010 4012
f 4013 4007 4012
f 4009 4007 4013
f 4012 4010 4014
f 4012 4014 4015
f 4016 4012 4015
f 4013 4012 4016
f 4017 4014 4010
f 4017 4010 4011
f 4015 4014 4018
f 4015 4018 4019
f 4020 4015 4019
f 4016 4015 4020
f 4021 4018 4014
f 4021 4014 4017
f 4019 4018 4022
f 4019 4022 4023
f 4024 4019 4023
f 4020 4019 4024
f 4025 4022 4018
f 4025 4018 4021
f 4023 4022 4026
f 4027 4023 4026
f 4024 4023 4027
f 4028 4026 4022
f 4028 4022 4025
f 4027 4026 4028
f 4029 4009 4013
f 4030 4008 4009
f 4030 4009 4029
f 4031 4013 4016
f 4029 4013 4031
f 4032 4011 4008
f 4032 4008 4030
f 4033 4016 4020
f 4031 4016 4033
f 4034 4017 4011
f 4034 4011 4032
f 4035 4020 4024
f 4033 4020 4035
f 4036 4021 4017
f 4036 4017 4034
f 4037 4024 4027
f 4035 4024 4037
f 4038 4025 4021
f 4038 4021 4036
f 4039 4027 4028
f 4037 4027 4039
f 4040 4028 4025
f 4040 4025 4038
f 4039 4028 4040
f 4041 4030 4029
f 4042 4029 4031
f 4041 4029 4042
f 4043 4032 4030
f 4043 4030 4041
f 4044 4031 4033
f 4042 4031 4044
f 4045 4033 4035
f 4044 4033 4045
f 4046 4034 4032
f 4046 4032 4043
f 4047 4035 4037
f 4045 4035 4047
f 4048 4036 4034
f 4048 4034 4046
f 4049 4038 4036
f 4049 4036 4048
f 4050 4037 4039
f 4047 4037 4050
f 4051 4039 4040
f 4050 4039 4051
f 4052 4040 4038
f 4052 4038 4049
f 4051 4040 4052
f 4053 4041 4042
f 4054 4043 4041
f 4054 4041 4053
f 4055 4042 4044
f 4056 4044 4045
f 4055 4044 4056
f 4053 4042 4055
f 4057 4045 4047
f 4056 4045 4057
f 4058 4046 4043
f 4058 4043 4054
f 4059 4047 4050
f 4057 4047 4059
f 4060 4048 4046
f 4060 4046 4058
f 4061 4050 4051
f 4059 4050 4061
f 4062 4049 4048
f 4062 4048 4060
f 4063 4051 4052
f 4061 4051 4063
f 4064 4052 4049
f 4064 4049 4062
f 4063 4052 4064
f 4065 4055 4056
f 4066 4056 4057
f 4065 4056 4066
f 4067 4053 4055
f 4067 4055 4065
f 4068 4054 4053
f 4068 4053 4067
f 4069 4057 4059
f 4066 4057 4069
f 4070 4058 4054
f 4070 4054 4068
f 4071 4059 4061
f 4069 4059 4071
f 4072 4060 4058
f 4072 4058 4070
f 4073 4061 4063
f 4071 4061 4073
f 4074 4062 4060
f 4074 4060 4072
f 4075 4063 4064
f 4073 4063 4075
f 4076 4064 4062
f 4075 4064 4076
f 4076 4062 4074
f 4077 4065 4066
f 4078 4066 4069
f 4077 4066 4078
f 4079 4067 4065
f 4079 4065 4077
f 4080 4069 4071
f 4078 4069 4080
f 4081 4068 4067
f 4081 4067 4079
f 4082 4070 4068
f 4082 4068 4081
f 4083 4071 4073
f 4080 4071 4083
f 4084 4072 4070
f 4085 4074 4072
f 4085 4072 4084
f 4086 4073 4075
f 4083 4073 4086
f 4084 4070 4082
f 4087 4076 4074
f 4088 4075 4076
f 4088 4076 4087
f 4087 4074 4085
f 4086 4075 4088
f 4089 4077 4078
f 4090 4078 4080
f 4089 4078 4090
f 4091 4079 4077
f 4091 4077 4089
f 4092 4080 4083
f 4093 4083 4086
f 4092 4083 4093
f 4094 4081 4079
f 4095 4082 4081
f 4095 4081 4094
f 4090 4080 4092
f 4094 4079 4091
f 4096 4084 4082
f 4096 4082 4095
f 4097 4086 4088
f 4093 4086 4097
f 4098 4088 4087
f 4097 4088 4098
f 4099 4085 4084
f 4099 4084 4096
f 4100 4087 4085
f 4098 4087 4100
f 4100 4085 4099
f 4101 4089 4090
f 4102 4090 4092
f 4101 4090 4102
f 4103 4091 4089
f 4103 4089 4101
f 4104 4092 4093
f 4102 4092 4104
f 4105 4094 4091
f 4105 4091 4103
f 4106 4093 4097
f 4104 4093 4106
f 4107 4095 4094
f 4107 4094 4105
f 4108 4097 4098
f 4106 4097 4108
f 4109 4096 4095
f 4109 4095 4107
f 4110 4098 4100
f 4108 4098 4110
f 4111 4099 4096
f 4111 4096 4109
f 4112 4100 4099
f 4110 4100 4112
f 4112 4099 4111
f 4113 4102 4104
f 4114 4104 4106
f 4113 4104 4114
f 4115 4103 4101
f 4116 4105 4103
f 4116 4103 4115
f 4117 4101 4102
f 4117 4102 4113
f 4115 4101 4117
f 4118 4106 4108
f 4114 4106 4118
f 4119 4107 4105
f 4119 4105 4116
f 4120 4108 4110
f 4118 4108 4120
f 4121 4109 4107
f 4121 4107 4119
f 4122 4110 4112
f 4120 4110 4122
f 4123 4111 4109
f 4123 4109 4121
f 4124 4112 4111
f 4122 4112 4124
f 4124 4111 4123
f 4125 4117 4113
f 4126 4113 4114
f 4125 4113 4126
f 4127 4115 4117
f 4127 4117 4125
f 4128 4116 4115
f 4128 4115 4127
f 4129 4114 4118
f 4126 4114 4129
f 4130 4119 4116
f 4130 4116 4128
f 4131 4121 4119
f 4131 4119 4130
f 4132 4118 4120
f 4129 4118 4132
f 4133 4120 4122
f 4132 4120 4133
f 4134 4123 4121
f 4134 4121 4131
f 4135 4122 4124
f 4133 4122 4135
f 4136 4124 4123
f 4135 4124 4136
f 4136 4123 4134
f 4137 4125 4126
f 4138 4127 4125
f 4138 4125 4137
f 4139 4126 4129
f 4137 4126 4139
f 4140 4128 4127
f 4140 4127 4138
f 4141 4129 4132
f 4139 4129 4141
f 4142 4130 4128
f 4142 4128 4140
f 4143 4132 4133
f 4141 4132 4143
f 4144 4131 4130
f 4144 4130 4142
f 4145 4133 4135
f 4143 4133 4145
f 4146 4134 4131
f 4146 4131 4144
f 4147 4136 4134
f 4147 4134 4146
f 4148 4135 4136
f 4145 4135 4148
f 4148 4136 4147
f 4149 4138 4137
f 4150 4137 4139
f 4149 4137 4150
f 4151 4140 4138
f 4151 4138 4149
f 4152 4139 4141
f 4150 4139 4152
f 4153 4141 4143
f 4152 4141 4153
f 4154 4142 4140
f 4154 4140 4151
f 4155 4143 4145
f 4153 4143 4155
f 4156 4144 4142
f 4156 4142 4154
f 4157 4145 4148
f 4155 4145 4157
f 4158 4146 4144
f 4158 4144 4156
f 4159 4147 4146
f 4159 4146 4158
f 4160 4148 4147
f 4157 4148 4160
f 4160 4147 4159
f 4149 4150 4152
f 4149 4152 4151
f 4151 4152 4153
f 4151 4153 4154
f 4154 4153 4155
f 4154 4155 4156
f 4156 4155 4157
f 4156 4157 4158
f 4158 4157 4160
f 4158 4160 4159
f 4161 4162 4163
f 4164 4161 4163
f 4164 4163 4165
f 4165 4163 4166
f 4163 4162 4167
f 4163 4167 4166
f 4161 4168 4162
f 4169 4161 4164
f 4170 4168 4161
f 4169 4170 4161
f 4171 4164 4165
f 4171 4165 4172
f 4172 4165 4173
f 4165 4166 4173
f 4168 4174 4162
f 4162 4174 4175
f 4162 4175 4167
f 4176 4164 4171
f 4176 4169 4164
f 4168 4177 4174
f 4178 4177 4168
f 4170 4178 4168
f 4179 4171 4172
f 4172 4173 4180
f 4181 4172 4180
f 4179 4172 4181
f 4166 4167 4182
f 4173 4166 4183
f 4166 4182 4183
f 4184 4171 4179
f 4184 4176 4171
f 4177 4185 4174
f 4178 4186 4177
f 4186 4187 4177
f 4177 4187 4185
f 4174 4188 4175
f 4174 4185 4188
f 4167 4175 4189
f 4167 4189 4182
f 4180 4173 4190
f 4173 4183 4190
f 4191 4178 4170
f 4192 4170 4169
f 4192 4191 4170
f 4193 4186 4178
f 4191 4193 4178
f 4194 4169 4176
f 4194 4192 4169
f 4181 4180 4195
f 4196 4179 4181
f 4197 4181 4195
f 4196 4181 4197
f 4195 4180 4198
f 4180 4190 4198
f 4199 4184 4179
f 4199 4179 4196
f 4175 4188 4200
f 4175 4200 4189
f 4201 4176 4184
f 4201 4194 4176
f 4186 4202 4187
f 4193 4203 4186
f 4203 4202 4186
f 4187 4204 4185
f 4185 4205 4188
f 4185 4204 4205
f 4195 4198 4206
f 4207 4195 4206
f 4197 4195 4207
f 4202 4208 4187
f 4187 4208 4204
f 4183 4182 4209
f 4190 4183 4210
f 4183 4209 4210
f 4182 4189 4211
f 4182 4211 4209
f 4198 4190 4212
f 4190 4210 4212
f 4213 4201 4184
f 4213 4184 4199
f 4214 4193 4191
f 4215 4191 4192
f 4215 4214 4191
f 4188 4216 4200
f 4188 4205 4216
f 4217 4203 4193
f 4214 4217 4193
f 4218 4192 4194
f 4218 4215 4192
f 4206 4198 4219
f 4198 4212 4219
f 4189 4200 4220
f 4189 4220 4211
f 4203 4221 4202
f 4202 4222 4208
f 4221 4222 4202
f 4223 4194 4201
f 4223 4218 4194
f 4224 4221 4203
f 4217 4224 4203
f 4206 4219 4225
f 4226 4206 4225
f 4207 4206 4226
f 4208 4227 4204
f 4204 4228 4205
f 4204 4227 4228
f 4222 4229 4208
f 4208 4229 4227
f 4200 4230 4220
f 4200 4216 4230
f 4210 4209 4231
f 4209 4211 4232
f 4209 4232 4231
f 4212 4210 4233
f 4210 4231 4233
f 4219 4212 4234
f 4212 4233 4234
f 4235 4223 4201
f 4235 4201 4213
f 4205 4236 4216
f 4205 4228 4236
f 4221 4237 4222
f 4224 4238 4221
f 4238 4237 4221
f 4239 4217 4214
f 4240 4224 4217
f 4239 4240 4217
f 4241 4214 4215
f 4241 4239 4214
f 4211 4220 4242
f 4211 4242 4232
f 4243 4215 4218
f 4243 4241 4215
f 4225 4219 4244
f 4219 4234 4244
f 4222 4245 4229
f 4237 4245 4222
f 4240 4246 4224
f 4246 4238 4224
f 4247 4218 4223
f 4247 4243 4218
f 4225 4244 4248
f 4249 4225 4248
f 4226 4225 4249
f 4250 4196 4197
f 4251 4197 4207
f 4250 4197 4251
f 4233 4231 4252
f 4234 4233 4253
f 4233 4252 4253
f 4254 4199 4196
f 4254 4196 4250
f 4231 4232 4255
f 4231 4255 4252
f 4220 4256 4242
f 4220 4230 4256
f 4244 4234 4257
f 4234 4253 4257
f 4216 4258 4230
f 4216 4236 4258
f 4259 4240 4239
f 4260 4239 4241
f 4260 4259 4239
f 4261 4247 4223
f 4261 4223 4235
f 4262 4246 4240
f 4259 4262 4240
f 4263 4241 4243
f 4263 4260 4241
f 4229 4264 4227
f 4245 4265 4229
f 4229 4265 4264
f 4227 4266 4228
f 4227 4264 4266
f 4238 4267 4237
f 4237 4268 4245
f 4267 4268 4237
f 4246 4269 4238
f 4269 4267 4238
f 4232 4270 4255
f 4232 4242 4270
f 4244 4257 4271
f 4248 4244 4271
f 4272 4207 4226
f 4251 4207 4272
f 4253 4252 4262
f 4253 4262 4259
f 4257 4253 4259
f 4262 4273 4246
f 4273 4269 4246
f 4252 4273 4262
f 4252 4255 4273
f 4257 4259 4260
f 4274 4263 4243
f 4274 4243 4247
f 4275 4213 4199
f 4275 4199 4254
f 4271 4257 4260
f 4228 4276 4236
f 4228 4266 4276
f 4271 4260 4263
f 4248 4271 4277
f 4278 4248 4277
f 4249 4248 4278
f 4255 4279 4273
f 4255 4270 4279
f 4268 4280 4245
f 4245 4280 4265
f 4242 4281 4270
f 4242 4256 4281
f 4273 4279 4269
f 4277 4271 4263
f 4230 4282 4256
f 4230 4258 4282
f 4277 4263 4274
f 4283 4274 4247
f 4283 4247 4261
f 4269 4284 4267
f 4279 4284 4269
f 4285 4226 4249
f 4272 4226 4285
f 4267 4286 4268
f 4284 4286 4267
f 4236 4287 4258
f 4236 4276 4287
f 4270 4288 4279
f 4270 4281 4288
f 4289 4277 4274
f 4289 4274 4283
f 4278 4277 4289
f 4290 4235 4213
f 4290 4213 4275
f 4279 4288 4284
f 4286 4291 4268
f 4268 4291 4280
f 4256 4292 4281
f 4256 4282 4292
f 4288 4293 4284
f 4284 4293 4286
f 4265 4294 4264
f 4264 4295 4266
f 4264 4294 4295
f 4280 4296 4265
f 4265 4296 4294
f 4297 4249 4278
f 4285 4249 4297
f 4258 4298 4282
f 4258 4287 4298
f 4281 4299 4288
f 4281 4292 4299
f 4266 4300 4276
f 4266 4295 4300
f 4288 4299 4293
f 4301 4261 4235
f 4301 4235 4290
f 4293 4302 4286
f 4286 4302 4291
f 4291 4303 4280
f 4280 4303 4296
f 4304 4278 4289
f 4297 4278 4304
f 4282 4305 4292
f 4282 4298 4305
f 4276 4306 4287
f 4276 4300 4306
f 4307 4283 4261
f 4307 4261 4301
f 4299 4308 4293
f 4293 4308 4302
f 4302 4309 4291
f 4291 4309 4303
f 4310 4250 4251
f 4311 4251 4272
f 4310 4251 4311
f 4292 4312 4299
f 4299 4312 4308
f 4292 4305 4312
f 4313 4289 4283
f 4313 4283 4307
f 4304 4289 4313
f 4314 4254 4250
f 4314 4250 4310
f 4315 4272 4285
f 4311 4272 4315
f 4287 4316 4298
f 4287 4306 4316
f 4317 4275 4254
f 4317 4254 4314
f 4296 4318 4294
f 4294 4319 4295
f 4294 4318 4319
f 4308 4320 4302
f 4302 4320 4309
f 4303 4321 4296
f 4296 4321 4318
f 4295 4322 4300
f 4295 4319 4322
f 4323 4285 4297
f 4315 4285 4323
f 4309 4324 4303
f 4303 4324 4321
f 4298 4325 4305
f 4298 4316 4325
f 4312 4326 4308
f 4308 4326 4320
f 4327 4290 4275
f 4327 4275 4317
f 4305 4328 4312
f 4305 4325 4328
f 4300 4329 4306
f 4300 4322 4329
f 4312 4328 4326
f 4320 4330 4309
f 4309 4330 4324
f 4331 4297 4304
f 4323 4297 4331
f 4332 4301 4290
f 4332 4290 4327
f 4306 4333 4316
f 4306 4329 4333
f 4326 4334 4320
f 4320 4334 4330
f 4335 4304 4313
f 4331 4304 4335
f 4336 4307 4301
f 4336 4301 4332
f 4321 4337 4318
f 4318 4338 4319
f 4318 4337 4338
f 4316 4339 4325
f 4316 4333 4339
f 4324 4340 4321
f 4321 4340 4337
f 4328 4341 4326
f 4326 4341 4334
f 4342 4313 4307
f 4335 4313 4342
f 4319 4343 4322
f 4319 4338 4343
f 4342 4307 4336
f 4325 4344 4328
f 4325 4339 4344
f 4330 4345 4324
f 4324 4345 4340
f 4328 4344 4341
f 4322 4346 4329
f 4322 4343 4346
f 4334 4347 4330
f 4330 4347 4345
f 4348 4310 4311
f 4349 4311 4315
f 4348 4311 4349
f 4350 4314 4310
f 4350 4310 4348
f 4351 4315 4323
f 4349 4315 4351
f 4329 4352 4333
f 4329 4346 4352
f 4353 4317 4314
f 4353 4314 4350
f 4341 4354 4334
f 4334 4354 4347
f 4355 4323 4331
f 4351 4323 4355
f 4333 4356 4339
f 4333 4352 4356
f 4357 4327 4317
f 4357 4317 4353
f 4344 4358 4341
f 4341 4358 4354
f 4339 4359 4344
f 4339 4356 4359
f 4344 4359 4358
f 4340 4360 4337
f 4337 4361 4338
f 4337 4360 4361
f 4345 4362 4340
f 4340 4362 4360
f 4363 4331 4335
f 4355 4331 4363
f 4338 4364 4343
f 4338 4361 4364
f 4365 4332 4327
f 4365 4327 4357
f 4347 4366 4345
f 4345 4366 4362
f 4343 4367 4346
f 4343 4364 4367
f 4368 4335 4342
f 4363 4335 4368
f 4354 4369 4347
f 4347 4369 4366
f 4370 4336 4332
f 4370 4332 4365
f 4371 4342 4336
f 4368 4342 4371
f 4371 4336 4370
f 4346 4372 4352
f 4346 4367 4372
f 4358 4373 4354
f 4354 4373 4369
f 4352 4374 4356
f 4352 4372 4374
f 4359 4375 4358
f 4358 4375 4373
f 4356 4376 4359
f 4356 4374 4376
f 4359 4376 4375
f 4362 4377 4360
f 4360 4378 4361
f 4360 4377 4378
f 4366 4379 4362
f 4362 4379 4377
f 4361 4380 4364
f 4361 4378 4380
f 4381 4348 4349
f 4382 4349 4351
f 4381 4349 4382
f 4383 4350 4348
f 4383 4348 4381
f 4369 4384 4366
f 4366 4384 4379
f 4385 4351 4355
f 4382 4351 4385
f 4386 4353 4350
f 4386 4350 4383
f 4364 4387 4367
f 4364 4380 4387
f 4373 4388 4369
f 4369 4388 4384
f 4389 4355 4363
f 4385 4355 4389
f 4390 4357 4353
f 4390 4353 4386
f 4367 4391 4372
f 4367 4387 4391
f 4375 4392 4373
f 4373 4392 4388
f 4393 4363 4368
f 4389 4363 4393
f 4372 4394 4374
f 4372 4391 4394
f 4376 4395 4375
f 4375 4395 4392
f 4396 4365 4357
f 4396 4357 4390
f 4374 4397 4376
f 4374 4394 4397
f 4376 4397 4395
f 4379 4398 4377
f 4377 4399 4378
f 4377 4398 4399
f 4384 4400 4379
f 4379 4400 4398
f 4401 4368 4371
f 4393 4368 4401
f 4402 4370 4365
f 4402 4365 4396
f 4378 4403 4380
f 4378 4399 4403
f 4388 4404 4384
f 4384 4404 4400
f 4405 4371 4370
f 4401 4371 4405
f 4405 4370 4402
f 4380 4406 4387
f 4380 4403 4406
f 4392 4407 4388
f 4388 4407 4404
f 4387 4408 4391
f 4387 4406 4408
f 4395 4409 4392
f 4392 4409 4407
f 4391 4410 4394
f 4391 4408 4410
f 4397 4411 4395
f 4395 4411 4409
f 4394 4412 4397
f 4394 4410 4412
f 4400 4413 4398
f 4398 4414 4399
f 4398 4413 4414
f 4404 4415 4400
f 4400 4415 4413
f 4397 4412 4411
f 4399 4416 4403
f 4399 4414 4416
f 4417 4381 4382
f 4418 4382 4385
f 4417 4382 4418
f 4407 4419 4404
f 4404 4419 4415
f 4420 4383 4381
f 4420 4381 4417
f 4421 4385 4389
f 4418 4385 4421
f 4403 4422 4406
f 4403 4416 4422
f 4423 4386 4383
f 4423 4383 4420
f 4409 4424 4407
f 4407 4424 4419
f 4425 4389 4393
f 4421 4389 4425
f 4406 4426 4408
f 4406 4422 4426
f 4427 4390 4386
f 4427 4386 4423
f 4411 4428 4409
f 4409 4428 4424
f 4429 4393 4401
f 4425 4393 4429
f 4408 4430 4410
f 4408 4426 4430
f 4412 4431 4411
f 4411 4431 4428
f 4432 4396 4390
f 4432 4390 4427
f 4415 4433 4413
f 4413 4434 4414
f 4413 4433 4434
f 4419 4435 4415
f 4415 4435 4433
f 4410 4436 4412
f 4410 4430 4436
f 4412 4436 4431
f 4414 4437 4416
f 4414 4434 4437
f 4438 4401 4405
f 4429 4401 4438
f 4424 4439 4419
f 4419 4439 4435
f 4440 4402 4396
f 4440 4396 4432
f 4441 4405 4402
f 4438 4405 4441
f 4441 4402 4440
f 4416 4442 4422
f 4416 4437 4442
f 4428 4443 4424
f 4424 4443 4439
f 4422 4444 4426
f 4422 4442 4444
f 4445 4446 4447
f 4448 4445 4447
f 4447 4449 4450
f 4451 4447 4450
f 4447 4446 4449
f 4448 4447 4451
f 4431 4452 4428
f 4428 4452 4443
f 4445 4453 4446
f 4454 4453 4445
f 4454 4445 4448
f 4450 4455 4456
f 4457 4450 4456
f 4450 4449 4455
f 4451 4450 4457
f 4458 4446 4453
f 4458 4453 4454
f 4456 4459 4460
f 4461 4456 4460
f 4456 4455 4459
f 4457 4456 4461
f 4426 4462 4430
f 4426 4444 4462
f 4463 4449 4446
f 4463 4446 4458
f 4436 4464 4431
f 4431 4464 4452
f 4460 4465 4466
f 4467 4460 4466
f 4460 4459 4465
f 4461 4460 4467
f 4435 4468 4433
f 4433 4469 4434
f 4433 4468 4469
f 4439 4470 4435
f 4435 4470 4468
f 4430 4471 4436
f 4430 4462 4471
f 4472 4455 4449
f 4472 4449 4463
f 4436 4471 4464
f 4473 4466 4465
f 4467 4466 4473
f 4434 4474 4437
f 4434 4469 4474
f 4475 4459 4455
f 4475 4455 4472
f 4476 4465 4459
f 4473 4465 4476
f 4443 4477 4439
f 4439 4477 4470
f 4476 4459 4475
f 4437 4478 4442
f 4437 4474 4478
f 4452 4479 4443
f 4443 4479 4477
f 4480 4448 4451
f 4481 4451 4457
f 4480 4451 4481
f 4482 4454 4448
f 4482 4448 4480
f 4483 4417 4418
f 4484 4418 4421
f 4483 4418 4484
f 4485 4457 4461
f 4481 4457 4485
f 4486 4420 4417
f 4486 4417 4483
f 4487 4458 4454
f 4487 4454 4482
f 4488 4461 4467
f 4485 4461 4488
f 4442 4489 4444
f 4442 4478 4489
f 4490 4421 4425
f 4484 4421 4490
f 4464 4491 4452
f 4452 4491 4479
f 4492 4423 4420
f 4492 4420 4486
f 4493 4463 4458
f 4493 4458 4487
f 4494 4467 4473
f 4488 4467 4494
f 4495 4472 4463
f 4495 4463 4493
f 4496 4473 4476
f 4494 4473 4496
f 4444 4497 4462
f 4444 4489 4497
f 4498 4425 4429
f 4490 4425 4498
f 4471 4499 4464
f 4464 4499 4491
f 4500 4475 4472
f 4500 4472 4495
f 4501 4476 4475
f 4496 4476 4501
f 4501 4475 4500
f 4502 4427 4423
f 4502 4423 4492
f 4470 4503 4468
f 4468 4504 4469
f 4468 4503 4504
f 4477 4505 4470
f 4470 4505 4503
f 4462 4506 4471
f 4462 4497 4506
f 4471 4506 4499
f 4469 4507 4474
f 4469 4504 4507
f 4479 4508 4477
f 4477 4508 4505
f 4509 4429 4438
f 4498 4429 4509
f 4510 4432 4427
f 4510 4427 4502
f 4474 4511 4478
f 4474 4507 4511
f 4512 4480 4481
f 4513 4481 4485
f 4512 4481 4513
f 4491 4514 4479
f 4479 4514 4508
f 4515 4482 4480
f 4515 4480 4512
f 4516 4485 4488
f 4513 4485 4516
f 4517 4438 4441
f 4509 4438 4517
f 4518 4487 4482
f 4518 4482 4515
f 4519 4488 4494
f 4516 4488 4519
f 4520 4440 4432
f 4520 4432 4510
f 4478 4521 4489
f 4478 4511 4521
f 4522 4493 4487
f 4522 4487 4518
f 4523 4494 4496
f 4519 4494 4523
f 4499 4524 4491
f 4491 4524 4514
f 4525 4441 4440
f 4517 4441 4525
f 4525 4440 4520
f 4526 4495 4493
f 4526 4493 4522
f 4527 4496 4501
f 4523 4496 4527
f 4489 4528 4497
f 4489 4521 4528
f 4529 4500 4495
f 4529 4495 4526
f 4530 4501 4500
f 4527 4501 4530
f 4506 4531 4499
f 4499 4531 4524
f 4530 4500 4529
f 4505 4532 4503
f 4503 4533 4504
f 4503 4532 4533
f 4508 4534 4505
f 4505 4534 4532
f 4497 4535 4506
f 4497 4528 4535
f 4506 4535 4531
f 4504 4536 4507
f 4504 4533 4536
f 4514 4537 4508
f 4508 4537 4534
f 4507 4538 4511
f 4507 4536 4538
f 4539 4513 4516
f 4540 4512 4513
f 4540 4513 4539
f 4524 4541 4514
f 4514 4541 4537
f 4542 4516 4519
f 4539 4516 4542
f 4543 4515 4512
f 4543 4512 4540
f 4544 4518 4515
f 4544 4515 4543
f 4545 4519 4523
f 4542 4519 4545
f 4511 4546 4521
f 4511 4538 4546
f 4547 4522 4518
f 4547 4518 4544
f 4531 4548 4524
f 4524 4548 4541
f 4549 4523 4527
f 4545 4523 4549
f 4550 4526 4522
f 4550 4522 4547
f 4551 4527 4530
f 4549 4527 4551
f 4521 4552 4528
f 4521 4546 4552
f 4553 4529 4526
f 4553 4526 4550
f 4535 4554 4531
f 4531 4554 4548
f 4555 4530 4529
f 4551 4530 4555
f 4555 4529 4553
f 4534 4556 4532
f 4532 4557 4533
f 4532 4556 4557
f 4537 4558 4534
f 4534 4558 4556
f 4528 4559 4535
f 4528 4552 4559
f 4535 4559 4554
f 4560 4483 4484
f 4561 4486 4483
f 4561 4483 4560
f 4562 4484 4490
f 4560 4484 4562
f 4533 4563 4536
f 4533 4557 4563
f 4564 4490 4498
f 4562 4490 4564
f 4541 4565 4537
f 4537 4565 4558
f 4566 4492 4486
f 4566 4486 4561
f 4536 4567 4538
f 4536 4563 4567
f 4548 4568 4541
f 4541 4568 4565
f 4569 4498 4509
f 4564 4498 4569
f 4570 4540 4539
f 4571 4539 4542
f 4570 4539 4571
f 4572 4543 4540
f 4572 4540 4570
f 4573 4502 4492
f 4573 4492 4566
f 4574 4542 4545
f 4571 4542 4574
f 4575 4544 4543
f 4575 4543 4572
f 4538 4576 4546
f 4538 4567 4576
f 4577 4545 4549
f 4574 4545 4577
f 4554 4578 4548
f 4548 4578 4568
f 4579 4509 4517
f 4569 4509 4579
f 4580 4547 4544
f 4580 4544 4575
f 4581 4549 4551
f 4577 4549 4581
f 4582 4510 4502
f 4582 4502 4573
f 4546 4583 4552
f 4546 4576 4583
f 4584 4550 4547
f 4584 4547 4580
f 4559 4585 4554
f 4554 4585 4578
f 4586 4551 4555
f 4581 4551 4586
f 4587 4553 4550
f 4587 4550 4584
f 4552 4588 4559
f 4552 4583 4588
f 4589 4517 4525
f 4579 4517 4589
f 4590 4555 4553
f 4586 4555 4590
f 4558 4591 4556
f 4556 4592 4557
f 4556 4591 4592
f 4565 4593 4558
f 4558 4593 4591
f 4559 4588 4585
f 4590 4553 4587
f 4594 4520 4510
f 4594 4510 4582
f 4557 4595 4563
f 4557 4592 4595
f 4568 4596 4565
f 4565 4596 4593
f 4597 4525 4520
f 4589 4525 4597
f 4597 4520 4594
f 4563 4598 4567
f 4563 4595 4598
f 4578 4599 4568
f 4568 4599 4596
f 4600 4570 4571
f 4601 4571 4574
f 4600 4571 4601
f 4602 4572 4570
f 4602 4570 4600
f 4603 4574 4577
f 4601 4574 4603
f 4604 4575 4572
f 4604 4572 4602
f 4567 4605 4576
f 4567 4598 4605
f 4585 4606 4578
f 4578 4606 4599
f 4607 4577 4581
f 4603 4577 4607
f 4608 4580 4575
f 4608 4575 4604
f 4609 4581 4586
f 4607 4581 4609
f 4576 4610 4583
f 4576 4605 4610
f 4588 4611 4585
f 4585 4611 4606
f 4612 4584 4580
f 4612 4580 4608
f 4613 4586 4590
f 4609 4586 4613
f 4583 4614 4588
f 4583 4610 4614
f 4588 4614 4611
f 4593 4615 4591
f 4591 4616 4592
f 4591 4615 4616
f 4596 4617 4593
f 4593 4617 4615
f 4618 4587 4584
f 4618 4584 4612
f 4619 4590 4587
f 4613 4590 4619
f 4619 4587 4618
f 4592 4620 4595
f 4592 4616 4620
f 4599 4621 4596
f 4596 4621 4617
f 4595 4622 4598
f 4595 4620 4622
f 4606 4623 4599
f 4599 4623 4621
f 4624 4600 4601
f 4625 4601 4603
f 4624 4601 4625
f 4626 4602 4600
f 4626 4600 4624
f 4627 4560 4562
f 4628 4562 4564
f 4627 4562 4628
f 4629 4603 4607
f 4625 4603 4629
f 4630 4561 4560
f 4630 4560 4627
f 4631 4604 4602
f 4631 4602 4626
f 4598 4632 4605
f 4598 4622 4632
f 4633 4564 4569
f 4628 4564 4633
f 4634 4607 4609
f 4629 4607 4634
f 4611 4635 4606
f 4606 4635 4623
f 4636 4566 4561
f 4636 4561 4630
f 4637 4608 4604
f 4637 4604 4631
f 4638 4609 4613
f 4634 4609 4638
f 4605 4639 4610
f 4605 4632 4639
f 4614 4640 4611
f 4611 4640 4635
f 4641 4569 4579
f 4633 4569 4641
f 4642 4612 4608
f 4642 4608 4637
f 4610 4643 4614
f 4610 4639 4643
f 4614 4643 4640
f 4644 4573 4566
f 4644 4566 4636
f 4645 4613 4619
f 4638 4613 4645
f 4646 4618 4612
f 4646 4612 4642
f 4617 4647 4615
f 4615 4648 4616
f 4615 4647 4648
f 4621 4649 4617
f 4617 4649 4647
f 4650 4619 4618
f 4645 4619 4650
f 4650 4618 4646
f 4616 4651 4620
f 4616 4648 4651
f 4652 4579 4589
f 4641 4579 4652
f 4623 4653 4621
f 4621 4653 4649
f 4654 4582 4573
f 4654 4573 4644
f 4655 4624 4625
f 4656 4625 4629
f 4655 4625 4656
f 4657 4626 4624
f 4657 4624 4655
f 4658 4629 4634
f 4656 4629 4658
f 4620 4659 4622
f 4620 4651 4659
f 4660 4631 4626
f 4660 4626 4657
f 4635 4661 4623
f 4623 4661 4653
f 4662 4589 4597
f 4652 4589 4662
f 4663 4594 4582
f 4663 4582 4654
f 4664 4634 4638
f 4658 4634 4664
f 4665 4637 4631
f 4665 4631 4660
f 4622 4666 4632
f 4622 4659 4666
f 4667 4597 4594
f 4667 4594 4663
f 4662 4597 4667
f 4640 4668 4635
f 4635 4668 4661
f 4669 4638 4645
f 4664 4638 4669
f 4670 4642 4637
f 4670 4637 4665
f 4632 4671 4639
f 4632 4666 4671
f 4643 4672 4640
f 4640 4672 4668
f 4673 4645 4650
f 4669 4645 4673
f 4674 4646 4642
f 4674 4642 4670
f 4675 4655 4656
f 4676 4656 4658
f 4675 4656 4676
f 4677 4657 4655
f 4677 4655 4675
f 4639 4678 4643
f 4639 4671 4678
f 4643 4678 4672
f 4679 4650 4646
f 4673 4650 4679
f 4679 4646 4674
f 4680 4658 4664
f 4676 4658 4680
f 4681 4660 4657
f 4681 4657 4677
f 4649 4682 4647
f 4647 4683 4648
f 4647 4682 4683
f 4653 4684 4649
f 4649 4684 4682
f 4685 4664 4669
f 4680 4664 4685
f 4648 4686 4651
f 4648 4683 4686
f 4687 4665 4660
f 4687 4660 4681
f 4661 4688 4653
f 4653 4688 4684
f 4689 4669 4673
f 4685 4669 4689
f 4690 4675 4676
f 4691 4676 4680
f 4690 4676 4691
f 4651 4692 4659
f 4651 4686 4692
f 4693 4677 4675
f 4693 4675 4690
f 4661 4694 4688
f 4668 4694 4661
f 4695 4670 4665
f 4695 4665 4687
f 4691 4680 4696
f 4696 4680 4685
f 4697 4681 4677
f 4697 4677 4693
f 4684 4691 4682
f 4682 4691 4696
f 4682 4696 4683
f 4684 4690 4691
f 4688 4690 4684
f 4698 4673 4679
f 4689 4673 4698
f 4699 4674 4670
f 4699 4670 4695
f 4688 4693 4690
f 4683 4696 4700
f 4683 4700 4686
f 4659 4701 4666
f 4659 4692 4701
f 4694 4693 4688
f 4668 4702 4694
f 4672 4702 4668
f 4696 4685 4700
f 4700 4685 4689
f 4703 4679 4674
f 4698 4679 4703
f 4703 4674 4699
f 4704 4687 4681
f 4704 4681 4697
f 4694 4697 4693
f 4686 4700 4705
f 4686 4705 4692
f 4706 4627 4628
f 4707 4628 4633
f 4706 4628 4707
f 4666 4708 4671
f 4666 4701 4708
f 4709 4630 4627
f 4709 4627 4706
f 4702 4697 4694
f 4678 4710 4672
f 4672 4710 4702
f 4700 4689 4705
f 4705 4689 4698
f 4711 4695 4687
f 4711 4687 4704
f 4702 4704 4697
f 4712 4633 4641
f 4707 4633 4712
f 4671 4713 4678
f 4671 4708 4713
f 4678 4713 4710
f 4714 4636 4630
f 4714 4630 4709
f 4692 4705 4715
f 4692 4715 4701
f 4705 4698 4715
f 4715 4698 4703
f 4710 4704 4702
f 4716 4699 4695
f 4716 4695 4711
f 4710 4711 4704
f 4717 4641 4652
f 4712 4641 4717
f 4718 4703 4699
f 4715 4703 4718
f 4718 4699 4716
f 4701 4715 4718
f 4701 4718 4708
f 4719 4644 4636
f 4719 4636 4714
f 4713 4711 4710
f 4713 4716 4711
f 4708 4716 4713
f 4708 4718 4716
f 4720 4652 4662
f 4717 4652 4720
f 4721 4654 4644
f 4721 4644 4719
f 4722 4662 4667
f 4720 4662 4722
f 4723 4663 4654
f 4723 4654 4721
f 4724 4667 4663
f 4722 4667 4724
f 4724 4663 4723
f 4725 4706 4707
f 4726 4707 4712
f 4725 4707 4726
f 4727 4709 4706
f 4727 4706 4725
f 4728 4712 4717
f 4726 4712 4728
f 4729 4714 4709
f 4729 4709 4727
f 4730 4717 4720
f 4728 4717 4730
f 4731 4719 4714
f 4731 4714 4729
f 4732 4720 4722
f 4730 4720 4732
f 4733 4721 4719
f 4733 4719 4731
f 4734 4722 4724
f 4732 4722 4734
f 4735 4723 4721
f 4735 4721 4733
f 4736 4724 4723
f 4734 4724 4736
f 4736 4723 4735
f 4737 4725 4726
f 4738 4727 4725
f 4738 4725 4737
f 4739 4726 4728
f 4737 4726 4739
f 4740 4728 4730
f 4739 4728 4740
f 4741 4729 4727
f 4741 4727 4738
f 4742 4730 4732
f 4740 4730 4742
f 4743 4731 4729
f 4743 4729 4741
f 4744 4732 4734
f 4742 4732 4744
f 4745 4733 4731
f 4745 4731 4743
f 4746 4734 4736
f 4744 4734 4746
f 4747 4735 4733
f 4747 4733 4745
f 4748 4736 4735
f 4746 4736 4748
f 4748 4735 4747
f 4749 4737 4739
f 4750 4738 4737
f 4750 4737 4749
f 4751 4739 4740
f 4749 4739 4751
f 4752 4740 4742
f 4751 4740 4752
f 4753 4741 4738
f 4753 4738 4750
f 4754 4742 4744
f 4752 4742 4754
f 4755 4743 4741
f 4755 4741 4753
f 4756 4744 4746
f 4754 4744 4756
f 4757 4745 4743
f 4757 4743 4755
f 4758 4746 4748
f 4756 4746 4758
f 4759 4747 4745
f 4759 4745 4757
f 4760 4748 4747
f 4758 4748 4760
f 4760 4747 4759
f 4761 4749 4751
f 4762 4751 4752
f 4761 4751 4762
f 4763 4750 4749
f 4763 4749 4761
f 4764 4752 4754
f 4762 4752 4764
f 4765 4753 4750
f 4765 4750 4763
f 4766 4754 4756
f 4764 4754 4766
f 4767 4755 4753
f 4767 4753 4765
f 4768 4756 4758
f 4766 4756 4768
f 4769 4757 4755
f 4769 4755 4767
f 4770 4758 4760
f 4768 4758 4770
f 4771 4759 4757
f 4771 4757 4769
f 4772 4760 4759
f 4770 4760 4772
f 4772 4759 4771
f 4773 4761 4762
f 4774 4762 4764
f 4773 4762 4774
f 4775 4763 4761
f 4775 4761 4773
f 4776 4764 4766
f 4774 4764 4776
f 4777 4765 4763
f 4777 4763 4775
f 4778 4766 4768
f 4776 4766 4778
f 4779 4767 4765
f 4779 4765 4777
f 4780 4768 4770
f 4778 4768 4780
f 4781 4769 4767
f 4781 4767 4779
f 4782 4770 4772
f 4780 4770 4782
f 4783 4771 4769
f 4783 4769 4781
f 4784 4772 4771
f 4782 4772 4784
f 4784 4771 4783
f 4785 4773 4774
f 4786 4774 4776
f 4785 4774 4786
f 4787 4775 4773
f 4787 4773 4785
f 4788 4776 4778
f 4786 4776 4788
f 4789 4777 4775
f 4789 4775 4787
f 4790 4778 4780
f 4788 4778 4790
f 4791 4779 4777
f 4791 4777 4789
f 4792 4780 4782
f 4790 4780 4792
f 4793 4781 4779
f 4793 4779 4791
f 4794 4782 4784
f 4792 4782 4794
f 4795 4783 4781
f 4795 4781 4793
f 4796 4784 4783
f 4794 4784 4796
f 4797 4785 4786
f 4798 4786 4788
f 4797 4786 4798
f 4796 4783 4795
f 4799 4787 4785
f 4799 4785 4797
f 4800 4788 4790
f 4798 4788 4800
f 4801 4789 4787
f 4801 4787 4799
f 4802 4790 4792
f 4800 4790 4802
f 4803 4791 4789
f 4803 4789 4801
f 4804 4792 4794
f 4802 4792 4804
f 4805 4793 4791
f 4805 4791 4803
f 4806 4794 4796
f 4804 4794 4806
f 4807 4795 4793
f 4807 4793 4805
f 4808 4796 4795
f 4806 4796 4808
f 4809 4798 4800
f 4810 4797 4798
f 4810 4798 4809
f 4808 4795 4807
f 4811 4800 4802
f 4809 4800 4811
f 4812 4799 4797
f 4812 4797 4810
f 4813 4802 4804
f 4811 4802 4813
f 4814 4801 4799
f 4814 4799 4812
f 4815 4804 4806
f 4813 4804 4815
f 4816 4803 4801
f 4816 4801 4814
f 4817 4806 4808
f 4815 4806 4817
f 4818 4805 4803
f 4818 4803 4816
f 4819 4809 4811
f 4820 4810 4809
f 4820 4809 4819
f 4821 4808 4807
f 4817 4808 4821
f 4822 4807 4805
f 4822 4805 4818
f 4823 4811 4813
f 4819 4811 4823
f 4821 4807 4822
f 4824 4812 4810
f 4824 4810 4820
f 4825 4813 4815
f 4823 4813 4825
f 4826 4814 4812
f 4826 4812 4824
f 4827 4815 4817
f 4825 4815 4827
f 4828 4816 4814
f 4828 4814 4826
f 4829 4817 4821
f 4827 4817 4829
f 4830 4818 4816
f 4830 4816 4828
f 4831 4819 4823
f 4832 4820 4819
f 4832 4819 4831
f 4833 4823 4825
f 4831 4823 4833
f 4834 4821 4822
f 4829 4821 4834
f 4835 4822 4818
f 4835 4818 4830
f 4836 4824 4820
f 4836 4820 4832
f 4834 4822 4835
f 4837 4825 4827
f 4833 4825 4837
f 4838 4826 4824
f 4838 4824 4836
f 4839 4827 4829
f 4837 4827 4839
f 4840 4828 4826
f 4840 4826 4838
f 4841 4829 4834
f 4839 4829 4841
f 4842 4830 4828
f 4842 4828 4840
f 4843 4831 4833
f 4844 4832 4831
f 4844 4831 4843
f 4845 4833 4837
f 4843 4833 4845
f 4846 4834 4835
f 4841 4834 4846
f 4847 4836 4832
f 4847 4832 4844
f 4848 4835 4830
f 4848 4830 4842
f 4849 4837 4839
f 4845 4837 4849
f 4846 4835 4848
f 4850 4838 4836
f 4850 4836 4847
f 4851 4839 4841
f 4849 4839 4851
f 4852 4840 4838
f 4852 4838 4850
f 4853 4841 4846
f 4851 4841 4853
f 4854 4843 4845
f 4855 4844 4843
f 4855 4843 4854
f 4856 4845 4849
f 4854 4845 4856
f 4857 4842 4840
f 4857 4840 4852
f 4858 4846 4848
f 4853 4846 4858
f 4859 4847 4844
f 4859 4844 4855
f 4860 4849 4851
f 4856 4849 4860
f 4861 4848 4842
f 4861 4842 4857
f 4858 4848 4861
f 4862 4850 4847
f 4862 4847 4859
f 4863 4851 4853
f 4860 4851 4863
f 4864 4852 4850
f 4864 4850 4862
f 4865 4853 4858
f 4863 4853 4865
f 4866 4854 4856
f 4867 4856 4860
f 4866 4856 4867
f 4868 4855 4854
f 4868 4854 4866
f 4869 4860 4863
f 4867 4860 4869
f 4870 4859 4855
f 4870 4855 4868
f 4871 4857 4852
f 4871 4852 4864
f 4872 4858 4861
f 4865 4858 4872
f 4873 4861 4857
f 4873 4857 4871
f 4872 4861 4873
f 4874 4863 4865
f 4869 4863 4874
f 4875 4862 4859
f 4875 4859 4870
f 4876 4866 4867
f 4877 4867 4869
f 4876 4867 4877
f 4878 4865 4872
f 4874 4865 4878
f 4879 4868 4866
f 4879 4866 4876
f 4880 4864 4862
f 4880 4862 4875
f 4881 4869 4874
f 4877 4869 4881
f 4882 4870 4868
f 4882 4868 4879
f 4883 4872 4873
f 4878 4872 4883
f 4884 4871 4864
f 4884 4864 4880
f 4885 4874 4878
f 4881 4874 4885
f 4886 4873 4871
f 4886 4871 4884
f 4883 4873 4886
f 4887 4875 4870
f 4887 4870 4882
f 4879 4876 4877
f 4882 4877 4881
f 4879 4877 4882
f 4885 4878 4888
f 4888 4878 4883
f 4887 4881 4885
f 4882 4881 4887
f 4889 4880 4875
f 4889 4875 4887
f 4889 4885 4888
f 4887 4885 4889
f 4890 4883 4886
f 4888 4883 4890
f 4891 4884 4880
f 4891 4880 4889
f 4892 4886 4884
f 4890 4886 4892
f 4892 4884 4891
f 4891 4888 4890
f 4889 4888 4891
f 4891 4890 4892
f 4893 4894 4895
f 4893 4895 4896
f 4897 4895 4894
f 4896 4895 4898
f 4899 4898 4895
f 4899 4895 4897
f 4900 4894 4893
f 4901 4900 4893
f 4902 4893 4896
f 4901 4893 4902
f 4903 4894 4900
f 4897 4894 4903
f 4903 4900 4901
f 4896 4898 4904
f 4904 4898 4905
f 4906 4905 4898
f 4906 4898 4899
f 4907 4896 4904
f 4902 4896 4907
f 4908 4909 4910
f 4911 4908 4910
f 4912 4910 4909
f 4911 4910 4912
f 4913 4909 4908
f 4914 4913 4908
f 4914 4908 4911
f 4913 4905 4909
f 4915 4909 4905
f 4912 4909 4915
f 4904 4905 4913
f 4916 4904 4913
f 4916 4913 4914
f 4915 4905 4906
f 4907 4904 4916
f 4917 4901 4902
f 4918 4902 4907
f 4917 4902 4918
f 4919 4903 4901
f 4919 4901 4917
f 4920 4897 4903
f 4920 4903 4919
f 4921 4907 4916
f 4918 4907 4921
f 4922 4899 4897
f 4922 4897 4920
f 4923 4916 4914
f 4921 4916 4923
f 4924 4906 4899
f 4924 4899 4922
f 4925 4914 4911
f 4923 4914 4925
f 4926 4915 4906
f 4926 4906 4924
f 4927 4911 4912
f 4925 4911 4927
f 4928 4912 4915
f 4927 4912 4928
f 4928 4915 4926
f 4929 4917 4918
f 4930 4918 4921
f 4929 4918 4930
f 4931 4919 4917
f 4931 4917 4929
f 4932 4921 4923
f 4930 4921 4932
f 4933 4920 4919
f 4933 4919 4931
f 4934 4923 4925
f 4932 4923 4934
f 4935 4922 4920
f 4935 4920 4933
f 4936 4925 4927
f 4934 4925 4936
f 4937 4924 4922
f 4937 4922 4935
f 4938 4927 4928
f 4936 4927 4938
f 4939 4926 4924
f 4939 4924 4937
f 4940 4928 4926
f 4938 4928 4940
f 4940 4926 4939
f 4941 4929 4930
f 4942 4930 4932
f 4941 4930 4942
f 4943 4931 4929
f 4943 4929 4941
f 4944 4932 4934
f 4942 4932 4944
f 4945 4933 4931
f 4945 4931 4943
f 4946 4934 4936
f 4944 4934 4946
f 4947 4935 4933
f 4947 4933 4945
f 4948 4936 4938
f 4946 4936 4948
f 4949 4937 4935
f 4949 4935 4947
f 4950 4938 4940
f 4948 4938 4950
f 4951 4939 4937
f 4951 4937 4949
f 4952 4940 4939
f 4950 4940 4952
f 4952 4939 4951
f 4953 4941 4942
f 4954 4942 4944
f 4953 4942 4954
f 4955 4943 4941
f 4955 4941 4953
f 4956 4944 4946
f 4954 4944 4956
f 4957 4945 4943
f 4957 4943 4955
f 4958 4946 4948
f 4956 4946 4958
f 4959 4947 4945
f 4959 4945 4957
f 4960 4948 4950
f 4958 4948 4960
f 4961 4949 4947
f 4961 4947 4959
f 4962 4950 4952
f 4960 4950 4962
f 4963 4951 4949
f 4963 4949 4961
f 4964 4952 4951
f 4962 4952 4964
f 4964 4951 4963
f 4965 4953 4954
f 4966 4954 4956
f 4965 4954 4966
f 4967 4955 4953
f 4967 4953 4965
f 4968 4956 4958
f 4966 4956 4968
f 4969 4957 4955
f 4969 4955 4967
f 4970 4958 4960
f 4968 4958 4970
f 4971 4959 4957
f 4971 4957 4969
f 4972 4960 4962
f 4970 4960 4972
f 4973 4961 4959
f 4973 4959 4971
f 4974 4962 4964
f 4972 4962 4974
f 4975 4963 4961
f 4975 4961 4973
f 4976 4964 4963
f 4974 4964 4976
f 4976 4963 4975
f 4977 4965 4966
f 4978 4966 4968
f 4977 4966 4978
f 4979 4967 4965
f 4979 4965 4977
f 4980 4968 4970
f 4978 4968 4980
f 4981 4969 4967
f 4981 4967 4979
f 4982 4970 4972
f 4980 4970 4982
f 4983 4971 4969
f 4983 4969 4981
f 4984 4972 4974
f 4982 4972 4984
f 4985 4973 4971
f 4985 4971 4983
f 4986 4974 4976
f 4984 4974 4986
f 4987 4975 4973
f 4987 4973 4985
f 4988 4976 4975
f 4986 4976 4988
f 4988 4975 4987
f 4989 4977 4978
f 4990 4978 4980
f 4989 4978 4990
f 4991 4979 4977
f 4991 4977 4989
f 4992 4981 4979
f 4992 4979 4991
f 4993 4980 4982
f 4990 4980 4993
f 4994 4983 4981
f 4994 4981 4992
f 4995 4982 4984
f 4993 4982 4995
f 4996 4985 4983
f 4996 4983 4994
f 4997 4984 4986
f 4995 4984 4997
f 4998 4987 4985
f 4998 4985 4996
f 4999 4986 4988
f 4997 4986 4999
f 5000 4988 4987
f 4999 4988 5000
f 5000 4987 4998
f 5001 4989 4990
f 5002 4990 4993
f 5001 4990 5002
f 5003 4991 4989
f 5003 4989 5001
f 5004 4992 4991
f 5004 4991 5003
f 5005 4993 4995
f 5002 4993 5005
f 5006 4994 4992
f 5006 4992 5004
f 5007 4995 4997
f 5005 4995 5007
f 5008 4996 4994
f 5008 4994 5006
f 5009 4997 4999
f 5007 4997 5009
f 5010 4998 4996
f 5010 4996 5008
f 5011 4999 5000
f 5009 4999 5011
f 5012 5000 4998
f 5011 5000 5012
f 5012 4998 5010
f 5013 5001 5002
f 5014 5003 5001
f 5014 5001 5013
f 5015 5002 5005
f 5013 5002 5015
f 5016 5004 5003
f 5016 5003 5014
f 5017 5005 5007
f 5015 5005 5017
f 5018 5006 5004
f 5018 5004 5016
f 5019 5007 5009
f 5017 5007 5019
f 5020 5008 5006
f 5020 5006 5018
f 5021 5009 5011
f 5019 5009 5021
f 5022 5010 5008
f 5022 5008 5020
f 5023 5011 5012
f 5021 5011 5023
f 5024 5012 5010
f 5024 5010 5022
f 5023 5012 5024
f 5025 5013 5015
f 5026 5014 5013
f 5026 5013 5025
f 5027 5015 5017
f 5025 5015 5027
f 5028 5016 5014
f 5028 5014 5026
f 5029 5017 5019
f 5027 5017 5029
f 5030 5018 5016
f 5030 5016 5028
f 5031 5019 5021
f 5029 5019 5031
f 5032 5020 5018
f 5032 5018 5030
f 5033 5021 5023
f 5031 5021 5033
f 5034 5022 5020
f 5034 5020 5032
f 5035 5023 5024
f 5033 5023 5035
f 5036 5024 5022
f 5036 5022 5034
f 5035 5024 5036
f 5037 5025 5027
f 5038 5026 5025
f 5038 5025 5037
f 5039 5027 5029
f 5037 5027 5039
f 5040 5028 5026
f 5040 5026 5038
f 5041 5029 5031
f 5039 5029 5041
f 5042 5030 5028
f 5042 5028 5040
f 5043 5031 5033
f 5041 5031 5043
f 5044 5032 5030
f 5044 5030 5042
f 5045 5033 5035
f 5043 5033 5045
f 5046 5034 5032
f 5046 5032 5044
f 5047 5035 5036
f 5045 5035 5047
f 5048 5036 5034
f 5048 5034 5046
f 5047 5036 5048
f 5037 5039 5038
f 5038 5039 5041
f 5038 5041 5040
f 5040 5041 5043
f 5040 5043 5042
f 5042 5043 5045
f 5042 5045 5044
f 5044 5045 5047
f 5044 5047 5046
f 5046 5047 5048
f 5049 5050 5051
f 5052 5049 5051
f 5049 5053 5050
f 5054 5053 5049
f 5054 5049 5052
f 5051 5055 5056
f 5057 5051 5056
f 5051 5050 5055
f 5052 5051 5057
f 5058 5050 5053
f 5058 5053 5054
f 5056 5059 5060
f 5061 5056 5060
f 5056 5055 5059
f 5057 5056 5061
f 5062 5055 5050
f 5062 5050 5058
f 5060 5063 5064
f 5065 5060 5064
f 5060 5059 5063
f 5061 5060 5065
f 5066 5059 5055
f 5066 5055 5062
f 5064 5067 5068
f 5069 5064 5068
f 5064 5063 5067
f 5065 5064 5069
f 5070 5063 5059
f 5070 5059 5066
f 5071 5068 5067
f 5069 5068 5071
f 5072 5067 5063
f 5072 5063 5070
f 5071 5067 5072
f 5073 5052 5057
f 5074 5054 5052
f 5074 5052 5073
f 5075 5057 5061
f 5073 5057 5075
f 5076 5058 5054
f 5076 5054 5074
f 5077 5061 5065
f 5075 5061 5077
f 5078 5062 5058
f 5078 5058 5076
f 5079 5065 5069
f 5077 5065 5079
f 5080 5066 5062
f 5080 5062 5078
f 5081 5069 5071
f 5079 5069 5081
f 5082 5070 5066
f 5082 5066 5080
f 5083 5071 5072
f 5081 5071 5083
f 5084 5072 5070
f 5084 5070 5082
f 5083 5072 5084
f 5085 5073 5075
f 5086 5074 5073
f 5086 5073 5085
f 5087 5075 5077
f 5085 5075 5087
f 5088 5076 5074
f 5088 5074 5086
f 5089 5077 5079
f 5087 5077 5089
f 5090 5078 5076
f 5090 5076 5088
f 5091 5079 5081
f 5089 5079 5091
f 5092 5080 5078
f 5092 5078 5090
f 5093 5081 5083
f 5091 5081 5093
f 5094 5082 5080
f 5094 5080 5092
f 5095 5083 5084
f 5093 5083 5095
f 5096 5084 5082
f 5096 5082 5094
f 5095 5084 5096
f 5097 5085 5087
f 5098 5086 5085
f 5098 5085 5097
f 5099 5087 5089
f 5097 5087 5099
f 5100 5088 5086
f 5100 5086 5098
f 5101 5089 5091
f 5099 5089 5101
f 5102 5090 5088
f 5102 5088 5100
f 5103 5091 5093
f 5101 5091 5103
f 5104 5092 5090
f 5104 5090 5102
f 5105 5093 5095
f 5103 5093 5105
f 5106 5094 5092
f 5106 5092 5104
f 5107 5095 5096
f 5105 5095 5107
f 5108 5096 5094
f 5108 5094 5106
f 5107 5096 5108
f 5109 5097 5099
f 5110 5098 5097
f 5110 5097 5109
f 5111 5099 5101
f 5109 5099 5111
f 5112 5100 5098
f 5112 5098 5110
f 5113 5101 5103
f 5111 5101 5113
f 5114 5102 5100
f 5114 5100 5112
f 5115 5103 5105
f 5113 5103 5115
f 5116 5104 5102
f 5116 5102 5114
f 5117 5105 5107
f 5115 5105 5117
f 5118 5106 5104
f 5118 5104 5116
f 5119 5107 5108
f 5117 5107 5119
f 5120 5108 5106
f 5120 5106 5118
f 5119 5108 5120
f 5121 5109 5111
f 5122 5110 5109
f 5122 5109 5121
f 5123 5111 5113
f 5121 5111 5123
f 5124 5112 5110
f 5124 5110 5122
f 5125 5113 5115
f 5123 5113 5125
f 5126 5114 5112
f 5126 5112 5124
f 5127 5115 5117
f 5125 5115 5127
f 5128 5116 5114
f 5128 5114 5126
f 5129 5117 5119
f 5127 5117 5129
f 5130 5118 5116
f 5130 5116 5128
f 5131 5119 5120
f 5129 5119 5131
f 5132 5120 5118
f 5132 5118 5130
f 5131 5120 5132
f 5133 5121 5123
f 5134 5122 5121
f 5134 5121 5133
f 5135 5123 5125
f 5133 5123 5135
f 5136 5124 5122
f 5136 5122 5134
f 5137 5125 5127
f 5135 5125 5137
f 5138 5126 5124
f 5138 5124 5136
f 5139 5127 5129
f 5137 5127 5139
f 5140 5128 5126
f 5140 5126 5138
f 5141 5129 5131
f 5139 5129 5141
f 5142 5130 5128
f 5142 5128 5140
f 5143 5131 5132
f 5141 5131 5143
f 5144 5132 5130
f 5144 5130 5142
f 5143 5132 5144
f 5145 5133 5135
f 5146 5134 5133
f 5146 5133 5145
f 5147 5135 5137
f 5145 5135 5147
f 5148 5136 5134
f 5148 5134 5146
f 5149 5137 5139
f 5147 5137 5149
f 5150 5138 5136
f 5150 5136 5148
f 5151 5139 5141
f 5149 5139 5151
f 5152 5140 5138
f 5152 5138 5150
f 5153 5141 5143
f 5151 5141 5153
f 5154 5142 5140
f 5154 5140 5152
f 5155 5143 5144
f 5153 5143 5155
f 5156 5144 5142
f 5156 5142 5154
f 5155 5144 5156
f 5157 5146 5145
f 5158 5145 5147
f 5157 5145 5158
f 5159 5148 5146
f 5159 5146 5157
f 5160 5147 5149
f 5158 5147 5160
f 5161 5150 5148
f 5161 5148 5159
f 5162 5149 5151
f 5160 5149 5162
f 5163 5151 5153
f 5162 5151 5163
f 5164 5152 5150
f 5164 5150 5161
f 5165 5153 5155
f 5163 5153 5165
f 5166 5154 5152
f 5166 5152 5164
f 5167 5156 5154
f 5167 5154 5166
f 5168 5155 5156
f 5165 5155 5168
f 5168 5156 5167
f 5169 5157 5158
f 5170 5158 5160
f 5169 5158 5170
f 5171 5159 5157
f 5171 5157 5169
f 5172 5160 5162
f 5170 5160 5172
f 5173 5161 5159
f 5173 5159 5171
f 5174 5162 5163
f 5172 5162 5174
f 5175 5164 5161
f 5175 5161 5173
f 5176 5163 5165
f 5174 5163 5176
f 5177 5166 5164
f 5177 5164 5175
f 5178 5165 5168
f 5176 5165 5178
f 5179 5167 5166
f 5179 5166 5177
f 5180 5168 5167
f 5178 5168 5180
f 5180 5167 5179
f 5181 5169 5170
f 5182 5170 5172
f 5181 5170 5182
f 5183 5171 5169
f 5183 5169 5181
f 5184 5172 5174
f 5182 5172 5184
f 5185 5173 5171
f 5185 5171 5183
f 5186 5174 5176
f 5184 5174 5186
f 5187 5175 5173
f 5187 5173 5185
f 5188 5176 5178
f 5186 5176 5188
f 5189 5177 5175
f 5189 5175 5187
f 5190 5178 5180
f 5188 5178 5190
f 5191 5179 5177
f 5191 5177 5189
f 5192 5180 5179
f 5190 5180 5192
f 5192 5179 5191
f 5193 5181 5182
f 5194 5182 5184
f 5193 5182 5194
f 5195 5183 5181
f 5195 5181 5193
f 5196 5184 5186
f 5194 5184 5196
f 5197 5185 5183
f 5197 5183 5195
f 5198 5186 5188
f 5196 5186 5198
f 5199 5187 5185
f 5199 5185 5197
f 5200 5188 5190
f 5198 5188 5200
f 5201 5189 5187
f 5201 5187 5199
f 5202 5190 5192
f 5200 5190 5202
f 5203 5191 5189
f 5203 5189 5201
f 5204 5192 5191
f 5202 5192 5204
f 5204 5191 5203
f 5193 5194 5196
f 5193 5196 5195
f 5195 5196 5198
f 5195 5198 5197
f 5197 5198 5200
f 5197 5200 5199
f 5199 5200 5202
f 5199 5202 5201
f 5201 5202 5204
f 5201 5204 5203
f 5205 5206 5207
f 5208 5205 5207
f 5207 5209 5210
f 5211 5207 5210
f 5207 5206 5209
f 5208 5207 5211
f 5205 5212 5206
f 5213 5212 5205
f 5213 5205 5208
f 5210 5214 5215
f 5216 5210 5215
f 5210 5209 5214
f 5211 5210 5216
f 5217 5206 5212
f 5217 5212 5213
f 5215 5218 5219
f 5220 5215 5219
f 5215 5214 5218
f 5216 5215 5220
f 5221 5209 5206
f 5221 5206 5217
f 5219 5222 5223
f 5224 5219 5223
f 5219 5218 5222
f 5220 5219 5224
f 5225 5214 5209
f 5225 5209 5221
f 5226 5223 5222
f 5224 5223 5226
f 5227 5218 5214
f 5227 5214 5225
f 5228 5222 5218
f 5226 5222 5228
f 5228 5218 5227
f 5229 5216 5220
f 5230 5220 5224
f 5229 5220 5230
f 5231 5211 5216
f 5231 5216 5229
f 5232 5208 5211
f 5232 5211 5231
f 5233 5213 5208
f 5233 5208 5232
f 5234 5224 5226
f 5230 5224 5234
f 5235 5217 5213
f 5235 5213 5233
f 5236 5226 5228
f 5234 5226 5236
f 5237 5221 5217
f 5237 5217 5235
f 5238 5228 5227
f 5236 5228 5238
f 5239 5227 5225
f 5238 5227 5239
f 5240 5225 5221
f 5239 5225 5240
f 5240 5221 5237
f 5241 5230 5234
f 5242 5234 5236
f 5241 5234 5242
f 5243 5229 5230
f 5243 5230 5241
f 5244 5231 5229
f 5244 5229 5243
f 5245 5236 5238
f 5242 5236 5245
f 5246 5232 5231
f 5246 5231 5244
f 5247 5238 5239
f 5245 5238 5247
f 5248 5233 5232
f 5248 5232 5246
f 5249 5239 5240
f 5247 5239 5249
f 5250 5235 5233
f 5250 5233 5248
f 5251 5240 5237
f 5249 5240 5251
f 5252 5237 5235
f 5251 5237 5252
f 5252 5235 5250
f 5253 5241 5242
f 5254 5242 5245
f 5253 5242 5254
f 5255 5243 5241
f 5255 5241 5253
f 5256 5245 5247
f 5254 5245 5256
f 5257 5244 5243
f 5257 5243 5255
f 5258 5247 5249
f 5256 5247 5258
f 5259 5246 5244
f 5259 5244 5257
f 5260 5249 5251
f 5258 5249 5260
f 5261 5248 5246
f 5261 5246 5259
f 5262 5251 5252
f 5260 5251 5262
f 5263 5250 5248
f 5263 5248 5261
f 5264 5252 5250
f 5262 5252 5264
f 5264 5250 5263
f 5265 5254 5256
f 5266 5256 5258
f 5265 5256 5266
f 5267 5253 5254
f 5267 5254 5265
f 5268 5255 5253
f 5268 5253 5267
f 5269 5257 5255
f 5269 5255 5268
f 5270 5258 5260
f 5266 5258 5270
f 5271 5259 5257
f 5271 5257 5269
f 5272 5260 5262
f 5270 5260 5272
f 5273 5261 5259
f 5273 5259 5271
f 5274 5262 5264
f 5272 5262 5274
f 5275 5263 5261
f 5275 5261 5273
f 5276 5264 5263
f 5274 5264 5276
f 5276 5263 5275
f 5277 5267 5265
f 5278 5265 5266
f 5277 5265 5278
f 5279 5268 5267
f 5279 5267 5277
f 5280 5266 5270
f 5278 5266 5280
f 5281 5269 5268
f 5281 5268 5279
f 5282 5270 5272
f 5280 5270 5282
f 5283 5271 5269
f 5283 5269 5281
f 5284 5272 5274
f 5282 5272 5284
f 5285 5273 5271
f 5285 5271 5283
f 5286 5274 5276
f 5284 5274 5286
f 5287 5275 5273
f 5287 5273 5285
f 5288 5276 5275
f 5286 5276 5288
f 5288 5275 5287
f 5289 5278 5280
f 5290 5277 5278
f 5290 5278 5289
f 5291 5280 5282
f 5289 5280 5291
f 5292 5279 5277
f 5292 5277 5290
f 5293 5281 5279
f 5293 5279 5292
f 5294 5282 5284
f 5291 5282 5294
f 5295 5283 5281
f 5295 5281 5293
f 5296 5284 5286
f 5294 5284 5296
f 5297 5285 5283
f 5297 5283 5295
f 5298 5286 5288
f 5296 5286 5298
f 5299 5288 5287
f 5298 5288 5299
f 5300 5287 5285
f 5300 5285 5297
f 5299 5287 5300
f 5301 5289 5291
f 5302 5290 5289
f 5302 5289 5301
f 5303 5291 5294
f 5301 5291 5303
f 5304 5292 5290
f 5304 5290 5302
f 5305 5294 5296
f 5303 5294 5305
f 5306 5293 5292
f 5306 5292 5304
f 5307 5296 5298
f 5305 5296 5307
f 5308 5295 5293
f 5308 5293 5306
f 5309 5298 5299
f 5307 5298 5309
f 5310 5297 5295
f 5310 5295 5308
f 5311 5299 5300
f 5309 5299 5311
f 5312 5300 5297
f 5312 5297 5310
f 5311 5300 5312
f 5313 5301 5303
f 5314 5302 5301
f 5314 5301 5313
f 5315 5303 5305
f 5313 5303 5315
f 5316 5304 5302
f 5316 5302 5314
f 5317 5305 5307
f 5315 5305 5317
f 5318 5306 5304
f 5318 5304 5316
f 5319 5307 5309
f 5317 5307 5319
f 5320 5308 5306
f 5320 5306 5318
f 5321 5309 5311
f 5319 5309 5321
f 5322 5310 5308
f 5322 5308 5320
f 5323 5311 5312
f 5321 5311 5323
f 5324 5312 5310
f 5324 5310 5322
f 5323 5312 5324
f 5325 5313 5315
f 5326 5315 5317
f 5325 5315 5326
f 5327 5314 5313
f 5327 5313 5325
f 5328 5316 5314
f 5328 5314 5327
f 5329 5317 5319
f 5326 5317 5329
f 5330 5318 5316
f 5330 5316 5328
f 5331 5319 5321
f 5329 5319 5331
f 5332 5320 5318
f 5332 5318 5330
f 5333 5321 5323
f 5331 5321 5333
f 5334 5322 5320
f 5334 5320 5332
f 5335 5323 5324
f 5333 5323 5335
f 5336 5324 5322
f 5335 5324 5336
f 5336 5322 5334
f 5337 5325 5326
f 5338 5326 5329
f 5337 5326 5338
f 5339 5327 5325
f 5339 5325 5337
f 5340 5329 5331
f 5338 5329 5340
f 5341 5328 5327
f 5341 5327 5339
f 5342 5331 5333
f 5340 5331 5342
f 5343 5330 5328
f 5343 5328 5341
f 5344 5333 5335
f 5342 5333 5344
f 5345 5332 5330
f 5345 5330 5343
f 5346 5335 5336
f 5344 5335 5346
f 5347 5334 5332
f 5347 5332 5345
f 5348 5336 5334
f 5346 5336 5348
f 5348 5334 5347
f 5349 5337 5338
f 5350 5338 5340
f 5349 5338 5350
f 5351 5339 5337
f 5351 5337 5349
f 5352 5340 5342
f 5350 5340 5352
f 5353 5341 5339
f 5353 5339 5351
f 5354 5342 5344
f 5352 5342 5354
f 5355 5343 5341
f 5355 5341 5353
f 5356 5344 5346
f 5354 5344 5356
f 5357 5345 5343
f 5357 5343 5355
f 5358 5346 5348
f 5356 5346 5358
f 5359 5347 5345
f 5359 5345 5357
f 5360 5348 5347
f 5358 5348 5360
f 5351 5350 5352
f 5349 5350 5351
f 5360 5347 5359
f 5353 5352 5354
f 5351 5352 5353
f 5355 5354 5356
f 5353 5354 5355
f 5357 5356 5358
f 5355 5356 5357
f 5359 5358 5360
f 5357 5358 5359
f 5361 5362 5363
f 5364 5361 5363
f 5363 5365 5366
f 5367 5363 5366
f 5363 5362 5365
f 5364 5363 5367
f 5368 5369 5361
f 5370 5368 5361
f 5361 5369 5362
f 5370 5361 5364
f 5371 5372 5368
f 5373 5371 5368
f 5368 5372 5369
f 5373 5368 5370
f 5366 5374 5375
f 5376 5366 5375
f 5377 5375 5374
f 5376 5375 5377
f 5366 5365 5374
f 5367 5366 5376
f 5371 5378 5372
f 5379 5378 5371
f 5379 5371 5373
f 5380 5372 5378
f 5380 5378 5379
f 5381 5374 5365
f 5377 5374 5381
f 5382 5369 5372
f 5382 5372 5380
f 5383 5365 5362
f 5381 5365 5383
f 5384 5362 5369
f 5383 5362 5384
f 5384 5369 5382
f 5385 5364 5367
f 5386 5367 5376
f 5385 5367 5386
f 5387 5370 5364
f 5387 5364 5385
f 5388 5376 5377
f 5386 5376 5388
f 5389 5373 5370
f 5389 5370 5387
f 5390 5377 5381
f 5388 5377 5390
f 5391 5379 5373
f 5391 5373 5389
f 5392 5381 5383
f 5390 5381 5392
f 5393 5380 5379
f 5393 5379 5391
f 5394 5383 5384
f 5392 5383 5394
f 5395 5382 5380
f 5395 5380 5393
f 5396 5384 5382
f 5394 5384 5396
f 5396 5382 5395
f 5397 5386 5388
f 5398 5388 5390
f 5397 5388 5398
f 5399 5385 5386
f 5399 5386 5397
f 5400 5387 5385
f 5400 5385 5399
f 5401 5390 5392
f 5398 5390 5401
f 5402 5389 5387
f 5402 5387 5400
f 5403 5392 5394
f 5401 5392 5403
f 5404 5391 5389
f 5404 5389 5402
f 5405 5394 5396
f 5403 5394 5405
f 5406 5393 5391
f 5406 5391 5404
f 5407 5396 5395
f 5405 5396 5407
f 5408 5395 5393
f 5407 5395 5408
f 5408 5393 5406
f 5409 5397 5398
f 5410 5398 5401
f 5409 5398 5410
f 5411 5399 5397
f 5411 5397 5409
f 5412 5401 5403
f 5410 5401 5412
f 5413 5400 5399
f 5413 5399 5411
f 5414 5403 5405
f 5412 5403 5414
f 5415 5402 5400
f 5415 5400 5413
f 5416 5405 5407
f 5414 5405 5416
f 5417 5404 5402
f 5417 5402 5415
f 5418 5407 5408
f 5416 5407 5418
f 5419 5406 5404
f 5419 5404 5417
f 5420 5408 5406
f 5418 5408 5420
f 5420 5406 5419
f 5421 5409 5410
f 5422 5410 5412
f 5421 5410 5422
f 5423 5411 5409
f 5423 5409 5421
f 5424 5412 5414
f 5422 5412 5424
f 5425 5413 5411
f 5425 5411 5423
f 5426 5414 5416
f 5424 5414 5426
f 5427 5415 5413
f 5427 5413 5425
f 5428 5416 5418
f 5426 5416 5428
f 5429 5417 5415
f 5429 5415 5427
f 5430 5418 5420
f 5428 5418 5430
f 5431 5419 5417
f 5431 5417 5429
f 5432 5420 5419
f 5430 5420 5432
f 5432 5419 5431
f 5433 5422 5424
f 5434 5421 5422
f 5434 5422 5433
f 5435 5424 5426
f 5433 5424 5435
f 5436 5423 5421
f 5436 5421 5434
f 5437 5426 5428
f 5435 5426 5437
f 5438 5425 5423
f 5438 5423 5436
f 5439 5428 5430
f 5437 5428 5439
f 5440 5427 5425
f 5440 5425 5438
f 5441 5430 5432
f 5439 5430 5441
f 5442 5429 5427
f 5442 5427 5440
f 5443 5432 5431
f 5441 5432 5443
f 5444 5431 5429
f 5444 5429 5442
f 5443 5431 5444
f 5445 5433 5435
f 5446 5434 5433
f 5446 5433 5445
f 5447 5435 5437
f 5445 5435 5447
f 5448 5436 5434
f 5448 5434 5446
f 5449 5437 5439
f 5447 5437 5449
f 5450 5438 5436
f 5450 5436 5448
f 5451 5439 5441
f 5449 5439 5451
f 5452 5440 5438
f 5452 5438 5450
f 5453 5441 5443
f 5451 5441 5453
f 5454 5442 5440
f 5454 5440 5452
f 5455 5443 5444
f 5453 5443 5455
f 5456 5444 5442
f 5456 5442 5454
f 5455 5444 5456
f 5457 5445 5447
f 5458 5447 5449
f 5457 5447 5458
f 5459 5446 5445
f 5459 5445 5457
f 5460 5448 5446
f 5460 5446 5459
f 5461 5449 5451
f 5458 5449 5461
f 5462 5450 5448
f 5462 5448 5460
f 5463 5451 5453
f 5461 5451 5463
f 5464 5452 5450
f 5464 5450 5462
f 5465 5453 5455
f 5463 5453 5465
f 5466 5454 5452
f 5466 5452 5464
f 5467 5455 5456
f 5465 5455 5467
f 5468 5456 5454
f 5467 5456 5468
f 5468 5454 5466
f 5469 5457 5458
f 5470 5458 5461
f 5469 5458 5470
f 5471 5459 5457
f 5471 5457 5469
f 5472 5461 5463
f 5470 5461 5472
f 5473 5460 5459
f 5473 5459 5471
f 5474 5463 5465
f 5472 5463 5474
f 5475 5462 5460
f 5475 5460 5473
f 5476 5465 5467
f 5474 5465 5476
f 5477 5464 5462
f 5477 5462 5475
f 5478 5467 5468
f 5476 5467 5478
f 5479 5466 5464
f 5479 5464 5477
f 5480 5468 5466
f 5478 5468 5480
f 5480 5466 5479
f 5481 5469 5470
f 5482 5470 5472
f 5481 5470 5482
f 5483 5471 5469
f 5483 5469 5481
f 5484 5472 5474
f 5482 5472 5484
f 5485 5473 5471
f 5485 5471 5483
f 5486 5474 5476
f 5484 5474 5486
f 5487 5475 5473
f 5487 5473 5485
f 5488 5476 5478
f 5486 5476 5488
f 5489 5477 5475
f 5489 5475 5487
f 5490 5478 5480
f 5488 5478 5490
f 5491 5479 5477
f 5491 5477 5489
f 5492 5480 5479
f 5490 5480 5492
f 5492 5479 5491
f 5493 5482 5484
f 5494 5481 5482
f 5494 5482 5493
f 5495 5484 5486
f 5493 5484 5495
f 5496 5483 5481
f 5496 5481 5494
f 5497 5486 5488
f 5495 5486 5497
f 5498 5485 5483
f 5498 5483 5496
f 5499 5488 5490
f 5497 5488 5499
f 5500 5487 5485
f 5500 5485 5498
f 5501 5490 5492
f 5499 5490 5501
f 5502 5489 5487
f 5502 5487 5500
f 5503 5492 5491
f 5501 5492 5503
f 5504 5491 5489
f 5504 5489 5502
f 5503 5491 5504
f 5505 5493 5495
f 5506 5495 5497
f 5505 5495 5506
f 5507 5494 5493
f 5507 5493 5505
f 5508 5496 5494
f 5508 5494 5507
f 5509 5497 5499
f 5506 5497 5509
f 5510 5498 5496
f 5510 5496 5508
f 5511 5499 5501
f 5509 5499 5511
f 5512 5500 5498
f 5512 5498 5510
f 5513 5501 5503
f 5511 5501 5513
f 5514 5502 5500
f 5514 5500 5512
f 5515 5503 5504
f 5513 5503 5515
f 5516 5504 5502
f 5515 5504 5516
f 5516 5502 5514
f 5507 5505 5506
f 5508 5506 5509
f 5507 5506 5508
f 5510 5509 5511
f 5508 5509 5510
f 5512 5511 5513
f 5510 5511 5512
f 5514 5513 5515
f 5512 5513 5514
f 5514 5515 5516
f 5517 5518 5519
f 5520 5518 5517
f 5519 5518 5521
f 5522 5521 5518
f 5522 5518 5520
f 5523 5517 5519
f 5520 5517 5523
f 5519 5521 5524
f 5524 5521 5525
f 5526 5525 5521
f 5526 5521 5522
f 5527 5519 5524
f 5523 5519 5527
f 5524 5525 5528
f 5528 5525 5529
f 5530 5529 5525
f 5530 5525 5526
f 5531 5524 5528
f 5527 5524 5531
f 5528 5529 5532
f 5532 5529 5533
f 5534 5533 5529
f 5534 5529 5530
f 5535 5528 5532
f 5531 5528 5535
f 5532 5533 5536
f 5536 5533 5537
f 5538 5537 5533
f 5538 5533 5534
f 5539 5532 5536
f 5535 5532 5539
f 5540 5536 5537
f 5540 5537 5538
f 5539 5536 5540
f 5541 5520 5523
f 5542 5522 5520
f 5542 5520 5541
f 5543 5523 5527
f 5541 5523 5543
f 5544 5526 5522
f 5544 5522 5542
f 5545 5527 5531
f 5543 5527 5545
f 5546 5530 5526
f 5546 5526 5544
f 5547 5531 5535
f 5545 5531 5547
f 5548 5534 5530
f 5548 5530 5546
f 5549 5535 5539
f 5547 5535 5549
f 5550 5538 5534
f 5550 5534 5548
f 5551 5539 5540
f 5549 5539 5551
f 5552 5540 5538
f 5552 5538 5550
f 5551 5540 5552
f 5553 5541 5543
f 5554 5542 5541
f 5554 5541 5553
f 5555 5543 5545
f 5553 5543 5555
f 5556 5544 5542
f 5556 5542 5554
f 5557 5545 5547
f 5555 5545 5557
f 5558 5546 5544
f 5558 5544 5556
f 5559 5547 5549
f 5557 5547 5559
f 5560 5548 5546
f 5560 5546 5558
f 5561 5549 5551
f 5559 5549 5561
f 5562 5550 5548
f 5562 5548 5560
f 5563 5551 5552
f 5561 5551 5563
f 5564 5552 5550
f 5564 5550 5562
f 5563 5552 5564
f 5565 5553 5555
f 5566 5554 5553
f 5566 5553 5565
f 5567 5555 5557
f 5565 5555 5567
f 5568 5556 5554
f 5568 5554 5566
f 5569 5557 5559
f 5567 5557 5569
f 5570 5558 5556
f 5570 5556 5568
f 5571 5559 5561
f 5569 5559 5571
f 5572 5560 5558
f 5572 5558 5570
f 5573 5561 5563
f 5571 5561 5573
f 5574 5565 5567
f 5575 5566 5565
f 5575 5565 5574
f 5576 5567 5569
f 5574 5567 5576
f 5577 5562 5560
f 5577 5560 5572
f 5578 5563 5564
f 5573 5563 5578
f 5579 5568 5566
f 5579 5566 5575
f 5580 5569 5571
f 5576 5569 5580
f 5581 5564 5562
f 5581 5562 5577
f 5578 5564 5581
f 5582 5570 5568
f 5582 5568 5579
f 5583 5571 5573
f 5580 5571 5583
f 5584 5574 5576
f 5585 5575 5574
f 5585 5574 5584
f 5586 5576 5580
f 5584 5576 5586
f 5587 5572 5570
f 5587 5570 5582
f 5588 5573 5578
f 5583 5573 5588
f 5589 5579 5575
f 5589 5575 5585
f 5590 5580 5583
f 5586 5580 5590
f 5591 5577 5572
f 5591 5572 5587
f 5592 5578 5581
f 5588 5578 5592
f 5593 5582 5579
f 5593 5579 5589
f 5590 5583 5594
f 5594 5583 5588
f 5595 5581 5577
f 5595 5577 5591
f 5592 5581 5595
f 5596 5584 5586
f 5597 5585 5584
f 5597 5584 5596
f 5598 5586 5590
f 5596 5586 5598
f 5599 5589 5585
f 5599 5585 5597
f 5600 5590 5594
f 5598 5590 5600
f 5601 5587 5582
f 5601 5582 5593
f 5602 5588 5592
f 5594 5588 5602
f 5603 5591 5587
f 5603 5587 5601
f 5604 5592 5595
f 5602 5592 5604
f 5605 5593 5589
f 5605 5589 5599
f 5600 5594 5606
f 5606 5594 5602
f 5607 5596 5598
f 5608 5597 5596
f 5608 5596 5607
f 5609 5598 5600
f 5607 5598 5609
f 5610 5595 5591
f 5610 5591 5603
f 5604 5595 5610
f 5611 5599 5597
f 5611 5597 5608
f 5612 5600 5606
f 5609 5600 5612
f 5613 5601 5593
f 5613 5593 5605
f 5606 5602 5614
f 5614 5602 5604
f 5615 5605 5599
f 5615 5599 5611
f 5612 5606 5616
f 5616 5606 5614
f 5617 5603 5601
f 5617 5601 5613
f 5618 5604 5610
f 5614 5604 5618
f 5619 5607 5609
f 5620 5608 5607
f 5620 5607 5619
f 5621 5609 5612
f 5619 5609 5621
f 5622 5610 5603
f 5622 5603 5617
f 5618 5610 5622
f 5623 5611 5608
f 5623 5608 5620
f 5624 5612 5616
f 5621 5612 5624
f 5625 5613 5605
f 5625 5605 5615
f 5616 5614 5626
f 5626 5614 5618
f 5627 5615 5611
f 5627 5611 5623
f 5628 5616 5626
f 5624 5616 5628
f 5629 5617 5613
f 5629 5613 5625
f 5630 5618 5622
f 5626 5618 5630
f 5631 5622 5617
f 5631 5617 5629
f 5630 5622 5631
f 5632 5619 5621
f 5633 5620 5619
f 5633 5619 5632
f 5634 5621 5624
f 5632 5621 5634
f 5635 5625 5615
f 5635 5615 5627
f 5636 5626 5630
f 5628 5626 5636
f 5637 5623 5620
f 5637 5620 5633
f 5638 5624 5628
f 5634 5624 5638
f 5639 5629 5625
f 5639 5625 5635
f 5640 5630 5631
f 5636 5630 5640
f 5641 5627 5623
f 5641 5623 5637
f 5642 5628 5636
f 5638 5628 5642
f 5643 5631 5629
f 5643 5629 5639
f 5640 5631 5643
f 5644 5635 5627
f 5644 5627 5641
f 5645 5636 5640
f 5642 5636 5645
f 5646 5632 5634
f 5647 5633 5632
f 5647 5632 5646
f 5648 5634 5638
f 5646 5634 5648
f 5649 5639 5635
f 5649 5635 5644
f 5650 5640 5643
f 5645 5640 5650
f 5651 5637 5633
f 5651 5633 5647
f 5652 5638 5642
f 5648 5638 5652
f 5653 5643 5639
f 5653 5639 5649
f 5650 5643 5653
f 5654 5641 5637
f 5654 5637 5651
f 5655 5642 5645
f 5652 5642 5655
f 5656 5644 5641
f 5656 5641 5654
f 5657 5645 5650
f 5655 5645 5657
f 5658 5649 5644
f 5658 5644 5656
f 5659 5650 5653
f 5657 5650 5659
f 5660 5646 5648
f 5661 5647 5646
f 5661 5646 5660
f 5662 5648 5652
f 5660 5648 5662
f 5663 5653 5649
f 5663 5649 5658
f 5659 5653 5663
f 5664 5652 5655
f 5662 5652 5664
f 5665 5651 5647
f 5665 5647 5661
f 5666 5655 5657
f 5664 5655 5666
f 5667 5654 5651
f 5667 5651 5665
f 5668 5657 5659
f 5666 5657 5668
f 5669 5656 5654
f 5669 5654 5667
f 5670 5658 5656
f 5670 5656 5669
f 5671 5659 5663
f 5668 5659 5671
f 5672 5663 5658
f 5672 5658 5670
f 5671 5663 5672
f 5660 5662 5661
f 5661 5662 5664
f 5661 5664 5665
f 5665 5664 5666
f 5665 5666 5667
f 5667 5666 5668
f 5667 5668 5669
f 5669 5668 5671
f 5669 5671 5670
f 5670 5671 5672
