# 
# Wavefront OBJ file
# Created with Kaydara FBX
# 
mtllib c:\users\tjvan\onedrive\documenten\fontys\minor\nx\.mtlmodels\posterior_tibial_vein.r.obj

g Posterior_tibial_vein_r
v -0.088902 0.369219 -0.045743
v -0.088858 0.365275 -0.045253
v -0.088769 0.365237 -0.045800
v -0.088692 0.369317 -0.045202
v -0.088788 0.372455 -0.046578
v -0.088809 0.369106 -0.046314
v -0.088562 0.372622 -0.046022
v -0.088555 0.360428 -0.045675
v -0.088660 0.365316 -0.044735
v -0.088637 0.360415 -0.045159
v -0.088694 0.372253 -0.047159
v -0.088419 0.365210 -0.046230
v -0.088437 0.369009 -0.046761
v -0.088534 0.375185 -0.047698
v -0.088289 0.375420 -0.047136
v -0.088227 0.360451 -0.046080
v -0.088235 0.369374 -0.044834
v -0.088078 0.372708 -0.045640
v -0.088444 0.374891 -0.048278
v -0.088306 0.372068 -0.047610
v -0.088450 0.360414 -0.044672
v -0.088230 0.365347 -0.044385
v -0.088145 0.354468 -0.045999
v -0.088219 0.354421 -0.045518
v -0.087840 0.354522 -0.046376
v -0.087776 0.375534 -0.046743
v -0.088163 0.377603 -0.049034
v -0.087899 0.377891 -0.048465
v -0.088043 0.354393 -0.045064
v -0.088045 0.360426 -0.044343
v -0.087899 0.365203 -0.046427
v -0.087887 0.368954 -0.046964
v -0.088044 0.374618 -0.048721
v -0.088079 0.377238 -0.049613
v -0.087740 0.360477 -0.046267
v -0.087728 0.371952 -0.047810
v -0.087357 0.378024 -0.048060
v -0.087518 0.347136 -0.046832
v -0.087587 0.347079 -0.046386
v -0.087385 0.354568 -0.046550
v -0.087654 0.369374 -0.044739
v -0.087681 0.365361 -0.044298
v -0.087464 0.372691 -0.045535
v -0.087701 0.379910 -0.050515
v -0.087421 0.380225 -0.049927
v -0.087235 0.347200 -0.047182
v -0.087131 0.375496 -0.046624
v -0.087669 0.376893 -0.050048
v -0.087617 0.379505 -0.051108
v -0.087663 0.354391 -0.044756
v -0.087422 0.347044 -0.045963
v -0.087529 0.360448 -0.044261
v -0.087441 0.374439 -0.048908
v -0.087351 0.365217 -0.046340
v -0.087225 0.360499 -0.046185
v -0.086852 0.380366 -0.049502
v -0.087306 0.368955 -0.046869
v -0.086813 0.347253 -0.047342
v -0.086683 0.377967 -0.047925
v -0.086903 0.354594 -0.046473
v -0.087114 0.371935 -0.047705
v -0.087171 0.382315 -0.052073
v -0.086881 0.382630 -0.051449
v -0.087104 0.369319 -0.044942
v -0.087162 0.365354 -0.044495
v -0.087181 0.354417 -0.044679
v -0.087068 0.347039 -0.045677
v -0.086886 0.372575 -0.045735
v -0.087193 0.379118 -0.051548
v -0.087042 0.376661 -0.050221
v -0.087080 0.381904 -0.052703
v -0.087264 0.344371 -0.047141
v -0.087332 0.344323 -0.046703
v -0.087042 0.360474 -0.044447
v -0.086986 0.344427 -0.047484
v -0.086529 0.375316 -0.046811
v -0.086797 0.374401 -0.048789
v -0.087171 0.344297 -0.046288
v -0.086289 0.382766 -0.050998
v -0.086364 0.347281 -0.047270
v -0.086971 0.341081 -0.047385
v -0.087038 0.341048 -0.046956
v -0.086920 0.365248 -0.045990
v -0.086819 0.360511 -0.045856
v -0.086148 0.380294 -0.049354
v -0.087294 0.262560 -0.047717
v -0.087306 0.257927 -0.047886
v -0.087252 0.257940 -0.048222
v -0.087173 0.262549 -0.047398
v -0.087274 0.252793 -0.048110
v -0.087220 0.252810 -0.048446
v -0.087185 0.257914 -0.047567
v -0.086849 0.369012 -0.046502
v -0.087239 0.262570 -0.048054
v -0.087241 0.266729 -0.047598
v -0.087120 0.266719 -0.047279
v -0.087139 0.247143 -0.048734
v -0.087194 0.247124 -0.048398
v -0.087153 0.252779 -0.047791
v -0.087004 0.252824 -0.048711
v -0.087036 0.257951 -0.048487
v -0.086698 0.341124 -0.047722
v -0.086924 0.247161 -0.048998
v -0.087187 0.266736 -0.047934
v -0.087024 0.262577 -0.048319
v -0.087032 0.270460 -0.047200
v -0.087153 0.270469 -0.047519
v -0.086572 0.344477 -0.047641
v -0.086523 0.354593 -0.046165
v -0.087005 0.240905 -0.049094
v -0.087072 0.247109 -0.048079
v -0.087060 0.240883 -0.048758
v -0.086790 0.240926 -0.049358
v -0.086921 0.257906 -0.047351
v -0.086889 0.252772 -0.047576
v -0.086908 0.262539 -0.047183
v -0.086856 0.266708 -0.047063
v -0.086768 0.270448 -0.046984
v -0.087099 0.270473 -0.047855
v -0.086971 0.266739 -0.048199
v -0.087034 0.273816 -0.047473
v -0.086980 0.273818 -0.047810
v -0.086883 0.270471 -0.048120
v -0.086913 0.273808 -0.047154
v -0.086882 0.341035 -0.046549
v -0.086825 0.344300 -0.046008
v -0.086619 0.347068 -0.045605
v -0.086727 0.354464 -0.044853
v -0.086732 0.369222 -0.045389
v -0.086811 0.365327 -0.044925
v -0.086498 0.372391 -0.046186
v -0.086629 0.372021 -0.047323
v -0.086056 0.377734 -0.048099
v -0.086541 0.378853 -0.051716
v -0.086634 0.381507 -0.053168
v -0.086594 0.385031 -0.053653
v -0.086300 0.385324 -0.052980
v -0.086814 0.234059 -0.049532
v -0.086938 0.240867 -0.048439
v -0.086868 0.234035 -0.049196
v -0.086598 0.234083 -0.049796
v -0.086808 0.247102 -0.047864
v -0.086685 0.252833 -0.048832
v -0.086605 0.247173 -0.049119
v -0.086717 0.257956 -0.048608
v -0.086705 0.262579 -0.048440
v -0.086648 0.273795 -0.046938
v -0.086888 0.276807 -0.047453
v -0.086767 0.276799 -0.047134
v -0.086661 0.337271 -0.047572
v -0.086728 0.337249 -0.047151
v -0.086714 0.360496 -0.044853
v -0.086368 0.376603 -0.050087
v -0.086489 0.384645 -0.054335
v -0.086652 0.266736 -0.048320
v -0.086764 0.273811 -0.048075
v -0.086834 0.276805 -0.047790
v -0.086393 0.337304 -0.047902
v -0.086292 0.341167 -0.047877
v -0.086560 0.226569 -0.050057
v -0.086747 0.234017 -0.048878
v -0.086615 0.226543 -0.049721
v -0.086345 0.226597 -0.050321
v -0.086674 0.240860 -0.048223
v -0.086471 0.240941 -0.049478
v -0.086280 0.234101 -0.049916
v -0.086552 0.252773 -0.047521
v -0.086471 0.247105 -0.047809
v -0.086584 0.257904 -0.047297
v -0.086571 0.262535 -0.047129
v -0.086519 0.266701 -0.047009
v -0.086431 0.270437 -0.046930
v -0.086565 0.270464 -0.048242
v -0.086502 0.276783 -0.046918
v -0.086720 0.279470 -0.047450
v -0.086619 0.276794 -0.048054
v -0.086666 0.279466 -0.047787
v -0.086599 0.279462 -0.047132
v -0.086544 0.341044 -0.046274
v -0.086575 0.337243 -0.046753
v -0.086386 0.344331 -0.045936
v -0.086133 0.344508 -0.047570
v -0.086010 0.347277 -0.046984
v -0.086632 0.360510 -0.045368
v -0.086347 0.354565 -0.045711
v -0.086722 0.365289 -0.045472
v -0.086639 0.369110 -0.045960
v -0.086129 0.375043 -0.047254
v -0.086284 0.374515 -0.048396
v -0.085553 0.382686 -0.050839
v -0.085687 0.385445 -0.052496
v -0.086493 0.226524 -0.049403
v -0.086482 0.234011 -0.048662
v -0.086312 0.273780 -0.046884
v -0.086446 0.273799 -0.048196
v -0.086334 0.279446 -0.046916
v -0.086240 0.218398 -0.050677
v -0.086295 0.218368 -0.050341
v -0.086026 0.226617 -0.050441
v -0.086337 0.240865 -0.048169
v -0.086268 0.247177 -0.049065
v -0.086134 0.240946 -0.049423
v -0.086348 0.252834 -0.048777
v -0.086380 0.257955 -0.048553
v -0.086368 0.262574 -0.048385
v -0.086315 0.266729 -0.048266
v -0.086166 0.276764 -0.046864
v -0.086451 0.279452 -0.048052
v -0.086300 0.276776 -0.048176
v -0.086213 0.287986 -0.047467
v -0.086158 0.287982 -0.047813
v -0.086088 0.287980 -0.047139
v -0.085817 0.287967 -0.046918
v -0.086356 0.332940 -0.047708
v -0.086421 0.332925 -0.047297
v -0.086093 0.332964 -0.048032
v -0.085996 0.337339 -0.048054
v -0.086197 0.347121 -0.045765
v -0.086422 0.354518 -0.045230
v -0.086404 0.372188 -0.046767
v -0.085496 0.380029 -0.049522
v -0.085952 0.381232 -0.053346
v -0.086014 0.384270 -0.054844
v -0.085987 0.388278 -0.055203
v -0.085692 0.388530 -0.054476
v -0.086025 0.218429 -0.050940
v -0.086265 0.257910 -0.047418
v -0.086233 0.252782 -0.047642
v -0.086252 0.262537 -0.047250
v -0.086200 0.266698 -0.047130
v -0.086228 0.270453 -0.048187
v -0.086245 0.337255 -0.046484
v -0.086273 0.332923 -0.046907
v -0.086114 0.341074 -0.046204
v -0.085863 0.341197 -0.047807
v -0.085837 0.378781 -0.051568
v -0.086112 0.270430 -0.047051
v -0.085845 0.347242 -0.046562
v -0.085646 0.377389 -0.048533
v -0.086229 0.226518 -0.049187
v -0.086173 0.218348 -0.050023
v -0.086146 0.234017 -0.048607
v -0.085943 0.234108 -0.049861
v -0.086152 0.247117 -0.047930
v -0.085998 0.279425 -0.046862
v -0.086039 0.374750 -0.047835
v -0.085865 0.387941 -0.055945
v -0.086109 0.273784 -0.048142
v -0.086133 0.279432 -0.048174
v -0.085937 0.287970 -0.048086
v -0.085993 0.273768 -0.047006
v -0.086077 0.328086 -0.047801
v -0.086141 0.328076 -0.047398
v -0.085914 0.347184 -0.046116
v -0.085707 0.218454 -0.051060
v -0.086018 0.240880 -0.048289
v -0.086084 0.252827 -0.048561
v -0.086003 0.247170 -0.048849
v -0.086116 0.257947 -0.048338
v -0.086103 0.262565 -0.048170
v -0.085471 0.287949 -0.046862
v -0.085820 0.328103 -0.048117
v -0.085704 0.332992 -0.048180
v -0.085972 0.344381 -0.046094
v -0.085787 0.344511 -0.047290
v -0.085826 0.376736 -0.049681
v -0.086149 0.216787 -0.050816
v -0.086203 0.216753 -0.050480
v -0.085689 0.226625 -0.050386
v -0.085869 0.240940 -0.049208
v -0.086049 0.257921 -0.047682
v -0.086036 0.262544 -0.047514
v -0.086051 0.266719 -0.048051
v -0.085847 0.276747 -0.046986
v -0.085964 0.276757 -0.048122
v -0.085949 0.332936 -0.046644
v -0.085996 0.328077 -0.047018
v -0.085576 0.337366 -0.047986
v -0.084918 0.385362 -0.052331
v -0.085058 0.388629 -0.053959
v -0.085934 0.216824 -0.051079
v -0.085909 0.218343 -0.049807
v -0.085892 0.226526 -0.049132
v -0.086017 0.252796 -0.047906
v -0.085984 0.266701 -0.047395
v -0.085963 0.270442 -0.047972
v -0.085824 0.337283 -0.046416
v -0.085987 0.214523 -0.051031
v -0.086081 0.216732 -0.050162
v -0.086041 0.214486 -0.050695
v -0.085896 0.270428 -0.047316
v -0.085884 0.295975 -0.047487
v -0.085756 0.295972 -0.047150
v -0.085772 0.214564 -0.051293
v -0.085827 0.234035 -0.048727
v -0.085678 0.234101 -0.049646
v -0.085936 0.247135 -0.048194
v -0.085680 0.279405 -0.046984
v -0.085796 0.279411 -0.048120
v -0.085609 0.287953 -0.048211
v -0.085827 0.295972 -0.047842
v -0.085845 0.322709 -0.047856
v -0.085908 0.322704 -0.047463
v -0.085525 0.341207 -0.047532
v -0.085562 0.377024 -0.049112
v -0.084871 0.382411 -0.051017
v -0.085919 0.214464 -0.050376
v -0.085816 0.216729 -0.049946
v -0.085962 0.252813 -0.048243
v -0.085882 0.247154 -0.048530
v -0.085994 0.257934 -0.048019
v -0.085982 0.262554 -0.047851
v -0.085778 0.273761 -0.047271
v -0.085845 0.273771 -0.047926
v -0.085477 0.295963 -0.046923
v -0.085594 0.322720 -0.048165
v -0.085439 0.328123 -0.048262
v -0.085709 0.341117 -0.046358
v -0.085770 0.211664 -0.051315
v -0.085823 0.211626 -0.050979
v -0.085555 0.211707 -0.051578
v -0.085615 0.216856 -0.051198
v -0.085453 0.214599 -0.051413
v -0.085370 0.218466 -0.051005
v -0.085425 0.226619 -0.050170
v -0.085803 0.240902 -0.048553
v -0.085748 0.240923 -0.048889
v -0.085930 0.266708 -0.047732
v -0.085842 0.270433 -0.047653
v -0.085632 0.276735 -0.047251
v -0.085699 0.276742 -0.047906
v -0.085143 0.287931 -0.046987
v -0.085600 0.295964 -0.048122
v -0.085680 0.328088 -0.046760
v -0.085766 0.322705 -0.047091
v -0.085538 0.332959 -0.046577
v -0.085293 0.333015 -0.048114
v -0.085694 0.344437 -0.046437
v -0.085627 0.344485 -0.046875
v -0.085072 0.379642 -0.049962
v -0.085296 0.384005 -0.055042
v -0.085216 0.381152 -0.053187
v -0.085358 0.387609 -0.056503
v -0.085368 0.392276 -0.056671
v -0.085071 0.392478 -0.055892
v -0.085701 0.211603 -0.050660
v -0.085654 0.214463 -0.050159
v -0.085572 0.218355 -0.049752
v -0.085683 0.316809 -0.047882
v -0.085744 0.316807 -0.047498
v -0.085573 0.226547 -0.049253
v -0.085557 0.234084 -0.049327
v -0.085723 0.273762 -0.047608
v -0.085711 0.303442 -0.047503
v -0.085579 0.303440 -0.047157
v -0.085245 0.337379 -0.047717
v -0.085228 0.392000 -0.057471
v -0.085511 0.208266 -0.051664
v -0.085564 0.208227 -0.051328
v -0.085480 0.216746 -0.049890
v -0.085611 0.234060 -0.048991
v -0.085465 0.279391 -0.047248
v -0.085121 0.295950 -0.046866
v -0.085652 0.303440 -0.047868
v -0.085438 0.316814 -0.048183
v -0.085222 0.322733 -0.048307
v -0.085427 0.337317 -0.046567
v -0.085268 0.378921 -0.051143
v -0.085295 0.208310 -0.051927
v -0.085236 0.211744 -0.051697
v -0.085578 0.276734 -0.047588
v -0.085532 0.279395 -0.047904
v -0.085263 0.287935 -0.048155
v -0.085292 0.303436 -0.046924
v -0.085606 0.316808 -0.047135
v -0.085671 0.310386 -0.047509
v -0.085611 0.310386 -0.047883
v -0.085458 0.322713 -0.046840
v -0.085368 0.341193 -0.047125
v -0.085436 0.211602 -0.050443
v -0.085442 0.208203 -0.051008
v -0.085278 0.216872 -0.051143
v -0.085106 0.218462 -0.050789
v -0.085304 0.226600 -0.049852
v -0.084922 0.287919 -0.047259
v -0.085536 0.310386 -0.047155
v -0.085372 0.310386 -0.048177
v -0.085278 0.328106 -0.046695
v -0.085037 0.328141 -0.048197
v -0.085436 0.341160 -0.046696
v -0.084255 0.388549 -0.053790
v -0.084416 0.392552 -0.055343
v -0.085317 0.214483 -0.050103
v -0.085419 0.303436 -0.048155
v -0.084988 0.379236 -0.050555
v -0.085411 0.279388 -0.047585
v -0.085116 0.214619 -0.051356
v -0.085358 0.226574 -0.049516
v -0.085264 0.295952 -0.048250
v -0.085304 0.316812 -0.046889
v -0.085075 0.316821 -0.048322
v -0.085224 0.204385 -0.052073
v -0.085278 0.204345 -0.051736
v -0.084976 0.208346 -0.052047
v -0.085253 0.218380 -0.049872
v -0.085242 0.310386 -0.046915
v -0.084970 0.333027 -0.047850
v -0.084200 0.385097 -0.052530
v -0.085008 0.204428 -0.052336
v -0.084992 0.287921 -0.047933
v -0.085149 0.332986 -0.046726
v -0.085093 0.337373 -0.047318
v -0.084425 0.382014 -0.051482
v -0.084898 0.211764 -0.051641
v -0.085161 0.216777 -0.050009
v -0.084867 0.287915 -0.047606
v -0.084785 0.295938 -0.046994
v -0.084927 0.303430 -0.046866
v -0.085065 0.322725 -0.046777
v -0.085177 0.208201 -0.050791
v -0.085155 0.204320 -0.051416
v -0.085099 0.211622 -0.050387
v -0.084984 0.218442 -0.050470
v -0.085074 0.303430 -0.048287
v -0.085018 0.310386 -0.048313
v -0.084829 0.322745 -0.048244
v -0.085159 0.337351 -0.046897
v -0.085014 0.216870 -0.050926
v -0.085038 0.218412 -0.050135
v -0.084601 0.387371 -0.056728
v -0.084688 0.391723 -0.058077
v -0.084689 0.204464 -0.052456
v -0.084999 0.214518 -0.050223
v -0.084868 0.310386 -0.046855
v -0.084921 0.316818 -0.046828
v -0.084721 0.328152 -0.047940
v -0.084527 0.383923 -0.054877
v -0.084923 0.200077 -0.052535
v -0.084977 0.200037 -0.052198
v -0.084708 0.200120 -0.052799
v -0.084638 0.208366 -0.051990
v -0.084852 0.214618 -0.051140
v -0.084908 0.295940 -0.048193
v -0.084691 0.316827 -0.048260
v -0.084897 0.328126 -0.046841
v -0.084821 0.333026 -0.047461
v -0.084624 0.381288 -0.052736
v -0.084889 0.204316 -0.051199
v -0.084839 0.208220 -0.050735
v -0.084855 0.200011 -0.051879
v -0.084780 0.211658 -0.050506
v -0.084633 0.211762 -0.051424
v -0.084946 0.216815 -0.050272
v -0.084892 0.216849 -0.050608
v -0.084557 0.295930 -0.047274
v -0.084582 0.303424 -0.046997
v -0.084887 0.333011 -0.047049
v -0.084709 0.303424 -0.048228
v -0.084643 0.310386 -0.048252
v -0.084693 0.322738 -0.046919
v -0.084334 0.381603 -0.052112
v -0.083579 0.392478 -0.055171
v -0.084521 0.322753 -0.047993
v -0.084623 0.195401 -0.053047
v -0.084677 0.195360 -0.052710
v -0.084388 0.200155 -0.052919
v -0.084351 0.204482 -0.052399
v -0.084784 0.214559 -0.050485
v -0.084730 0.214596 -0.050821
v -0.084629 0.295931 -0.047966
v -0.084576 0.328153 -0.047559
v -0.084407 0.195443 -0.053311
v -0.084588 0.200005 -0.051662
v -0.084551 0.204334 -0.051143
v -0.084373 0.208363 -0.051773
v -0.084500 0.295927 -0.047629
v -0.084513 0.310386 -0.046990
v -0.084558 0.316824 -0.046966
v -0.084641 0.328143 -0.047157
v -0.083725 0.384722 -0.053038
v -0.083499 0.388311 -0.054015
v -0.084554 0.195332 -0.052390
v -0.084511 0.211739 -0.051105
v -0.084520 0.208257 -0.050855
v -0.084565 0.211701 -0.050769
v -0.084349 0.303419 -0.047284
v -0.084389 0.316831 -0.048015
v -0.084392 0.190371 -0.053265
v -0.084288 0.195325 -0.052173
v -0.084269 0.190342 -0.052945
v -0.084338 0.190412 -0.053602
v -0.084121 0.190453 -0.053867
v -0.084250 0.200022 -0.051606
v -0.084087 0.195476 -0.053431
v -0.084232 0.204370 -0.051263
v -0.084049 0.200171 -0.052863
v -0.084305 0.208300 -0.051118
v -0.084085 0.204478 -0.052182
v -0.084251 0.208339 -0.051454
v -0.084422 0.303419 -0.047995
v -0.084290 0.303418 -0.047649
v -0.084274 0.310386 -0.047284
v -0.084349 0.310386 -0.048013
v -0.084312 0.316830 -0.047268
v -0.084442 0.322749 -0.047227
v -0.084379 0.322754 -0.047621
v -0.084251 0.316832 -0.047652
v -0.083914 0.384043 -0.054394
v -0.083799 0.387290 -0.056559
v -0.083894 0.391521 -0.058328
v -0.083800 0.190484 -0.053987
v -0.083620 0.384336 -0.053720
v -0.084134 0.185128 -0.053858
v -0.084080 0.185169 -0.054196
v -0.083748 0.195490 -0.053375
v -0.083962 0.204453 -0.051863
v -0.084214 0.310386 -0.047659
v -0.084011 0.185097 -0.053538
v -0.083866 0.179728 -0.054822
v -0.083920 0.179687 -0.054484
v -0.084001 0.190332 -0.052728
v -0.083864 0.185208 -0.054461
v -0.083949 0.195339 -0.052117
v -0.083930 0.200056 -0.051725
v -0.084016 0.204414 -0.051526
v -0.083783 0.200166 -0.052646
v -0.082992 0.387979 -0.054573
v -0.082784 0.392276 -0.055422
v -0.083649 0.179766 -0.055088
v -0.083542 0.185237 -0.054582
v -0.083461 0.190496 -0.053932
v -0.083481 0.195482 -0.053158
v -0.083660 0.200139 -0.052326
v -0.083708 0.174147 -0.055476
v -0.083796 0.179654 -0.054164
v -0.083762 0.174105 -0.055138
v -0.083490 0.174183 -0.055742
v -0.083744 0.185084 -0.053321
v -0.083327 0.179791 -0.055209
v -0.083662 0.190344 -0.052672
v -0.083628 0.195372 -0.052237
v -0.083714 0.200099 -0.051989
v -0.083165 0.387390 -0.056042
v -0.083057 0.391447 -0.058156
v -0.083674 0.168434 -0.055815
v -0.083547 0.162717 -0.056507
v -0.083493 0.162760 -0.056846
v -0.083220 0.157116 -0.057532
v -0.083550 0.168398 -0.055494
v -0.083423 0.162682 -0.056186
v -0.083274 0.157071 -0.057192
v -0.083620 0.168476 -0.056154
v -0.083275 0.162800 -0.057112
v -0.083002 0.157161 -0.057797
v -0.083638 0.174070 -0.054817
v -0.083370 0.174050 -0.054601
v -0.083282 0.168377 -0.055277
v -0.083402 0.168512 -0.056420
v -0.083528 0.179638 -0.053947
v -0.083168 0.174204 -0.055864
v -0.083080 0.168533 -0.056542
v -0.083404 0.185092 -0.053265
v -0.083188 0.179643 -0.053892
v -0.083202 0.185245 -0.054526
v -0.082986 0.179796 -0.055154
v -0.083341 0.190374 -0.052792
v -0.083412 0.195414 -0.052501
v -0.083194 0.190486 -0.053715
v -0.083358 0.195455 -0.052838
v -0.083071 0.190456 -0.053395
v -0.082869 0.387641 -0.055315
v -0.082245 0.392000 -0.056029
v -0.083150 0.157040 -0.056870
v -0.083154 0.162665 -0.055968
v -0.082952 0.162826 -0.057234
v -0.083029 0.174051 -0.054546
v -0.082827 0.174205 -0.055810
v -0.083082 0.185121 -0.053386
v -0.083124 0.190415 -0.053057
v -0.082935 0.185232 -0.054310
v -0.082819 0.151598 -0.058197
v -0.082873 0.151553 -0.057857
v -0.082601 0.151648 -0.058463
v -0.082679 0.157195 -0.057918
v -0.082940 0.168377 -0.055223
v -0.082866 0.179668 -0.054013
v -0.082718 0.179780 -0.054937
v -0.082811 0.185201 -0.053989
v -0.082881 0.157030 -0.056652
v -0.082749 0.151524 -0.057535
v -0.082813 0.162671 -0.055913
v -0.082738 0.168533 -0.056488
v -0.082865 0.185160 -0.053651
v -0.082402 0.391521 -0.057607
v -0.082611 0.162831 -0.057179
v -0.082279 0.151689 -0.058583
v -0.082338 0.157209 -0.057862
v -0.082706 0.174073 -0.054668
v -0.082617 0.168398 -0.055345
v -0.082559 0.174186 -0.055593
v -0.082595 0.179747 -0.054617
v -0.082105 0.391723 -0.056828
v -0.082308 0.146253 -0.058830
v -0.082362 0.146208 -0.058490
v -0.082540 0.157044 -0.056596
v -0.082481 0.151521 -0.057315
v -0.082649 0.179706 -0.054279
v -0.082090 0.146308 -0.059095
v -0.082490 0.162697 -0.056035
v -0.082470 0.168512 -0.056271
v -0.082238 0.146184 -0.058167
v -0.081937 0.151711 -0.058525
v -0.082342 0.162814 -0.056961
v -0.082489 0.174109 -0.054934
v -0.082435 0.174150 -0.055273
v -0.081768 0.146356 -0.059215
v -0.082069 0.157199 -0.057644
v -0.082400 0.168434 -0.055611
v -0.082139 0.151543 -0.057258
v -0.081970 0.146187 -0.057946
v -0.082217 0.157078 -0.056716
v -0.082272 0.162737 -0.056301
v -0.082346 0.168476 -0.055950
v -0.082218 0.162780 -0.056640
v -0.081703 0.141130 -0.059418
v -0.081758 0.141085 -0.059078
v -0.081486 0.141188 -0.059683
v -0.081427 0.146386 -0.059156
v -0.081669 0.151708 -0.058306
v -0.081999 0.157123 -0.056982
v -0.081945 0.157167 -0.057321
v -0.081635 0.141065 -0.058753
v -0.081817 0.151584 -0.057378
v -0.081629 0.146216 -0.057888
v -0.081164 0.141243 -0.059802
v -0.081545 0.151680 -0.057983
v -0.081367 0.141075 -0.058532
v -0.081159 0.146389 -0.058936
v -0.081599 0.151634 -0.057644
v -0.081307 0.146265 -0.058007
v -0.081024 0.136276 -0.059948
v -0.081079 0.136232 -0.059608
v -0.080824 0.141280 -0.059743
v -0.080807 0.136337 -0.060213
v -0.081035 0.146364 -0.058612
v -0.080956 0.136216 -0.059282
v -0.081026 0.141112 -0.058473
v -0.081089 0.146319 -0.058272
v -0.080486 0.136398 -0.060332
v -0.080556 0.141290 -0.059521
v -0.080689 0.136233 -0.059060
v -0.080704 0.141167 -0.058591
v -0.080146 0.136443 -0.060272
v -0.080433 0.141270 -0.059197
v -0.080343 0.131695 -0.060068
v -0.080288 0.131737 -0.060409
v -0.080487 0.141225 -0.058857
v -0.080221 0.131685 -0.059741
v -0.080071 0.131801 -0.060674
v -0.080349 0.136278 -0.059000
v -0.079750 0.131868 -0.060792
v -0.079879 0.136460 -0.060049
v -0.080028 0.136339 -0.059118
v -0.079955 0.131710 -0.059518
v -0.079756 0.136444 -0.059724
v -0.079411 0.131921 -0.060731
v -0.079811 0.136400 -0.059383
v -0.079511 0.127562 -0.060787
v -0.079567 0.127522 -0.060445
v -0.079616 0.131763 -0.059457
v -0.079295 0.127627 -0.061052
v -0.079446 0.127519 -0.060118
v -0.079145 0.131946 -0.060507
v -0.078975 0.127700 -0.061170
v -0.079295 0.131830 -0.059575
v -0.079181 0.127553 -0.059894
v -0.079023 0.131936 -0.060181
v -0.079078 0.131894 -0.059840
v -0.078637 0.127762 -0.061108
v -0.078844 0.127615 -0.059832
v -0.078712 0.123795 -0.061071
v -0.078769 0.123761 -0.060728
v -0.078495 0.123862 -0.061336
v -0.078650 0.123767 -0.060400
v -0.078373 0.127797 -0.060883
v -0.078176 0.123942 -0.061453
v -0.078524 0.127689 -0.059949
v -0.078387 0.123812 -0.060174
v -0.078252 0.127794 -0.060556
v -0.078307 0.127754 -0.060214
v -0.077841 0.124014 -0.061390
v -0.078052 0.123884 -0.060112
v -0.077907 0.120484 -0.061247
v -0.077965 0.120456 -0.060903
v -0.077690 0.120551 -0.061512
v -0.077849 0.120475 -0.060574
v -0.077578 0.124060 -0.061165
v -0.077733 0.123964 -0.060229
v -0.077373 0.120638 -0.061629
v -0.077590 0.120534 -0.060347
v -0.077459 0.124066 -0.060837
v -0.077516 0.124031 -0.060494
v -0.077040 0.120724 -0.061566
v -0.077257 0.120620 -0.060284
v -0.077112 0.117670 -0.061302
v -0.077173 0.117654 -0.060958
v -0.076894 0.117736 -0.061568
v -0.077063 0.117691 -0.060628
v -0.076781 0.120783 -0.061339
v -0.076940 0.120707 -0.060401
v -0.076579 0.117833 -0.061685
v -0.076809 0.117771 -0.060401
v -0.076665 0.120802 -0.061010
v -0.076723 0.120774 -0.060667
v -0.076251 0.117936 -0.061621
v -0.076481 0.117874 -0.060337
v -0.076348 0.115418 -0.061224
v -0.076413 0.115411 -0.060880
v -0.076130 0.115483 -0.061490
v -0.076307 0.115464 -0.060550
v -0.075997 0.118016 -0.061394
v -0.076166 0.117971 -0.060454
v -0.075818 0.115588 -0.061607
v -0.076059 0.115562 -0.060323
v -0.075887 0.118053 -0.061064
v -0.075948 0.118036 -0.060720
v -0.075494 0.115706 -0.061544
v -0.075736 0.115680 -0.060260
v -0.075871 0.114124 -0.061149
v -0.075936 0.114116 -0.060805
v -0.075654 0.114191 -0.061415
v -0.075830 0.114168 -0.060475
v -0.075246 0.115804 -0.061317
v -0.075423 0.115785 -0.060377
v -0.075342 0.114298 -0.061532
v -0.075582 0.114267 -0.060248
v -0.075140 0.115857 -0.060987
v -0.075343 0.112623 -0.061107
v -0.075405 0.112607 -0.060763
v -0.075205 0.115850 -0.060643
v -0.075127 0.112694 -0.061373
v -0.075296 0.112650 -0.060433
v -0.075019 0.114417 -0.061469
v -0.075259 0.114386 -0.060185
v -0.074815 0.112800 -0.061490
v -0.075045 0.112741 -0.060206
v -0.074772 0.114516 -0.061242
v -0.074947 0.114493 -0.060302
v -0.074759 0.110914 -0.061100
v -0.074818 0.110892 -0.060756
v -0.074544 0.110989 -0.061366
v -0.074491 0.112914 -0.061426
v -0.074707 0.110928 -0.060426
v -0.074720 0.112855 -0.060143
v -0.074666 0.114568 -0.060912
v -0.074730 0.114560 -0.060569
v -0.074232 0.111095 -0.061483
v -0.074454 0.111012 -0.060200
v -0.074240 0.113004 -0.061200
v -0.074408 0.112961 -0.060260
v -0.074122 0.109018 -0.061131
v -0.074179 0.108990 -0.060787
v -0.073907 0.111205 -0.061419
v -0.074131 0.113047 -0.060870
v -0.073909 0.109096 -0.061396
v -0.074193 0.113031 -0.060526
v -0.074128 0.111122 -0.060136
v -0.074066 0.109019 -0.060458
v -0.073597 0.109203 -0.061513
v -0.073654 0.111289 -0.061192
v -0.073812 0.109098 -0.060231
v -0.073817 0.111228 -0.060253
v -0.073271 0.109310 -0.061450
v -0.073543 0.111325 -0.060863
v -0.073435 0.106953 -0.061202
v -0.073491 0.106920 -0.060859
v -0.073602 0.111303 -0.060519
v -0.073224 0.107035 -0.061468
v -0.073485 0.109206 -0.060168
v -0.073376 0.106944 -0.060530
v -0.072913 0.107143 -0.061585
v -0.073017 0.109389 -0.061223
v -0.073120 0.107019 -0.060304
v -0.073174 0.109313 -0.060285
v -0.072904 0.109419 -0.060894
v -0.072586 0.107249 -0.061522
v -0.072961 0.109391 -0.060551
v -0.072703 0.104740 -0.061318
v -0.072756 0.104701 -0.060975
v -0.072794 0.107124 -0.060241
v -0.072492 0.104825 -0.061583
v -0.072639 0.104720 -0.060647
v -0.072331 0.107324 -0.061295
v -0.072182 0.104935 -0.061700
v -0.072483 0.107232 -0.060358
v -0.072383 0.104791 -0.060421
v -0.072216 0.107347 -0.060966
v -0.072271 0.107314 -0.060623
v -0.071855 0.105039 -0.061637
v -0.072056 0.104895 -0.060358
v -0.071926 0.102396 -0.061480
v -0.071978 0.102352 -0.061138
v -0.071717 0.102486 -0.061745
v -0.071860 0.102366 -0.060810
v -0.071599 0.105111 -0.061411
v -0.071408 0.102597 -0.061861
v -0.071746 0.105005 -0.060475
v -0.071602 0.102434 -0.060585
v -0.071482 0.105129 -0.061082
v -0.071536 0.105091 -0.060740
v -0.071081 0.102701 -0.061798
v -0.071275 0.102537 -0.060522
v -0.071109 0.099941 -0.061692
v -0.071159 0.099892 -0.061350
v -0.070902 0.100035 -0.061956
v -0.071039 0.099901 -0.061023
v -0.070824 0.102769 -0.061573
v -0.070966 0.102649 -0.060638
v -0.070593 0.100149 -0.062072
v -0.070781 0.099966 -0.060798
v -0.070705 0.102783 -0.061245
v -0.070757 0.102739 -0.060903
v -0.070266 0.100253 -0.062009
v -0.070454 0.100069 -0.060735
v -0.070253 0.097394 -0.061956
v -0.070302 0.097339 -0.061615
v -0.070048 0.097493 -0.062219
v -0.070008 0.100318 -0.061784
v -0.070180 0.097344 -0.061288
v -0.070146 0.100183 -0.060851
v -0.069741 0.097610 -0.062335
v -0.069888 0.100327 -0.061457
v -0.069921 0.097406 -0.061063
v -0.069939 0.100278 -0.061115
v -0.069414 0.097713 -0.062272
v -0.069594 0.097509 -0.061001
v -0.069363 0.094774 -0.062274
v -0.069409 0.094713 -0.061935
v -0.069155 0.097775 -0.062047
v -0.069159 0.094878 -0.062537
v -0.069286 0.094713 -0.061609
v -0.069287 0.097626 -0.061116
v -0.068853 0.094998 -0.062653
v -0.069034 0.097780 -0.061721
v -0.069082 0.097725 -0.061380
v -0.069026 0.094772 -0.061384
v -0.068527 0.095101 -0.062590
v -0.068700 0.094876 -0.061321
v -0.068440 0.092099 -0.062651
v -0.068484 0.092032 -0.062312
v -0.068267 0.095161 -0.062365
v -0.068238 0.092209 -0.062913
v -0.068359 0.092027 -0.061987
v -0.068394 0.094996 -0.061437
v -0.067934 0.092332 -0.063028
v -0.068144 0.095160 -0.062040
v -0.068190 0.095100 -0.061700
v -0.068099 0.092084 -0.061763
v -0.067608 0.092436 -0.062965
v -0.067773 0.092188 -0.061701
v -0.067347 0.092493 -0.062741
v -0.067485 0.089384 -0.063089
v -0.067530 0.089318 -0.062750
v -0.067284 0.089494 -0.063351
v -0.067468 0.092311 -0.061815
v -0.067405 0.089314 -0.062425
v -0.067222 0.092487 -0.062416
v -0.066980 0.089618 -0.063465
v -0.067267 0.092421 -0.062077
v -0.067146 0.089372 -0.062201
v -0.066655 0.089723 -0.063402
v -0.066820 0.089477 -0.062138
v -0.066395 0.089781 -0.063178
v -0.066146 0.085579 -0.063607
v -0.066196 0.085528 -0.063267
v -0.065941 0.085676 -0.063871
v -0.066516 0.089601 -0.062253
v -0.066076 0.085537 -0.062940
v -0.066270 0.089776 -0.062853
v -0.065634 0.085794 -0.063986
v -0.066315 0.089710 -0.062515
v -0.065820 0.085604 -0.062715
v -0.065309 0.085901 -0.063923
v -0.065495 0.085711 -0.062652
v -0.065053 0.085969 -0.063698
v -0.065188 0.085830 -0.062767
v -0.064933 0.085978 -0.063371
v -0.064983 0.085927 -0.063030
v -0.064934 0.082066 -0.063823
v -0.064992 0.082039 -0.063481
v -0.064722 0.082144 -0.064088
v -0.064880 0.082070 -0.063153
v -0.064412 0.082252 -0.064204
v -0.064628 0.082150 -0.062927
v -0.064088 0.082361 -0.064140
v -0.064304 0.082259 -0.062863
v -0.063836 0.082442 -0.063914
v -0.063994 0.082367 -0.062979
v -0.063724 0.082473 -0.063586
v -0.063848 0.078834 -0.063771
v -0.063914 0.078831 -0.063429
v -0.063782 0.082446 -0.063244
v -0.063629 0.078891 -0.064035
v -0.063809 0.078884 -0.063101
v -0.063316 0.078988 -0.064151
v -0.063562 0.078979 -0.062875
v -0.062992 0.079099 -0.064087
v -0.063238 0.079089 -0.062812
v -0.062744 0.079193 -0.063861
v -0.062925 0.079186 -0.062928
v -0.062883 0.075865 -0.063485
v -0.062958 0.075887 -0.063146
v -0.062657 0.075901 -0.063747
v -0.062640 0.079246 -0.063534
v -0.062860 0.075963 -0.062821
v -0.062706 0.079244 -0.063192
v -0.062340 0.075986 -0.063862
v -0.062617 0.076071 -0.062596
v -0.062913 0.050536 -0.049201
v -0.063464 0.049894 -0.048363
v -0.063417 0.049644 -0.048516
v -0.062828 0.050730 -0.048988
v -0.063376 0.050091 -0.048161
v -0.062860 0.050288 -0.049363
v -0.063247 0.049409 -0.048578
v -0.062629 0.050820 -0.048781
v -0.063176 0.050184 -0.047962
v -0.062016 0.076098 -0.063799
v -0.062684 0.050053 -0.049431
v -0.063000 0.049251 -0.048532
v -0.062294 0.076182 -0.062533
v -0.062369 0.050780 -0.048635
v -0.062918 0.050146 -0.047821
v -0.062432 0.049895 -0.049386
v -0.062742 0.049214 -0.048390
v -0.061773 0.076206 -0.063574
v -0.062036 0.073142 -0.063003
v -0.062118 0.073190 -0.062668
v -0.062117 0.050622 -0.048590
v -0.062670 0.049989 -0.047775
v -0.062360 0.051211 -0.050012
v -0.062279 0.051403 -0.049789
v -0.061976 0.076268 -0.062647
v -0.061803 0.073156 -0.063261
v -0.062302 0.050965 -0.050183
v -0.062028 0.073287 -0.062346
v -0.062080 0.051490 -0.049574
v -0.062172 0.049855 -0.049240
v -0.062542 0.049306 -0.048192
v -0.061676 0.076281 -0.063249
v -0.061750 0.076304 -0.062909
v -0.062119 0.050732 -0.050258
v -0.061941 0.050387 -0.048658
v -0.062501 0.049754 -0.047837
v -0.061482 0.073229 -0.063374
v -0.061816 0.051449 -0.049426
v -0.061788 0.073408 -0.062124
v -0.061973 0.049944 -0.049033
v -0.062453 0.049504 -0.047989
v -0.061888 0.050139 -0.048820
v -0.061862 0.050574 -0.050215
v -0.061559 0.051291 -0.049383
v -0.061818 0.051918 -0.050796
v -0.061740 0.052108 -0.050564
v -0.061158 0.073341 -0.063311
v -0.061754 0.051676 -0.050978
v -0.061465 0.073520 -0.062061
v -0.061540 0.052193 -0.050344
v -0.061598 0.050533 -0.050067
v -0.061377 0.051058 -0.049458
v -0.061564 0.051446 -0.051060
v -0.061302 0.070649 -0.062359
v -0.061392 0.070722 -0.062031
v -0.061272 0.052153 -0.050194
v -0.061063 0.070642 -0.062612
v -0.061307 0.070840 -0.061714
v -0.060919 0.073462 -0.063088
v -0.061399 0.050620 -0.049853
v -0.061144 0.073593 -0.062173
v -0.061318 0.050812 -0.049630
v -0.061299 0.051290 -0.051022
v -0.061008 0.051996 -0.050156
v -0.061298 0.052659 -0.051555
v -0.061222 0.052845 -0.051314
v -0.060738 0.070702 -0.062721
v -0.061071 0.070972 -0.061495
v -0.060829 0.073559 -0.062767
v -0.061227 0.052421 -0.051747
v -0.061021 0.052931 -0.051089
v -0.060911 0.073607 -0.062432
v -0.061031 0.051249 -0.050872
v -0.060818 0.051766 -0.050238
v -0.061028 0.052195 -0.051839
v -0.060747 0.052892 -0.050940
v -0.060414 0.070813 -0.062658
v -0.060748 0.071083 -0.061431
v -0.060832 0.051335 -0.050652
v -0.060678 0.068369 -0.061591
v -0.060774 0.068465 -0.061269
v -0.060753 0.051524 -0.050420
v -0.060756 0.052043 -0.051806
v -0.060809 0.053431 -0.052290
v -0.060736 0.053615 -0.052041
v -0.060433 0.068341 -0.061836
v -0.060694 0.068602 -0.060959
v -0.060475 0.052740 -0.050908
v -0.060732 0.053199 -0.052493
v -0.060532 0.053702 -0.051813
v -0.060178 0.070945 -0.062439
v -0.060422 0.071143 -0.061541
v -0.060105 0.068388 -0.061941
v -0.060461 0.068743 -0.060743
v -0.060483 0.052004 -0.051657
v -0.060525 0.052980 -0.052595
v -0.060252 0.053667 -0.051666
v -0.060277 0.052514 -0.050999
v -0.060094 0.071063 -0.062122
v -0.060183 0.071136 -0.061793
v -0.060281 0.052090 -0.051432
v -0.060206 0.052276 -0.051192
v -0.060364 0.054236 -0.053002
v -0.060293 0.054418 -0.052745
v -0.060260 0.066402 -0.060420
v -0.060160 0.066286 -0.060732
v -0.060243 0.052834 -0.052570
v -0.059971 0.053521 -0.051641
v -0.060280 0.054010 -0.053216
v -0.060085 0.054507 -0.052514
v -0.059780 0.068497 -0.061877
v -0.060137 0.068852 -0.060679
v -0.060185 0.066555 -0.060116
v -0.059910 0.066239 -0.060970
v -0.060064 0.053800 -0.053330
v -0.059797 0.054478 -0.052372
v -0.059963 0.052799 -0.052423
v -0.059763 0.053302 -0.051743
v -0.059953 0.066704 -0.059903
v -0.059578 0.066272 -0.061070
v -0.059547 0.068639 -0.061661
v -0.059808 0.068899 -0.060784
v -0.059902 0.055253 -0.053427
v -0.059972 0.055074 -0.053691
v -0.059691 0.055346 -0.053196
v -0.059759 0.052885 -0.052195
v -0.059686 0.053070 -0.051946
v -0.059882 0.054855 -0.053917
v -0.059773 0.053663 -0.053314
v -0.059506 0.054341 -0.052355
v -0.059847 0.064516 -0.059517
v -0.059743 0.064383 -0.059822
v -0.059774 0.064681 -0.059219
v -0.059467 0.068776 -0.061351
v -0.059563 0.068871 -0.061030
v -0.059489 0.064318 -0.060051
v -0.059628 0.066809 -0.059837
v -0.059253 0.066378 -0.061004
v -0.059394 0.055326 -0.053059
v -0.059656 0.054656 -0.054044
v -0.059485 0.053635 -0.053171
v -0.059290 0.054131 -0.052470
v -0.059575 0.056120 -0.054088
v -0.059644 0.055943 -0.054359
v -0.059544 0.064834 -0.059008
v -0.059359 0.056219 -0.053857
v -0.059154 0.064338 -0.060144
v -0.059548 0.055733 -0.054597
v -0.059530 0.062789 -0.058597
v -0.059423 0.062642 -0.058894
v -0.059093 0.055201 -0.053053
v -0.059296 0.066843 -0.059936
v -0.059277 0.053723 -0.052940
v -0.059206 0.053905 -0.052684
v -0.059355 0.054531 -0.054038
v -0.059458 0.062962 -0.058303
v -0.059021 0.066527 -0.060791
v -0.059166 0.062562 -0.059116
v -0.059054 0.056211 -0.053728
v -0.059313 0.055549 -0.054738
v -0.059320 0.057020 -0.054730
v -0.059390 0.056844 -0.055007
v -0.059217 0.064935 -0.058940
v -0.059100 0.057126 -0.054500
v -0.058828 0.064439 -0.060076
v -0.059046 0.066795 -0.060174
v -0.059289 0.056645 -0.055257
v -0.059228 0.063116 -0.058092
v -0.058946 0.066680 -0.060487
v -0.059304 0.061205 -0.057694
v -0.059195 0.061049 -0.057987
v -0.058867 0.055002 -0.053181
v -0.059058 0.054511 -0.053902
v -0.058829 0.062570 -0.059202
v -0.059233 0.061381 -0.057402
v -0.058937 0.060956 -0.058201
v -0.058742 0.056100 -0.053735
v -0.059218 0.057777 -0.055636
v -0.059149 0.057952 -0.055353
v -0.059001 0.055438 -0.054746
v -0.058786 0.057134 -0.054380
v -0.058777 0.054783 -0.053406
v -0.059045 0.056477 -0.055415
v -0.059113 0.057590 -0.055899
v -0.058924 0.058068 -0.055127
v -0.059165 0.059752 -0.056849
v -0.059056 0.059589 -0.057137
v -0.058882 0.064955 -0.059033
v -0.058847 0.054604 -0.053670
v -0.058597 0.064592 -0.059865
v -0.059070 0.058918 -0.055960
v -0.059140 0.058744 -0.056248
v -0.059002 0.061531 -0.057189
v -0.059094 0.059928 -0.056557
v -0.058900 0.063210 -0.058020
v -0.058796 0.059482 -0.057343
v -0.058841 0.059047 -0.055737
v -0.059033 0.058570 -0.056525
v -0.058598 0.060951 -0.058281
v -0.058501 0.062663 -0.059130
v -0.058862 0.057442 -0.056073
v -0.058507 0.055916 -0.053877
v -0.058603 0.058095 -0.055017
v -0.058862 0.060070 -0.056338
v -0.058696 0.055430 -0.054616
v -0.058465 0.057041 -0.054402
v -0.058723 0.056384 -0.055436
v -0.058776 0.058443 -0.056716
v -0.058629 0.064890 -0.059263
v -0.058524 0.064757 -0.059567
v -0.058672 0.061615 -0.057112
v -0.058456 0.059460 -0.057413
v -0.058514 0.059094 -0.055640
v -0.058563 0.063217 -0.058107
v -0.058411 0.055706 -0.054115
v -0.058532 0.057371 -0.056111
v -0.058532 0.060139 -0.056253
v -0.058480 0.055529 -0.054386
v -0.058269 0.061035 -0.058203
v -0.058271 0.062817 -0.058919
v -0.058439 0.058398 -0.056770
v -0.058273 0.058024 -0.055055
v -0.058221 0.056873 -0.054559
v -0.058410 0.056392 -0.055316
v -0.058333 0.061610 -0.057191
v -0.058306 0.063137 -0.058328
v -0.058178 0.059049 -0.055694
v -0.058125 0.059529 -0.057327
v -0.058199 0.062990 -0.058626
v -0.058211 0.057397 -0.056001
v -0.058191 0.060117 -0.056322
v -0.058120 0.056674 -0.054810
v -0.058038 0.061185 -0.057990
v -0.058189 0.056498 -0.055087
v -0.058022 0.057875 -0.055229
v -0.058113 0.058446 -0.056673
v -0.058075 0.061517 -0.057406
v -0.057921 0.058922 -0.055886
v -0.057893 0.059670 -0.057108
v -0.057967 0.061362 -0.057698
v -0.057917 0.057688 -0.055492
v -0.057986 0.057513 -0.055775
v -0.057931 0.060010 -0.056528
v -0.057883 0.058574 -0.056451
v -0.057813 0.058748 -0.056162
v -0.057822 0.059846 -0.056816
v -0.084979 0.132923 -0.074437
v -0.084963 0.134517 -0.075891
v -0.084977 0.133163 -0.074241
v -0.084696 0.131599 -0.072814
v -0.084965 0.134268 -0.076092
v -0.084827 0.132721 -0.074614
v -0.084552 0.131415 -0.072998
v -0.084802 0.134721 -0.075705
v -0.084821 0.133374 -0.074079
v -0.084694 0.131831 -0.072626
v -0.084591 0.135864 -0.077574
v -0.084808 0.134042 -0.076254
v -0.084595 0.135603 -0.077778
v -0.084429 0.136061 -0.077364
v -0.084561 0.132609 -0.074724
v -0.084299 0.131327 -0.073130
v -0.084525 0.134827 -0.075585
v -0.084546 0.132048 -0.072485
v -0.084552 0.133502 -0.073994
v -0.084534 0.133899 -0.076335
v -0.084439 0.135349 -0.077920
v -0.084151 0.136141 -0.077204
v -0.084040 0.130150 -0.071406
v -0.083801 0.130080 -0.071550
v -0.084177 0.130321 -0.071220
v -0.084176 0.130547 -0.071042
v -0.084291 0.132192 -0.072428
v -0.084037 0.130767 -0.070920
v -0.084252 0.132618 -0.074738
v -0.084005 0.131360 -0.073173
v -0.084207 0.134806 -0.075562
v -0.084244 0.133510 -0.074008
v -0.084164 0.135170 -0.077964
v -0.084216 0.133877 -0.076312
v -0.083833 0.136085 -0.077137
v -0.083804 0.137170 -0.079286
v -0.083810 0.136897 -0.079491
v -0.083645 0.137360 -0.079051
v -0.083662 0.136613 -0.079610
v -0.083376 0.137415 -0.078849
v -0.083478 0.129115 -0.069650
v -0.083347 0.128953 -0.069833
v -0.083479 0.129336 -0.069484
v -0.083525 0.130129 -0.071614
v -0.083998 0.132224 -0.072472
v -0.083797 0.130923 -0.070886
v -0.083984 0.132745 -0.074653
v -0.083750 0.131503 -0.073116
v -0.083932 0.134663 -0.075643
v -0.083978 0.133399 -0.074119
v -0.083846 0.135113 -0.077897
v -0.083939 0.133983 -0.076192
v -0.083559 0.135905 -0.077180
v -0.083399 0.136396 -0.079612
v -0.083068 0.137322 -0.078733
v -0.083123 0.128894 -0.069984
v -0.083351 0.129558 -0.069379
v -0.083286 0.130285 -0.071581
v -0.083745 0.132136 -0.072603
v -0.083522 0.130972 -0.070950
v -0.083828 0.132957 -0.074491
v -0.083602 0.131720 -0.072975
v -0.083775 0.134437 -0.075806
v -0.083825 0.133196 -0.074295
v -0.083778 0.134188 -0.076007
v -0.083568 0.135194 -0.077737
v -0.083402 0.135651 -0.077323
v -0.082655 0.128003 -0.068102
v -0.082530 0.127847 -0.068277
v -0.082660 0.128221 -0.067949
v -0.082864 0.128954 -0.070062
v -0.082641 0.129117 -0.070047
v -0.083127 0.129720 -0.069364
v -0.083283 0.130902 -0.071095
v -0.082869 0.129780 -0.069442
v -0.083147 0.130505 -0.071459
v -0.083600 0.131952 -0.072787
v -0.083146 0.130731 -0.071281
v -0.083406 0.135391 -0.077527
v -0.083092 0.136302 -0.079497
v -0.082823 0.136358 -0.079295
v -0.082805 0.137104 -0.078736
v -0.082657 0.136821 -0.078855
v -0.082317 0.127795 -0.068428
v -0.082543 0.128443 -0.067861
v -0.082663 0.136548 -0.079060
v -0.082513 0.129339 -0.069942
v -0.082644 0.129722 -0.069593
v -0.082074 0.127861 -0.068515
v -0.082335 0.128609 -0.067859
v -0.082514 0.129560 -0.069776
v -0.081867 0.128028 -0.068514
v -0.082092 0.128675 -0.067946
v -0.081764 0.127011 -0.066570
v -0.081641 0.126859 -0.066734
v -0.081774 0.127226 -0.066433
v -0.081750 0.128249 -0.068425
v -0.081880 0.128623 -0.068097
v -0.081438 0.126810 -0.066880
v -0.081668 0.127447 -0.066360
v -0.081754 0.128467 -0.068273
v -0.081209 0.126878 -0.066971
v -0.081475 0.127614 -0.066370
v -0.081016 0.127045 -0.066981
v -0.081246 0.127682 -0.066461
v -0.080910 0.127265 -0.066908
v -0.081043 0.127633 -0.066608
v -0.080857 0.126163 -0.065052
v -0.080734 0.126012 -0.065200
v -0.080874 0.126376 -0.064934
v -0.080920 0.127480 -0.066771
v -0.080780 0.126595 -0.064877
v -0.080538 0.125963 -0.065337
v -0.080601 0.126760 -0.064896
v -0.080321 0.126031 -0.065427
v -0.080384 0.126827 -0.064986
v -0.080141 0.126195 -0.065446
v -0.080047 0.126414 -0.065389
v -0.080187 0.126778 -0.065123
v -0.080064 0.126627 -0.065271
v -0.079990 0.125484 -0.063546
v -0.079864 0.125333 -0.063672
v -0.080015 0.125696 -0.063450
v -0.079933 0.125911 -0.063409
v -0.079671 0.125283 -0.063794
v -0.079766 0.126072 -0.063435
v -0.079464 0.125347 -0.063880
v -0.079558 0.126136 -0.063521
v -0.079296 0.125508 -0.063906
v -0.079366 0.126086 -0.063643
v -0.079214 0.125723 -0.063866
v -0.079240 0.125934 -0.063770
v -0.079215 0.124999 -0.062050
v -0.079084 0.124848 -0.062148
v -0.079250 0.125208 -0.061980
v -0.079180 0.125419 -0.061958
v -0.078892 0.124795 -0.062249
v -0.079024 0.125575 -0.061990
v -0.078691 0.124854 -0.062325
v -0.078823 0.125634 -0.062066
v -0.078535 0.125010 -0.062357
v -0.078632 0.125581 -0.062167
v -0.078465 0.125221 -0.062335
v -0.078585 0.124733 -0.060561
v -0.078630 0.124937 -0.060523
v -0.078501 0.125430 -0.062265
v -0.078448 0.124583 -0.060625
v -0.078571 0.125140 -0.060522
v -0.078257 0.124529 -0.060698
v -0.078425 0.125290 -0.060557
v -0.078061 0.124583 -0.060761
v -0.078229 0.125344 -0.060620
v -0.077915 0.124733 -0.060796
v -0.078038 0.125290 -0.060693
v -0.077856 0.124937 -0.060795
v -0.077901 0.125140 -0.060757
v -0.085266 0.298849 -0.047905
v -0.085024 0.298596 -0.048293
v -0.085308 0.298975 -0.048080
v -0.084932 0.298717 -0.048453
v -0.085258 0.299149 -0.048206
v -0.085143 0.298802 -0.047728
v -0.085020 0.298519 -0.048088
v -0.084770 0.298847 -0.048524
v -0.085130 0.299322 -0.048250
v -0.084923 0.298504 -0.047891
v -0.084972 0.298849 -0.047597
v -0.084580 0.298953 -0.048488
v -0.084957 0.299448 -0.048200
v -0.084703 0.297997 -0.048436
v -0.084720 0.297955 -0.048220
v -0.084590 0.298079 -0.048606
v -0.084757 0.298557 -0.047756
v -0.084799 0.298975 -0.047547
v -0.084415 0.299006 -0.048353
v -0.084786 0.299495 -0.048069
v -0.084635 0.297964 -0.048018
v -0.084411 0.298179 -0.048685
v -0.084213 0.298269 -0.048653
v -0.084567 0.298663 -0.047719
v -0.084670 0.299149 -0.047591
v -0.084317 0.298991 -0.048156
v -0.084663 0.299448 -0.047893
v -0.084471 0.298021 -0.047882
v -0.084394 0.297205 -0.048286
v -0.084368 0.297224 -0.048503
v -0.084316 0.297229 -0.048081
v -0.084243 0.297281 -0.048676
v -0.084273 0.298111 -0.047849
v -0.084154 0.297289 -0.047945
v -0.084055 0.297359 -0.048757
v -0.084405 0.298793 -0.047790
v -0.084050 0.298326 -0.048517
v -0.084620 0.299322 -0.047718
v -0.084313 0.298913 -0.047950
v -0.083852 0.297439 -0.048726
v -0.084094 0.298211 -0.047928
v -0.083965 0.298335 -0.048314
v -0.084036 0.296324 -0.048495
v -0.084069 0.296323 -0.048277
v -0.083904 0.296361 -0.048667
v -0.083995 0.296358 -0.048073
v -0.083710 0.296423 -0.048749
v -0.083951 0.297369 -0.047913
v -0.083833 0.296420 -0.047937
v -0.083690 0.297499 -0.048589
v -0.083981 0.298293 -0.048099
v -0.083727 0.295343 -0.048411
v -0.083590 0.295362 -0.048582
v -0.083765 0.295358 -0.048195
v -0.083504 0.296495 -0.048717
v -0.083762 0.297447 -0.047995
v -0.083612 0.297523 -0.048385
v -0.083390 0.295410 -0.048662
v -0.083694 0.295403 -0.047991
v -0.083628 0.296491 -0.047905
v -0.083638 0.297504 -0.048167
v -0.083350 0.290346 -0.046391
v -0.083688 0.290078 -0.045822
v -0.083604 0.289874 -0.045812
v -0.083226 0.290175 -0.046450
v -0.083451 0.289735 -0.045739
v -0.083377 0.290531 -0.046274
v -0.083679 0.290290 -0.045765
v -0.083300 0.290679 -0.046130
v -0.083580 0.290455 -0.045659
v -0.083139 0.290750 -0.045999
v -0.083417 0.290528 -0.045530
v -0.083501 0.294359 -0.048039
v -0.083459 0.294328 -0.048252
v -0.083433 0.294414 -0.047837
v -0.083250 0.293324 -0.048020
v -0.083296 0.293373 -0.047810
v -0.083317 0.294328 -0.048420
v -0.083113 0.294361 -0.048498
v -0.083533 0.295466 -0.047855
v -0.083325 0.295530 -0.047823
v -0.083272 0.294479 -0.047701
v -0.083182 0.295474 -0.048630
v -0.083342 0.296557 -0.048581
v -0.083021 0.295537 -0.048494
v -0.083433 0.296554 -0.047986
v -0.083268 0.296592 -0.048377
v -0.083301 0.296591 -0.048159
v -0.083037 0.290062 -0.046436
v -0.083268 0.289696 -0.045623
v -0.083198 0.290986 -0.046734
v -0.083153 0.290844 -0.046896
v -0.083132 0.291108 -0.046564
v -0.082937 0.290727 -0.045915
v -0.083234 0.290490 -0.045413
v -0.083104 0.293304 -0.048183
v -0.082897 0.293319 -0.048257
v -0.083230 0.293440 -0.047611
v -0.082903 0.294417 -0.048465
v -0.083126 0.295578 -0.047903
v -0.083062 0.294535 -0.047667
v -0.082950 0.295582 -0.048290
v -0.082835 0.290038 -0.046351
v -0.083105 0.289769 -0.045494
v -0.083007 0.290721 -0.047006
v -0.082748 0.290614 -0.045900
v -0.083080 0.290350 -0.045340
v -0.082971 0.291178 -0.046430
v -0.083130 0.291638 -0.047151
v -0.083067 0.291737 -0.046965
v -0.083118 0.292377 -0.047714
v -0.082968 0.292332 -0.047869
v -0.083167 0.292450 -0.047513
v -0.083070 0.293506 -0.047476
v -0.083103 0.292531 -0.047318
v -0.082743 0.294482 -0.048329
v -0.082988 0.295597 -0.048074
v -0.082674 0.290110 -0.046220
v -0.083006 0.289934 -0.045387
v -0.082760 0.291177 -0.046370
v -0.083080 0.291536 -0.047339
v -0.082907 0.291805 -0.046830
v -0.082929 0.291456 -0.047478
v -0.082943 0.292597 -0.047183
v -0.082758 0.292326 -0.047936
v -0.082685 0.293366 -0.048221
v -0.082859 0.294568 -0.047745
v -0.082624 0.290442 -0.045959
v -0.082997 0.290146 -0.045331
v -0.082858 0.293552 -0.047440
v -0.082596 0.290258 -0.046076
v -0.082801 0.290649 -0.047035
v -0.082554 0.291105 -0.046398
v -0.082692 0.291825 -0.046783
v -0.082719 0.291422 -0.047532
v -0.082729 0.292632 -0.047143
v -0.082674 0.294537 -0.048127
v -0.082717 0.294568 -0.047913
v -0.082545 0.292361 -0.047896
v -0.082651 0.293568 -0.047513
v -0.082524 0.293432 -0.048085
v -0.082590 0.290648 -0.046975
v -0.082429 0.290718 -0.046841
v -0.082408 0.290982 -0.046509
v -0.082482 0.291790 -0.046837
v -0.082504 0.291441 -0.047485
v -0.082519 0.292626 -0.047210
v -0.082384 0.292428 -0.047761
v -0.082505 0.293548 -0.047677
v -0.082458 0.293498 -0.047886
v -0.082363 0.290840 -0.046671
v -0.082331 0.291711 -0.046976
v -0.082344 0.291509 -0.047350
v -0.082370 0.292581 -0.047365
v -0.082320 0.292508 -0.047566
v -0.082281 0.291608 -0.047164
v -0.087629 0.345307 -0.046190
v -0.087655 0.344790 -0.045828
v -0.087587 0.344680 -0.046007
v -0.087582 0.345439 -0.046020
v -0.087610 0.344906 -0.045647
v -0.087565 0.344116 -0.045441
v -0.087499 0.344026 -0.045630
v -0.087566 0.345158 -0.046339
v -0.087267 0.345781 -0.046441
v -0.087340 0.345627 -0.046581
v -0.087436 0.345518 -0.045875
v -0.087518 0.344225 -0.045255
v -0.087463 0.344999 -0.045512
v -0.087424 0.344608 -0.046135
v -0.087338 0.343978 -0.045773
v -0.087148 0.345837 -0.046265
v -0.087381 0.343290 -0.045023
v -0.087318 0.343212 -0.045219
v -0.087409 0.345031 -0.046427
v -0.087346 0.345418 -0.046648
v -0.087372 0.344322 -0.045123
v -0.087333 0.343392 -0.044834
v -0.087160 0.343180 -0.045369
v -0.087232 0.345523 -0.045794
v -0.087254 0.345043 -0.045460
v -0.087014 0.345781 -0.046100
v -0.087209 0.344591 -0.046179
v -0.087126 0.343985 -0.045830
v -0.087283 0.345208 -0.046623
v -0.087200 0.344961 -0.046431
v -0.087111 0.342341 -0.044596
v -0.087051 0.342275 -0.044797
v -0.087187 0.343492 -0.044703
v -0.087165 0.344383 -0.045080
v -0.087061 0.342437 -0.044404
v -0.086951 0.343202 -0.045434
v -0.086898 0.342256 -0.044953
v -0.087023 0.345453 -0.045798
v -0.087038 0.345027 -0.045503
v -0.087170 0.345055 -0.046513
v -0.086901 0.345627 -0.045990
v -0.086707 0.341251 -0.044392
v -0.086763 0.341306 -0.044186
v -0.086692 0.342290 -0.045024
v -0.086982 0.343562 -0.044665
v -0.086916 0.342538 -0.044273
v -0.086919 0.344045 -0.045787
v -0.086746 0.343272 -0.045396
v -0.086952 0.344390 -0.045137
v -0.087000 0.344636 -0.046126
v -0.086996 0.344966 -0.046350
v -0.087036 0.344998 -0.046348
v -0.086558 0.341246 -0.044554
v -0.086712 0.341396 -0.043992
v -0.086853 0.344728 -0.045991
v -0.086772 0.344143 -0.045655
v -0.086850 0.345045 -0.046205
v -0.086916 0.345055 -0.046172
v -0.086866 0.345326 -0.045886
v -0.086875 0.344954 -0.045632
v -0.086838 0.345418 -0.045965
v -0.086772 0.343584 -0.044730
v -0.086713 0.342616 -0.044238
v -0.086489 0.342368 -0.044989
v -0.086792 0.344342 -0.045280
v -0.086357 0.341291 -0.044629
v -0.086566 0.341496 -0.043861
v -0.086600 0.343372 -0.045265
v -0.086807 0.344845 -0.045810
v -0.086726 0.344251 -0.045469
v -0.086615 0.343552 -0.044880
v -0.086803 0.345177 -0.046035
v -0.086844 0.345208 -0.046032
v -0.086294 0.340181 -0.044033
v -0.086345 0.340223 -0.043823
v -0.086343 0.342468 -0.044858
v -0.086507 0.342650 -0.044309
v -0.086552 0.343474 -0.045076
v -0.086151 0.340191 -0.044200
v -0.086290 0.340305 -0.043626
v -0.086156 0.341376 -0.044597
v -0.086365 0.341581 -0.043829
v -0.086294 0.342564 -0.044667
v -0.086353 0.342631 -0.044466
v -0.085954 0.340249 -0.044279
v -0.086144 0.340405 -0.043495
v -0.086010 0.341476 -0.044466
v -0.086163 0.341626 -0.043904
v -0.085819 0.339105 -0.043748
v -0.085863 0.339131 -0.043534
v -0.085756 0.340340 -0.044249
v -0.085946 0.340496 -0.043465
v -0.085958 0.341566 -0.044272
v -0.086014 0.341621 -0.044066
v -0.085683 0.339132 -0.043920
v -0.085804 0.339203 -0.043335
v -0.085493 0.339204 -0.044002
v -0.085657 0.339301 -0.043203
v -0.085610 0.340439 -0.044118
v -0.085749 0.340554 -0.043544
v -0.085298 0.339303 -0.043974
v -0.085462 0.339400 -0.043175
v -0.085555 0.340521 -0.043921
v -0.085606 0.340563 -0.043711
v -0.085289 0.338062 -0.043567
v -0.085323 0.338068 -0.043350
v -0.085165 0.338111 -0.043742
v -0.085257 0.338127 -0.043148
v -0.085151 0.339401 -0.043843
v -0.085271 0.339472 -0.043258
v -0.084983 0.338201 -0.043828
v -0.085109 0.338223 -0.043016
v -0.085092 0.339473 -0.043644
v -0.085136 0.339499 -0.043430
v -0.084793 0.338309 -0.043801
v -0.084919 0.338331 -0.042990
v -0.084712 0.337092 -0.043519
v -0.084605 0.337169 -0.043695
v -0.084730 0.337072 -0.043300
v -0.084645 0.338405 -0.043670
v -0.084654 0.337114 -0.043098
v -0.084737 0.338421 -0.043076
v -0.084437 0.337282 -0.043781
v -0.084504 0.337207 -0.042966
v -0.084580 0.338464 -0.043468
v -0.084613 0.338470 -0.043251
v -0.084254 0.337401 -0.043755
v -0.084321 0.337326 -0.042940
v -0.084104 0.337494 -0.043624
v -0.084095 0.336235 -0.043633
v -0.084089 0.336182 -0.043419
v -0.084014 0.336348 -0.043804
v -0.083997 0.336202 -0.043220
v -0.083867 0.336490 -0.043886
v -0.083844 0.336291 -0.043089
v -0.084028 0.337536 -0.043421
v -0.084153 0.337439 -0.043027
v -0.084046 0.337516 -0.043203
v -0.083695 0.336623 -0.043858
v -0.083671 0.336424 -0.043061
v -0.083542 0.336712 -0.043727
v -0.083524 0.336566 -0.043143
v -0.083445 0.335533 -0.043940
v -0.083405 0.335443 -0.043743
v -0.083401 0.335685 -0.044093
v -0.083450 0.336732 -0.043528
v -0.083443 0.336679 -0.043314
v -0.083291 0.335440 -0.043555
v -0.083284 0.335858 -0.044161
v -0.083125 0.336007 -0.044126
v -0.083133 0.335524 -0.043426
v -0.082975 0.335672 -0.043391
v -0.082857 0.335846 -0.043459
v -0.082968 0.336091 -0.043997
v -0.082853 0.336087 -0.043809
v -0.082813 0.335997 -0.043612
v -0.087873 0.359761 -0.045047
v -0.087485 0.358853 -0.045542
v -0.087914 0.359801 -0.045391
v -0.087360 0.358956 -0.045853
v -0.087791 0.359908 -0.045699
v -0.087681 0.359801 -0.044759
v -0.087447 0.358818 -0.045196
v -0.087104 0.359101 -0.046044
v -0.087538 0.360056 -0.045888
v -0.087255 0.358862 -0.044906
v -0.087387 0.359908 -0.044604
v -0.086787 0.359248 -0.046064
v -0.087222 0.360203 -0.045908
v -0.087086 0.357964 -0.045667
v -0.086958 0.358062 -0.045980
v -0.087051 0.357935 -0.045318
v -0.086961 0.358972 -0.044750
v -0.087072 0.360056 -0.044624
v -0.086699 0.358203 -0.046173
v -0.086860 0.357983 -0.045026
v -0.086493 0.359358 -0.045908
v -0.086929 0.360310 -0.045754
v -0.086379 0.358349 -0.046193
v -0.086716 0.357125 -0.045766
v -0.086684 0.357103 -0.045414
v -0.086584 0.357216 -0.046081
v -0.086644 0.359119 -0.044771
v -0.086819 0.360203 -0.044814
v -0.086321 0.357351 -0.046275
v -0.086565 0.358096 -0.044870
v -0.086494 0.357156 -0.045120
v -0.086084 0.358461 -0.046037
v -0.086388 0.359264 -0.044962
v -0.086696 0.360310 -0.045122
v -0.086301 0.359402 -0.045618
v -0.086736 0.360350 -0.045466
v -0.086375 0.356326 -0.045837
v -0.086346 0.356313 -0.045483
v -0.086237 0.356408 -0.046154
v -0.085998 0.357494 -0.046296
v -0.086246 0.358242 -0.044891
v -0.086263 0.359367 -0.045272
v -0.085970 0.356535 -0.046350
v -0.086198 0.357270 -0.044963
v -0.086157 0.356371 -0.045188
v -0.085894 0.358509 -0.045745
v -0.086061 0.355558 -0.045882
v -0.086036 0.355554 -0.045526
v -0.085918 0.355628 -0.046201
v -0.085702 0.357608 -0.046138
v -0.085987 0.358383 -0.045083
v -0.085643 0.356674 -0.046372
v -0.085858 0.358481 -0.045396
v -0.085645 0.355746 -0.046399
v -0.085876 0.357413 -0.044984
v -0.085860 0.356485 -0.045029
v -0.085848 0.355616 -0.045229
v -0.085513 0.357661 -0.045845
v -0.085775 0.354810 -0.045901
v -0.085626 0.354867 -0.046222
v -0.085753 0.354815 -0.045543
v -0.085314 0.355879 -0.046421
v -0.085346 0.356788 -0.046214
v -0.085613 0.357549 -0.045178
v -0.085347 0.354973 -0.046420
v -0.085534 0.356624 -0.045051
v -0.085549 0.355730 -0.045070
v -0.085480 0.357639 -0.045493
v -0.085566 0.354883 -0.045244
v -0.085514 0.354071 -0.045893
v -0.085360 0.354115 -0.046216
v -0.085496 0.354088 -0.045534
v -0.085158 0.356846 -0.045918
v -0.085011 0.355098 -0.046443
v -0.085015 0.355992 -0.046262
v -0.085074 0.354206 -0.046415
v -0.085266 0.356751 -0.045247
v -0.085265 0.354994 -0.045084
v -0.085310 0.354159 -0.045234
v -0.085219 0.355863 -0.045092
v -0.085279 0.353332 -0.045860
v -0.085119 0.353361 -0.046184
v -0.085264 0.353359 -0.045500
v -0.085128 0.356833 -0.045564
v -0.084826 0.353437 -0.046383
v -0.084733 0.354321 -0.046438
v -0.084828 0.356055 -0.045965
v -0.085078 0.353435 -0.045198
v -0.085006 0.354267 -0.045073
v -0.084710 0.355209 -0.046283
v -0.085067 0.352581 -0.045801
v -0.084902 0.352595 -0.046125
v -0.085055 0.352619 -0.045440
v -0.084930 0.355119 -0.045107
v -0.084945 0.355980 -0.045289
v -0.084604 0.352656 -0.046324
v -0.084802 0.356050 -0.045609
v -0.084879 0.351808 -0.045717
v -0.084709 0.351807 -0.046041
v -0.084869 0.352697 -0.045137
v -0.084869 0.351855 -0.045355
v -0.084771 0.353538 -0.045037
v -0.084480 0.353541 -0.046405
v -0.084665 0.354383 -0.045096
v -0.084429 0.354429 -0.046277
v -0.084523 0.355276 -0.045985
v -0.084650 0.355225 -0.045305
v -0.084874 0.272330 -0.045816
v -0.084915 0.262408 -0.046337
v -0.084928 0.262432 -0.046763
v -0.084811 0.252775 -0.047375
v -0.084649 0.272310 -0.045453
v -0.084797 0.252745 -0.046948
v -0.084689 0.262388 -0.045974
v -0.084887 0.272351 -0.046243
v -0.084725 0.262455 -0.047139
v -0.084608 0.252806 -0.047750
v -0.084713 0.282275 -0.045378
v -0.084488 0.282256 -0.045015
v -0.084685 0.272367 -0.046620
v -0.084726 0.282293 -0.045805
v -0.084712 0.351002 -0.045607
v -0.084539 0.350987 -0.045930
v -0.084682 0.351936 -0.045051
v -0.084704 0.351057 -0.045244
v -0.084405 0.351852 -0.046239
v -0.084559 0.352796 -0.044975
v -0.084497 0.243617 -0.048086
v -0.084484 0.243580 -0.047660
v -0.084572 0.252725 -0.046585
v -0.084296 0.243660 -0.048461
v -0.084253 0.352747 -0.046345
v -0.084425 0.353642 -0.045059
v -0.084501 0.355282 -0.045627
v -0.083951 0.235206 -0.048907
v -0.084259 0.243560 -0.047297
v -0.083937 0.235163 -0.048481
v -0.083750 0.235258 -0.049280
v -0.084313 0.262377 -0.045772
v -0.084196 0.252719 -0.046383
v -0.084245 0.252830 -0.047974
v -0.083933 0.243697 -0.048684
v -0.084272 0.272297 -0.045251
v -0.084362 0.262469 -0.047364
v -0.084111 0.282240 -0.044813
v -0.084524 0.282304 -0.046181
v -0.084321 0.272374 -0.046845
v -0.084245 0.291985 -0.044649
v -0.083868 0.291967 -0.044447
v -0.084470 0.292004 -0.045012
v -0.084483 0.292019 -0.045439
v -0.084281 0.292027 -0.045816
v -0.084161 0.282306 -0.046407
v -0.084183 0.301278 -0.044710
v -0.083958 0.301260 -0.044346
v -0.084196 0.301292 -0.045137
v -0.084559 0.350212 -0.045107
v -0.084566 0.350150 -0.045471
v -0.084444 0.349241 -0.045314
v -0.084390 0.350124 -0.045793
v -0.084265 0.349207 -0.045640
v -0.084517 0.351139 -0.044939
v -0.084371 0.350293 -0.044801
v -0.084438 0.349306 -0.044946
v -0.084230 0.351017 -0.046127
v -0.084078 0.350141 -0.045989
v -0.084369 0.352028 -0.044887
v -0.084201 0.351224 -0.044774
v -0.084049 0.351931 -0.046259
v -0.084208 0.352887 -0.044996
v -0.084173 0.353645 -0.046244
v -0.083942 0.352846 -0.046183
v -0.084379 0.354474 -0.045295
v -0.084243 0.354501 -0.045977
v -0.084225 0.354518 -0.045618
v -0.084336 0.348265 -0.045145
v -0.084154 0.348228 -0.045475
v -0.084247 0.349386 -0.044635
v -0.084329 0.348329 -0.044772
v -0.083870 0.351084 -0.046145
v -0.084133 0.353719 -0.045259
v -0.083987 0.353720 -0.045943
v -0.083818 0.252841 -0.047987
v -0.083934 0.262472 -0.047377
v -0.083947 0.349215 -0.045837
v -0.084052 0.350372 -0.044633
v -0.084013 0.352107 -0.044907
v -0.083882 0.243560 -0.047095
v -0.083712 0.235142 -0.048118
v -0.083387 0.235307 -0.049502
v -0.083885 0.262380 -0.045785
v -0.083768 0.252730 -0.046395
v -0.083506 0.243719 -0.048695
v -0.083844 0.272293 -0.045265
v -0.083684 0.282231 -0.044826
v -0.083894 0.272371 -0.046858
v -0.083918 0.292025 -0.046041
v -0.083733 0.282298 -0.046420
v -0.083581 0.301241 -0.044145
v -0.083994 0.301297 -0.045514
v -0.083889 0.309858 -0.044462
v -0.083664 0.309840 -0.044099
v -0.083903 0.309870 -0.044889
v -0.084230 0.347273 -0.044592
v -0.084140 0.346125 -0.044413
v -0.084148 0.346069 -0.044797
v -0.084065 0.344827 -0.044631
v -0.084238 0.347211 -0.044971
v -0.083962 0.346035 -0.045136
v -0.083876 0.344798 -0.044975
v -0.084033 0.347343 -0.044271
v -0.084056 0.344876 -0.044241
v -0.083940 0.346189 -0.044086
v -0.084053 0.347175 -0.045305
v -0.084135 0.348405 -0.044456
v -0.083831 0.348230 -0.045673
v -0.083727 0.347173 -0.045505
v -0.083922 0.349459 -0.044464
v -0.083805 0.348472 -0.044282
v -0.083714 0.350196 -0.046006
v -0.083840 0.351291 -0.044792
v -0.083736 0.352024 -0.046095
v -0.083910 0.352948 -0.045195
v -0.083756 0.352924 -0.045880
v -0.083973 0.353747 -0.045582
v -0.083441 0.291956 -0.044461
v -0.083984 0.343474 -0.044480
v -0.083794 0.343451 -0.044829
v -0.083975 0.343515 -0.044084
v -0.083852 0.344932 -0.043909
v -0.083631 0.346032 -0.045339
v -0.083699 0.347403 -0.044093
v -0.083577 0.349262 -0.045852
v -0.083688 0.350428 -0.044650
v -0.083554 0.351169 -0.045980
v -0.083821 0.233609 -0.049077
v -0.083808 0.233565 -0.048656
v -0.083622 0.233663 -0.049447
v -0.083336 0.235147 -0.047915
v -0.083455 0.243583 -0.047106
v -0.082961 0.235338 -0.049513
v -0.083522 0.262394 -0.046009
v -0.083481 0.272300 -0.045490
v -0.083558 0.262462 -0.047175
v -0.083441 0.252836 -0.047784
v -0.083517 0.272357 -0.046656
v -0.083154 0.301228 -0.044159
v -0.083631 0.301292 -0.045739
v -0.083491 0.292013 -0.046055
v -0.083287 0.309822 -0.043897
v -0.083701 0.309874 -0.045266
v -0.083627 0.317504 -0.044259
v -0.083402 0.317488 -0.043896
v -0.083641 0.317516 -0.044686
v -0.083894 0.342031 -0.043948
v -0.083904 0.342000 -0.044350
v -0.083822 0.340393 -0.044249
v -0.083712 0.341984 -0.044704
v -0.083628 0.340385 -0.044607
v -0.083768 0.343562 -0.043747
v -0.083811 0.340415 -0.043841
v -0.083684 0.342070 -0.043607
v -0.083541 0.344796 -0.045181
v -0.083454 0.343451 -0.045037
v -0.083601 0.346242 -0.043905
v -0.083455 0.348270 -0.045687
v -0.083552 0.349505 -0.044479
v -0.083395 0.350275 -0.045838
v -0.083710 0.352152 -0.045105
v -0.083550 0.352104 -0.045791
v -0.083744 0.352962 -0.045519
v -0.083650 0.231318 -0.048896
v -0.083479 0.228505 -0.049607
v -0.083664 0.231361 -0.049312
v -0.083465 0.228463 -0.049195
v -0.083283 0.228554 -0.049969
v -0.083268 0.225095 -0.049954
v -0.083075 0.225143 -0.050313
v -0.083585 0.233543 -0.048297
v -0.083429 0.231295 -0.048541
v -0.083467 0.231412 -0.049678
v -0.083212 0.233548 -0.048096
v -0.083264 0.233712 -0.049666
v -0.083112 0.231457 -0.049896
v -0.083129 0.243720 -0.048493
v -0.082585 0.235343 -0.049310
v -0.083405 0.252754 -0.046619
v -0.083279 0.272316 -0.045866
v -0.083319 0.262417 -0.046385
v -0.083333 0.262442 -0.046812
v -0.083216 0.252815 -0.047421
v -0.083320 0.282233 -0.045052
v -0.083118 0.282244 -0.045428
v -0.083356 0.282282 -0.046218
v -0.083292 0.272337 -0.046293
v -0.083078 0.291954 -0.044686
v -0.083204 0.301278 -0.045753
v -0.083114 0.291996 -0.045853
v -0.082860 0.309808 -0.043911
v -0.083337 0.309868 -0.045491
v -0.083025 0.317470 -0.043694
v -0.083439 0.317519 -0.045063
v -0.083434 0.323976 -0.044093
v -0.083209 0.323961 -0.043730
v -0.083448 0.323988 -0.044520
v -0.083628 0.336738 -0.043740
v -0.083523 0.334657 -0.043759
v -0.083536 0.334666 -0.044181
v -0.083420 0.332433 -0.044260
v -0.083641 0.336737 -0.044157
v -0.083337 0.334686 -0.044553
v -0.083218 0.332454 -0.044637
v -0.083409 0.336751 -0.043384
v -0.083407 0.332419 -0.043833
v -0.083301 0.334662 -0.043399
v -0.083723 0.338654 -0.043769
v -0.083735 0.338642 -0.044182
v -0.083443 0.336747 -0.044525
v -0.083507 0.338675 -0.043418
v -0.083539 0.338643 -0.044545
v -0.083188 0.338656 -0.044762
v -0.083088 0.336766 -0.044745
v -0.083598 0.340444 -0.043495
v -0.083240 0.340475 -0.043301
v -0.083145 0.338700 -0.043222
v -0.083281 0.340393 -0.044821
v -0.083330 0.342106 -0.043416
v -0.083368 0.341988 -0.044915
v -0.083419 0.343604 -0.043560
v -0.083508 0.344979 -0.043725
v -0.083149 0.344822 -0.045193
v -0.083057 0.343475 -0.045049
v -0.083214 0.346272 -0.043918
v -0.083116 0.345005 -0.043737
v -0.083244 0.346062 -0.045351
v -0.083317 0.347437 -0.044106
v -0.083345 0.347207 -0.045518
v -0.083429 0.348511 -0.044296
v -0.083253 0.349335 -0.045681
v -0.083126 0.348336 -0.045513
v -0.083376 0.350445 -0.044846
v -0.083235 0.349513 -0.044676
v -0.083532 0.351321 -0.044989
v -0.083367 0.351251 -0.045675
v -0.083207 0.350357 -0.045532
v -0.083540 0.352151 -0.045429
v -0.083359 0.351306 -0.045312
v -0.083247 0.228440 -0.048843
v -0.083255 0.225054 -0.049546
v -0.083061 0.231298 -0.048342
v -0.082932 0.228597 -0.050184
v -0.082909 0.235178 -0.047926
v -0.082842 0.233743 -0.049677
v -0.083092 0.243620 -0.047329
v -0.083203 0.252786 -0.046995
v -0.082904 0.243700 -0.048130
v -0.082875 0.291961 -0.045063
v -0.083131 0.282262 -0.045855
v -0.082791 0.301223 -0.044384
v -0.083075 0.317514 -0.045289
v -0.082910 0.309853 -0.045505
v -0.082832 0.323947 -0.043528
v -0.083246 0.323993 -0.044897
v -0.083348 0.329026 -0.043954
v -0.083123 0.329015 -0.043591
v -0.083362 0.329040 -0.044381
v -0.083181 0.332414 -0.043470
v -0.083160 0.329051 -0.044758
v -0.082978 0.334710 -0.044775
v -0.082855 0.332475 -0.044862
v -0.083042 0.336771 -0.043186
v -0.082966 0.342010 -0.044927
v -0.082873 0.340415 -0.044833
v -0.083022 0.343628 -0.043572
v -0.082928 0.342128 -0.043428
v -0.083011 0.347267 -0.045340
v -0.082905 0.346115 -0.045170
v -0.083107 0.348513 -0.044494
v -0.082990 0.347435 -0.044307
v -0.083062 0.349414 -0.045370
v -0.083200 0.350419 -0.045168
v -0.083033 0.221184 -0.050348
v -0.083038 0.225031 -0.049198
v -0.083020 0.221144 -0.049945
v -0.082842 0.221231 -0.050703
v -0.082882 0.228442 -0.048646
v -0.082727 0.225185 -0.050526
v -0.082790 0.233579 -0.048107
v -0.082694 0.231485 -0.049907
v -0.082891 0.243663 -0.047704
v -0.082827 0.301260 -0.045551
v -0.082598 0.317457 -0.043708
v -0.082746 0.329008 -0.043389
v -0.082882 0.323990 -0.045122
v -0.082929 0.334678 -0.043199
v -0.082805 0.332421 -0.043267
v -0.082796 0.329059 -0.044983
v -0.082776 0.338679 -0.044774
v -0.082671 0.336789 -0.044757
v -0.082833 0.340497 -0.043314
v -0.082805 0.344869 -0.045008
v -0.082883 0.346269 -0.044120
v -0.082932 0.348412 -0.045197
v -0.083055 0.349479 -0.045002
v -0.082519 0.228624 -0.050195
v -0.082360 0.235322 -0.048947
v -0.082889 0.291977 -0.045490
v -0.082497 0.309801 -0.044136
v -0.082732 0.338722 -0.043235
v -0.082708 0.343517 -0.044862
v -0.082781 0.345003 -0.043943
v -0.082813 0.347337 -0.045019
v -0.082925 0.348477 -0.044824
v -0.082498 0.221272 -0.050914
v -0.082643 0.231326 -0.048353
v -0.082547 0.235227 -0.048148
v -0.082589 0.301228 -0.044761
v -0.082648 0.317500 -0.045303
v -0.082556 0.334734 -0.044788
v -0.082613 0.342046 -0.044737
v -0.082776 0.216826 -0.050784
v -0.082806 0.221122 -0.049601
v -0.082763 0.216787 -0.050384
v -0.082587 0.216871 -0.051135
v -0.082677 0.225033 -0.049004
v -0.082318 0.225210 -0.050537
v -0.082470 0.233748 -0.049476
v -0.082405 0.323937 -0.043541
v -0.082625 0.336794 -0.043198
v -0.082507 0.334701 -0.043211
v -0.082428 0.332491 -0.044874
v -0.082515 0.340445 -0.044640
v -0.082683 0.343628 -0.043780
v -0.082585 0.342132 -0.043639
v -0.082704 0.346179 -0.044843
v -0.082806 0.347399 -0.044641
v -0.082468 0.228468 -0.048657
v -0.082346 0.235279 -0.048522
v -0.082602 0.301241 -0.045188
v -0.082235 0.317451 -0.043934
v -0.082534 0.309835 -0.045303
v -0.082455 0.323981 -0.045136
v -0.082369 0.329059 -0.044996
v -0.082413 0.338704 -0.044579
v -0.082601 0.344925 -0.044676
v -0.082696 0.346235 -0.044459
v -0.082498 0.212071 -0.051253
v -0.082311 0.212116 -0.051601
v -0.082552 0.216765 -0.050044
v -0.082449 0.221123 -0.049408
v -0.082247 0.216912 -0.051343
v -0.082432 0.233628 -0.048326
v -0.082325 0.231488 -0.049708
v -0.082295 0.309805 -0.044513
v -0.082319 0.329009 -0.043402
v -0.082378 0.332437 -0.043280
v -0.082304 0.336809 -0.044559
v -0.082485 0.340505 -0.043528
v -0.082502 0.343564 -0.044525
v -0.082592 0.344974 -0.044286
v -0.082485 0.212033 -0.050859
v -0.082268 0.225058 -0.049015
v -0.082093 0.221297 -0.050925
v -0.082288 0.231371 -0.048570
v -0.082154 0.228625 -0.049999
v -0.082271 0.317483 -0.045101
v -0.082184 0.334750 -0.044587
v -0.082381 0.338736 -0.043452
v -0.082403 0.342085 -0.044395
v -0.082492 0.343605 -0.044129
v -0.081975 0.212156 -0.051807
v -0.082247 0.233726 -0.049117
v -0.082308 0.309817 -0.044940
v -0.082042 0.323935 -0.043767
v -0.082270 0.336813 -0.043418
v -0.082302 0.340475 -0.044294
v -0.082393 0.342116 -0.043993
v -0.082201 0.206974 -0.051752
v -0.082276 0.212012 -0.050522
v -0.082188 0.206936 -0.051362
v -0.082016 0.207018 -0.052095
v -0.082198 0.216766 -0.049854
v -0.081846 0.216936 -0.051354
v -0.081957 0.225211 -0.050342
v -0.082033 0.317455 -0.044310
v -0.082149 0.334726 -0.043433
v -0.082051 0.332498 -0.044672
v -0.082197 0.338725 -0.044228
v -0.082291 0.340497 -0.043886
v -0.082044 0.221148 -0.049419
v -0.082117 0.228512 -0.048873
v -0.082104 0.231465 -0.049353
v -0.082078 0.323967 -0.044934
v -0.082233 0.233682 -0.048696
v -0.081992 0.329053 -0.044794
v -0.081955 0.329016 -0.043627
v -0.082014 0.332458 -0.043505
v -0.082084 0.336822 -0.044203
v -0.082185 0.338737 -0.043815
v -0.081981 0.206915 -0.051029
v -0.081927 0.212013 -0.050334
v -0.081683 0.207056 -0.052300
v -0.081921 0.225100 -0.049228
v -0.081736 0.221298 -0.050733
v -0.082091 0.231422 -0.048936
v -0.081935 0.228602 -0.049647
v -0.082046 0.317466 -0.044738
v -0.081962 0.334755 -0.044228
v -0.082072 0.336823 -0.043786
v -0.081578 0.212179 -0.051818
v -0.081840 0.323940 -0.044144
v -0.081886 0.201585 -0.052273
v -0.081873 0.201548 -0.051887
v -0.081703 0.201628 -0.052613
v -0.081798 0.216790 -0.049864
v -0.081826 0.332493 -0.044308
v -0.081741 0.225189 -0.049994
v -0.081949 0.334746 -0.043805
v -0.081922 0.228561 -0.049235
v -0.081493 0.216937 -0.051164
v -0.081853 0.323952 -0.044571
v -0.081700 0.221189 -0.049630
v -0.081753 0.329028 -0.044004
v -0.081767 0.329041 -0.044431
v -0.081374 0.201667 -0.052815
v -0.081813 0.332479 -0.043881
v -0.081636 0.206917 -0.050842
v -0.081669 0.201528 -0.051558
v -0.081531 0.212036 -0.050344
v -0.081291 0.207080 -0.052310
v -0.081728 0.225148 -0.049587
v -0.081522 0.221275 -0.050389
v -0.081555 0.195958 -0.052811
v -0.081543 0.195922 -0.052429
v -0.081374 0.196000 -0.053147
v -0.081229 0.212180 -0.051630
v -0.081458 0.216830 -0.050073
v -0.081282 0.216915 -0.050823
v -0.081509 0.221235 -0.049985
v -0.081049 0.196038 -0.053346
v -0.080987 0.201690 -0.052825
v -0.081327 0.201530 -0.051374
v -0.081340 0.195903 -0.052103
v -0.081244 0.206940 -0.050853
v -0.080946 0.207081 -0.052124
v -0.081209 0.190145 -0.053359
v -0.081197 0.190110 -0.052982
v -0.081031 0.190186 -0.053691
v -0.081194 0.212076 -0.050551
v -0.081269 0.216876 -0.050424
v -0.081020 0.212159 -0.051293
v -0.080709 0.190224 -0.053889
v -0.080666 0.196061 -0.053357
v -0.081003 0.195905 -0.051921
v -0.080997 0.190091 -0.052660
v -0.080940 0.201553 -0.051384
v -0.080645 0.201691 -0.052641
v -0.081007 0.212121 -0.050898
v -0.080911 0.206979 -0.051057
v -0.080739 0.207060 -0.051791
v -0.080851 0.184202 -0.053911
v -0.080674 0.184241 -0.054240
v -0.080839 0.184169 -0.053538
v -0.081017 0.153651 -0.055951
v -0.080971 0.150741 -0.056316
v -0.080982 0.150789 -0.056663
v -0.080868 0.147955 -0.057080
v -0.080831 0.153617 -0.055653
v -0.080857 0.147904 -0.056736
v -0.080786 0.150706 -0.056020
v -0.081028 0.153692 -0.056301
v -0.080816 0.150835 -0.056969
v -0.080703 0.148009 -0.057383
v -0.081009 0.156620 -0.055633
v -0.080822 0.156588 -0.055332
v -0.081020 0.156655 -0.055986
v -0.080861 0.153728 -0.056610
v -0.080962 0.159636 -0.055353
v -0.080773 0.159606 -0.055051
v -0.080973 0.159667 -0.055709
v -0.080852 0.156684 -0.056298
v -0.080888 0.162689 -0.055105
v -0.080699 0.162661 -0.054800
v -0.080899 0.162717 -0.055463
v -0.080804 0.159691 -0.056023
v -0.080664 0.190094 -0.052479
v -0.080642 0.184151 -0.053220
v -0.080356 0.184275 -0.054435
v -0.080620 0.195928 -0.051931
v -0.080330 0.190247 -0.053899
v -0.080611 0.201592 -0.051586
v -0.080328 0.196063 -0.053175
v -0.080440 0.201671 -0.052312
v -0.080726 0.207023 -0.051401
v -0.080804 0.165769 -0.054878
v -0.080730 0.162737 -0.055779
v -0.080815 0.165795 -0.055239
v -0.080613 0.165742 -0.054572
v -0.080670 0.145195 -0.057497
v -0.080673 0.147870 -0.056441
v -0.080659 0.145147 -0.057154
v -0.080507 0.145251 -0.057797
v -0.080561 0.153751 -0.056794
v -0.080518 0.150867 -0.057151
v -0.080550 0.156699 -0.056484
v -0.080710 0.181194 -0.054171
v -0.080534 0.181226 -0.054498
v -0.080407 0.148052 -0.057562
v -0.080509 0.156568 -0.055165
v -0.080520 0.153600 -0.055486
v -0.080459 0.159585 -0.054883
v -0.080500 0.159701 -0.056211
v -0.080722 0.168863 -0.054666
v -0.080530 0.168838 -0.054358
v -0.080644 0.165812 -0.055557
v -0.080733 0.168888 -0.055029
v -0.080699 0.181164 -0.053799
v -0.080477 0.150692 -0.055854
v -0.080382 0.162639 -0.054631
v -0.080424 0.162744 -0.055969
v -0.080656 0.171961 -0.054460
v -0.080463 0.171937 -0.054150
v -0.080668 0.171986 -0.054825
v -0.080561 0.168905 -0.055349
v -0.080428 0.201635 -0.051926
v -0.080213 0.145302 -0.057974
v -0.080294 0.165721 -0.054402
v -0.080642 0.178150 -0.054404
v -0.080631 0.178123 -0.054035
v -0.080502 0.181145 -0.053483
v -0.080467 0.178176 -0.054730
v -0.079982 0.184296 -0.054445
v -0.080390 0.142489 -0.057857
v -0.080477 0.145121 -0.056860
v -0.080380 0.142447 -0.057515
v -0.080228 0.142545 -0.058155
v -0.080366 0.147862 -0.056276
v -0.080621 0.175052 -0.054252
v -0.080427 0.175029 -0.053940
v -0.080633 0.175077 -0.054620
v -0.080494 0.172004 -0.055147
v -0.080218 0.181253 -0.054693
v -0.080312 0.184152 -0.053042
v -0.080285 0.190117 -0.052490
v -0.079996 0.190249 -0.053718
v -0.080209 0.168818 -0.054186
v -0.080337 0.165817 -0.055748
v -0.080436 0.178102 -0.053720
v -0.080459 0.175098 -0.054943
v -0.080294 0.195966 -0.052131
v -0.080126 0.196044 -0.052849
v -0.080208 0.153754 -0.056805
v -0.080167 0.150878 -0.057160
v -0.080195 0.156697 -0.056495
v -0.080252 0.168910 -0.055541
v -0.080141 0.171920 -0.053977
v -0.080152 0.178194 -0.054924
v -0.080201 0.142431 -0.057222
v -0.080173 0.145123 -0.056694
v -0.079937 0.142601 -0.058331
v -0.080168 0.153603 -0.055497
v -0.080127 0.150702 -0.055864
v -0.080059 0.148072 -0.057570
v -0.080154 0.156565 -0.055177
v -0.080102 0.159578 -0.054895
v -0.080143 0.159694 -0.056223
v -0.080183 0.172011 -0.055340
v -0.080174 0.181141 -0.053307
v -0.080023 0.162630 -0.054643
v -0.080102 0.175015 -0.053766
v -0.080145 0.175110 -0.055137
v -0.080065 0.162735 -0.055980
v -0.080109 0.178093 -0.053545
v -0.080114 0.196008 -0.052467
v -0.079868 0.145332 -0.057980
v -0.080041 0.139848 -0.058164
v -0.080032 0.139812 -0.057824
v -0.079880 0.139903 -0.058460
v -0.079933 0.165711 -0.054414
v -0.080018 0.147882 -0.056284
v -0.079975 0.165808 -0.055760
v -0.079937 0.184173 -0.053052
v -0.079845 0.181266 -0.054703
v -0.079652 0.184297 -0.054267
v -0.079797 0.190231 -0.053397
v -0.079845 0.168810 -0.054198
v -0.079963 0.190154 -0.052687
v -0.079888 0.168902 -0.055553
v -0.079900 0.142446 -0.057056
v -0.079855 0.139806 -0.057531
v -0.079591 0.139963 -0.058634
v -0.079828 0.145154 -0.056701
v -0.079595 0.142641 -0.058336
v -0.079858 0.150864 -0.056995
v -0.079752 0.148064 -0.057405
v -0.079852 0.156580 -0.055363
v -0.079867 0.153626 -0.055681
v -0.079897 0.153737 -0.056639
v -0.079882 0.156677 -0.056328
v -0.079775 0.171914 -0.053989
v -0.079817 0.172006 -0.055352
v -0.079802 0.181154 -0.053317
v -0.079782 0.178199 -0.054935
v -0.079798 0.159588 -0.055083
v -0.079828 0.159673 -0.056055
v -0.079734 0.175014 -0.053778
v -0.079777 0.175108 -0.055149
v -0.079829 0.150735 -0.056045
v -0.079785 0.190196 -0.053019
v -0.079717 0.162637 -0.054833
v -0.079739 0.178098 -0.053557
v -0.079564 0.145335 -0.057815
v -0.079748 0.162713 -0.055812
v -0.079635 0.137279 -0.058420
v -0.079627 0.137249 -0.058082
v -0.079474 0.137333 -0.058715
v -0.079723 0.147925 -0.056463
v -0.079626 0.165716 -0.054604
v -0.079656 0.165787 -0.055590
v -0.079517 0.181263 -0.054527
v -0.079454 0.184278 -0.053949
v -0.079619 0.184207 -0.053247
v -0.079253 0.140012 -0.058638
v -0.079536 0.168815 -0.054390
v -0.079188 0.137397 -0.058887
v -0.079557 0.139830 -0.057365
v -0.079558 0.142486 -0.057061
v -0.079711 0.153703 -0.056340
v -0.079674 0.150828 -0.056699
v -0.079695 0.156645 -0.056028
v -0.079567 0.168882 -0.055382
v -0.079452 0.137252 -0.057790
v -0.079294 0.142655 -0.058169
v -0.079569 0.148030 -0.057110
v -0.079684 0.156610 -0.055675
v -0.079700 0.153662 -0.055990
v -0.079629 0.159611 -0.055397
v -0.079463 0.171922 -0.054182
v -0.079455 0.178190 -0.054760
v -0.079535 0.145204 -0.056878
v -0.079663 0.150781 -0.056351
v -0.079640 0.159643 -0.055753
v -0.079547 0.162657 -0.055149
v -0.079495 0.171989 -0.055180
v -0.079485 0.181181 -0.053512
v -0.079442 0.184246 -0.053576
v -0.079421 0.175026 -0.053972
v -0.079453 0.175095 -0.054975
v -0.079382 0.145309 -0.057521
v -0.079559 0.162685 -0.055507
v -0.079424 0.178116 -0.053751
v -0.079558 0.147979 -0.056766
v -0.079455 0.165734 -0.054923
v -0.079466 0.165760 -0.055284
v -0.079321 0.181243 -0.054211
v -0.079184 0.134791 -0.058629
v -0.079177 0.134767 -0.058292
v -0.079025 0.134844 -0.058922
v -0.079364 0.168832 -0.054711
v -0.078853 0.137454 -0.058890
v -0.078955 0.140037 -0.058471
v -0.079218 0.139879 -0.057369
v -0.079158 0.137286 -0.057624
v -0.079267 0.142542 -0.057236
v -0.079114 0.142639 -0.057876
v -0.079372 0.145261 -0.057178
v -0.079376 0.168857 -0.055074
v -0.079290 0.171940 -0.054504
v -0.079260 0.178169 -0.054446
v -0.079302 0.171965 -0.054869
v -0.079309 0.181213 -0.053839
v -0.079005 0.134777 -0.058002
v -0.078741 0.134911 -0.059092
v -0.079247 0.175047 -0.054296
v -0.079259 0.175072 -0.054663
v -0.079249 0.178142 -0.054077
v -0.079104 0.142598 -0.057534
v -0.078778 0.140031 -0.058179
v -0.078559 0.137488 -0.058723
v -0.078930 0.139940 -0.057542
v -0.078822 0.137342 -0.057627
v -0.078701 0.132392 -0.058794
v -0.078695 0.132373 -0.058459
v -0.078542 0.132443 -0.059085
v -0.078409 0.134974 -0.059095
v -0.078714 0.134820 -0.057836
v -0.078769 0.139995 -0.057839
v -0.078261 0.132512 -0.059254
v -0.078525 0.132390 -0.058170
v -0.078384 0.137490 -0.058432
v -0.078536 0.137406 -0.057799
v -0.078118 0.135016 -0.058929
v -0.078382 0.134883 -0.057838
v -0.078376 0.137460 -0.058093
v -0.077933 0.132581 -0.059256
v -0.078238 0.132440 -0.058004
v -0.078198 0.130090 -0.058917
v -0.078193 0.130075 -0.058584
v -0.078040 0.130138 -0.059206
v -0.077946 0.135027 -0.058639
v -0.078026 0.130099 -0.058297
v -0.077761 0.130209 -0.059374
v -0.078098 0.134950 -0.058009
v -0.077645 0.132630 -0.059091
v -0.077909 0.132508 -0.058006
v -0.077939 0.135002 -0.058302
v -0.077436 0.130281 -0.059376
v -0.077741 0.130155 -0.058132
v -0.077687 0.127892 -0.059003
v -0.077683 0.127882 -0.058672
v -0.077530 0.127938 -0.059290
v -0.077475 0.132648 -0.058802
v -0.077628 0.132577 -0.058176
v -0.077253 0.128008 -0.059457
v -0.077519 0.127912 -0.058386
v -0.077151 0.130337 -0.059212
v -0.077469 0.132628 -0.058467
v -0.077416 0.130228 -0.058134
v -0.076930 0.128084 -0.059459
v -0.077237 0.127972 -0.058222
v -0.077181 0.125806 -0.059053
v -0.077024 0.125850 -0.059339
v -0.077178 0.125801 -0.058724
v -0.076984 0.130361 -0.058924
v -0.077137 0.130298 -0.058302
v -0.077016 0.125836 -0.058440
v -0.076749 0.125920 -0.059505
v -0.076979 0.130347 -0.058591
v -0.076649 0.128145 -0.059295
v -0.076915 0.128048 -0.058224
v -0.076429 0.125997 -0.059506
v -0.076738 0.125901 -0.058277
v -0.076693 0.123842 -0.059072
v -0.076536 0.123882 -0.059356
v -0.076691 0.123842 -0.058745
v -0.076485 0.128175 -0.059009
v -0.076638 0.128119 -0.058391
v -0.076531 0.123880 -0.058463
v -0.076262 0.123950 -0.059520
v -0.076481 0.128165 -0.058678
v -0.076151 0.126062 -0.059343
v -0.076418 0.125979 -0.058279
v -0.075945 0.124028 -0.059522
v -0.076255 0.123948 -0.058301
v -0.076233 0.122007 -0.059062
v -0.076076 0.122042 -0.059344
v -0.076233 0.122011 -0.058737
v -0.075989 0.126097 -0.059059
v -0.076143 0.126049 -0.058445
v -0.075804 0.122107 -0.059507
v -0.076074 0.122054 -0.058457
v -0.075986 0.126092 -0.058731
v -0.075669 0.124096 -0.059360
v -0.075938 0.124027 -0.058303
v -0.075489 0.122184 -0.059509
v -0.075801 0.122123 -0.058296
v -0.075814 0.120303 -0.059026
v -0.075658 0.120336 -0.059306
v -0.075814 0.120311 -0.058704
v -0.075664 0.124095 -0.058468
v -0.075509 0.124135 -0.059078
v -0.075387 0.120400 -0.059468
v -0.075658 0.120356 -0.058426
v -0.075507 0.124134 -0.058751
v -0.075215 0.122253 -0.059348
v -0.075486 0.122200 -0.058298
v -0.075190 0.117862 -0.058966
v -0.075033 0.117900 -0.059249
v -0.075190 0.117869 -0.058641
v -0.075074 0.120479 -0.059470
v -0.075387 0.120428 -0.058266
v -0.074761 0.117972 -0.059413
v -0.075033 0.117918 -0.058360
v -0.075057 0.122296 -0.059068
v -0.075214 0.122265 -0.058462
v -0.075057 0.122300 -0.058743
v -0.074804 0.120550 -0.059310
v -0.075075 0.120506 -0.058268
v -0.074448 0.118059 -0.059415
v -0.074761 0.117996 -0.058198
v -0.074647 0.120596 -0.059032
v -0.074804 0.120570 -0.058430
v -0.074498 0.115504 -0.058934
v -0.074342 0.115551 -0.059219
v -0.074497 0.115507 -0.058605
v -0.074176 0.118138 -0.059254
v -0.074447 0.118083 -0.058200
v -0.074648 0.120603 -0.058710
v -0.074071 0.115635 -0.059386
v -0.074339 0.115558 -0.058321
v -0.074019 0.118187 -0.058973
v -0.074175 0.118155 -0.058365
v -0.073757 0.115733 -0.059388
v -0.074066 0.115644 -0.058158
v -0.074019 0.118193 -0.058647
v -0.073738 0.113181 -0.058940
v -0.073583 0.113237 -0.059229
v -0.073734 0.113178 -0.058608
v -0.073484 0.115820 -0.059225
v -0.073752 0.115743 -0.058160
v -0.073313 0.113332 -0.059396
v -0.073575 0.113229 -0.058321
v -0.073326 0.115871 -0.058941
v -0.073481 0.115827 -0.058326
v -0.072998 0.113440 -0.059398
v -0.073301 0.113321 -0.058156
v -0.073325 0.115874 -0.058612
v -0.072725 0.113532 -0.059234
v -0.072987 0.113429 -0.058158
v -0.072907 0.110836 -0.058996
v -0.072754 0.110902 -0.059288
v -0.072901 0.110826 -0.058661
v -0.072484 0.111007 -0.059457
v -0.072739 0.110875 -0.058371
v -0.072565 0.113584 -0.058947
v -0.072716 0.113524 -0.058326
v -0.072562 0.113581 -0.058615
v -0.072169 0.111123 -0.059459
v -0.072463 0.110970 -0.058205
v -0.071893 0.111218 -0.059293
v -0.072148 0.111086 -0.058207
v -0.072003 0.108413 -0.059114
v -0.071995 0.108396 -0.058776
v -0.071852 0.108489 -0.059408
v -0.071582 0.108602 -0.059578
v -0.071829 0.108441 -0.058483
v -0.071731 0.111267 -0.059003
v -0.071878 0.111191 -0.058376
v -0.071725 0.111257 -0.058668
v -0.071265 0.108723 -0.059580
v -0.071551 0.108537 -0.058316
v -0.070987 0.108819 -0.059412
v -0.071234 0.108658 -0.058317
v -0.071024 0.105857 -0.059304
v -0.071012 0.105832 -0.058963
v -0.070874 0.105941 -0.059600
v -0.070821 0.108864 -0.059120
v -0.070964 0.108771 -0.058488
v -0.070603 0.106060 -0.059772
v -0.070843 0.105872 -0.058668
v -0.070813 0.108847 -0.058782
v -0.070284 0.106184 -0.059774
v -0.070561 0.105967 -0.058499
v -0.070002 0.106278 -0.059605
v -0.070242 0.106090 -0.058501
v -0.069966 0.103110 -0.059578
v -0.069817 0.103201 -0.059876
v -0.069952 0.103078 -0.059234
v -0.069832 0.106318 -0.059310
v -0.069971 0.106210 -0.058672
v -0.069545 0.103325 -0.060050
v -0.069778 0.103111 -0.058937
v -0.069821 0.106293 -0.058969
v -0.069222 0.103449 -0.060051
v -0.069491 0.103203 -0.058767
v -0.068936 0.103540 -0.059881
v -0.069169 0.103327 -0.058768
v -0.068762 0.103574 -0.059584
v -0.068826 0.100115 -0.059947
v -0.068678 0.100211 -0.060247
v -0.068897 0.103451 -0.058942
v -0.068809 0.100075 -0.059600
v -0.068748 0.103542 -0.059240
v -0.068404 0.100338 -0.060422
v -0.068631 0.100103 -0.059301
v -0.068077 0.100461 -0.060424
v -0.068340 0.100190 -0.059130
v -0.067786 0.100549 -0.060253
v -0.068014 0.100313 -0.059132
v -0.067608 0.100576 -0.059954
v -0.067740 0.100440 -0.059307
v -0.067602 0.096814 -0.060422
v -0.067453 0.096915 -0.060725
v -0.067582 0.096768 -0.060073
v -0.067591 0.100536 -0.059607
v -0.067177 0.097043 -0.060901
v -0.067400 0.096789 -0.059772
v -0.066846 0.097165 -0.060904
v -0.067104 0.096871 -0.059600
v -0.066550 0.097247 -0.060731
v -0.066773 0.096993 -0.059602
v -0.066368 0.097268 -0.060430
v -0.066497 0.097121 -0.059779
v -0.066289 0.093152 -0.061015
v -0.066140 0.093256 -0.061320
v -0.066348 0.097222 -0.060082
v -0.066268 0.093100 -0.060663
v -0.065861 0.093384 -0.061498
v -0.066081 0.093114 -0.060361
v -0.065526 0.093503 -0.061501
v -0.065780 0.093191 -0.060188
v -0.065224 0.093580 -0.061328
v -0.065445 0.093310 -0.060191
v -0.065038 0.093595 -0.061026
v -0.065166 0.093439 -0.060369
v -0.065017 0.093543 -0.060675
v -0.064886 0.089070 -0.061737
v -0.064736 0.089176 -0.062045
v -0.064862 0.089013 -0.061383
v -0.064453 0.089305 -0.062225
v -0.064672 0.089021 -0.061079
v -0.064113 0.089420 -0.062229
v -0.064366 0.089093 -0.060905
v -0.063808 0.089492 -0.062055
v -0.064027 0.089208 -0.060909
v -0.063617 0.089500 -0.061751
v -0.063744 0.089337 -0.061089
v -0.063594 0.089444 -0.061397
v -0.063385 0.084502 -0.062601
v -0.063230 0.084599 -0.062914
v -0.063365 0.084456 -0.062243
v -0.062942 0.084720 -0.063098
v -0.063176 0.084472 -0.061934
v -0.062598 0.084833 -0.063102
v -0.062868 0.084547 -0.061759
v -0.062290 0.084908 -0.062926
v -0.062524 0.084660 -0.061763
v -0.062101 0.084924 -0.062618
v -0.062236 0.084781 -0.061946
v -0.062081 0.084878 -0.062259
v -0.062579 0.082035 -0.062862
v -0.062415 0.082098 -0.063174
v -0.062571 0.082025 -0.062504
v -0.062124 0.082198 -0.063357
v -0.062394 0.082072 -0.062196
v -0.061782 0.082308 -0.063362
v -0.062094 0.082163 -0.062020
v -0.061483 0.082398 -0.063187
v -0.061714 0.079353 -0.062755
v -0.061540 0.079377 -0.063063
v -0.061720 0.079385 -0.062402
v -0.061753 0.082273 -0.062025
v -0.061244 0.079452 -0.063243
v -0.061555 0.079466 -0.062098
v -0.061306 0.082445 -0.062879
v -0.061462 0.082372 -0.062208
v -0.060906 0.079558 -0.063248
v -0.061265 0.079574 -0.061925
v -0.061298 0.082435 -0.062521
v -0.060615 0.079666 -0.063075
v -0.060926 0.079679 -0.061930
v -0.060837 0.076513 -0.062311
v -0.060655 0.076506 -0.062611
v -0.060853 0.076579 -0.061967
v -0.060698 0.076685 -0.061671
v -0.060356 0.076559 -0.062786
v -0.060451 0.079746 -0.062771
v -0.060631 0.079755 -0.062110
v -0.060456 0.079779 -0.062418
v -0.060414 0.076804 -0.061501
v -0.060019 0.076657 -0.062790
v -0.059735 0.076776 -0.062621
v -0.060078 0.076902 -0.061505
v -0.059988 0.073563 -0.061561
v -0.060012 0.073656 -0.061228
v -0.059801 0.073528 -0.061851
v -0.059864 0.073781 -0.060939
v -0.059499 0.073560 -0.062019
v -0.059778 0.076955 -0.061680
v -0.059581 0.076882 -0.062324
v -0.059596 0.076948 -0.061980
v -0.059586 0.073905 -0.060774
v -0.059164 0.073650 -0.062021
v -0.059251 0.073995 -0.060776
v -0.059211 0.070550 -0.060535
v -0.059240 0.070665 -0.060213
v -0.058885 0.073774 -0.061855
v -0.059019 0.070490 -0.060813
v -0.059098 0.070804 -0.059933
v -0.058715 0.070501 -0.060973
v -0.058949 0.074027 -0.060944
v -0.058738 0.073900 -0.061567
v -0.058824 0.070931 -0.059771
v -0.058761 0.073992 -0.061233
v -0.058381 0.070581 -0.060971
v -0.058412 0.054060 -0.050016
v -0.059289 0.051968 -0.047913
v -0.059267 0.051729 -0.048120
v -0.058284 0.054236 -0.049782
v -0.059160 0.052146 -0.047686
v -0.058382 0.053837 -0.050245
v -0.059100 0.051494 -0.048250
v -0.058490 0.071010 -0.059769
v -0.058547 0.067521 -0.059262
v -0.058351 0.067437 -0.059527
v -0.058580 0.067656 -0.058953
v -0.058030 0.054320 -0.049605
v -0.058915 0.052216 -0.047498
v -0.058107 0.070707 -0.060808
v -0.058200 0.053629 -0.050406
v -0.058833 0.051325 -0.048269
v -0.058442 0.067806 -0.058681
v -0.058047 0.067428 -0.059676
v -0.058186 0.071022 -0.059929
v -0.057720 0.054289 -0.049533
v -0.058620 0.052159 -0.047400
v -0.057965 0.070847 -0.060529
v -0.057916 0.053490 -0.050458
v -0.058537 0.051268 -0.048171
v -0.058171 0.067932 -0.058521
v -0.057994 0.070962 -0.060207
v -0.057714 0.067495 -0.059669
v -0.057435 0.054150 -0.049585
v -0.058352 0.051990 -0.047419
v -0.058037 0.064524 -0.057772
v -0.058073 0.064678 -0.057476
v -0.057605 0.053459 -0.050386
v -0.058292 0.051338 -0.047984
v -0.057840 0.064418 -0.058022
v -0.057838 0.067999 -0.058514
v -0.057939 0.064837 -0.057213
v -0.057892 0.056423 -0.052053
v -0.057763 0.056597 -0.051812
v -0.057856 0.056217 -0.052301
v -0.057443 0.067620 -0.059509
v -0.057254 0.053942 -0.049746
v -0.058186 0.051755 -0.047549
v -0.057535 0.064386 -0.058159
v -0.057352 0.053543 -0.050209
v -0.058163 0.051516 -0.047756
v -0.057503 0.056694 -0.051644
v -0.057223 0.053719 -0.049975
v -0.057666 0.056036 -0.052491
v -0.057670 0.064959 -0.057053
v -0.057534 0.067989 -0.058663
v -0.057305 0.067771 -0.059238
v -0.057725 0.061609 -0.056096
v -0.057763 0.061780 -0.055814
v -0.057184 0.056687 -0.051592
v -0.057528 0.061479 -0.056328
v -0.057204 0.064439 -0.058145
v -0.057338 0.067906 -0.058928
v -0.057371 0.055928 -0.052571
v -0.057631 0.061946 -0.055558
v -0.057689 0.059012 -0.053996
v -0.057558 0.059183 -0.053748
v -0.057651 0.058824 -0.054262
v -0.057224 0.061424 -0.056450
v -0.057339 0.065011 -0.057040
v -0.057295 0.059290 -0.053585
v -0.056889 0.056579 -0.051672
v -0.057455 0.058669 -0.054475
v -0.056936 0.064561 -0.057986
v -0.057365 0.062062 -0.055398
v -0.057051 0.055921 -0.052519
v -0.057155 0.058589 -0.054577
v -0.056895 0.061459 -0.056427
v -0.057034 0.064980 -0.057176
v -0.056969 0.059306 -0.053550
v -0.056698 0.056398 -0.051861
v -0.056801 0.064720 -0.057723
v -0.057036 0.062097 -0.055375
v -0.056792 0.056018 -0.052351
v -0.056837 0.064873 -0.057426
v -0.056662 0.056192 -0.052110
v -0.056829 0.058604 -0.054542
v -0.056629 0.061575 -0.056266
v -0.056669 0.059226 -0.053652
v -0.056732 0.062042 -0.055496
v -0.056497 0.061741 -0.056011
v -0.056473 0.059071 -0.053865
v -0.056566 0.058712 -0.054379
v -0.056534 0.061912 -0.055729
v -0.056435 0.058883 -0.054131
v -0.088450 0.110448 -0.072364
v -0.088296 0.110711 -0.074181
v -0.088381 0.110750 -0.072377
v -0.087618 0.110383 -0.070755
v -0.088362 0.110153 -0.072384
v -0.088366 0.110399 -0.074185
v -0.087555 0.110099 -0.070822
v -0.088088 0.110948 -0.074127
v -0.088175 0.110976 -0.072419
v -0.087558 0.110674 -0.070780
v -0.088279 0.110095 -0.074139
v -0.088141 0.109942 -0.072432
v -0.087384 0.109899 -0.070963
v -0.087135 0.110546 -0.076054
v -0.087200 0.110222 -0.076071
v -0.086959 0.110796 -0.075929
v -0.088057 0.109881 -0.074055
v -0.087137 0.109912 -0.075977
v -0.087796 0.111045 -0.074038
v -0.087885 0.111066 -0.072480
v -0.087389 0.110895 -0.070889
v -0.087846 0.109873 -0.072495
v -0.087151 0.109836 -0.071139
v -0.086719 0.110906 -0.075730
v -0.087761 0.109813 -0.073956
v -0.086961 0.109698 -0.075796
v -0.087500 0.110977 -0.073939
v -0.087591 0.110996 -0.072542
v -0.087157 0.110985 -0.071053
v -0.087557 0.109963 -0.072555
v -0.086920 0.109927 -0.071303
v -0.086479 0.110846 -0.075511
v -0.087469 0.109910 -0.073867
v -0.086721 0.109638 -0.075576
v -0.086130 0.109964 -0.069456
v -0.086172 0.110236 -0.069370
v -0.087279 0.110763 -0.073855
v -0.087370 0.110785 -0.072590
v -0.086925 0.110922 -0.071229
v -0.087350 0.110189 -0.072597
v -0.086751 0.110148 -0.071412
v -0.086005 0.109776 -0.069633
v -0.086118 0.110517 -0.069398
v -0.086303 0.110632 -0.075330
v -0.087261 0.110146 -0.073813
v -0.086481 0.109748 -0.075378
v -0.085830 0.109720 -0.069853
v -0.087191 0.110458 -0.073809
v -0.087282 0.110490 -0.072610
v -0.086754 0.110722 -0.071370
v -0.085983 0.110732 -0.069533
v -0.086690 0.110439 -0.071436
v -0.086304 0.109998 -0.075253
v -0.086240 0.110322 -0.075236
v -0.085651 0.109812 -0.070059
v -0.084892 0.109912 -0.078022
v -0.084851 0.109595 -0.077902
v -0.084832 0.110247 -0.077998
v -0.084688 0.110510 -0.077836
v -0.085805 0.110824 -0.069738
v -0.084721 0.109381 -0.077670
v -0.084498 0.110631 -0.077579
v -0.085517 0.110027 -0.070194
v -0.085629 0.110769 -0.069959
v -0.085463 0.110308 -0.070222
v -0.085504 0.110580 -0.070136
v -0.084536 0.109327 -0.077388
v -0.084313 0.110578 -0.077297
v -0.084346 0.109448 -0.077132
v -0.084183 0.110364 -0.077065
v -0.084202 0.109712 -0.076970
v -0.084142 0.110047 -0.076945
v -0.084288 0.109771 -0.068202
v -0.084191 0.109591 -0.068389
v -0.084316 0.110030 -0.068111
v -0.084267 0.110301 -0.068140
v -0.084049 0.109541 -0.068621
v -0.084153 0.110510 -0.068281
v -0.083902 0.109632 -0.068837
v -0.084006 0.110602 -0.068497
v -0.083788 0.109841 -0.068978
v -0.083864 0.110551 -0.068729
v -0.083738 0.110112 -0.069007
v -0.083766 0.110372 -0.068916
v -0.082108 0.109364 -0.067191
v -0.081984 0.109317 -0.067421
v -0.082192 0.109535 -0.067005
v -0.082213 0.109784 -0.066914
v -0.082166 0.110045 -0.066942
v -0.082063 0.110246 -0.067082
v -0.081853 0.109406 -0.067635
v -0.081749 0.109608 -0.067774
v -0.081931 0.110336 -0.067295
v -0.081807 0.110288 -0.067525
v -0.081702 0.109868 -0.067802
v -0.081723 0.110117 -0.067711
v -0.080006 0.109277 -0.065827
v -0.080025 0.109516 -0.065739
v -0.079927 0.109113 -0.066006
v -0.079979 0.109765 -0.065765
v -0.079808 0.109067 -0.066227
v -0.079879 0.109959 -0.065898
v -0.079683 0.109153 -0.066432
v -0.079753 0.110044 -0.066103
v -0.079583 0.109346 -0.066565
v -0.079635 0.109999 -0.066325
v -0.079536 0.109596 -0.066591
v -0.079555 0.109835 -0.066503
v -0.077902 0.109013 -0.064638
v -0.077820 0.108855 -0.064805
v -0.077922 0.109242 -0.064555
v -0.077875 0.109480 -0.064578
v -0.077697 0.108810 -0.065012
v -0.077773 0.109665 -0.064702
v -0.077567 0.108891 -0.065203
v -0.077643 0.109746 -0.064893
v -0.077465 0.109075 -0.065327
v -0.077520 0.109701 -0.065100
v -0.077417 0.109314 -0.065350
v -0.077438 0.109543 -0.065267
v -0.076054 0.108762 -0.063416
v -0.075959 0.108609 -0.063565
v -0.076079 0.108982 -0.063340
v -0.076029 0.109210 -0.063360
v -0.075822 0.108564 -0.063748
v -0.075918 0.109384 -0.063468
v -0.075678 0.108638 -0.063917
v -0.075774 0.109458 -0.063637
v -0.075566 0.108812 -0.064025
v -0.075636 0.109413 -0.063820
v -0.075517 0.109040 -0.064044
v -0.075542 0.109259 -0.063969
v -0.074636 0.108545 -0.062147
v -0.074671 0.108756 -0.062085
v -0.074521 0.108395 -0.062264
v -0.074617 0.108972 -0.062097
v -0.074357 0.108346 -0.062407
v -0.074488 0.109135 -0.062179
v -0.074187 0.108411 -0.062536
v -0.074318 0.109200 -0.062308
v -0.074058 0.108574 -0.062618
v -0.074154 0.109151 -0.062451
v -0.074004 0.108789 -0.062629
v -0.074039 0.109001 -0.062568
v -0.073804 0.108378 -0.060822
v -0.073849 0.108582 -0.060784
v -0.073667 0.108229 -0.060885
v -0.073790 0.108786 -0.060783
v -0.073476 0.108175 -0.060959
v -0.073644 0.108936 -0.060818
v -0.073280 0.108229 -0.061021
v -0.073448 0.108990 -0.060881
v -0.073134 0.108378 -0.061057
v -0.073257 0.108936 -0.060954
v -0.073075 0.108582 -0.061055
v -0.073120 0.108786 -0.061018
usemtl Posterior_tibial_vein_rMaterial0
f 1 2 3
f 4 2 1
f 5 1 6
f 1 3 6
f 7 1 5
f 7 4 1
f 2 8 3
f 4 9 2
f 9 10 2
f 2 10 8
f 5 6 11
f 6 3 12
f 11 6 13
f 6 12 13
f 14 5 11
f 15 7 5
f 15 5 14
f 3 8 16
f 3 16 12
f 17 9 4
f 18 4 7
f 18 17 4
f 14 11 19
f 11 13 20
f 19 11 20
f 9 21 10
f 22 21 9
f 17 22 9
f 10 23 8
f 21 24 10
f 10 24 23
f 8 25 16
f 8 23 25
f 26 7 15
f 26 18 7
f 27 14 19
f 28 15 14
f 28 14 27
f 21 29 24
f 22 30 21
f 30 29 21
f 13 12 31
f 20 13 32
f 13 31 32
f 19 20 33
f 27 19 34
f 34 19 33
f 12 16 35
f 12 35 31
f 33 20 36
f 20 32 36
f 37 15 28
f 37 26 15
f 24 38 23
f 29 39 24
f 24 39 38
f 16 25 40
f 16 40 35
f 41 22 17
f 42 30 22
f 41 42 22
f 43 17 18
f 43 41 17
f 44 27 34
f 45 28 27
f 45 27 44
f 23 46 25
f 23 38 46
f 47 18 26
f 47 43 18
f 34 33 48
f 44 34 49
f 49 34 48
f 30 50 29
f 50 51 29
f 29 51 39
f 42 52 30
f 52 50 30
f 33 36 53
f 48 33 53
f 32 31 54
f 31 35 55
f 31 55 54
f 56 28 45
f 56 37 28
f 36 32 57
f 32 54 57
f 25 58 40
f 25 46 58
f 59 26 37
f 59 47 26
f 35 40 60
f 35 60 55
f 53 36 61
f 36 57 61
f 62 44 49
f 63 45 44
f 63 44 62
f 64 42 41
f 65 52 42
f 64 65 42
f 52 66 50
f 50 67 51
f 66 67 50
f 68 41 43
f 68 64 41
f 49 48 69
f 48 53 70
f 69 48 70
f 71 49 69
f 62 49 71
f 39 72 38
f 51 73 39
f 39 73 72
f 74 66 52
f 65 74 52
f 38 72 75
f 38 75 46
f 76 43 47
f 76 68 43
f 53 61 77
f 70 53 77
f 51 78 73
f 67 78 51
f 79 56 45
f 79 45 63
f 40 58 80
f 40 80 60
f 73 81 72
f 78 82 73
f 73 82 81
f 57 54 83
f 54 55 84
f 54 84 83
f 85 37 56
f 85 59 37
f 86 87 88
f 89 87 86
f 87 90 91
f 92 90 87
f 87 91 88
f 89 92 87
f 61 57 93
f 57 83 93
f 86 88 94
f 95 86 94
f 96 86 95
f 96 89 86
f 90 97 91
f 90 98 97
f 99 98 90
f 92 99 90
f 88 91 100
f 94 88 101
f 88 100 101
f 72 81 102
f 72 102 75
f 91 97 103
f 91 103 100
f 95 94 104
f 104 94 105
f 94 101 105
f 106 96 95
f 107 95 104
f 106 95 107
f 46 75 108
f 46 108 58
f 55 60 109
f 55 109 84
f 98 110 97
f 99 111 98
f 98 112 110
f 111 112 98
f 97 110 113
f 97 113 103
f 114 99 92
f 115 111 99
f 114 115 99
f 116 92 89
f 116 114 92
f 117 89 96
f 117 116 89
f 118 96 106
f 118 117 96
f 107 104 119
f 119 104 120
f 104 105 120
f 121 107 119
f 121 119 122
f 119 120 123
f 122 119 123
f 124 106 107
f 124 107 121
f 78 125 82
f 67 126 78
f 126 125 78
f 66 127 67
f 74 128 66
f 128 127 66
f 129 65 64
f 130 74 65
f 129 130 65
f 131 64 68
f 131 129 64
f 61 93 132
f 77 61 132
f 133 47 59
f 133 76 47
f 69 70 134
f 71 69 135
f 135 69 134
f 136 62 71
f 137 63 62
f 137 62 136
f 112 138 110
f 111 139 112
f 112 140 138
f 139 140 112
f 110 138 141
f 110 141 113
f 142 139 111
f 115 142 111
f 101 100 143
f 100 103 144
f 100 144 143
f 105 101 145
f 101 143 145
f 120 105 146
f 105 145 146
f 147 106 124
f 147 118 106
f 148 121 122
f 149 124 121
f 149 121 148
f 82 150 81
f 125 151 82
f 82 151 150
f 127 126 67
f 130 152 74
f 152 128 74
f 70 77 153
f 134 70 153
f 154 71 135
f 136 71 154
f 123 120 155
f 120 146 155
f 122 123 156
f 148 122 157
f 157 122 156
f 81 150 158
f 81 158 102
f 75 102 159
f 75 159 108
f 140 160 138
f 139 161 140
f 161 162 140
f 140 162 160
f 138 163 141
f 138 160 163
f 142 164 139
f 164 161 139
f 103 113 165
f 113 141 166
f 113 166 165
f 167 142 115
f 168 164 142
f 167 168 142
f 103 165 144
f 169 115 114
f 169 167 115
f 170 114 116
f 170 169 114
f 171 116 117
f 171 170 116
f 172 117 118
f 172 171 117
f 156 123 173
f 123 155 173
f 174 124 149
f 174 147 124
f 175 148 157
f 157 156 176
f 177 157 176
f 175 157 177
f 178 149 148
f 178 148 175
f 126 179 125
f 125 180 151
f 179 180 125
f 127 181 126
f 181 179 126
f 58 108 182
f 58 182 80
f 60 183 109
f 60 80 183
f 83 84 184
f 84 185 184
f 84 109 185
f 93 83 186
f 83 184 186
f 186 152 130
f 187 186 130
f 187 130 129
f 93 186 187
f 132 93 187
f 188 68 76
f 188 131 68
f 77 132 189
f 153 77 189
f 190 56 79
f 190 85 56
f 191 79 63
f 191 63 137
f 161 192 162
f 164 193 161
f 193 192 161
f 194 118 147
f 194 172 118
f 176 156 195
f 156 173 195
f 196 149 178
f 196 174 149
f 162 197 160
f 192 198 162
f 162 198 197
f 141 163 199
f 141 199 166
f 200 193 164
f 168 200 164
f 143 144 201
f 144 165 202
f 144 202 201
f 145 143 203
f 143 201 203
f 146 145 204
f 145 203 204
f 155 146 205
f 146 204 205
f 173 155 206
f 155 205 206
f 207 147 174
f 207 194 147
f 177 176 208
f 176 195 209
f 208 176 209
f 210 175 177
f 211 177 208
f 210 177 211
f 212 178 175
f 212 175 210
f 213 196 178
f 213 178 212
f 151 214 150
f 180 215 151
f 151 215 214
f 150 214 216
f 150 216 158
f 102 158 217
f 102 217 159
f 128 218 127
f 218 181 127
f 152 219 128
f 219 218 128
f 186 184 152
f 184 219 152
f 184 185 219
f 220 187 129
f 132 187 220
f 220 129 131
f 189 132 220
f 221 59 85
f 221 133 59
f 135 134 222
f 154 135 223
f 223 135 222
f 224 136 154
f 225 137 136
f 225 136 224
f 160 226 163
f 160 197 226
f 227 167 169
f 228 168 167
f 227 228 167
f 229 169 170
f 229 227 169
f 230 170 171
f 230 229 170
f 195 173 231
f 173 206 231
f 179 232 180
f 180 233 215
f 232 233 180
f 181 234 179
f 234 232 179
f 108 159 235
f 108 235 182
f 134 153 236
f 222 134 236
f 237 171 172
f 237 230 171
f 109 238 185
f 109 183 238
f 239 188 76
f 239 76 133
f 193 240 192
f 192 241 198
f 240 241 192
f 200 242 193
f 242 240 193
f 165 166 243
f 165 243 202
f 244 200 168
f 228 244 168
f 245 174 196
f 245 207 174
f 246 220 131
f 246 131 188
f 247 154 223
f 224 154 247
f 209 195 248
f 195 231 248
f 208 209 249
f 250 208 249
f 211 208 250
f 251 172 194
f 251 237 172
f 215 252 214
f 233 253 215
f 215 253 252
f 185 254 219
f 219 254 218
f 189 220 246
f 163 226 255
f 163 255 199
f 256 242 200
f 244 256 200
f 204 203 257
f 203 201 258
f 203 258 257
f 205 204 259
f 204 257 259
f 206 205 260
f 205 259 260
f 261 245 196
f 261 196 213
f 214 252 262
f 214 262 216
f 158 216 263
f 158 263 217
f 218 264 181
f 264 234 181
f 80 182 265
f 80 265 183
f 185 238 254
f 153 189 266
f 236 153 266
f 198 267 197
f 198 268 267
f 241 268 198
f 166 199 269
f 166 269 243
f 201 202 270
f 201 270 258
f 271 228 227
f 272 227 229
f 272 271 227
f 231 206 273
f 206 260 273
f 274 194 207
f 274 251 194
f 249 209 275
f 209 248 275
f 232 276 233
f 233 277 253
f 276 277 233
f 159 217 278
f 159 278 235
f 266 189 246
f 279 79 191
f 279 190 79
f 280 191 137
f 280 137 225
f 197 267 281
f 197 281 226
f 240 282 241
f 242 283 240
f 283 282 240
f 284 244 228
f 271 284 228
f 285 229 230
f 285 272 229
f 248 231 286
f 231 273 286
f 234 287 232
f 287 276 232
f 268 288 267
f 241 289 268
f 289 290 268
f 268 290 288
f 291 230 237
f 291 285 230
f 292 210 211
f 293 212 210
f 293 210 292
f 254 264 218
f 267 288 294
f 267 294 281
f 282 289 241
f 256 295 242
f 295 283 242
f 202 243 296
f 202 296 270
f 297 256 244
f 284 297 244
f 298 207 245
f 298 274 207
f 249 275 299
f 250 249 300
f 300 249 299
f 301 211 250
f 292 211 301
f 253 302 252
f 277 303 253
f 253 303 302
f 182 235 304
f 182 304 265
f 305 246 188
f 305 188 239
f 306 85 190
f 306 221 85
f 289 307 290
f 308 307 289
f 282 308 289
f 259 257 309
f 257 258 310
f 257 310 309
f 260 259 311
f 259 309 311
f 260 311 312
f 273 260 312
f 313 237 251
f 313 291 237
f 248 286 314
f 275 248 314
f 315 213 212
f 315 212 293
f 252 302 316
f 252 316 262
f 216 262 317
f 216 317 263
f 264 318 234
f 318 287 234
f 290 319 288
f 307 320 290
f 290 320 319
f 288 319 321
f 288 321 294
f 226 281 322
f 281 294 323
f 281 323 322
f 226 322 255
f 199 255 324
f 199 324 269
f 243 269 325
f 243 325 296
f 297 326 256
f 326 295 256
f 309 297 284
f 309 310 297
f 310 326 297
f 258 270 327
f 258 327 310
f 311 309 284
f 311 284 271
f 312 311 271
f 312 271 272
f 328 312 272
f 273 312 328
f 328 272 285
f 329 328 285
f 286 273 328
f 286 328 329
f 329 285 291
f 314 286 329
f 330 251 274
f 330 313 251
f 275 314 331
f 299 275 331
f 332 298 245
f 332 245 261
f 301 250 333
f 333 250 300
f 276 334 277
f 277 335 303
f 334 335 277
f 287 336 276
f 336 334 276
f 217 263 337
f 217 337 278
f 254 338 264
f 338 318 264
f 183 339 238
f 183 265 339
f 266 246 305
f 340 239 133
f 340 133 221
f 223 222 341
f 222 236 342
f 341 222 342
f 247 223 343
f 343 223 341
f 344 224 247
f 345 225 224
f 345 224 344
f 307 346 320
f 308 347 307
f 347 346 307
f 283 348 282
f 348 308 282
f 303 349 302
f 335 350 303
f 303 350 349
f 238 338 254
f 295 351 283
f 351 348 283
f 270 352 327
f 270 296 352
f 310 327 326
f 353 329 291
f 353 291 313
f 354 292 301
f 355 293 292
f 355 292 354
f 235 278 356
f 235 356 304
f 357 247 343
f 344 247 357
f 320 358 319
f 346 359 320
f 320 359 358
f 360 347 308
f 348 360 308
f 326 361 295
f 361 351 295
f 314 329 353
f 331 314 353
f 362 274 298
f 362 330 274
f 363 261 213
f 363 213 315
f 354 301 364
f 364 301 333
f 302 349 365
f 302 365 316
f 262 316 366
f 262 366 317
f 318 367 287
f 367 336 287
f 238 339 338
f 236 266 368
f 368 266 305
f 342 236 368
f 319 369 321
f 319 358 369
f 294 321 370
f 294 370 323
f 327 361 326
f 327 352 361
f 371 353 313
f 371 313 330
f 299 331 372
f 300 299 373
f 373 299 372
f 374 293 355
f 374 315 293
f 335 375 350
f 350 376 377
f 375 376 350
f 350 377 349
f 334 378 335
f 378 375 335
f 265 379 339
f 265 304 379
f 331 353 371
f 347 380 346
f 346 381 359
f 380 381 346
f 255 322 382
f 255 382 324
f 269 383 325
f 269 324 383
f 296 384 352
f 296 325 384
f 372 331 371
f 385 362 298
f 385 298 332
f 376 354 364
f 386 354 376
f 386 355 354
f 376 364 377
f 375 386 376
f 349 377 387
f 349 387 365
f 336 388 334
f 388 378 334
f 263 317 389
f 263 389 337
f 338 390 318
f 390 367 318
f 339 390 338
f 391 191 280
f 391 279 191
f 392 280 225
f 392 225 345
f 360 393 347
f 393 380 347
f 364 333 394
f 377 364 394
f 395 305 239
f 395 239 340
f 396 371 330
f 396 330 362
f 339 379 390
f 322 323 397
f 322 397 382
f 361 398 351
f 352 398 361
f 333 300 399
f 399 300 373
f 394 333 399
f 377 394 387
f 400 386 375
f 378 400 375
f 316 365 401
f 316 401 366
f 359 402 358
f 381 403 359
f 359 403 402
f 321 369 404
f 321 404 370
f 351 405 348
f 405 360 348
f 398 405 351
f 352 384 398
f 372 371 396
f 406 355 386
f 406 374 355
f 278 337 407
f 278 407 356
f 368 305 395
f 408 306 190
f 408 190 279
f 358 409 369
f 358 402 409
f 410 372 396
f 373 372 410
f 400 406 386
f 367 411 336
f 411 388 336
f 304 412 379
f 304 356 412
f 413 340 221
f 413 221 306
f 323 370 414
f 323 414 397
f 415 393 360
f 405 415 360
f 416 396 362
f 416 362 385
f 417 332 261
f 417 261 363
f 418 315 374
f 418 363 315
f 419 400 378
f 388 419 378
f 380 420 381
f 381 421 403
f 420 421 381
f 393 422 380
f 422 420 380
f 325 423 384
f 325 383 423
f 410 396 416
f 387 394 424
f 394 399 424
f 365 387 425
f 365 425 401
f 317 366 426
f 317 426 389
f 390 427 367
f 427 411 367
f 379 427 390
f 324 382 428
f 324 428 383
f 384 429 398
f 398 429 405
f 387 424 425
f 379 412 427
f 343 341 430
f 357 343 431
f 431 343 430
f 369 409 432
f 369 432 404
f 433 422 393
f 415 433 393
f 384 423 429
f 434 374 406
f 434 418 374
f 435 406 400
f 419 435 400
f 337 389 436
f 337 436 407
f 341 342 437
f 430 341 437
f 403 438 402
f 421 439 403
f 403 439 438
f 402 440 409
f 402 438 440
f 370 404 441
f 370 441 414
f 382 397 442
f 382 442 428
f 429 415 405
f 399 373 443
f 443 373 410
f 424 399 443
f 435 434 406
f 366 401 444
f 366 444 426
f 411 445 388
f 445 419 388
f 356 446 412
f 356 407 446
f 342 368 447
f 447 368 395
f 437 342 447
f 420 448 421
f 422 449 420
f 449 448 420
f 421 450 439
f 448 450 421
f 433 451 422
f 451 449 422
f 397 414 452
f 397 452 442
f 429 453 415
f 453 433 415
f 383 428 454
f 383 454 423
f 455 385 332
f 455 332 417
f 456 363 418
f 456 417 363
f 427 457 411
f 457 445 411
f 412 457 427
f 412 446 457
f 425 424 458
f 424 443 458
f 401 425 459
f 401 459 444
f 460 435 419
f 445 460 419
f 461 395 340
f 461 340 413
f 462 280 392
f 462 391 280
f 423 453 429
f 389 426 463
f 389 463 436
f 439 464 438
f 450 465 439
f 439 465 464
f 409 440 466
f 409 466 432
f 404 432 467
f 404 467 441
f 453 468 433
f 468 451 433
f 428 469 454
f 428 442 469
f 423 454 453
f 470 410 416
f 443 410 470
f 425 458 459
f 407 471 446
f 407 436 471
f 447 395 461
f 454 468 453
f 438 464 472
f 438 472 440
f 448 473 450
f 449 474 448
f 474 473 448
f 414 441 475
f 414 475 452
f 454 469 468
f 476 416 385
f 470 416 476
f 476 385 455
f 458 443 470
f 477 418 434
f 477 456 418
f 478 434 435
f 478 477 434
f 460 478 435
f 457 479 445
f 479 460 445
f 446 479 457
f 480 413 306
f 480 306 408
f 481 408 279
f 481 279 391
f 450 482 465
f 473 482 450
f 442 452 483
f 442 483 469
f 451 484 449
f 484 474 449
f 468 485 451
f 485 484 451
f 469 485 468
f 486 455 417
f 486 417 456
f 426 444 487
f 426 487 463
f 446 471 479
f 482 488 465
f 473 489 482
f 482 490 488
f 489 490 482
f 465 491 464
f 465 488 491
f 464 492 472
f 464 491 492
f 474 493 473
f 493 489 473
f 440 472 494
f 440 494 466
f 484 495 474
f 495 493 474
f 432 466 496
f 432 496 467
f 485 497 484
f 497 495 484
f 441 498 475
f 441 467 498
f 469 483 485
f 483 497 485
f 452 499 483
f 483 499 497
f 452 475 499
f 500 470 476
f 458 470 500
f 501 476 455
f 500 476 501
f 501 455 486
f 459 458 500
f 502 456 477
f 502 486 456
f 444 459 503
f 459 500 503
f 504 477 478
f 504 502 477
f 444 503 487
f 505 478 460
f 505 504 478
f 479 505 460
f 436 463 506
f 463 487 507
f 463 507 506
f 436 506 471
f 471 505 479
f 471 506 505
f 437 447 508
f 508 447 461
f 430 437 509
f 509 437 508
f 431 430 510
f 510 430 509
f 472 492 511
f 472 511 494
f 503 500 501
f 506 504 505
f 512 461 413
f 512 413 480
f 490 513 488
f 488 513 514
f 488 514 491
f 466 494 515
f 466 515 496
f 475 516 499
f 475 498 516
f 487 503 517
f 487 517 507
f 506 507 504
f 490 518 513
f 513 519 514
f 513 520 519
f 518 520 513
f 489 521 490
f 521 518 490
f 491 514 522
f 491 522 492
f 493 523 489
f 523 521 489
f 495 524 493
f 524 523 493
f 497 525 495
f 525 524 495
f 467 496 526
f 467 526 498
f 499 525 497
f 499 516 525
f 517 501 486
f 503 501 517
f 517 486 502
f 507 517 502
f 507 502 504
f 508 461 512
f 527 480 408
f 527 408 481
f 528 481 391
f 528 391 462
f 514 519 529
f 514 529 522
f 492 522 530
f 492 530 511
f 494 511 531
f 494 531 515
f 496 515 532
f 496 532 526
f 498 533 516
f 498 526 533
f 520 534 519
f 518 535 520
f 520 536 534
f 535 536 520
f 519 534 537
f 519 537 529
f 521 538 518
f 538 535 518
f 522 529 539
f 522 539 530
f 523 540 521
f 540 538 521
f 524 541 523
f 541 540 523
f 525 542 524
f 542 541 524
f 516 542 525
f 516 533 542
f 543 508 512
f 509 508 543
f 510 509 544
f 545 546 547
f 546 548 547
f 549 546 545
f 549 550 546
f 550 551 546
f 546 551 548
f 545 547 552
f 552 547 553
f 547 548 554
f 547 554 553
f 555 549 545
f 556 549 555
f 557 550 549
f 556 557 549
f 536 545 552
f 555 545 536
f 536 552 534
f 534 552 558
f 552 553 558
f 535 555 536
f 559 555 535
f 559 556 555
f 534 558 537
f 529 537 560
f 537 558 561
f 537 561 560
f 538 559 535
f 562 559 538
f 563 556 559
f 562 563 559
f 529 560 539
f 540 562 538
f 511 530 564
f 530 539 565
f 530 565 564
f 541 566 540
f 566 562 540
f 511 564 531
f 542 567 541
f 567 566 541
f 515 568 532
f 515 531 568
f 526 532 569
f 532 570 569
f 532 568 570
f 533 567 542
f 526 569 533
f 533 569 567
f 571 512 480
f 543 512 571
f 571 480 527
f 544 509 543
f 572 527 481
f 572 481 528
f 550 573 551
f 557 574 550
f 574 573 550
f 558 553 575
f 558 575 561
f 576 557 556
f 563 576 556
f 539 560 577
f 539 577 565
f 566 578 562
f 578 563 562
f 567 579 566
f 579 578 566
f 531 564 580
f 531 580 568
f 569 579 567
f 569 570 579
f 551 581 548
f 573 582 551
f 551 582 581
f 548 583 554
f 548 581 583
f 553 554 584
f 553 584 575
f 585 574 557
f 576 585 557
f 578 586 563
f 586 576 563
f 564 565 587
f 564 587 580
f 568 588 570
f 568 580 588
f 574 589 573
f 573 590 582
f 589 590 573
f 585 591 574
f 591 589 574
f 560 561 592
f 560 592 577
f 579 593 578
f 570 593 579
f 544 543 594
f 594 543 571
f 561 575 595
f 561 595 592
f 593 586 578
f 570 588 593
f 554 596 584
f 554 583 596
f 575 584 597
f 575 597 595
f 598 585 576
f 599 591 585
f 598 599 585
f 586 598 576
f 565 577 600
f 565 600 587
f 580 601 588
f 580 587 601
f 602 571 527
f 602 527 572
f 582 603 581
f 590 604 582
f 582 604 603
f 591 605 589
f 589 606 590
f 605 606 589
f 593 607 586
f 607 598 586
f 588 607 593
f 594 571 602
f 581 608 583
f 581 603 608
f 599 609 591
f 609 605 591
f 577 592 610
f 577 610 600
f 588 601 607
f 606 611 590
f 590 611 604
f 584 596 612
f 584 612 597
f 592 595 613
f 592 613 610
f 607 614 598
f 614 599 598
f 601 614 607
f 587 615 601
f 587 600 615
f 583 616 596
f 583 608 616
f 595 597 617
f 595 617 613
f 618 609 599
f 614 618 599
f 601 615 614
f 605 619 606
f 606 620 611
f 619 620 606
f 609 621 605
f 621 619 605
f 618 622 609
f 622 621 609
f 615 618 614
f 600 610 623
f 600 623 615
f 610 613 624
f 610 624 623
f 615 623 618
f 604 625 603
f 611 626 604
f 604 626 625
f 623 622 618
f 603 627 608
f 603 625 627
f 596 628 612
f 596 616 628
f 597 629 617
f 597 612 629
f 623 624 622
f 622 630 621
f 624 630 622
f 613 631 624
f 613 617 631
f 620 632 611
f 611 632 626
f 621 633 619
f 630 633 621
f 624 631 630
f 619 634 620
f 633 634 619
f 608 635 616
f 608 627 635
f 617 636 631
f 617 629 636
f 620 637 632
f 634 637 620
f 612 638 629
f 612 628 638
f 631 639 630
f 630 639 633
f 631 636 639
f 633 640 634
f 639 640 633
f 626 641 625
f 632 642 626
f 626 642 641
f 616 643 628
f 616 635 643
f 625 644 627
f 625 641 644
f 629 645 636
f 629 638 645
f 637 646 632
f 632 646 642
f 634 647 637
f 640 647 634
f 636 648 639
f 639 648 640
f 636 645 648
f 627 649 635
f 627 644 649
f 628 650 638
f 628 643 650
f 637 651 646
f 647 651 637
f 648 652 640
f 640 652 647
f 635 653 643
f 635 649 653
f 638 654 645
f 638 650 654
f 646 655 642
f 642 656 641
f 642 655 656
f 645 657 648
f 648 657 652
f 651 658 646
f 646 658 655
f 641 659 644
f 641 656 659
f 652 660 647
f 647 660 651
f 645 654 657
f 644 661 649
f 644 659 661
f 643 662 650
f 643 653 662
f 657 663 652
f 652 663 660
f 660 664 651
f 651 664 658
f 650 665 654
f 650 662 665
f 649 666 653
f 649 661 666
f 654 667 657
f 657 667 663
f 654 665 667
f 655 668 656
f 658 669 655
f 655 669 668
f 663 670 660
f 660 670 664
f 656 671 659
f 656 668 671
f 664 672 658
f 658 672 669
f 653 673 662
f 653 666 673
f 659 674 661
f 659 671 674
f 667 675 663
f 663 675 670
f 670 676 664
f 664 676 672
f 662 677 665
f 662 673 677
f 665 678 667
f 667 678 675
f 661 679 666
f 661 674 679
f 665 677 678
f 675 680 670
f 670 680 676
f 669 681 668
f 672 682 669
f 669 682 681
f 668 683 671
f 668 681 683
f 676 684 672
f 672 684 682
f 666 685 673
f 666 679 685
f 671 686 674
f 671 683 686
f 678 687 675
f 675 687 680
f 680 688 676
f 676 688 684
f 673 689 677
f 673 685 689
f 677 690 678
f 678 690 687
f 677 689 690
f 674 691 679
f 674 686 691
f 687 692 680
f 680 692 688
f 682 693 681
f 684 694 682
f 682 694 693
f 681 695 683
f 681 693 695
f 688 696 684
f 684 696 694
f 679 697 685
f 679 691 697
f 690 698 687
f 687 698 692
f 683 699 686
f 683 695 699
f 692 700 688
f 688 700 696
f 685 701 689
f 685 697 701
f 689 702 690
f 690 702 698
f 689 701 702
f 686 703 691
f 686 699 703
f 698 704 692
f 692 704 700
f 694 705 693
f 696 706 694
f 694 706 705
f 693 707 695
f 693 705 707
f 700 708 696
f 696 708 706
f 691 709 697
f 691 703 709
f 702 710 698
f 698 710 704
f 695 711 699
f 695 707 711
f 704 712 700
f 700 712 708
f 697 713 701
f 697 709 713
f 701 714 702
f 702 714 710
f 701 713 714
f 699 715 703
f 699 711 715
f 710 716 704
f 704 716 712
f 706 717 705
f 708 718 706
f 706 718 717
f 705 719 707
f 705 717 719
f 712 720 708
f 708 720 718
f 703 721 709
f 703 715 721
f 714 722 710
f 710 722 716
f 707 723 711
f 707 719 723
f 716 724 712
f 712 724 720
f 709 725 713
f 709 721 725
f 713 726 714
f 714 726 722
f 713 725 726
f 711 727 715
f 711 723 727
f 722 728 716
f 716 728 724
f 718 729 717
f 720 730 718
f 718 730 729
f 717 731 719
f 717 729 731
f 724 732 720
f 720 732 730
f 715 733 721
f 715 727 733
f 726 734 722
f 722 734 728
f 719 735 723
f 719 731 735
f 724 736 732
f 728 736 724
f 721 737 725
f 721 733 737
f 730 738 729
f 732 739 730
f 730 739 738
f 725 740 726
f 726 740 734
f 725 737 740
f 729 741 731
f 729 738 741
f 736 742 732
f 732 742 739
f 723 743 727
f 723 735 743
f 728 744 736
f 734 744 728
f 731 745 735
f 731 741 745
f 736 746 742
f 744 746 736
f 727 747 733
f 727 743 747
f 734 748 744
f 740 748 734
f 739 749 738
f 742 750 739
f 739 750 749
f 738 751 741
f 738 749 751
f 735 752 743
f 735 745 752
f 746 753 742
f 742 753 750
f 744 754 746
f 748 754 744
f 733 755 737
f 733 747 755
f 737 756 740
f 740 756 748
f 737 755 756
f 741 757 745
f 741 751 757
f 754 758 746
f 746 758 753
f 743 759 747
f 743 752 759
f 756 760 748
f 748 760 754
f 750 761 749
f 753 762 750
f 750 762 761
f 745 763 752
f 745 757 763
f 747 764 755
f 747 759 764
f 749 765 751
f 749 761 765
f 755 766 756
f 756 766 760
f 754 767 758
f 760 767 754
f 758 768 753
f 753 768 762
f 755 764 766
f 751 769 757
f 751 765 769
f 752 770 759
f 752 763 770
f 767 771 758
f 758 771 768
f 766 772 760
f 760 772 767
f 757 773 763
f 757 769 773
f 759 774 764
f 759 770 774
f 762 775 761
f 768 776 762
f 762 776 775
f 764 777 766
f 766 777 772
f 761 778 765
f 761 775 778
f 767 779 771
f 772 779 767
f 764 774 777
f 771 780 768
f 768 780 776
f 765 781 769
f 765 778 781
f 763 782 770
f 763 773 782
f 779 783 771
f 771 783 780
f 777 784 772
f 772 784 779
f 770 785 774
f 770 782 785
f 769 786 773
f 769 781 786
f 774 787 777
f 777 787 784
f 774 785 787
f 776 788 775
f 780 789 776
f 776 789 788
f 784 790 779
f 779 790 783
f 775 791 778
f 775 788 791
f 783 792 780
f 780 792 789
f 773 793 782
f 773 786 793
f 778 794 781
f 778 791 794
f 787 795 784
f 784 795 790
f 790 796 783
f 783 796 792
f 782 797 785
f 782 793 797
f 785 798 787
f 787 798 795
f 781 799 786
f 781 794 799
f 785 797 798
f 795 800 790
f 790 800 796
f 789 801 788
f 792 802 789
f 789 802 801
f 788 803 791
f 788 801 803
f 796 804 792
f 792 804 802
f 786 805 793
f 786 799 805
f 791 806 794
f 791 803 806
f 798 807 795
f 795 807 800
f 800 808 796
f 796 808 804
f 793 809 797
f 793 805 809
f 797 810 798
f 798 810 807
f 797 809 810
f 794 811 799
f 794 806 811
f 807 812 800
f 800 812 808
f 802 813 801
f 804 814 802
f 802 814 813
f 801 815 803
f 801 813 815
f 808 816 804
f 804 816 814
f 799 817 805
f 799 811 817
f 810 818 807
f 807 818 812
f 803 819 806
f 803 815 819
f 812 820 808
f 808 820 816
f 805 821 809
f 805 817 821
f 809 822 810
f 810 822 818
f 809 821 822
f 806 823 811
f 806 819 823
f 818 824 812
f 812 824 820
f 814 825 813
f 816 826 814
f 814 826 825
f 813 827 815
f 813 825 827
f 811 828 817
f 811 823 828
f 820 829 816
f 816 829 826
f 822 830 818
f 818 830 824
f 815 831 819
f 815 827 831
f 817 832 821
f 817 828 832
f 824 833 820
f 820 833 829
f 821 834 822
f 822 834 830
f 821 832 834
f 819 835 823
f 819 831 835
f 830 836 824
f 824 836 833
f 826 837 825
f 829 838 826
f 826 838 837
f 823 839 828
f 823 835 839
f 825 840 827
f 825 837 840
f 833 841 829
f 829 841 838
f 834 842 830
f 830 842 836
f 827 843 831
f 827 840 843
f 828 844 832
f 828 839 844
f 832 845 834
f 834 845 842
f 836 846 833
f 833 846 841
f 832 844 845
f 831 847 835
f 831 843 847
f 842 848 836
f 836 848 846
f 838 849 837
f 841 850 838
f 838 850 849
f 835 851 839
f 835 847 851
f 837 852 840
f 837 849 852
f 846 853 841
f 841 853 850
f 845 854 842
f 842 854 848
f 840 855 843
f 840 852 855
f 839 856 844
f 839 851 856
f 844 857 845
f 845 857 854
f 848 858 846
f 846 858 853
f 844 856 857
f 843 859 847
f 843 855 859
f 854 860 848
f 848 860 858
f 847 861 851
f 847 859 861
f 850 862 849
f 853 863 850
f 850 863 862
f 849 864 852
f 849 862 864
f 857 865 854
f 854 865 860
f 858 866 853
f 853 866 863
f 851 867 856
f 851 861 867
f 852 868 855
f 852 864 868
f 856 869 857
f 857 869 865
f 856 867 869
f 860 870 858
f 858 870 866
f 855 871 859
f 855 868 871
f 865 872 860
f 860 872 870
f 859 873 861
f 859 871 873
f 863 874 862
f 866 875 863
f 863 875 874
f 862 876 864
f 862 874 876
f 869 877 865
f 865 877 872
f 870 878 866
f 866 878 875
f 861 879 867
f 861 873 879
f 864 880 868
f 864 876 880
f 867 881 869
f 869 881 877
f 867 879 881
f 872 882 870
f 870 882 878
f 868 883 871
f 868 880 883
f 877 884 872
f 872 884 882
f 871 885 873
f 871 883 885
f 881 886 877
f 877 886 884
f 873 887 879
f 873 885 887
f 879 888 881
f 881 888 886
f 879 887 888
f 875 889 874
f 878 890 875
f 875 890 889
f 874 891 876
f 874 889 891
f 882 892 878
f 878 892 890
f 876 893 880
f 876 891 893
f 884 894 882
f 882 894 892
f 880 895 883
f 880 893 895
f 886 896 884
f 884 896 894
f 883 897 885
f 883 895 897
f 888 898 886
f 886 898 896
f 885 899 887
f 885 897 899
f 890 900 889
f 892 901 890
f 890 901 900
f 887 902 888
f 888 902 898
f 889 903 891
f 889 900 903
f 887 899 902
f 894 904 892
f 892 904 901
f 891 905 893
f 891 903 905
f 896 906 894
f 894 906 904
f 893 907 895
f 893 905 907
f 898 908 896
f 896 908 906
f 895 909 897
f 895 907 909
f 902 910 898
f 898 910 908
f 901 911 900
f 904 912 901
f 901 912 911
f 900 913 903
f 900 911 913
f 897 914 899
f 897 909 914
f 906 915 904
f 904 915 912
f 899 916 902
f 902 916 910
f 899 914 916
f 903 917 905
f 903 913 917
f 908 918 906
f 906 918 915
f 919 920 921
f 922 923 920
f 922 920 919
f 924 921 925
f 919 921 924
f 926 927 923
f 926 923 922
f 905 928 907
f 905 917 928
f 929 925 930
f 924 925 929
f 910 931 908
f 908 931 918
f 932 933 927
f 932 927 926
f 934 930 935
f 929 930 934
f 907 936 909
f 907 928 936
f 912 937 911
f 915 938 912
f 912 938 937
f 939 940 933
f 939 933 932
f 941 919 924
f 942 922 919
f 942 919 941
f 916 943 910
f 910 943 931
f 911 944 913
f 911 937 944
f 945 924 929
f 941 924 945
f 918 946 915
f 915 946 938
f 947 926 922
f 947 922 942
f 948 935 949
f 934 935 948
f 909 950 914
f 909 936 950
f 914 951 916
f 916 951 943
f 952 929 934
f 945 929 952
f 953 954 940
f 953 940 939
f 913 955 917
f 913 944 955
f 914 950 951
f 956 932 926
f 956 926 947
f 931 957 918
f 918 957 946
f 958 949 959
f 948 949 958
f 960 959 954
f 960 954 953
f 958 959 960
f 961 934 948
f 952 934 961
f 962 939 932
f 962 932 956
f 963 941 945
f 964 942 941
f 964 941 963
f 917 965 928
f 917 955 965
f 966 945 952
f 963 945 966
f 943 967 931
f 931 967 957
f 968 947 942
f 968 942 964
f 969 948 958
f 961 948 969
f 970 953 939
f 970 939 962
f 971 952 961
f 966 952 971
f 938 972 937
f 946 973 938
f 938 973 972
f 974 956 947
f 974 947 968
f 937 975 944
f 937 972 975
f 957 976 946
f 946 976 973
f 928 977 936
f 928 965 977
f 978 958 960
f 969 958 978
f 951 979 943
f 943 979 967
f 980 960 953
f 980 953 970
f 978 960 980
f 981 961 969
f 971 961 981
f 982 962 956
f 982 956 974
f 983 963 966
f 984 964 963
f 984 963 983
f 944 985 955
f 944 975 985
f 967 986 957
f 957 986 976
f 936 987 950
f 936 977 987
f 988 966 971
f 983 966 988
f 989 968 964
f 989 964 984
f 950 990 951
f 951 990 979
f 950 987 990
f 991 969 978
f 981 969 991
f 992 970 962
f 992 962 982
f 993 971 981
f 988 971 993
f 994 974 968
f 994 968 989
f 955 995 965
f 955 985 995
f 979 996 967
f 967 996 986
f 997 978 980
f 991 978 997
f 973 998 972
f 976 999 973
f 973 999 998
f 1000 980 970
f 1000 970 992
f 997 980 1000
f 1001 981 991
f 993 981 1001
f 1002 983 988
f 1003 984 983
f 1003 983 1002
f 972 1004 975
f 972 998 1004
f 986 1005 976
f 976 1005 999
f 1006 982 974
f 1006 974 994
f 1007 988 993
f 1002 988 1007
f 1008 989 984
f 1008 984 1003
f 965 1009 977
f 965 995 1009
f 990 1010 979
f 979 1010 996
f 975 1011 985
f 975 1004 1011
f 996 1012 986
f 986 1012 1005
f 1013 991 997
f 1001 991 1013
f 1014 993 1001
f 1007 993 1014
f 1015 994 989
f 1015 989 1008
f 1016 992 982
f 1016 982 1006
f 977 1017 987
f 977 1009 1017
f 987 1018 990
f 990 1018 1010
f 1019 997 1000
f 1013 997 1019
f 987 1017 1018
f 1020 1000 992
f 1020 992 1016
f 1021 1002 1007
f 1022 1003 1002
f 1022 1002 1021
f 1005 1023 999
f 999 1024 998
f 999 1023 1024
f 1019 1000 1020
f 1014 1001 1025
f 1025 1001 1013
f 1026 1006 994
f 1026 994 1015
f 1027 1007 1014
f 1021 1007 1027
f 1028 1008 1003
f 1028 1003 1022
f 985 1029 995
f 985 1011 1029
f 996 1030 1012
f 1010 1030 996
f 1012 1031 1005
f 1005 1031 1023
f 998 1032 1004
f 998 1024 1032
f 1027 1014 1033
f 1033 1014 1025
f 1034 1015 1008
f 1034 1008 1028
f 1035 1013 1019
f 1025 1013 1035
f 1036 1016 1006
f 1036 1006 1026
f 1012 1037 1031
f 1030 1037 1012
f 1004 1038 1011
f 1004 1032 1038
f 995 1039 1009
f 995 1029 1039
f 1018 1040 1010
f 1010 1040 1030
f 1041 1022 1021
f 1042 1021 1027
f 1041 1021 1042
f 1043 1028 1022
f 1043 1022 1041
f 1044 1019 1020
f 1035 1019 1044
f 1045 1020 1016
f 1045 1016 1036
f 1046 1027 1033
f 1042 1027 1046
f 1033 1025 1047
f 1047 1025 1035
f 1048 1026 1015
f 1048 1015 1034
f 1031 1049 1023
f 1023 1050 1024
f 1023 1049 1050
f 1044 1020 1045
f 1037 1051 1031
f 1031 1051 1049
f 1009 1052 1017
f 1009 1039 1052
f 1017 1053 1018
f 1018 1053 1040
f 1024 1054 1032
f 1024 1050 1054
f 1030 1055 1037
f 1040 1055 1030
f 1011 1056 1029
f 1011 1038 1056
f 1057 1034 1028
f 1057 1028 1043
f 1017 1052 1053
f 1046 1033 1058
f 1058 1033 1047
f 1059 1035 1044
f 1047 1035 1059
f 1060 1036 1026
f 1060 1026 1048
f 1061 1041 1042
f 1062 1042 1046
f 1061 1042 1062
f 1037 1063 1051
f 1055 1063 1037
f 1064 1043 1041
f 1064 1041 1061
f 1032 1065 1038
f 1032 1054 1065
f 1066 1046 1058
f 1062 1046 1066
f 1051 1067 1049
f 1049 1068 1050
f 1049 1067 1068
f 1069 1048 1034
f 1069 1034 1057
f 1040 1070 1055
f 1053 1070 1040
f 1071 1044 1045
f 1059 1044 1071
f 1072 1045 1036
f 1072 1036 1060
f 1058 1047 1073
f 1073 1047 1059
f 1063 1074 1051
f 1051 1074 1067
f 1029 1075 1039
f 1029 1056 1075
f 1050 1076 1054
f 1050 1068 1076
f 1071 1045 1072
f 1077 1057 1043
f 1077 1043 1064
f 1066 1058 1078
f 1078 1058 1073
f 1079 1061 1062
f 1080 1062 1066
f 1079 1062 1080
f 1055 1081 1063
f 1070 1081 1055
f 1082 1064 1061
f 1082 1061 1079
f 1038 1083 1056
f 1038 1065 1083
f 1052 1084 1053
f 1053 1084 1070
f 1080 1066 1085
f 1085 1066 1078
f 1063 1086 1074
f 1081 1086 1063
f 1039 1087 1052
f 1039 1075 1087
f 1074 1088 1067
f 1067 1089 1068
f 1067 1088 1089
f 1090 1060 1048
f 1090 1048 1069
f 1073 1059 1091
f 1091 1059 1071
f 1054 1076 1092
f 1054 1092 1065
f 1074 1093 1088
f 1086 1093 1074
f 1052 1087 1084
f 1068 1089 1094
f 1068 1094 1076
f 1095 1069 1057
f 1095 1057 1077
f 1096 1080 1085
f 1097 1079 1080
f 1097 1080 1096
f 1078 1073 1098
f 1098 1073 1091
f 1099 1064 1082
f 1099 1077 1064
f 1100 1072 1060
f 1100 1060 1090
f 1085 1078 1101
f 1101 1078 1098
f 1096 1085 1102
f 1102 1085 1101
f 1103 1079 1097
f 1103 1082 1079
f 1093 1104 1088
f 1088 1105 1089
f 1088 1104 1105
f 1070 1106 1081
f 1084 1106 1070
f 1107 1071 1072
f 1091 1071 1107
f 1056 1108 1075
f 1056 1083 1108
f 1107 1072 1100
f 1109 1097 1096
f 1110 1096 1102
f 1109 1096 1110
f 1086 1111 1093
f 1093 1112 1104
f 1111 1112 1093
f 1081 1113 1086
f 1113 1111 1086
f 1106 1113 1081
f 1089 1105 1114
f 1089 1114 1094
f 1115 1097 1109
f 1115 1103 1097
f 1112 1110 1104
f 1104 1110 1116
f 1110 1102 1116
f 1112 1109 1110
f 1104 1116 1105
f 1076 1094 1117
f 1076 1117 1092
f 1065 1092 1118
f 1065 1118 1083
f 1102 1101 1119
f 1116 1102 1119
f 1120 1090 1069
f 1120 1069 1095
f 1121 1082 1103
f 1121 1099 1082
f 1122 1109 1112
f 1111 1122 1112
f 1122 1115 1109
f 1098 1091 1123
f 1123 1091 1107
f 1124 1077 1099
f 1124 1095 1077
f 1101 1098 1125
f 1119 1101 1125
f 1105 1116 1126
f 1105 1126 1114
f 1087 1127 1084
f 1084 1127 1106
f 1116 1119 1126
f 1075 1128 1087
f 1075 1108 1128
f 1125 1098 1123
f 1113 1129 1111
f 1129 1122 1111
f 1094 1114 1130
f 1094 1130 1117
f 1087 1128 1127
f 1131 1103 1115
f 1131 1121 1103
f 1106 1132 1113
f 1132 1129 1113
f 1127 1132 1106
f 1133 1100 1090
f 1133 1090 1120
f 1126 1119 1134
f 1119 1125 1134
f 1135 1115 1122
f 1129 1135 1122
f 1136 1107 1100
f 1123 1107 1136
f 1135 1131 1115
f 1092 1117 1137
f 1092 1137 1118
f 1083 1138 1108
f 1083 1118 1138
f 1114 1126 1139
f 1114 1139 1130
f 1136 1100 1133
f 1140 1099 1121
f 1140 1124 1099
f 1126 1134 1139
f 1141 1120 1095
f 1141 1095 1124
f 1125 1123 1142
f 1134 1125 1142
f 1142 1123 1136
f 1132 1143 1129
f 1143 1135 1129
f 1127 1144 1132
f 1128 1144 1127
f 1145 1121 1131
f 1145 1140 1121
f 1117 1130 1146
f 1117 1146 1137
f 1108 1147 1128
f 1108 1138 1147
f 1144 1143 1132
f 1139 1134 1148
f 1134 1142 1148
f 1149 1131 1135
f 1143 1149 1135
f 1128 1147 1144
f 1150 1133 1120
f 1150 1120 1141
f 1149 1145 1131
f 1118 1137 1151
f 1118 1151 1138
f 1152 1136 1133
f 1142 1136 1152
f 1153 1124 1140
f 1153 1141 1124
f 1130 1139 1154
f 1130 1154 1146
f 1139 1148 1154
f 1152 1133 1150
f 1148 1142 1152
f 1144 1155 1143
f 1155 1149 1143
f 1147 1155 1144
f 1156 1140 1145
f 1156 1153 1140
f 1137 1146 1157
f 1137 1157 1151
f 1138 1158 1147
f 1138 1151 1158
f 1159 1150 1141
f 1159 1141 1153
f 1148 1152 1160
f 1154 1148 1160
f 1160 1152 1150
f 1161 1145 1149
f 1161 1156 1145
f 1155 1161 1149
f 1147 1158 1155
f 1160 1150 1159
f 1146 1154 1162
f 1154 1160 1162
f 1146 1162 1157
f 1158 1161 1155
f 1163 1159 1153
f 1163 1153 1156
f 1151 1164 1158
f 1151 1157 1164
f 1162 1160 1159
f 1158 1164 1161
f 1162 1159 1163
f 1164 1156 1161
f 1164 1163 1156
f 1157 1162 1163
f 1157 1163 1164
f 1165 1166 1167
f 1168 1165 1167
f 1165 1169 1166
f 1170 1169 1165
f 1171 1170 1165
f 1171 1165 1168
f 1167 1166 1172
f 1167 1172 1173
f 1174 1167 1173
f 1168 1167 1174
f 1169 1175 1166
f 1170 1176 1169
f 1176 1177 1169
f 1169 1177 1175
f 1166 1178 1172
f 1166 1175 1178
f 1179 1176 1170
f 1180 1170 1171
f 1180 1179 1170
f 1173 1172 1181
f 1174 1173 1182
f 1182 1173 1183
f 1173 1181 1183
f 1179 1184 1176
f 1184 1185 1176
f 1176 1185 1177
f 1172 1186 1181
f 1172 1178 1186
f 1187 1171 1168
f 1188 1180 1171
f 1188 1171 1187
f 1189 1168 1174
f 1187 1168 1189
f 1190 1174 1182
f 1189 1174 1190
f 1182 1183 1191
f 1190 1182 1192
f 1192 1182 1191
f 1193 1184 1179
f 1194 1179 1180
f 1194 1193 1179
f 1183 1181 1195
f 1191 1183 1196
f 1183 1195 1196
f 1184 1197 1185
f 1193 1198 1184
f 1198 1197 1184
f 1181 1199 1195
f 1181 1186 1199
f 1177 1200 1175
f 1185 1201 1177
f 1177 1201 1200
f 1175 1202 1178
f 1175 1200 1202
f 1197 1203 1185
f 1185 1203 1201
f 1178 1204 1186
f 1178 1202 1204
f 1205 1189 1190
f 1206 1187 1189
f 1206 1189 1205
f 1207 1190 1192
f 1205 1190 1207
f 1208 1194 1180
f 1208 1180 1188
f 1191 1196 1209
f 1192 1191 1210
f 1210 1191 1209
f 1211 1198 1193
f 1212 1193 1194
f 1212 1211 1193
f 1196 1195 1213
f 1209 1196 1214
f 1196 1213 1214
f 1198 1215 1197
f 1211 1216 1198
f 1216 1215 1198
f 1195 1217 1213
f 1195 1199 1217
f 1215 1218 1197
f 1197 1218 1203
f 1186 1219 1199
f 1186 1204 1219
f 1220 1188 1187
f 1220 1187 1206
f 1207 1192 1221
f 1221 1192 1210
f 1222 1194 1208
f 1222 1212 1194
f 1209 1214 1223
f 1210 1209 1224
f 1224 1209 1223
f 1225 1216 1211
f 1226 1211 1212
f 1226 1225 1211
f 1214 1213 1227
f 1223 1214 1228
f 1214 1227 1228
f 1225 1229 1216
f 1229 1230 1216
f 1216 1230 1215
f 1213 1231 1227
f 1213 1217 1231
f 1232 1205 1207
f 1233 1206 1205
f 1233 1205 1232
f 1234 1207 1221
f 1232 1207 1234
f 1235 1208 1188
f 1235 1188 1220
f 1236 1222 1208
f 1236 1208 1235
f 1237 1210 1224
f 1221 1210 1237
f 1224 1223 1238
f 1239 1224 1238
f 1237 1224 1239
f 1240 1226 1212
f 1240 1212 1222
f 1241 1225 1226
f 1242 1241 1226
f 1242 1226 1240
f 1223 1228 1241
f 1238 1223 1241
f 1241 1228 1225
f 1238 1241 1242
f 1228 1229 1225
f 1228 1227 1229
f 1227 1243 1229
f 1229 1243 1230
f 1227 1231 1243
f 1230 1244 1215
f 1215 1244 1218
f 1243 1245 1230
f 1230 1245 1244
f 1199 1246 1217
f 1217 1247 1231
f 1217 1246 1247
f 1199 1219 1246
f 1248 1220 1206
f 1248 1206 1233
f 1249 1221 1237
f 1234 1221 1249
f 1231 1250 1243
f 1243 1250 1245
f 1231 1247 1250
f 1251 1240 1222
f 1251 1222 1236
f 1252 1238 1242
f 1239 1238 1252
f 1253 1235 1220
f 1253 1220 1248
f 1254 1237 1239
f 1249 1237 1254
f 1255 1242 1240
f 1255 1240 1251
f 1252 1242 1255
f 1256 1236 1235
f 1256 1235 1253
f 1257 1239 1252
f 1254 1239 1257
f 1258 1232 1234
f 1259 1233 1232
f 1259 1232 1258
f 1260 1234 1249
f 1258 1234 1260
f 1261 1251 1236
f 1261 1236 1256
f 1262 1252 1255
f 1257 1252 1262
f 1263 1248 1233
f 1263 1233 1259
f 1264 1249 1254
f 1260 1249 1264
f 1265 1255 1251
f 1265 1251 1261
f 1262 1255 1265
f 1266 1253 1248
f 1266 1248 1263
f 1267 1254 1257
f 1264 1254 1267
f 1268 1256 1253
f 1268 1253 1266
f 1269 1257 1262
f 1267 1257 1269
f 1270 1261 1256
f 1270 1256 1268
f 1271 1262 1265
f 1269 1262 1271
f 1272 1258 1260
f 1273 1259 1258
f 1273 1258 1272
f 1274 1260 1264
f 1272 1260 1274
f 1275 1265 1261
f 1275 1261 1270
f 1271 1265 1275
f 1276 1264 1267
f 1274 1264 1276
f 1277 1263 1259
f 1277 1259 1273
f 1278 1267 1269
f 1276 1267 1278
f 1279 1266 1263
f 1279 1263 1277
f 1280 1269 1271
f 1278 1269 1280
f 1281 1268 1266
f 1281 1266 1279
f 1282 1270 1268
f 1282 1268 1281
f 1283 1271 1275
f 1280 1271 1283
f 1284 1275 1270
f 1284 1270 1282
f 1283 1275 1284
f 1285 1272 1274
f 1286 1273 1272
f 1286 1272 1285
f 1287 1274 1276
f 1285 1274 1287
f 1288 1276 1278
f 1287 1276 1288
f 1289 1277 1273
f 1289 1273 1286
f 1290 1278 1280
f 1288 1278 1290
f 1291 1279 1277
f 1291 1277 1289
f 1292 1280 1283
f 1290 1280 1292
f 1293 1281 1279
f 1293 1279 1291
f 1294 1283 1284
f 1292 1283 1294
f 1295 1282 1281
f 1295 1281 1293
f 1296 1284 1282
f 1294 1284 1296
f 1297 1285 1287
f 1298 1286 1285
f 1298 1285 1297
f 1299 1287 1288
f 1297 1287 1299
f 1296 1282 1295
f 1300 1288 1290
f 1299 1288 1300
f 1301 1289 1286
f 1301 1286 1298
f 1302 1290 1292
f 1300 1290 1302
f 1303 1291 1289
f 1303 1289 1301
f 1304 1292 1294
f 1302 1292 1304
f 1305 1293 1291
f 1305 1291 1303
f 1306 1294 1296
f 1304 1294 1306
f 1307 1295 1293
f 1307 1293 1305
f 1308 1297 1299
f 1309 1299 1300
f 1308 1299 1309
f 1310 1296 1295
f 1306 1296 1310
f 1311 1298 1297
f 1311 1297 1308
f 1310 1295 1307
f 1312 1300 1302
f 1309 1300 1312
f 1313 1301 1298
f 1313 1298 1311
f 1314 1302 1304
f 1312 1302 1314
f 1315 1303 1301
f 1315 1301 1313
f 1316 1304 1306
f 1314 1304 1316
f 1317 1305 1303
f 1317 1303 1315
f 1318 1306 1310
f 1316 1306 1318
f 1319 1307 1305
f 1319 1305 1317
f 1320 1310 1307
f 1318 1310 1320
f 1320 1307 1319
f 1321 1322 1323
f 1323 1324 1325
f 1323 1322 1324
f 1326 1327 1321
f 1321 1327 1322
f 1325 1328 1329
f 1325 1324 1328
f 1326 1330 1327
f 1331 1330 1326
f 1329 1332 1333
f 1329 1328 1332
f 1327 1334 1322
f 1330 1335 1327
f 1327 1335 1334
f 1322 1336 1324
f 1322 1334 1336
f 1331 1337 1330
f 1338 1337 1331
f 1333 1339 1340
f 1333 1332 1339
f 1337 1341 1330
f 1330 1341 1335
f 1324 1342 1328
f 1324 1336 1342
f 1328 1343 1332
f 1328 1342 1343
f 1338 1344 1337
f 1345 1344 1338
f 1340 1346 1347
f 1340 1339 1346
f 1337 1348 1341
f 1344 1348 1337
f 1341 1349 1335
f 1335 1350 1334
f 1335 1349 1350
f 1348 1351 1341
f 1341 1351 1349
f 1334 1352 1336
f 1334 1350 1352
f 1344 1353 1348
f 1348 1354 1351
f 1353 1354 1348
f 1336 1355 1342
f 1336 1352 1355
f 1345 1356 1344
f 1356 1353 1344
f 1332 1357 1339
f 1332 1343 1357
f 1358 1356 1345
f 1347 1359 1358
f 1358 1359 1356
f 1347 1346 1359
f 1342 1360 1343
f 1342 1355 1360
f 1356 1361 1353
f 1359 1361 1356
f 1339 1362 1346
f 1339 1357 1362
f 1349 1363 1350
f 1351 1364 1349
f 1349 1364 1363
f 1350 1365 1352
f 1350 1363 1365
f 1354 1366 1351
f 1351 1366 1364
f 1352 1367 1355
f 1352 1365 1367
f 1353 1368 1354
f 1354 1369 1366
f 1368 1369 1354
f 1361 1368 1353
f 1343 1370 1357
f 1343 1360 1370
f 1346 1371 1359
f 1359 1371 1361
f 1346 1362 1371
f 1364 1372 1363
f 1363 1373 1365
f 1363 1372 1373
f 1366 1374 1364
f 1364 1374 1372
f 1355 1367 1375
f 1355 1375 1360
f 1361 1376 1368
f 1371 1376 1361
f 1357 1377 1362
f 1357 1370 1377
f 1365 1373 1378
f 1365 1378 1367
f 1366 1379 1374
f 1369 1379 1366
f 1368 1380 1369
f 1376 1380 1368
f 1362 1381 1371
f 1371 1381 1376
f 1362 1377 1381
f 1382 1383 1384
f 1385 1384 1386
f 1382 1384 1385
f 1387 1388 1383
f 1387 1383 1382
f 1389 1390 1388
f 1389 1388 1387
f 1391 1392 1390
f 1391 1390 1389
f 1379 1393 1374
f 1374 1393 1394
f 1379 1395 1393
f 1393 1396 1394
f 1395 1397 1393
f 1393 1397 1396
f 1372 1398 1373
f 1374 1394 1372
f 1372 1394 1398
f 1373 1398 1399
f 1373 1399 1378
f 1369 1400 1379
f 1400 1395 1379
f 1380 1400 1369
f 1380 1401 1400
f 1400 1402 1395
f 1401 1402 1400
f 1367 1403 1375
f 1367 1378 1403
f 1360 1375 1404
f 1375 1405 1404
f 1375 1403 1405
f 1376 1406 1380
f 1406 1401 1380
f 1360 1404 1370
f 1381 1406 1376
f 1370 1407 1377
f 1370 1404 1407
f 1377 1408 1381
f 1381 1408 1406
f 1377 1407 1408
f 1409 1386 1410
f 1385 1386 1409
f 1411 1387 1382
f 1412 1382 1385
f 1411 1382 1412
f 1413 1389 1387
f 1413 1387 1411
f 1414 1415 1392
f 1414 1392 1391
f 1394 1416 1398
f 1398 1416 1417
f 1398 1417 1399
f 1394 1396 1416
f 1395 1418 1397
f 1402 1418 1395
f 1378 1419 1403
f 1378 1399 1419
f 1406 1420 1401
f 1401 1421 1402
f 1420 1421 1401
f 1404 1422 1407
f 1404 1405 1422
f 1408 1420 1406
f 1423 1410 1424
f 1409 1410 1423
f 1412 1385 1425
f 1425 1385 1409
f 1426 1427 1415
f 1426 1415 1414
f 1428 1391 1389
f 1428 1389 1413
f 1429 1411 1412
f 1430 1413 1411
f 1430 1411 1429
f 1397 1431 1396
f 1396 1431 1432
f 1396 1432 1416
f 1418 1433 1397
f 1397 1433 1431
f 1402 1434 1418
f 1418 1435 1433
f 1434 1435 1418
f 1421 1434 1402
f 1403 1436 1405
f 1403 1419 1436
f 1407 1437 1408
f 1407 1422 1437
f 1408 1437 1420
f 1438 1424 1439
f 1423 1424 1438
f 1440 1414 1391
f 1440 1391 1428
f 1429 1412 1441
f 1441 1412 1425
f 1442 1413 1430
f 1442 1428 1413
f 1435 1429 1433
f 1433 1429 1441
f 1435 1430 1429
f 1433 1441 1431
f 1431 1441 1443
f 1431 1443 1432
f 1444 1430 1435
f 1434 1444 1435
f 1416 1432 1445
f 1416 1445 1417
f 1399 1417 1446
f 1399 1446 1419
f 1420 1447 1421
f 1437 1447 1420
f 1448 1449 1427
f 1448 1427 1426
f 1441 1425 1443
f 1444 1442 1430
f 1421 1450 1434
f 1450 1444 1434
f 1447 1450 1421
f 1451 1439 1449
f 1438 1439 1451
f 1425 1409 1452
f 1452 1409 1423
f 1451 1449 1448
f 1443 1425 1452
f 1453 1426 1414
f 1453 1414 1440
f 1454 1428 1442
f 1454 1440 1428
f 1432 1443 1455
f 1443 1452 1455
f 1432 1455 1445
f 1456 1442 1444
f 1450 1456 1444
f 1405 1457 1422
f 1405 1436 1457
f 1422 1458 1437
f 1422 1457 1458
f 1437 1458 1447
f 1456 1454 1442
f 1417 1445 1459
f 1417 1459 1446
f 1447 1460 1450
f 1460 1456 1450
f 1419 1446 1461
f 1419 1461 1436
f 1458 1460 1447
f 1452 1423 1462
f 1462 1423 1438
f 1455 1452 1462
f 1463 1438 1451
f 1462 1438 1463
f 1464 1448 1426
f 1464 1426 1453
f 1465 1440 1454
f 1465 1453 1440
f 1445 1455 1466
f 1455 1462 1466
f 1467 1454 1456
f 1467 1465 1454
f 1445 1466 1459
f 1460 1467 1456
f 1446 1459 1468
f 1446 1468 1461
f 1458 1469 1460
f 1469 1467 1460
f 1436 1470 1457
f 1436 1461 1470
f 1457 1469 1458
f 1457 1470 1469
f 1471 1451 1448
f 1463 1451 1471
f 1471 1448 1464
f 1466 1462 1463
f 1472 1453 1465
f 1472 1464 1453
f 1459 1466 1473
f 1466 1463 1473
f 1474 1465 1467
f 1474 1472 1465
f 1459 1473 1468
f 1469 1474 1467
f 1461 1475 1470
f 1461 1468 1475
f 1470 1474 1469
f 1470 1475 1474
f 1473 1463 1471
f 1476 1471 1464
f 1473 1471 1476
f 1476 1464 1472
f 1468 1473 1476
f 1468 1476 1475
f 1475 1472 1474
f 1475 1476 1472
f 1477 1478 1479
f 1480 1478 1477
f 1480 1481 1478
f 1481 1482 1478
f 1478 1483 1479
f 1478 1482 1483
f 1477 1479 1484
f 1485 1480 1477
f 1486 1477 1484
f 1485 1477 1486
f 1487 1481 1480
f 1481 1488 1482
f 1489 1488 1481
f 1487 1489 1481
f 1484 1479 1490
f 1479 1483 1491
f 1479 1491 1490
f 1492 1487 1480
f 1492 1480 1485
f 1488 1493 1482
f 1482 1494 1483
f 1482 1493 1494
f 1484 1490 1495
f 1496 1484 1495
f 1486 1484 1496
f 1489 1497 1488
f 1488 1498 1493
f 1497 1498 1488
f 1483 1499 1491
f 1483 1494 1499
f 1500 1489 1487
f 1501 1497 1489
f 1500 1501 1489
f 1502 1500 1487
f 1502 1487 1492
f 1495 1490 1503
f 1490 1491 1504
f 1490 1504 1503
f 1496 1495 1505
f 1505 1495 1506
f 1495 1503 1506
f 1498 1507 1493
f 1493 1508 1494
f 1493 1507 1508
f 1497 1509 1498
f 1501 1510 1497
f 1510 1509 1497
f 1498 1511 1507
f 1509 1511 1498
f 1491 1499 1512
f 1491 1512 1504
f 1494 1513 1499
f 1494 1508 1513
f 1514 1501 1500
f 1515 1510 1501
f 1514 1515 1501
f 1505 1506 1516
f 1517 1514 1500
f 1517 1500 1502
f 1507 1518 1508
f 1511 1519 1507
f 1507 1519 1518
f 1499 1520 1512
f 1499 1513 1520
f 1510 1521 1509
f 1509 1522 1511
f 1521 1522 1509
f 1503 1504 1523
f 1504 1512 1524
f 1504 1524 1523
f 1515 1525 1510
f 1525 1521 1510
f 1506 1503 1526
f 1503 1523 1526
f 1516 1506 1527
f 1506 1526 1527
f 1516 1527 1528
f 1508 1529 1513
f 1508 1518 1529
f 1522 1530 1511
f 1511 1530 1519
f 1527 1526 1531
f 1526 1523 1532
f 1526 1532 1531
f 1528 1527 1533
f 1527 1531 1533
f 1528 1533 1534
f 1535 1515 1514
f 1536 1525 1515
f 1535 1536 1515
f 1537 1535 1514
f 1537 1514 1517
f 1525 1538 1521
f 1521 1539 1522
f 1538 1539 1521
f 1512 1540 1524
f 1512 1520 1540
f 1536 1541 1525
f 1541 1538 1525
f 1513 1542 1520
f 1513 1529 1542
f 1522 1543 1530
f 1539 1543 1522
f 1523 1524 1544
f 1523 1544 1532
f 1545 1541 1536
f 1545 1546 1541
f 1541 1547 1538
f 1546 1547 1541
f 1533 1531 1545
f 1531 1546 1545
f 1531 1532 1546
f 1548 1545 1536
f 1533 1545 1548
f 1548 1536 1535
f 1534 1533 1548
f 1534 1548 1549
f 1549 1548 1535
f 1549 1535 1537
f 1519 1550 1518
f 1530 1551 1519
f 1519 1551 1550
f 1524 1552 1544
f 1524 1540 1552
f 1538 1553 1539
f 1547 1553 1538
f 1532 1544 1554
f 1532 1554 1546
f 1518 1555 1529
f 1518 1550 1555
f 1543 1556 1530
f 1530 1556 1551
f 1520 1557 1540
f 1520 1542 1557
f 1539 1558 1543
f 1553 1558 1539
f 1544 1559 1554
f 1544 1552 1559
f 1546 1554 1547
f 1554 1560 1547
f 1547 1560 1553
f 1529 1561 1542
f 1529 1555 1561
f 1558 1562 1543
f 1543 1562 1556
f 1554 1559 1560
f 1540 1563 1552
f 1540 1557 1563
f 1553 1564 1558
f 1560 1564 1553
f 1551 1565 1550
f 1556 1566 1551
f 1551 1566 1565
f 1542 1567 1557
f 1542 1561 1567
f 1558 1568 1562
f 1564 1568 1558
f 1552 1569 1559
f 1552 1563 1569
f 1559 1570 1560
f 1560 1570 1564
f 1550 1571 1555
f 1550 1565 1571
f 1562 1572 1556
f 1556 1572 1566
f 1559 1569 1570
f 1555 1573 1561
f 1555 1571 1573
f 1568 1574 1562
f 1562 1574 1572
f 1557 1575 1563
f 1557 1567 1575
f 1564 1576 1568
f 1570 1576 1564
f 1561 1577 1567
f 1561 1573 1577
f 1576 1578 1568
f 1568 1578 1574
f 1563 1579 1569
f 1563 1575 1579
f 1569 1580 1570
f 1569 1579 1580
f 1570 1580 1576
f 1566 1581 1565
f 1572 1582 1566
f 1566 1582 1581
f 1565 1583 1571
f 1565 1581 1583
f 1574 1584 1572
f 1572 1584 1582
f 1567 1585 1575
f 1567 1577 1585
f 1580 1586 1576
f 1576 1586 1578
f 1571 1587 1573
f 1571 1583 1587
f 1578 1588 1574
f 1574 1588 1584
f 1575 1589 1579
f 1575 1585 1589
f 1579 1590 1580
f 1580 1590 1586
f 1579 1589 1590
f 1573 1591 1577
f 1573 1587 1591
f 1586 1592 1578
f 1578 1592 1588
f 1582 1593 1581
f 1581 1594 1583
f 1581 1593 1594
f 1584 1595 1582
f 1582 1595 1593
f 1577 1596 1585
f 1577 1591 1596
f 1588 1597 1584
f 1584 1597 1595
f 1590 1598 1586
f 1586 1598 1592
f 1583 1599 1587
f 1583 1594 1599
f 1592 1600 1588
f 1588 1600 1597
f 1585 1601 1589
f 1585 1596 1601
f 1589 1602 1590
f 1589 1601 1602
f 1590 1602 1598
f 1587 1603 1591
f 1587 1599 1603
f 1592 1604 1600
f 1598 1604 1592
f 1591 1605 1596
f 1591 1603 1605
f 1595 1606 1593
f 1597 1607 1595
f 1595 1607 1606
f 1593 1608 1594
f 1593 1606 1608
f 1600 1609 1597
f 1597 1609 1607
f 1594 1610 1599
f 1594 1608 1610
f 1604 1611 1600
f 1600 1611 1609
f 1596 1612 1601
f 1596 1605 1612
f 1602 1613 1598
f 1598 1613 1604
f 1601 1614 1602
f 1601 1612 1614
f 1602 1614 1613
f 1599 1615 1603
f 1599 1610 1615
f 1613 1616 1604
f 1604 1616 1611
f 1603 1617 1605
f 1603 1615 1617
f 1614 1618 1613
f 1613 1618 1616
f 1607 1619 1606
f 1609 1620 1607
f 1607 1620 1619
f 1606 1621 1608
f 1606 1619 1621
f 1605 1622 1612
f 1605 1617 1622
f 1612 1623 1614
f 1614 1623 1618
f 1612 1622 1623
f 1611 1624 1609
f 1609 1624 1620
f 1608 1625 1610
f 1608 1621 1625
f 1610 1626 1615
f 1610 1625 1626
f 1616 1627 1611
f 1611 1627 1624
f 1618 1628 1616
f 1616 1628 1627
f 1623 1629 1618
f 1618 1629 1628
f 1615 1630 1617
f 1615 1626 1630
f 1617 1631 1622
f 1617 1630 1631
f 1622 1632 1623
f 1623 1632 1629
f 1622 1631 1632
f 1633 1634 1635
f 1635 1636 1637
f 1635 1634 1636
f 1638 1639 1633
f 1633 1639 1634
f 1637 1640 1641
f 1637 1636 1640
f 1638 1642 1639
f 1643 1642 1638
f 1641 1644 1645
f 1641 1640 1644
f 1639 1646 1634
f 1634 1647 1636
f 1634 1646 1647
f 1642 1648 1639
f 1639 1648 1646
f 1643 1649 1642
f 1650 1649 1643
f 1636 1651 1640
f 1636 1647 1651
f 1642 1652 1648
f 1649 1652 1642
f 1645 1644 1653
f 1645 1653 1654
f 1640 1655 1644
f 1640 1651 1655
f 1648 1656 1646
f 1652 1657 1648
f 1648 1657 1656
f 1646 1658 1647
f 1646 1656 1658
f 1650 1659 1649
f 1660 1659 1650
f 1647 1661 1651
f 1647 1658 1661
f 1649 1662 1652
f 1659 1662 1649
f 1652 1663 1657
f 1662 1663 1652
f 1644 1664 1653
f 1644 1655 1664
f 1660 1665 1659
f 1666 1665 1660
f 1654 1667 1668
f 1654 1653 1667
f 1657 1669 1656
f 1663 1670 1657
f 1657 1670 1669
f 1656 1671 1658
f 1656 1669 1671
f 1651 1672 1655
f 1651 1661 1672
f 1659 1673 1662
f 1665 1673 1659
f 1668 1674 1666
f 1666 1674 1665
f 1668 1667 1674
f 1658 1675 1661
f 1658 1671 1675
f 1662 1676 1663
f 1673 1676 1662
f 1663 1677 1670
f 1676 1677 1663
f 1653 1678 1667
f 1653 1664 1678
f 1670 1679 1669
f 1677 1680 1670
f 1670 1680 1679
f 1669 1681 1671
f 1669 1679 1681
f 1655 1682 1664
f 1655 1672 1682
f 1674 1683 1665
f 1665 1683 1673
f 1661 1675 1684
f 1661 1684 1672
f 1667 1685 1674
f 1674 1685 1683
f 1667 1678 1685
f 1671 1686 1675
f 1671 1681 1686
f 1673 1687 1676
f 1683 1687 1673
f 1676 1688 1677
f 1687 1688 1676
f 1677 1689 1680
f 1688 1689 1677
f 1664 1690 1678
f 1664 1682 1690
f 1680 1691 1679
f 1679 1692 1681
f 1679 1691 1692
f 1689 1693 1680
f 1680 1693 1691
f 1675 1686 1694
f 1675 1694 1684
f 1672 1695 1682
f 1672 1684 1695
f 1683 1696 1687
f 1685 1696 1683
f 1681 1697 1686
f 1681 1692 1697
f 1687 1698 1688
f 1688 1699 1689
f 1698 1699 1688
f 1696 1698 1687
f 1678 1700 1685
f 1685 1700 1696
f 1678 1690 1700
f 1689 1701 1693
f 1699 1701 1689
f 1693 1702 1691
f 1691 1703 1692
f 1691 1702 1703
f 1701 1704 1693
f 1693 1704 1702
f 1682 1705 1690
f 1682 1695 1705
f 1686 1697 1706
f 1686 1706 1694
f 1684 1707 1695
f 1684 1694 1707
f 1692 1703 1708
f 1692 1708 1697
f 1696 1709 1698
f 1700 1709 1696
f 1699 1710 1701
f 1701 1711 1704
f 1710 1711 1701
f 1698 1712 1699
f 1712 1710 1699
f 1704 1713 1702
f 1702 1714 1703
f 1702 1713 1714
f 1711 1715 1704
f 1704 1715 1713
f 1709 1712 1698
f 1690 1716 1700
f 1690 1705 1716
f 1700 1716 1709
f 1703 1714 1717
f 1703 1717 1708
f 1697 1708 1718
f 1697 1718 1706
f 1695 1719 1705
f 1695 1707 1719
f 1711 1720 1715
f 1710 1721 1711
f 1721 1720 1711
f 1694 1706 1722
f 1694 1722 1707
f 1715 1723 1713
f 1713 1724 1714
f 1713 1723 1724
f 1715 1725 1723
f 1720 1725 1715
f 1712 1726 1710
f 1726 1721 1710
f 1709 1727 1712
f 1727 1726 1712
f 1716 1727 1709
f 1714 1724 1728
f 1714 1728 1717
f 1705 1729 1716
f 1716 1729 1727
f 1705 1719 1729
f 1725 1730 1723
f 1723 1730 1731
f 1723 1731 1724
f 1720 1732 1725
f 1725 1733 1730
f 1732 1733 1725
f 1721 1734 1720
f 1734 1732 1720
f 1708 1717 1735
f 1708 1735 1718
f 1726 1736 1721
f 1736 1734 1721
f 1706 1718 1737
f 1706 1737 1722
f 1707 1738 1719
f 1707 1722 1738
f 1727 1739 1726
f 1729 1739 1727
f 1740 1741 1742
f 1741 1743 1742
f 1744 1741 1740
f 1741 1745 1743
f 1746 1745 1741
f 1744 1746 1741
f 1740 1742 1747
f 1747 1742 1748
f 1742 1743 1749
f 1742 1749 1748
f 1750 1740 1747
f 1751 1744 1740
f 1751 1740 1750
f 1747 1748 1752
f 1753 1747 1752
f 1750 1747 1753
f 1733 1754 1730
f 1730 1754 1755
f 1730 1755 1731
f 1732 1756 1733
f 1733 1757 1754
f 1756 1757 1733
f 1724 1731 1758
f 1724 1758 1728
f 1734 1759 1732
f 1759 1756 1732
f 1739 1736 1726
f 1745 1760 1743
f 1745 1761 1760
f 1762 1761 1745
f 1746 1762 1745
f 1743 1760 1763
f 1743 1763 1749
f 1717 1728 1764
f 1717 1764 1735
f 1765 1759 1734
f 1736 1765 1734
f 1719 1766 1729
f 1719 1738 1766
f 1729 1766 1739
f 1761 1767 1760
f 1762 1768 1761
f 1768 1769 1761
f 1761 1769 1767
f 1760 1770 1763
f 1760 1767 1770
f 1771 1762 1746
f 1772 1768 1762
f 1771 1772 1762
f 1748 1749 1773
f 1749 1763 1774
f 1749 1774 1773
f 1775 1746 1744
f 1775 1771 1746
f 1752 1748 1776
f 1748 1773 1776
f 1777 1744 1751
f 1777 1775 1744
f 1753 1752 1778
f 1778 1752 1779
f 1752 1776 1779
f 1780 1751 1750
f 1781 1751 1780
f 1781 1777 1751
f 1782 1750 1753
f 1780 1750 1782
f 1783 1753 1778
f 1782 1753 1783
f 1783 1778 1784
f 1778 1779 1785
f 1784 1778 1785
f 1786 1782 1783
f 1787 1780 1782
f 1787 1782 1786
f 1788 1783 1784
f 1786 1783 1788
f 1757 1789 1790
f 1789 1791 1790
f 1757 1790 1754
f 1754 1790 1792
f 1790 1791 1793
f 1790 1793 1792
f 1794 1789 1757
f 1794 1795 1789
f 1789 1796 1791
f 1795 1796 1789
f 1754 1792 1755
f 1731 1755 1797
f 1755 1792 1798
f 1755 1798 1797
f 1756 1794 1757
f 1799 1794 1756
f 1800 1795 1794
f 1799 1800 1794
f 1731 1797 1758
f 1759 1799 1756
f 1728 1758 1801
f 1728 1801 1764
f 1765 1802 1759
f 1802 1799 1759
f 1718 1735 1803
f 1735 1764 1804
f 1735 1804 1803
f 1718 1803 1737
f 1739 1805 1736
f 1805 1765 1736
f 1722 1806 1738
f 1722 1737 1806
f 1766 1805 1739
f 1738 1807 1766
f 1738 1806 1807
f 1766 1807 1805
f 1796 1808 1791
f 1791 1808 1809
f 1791 1809 1793
f 1795 1810 1796
f 1796 1811 1808
f 1810 1811 1796
f 1758 1797 1812
f 1758 1812 1801
f 1805 1813 1765
f 1813 1802 1765
f 1737 1803 1814
f 1737 1814 1806
f 1776 1773 1815
f 1779 1776 1816
f 1776 1815 1816
f 1792 1793 1817
f 1792 1817 1798
f 1818 1810 1795
f 1800 1818 1795
f 1819 1800 1799
f 1802 1819 1799
f 1807 1813 1805
f 1772 1820 1768
f 1768 1821 1769
f 1820 1821 1768
f 1763 1822 1774
f 1763 1770 1822
f 1823 1772 1771
f 1824 1820 1772
f 1823 1824 1772
f 1773 1774 1825
f 1773 1825 1815
f 1826 1771 1775
f 1826 1823 1771
f 1827 1775 1777
f 1827 1826 1775
f 1785 1779 1828
f 1779 1816 1828
f 1784 1785 1829
f 1785 1828 1830
f 1829 1785 1830
f 1831 1781 1780
f 1831 1780 1787
f 1788 1784 1832
f 1832 1784 1829
f 1833 1786 1788
f 1834 1787 1786
f 1834 1786 1833
f 1835 1788 1832
f 1833 1788 1835
f 1836 1837 1838
f 1837 1839 1838
f 1836 1838 1840
f 1840 1838 1841
f 1838 1839 1842
f 1838 1842 1841
f 1843 1837 1836
f 1837 1844 1839
f 1845 1844 1837
f 1843 1845 1837
f 1811 1836 1840
f 1811 1840 1808
f 1808 1840 1846
f 1840 1841 1846
f 1847 1836 1811
f 1847 1843 1836
f 1808 1846 1809
f 1793 1809 1848
f 1809 1846 1849
f 1809 1849 1848
f 1810 1847 1811
f 1850 1847 1810
f 1851 1843 1847
f 1850 1851 1847
f 1793 1848 1817
f 1818 1850 1810
f 1797 1798 1852
f 1797 1852 1812
f 1853 1818 1800
f 1819 1853 1800
f 1764 1801 1854
f 1764 1854 1804
f 1813 1855 1802
f 1855 1819 1802
f 1803 1804 1856
f 1803 1856 1814
f 1807 1857 1813
f 1857 1855 1813
f 1806 1857 1807
f 1806 1814 1857
f 1858 1777 1781
f 1858 1827 1777
f 1844 1859 1839
f 1839 1859 1860
f 1839 1860 1842
f 1844 1861 1859
f 1862 1861 1844
f 1845 1862 1844
f 1846 1841 1863
f 1846 1863 1849
f 1864 1845 1843
f 1851 1864 1843
f 1798 1817 1865
f 1798 1865 1852
f 1866 1850 1818
f 1853 1866 1818
f 1801 1812 1867
f 1801 1867 1854
f 1769 1868 1767
f 1769 1869 1868
f 1821 1869 1769
f 1767 1868 1870
f 1767 1870 1770
f 1820 1871 1821
f 1824 1872 1820
f 1872 1871 1820
f 1774 1873 1825
f 1774 1822 1873
f 1874 1824 1823
f 1875 1874 1823
f 1875 1823 1826
f 1828 1816 1876
f 1816 1815 1877
f 1816 1877 1876
f 1828 1876 1878
f 1830 1828 1878
f 1879 1781 1831
f 1879 1858 1781
f 1832 1829 1880
f 1829 1830 1881
f 1880 1829 1881
f 1882 1831 1787
f 1882 1787 1834
f 1835 1832 1883
f 1883 1832 1880
f 1884 1833 1835
f 1885 1834 1833
f 1885 1833 1884
f 1886 1835 1883
f 1884 1835 1886
f 1861 1887 1888
f 1887 1889 1888
f 1861 1888 1859
f 1859 1888 1890
f 1888 1889 1891
f 1888 1891 1890
f 1892 1887 1861
f 1887 1893 1889
f 1894 1893 1887
f 1892 1894 1887
f 1859 1890 1860
f 1862 1892 1861
f 1841 1842 1895
f 1842 1860 1896
f 1842 1896 1895
f 1841 1895 1863
f 1897 1862 1845
f 1864 1897 1845
f 1817 1848 1898
f 1817 1898 1865
f 1899 1851 1850
f 1866 1899 1850
f 1812 1852 1900
f 1812 1900 1867
f 1855 1901 1819
f 1901 1853 1819
f 1804 1854 1902
f 1804 1902 1856
f 1857 1903 1855
f 1903 1901 1855
f 1814 1903 1857
f 1814 1856 1903
f 1904 1905 1906
f 1904 1907 1905
f 1906 1905 1908
f 1907 1909 1905
f 1905 1909 1910
f 1905 1910 1908
f 1869 1904 1906
f 1911 1904 1869
f 1911 1912 1904
f 1912 1907 1904
f 1869 1906 1868
f 1868 1906 1913
f 1906 1908 1913
f 1821 1911 1869
f 1871 1911 1821
f 1914 1912 1911
f 1871 1914 1911
f 1868 1913 1870
f 1770 1870 1915
f 1870 1913 1916
f 1870 1916 1915
f 1770 1915 1822
f 1815 1825 1917
f 1825 1918 1917
f 1825 1873 1918
f 1874 1919 1824
f 1919 1872 1824
f 1815 1917 1877
f 1920 1874 1875
f 1921 1919 1874
f 1920 1921 1874
f 1878 1876 1922
f 1876 1877 1923
f 1876 1923 1922
f 1924 1875 1826
f 1925 1875 1924
f 1925 1920 1875
f 1924 1826 1827
f 1830 1878 1926
f 1878 1922 1927
f 1926 1878 1927
f 1928 1924 1827
f 1928 1827 1858
f 1881 1830 1926
f 1880 1881 1929
f 1881 1926 1930
f 1929 1881 1930
f 1931 1831 1882
f 1931 1879 1831
f 1883 1880 1932
f 1932 1880 1929
f 1933 1834 1885
f 1933 1882 1834
f 1886 1883 1934
f 1934 1883 1932
f 1935 1884 1886
f 1936 1885 1884
f 1936 1884 1935
f 1937 1886 1934
f 1935 1886 1937
f 1938 1939 1940
f 1939 1941 1940
f 1938 1940 1942
f 1942 1940 1943
f 1940 1941 1944
f 1940 1944 1943
f 1945 1939 1938
f 1939 1946 1941
f 1947 1946 1939
f 1945 1947 1939
f 1948 1938 1942
f 1948 1942 1949
f 1949 1942 1950
f 1942 1943 1950
f 1951 1938 1948
f 1951 1945 1938
f 1889 1949 1952
f 1949 1950 1952
f 1889 1952 1891
f 1891 1952 1953
f 1952 1950 1954
f 1952 1954 1953
f 1893 1948 1949
f 1893 1949 1889
f 1955 1951 1948
f 1955 1948 1893
f 1956 1951 1955
f 1957 1945 1951
f 1956 1957 1951
f 1890 1891 1958
f 1891 1953 1958
f 1894 1955 1893
f 1959 1955 1894
f 1959 1956 1955
f 1860 1890 1960
f 1890 1958 1960
f 1961 1894 1892
f 1961 1959 1894
f 1860 1960 1896
f 1962 1892 1862
f 1962 1961 1892
f 1863 1895 1963
f 1895 1896 1964
f 1895 1964 1963
f 1897 1962 1862
f 1965 1962 1897
f 1966 1961 1962
f 1965 1966 1962
f 1849 1863 1967
f 1863 1963 1967
f 1968 1897 1864
f 1968 1965 1897
f 1848 1849 1969
f 1849 1967 1969
f 1970 1864 1851
f 1970 1968 1864
f 1848 1969 1898
f 1899 1970 1851
f 1852 1865 1971
f 1865 1898 1972
f 1865 1972 1971
f 1973 1899 1866
f 1974 1970 1899
f 1973 1974 1899
f 1852 1971 1900
f 1975 1866 1853
f 1975 1973 1866
f 1854 1867 1976
f 1867 1900 1977
f 1867 1977 1976
f 1901 1975 1853
f 1978 1975 1901
f 1978 1979 1975
f 1979 1973 1975
f 1854 1976 1902
f 1856 1902 1978
f 1902 1979 1978
f 1902 1976 1979
f 1903 1978 1901
f 1856 1978 1903
f 1912 1980 1907
f 1907 1981 1909
f 1980 1981 1907
f 1982 1980 1912
f 1914 1982 1912
f 1913 1908 1983
f 1913 1983 1916
f 1872 1984 1871
f 1984 1914 1871
f 1822 1915 1985
f 1822 1985 1873
f 1919 1986 1872
f 1986 1984 1872
f 1921 1987 1919
f 1987 1986 1919
f 1877 1988 1923
f 1877 1917 1988
f 1922 1987 1921
f 1927 1922 1921
f 1927 1921 1920
f 1922 1923 1987
f 1989 1925 1924
f 1989 1924 1928
f 1926 1927 1990
f 1930 1926 1990
f 1991 1858 1879
f 1991 1928 1858
f 1934 1932 1992
f 1932 1929 1993
f 1992 1932 1993
f 1994 1885 1936
f 1994 1933 1885
f 1937 1934 1995
f 1995 1934 1992
f 1996 1935 1937
f 1997 1935 1996
f 1997 1936 1935
f 1996 1937 1998
f 1998 1937 1995
f 1946 1996 1998
f 1999 1996 1946
f 1999 1997 1996
f 1946 1998 1941
f 1941 1998 2000
f 1998 1995 2000
f 1947 1999 1946
f 1941 2000 1944
f 1950 1943 2001
f 1943 1944 2002
f 1943 2002 2001
f 1950 2001 1954
f 2003 1947 1945
f 1957 2003 1945
f 1896 1960 2004
f 1960 1958 2005
f 1960 2005 2004
f 2006 1959 1961
f 2007 1956 1959
f 2006 2007 1959
f 1896 2004 1964
f 1966 2006 1961
f 1898 1969 2008
f 1969 1967 2009
f 1969 2009 2008
f 2010 1968 1970
f 2011 1965 1968
f 2010 2011 1968
f 1898 2008 1972
f 1974 2010 1970
f 1900 1971 2012
f 1900 2012 1977
f 1979 2013 1973
f 2013 1974 1973
f 1976 2013 1979
f 1976 1977 2013
f 1981 2014 1909
f 1980 2015 1981
f 1981 2016 2014
f 2015 2016 1981
f 1909 2017 1910
f 1909 2014 2017
f 1982 2018 1980
f 2018 2015 1980
f 1908 1910 2019
f 1908 2019 1983
f 2020 1982 1914
f 1984 2020 1914
f 1915 1916 2021
f 1915 2021 1985
f 1923 2022 1987
f 1987 2022 1986
f 1923 1988 2022
f 1990 1927 1920
f 1990 1920 1925
f 1929 1930 2023
f 1993 1929 2023
f 2024 1882 1933
f 2024 1931 1882
f 2025 1936 1997
f 2025 1994 1936
f 2000 1995 2026
f 1995 1992 2026
f 2027 1999 1947
f 2028 1997 1999
f 2027 2028 1999
f 1944 2000 2029
f 1944 2029 2002
f 2003 2027 1947
f 1958 1953 2030
f 1953 1954 2031
f 1953 2031 2030
f 1958 2030 2005
f 2032 1957 1956
f 2007 2032 1956
f 1967 1963 2033
f 1967 2033 2009
f 2034 1966 1965
f 2011 2034 1965
f 1971 1972 2035
f 1971 2035 2012
f 2013 2036 1974
f 2036 2010 1974
f 1977 2036 2013
f 1977 2012 2036
f 1916 1983 2037
f 1916 2037 2021
f 1917 2038 1988
f 1917 1918 2038
f 2039 1990 1925
f 2039 1925 1989
f 1930 1990 2039
f 2023 1930 2039
f 2040 1879 1931
f 2040 1991 1879
f 2028 2025 1997
f 2000 2026 2029
f 2041 2003 1957
f 2032 2041 1957
f 1963 1964 2042
f 1963 2042 2033
f 2043 2006 1966
f 2034 2043 1966
f 1972 2008 2044
f 1972 2044 2035
f 2036 2045 2010
f 2045 2011 2010
f 1910 2017 2046
f 1910 2046 2019
f 2047 2018 1982
f 2020 2047 1982
f 1986 2048 1984
f 2022 2048 1986
f 2049 1989 1928
f 2049 1928 1991
f 1992 1993 2050
f 2026 1992 2050
f 1954 2001 2051
f 1954 2051 2031
f 1964 2004 2052
f 1964 2052 2042
f 2012 2045 2036
f 2012 2035 2045
f 2016 2053 2014
f 2015 2054 2016
f 2016 2055 2053
f 2054 2055 2016
f 2014 2053 2056
f 2014 2056 2017
f 2018 2057 2015
f 2057 2054 2015
f 1983 2019 2058
f 1983 2058 2037
f 1873 1985 2059
f 1873 2059 1918
f 2060 1933 1994
f 2060 2024 1933
f 2061 2027 2003
f 2062 2028 2027
f 2061 2062 2027
f 2001 2002 2063
f 2001 2063 2051
f 2041 2061 2003
f 2004 2005 2064
f 2004 2064 2052
f 2065 2007 2006
f 2066 2032 2007
f 2065 2066 2007
f 2043 2065 2006
f 2008 2009 2067
f 2008 2067 2044
f 2045 2068 2011
f 2068 2034 2011
f 2035 2068 2045
f 2035 2044 2068
f 2069 2057 2018
f 2047 2069 2018
f 2048 2020 1984
f 1988 2070 2022
f 2022 2070 2048
f 1988 2038 2070
f 2071 2039 1989
f 2071 1989 2049
f 2023 2039 2071
f 2072 1931 2024
f 2072 2040 1931
f 1993 2023 2073
f 2050 1993 2073
f 2029 2026 2074
f 2026 2050 2074
f 2002 2029 2075
f 2002 2075 2063
f 2005 2030 2076
f 2005 2076 2064
f 2009 2033 2077
f 2009 2077 2067
f 2078 2043 2034
f 2068 2078 2034
f 2055 2079 2053
f 2053 2080 2056
f 2053 2079 2080
f 2054 2081 2055
f 2057 2082 2054
f 2082 2081 2054
f 2017 2056 2083
f 2017 2083 2046
f 2084 2047 2020
f 2048 2084 2020
f 1985 2021 2085
f 1985 2085 2059
f 2086 2049 1991
f 2086 1991 2040
f 2073 2023 2071
f 2087 1994 2025
f 2087 2060 1994
f 2029 2074 2075
f 2088 2025 2028
f 2062 2088 2028
f 2030 2031 2089
f 2030 2089 2076
f 2090 2041 2032
f 2066 2090 2032
f 2033 2042 2091
f 2033 2091 2077
f 2092 2065 2043
f 2078 2092 2043
f 2044 2078 2068
f 2044 2067 2078
f 2055 2093 2079
f 2081 2093 2055
f 2094 2082 2057
f 2069 2094 2057
f 2019 2046 2095
f 2019 2095 2058
f 2096 2069 2047
f 2084 2096 2047
f 2021 2037 2097
f 2021 2097 2085
f 2050 2073 2098
f 2074 2050 2098
f 2088 2087 2025
f 2031 2051 2099
f 2031 2099 2089
f 2100 2061 2041
f 2090 2100 2041
f 2042 2052 2101
f 2042 2101 2091
f 2102 2066 2065
f 2092 2102 2065
f 2067 2092 2078
f 2067 2077 2092
f 2056 2080 2103
f 2056 2103 2083
f 1918 2059 2104
f 1918 2104 2038
f 2105 2071 2049
f 2105 2049 2086
f 2073 2071 2105
f 2106 2024 2060
f 2106 2072 2024
f 2107 2062 2061
f 2100 2107 2061
f 2052 2064 2108
f 2052 2108 2101
f 2109 2090 2066
f 2102 2109 2066
f 2077 2102 2092
f 2077 2091 2102
f 2093 2110 2079
f 2081 2111 2093
f 2111 2112 2093
f 2093 2112 2110
f 2079 2113 2080
f 2079 2110 2113
f 2082 2114 2081
f 2114 2111 2081
f 2046 2083 2115
f 2046 2115 2095
f 2037 2058 2116
f 2037 2116 2097
f 2070 2084 2048
f 2117 2086 2040
f 2117 2040 2072
f 2098 2073 2105
f 2118 2088 2062
f 2107 2118 2062
f 2051 2063 2119
f 2051 2119 2099
f 2064 2076 2120
f 2064 2120 2108
f 2121 2100 2090
f 2109 2121 2090
f 2091 2109 2102
f 2091 2101 2109
f 2094 2122 2082
f 2122 2114 2082
f 2123 2094 2069
f 2096 2123 2069
f 2059 2085 2124
f 2059 2124 2104
f 2075 2074 2125
f 2074 2098 2125
f 2126 2096 2084
f 2070 2126 2084
f 2063 2075 2127
f 2063 2127 2119
f 2038 2126 2070
f 2038 2104 2126
f 2128 2060 2087
f 2128 2106 2060
f 2075 2125 2127
f 2129 2087 2088
f 2118 2129 2088
f 2076 2089 2130
f 2076 2130 2120
f 2131 2107 2100
f 2121 2131 2100
f 2101 2121 2109
f 2101 2108 2121
f 2111 2132 2112
f 2114 2133 2111
f 2133 2132 2111
f 2080 2113 2134
f 2080 2134 2103
f 2123 2135 2094
f 2135 2122 2094
f 2058 2095 2136
f 2058 2136 2116
f 2126 2137 2096
f 2137 2123 2096
f 2085 2097 2138
f 2085 2138 2124
f 2139 2105 2086
f 2139 2086 2117
f 2098 2105 2139
f 2125 2098 2139
f 2129 2128 2087
f 2089 2099 2140
f 2089 2140 2130
f 2131 2141 2107
f 2141 2118 2107
f 2108 2131 2121
f 2108 2120 2131
f 2083 2103 2142
f 2083 2142 2115
f 2104 2137 2126
f 2104 2124 2137
f 2143 2117 2072
f 2143 2072 2106
f 2112 2144 2110
f 2132 2145 2112
f 2112 2145 2144
f 2110 2146 2113
f 2110 2144 2146
f 2122 2147 2114
f 2147 2133 2114
f 2099 2119 2148
f 2099 2148 2140
f 2120 2141 2131
f 2120 2130 2141
f 2097 2116 2149
f 2097 2149 2138
f 2141 2150 2118
f 2150 2129 2118
f 2137 2151 2123
f 2151 2135 2123
f 2124 2151 2137
f 2124 2138 2151
f 2095 2115 2152
f 2095 2152 2136
f 2125 2139 2153
f 2127 2125 2153
f 2130 2150 2141
f 2130 2140 2150
f 2135 2154 2122
f 2154 2147 2122
f 2153 2139 2117
f 2153 2117 2143
f 2155 2106 2128
f 2155 2143 2106
f 2119 2127 2156
f 2119 2156 2148
f 2113 2146 2157
f 2113 2157 2134
f 2158 2128 2129
f 2150 2158 2129
f 2133 2159 2132
f 2132 2160 2145
f 2159 2160 2132
f 2147 2161 2133
f 2161 2159 2133
f 2103 2134 2162
f 2103 2162 2142
f 2151 2163 2135
f 2163 2154 2135
f 2116 2136 2164
f 2116 2164 2149
f 2138 2163 2151
f 2138 2149 2163
f 2158 2155 2128
f 2127 2153 2156
f 2140 2158 2150
f 2140 2148 2158
f 2145 2165 2144
f 2160 2166 2145
f 2145 2166 2165
f 2144 2167 2146
f 2144 2165 2167
f 2115 2142 2168
f 2115 2168 2152
f 2156 2153 2143
f 2156 2143 2155
f 2154 2169 2147
f 2169 2161 2147
f 2148 2155 2158
f 2148 2156 2155
f 2136 2170 2164
f 2136 2152 2170
f 2149 2171 2163
f 2163 2171 2154
f 2149 2164 2171
f 2146 2167 2172
f 2146 2172 2157
f 2171 2169 2154
f 2134 2157 2173
f 2134 2173 2162
f 2159 2174 2160
f 2160 2175 2166
f 2174 2175 2160
f 2161 2176 2159
f 2176 2174 2159
f 2142 2162 2177
f 2142 2177 2168
f 2166 2178 2165
f 2175 2179 2166
f 2166 2179 2178
f 2165 2180 2167
f 2165 2178 2180
f 2169 2181 2161
f 2181 2176 2161
f 2164 2182 2171
f 2164 2170 2182
f 2171 2182 2169
f 2152 2183 2170
f 2152 2168 2183
f 2182 2181 2169
f 2167 2180 2184
f 2167 2184 2172
f 2157 2172 2185
f 2157 2185 2173
f 2174 2186 2175
f 2175 2187 2179
f 2186 2187 2175
f 2176 2188 2174
f 2188 2186 2174
f 2162 2173 2189
f 2162 2189 2177
f 2170 2190 2182
f 2170 2183 2190
f 2182 2190 2181
f 2181 2191 2176
f 2191 2188 2176
f 2168 2177 2192
f 2168 2192 2183
f 2179 2193 2178
f 2178 2194 2180
f 2178 2193 2194
f 2187 2195 2179
f 2179 2195 2193
f 2190 2191 2181
f 2196 2197 2198
f 2197 2199 2198
f 2200 2197 2196
f 2197 2201 2199
f 2202 2201 2197
f 2200 2202 2197
f 2196 2198 2203
f 2203 2198 2204
f 2198 2199 2205
f 2198 2205 2204
f 2206 2196 2203
f 2207 2196 2206
f 2207 2200 2196
f 2206 2203 2208
f 2208 2203 2209
f 2203 2204 2209
f 2210 2206 2208
f 2211 2206 2210
f 2211 2207 2206
f 2210 2208 2212
f 2212 2208 2213
f 2208 2209 2213
f 2214 2210 2212
f 2215 2210 2214
f 2215 2211 2210
f 2214 2212 2216
f 2216 2212 2217
f 2212 2213 2217
f 2186 2218 2187
f 2187 2219 2195
f 2218 2219 2187
f 2180 2220 2184
f 2180 2194 2220
f 2188 2221 2186
f 2221 2218 2186
f 2172 2184 2222
f 2172 2222 2185
f 2191 2223 2188
f 2223 2221 2188
f 2173 2185 2224
f 2173 2224 2189
f 2177 2225 2192
f 2177 2189 2225
f 2183 2226 2190
f 2190 2226 2191
f 2183 2192 2226
f 2226 2223 2191
f 2227 2214 2216
f 2216 2217 2228
f 2227 2216 2229
f 2229 2216 2228
f 2230 2214 2227
f 2230 2215 2214
f 2201 2231 2199
f 2202 2232 2201
f 2201 2233 2231
f 2232 2233 2201
f 2199 2234 2205
f 2199 2231 2234
f 2213 2209 2235
f 2209 2204 2236
f 2209 2236 2235
f 2217 2213 2237
f 2213 2235 2237
f 2195 2238 2193
f 2193 2238 2239
f 2193 2239 2194
f 2204 2205 2240
f 2204 2240 2236
f 2241 2200 2207
f 2242 2202 2200
f 2241 2242 2200
f 2243 2207 2211
f 2243 2241 2207
f 2228 2217 2244
f 2217 2237 2244
f 2245 2227 2229
f 2246 2227 2245
f 2246 2230 2227
f 2229 2228 2247
f 2245 2229 2248
f 2248 2229 2247
f 2195 2249 2238
f 2219 2249 2195
f 2250 2232 2202
f 2242 2250 2202
f 2251 2211 2215
f 2251 2243 2211
f 2247 2228 2252
f 2228 2244 2252
f 2253 2245 2248
f 2254 2245 2253
f 2254 2246 2245
f 2253 2248 2255
f 2255 2248 2256
f 2248 2247 2256
f 2192 2257 2226
f 2226 2257 2223
f 2192 2225 2257
f 2205 2234 2258
f 2205 2258 2240
f 2259 2215 2230
f 2259 2251 2215
f 2249 2260 2238
f 2249 2261 2260
f 2262 2261 2249
f 2219 2262 2249
f 2238 2260 2263
f 2238 2263 2239
f 2184 2220 2264
f 2184 2264 2222
f 2233 2265 2231
f 2232 2266 2233
f 2266 2267 2233
f 2233 2267 2265
f 2231 2268 2234
f 2231 2265 2268
f 2269 2266 2232
f 2250 2269 2232
f 2270 2253 2255
f 2271 2253 2270
f 2271 2254 2253
f 2270 2255 2272
f 2272 2255 2273
f 2255 2256 2273
f 2194 2239 2274
f 2194 2274 2220
f 2218 2275 2219
f 2221 2276 2218
f 2276 2275 2218
f 2185 2222 2277
f 2185 2277 2224
f 2278 2230 2246
f 2278 2259 2230
f 2256 2247 2279
f 2247 2252 2279
f 2261 2270 2272
f 2280 2270 2261
f 2280 2271 2270
f 2261 2272 2260
f 2260 2272 2281
f 2272 2273 2281
f 2262 2280 2261
f 2260 2281 2263
f 2275 2262 2219
f 2223 2282 2221
f 2282 2276 2221
f 2257 2282 2223
f 2189 2283 2225
f 2189 2224 2283
f 2237 2235 2284
f 2235 2236 2285
f 2235 2285 2284
f 2244 2237 2286
f 2237 2284 2286
f 2273 2256 2287
f 2256 2279 2287
f 2288 2246 2254
f 2288 2278 2246
f 2239 2263 2289
f 2239 2289 2274
f 2266 2290 2267
f 2269 2291 2266
f 2291 2290 2266
f 2234 2268 2292
f 2234 2292 2258
f 2293 2250 2242
f 2294 2269 2250
f 2293 2294 2250
f 2236 2240 2295
f 2236 2295 2285
f 2296 2242 2241
f 2296 2293 2242
f 2297 2241 2243
f 2297 2296 2241
f 2252 2244 2298
f 2244 2286 2298
f 2281 2273 2299
f 2273 2287 2299
f 2300 2280 2262
f 2275 2300 2262
f 2301 2243 2251
f 2301 2297 2243
f 2302 2254 2271
f 2302 2288 2254
f 2263 2281 2303
f 2281 2299 2303
f 2263 2303 2289
f 2279 2252 2304
f 2252 2298 2304
f 2305 2271 2280
f 2305 2302 2271
f 2300 2305 2280
f 2225 2306 2257
f 2257 2306 2282
f 2225 2283 2306
f 2240 2258 2307
f 2240 2307 2295
f 2267 2308 2265
f 2290 2309 2267
f 2267 2309 2308
f 2265 2310 2268
f 2265 2308 2310
f 2311 2251 2259
f 2311 2301 2251
f 2312 2291 2269
f 2294 2312 2269
f 2287 2279 2313
f 2279 2304 2313
f 2276 2314 2275
f 2314 2300 2275
f 2220 2274 2315
f 2220 2315 2264
f 2222 2264 2316
f 2222 2316 2277
f 2224 2317 2283
f 2224 2277 2317
f 2318 2259 2278
f 2318 2311 2259
f 2282 2319 2276
f 2319 2314 2276
f 2306 2319 2282
f 2299 2287 2320
f 2287 2313 2320
f 2291 2321 2290
f 2290 2322 2309
f 2321 2322 2290
f 2268 2323 2292
f 2268 2310 2323
f 2312 2324 2291
f 2324 2321 2291
f 2258 2292 2325
f 2258 2325 2307
f 2284 2285 2326
f 2285 2295 2327
f 2285 2327 2326
f 2328 2293 2296
f 2329 2294 2293
f 2328 2329 2293
f 2286 2284 2330
f 2284 2326 2330
f 2298 2286 2331
f 2286 2330 2331
f 2332 2278 2288
f 2332 2318 2278
f 2303 2299 2333
f 2299 2320 2333
f 2334 2305 2300
f 2314 2334 2300
f 2274 2289 2335
f 2274 2335 2315
f 2336 2296 2297
f 2336 2328 2296
f 2304 2298 2337
f 2298 2331 2337
f 2338 2288 2302
f 2338 2332 2288
f 2289 2303 2339
f 2303 2333 2339
f 2289 2339 2335
f 2340 2312 2294
f 2329 2340 2294
f 2283 2341 2306
f 2283 2317 2341
f 2342 2297 2301
f 2342 2336 2297
f 2343 2302 2305
f 2343 2338 2302
f 2334 2343 2305
f 2306 2341 2319
f 2295 2307 2344
f 2295 2344 2327
f 2313 2304 2345
f 2304 2337 2345
f 2309 2346 2308
f 2322 2347 2309
f 2309 2347 2346
f 2308 2348 2310
f 2308 2346 2348
f 2349 2324 2312
f 2340 2349 2312
f 2350 2301 2311
f 2350 2342 2301
f 2320 2313 2351
f 2313 2345 2351
f 2264 2315 2352
f 2264 2352 2316
f 2277 2353 2317
f 2277 2316 2353
f 2319 2354 2314
f 2341 2354 2319
f 2292 2323 2355
f 2292 2355 2325
f 2356 2311 2318
f 2356 2350 2311
f 2354 2334 2314
f 2310 2357 2323
f 2310 2348 2357
f 2321 2358 2322
f 2324 2359 2321
f 2359 2358 2321
f 2331 2330 2360
f 2330 2326 2361
f 2330 2361 2360
f 2337 2331 2362
f 2331 2360 2362
f 2333 2320 2363
f 2320 2351 2363
f 2322 2364 2347
f 2358 2364 2322
f 2307 2325 2365
f 2307 2365 2344
f 2326 2327 2366
f 2326 2366 2361
f 2367 2329 2328
f 2368 2340 2329
f 2367 2368 2329
f 2369 2328 2336
f 2369 2367 2328
f 2370 2318 2332
f 2370 2356 2318
f 2315 2335 2371
f 2315 2371 2352
f 2349 2372 2324
f 2372 2359 2324
f 2373 2349 2340
f 2368 2373 2340
f 2345 2337 2374
f 2337 2362 2374
f 2375 2336 2342
f 2375 2369 2336
f 2339 2333 2376
f 2333 2363 2376
f 2377 2343 2334
f 2354 2377 2334
f 2317 2378 2341
f 2317 2353 2378
f 2379 2332 2338
f 2379 2370 2332
f 2335 2339 2380
f 2339 2376 2380
f 2335 2380 2371
f 2341 2378 2354
f 2327 2344 2381
f 2327 2381 2366
f 2351 2345 2382
f 2345 2374 2382
f 2383 2338 2343
f 2383 2379 2338
f 2377 2383 2343
f 2373 2384 2349
f 2384 2372 2349
f 2362 2360 2368
f 2360 2373 2368
f 2360 2361 2373
f 2385 2342 2350
f 2385 2375 2342
f 2362 2368 2367
f 2374 2362 2367
f 2361 2384 2373
f 2361 2366 2384
f 2374 2367 2369
f 2351 2382 2386
f 2363 2351 2386
f 2316 2352 2387
f 2316 2387 2353
f 2347 2388 2346
f 2364 2389 2347
f 2347 2389 2388
f 2346 2390 2348
f 2346 2388 2390
f 2382 2374 2369
f 2382 2369 2375
f 2391 2350 2356
f 2391 2385 2350
f 2378 2377 2354
f 2323 2392 2355
f 2323 2357 2392
f 2325 2393 2365
f 2325 2355 2393
f 2359 2394 2358
f 2358 2395 2364
f 2394 2395 2358
f 2372 2396 2359
f 2396 2394 2359
f 2344 2397 2381
f 2344 2365 2397
f 2366 2398 2384
f 2384 2398 2372
f 2366 2381 2398
f 2386 2382 2375
f 2386 2375 2385
f 2376 2363 2399
f 2363 2386 2399
f 2398 2396 2372
f 2400 2356 2370
f 2400 2391 2356
f 2352 2371 2401
f 2352 2401 2387
f 2380 2376 2402
f 2376 2399 2402
f 2378 2403 2377
f 2403 2383 2377
f 2364 2404 2389
f 2395 2404 2364
f 2348 2405 2357
f 2348 2390 2405
f 2399 2386 2385
f 2399 2385 2391
f 2406 2370 2379
f 2406 2400 2370
f 2371 2380 2407
f 2380 2402 2407
f 2371 2407 2401
f 2353 2403 2378
f 2353 2387 2403
f 2408 2379 2383
f 2408 2406 2379
f 2403 2408 2383
f 2381 2409 2398
f 2398 2409 2396
f 2381 2397 2409
f 2402 2399 2391
f 2402 2391 2400
f 2387 2408 2403
f 2387 2401 2408
f 2365 2410 2397
f 2365 2393 2410
f 2407 2402 2400
f 2407 2400 2406
f 2355 2411 2393
f 2355 2392 2411
f 2396 2412 2394
f 2409 2412 2396
f 2401 2407 2406
f 2401 2406 2408
f 2394 2413 2395
f 2412 2413 2394
f 2389 2414 2388
f 2404 2415 2389
f 2389 2415 2414
f 2388 2416 2390
f 2388 2414 2416
f 2357 2417 2392
f 2357 2405 2417
f 2395 2418 2404
f 2413 2418 2395
f 2397 2419 2409
f 2397 2410 2419
f 2409 2419 2412
f 2390 2420 2405
f 2390 2416 2420
f 2418 2421 2404
f 2404 2421 2415
f 2393 2422 2410
f 2393 2411 2422
f 2412 2423 2413
f 2419 2423 2412
f 2392 2424 2411
f 2392 2417 2424
f 2413 2425 2418
f 2423 2425 2413
f 2410 2426 2419
f 2419 2426 2423
f 2410 2422 2426
f 2405 2427 2417
f 2405 2420 2427
f 2418 2428 2421
f 2425 2428 2418
f 2415 2429 2414
f 2421 2430 2415
f 2415 2430 2429
f 2414 2431 2416
f 2414 2429 2431
f 2411 2432 2422
f 2411 2424 2432
f 2428 2433 2421
f 2421 2433 2430
f 2416 2434 2420
f 2416 2431 2434
f 2423 2435 2425
f 2426 2435 2423
f 2417 2436 2424
f 2417 2427 2436
f 2425 2437 2428
f 2435 2437 2425
f 2422 2438 2426
f 2426 2438 2435
f 2422 2432 2438
f 2420 2439 2427
f 2420 2434 2439
f 2428 2440 2433
f 2437 2440 2428
f 2430 2441 2429
f 2433 2442 2430
f 2430 2442 2441
f 2429 2443 2431
f 2429 2441 2443
f 2424 2444 2432
f 2424 2436 2444
f 2438 2445 2435
f 2435 2445 2437
f 2431 2446 2434
f 2431 2443 2446
f 2440 2447 2433
f 2433 2447 2442
f 2427 2448 2436
f 2427 2439 2448
f 2432 2449 2438
f 2438 2449 2445
f 2432 2444 2449
f 2437 2450 2440
f 2445 2450 2437
f 2434 2451 2439
f 2434 2446 2451
f 2440 2452 2447
f 2450 2452 2440
f 2442 2453 2441
f 2441 2454 2443
f 2441 2453 2454
f 2447 2455 2442
f 2442 2455 2453
f 2436 2456 2444
f 2436 2448 2456
f 2449 2457 2445
f 2445 2457 2450
f 2452 2458 2447
f 2447 2458 2455
f 2443 2459 2446
f 2443 2454 2459
f 2444 2460 2449
f 2449 2460 2457
f 2444 2456 2460
f 2439 2461 2448
f 2439 2451 2461
f 2450 2462 2452
f 2457 2462 2450
f 2446 2463 2451
f 2446 2459 2463
f 2452 2464 2458
f 2462 2464 2452
f 2455 2465 2453
f 2453 2466 2454
f 2453 2465 2466
f 2458 2467 2455
f 2455 2467 2465
f 2448 2468 2456
f 2448 2461 2468
f 2460 2469 2457
f 2457 2469 2462
f 2464 2470 2458
f 2458 2470 2467
f 2454 2471 2459
f 2454 2466 2471
f 2456 2472 2460
f 2460 2472 2469
f 2456 2468 2472
f 2451 2473 2461
f 2451 2463 2473
f 2462 2474 2464
f 2469 2474 2462
f 2459 2475 2463
f 2459 2471 2475
f 2464 2476 2470
f 2474 2476 2464
f 2467 2477 2465
f 2465 2478 2466
f 2465 2477 2478
f 2470 2479 2467
f 2467 2479 2477
f 2461 2480 2468
f 2461 2473 2480
f 2472 2481 2469
f 2469 2481 2474
f 2466 2482 2471
f 2466 2478 2482
f 2476 2483 2470
f 2470 2483 2479
f 2468 2484 2472
f 2468 2480 2484
f 2472 2484 2481
f 2463 2485 2473
f 2463 2475 2485
f 2474 2486 2476
f 2481 2486 2474
f 2471 2487 2475
f 2471 2482 2487
f 2476 2488 2483
f 2486 2488 2476
f 2479 2489 2477
f 2477 2490 2478
f 2477 2489 2490
f 2483 2491 2479
f 2479 2491 2489
f 2484 2492 2481
f 2481 2492 2486
f 2473 2493 2480
f 2473 2485 2493
f 2478 2494 2482
f 2478 2490 2494
f 2483 2495 2491
f 2488 2495 2483
f 2480 2496 2484
f 2480 2493 2496
f 2484 2496 2492
f 2475 2497 2485
f 2475 2487 2497
f 2486 2498 2488
f 2492 2498 2486
f 2491 2499 2489
f 2489 2500 2490
f 2489 2499 2500
f 2495 2501 2491
f 2491 2501 2499
f 2482 2502 2487
f 2482 2494 2502
f 2488 2503 2495
f 2498 2503 2488
f 2490 2504 2494
f 2490 2500 2504
f 2503 2505 2495
f 2495 2505 2501
f 2485 2506 2493
f 2485 2497 2506
f 2496 2507 2492
f 2492 2507 2498
f 2493 2508 2496
f 2493 2506 2508
f 2496 2508 2507
f 2487 2509 2497
f 2487 2502 2509
f 2498 2510 2503
f 2507 2510 2498
f 2494 2511 2502
f 2494 2504 2511
f 2510 2512 2503
f 2503 2512 2505
f 2497 2513 2506
f 2497 2509 2513
f 2507 2514 2510
f 2508 2514 2507
f 2501 2515 2499
f 2499 2516 2500
f 2499 2515 2516
f 2505 2517 2501
f 2501 2517 2515
f 2502 2518 2509
f 2502 2511 2518
f 2514 2519 2510
f 2510 2519 2512
f 2506 2520 2508
f 2506 2513 2520
f 2508 2520 2514
f 2500 2521 2504
f 2500 2516 2521
f 2512 2522 2505
f 2505 2522 2517
f 2509 2523 2513
f 2509 2518 2523
f 2520 2524 2514
f 2514 2524 2519
f 2504 2525 2511
f 2504 2521 2525
f 2519 2526 2512
f 2512 2526 2522
f 2513 2527 2520
f 2513 2523 2527
f 2520 2527 2524
f 2517 2528 2515
f 2515 2529 2516
f 2515 2528 2529
f 2522 2530 2517
f 2517 2530 2528
f 2511 2531 2518
f 2511 2525 2531
f 2524 2532 2519
f 2519 2532 2526
f 2516 2533 2521
f 2516 2529 2533
f 2526 2534 2522
f 2522 2534 2530
f 2518 2535 2523
f 2518 2531 2535
f 2527 2536 2524
f 2524 2536 2532
f 2521 2537 2525
f 2521 2533 2537
f 2532 2538 2526
f 2526 2538 2534
f 2523 2539 2527
f 2523 2535 2539
f 2527 2539 2536
f 2525 2540 2531
f 2525 2537 2540
f 2536 2541 2532
f 2532 2541 2538
f 2530 2542 2528
f 2528 2543 2529
f 2528 2542 2543
f 2534 2544 2530
f 2530 2544 2542
f 2529 2545 2533
f 2529 2543 2545
f 2538 2546 2534
f 2534 2546 2544
f 2531 2547 2535
f 2531 2540 2547
f 2539 2548 2536
f 2536 2548 2541
f 2535 2549 2539
f 2535 2547 2549
f 2539 2549 2548
f 2533 2550 2537
f 2533 2545 2550
f 2541 2551 2538
f 2538 2551 2546
f 2537 2552 2540
f 2537 2550 2552
f 2548 2553 2541
f 2541 2553 2551
f 2544 2554 2542
f 2546 2555 2544
f 2544 2555 2554
f 2542 2556 2543
f 2542 2554 2556
f 2543 2557 2545
f 2543 2556 2557
f 2551 2558 2546
f 2546 2558 2555
f 2540 2559 2547
f 2540 2552 2559
f 2549 2560 2548
f 2548 2560 2553
f 2547 2561 2549
f 2547 2559 2561
f 2549 2561 2560
f 2545 2562 2550
f 2545 2557 2562
f 2553 2563 2551
f 2551 2563 2558
f 2550 2564 2552
f 2550 2562 2564
f 2560 2565 2553
f 2553 2565 2563
f 2555 2566 2554
f 2558 2567 2555
f 2555 2567 2566
f 2554 2568 2556
f 2554 2566 2568
f 2552 2569 2559
f 2552 2564 2569
f 2561 2570 2560
f 2560 2570 2565
f 2556 2571 2557
f 2556 2568 2571
f 2563 2572 2558
f 2558 2572 2567
f 2559 2573 2561
f 2561 2573 2570
f 2559 2569 2573
f 2557 2574 2562
f 2557 2571 2574
f 2565 2575 2563
f 2563 2575 2572
f 2562 2576 2564
f 2562 2574 2576
f 2570 2577 2565
f 2565 2577 2575
f 2567 2578 2566
f 2566 2579 2568
f 2566 2578 2579
f 2572 2580 2567
f 2567 2580 2578
f 2564 2581 2569
f 2564 2576 2581
f 2573 2582 2570
f 2570 2582 2577
f 2568 2583 2571
f 2568 2579 2583
f 2575 2584 2572
f 2572 2584 2580
f 2569 2585 2573
f 2573 2585 2582
f 2569 2581 2585
f 2571 2586 2574
f 2571 2583 2586
f 2577 2587 2575
f 2575 2587 2584
f 2574 2588 2576
f 2574 2586 2588
f 2582 2589 2577
f 2577 2589 2587
f 2576 2590 2581
f 2576 2588 2590
f 2580 2591 2578
f 2578 2592 2579
f 2578 2591 2592
f 2585 2593 2582
f 2582 2593 2589
f 2584 2594 2580
f 2580 2594 2591
f 2581 2595 2585
f 2581 2590 2595
f 2579 2596 2583
f 2579 2592 2596
f 2585 2595 2593
f 2587 2597 2584
f 2584 2597 2594
f 2583 2598 2586
f 2583 2596 2598
f 2589 2599 2587
f 2587 2599 2597
f 2586 2600 2588
f 2586 2598 2600
f 2593 2601 2589
f 2589 2601 2599
f 2588 2602 2590
f 2588 2600 2602
f 2595 2603 2593
f 2593 2603 2601
f 2594 2604 2591
f 2591 2605 2592
f 2591 2604 2605
f 2597 2606 2594
f 2594 2606 2604
f 2590 2607 2595
f 2590 2602 2607
f 2595 2607 2603
f 2592 2608 2596
f 2592 2605 2608
f 2599 2609 2597
f 2597 2609 2606
f 2596 2610 2598
f 2596 2608 2610
f 2601 2611 2599
f 2599 2611 2609
f 2598 2612 2600
f 2598 2610 2612
f 2603 2613 2601
f 2601 2613 2611
f 2600 2614 2602
f 2600 2612 2614
f 2607 2615 2603
f 2603 2615 2613
f 2606 2616 2604
f 2604 2617 2605
f 2604 2616 2617
f 2602 2618 2607
f 2602 2614 2618
f 2609 2619 2606
f 2606 2619 2616
f 2607 2618 2615
f 2605 2620 2608
f 2605 2617 2620
f 2611 2621 2609
f 2609 2621 2619
f 2608 2622 2610
f 2608 2620 2622
f 2613 2623 2611
f 2611 2623 2621
f 2610 2624 2612
f 2610 2622 2624
f 2615 2625 2613
f 2613 2625 2623
f 2612 2626 2614
f 2612 2624 2626
f 2618 2627 2615
f 2615 2627 2625
f 2614 2628 2618
f 2614 2626 2628
f 2618 2628 2627
f 2619 2629 2616
f 2616 2630 2617
f 2616 2629 2630
f 2621 2631 2619
f 2619 2631 2629
f 2617 2632 2620
f 2617 2630 2632
f 2623 2633 2621
f 2621 2633 2631
f 2620 2634 2622
f 2620 2632 2634
f 2625 2635 2623
f 2623 2635 2633
f 2622 2636 2624
f 2622 2634 2636
f 2627 2637 2625
f 2625 2637 2635
f 2624 2638 2626
f 2624 2636 2638
f 2628 2639 2627
f 2627 2639 2637
f 2626 2640 2628
f 2626 2638 2640
f 2628 2640 2639
f 2631 2641 2629
f 2629 2642 2630
f 2629 2641 2642
f 2633 2643 2631
f 2631 2643 2641
f 2630 2644 2632
f 2630 2642 2644
f 2635 2645 2633
f 2633 2645 2643
f 2632 2646 2634
f 2632 2644 2646
f 2637 2647 2635
f 2635 2647 2645
f 2634 2648 2636
f 2634 2646 2648
f 2639 2649 2637
f 2637 2649 2647
f 2636 2650 2638
f 2636 2648 2650
f 2640 2651 2639
f 2639 2651 2649
f 2638 2652 2640
f 2638 2650 2652
f 2640 2652 2651
f 2643 2653 2641
f 2641 2654 2642
f 2641 2653 2654
f 2645 2655 2643
f 2643 2655 2653
f 2642 2656 2644
f 2642 2654 2656
f 2647 2657 2645
f 2645 2657 2655
f 2644 2658 2646
f 2644 2656 2658
f 2649 2659 2647
f 2647 2659 2657
f 2646 2660 2648
f 2646 2658 2660
f 2655 2661 2653
f 2653 2662 2654
f 2653 2661 2662
f 2657 2663 2655
f 2655 2663 2661
f 2651 2664 2649
f 2649 2664 2659
f 2654 2665 2656
f 2654 2662 2665
f 2659 2666 2657
f 2657 2666 2663
f 2648 2667 2650
f 2648 2660 2667
f 2652 2668 2651
f 2651 2668 2664
f 2656 2669 2658
f 2656 2665 2669
f 2664 2670 2659
f 2659 2670 2666
f 2650 2671 2652
f 2650 2667 2671
f 2652 2671 2668
f 2658 2672 2660
f 2658 2669 2672
f 2668 2673 2664
f 2664 2673 2670
f 2663 2674 2661
f 2661 2675 2662
f 2661 2674 2675
f 2666 2676 2663
f 2663 2676 2674
f 2670 2677 2666
f 2666 2677 2676
f 2662 2678 2665
f 2662 2675 2678
f 2660 2679 2667
f 2660 2672 2679
f 2671 2680 2668
f 2668 2680 2673
f 2667 2681 2671
f 2671 2681 2680
f 2667 2679 2681
f 2673 2682 2670
f 2670 2682 2677
f 2665 2683 2669
f 2665 2678 2683
f 2669 2684 2672
f 2669 2683 2684
f 2680 2685 2673
f 2673 2685 2682
f 2676 2686 2674
f 2677 2687 2676
f 2676 2687 2686
f 2674 2688 2675
f 2674 2686 2688
f 2682 2689 2677
f 2677 2689 2687
f 2675 2690 2678
f 2675 2688 2690
f 2681 2691 2680
f 2680 2691 2685
f 2672 2692 2679
f 2672 2684 2692
f 2679 2693 2681
f 2679 2692 2693
f 2681 2693 2691
f 2685 2694 2682
f 2682 2694 2689
f 2678 2695 2683
f 2678 2690 2695
f 2691 2696 2685
f 2685 2696 2694
f 2687 2697 2686
f 2689 2698 2687
f 2687 2698 2697
f 2683 2699 2684
f 2683 2695 2699
f 2686 2700 2688
f 2686 2697 2700
f 2694 2701 2689
f 2689 2701 2698
f 2688 2702 2690
f 2688 2700 2702
f 2693 2703 2691
f 2691 2703 2696
f 2684 2704 2692
f 2684 2699 2704
f 2696 2705 2694
f 2694 2705 2701
f 2692 2706 2693
f 2692 2704 2706
f 2693 2706 2703
f 2690 2707 2695
f 2690 2702 2707
f 2708 2709 2710
f 2711 2712 2709
f 2711 2709 2708
f 2713 2710 2714
f 2708 2710 2713
f 2703 2715 2696
f 2696 2715 2705
f 2698 2716 2697
f 2697 2717 2700
f 2697 2716 2717
f 2701 2718 2698
f 2698 2718 2716
f 2719 2720 2712
f 2719 2712 2711
f 2695 2721 2699
f 2695 2707 2721
f 2722 2714 2723
f 2713 2714 2722
f 2705 2724 2701
f 2701 2724 2718
f 2700 2725 2702
f 2700 2717 2725
f 2706 2726 2703
f 2703 2726 2715
f 2727 2728 2720
f 2727 2720 2719
f 2699 2729 2704
f 2699 2721 2729
f 2730 2723 2731
f 2722 2723 2730
f 2715 2732 2705
f 2705 2732 2724
f 2704 2733 2706
f 2706 2733 2726
f 2704 2729 2733
f 2702 2734 2707
f 2702 2725 2734
f 2735 2736 2728
f 2735 2728 2727
f 2718 2737 2716
f 2724 2738 2718
f 2718 2738 2737
f 2739 2731 2740
f 2730 2731 2739
f 2716 2741 2717
f 2716 2737 2741
f 2715 2742 2732
f 2726 2742 2715
f 2732 2743 2724
f 2724 2743 2738
f 2744 2708 2713
f 2745 2711 2708
f 2745 2708 2744
f 2746 2713 2722
f 2744 2713 2746
f 2707 2747 2721
f 2707 2734 2747
f 2748 2749 2736
f 2748 2736 2735
f 2717 2750 2725
f 2717 2741 2750
f 2751 2740 2752
f 2739 2740 2751
f 2753 2719 2711
f 2753 2711 2745
f 2754 2752 2749
f 2751 2752 2754
f 2754 2749 2748
f 2755 2722 2730
f 2746 2722 2755
f 2732 2756 2743
f 2742 2756 2732
f 2733 2757 2726
f 2726 2757 2742
f 2721 2758 2729
f 2721 2747 2758
f 2738 2759 2737
f 2743 2760 2738
f 2738 2760 2759
f 2761 2727 2719
f 2761 2719 2753
f 2737 2762 2741
f 2737 2759 2762
f 2725 2763 2734
f 2725 2750 2763
f 2729 2764 2733
f 2733 2764 2757
f 2729 2758 2764
f 2755 2730 2765
f 2765 2730 2739
f 2743 2766 2760
f 2756 2766 2743
f 2767 2744 2746
f 2768 2745 2744
f 2768 2744 2767
f 2767 2746 2769
f 2769 2746 2755
f 2741 2762 2770
f 2741 2770 2750
f 2742 2771 2756
f 2757 2771 2742
f 2772 2745 2768
f 2772 2753 2745
f 2760 2769 2759
f 2760 2767 2769
f 2766 2767 2760
f 2773 2735 2727
f 2773 2727 2761
f 2759 2769 2774
f 2759 2774 2762
f 2734 2775 2747
f 2734 2763 2775
f 2766 2768 2767
f 2769 2755 2774
f 2774 2755 2765
f 2756 2776 2766
f 2771 2776 2756
f 2776 2768 2766
f 2765 2739 2777
f 2777 2739 2751
f 2776 2772 2768
f 2762 2774 2778
f 2762 2778 2770
f 2750 2770 2779
f 2750 2779 2763
f 2757 2780 2771
f 2764 2780 2757
f 2781 2753 2772
f 2781 2761 2753
f 2774 2765 2778
f 2782 2748 2735
f 2782 2735 2773
f 2747 2783 2758
f 2747 2775 2783
f 2778 2765 2777
f 2771 2784 2776
f 2784 2772 2776
f 2785 2751 2754
f 2777 2751 2785
f 2780 2784 2771
f 2758 2786 2764
f 2764 2786 2780
f 2784 2781 2772
f 2758 2783 2786
f 2787 2754 2748
f 2787 2748 2782
f 2785 2754 2787
f 2770 2778 2788
f 2770 2788 2779
f 2763 2789 2775
f 2763 2779 2789
f 2790 2761 2781
f 2790 2773 2761
f 2778 2777 2788
f 2788 2777 2785
f 2780 2791 2784
f 2791 2781 2784
f 2786 2791 2780
f 2791 2790 2781
f 2775 2792 2783
f 2775 2789 2792
f 2793 2782 2773
f 2793 2773 2790
f 2779 2788 2794
f 2779 2794 2789
f 2788 2785 2794
f 2783 2795 2786
f 2786 2795 2791
f 2794 2785 2787
f 2783 2792 2795
f 2795 2790 2791
f 2796 2787 2782
f 2796 2782 2793
f 2794 2787 2796
f 2795 2793 2790
f 2789 2794 2796
f 2789 2796 2792
f 2792 2793 2795
f 2792 2796 2793
f 2797 2798 2799
f 2800 2797 2799
f 2801 2802 2797
f 2803 2801 2797
f 2797 2802 2798
f 2803 2797 2800
f 2799 2798 2804
f 2799 2804 2805
f 2806 2799 2805
f 2800 2799 2806
f 2801 2807 2802
f 2808 2807 2801
f 2809 2808 2801
f 2809 2801 2803
f 2802 2810 2798
f 2807 2811 2802
f 2802 2811 2810
f 2798 2812 2804
f 2798 2810 2812
f 2808 2813 2807
f 2813 2814 2807
f 2807 2814 2811
f 2805 2804 2815
f 2805 2815 2816
f 2817 2805 2816
f 2806 2805 2817
f 2818 2813 2808
f 2819 2818 2808
f 2819 2808 2809
f 2804 2820 2815
f 2804 2812 2820
f 2818 2821 2813
f 2821 2822 2813
f 2813 2822 2814
f 2816 2815 2823
f 2816 2823 2824
f 2825 2816 2824
f 2817 2816 2825
f 2826 2821 2818
f 2827 2826 2818
f 2827 2818 2819
f 2815 2828 2823
f 2815 2820 2828
f 2826 2829 2821
f 2829 2830 2821
f 2821 2830 2822
f 2831 2803 2800
f 2832 2800 2806
f 2831 2800 2832
f 2824 2823 2833
f 2824 2833 2834
f 2835 2824 2834
f 2825 2824 2835
f 2836 2829 2826
f 2837 2836 2826
f 2837 2826 2827
f 2838 2809 2803
f 2838 2803 2831
f 2839 2806 2817
f 2832 2806 2839
f 2823 2840 2833
f 2823 2828 2840
f 2836 2841 2829
f 2841 2842 2829
f 2829 2842 2830
f 2843 2819 2809
f 2843 2809 2838
f 2834 2844 2845
f 2846 2834 2845
f 2834 2833 2844
f 2835 2834 2846
f 2847 2817 2825
f 2839 2817 2847
f 2845 2841 2836
f 2848 2845 2836
f 2848 2836 2837
f 2845 2844 2841
f 2844 2849 2841
f 2841 2849 2842
f 2846 2845 2848
f 2833 2850 2844
f 2833 2840 2850
f 2851 2827 2819
f 2851 2819 2843
f 2814 2852 2811
f 2822 2853 2814
f 2814 2853 2852
f 2811 2854 2810
f 2811 2852 2854
f 2844 2850 2849
f 2810 2855 2812
f 2810 2854 2855
f 2856 2825 2835
f 2847 2825 2856
f 2830 2857 2822
f 2822 2857 2853
f 2812 2858 2820
f 2812 2855 2858
f 2859 2837 2827
f 2859 2827 2851
f 2860 2835 2846
f 2856 2835 2860
f 2861 2848 2837
f 2861 2837 2859
f 2862 2846 2848
f 2860 2846 2862
f 2842 2863 2830
f 2830 2863 2857
f 2862 2848 2861
f 2820 2864 2828
f 2820 2858 2864
f 2849 2865 2842
f 2842 2865 2863
f 2828 2866 2840
f 2828 2864 2866
f 2850 2867 2849
f 2849 2867 2865
f 2840 2868 2850
f 2840 2866 2868
f 2850 2868 2867
f 2869 2831 2832
f 2870 2838 2831
f 2870 2831 2869
f 2871 2832 2839
f 2869 2832 2871
f 2872 2839 2847
f 2871 2839 2872
f 2873 2843 2838
f 2873 2838 2870
f 2874 2847 2856
f 2872 2847 2874
f 2875 2851 2843
f 2875 2843 2873
f 2876 2856 2860
f 2874 2856 2876
f 2877 2859 2851
f 2877 2851 2875
f 2878 2860 2862
f 2876 2860 2878
f 2879 2861 2859
f 2879 2859 2877
f 2880 2862 2861
f 2878 2862 2880
f 2880 2861 2879
f 2881 2870 2869
f 2882 2873 2870
f 2882 2870 2881
f 2883 2869 2871
f 2881 2869 2883
f 2884 2871 2872
f 2883 2871 2884
f 2885 2872 2874
f 2884 2872 2885
f 2886 2874 2876
f 2885 2874 2886
f 2887 2875 2873
f 2887 2873 2882
f 2888 2877 2875
f 2888 2875 2887
f 2889 2876 2878
f 2890 2878 2880
f 2889 2878 2890
f 2886 2876 2889
f 2891 2879 2877
f 2891 2877 2888
f 2892 2880 2879
f 2892 2879 2891
f 2890 2880 2892
f 2893 2883 2884
f 2894 2884 2885
f 2893 2884 2894
f 2895 2881 2883
f 2895 2883 2893
f 2896 2885 2886
f 2894 2885 2896
f 2897 2882 2881
f 2897 2881 2895
f 2898 2886 2889
f 2896 2886 2898
f 2899 2887 2882
f 2899 2882 2897
f 2900 2889 2890
f 2898 2889 2900
f 2901 2888 2887
f 2901 2887 2899
f 2902 2890 2892
f 2900 2890 2902
f 2903 2891 2888
f 2903 2888 2901
f 2904 2892 2891
f 2902 2892 2904
f 2904 2891 2903
f 2905 2893 2894
f 2906 2895 2893
f 2906 2893 2905
f 2907 2894 2896
f 2905 2894 2907
f 2908 2896 2898
f 2907 2896 2908
f 2909 2897 2895
f 2909 2895 2906
f 2910 2898 2900
f 2908 2898 2910
f 2911 2899 2897
f 2911 2897 2909
f 2912 2900 2902
f 2910 2900 2912
f 2913 2901 2899
f 2913 2899 2911
f 2914 2902 2904
f 2912 2902 2914
f 2915 2903 2901
f 2915 2901 2913
f 2916 2904 2903
f 2914 2904 2916
f 2916 2903 2915
f 2917 2905 2907
f 2918 2906 2905
f 2918 2905 2917
f 2919 2907 2908
f 2917 2907 2919
f 2920 2908 2910
f 2919 2908 2920
f 2921 2909 2906
f 2921 2906 2918
f 2922 2910 2912
f 2920 2910 2922
f 2923 2911 2909
f 2923 2909 2921
f 2924 2912 2914
f 2922 2912 2924
f 2925 2913 2911
f 2925 2911 2923
f 2926 2914 2916
f 2924 2914 2926
f 2927 2915 2913
f 2927 2913 2925
f 2928 2916 2915
f 2926 2916 2928
f 2928 2915 2927
f 2929 2917 2919
f 2930 2919 2920
f 2929 2919 2930
f 2931 2918 2917
f 2931 2917 2929
f 2932 2920 2922
f 2930 2920 2932
f 2933 2921 2918
f 2933 2918 2931
f 2934 2922 2924
f 2932 2922 2934
f 2935 2923 2921
f 2935 2921 2933
f 2936 2924 2926
f 2934 2924 2936
f 2937 2925 2923
f 2937 2923 2935
f 2938 2926 2928
f 2936 2926 2938
f 2939 2927 2925
f 2939 2925 2937
f 2940 2928 2927
f 2938 2928 2940
f 2940 2927 2939
f 2941 2929 2930
f 2942 2930 2932
f 2941 2930 2942
f 2943 2931 2929
f 2943 2929 2941
f 2944 2932 2934
f 2942 2932 2944
f 2945 2933 2931
f 2945 2931 2943
f 2946 2934 2936
f 2944 2934 2946
f 2947 2935 2933
f 2947 2933 2945
f 2948 2936 2938
f 2946 2936 2948
f 2949 2937 2935
f 2949 2935 2947
f 2950 2938 2940
f 2948 2938 2950
f 2951 2939 2937
f 2951 2937 2949
f 2952 2940 2939
f 2950 2940 2952
f 2952 2939 2951
