# 
# Wavefront OBJ file
# Created with Kaydara FBX
# 
mtllib c:\users\tjvan\onedrive\documenten\fontys\minor\nx\.mtlmodels\posterior_cutaneous_nerve_of_the_thigh.r.obj

g Posterior_cutaneous_nerve_of_the_thigh_r
v -0.131332 0.591470 -0.036285
v -0.131961 0.590161 -0.035051
v -0.131974 0.590174 -0.035039
v -0.131280 0.591468 -0.036258
v -0.131946 0.590166 -0.035037
v -0.131310 0.591446 -0.036295
v -0.131323 0.591455 -0.036294
v -0.131297 0.591446 -0.036288
v -0.131286 0.591454 -0.036274
v -0.131334 0.591486 -0.036270
v -0.131971 0.590180 -0.035030
v -0.131282 0.591485 -0.036243
v -0.131947 0.590173 -0.035028
v -0.131328 0.591500 -0.036253
v -0.131958 0.590182 -0.035022
v -0.131291 0.591499 -0.036233
v -0.131318 0.591508 -0.036240
v -0.131304 0.591508 -0.036232
v -0.130336 0.592891 -0.037981
v -0.130316 0.592892 -0.037969
v -0.130355 0.592905 -0.037982
v -0.130301 0.592905 -0.037949
v -0.130294 0.592929 -0.037926
v -0.130368 0.592928 -0.037971
v -0.130298 0.592955 -0.037906
v -0.130372 0.592955 -0.037951
v -0.130311 0.592978 -0.037895
v -0.130366 0.592978 -0.037928
v -0.130350 0.592992 -0.037907
v -0.130330 0.592992 -0.037895
v -0.129139 0.594493 -0.040015
v -0.129121 0.594461 -0.040026
v -0.129146 0.594530 -0.039991
v -0.129139 0.594563 -0.039962
v -0.129095 0.594444 -0.040023
v -0.129120 0.594584 -0.039935
v -0.129069 0.594446 -0.040006
v -0.129094 0.594585 -0.039918
v -0.129050 0.594466 -0.039979
v -0.129043 0.594499 -0.039950
v -0.129050 0.594536 -0.039927
v -0.129068 0.594568 -0.039915
v -0.127701 0.596115 -0.042326
v -0.127676 0.596075 -0.042338
v -0.127711 0.596163 -0.042300
v -0.127705 0.596207 -0.042265
v -0.127644 0.596054 -0.042331
v -0.127683 0.596234 -0.042233
v -0.127612 0.596058 -0.042308
v -0.127652 0.596238 -0.042210
v -0.127591 0.596086 -0.042275
v -0.127619 0.596218 -0.042203
v -0.127584 0.596130 -0.042241
v -0.127595 0.596178 -0.042215
v -0.126110 0.597744 -0.044814
v -0.126078 0.597697 -0.044824
v -0.126125 0.597803 -0.044786
v -0.126120 0.597858 -0.044748
v -0.126039 0.597673 -0.044814
v -0.126096 0.597894 -0.044709
v -0.126003 0.597681 -0.044785
v -0.126060 0.597901 -0.044681
v -0.125979 0.597717 -0.044747
v -0.126021 0.597878 -0.044670
v -0.125974 0.597772 -0.044708
v -0.125990 0.597831 -0.044680
v -0.124443 0.599402 -0.047360
v -0.124422 0.599332 -0.047388
v -0.124441 0.599468 -0.047318
v -0.124383 0.599277 -0.047396
v -0.124416 0.599513 -0.047274
v -0.124338 0.599252 -0.047380
v -0.124375 0.599524 -0.047240
v -0.124297 0.599263 -0.047346
v -0.124330 0.599499 -0.047225
v -0.124272 0.599308 -0.047302
v -0.124291 0.599444 -0.047232
v -0.124270 0.599374 -0.047261
v -0.122722 0.600909 -0.049930
v -0.122695 0.600828 -0.049958
v -0.122724 0.600987 -0.049886
v -0.122649 0.600766 -0.049961
v -0.122699 0.601041 -0.049838
v -0.122596 0.600740 -0.049940
v -0.122654 0.601058 -0.049798
v -0.122551 0.600757 -0.049900
v -0.122602 0.601032 -0.049777
v -0.122526 0.600811 -0.049852
v -0.122555 0.600970 -0.049781
v -0.122528 0.600889 -0.049808
v -0.121019 0.602274 -0.052406
v -0.120984 0.602183 -0.052431
v -0.121025 0.602365 -0.052362
v -0.120930 0.602115 -0.052430
v -0.121000 0.602430 -0.052310
v -0.120872 0.602089 -0.052402
v -0.120952 0.602452 -0.052264
v -0.120824 0.602111 -0.052356
v -0.120894 0.602425 -0.052237
v -0.120799 0.602176 -0.052304
v -0.120840 0.602358 -0.052235
v -0.120805 0.602266 -0.052260
v -0.119389 0.603450 -0.054698
v -0.119347 0.603348 -0.054718
v -0.119400 0.603553 -0.054655
v -0.119377 0.603629 -0.054600
v -0.119286 0.603274 -0.054709
v -0.119326 0.603657 -0.054549
v -0.119221 0.603248 -0.054675
v -0.119261 0.603631 -0.054514
v -0.119171 0.603277 -0.054623
v -0.119200 0.603558 -0.054506
v -0.119148 0.603353 -0.054568
v -0.119158 0.603456 -0.054525
v -0.117889 0.604385 -0.056714
v -0.117841 0.604272 -0.056726
v -0.117904 0.604501 -0.056676
v -0.117882 0.604589 -0.056620
v -0.117773 0.604193 -0.056708
v -0.117830 0.604625 -0.056563
v -0.117704 0.604168 -0.056665
v -0.117760 0.604600 -0.056520
v -0.117651 0.604204 -0.056608
v -0.117692 0.604521 -0.056502
v -0.117630 0.604292 -0.056553
v -0.117645 0.604408 -0.056514
v -0.116574 0.605032 -0.058367
v -0.116595 0.605160 -0.058332
v -0.116519 0.604909 -0.058370
v -0.116577 0.605259 -0.058275
v -0.116445 0.604825 -0.058342
v -0.116524 0.605303 -0.058212
v -0.116371 0.604802 -0.058289
v -0.116451 0.605280 -0.058159
v -0.116319 0.604846 -0.058225
v -0.116377 0.605196 -0.058130
v -0.116301 0.604945 -0.058169
v -0.116322 0.605073 -0.058134
v -0.114242 0.606136 -0.060944
v -0.114269 0.606267 -0.060902
v -0.114182 0.606010 -0.060950
v -0.114255 0.606368 -0.060838
v -0.114105 0.605922 -0.060920
v -0.114205 0.606411 -0.060767
v -0.114031 0.605897 -0.060862
v -0.114131 0.606386 -0.060708
v -0.113981 0.605940 -0.060791
v -0.114054 0.606298 -0.060678
v -0.113967 0.606041 -0.060726
v -0.113994 0.606172 -0.060685
v -0.111896 0.607652 -0.063198
v -0.111860 0.607521 -0.063249
v -0.111890 0.607753 -0.063123
v -0.111791 0.607393 -0.063262
v -0.111844 0.607794 -0.063043
v -0.111709 0.607303 -0.063233
v -0.111769 0.607766 -0.062980
v -0.111635 0.607275 -0.063170
v -0.111588 0.607317 -0.063090
v -0.111687 0.607676 -0.062952
v -0.111583 0.607417 -0.063015
v -0.111619 0.607548 -0.062964
v -0.109513 0.609254 -0.065236
v -0.109468 0.609123 -0.065295
v -0.109515 0.609353 -0.065151
v -0.109391 0.608994 -0.065313
v -0.109472 0.609393 -0.065063
v -0.109304 0.608902 -0.065285
v -0.109397 0.609362 -0.064996
v -0.109228 0.608872 -0.065218
v -0.109309 0.609270 -0.064968
v -0.109186 0.608911 -0.065130
v -0.109232 0.609141 -0.064986
v -0.109187 0.609010 -0.065045
v -0.107158 0.611011 -0.067027
v -0.107105 0.610880 -0.067094
v -0.107167 0.611108 -0.066934
v -0.107020 0.610749 -0.067116
v -0.107128 0.611146 -0.066839
v -0.106927 0.610655 -0.067088
v -0.107051 0.611113 -0.066768
v -0.106851 0.610623 -0.067018
v -0.106959 0.611019 -0.066741
v -0.106812 0.610660 -0.066923
v -0.106874 0.610889 -0.066763
v -0.106821 0.610757 -0.066830
v -0.104870 0.612860 -0.068586
v -0.104809 0.612729 -0.068659
v -0.104885 0.612956 -0.068485
v -0.104717 0.612597 -0.068685
v -0.104849 0.612991 -0.068384
v -0.104772 0.612955 -0.068309
v -0.104619 0.612501 -0.068657
v -0.104674 0.612859 -0.068281
v -0.104542 0.612466 -0.068583
v -0.104582 0.612728 -0.068308
v -0.104506 0.612501 -0.068482
v -0.104520 0.612597 -0.068381
v -0.102688 0.614738 -0.069924
v -0.102619 0.614607 -0.070003
v -0.102709 0.614833 -0.069816
v -0.102675 0.614866 -0.069709
v -0.102520 0.614475 -0.070033
v -0.102597 0.614828 -0.069631
v -0.102417 0.614376 -0.070005
v -0.102494 0.614730 -0.069603
v -0.102339 0.614339 -0.069927
v -0.102395 0.614597 -0.069633
v -0.102305 0.614372 -0.069820
v -0.102326 0.614466 -0.069712
v -0.100649 0.616585 -0.071054
v -0.100675 0.616678 -0.070941
v -0.100573 0.616453 -0.071139
v -0.100645 0.616709 -0.070828
v -0.100467 0.616320 -0.071171
v -0.100565 0.616669 -0.070747
v -0.100360 0.616219 -0.071143
v -0.100458 0.616568 -0.070719
v -0.100280 0.616179 -0.071062
v -0.100352 0.616434 -0.070751
v -0.100249 0.616210 -0.070949
v -0.100275 0.616303 -0.070836
v -0.098793 0.618336 -0.071991
v -0.098824 0.618429 -0.071871
v -0.098710 0.618205 -0.072080
v -0.098795 0.618458 -0.071753
v -0.098598 0.618069 -0.072115
v -0.098714 0.618415 -0.071669
v -0.098486 0.617966 -0.072086
v -0.098602 0.618313 -0.071640
v -0.098405 0.617924 -0.072002
v -0.098490 0.618177 -0.071675
v -0.098376 0.617953 -0.071884
v -0.098407 0.618045 -0.071764
v -0.097158 0.619931 -0.072745
v -0.097193 0.620023 -0.072620
v -0.097069 0.619799 -0.072839
v -0.097166 0.620051 -0.072497
v -0.096951 0.619661 -0.072876
v -0.097084 0.620006 -0.072410
v -0.096835 0.619556 -0.072847
v -0.096968 0.619900 -0.072381
v -0.096752 0.619511 -0.072759
v -0.096849 0.619763 -0.072418
v -0.096725 0.619538 -0.072636
v -0.096761 0.619631 -0.072511
v -0.095782 0.621307 -0.073330
v -0.095688 0.621173 -0.073428
v -0.095821 0.621399 -0.073201
v -0.095796 0.621425 -0.073073
v -0.095564 0.621033 -0.073467
v -0.095711 0.621378 -0.072983
v -0.095591 0.621270 -0.072953
v -0.095444 0.620925 -0.073437
v -0.095468 0.621130 -0.072992
v -0.095360 0.620878 -0.073347
v -0.095334 0.620904 -0.073219
v -0.095374 0.620996 -0.073089
v -0.094746 0.622496 -0.073626
v -0.094704 0.622402 -0.073760
v -0.094721 0.622521 -0.073494
v -0.094606 0.622265 -0.073861
v -0.094635 0.622471 -0.073400
v -0.094478 0.622122 -0.073901
v -0.094511 0.622360 -0.073370
v -0.094354 0.622011 -0.073871
v -0.094383 0.622217 -0.073410
v -0.094268 0.621961 -0.073777
v -0.094243 0.621986 -0.073645
v -0.094285 0.622080 -0.073511
v -0.094015 0.623239 -0.073904
v -0.093967 0.623148 -0.074044
v -0.093992 0.623263 -0.073768
v -0.093860 0.623013 -0.074150
v -0.093903 0.623212 -0.073672
v -0.093724 0.622872 -0.074194
v -0.093773 0.623101 -0.073641
v -0.093593 0.622760 -0.074164
v -0.093636 0.622960 -0.073685
v -0.093504 0.622710 -0.074067
v -0.093529 0.622825 -0.073791
v -0.093481 0.622734 -0.073931
v -0.091484 0.626170 -0.074760
v -0.091424 0.626093 -0.074903
v -0.091466 0.626187 -0.074621
v -0.091302 0.625976 -0.075014
v -0.091374 0.626140 -0.074526
v -0.091151 0.625852 -0.075063
v -0.091234 0.626040 -0.074499
v -0.091010 0.625753 -0.075036
v -0.091083 0.625916 -0.074547
v -0.090919 0.625705 -0.074940
v -0.090961 0.625799 -0.074658
v -0.090901 0.625722 -0.074802
v -0.089189 0.629694 -0.075328
v -0.089117 0.629634 -0.075475
v -0.089176 0.629703 -0.075189
v -0.088980 0.629541 -0.075590
v -0.089082 0.629659 -0.075094
v -0.088814 0.629438 -0.075642
v -0.088932 0.629575 -0.075069
v -0.088664 0.629353 -0.075617
v -0.088767 0.629472 -0.075121
v -0.088570 0.629309 -0.075523
v -0.088629 0.629378 -0.075236
v -0.088558 0.629319 -0.075383
v -0.087093 0.633721 -0.075647
v -0.087014 0.633676 -0.075795
v -0.087084 0.633724 -0.075507
v -0.086868 0.633600 -0.075912
v -0.086989 0.633683 -0.075413
v -0.086693 0.633514 -0.075965
v -0.086833 0.633610 -0.075389
v -0.086537 0.633441 -0.075941
v -0.086658 0.633524 -0.075442
v -0.086441 0.633400 -0.075847
v -0.086511 0.633448 -0.075559
v -0.086432 0.633403 -0.075707
v -0.085173 0.638147 -0.075750
v -0.085089 0.638113 -0.075898
v -0.085165 0.638144 -0.075610
v -0.084936 0.638050 -0.076015
v -0.085069 0.638106 -0.075515
v -0.084756 0.637977 -0.076069
v -0.084909 0.638041 -0.075492
v -0.084596 0.637913 -0.076045
v -0.084729 0.637968 -0.075545
v -0.084499 0.637874 -0.075951
v -0.084576 0.637906 -0.075662
v -0.084492 0.637872 -0.075811
v -0.083400 0.642866 -0.075670
v -0.083313 0.642839 -0.075818
v -0.083395 0.642859 -0.075530
v -0.083157 0.642787 -0.075935
v -0.083298 0.642822 -0.075435
v -0.082973 0.642723 -0.075988
v -0.083136 0.642763 -0.075412
v -0.082811 0.642665 -0.075965
v -0.082952 0.642699 -0.075466
v -0.082714 0.642628 -0.075870
v -0.082795 0.642647 -0.075582
v -0.082708 0.642621 -0.075730
v -0.081750 0.647771 -0.075443
v -0.081660 0.647751 -0.075591
v -0.081745 0.647762 -0.075303
v -0.081502 0.647706 -0.075707
v -0.081648 0.647725 -0.075208
v -0.081315 0.647649 -0.075760
v -0.081485 0.647671 -0.075184
v -0.081152 0.647594 -0.075736
v -0.081298 0.647613 -0.075238
v -0.081055 0.647558 -0.075642
v -0.081140 0.647569 -0.075354
v -0.081050 0.647548 -0.075502
v -0.080193 0.652759 -0.075102
v -0.080103 0.652743 -0.075250
v -0.080189 0.652748 -0.074963
v -0.079942 0.652703 -0.075366
v -0.080092 0.652711 -0.074868
v -0.079755 0.652649 -0.075419
v -0.079928 0.652659 -0.074844
v -0.079591 0.652597 -0.075395
v -0.079741 0.652605 -0.074897
v -0.079580 0.652565 -0.075013
v -0.079494 0.652560 -0.075301
v -0.079490 0.652549 -0.075161
v -0.078703 0.657725 -0.074685
v -0.078699 0.657711 -0.074545
v -0.078612 0.657711 -0.074832
v -0.078603 0.657674 -0.074450
v -0.078451 0.657673 -0.074948
v -0.078263 0.657621 -0.075001
v -0.078438 0.657622 -0.074426
v -0.078250 0.657570 -0.074479
v -0.078098 0.657569 -0.074977
v -0.078089 0.657532 -0.074595
v -0.078002 0.657532 -0.074882
v -0.077998 0.657518 -0.074743
v -0.077250 0.662563 -0.074224
v -0.077247 0.662548 -0.074084
v -0.077159 0.662549 -0.074371
v -0.077151 0.662509 -0.073990
v -0.076998 0.662511 -0.074487
v -0.076987 0.662457 -0.073966
v -0.076811 0.662459 -0.074540
v -0.076799 0.662404 -0.074019
v -0.076647 0.662406 -0.074516
v -0.076638 0.662366 -0.074135
v -0.076550 0.662368 -0.074422
v -0.076547 0.662353 -0.074282
v -0.075808 0.667170 -0.073756
v -0.075805 0.667155 -0.073616
v -0.075717 0.667155 -0.073903
v -0.075709 0.667114 -0.073522
v -0.075557 0.667115 -0.074019
v -0.075370 0.667059 -0.074073
v -0.075546 0.667058 -0.073499
v -0.075360 0.667002 -0.073552
v -0.075207 0.667003 -0.074049
v -0.075200 0.666962 -0.073668
v -0.075111 0.666962 -0.073955
v -0.075109 0.666947 -0.073816
v -0.074346 0.671443 -0.073315
v -0.074343 0.671428 -0.073175
v -0.074256 0.671425 -0.073463
v -0.074249 0.671383 -0.073081
v -0.074098 0.671378 -0.073579
v -0.074088 0.671322 -0.073059
v -0.073914 0.671316 -0.073633
v -0.073903 0.671259 -0.073113
v -0.073753 0.671254 -0.073610
v -0.073745 0.671213 -0.073229
v -0.073658 0.671210 -0.073517
v -0.073655 0.671195 -0.073377
v -0.072836 0.675277 -0.072936
v -0.072833 0.675263 -0.072797
v -0.072748 0.675253 -0.073085
v -0.072740 0.675214 -0.072704
v -0.072594 0.675198 -0.073202
v -0.072582 0.675144 -0.072681
v -0.072414 0.675125 -0.073258
v -0.072256 0.675055 -0.073235
v -0.072402 0.675071 -0.072737
v -0.072247 0.675016 -0.072854
v -0.072163 0.675006 -0.073142
v -0.072160 0.674992 -0.073002
v -0.043742 0.702146 -0.069487
v -0.043574 0.702120 -0.069630
v -0.043755 0.702120 -0.069408
v -0.042978 0.703861 -0.068865
v -0.043464 0.702075 -0.069655
v -0.043710 0.702075 -0.069351
v -0.042997 0.703841 -0.068785
v -0.043676 0.702146 -0.069569
v -0.042904 0.703858 -0.068940
v -0.043375 0.702024 -0.069637
v -0.043621 0.702023 -0.069333
v -0.042957 0.703803 -0.068722
v -0.042796 0.703833 -0.068989
v -0.043330 0.701979 -0.069581
v -0.043510 0.701979 -0.069358
v -0.042868 0.703757 -0.068691
v -0.042682 0.703791 -0.069000
v -0.043343 0.701953 -0.069501
v -0.043409 0.701953 -0.069420
v -0.042754 0.703715 -0.068702
v -0.042593 0.703745 -0.068969
v -0.042646 0.703690 -0.068751
v -0.042553 0.703707 -0.068905
v -0.042572 0.703687 -0.068825
v -0.042383 0.705553 -0.068335
v -0.042410 0.705538 -0.068257
v -0.042303 0.705549 -0.068402
v -0.042375 0.705506 -0.068187
v -0.042943 0.719941 -0.066253
v -0.042967 0.721056 -0.066058
v -0.042962 0.721066 -0.066121
v -0.042926 0.719952 -0.066321
v -0.042912 0.719934 -0.066172
v -0.042809 0.718971 -0.066391
v -0.042789 0.718968 -0.066297
v -0.042899 0.722294 -0.065872
v -0.042913 0.721072 -0.066161
v -0.042862 0.722299 -0.065914
v -0.042929 0.721045 -0.065991
v -0.042896 0.722284 -0.065816
v -0.042867 0.719961 -0.066357
v -0.042780 0.718983 -0.066462
v -0.042842 0.719931 -0.066099
v -0.042856 0.721035 -0.065936
v -0.042853 0.722270 -0.065763
v -0.042288 0.705466 -0.068144
v -0.042189 0.705525 -0.068438
v -0.042727 0.718976 -0.066205
v -0.042751 0.719933 -0.066054
v -0.042638 0.718992 -0.066139
v -0.042835 0.721073 -0.066169
v -0.042780 0.719968 -0.066352
v -0.042710 0.719001 -0.066490
v -0.042782 0.722258 -0.065725
v -0.042769 0.721030 -0.065909
v -0.042794 0.722298 -0.065931
v -0.042748 0.721068 -0.066142
v -0.042714 0.722290 -0.065920
v -0.042739 0.723592 -0.065537
v -0.042695 0.723578 -0.065497
v -0.042722 0.723608 -0.065625
v -0.042666 0.723606 -0.065650
v -0.042749 0.723603 -0.065584
v -0.042551 0.718194 -0.066354
v -0.042555 0.718195 -0.066459
v -0.042172 0.705430 -0.068140
v -0.042073 0.705489 -0.068434
v -0.042501 0.718210 -0.066244
v -0.042514 0.718212 -0.066530
v -0.042664 0.719940 -0.066048
v -0.042546 0.719012 -0.066118
v -0.042689 0.719971 -0.066306
v -0.042619 0.719021 -0.066469
v -0.042702 0.722250 -0.065714
v -0.042691 0.721031 -0.065917
v -0.042676 0.721059 -0.066087
v -0.042644 0.722277 -0.065882
v -0.042629 0.723565 -0.065474
v -0.042596 0.723597 -0.065651
v -0.042522 0.724958 -0.065268
v -0.042508 0.724947 -0.065230
v -0.042505 0.724964 -0.065306
v -0.041986 0.705449 -0.068392
v -0.042419 0.718238 -0.066159
v -0.042436 0.718241 -0.066549
v -0.042604 0.719950 -0.066084
v -0.042477 0.719031 -0.066147
v -0.042619 0.719968 -0.066233
v -0.042530 0.719037 -0.066404
v -0.042635 0.722248 -0.065731
v -0.042643 0.721038 -0.065957
v -0.042637 0.721048 -0.066020
v -0.042601 0.722264 -0.065829
v -0.042559 0.723556 -0.065475
v -0.042530 0.723584 -0.065628
v -0.042466 0.724933 -0.065201
v -0.042461 0.724962 -0.065334
v -0.042401 0.724954 -0.065344
v -0.042058 0.705406 -0.068177
v -0.042328 0.718271 -0.066120
v -0.042345 0.718274 -0.066511
v -0.042588 0.719960 -0.066152
v -0.042467 0.719045 -0.066312
v -0.042598 0.722253 -0.065773
v -0.042503 0.723554 -0.065499
v -0.042486 0.723570 -0.065587
v -0.042408 0.724921 -0.065191
v -0.041951 0.705417 -0.068322
v -0.042448 0.719043 -0.066218
v -0.042476 0.723559 -0.065540
v -0.042343 0.724941 -0.065333
v -0.041977 0.705401 -0.068243
v -0.042257 0.717475 -0.066338
v -0.042272 0.717472 -0.066442
v -0.042198 0.717495 -0.066234
v -0.042236 0.717486 -0.066518
v -0.042108 0.717526 -0.066158
v -0.042251 0.718300 -0.066139
v -0.042263 0.718302 -0.066425
v -0.042213 0.718318 -0.066316
v -0.042209 0.718317 -0.066211
v -0.042304 0.724911 -0.065229
v -0.042286 0.724916 -0.065267
v -0.042348 0.724912 -0.065201
v -0.042301 0.724928 -0.065305
v -0.042214 0.726314 -0.064903
v -0.042176 0.726301 -0.064885
v -0.042230 0.726324 -0.064932
v -0.042187 0.726330 -0.064994
v -0.042139 0.726323 -0.065009
v -0.042220 0.726330 -0.064965
v -0.041977 0.707196 -0.067814
v -0.041943 0.707209 -0.067890
v -0.042161 0.717513 -0.066545
v -0.042013 0.717560 -0.066129
v -0.042126 0.726290 -0.064884
v -0.042090 0.726312 -0.065008
v -0.041948 0.707170 -0.067739
v -0.041856 0.707204 -0.067948
v -0.042066 0.717547 -0.066517
v -0.042079 0.726283 -0.064900
v -0.042052 0.726300 -0.064991
v -0.041938 0.717587 -0.066157
v -0.041865 0.707138 -0.067685
v -0.041738 0.707184 -0.067971
v -0.042045 0.726283 -0.064928
v -0.042036 0.726289 -0.064962
v -0.041748 0.707107 -0.067667
v -0.041621 0.707154 -0.067953
v -0.041986 0.716608 -0.066347
v -0.042012 0.716605 -0.066449
v -0.041914 0.716623 -0.066250
v -0.041984 0.716617 -0.066528
v -0.041815 0.716647 -0.066184
v -0.041977 0.717578 -0.066440
v -0.041903 0.717601 -0.066232
v -0.041917 0.717598 -0.066336
v -0.041866 0.727657 -0.064565
v -0.041834 0.727646 -0.064556
v -0.041855 0.727674 -0.064639
v -0.041820 0.727669 -0.064658
v -0.041878 0.727673 -0.064613
v -0.041882 0.727667 -0.064586
v -0.041910 0.716638 -0.066563
v -0.041795 0.727637 -0.064561
v -0.041780 0.727660 -0.064663
v -0.041716 0.716673 -0.066166
v -0.041748 0.727649 -0.064654
v -0.041630 0.707087 -0.067690
v -0.041538 0.707121 -0.067899
v -0.041810 0.716664 -0.066545
v -0.041736 0.727633 -0.064606
v -0.041732 0.727639 -0.064633
v -0.041759 0.727633 -0.064580
v -0.041784 0.715591 -0.066485
v -0.041747 0.715591 -0.066387
v -0.041642 0.716695 -0.066201
v -0.041543 0.707083 -0.067747
v -0.041509 0.707095 -0.067824
v -0.041683 0.708803 -0.067450
v -0.041642 0.708814 -0.067524
v -0.041764 0.715600 -0.066567
v -0.041665 0.715601 -0.066298
v -0.041711 0.716688 -0.066479
v -0.041662 0.708783 -0.067371
v -0.041549 0.708811 -0.067571
v -0.041614 0.716706 -0.066280
v -0.041558 0.715618 -0.066243
v -0.041693 0.715617 -0.066610
v -0.041639 0.716704 -0.066382
v -0.041490 0.728956 -0.064259
v -0.041476 0.728957 -0.064281
v -0.041490 0.728950 -0.064239
v -0.041583 0.708757 -0.067308
v -0.041428 0.708795 -0.067580
v -0.041476 0.728942 -0.064225
v -0.041451 0.728954 -0.064299
v -0.041451 0.728933 -0.064223
v -0.041455 0.715638 -0.066236
v -0.041590 0.715637 -0.066603
v -0.041423 0.728948 -0.064307
v -0.041423 0.728927 -0.064231
v -0.041603 0.714442 -0.066559
v -0.041556 0.714438 -0.066466
v -0.041398 0.728939 -0.064304
v -0.041468 0.708733 -0.067276
v -0.041313 0.708772 -0.067548
v -0.041591 0.714451 -0.066643
v -0.041464 0.714443 -0.066386
v -0.041384 0.728931 -0.064291
v -0.041384 0.728926 -0.064271
v -0.041398 0.728924 -0.064249
v -0.041384 0.715655 -0.066279
v -0.041483 0.715654 -0.066548
v -0.041513 0.710346 -0.067159
v -0.041465 0.710355 -0.067227
v -0.041525 0.714465 -0.066693
v -0.041347 0.708718 -0.067285
v -0.041234 0.708746 -0.067484
v -0.041499 0.710330 -0.067077
v -0.041367 0.710355 -0.067264
v -0.041351 0.714453 -0.066343
v -0.041401 0.715664 -0.066459
v -0.041364 0.715664 -0.066361
v -0.041485 0.713173 -0.066678
v -0.041429 0.713165 -0.066590
v -0.041427 0.710311 -0.067004
v -0.041482 0.713183 -0.066762
v -0.041421 0.714478 -0.066697
v -0.041254 0.708715 -0.067332
v -0.041213 0.708725 -0.067405
v -0.041315 0.710294 -0.066959
v -0.041245 0.710345 -0.067260
v -0.041451 0.711811 -0.066932
v -0.041446 0.711798 -0.066848
v -0.041396 0.711820 -0.066995
v -0.041294 0.711824 -0.067021
v -0.041381 0.711785 -0.066767
v -0.041421 0.713194 -0.066819
v -0.041329 0.713163 -0.066521
v -0.041211 0.713166 -0.066490
v -0.041247 0.714467 -0.066347
v -0.041181 0.714480 -0.066397
v -0.041308 0.714489 -0.066654
v -0.041043 0.730144 -0.063942
v -0.041025 0.730140 -0.063951
v -0.041058 0.730145 -0.063928
v -0.041065 0.730143 -0.063912
v -0.041063 0.730138 -0.063899
v -0.041053 0.730132 -0.063892
v -0.041036 0.730127 -0.063893
v -0.041133 0.710329 -0.067215
v -0.041274 0.711775 -0.066710
v -0.041318 0.713203 -0.066834
v -0.041018 0.730122 -0.063902
v -0.041009 0.730134 -0.063952
v -0.041216 0.714493 -0.066574
v -0.041004 0.730121 -0.063916
v -0.040998 0.730128 -0.063945
v -0.041194 0.710284 -0.066954
v -0.041174 0.711820 -0.067003
v -0.041108 0.713175 -0.066505
v -0.041169 0.714490 -0.066480
v -0.040996 0.730123 -0.063931
v -0.041061 0.710310 -0.067142
v -0.041200 0.713206 -0.066803
v -0.041153 0.711772 -0.066692
v -0.041096 0.710284 -0.066991
v -0.041047 0.710294 -0.067060
v -0.041067 0.711811 -0.066946
v -0.041100 0.713204 -0.066734
v -0.041052 0.711776 -0.066718
v -0.041046 0.713185 -0.066562
v -0.041043 0.713196 -0.066646
v -0.041002 0.711798 -0.066865
v -0.040997 0.711785 -0.066781
v -0.040606 0.731201 -0.063598
v -0.040587 0.731193 -0.063600
v -0.040609 0.731196 -0.063579
v -0.040591 0.731189 -0.063581
v -0.059017 0.618587 -0.076620
v -0.059058 0.618590 -0.076898
v -0.059079 0.618549 -0.076753
v -0.057520 0.617104 -0.076954
v -0.057472 0.617151 -0.076818
v -0.058889 0.618694 -0.076533
v -0.058960 0.618701 -0.077015
v -0.057498 0.617148 -0.077098
v -0.057366 0.617277 -0.076726
v -0.058729 0.618842 -0.076517
v -0.058811 0.618849 -0.077073
v -0.057411 0.617271 -0.077211
v -0.057231 0.617447 -0.076703
v -0.058580 0.618991 -0.076575
v -0.058651 0.618997 -0.077056
v -0.057282 0.617440 -0.077263
v -0.057102 0.617617 -0.076755
v -0.058482 0.619101 -0.076692
v -0.058523 0.619105 -0.076970
v -0.057147 0.617610 -0.077240
v -0.057015 0.617740 -0.076868
v -0.058461 0.619143 -0.076836
v -0.057041 0.617736 -0.077148
v -0.056993 0.617783 -0.077012
v -0.056013 0.616114 -0.077031
v -0.055984 0.616170 -0.076893
v -0.055989 0.616160 -0.077174
v -0.055908 0.616314 -0.076797
v -0.055918 0.616295 -0.077283
v -0.055807 0.616505 -0.076768
v -0.055818 0.616484 -0.077330
v -0.055707 0.616694 -0.076816
v -0.055717 0.616675 -0.077302
v -0.055636 0.616830 -0.076925
v -0.055642 0.616819 -0.077206
v -0.055612 0.616875 -0.077068
v -0.054546 0.615511 -0.076978
v -0.054539 0.615574 -0.076840
v -0.054519 0.615558 -0.077120
v -0.054500 0.615730 -0.076743
v -0.054466 0.615702 -0.077228
v -0.054440 0.615938 -0.076713
v -0.054400 0.615906 -0.077273
v -0.054374 0.616142 -0.076758
v -0.054340 0.616114 -0.077243
v -0.054321 0.616287 -0.076866
v -0.054301 0.616271 -0.077146
v -0.054294 0.616334 -0.077008
v -0.053131 0.615289 -0.076659
v -0.053114 0.615223 -0.076795
v -0.053129 0.615452 -0.076564
v -0.053083 0.615272 -0.076936
v -0.053046 0.615422 -0.077043
v -0.053108 0.615668 -0.076536
v -0.053075 0.615879 -0.076582
v -0.053013 0.615633 -0.077089
v -0.053038 0.616029 -0.076689
v -0.052993 0.615849 -0.077061
v -0.053007 0.616078 -0.076830
v -0.052991 0.616012 -0.076966
v -0.051779 0.615400 -0.076262
v -0.051751 0.615237 -0.076353
v -0.051790 0.615617 -0.076237
v -0.051714 0.615173 -0.076485
v -0.051781 0.615830 -0.076284
v -0.051677 0.615224 -0.076624
v -0.051755 0.615982 -0.076391
v -0.051651 0.615376 -0.076731
v -0.051718 0.616033 -0.076530
v -0.051642 0.615589 -0.076778
v -0.051653 0.615806 -0.076753
v -0.051681 0.615969 -0.076662
v -0.050463 0.615711 -0.075813
v -0.050434 0.615496 -0.075836
v -0.050467 0.615925 -0.075861
v -0.050445 0.616079 -0.075966
v -0.050386 0.615336 -0.075924
v -0.050401 0.616132 -0.076102
v -0.050333 0.615275 -0.076052
v -0.050348 0.616071 -0.076230
v -0.050289 0.615329 -0.076188
v -0.050301 0.615911 -0.076318
v -0.050267 0.615483 -0.076293
v -0.050271 0.615696 -0.076341
v -0.049117 0.616091 -0.075308
v -0.049110 0.615877 -0.075263
v -0.049091 0.616247 -0.075409
v -0.049039 0.616304 -0.075540
v -0.049073 0.615663 -0.075287
v -0.048976 0.616247 -0.075666
v -0.049016 0.615506 -0.075374
v -0.048919 0.616090 -0.075753
v -0.048953 0.615448 -0.075499
v -0.048882 0.615876 -0.075777
v -0.048901 0.615505 -0.075631
v -0.048875 0.615662 -0.075732
v -0.047713 0.616254 -0.074623
v -0.047713 0.616039 -0.074585
v -0.047679 0.616414 -0.074717
v -0.047679 0.615825 -0.074615
v -0.047619 0.616474 -0.074843
v -0.047550 0.616419 -0.074967
v -0.047619 0.615670 -0.074703
v -0.047550 0.615615 -0.074827
v -0.047490 0.616264 -0.075056
v -0.047455 0.616050 -0.075085
v -0.047490 0.615676 -0.074953
v -0.047456 0.615835 -0.075048
v -0.046241 0.616338 -0.073805
v -0.046255 0.616122 -0.073779
v -0.046194 0.616500 -0.073890
v -0.046230 0.615908 -0.073819
v -0.046125 0.616563 -0.074009
v -0.046175 0.615754 -0.073912
v -0.046053 0.616511 -0.074133
v -0.046103 0.615702 -0.074036
v -0.045997 0.616357 -0.074226
v -0.046034 0.615766 -0.074155
v -0.045973 0.616144 -0.074266
v -0.045986 0.615927 -0.074240
v -0.044685 0.616265 -0.072854
v -0.044717 0.616049 -0.072844
v -0.044622 0.616427 -0.072926
v -0.044707 0.615837 -0.072896
v -0.044544 0.616492 -0.073039
v -0.044660 0.615686 -0.072998
v -0.044471 0.616442 -0.073163
v -0.044588 0.615636 -0.073122
v -0.044424 0.616291 -0.073265
v -0.044509 0.615701 -0.073235
v -0.044446 0.615863 -0.073306
v -0.044415 0.616079 -0.073317
v -0.043081 0.615744 -0.071777
v -0.043090 0.615536 -0.071846
v -0.043029 0.615956 -0.071770
v -0.043054 0.615390 -0.071958
v -0.042949 0.616117 -0.071827
v -0.042861 0.616182 -0.071933
v -0.042982 0.615343 -0.072084
v -0.042790 0.616135 -0.072059
v -0.042894 0.615408 -0.072189
v -0.042814 0.615569 -0.072246
v -0.042762 0.615781 -0.072239
v -0.042754 0.615988 -0.072171
v -0.041331 0.615131 -0.070580
v -0.041350 0.614929 -0.070660
v -0.041266 0.615339 -0.070560
v -0.041320 0.614786 -0.070780
v -0.041174 0.615497 -0.070605
v -0.041248 0.614742 -0.070906
v -0.041079 0.615562 -0.070704
v -0.041153 0.614807 -0.071005
v -0.041007 0.615518 -0.070830
v -0.041061 0.614965 -0.071050
v -0.040996 0.615173 -0.071030
v -0.040977 0.615375 -0.070950
v -0.039658 0.614270 -0.069428
v -0.039631 0.614459 -0.069366
v -0.039636 0.614132 -0.069529
v -0.039563 0.614647 -0.069359
v -0.039571 0.614080 -0.069641
v -0.039471 0.614784 -0.069409
v -0.039380 0.614834 -0.069502
v -0.039481 0.614130 -0.069734
v -0.039389 0.614267 -0.069784
v -0.039315 0.614783 -0.069614
v -0.039320 0.614455 -0.069777
v -0.039293 0.614644 -0.069715
v -0.037895 0.613647 -0.068047
v -0.037866 0.613822 -0.068004
v -0.037877 0.613514 -0.068127
v -0.037800 0.613991 -0.068012
v -0.037819 0.613457 -0.068224
v -0.037713 0.614110 -0.068066
v -0.037735 0.613493 -0.068312
v -0.037629 0.614146 -0.068154
v -0.037648 0.613612 -0.068367
v -0.037570 0.614090 -0.068251
v -0.037581 0.613781 -0.068374
v -0.037553 0.613956 -0.068332
v -0.036100 0.613064 -0.066561
v -0.036069 0.613223 -0.066535
v -0.036087 0.612938 -0.066624
v -0.036004 0.613372 -0.066552
v -0.036036 0.612879 -0.066707
v -0.035922 0.613472 -0.066609
v -0.035959 0.612903 -0.066787
v -0.035845 0.613496 -0.066690
v -0.035877 0.613003 -0.066844
v -0.035794 0.613437 -0.066773
v -0.035812 0.613153 -0.066862
v -0.035782 0.613311 -0.066836
v -0.034305 0.612522 -0.065010
v -0.034273 0.612663 -0.064997
v -0.034298 0.612406 -0.065058
v -0.034211 0.612792 -0.065022
v -0.034255 0.612347 -0.065127
v -0.034135 0.612875 -0.065078
v -0.034185 0.612360 -0.065200
v -0.034065 0.612889 -0.065151
v -0.034109 0.612443 -0.065257
v -0.034022 0.612829 -0.065221
v -0.034047 0.612572 -0.065282
v -0.034015 0.612714 -0.065268
v -0.032545 0.612023 -0.063433
v -0.032543 0.611919 -0.063468
v -0.032512 0.612146 -0.063430
v -0.032453 0.612255 -0.063460
v -0.032507 0.611861 -0.063526
v -0.032384 0.612321 -0.063514
v -0.032446 0.611866 -0.063590
v -0.032377 0.611932 -0.063644
v -0.032318 0.612042 -0.063673
v -0.032285 0.612165 -0.063670
v -0.032287 0.612269 -0.063635
v -0.032323 0.612326 -0.063578
v -0.030852 0.611569 -0.061871
v -0.030854 0.611478 -0.061896
v -0.030819 0.611673 -0.061876
v -0.030826 0.611425 -0.061941
v -0.030765 0.611763 -0.061907
v -0.030773 0.611423 -0.061996
v -0.030703 0.611814 -0.061957
v -0.030712 0.611474 -0.062046
v -0.030651 0.611812 -0.062012
v -0.030657 0.611564 -0.062077
v -0.030622 0.611759 -0.062057
v -0.030625 0.611668 -0.062082
v -0.029260 0.611162 -0.060364
v -0.029266 0.611086 -0.060379
v -0.029229 0.611248 -0.060372
v -0.029244 0.611038 -0.060414
v -0.029181 0.611318 -0.060403
v -0.029200 0.611032 -0.060460
v -0.029128 0.611356 -0.060447
v -0.029147 0.611069 -0.060504
v -0.029084 0.611350 -0.060493
v -0.029099 0.611140 -0.060535
v -0.029068 0.611225 -0.060543
v -0.029062 0.611302 -0.060528
v -0.027810 0.610744 -0.058958
v -0.027794 0.610703 -0.058984
v -0.027803 0.610805 -0.058950
v -0.027775 0.610872 -0.058961
v -0.027733 0.610925 -0.058989
v -0.027760 0.610694 -0.059020
v -0.027690 0.610950 -0.059026
v -0.027716 0.610720 -0.059057
v -0.027655 0.610942 -0.059062
v -0.027675 0.610773 -0.059085
v -0.027640 0.610901 -0.059088
v -0.027647 0.610839 -0.059096
v -0.026521 0.610453 -0.057674
v -0.026511 0.610421 -0.057691
v -0.026513 0.610500 -0.057670
v -0.026490 0.610548 -0.057681
v -0.026457 0.610585 -0.057704
v -0.026485 0.610412 -0.057718
v -0.026423 0.610601 -0.057733
v -0.026452 0.610428 -0.057746
v -0.026398 0.610591 -0.057760
v -0.026419 0.610465 -0.057770
v -0.026395 0.610513 -0.057781
v -0.026388 0.610559 -0.057777
v -0.025432 0.610217 -0.056564
v -0.025426 0.610195 -0.056575
v -0.025425 0.610248 -0.056564
v -0.025408 0.610278 -0.056573
v -0.025410 0.610187 -0.056592
v -0.025385 0.610301 -0.056590
v -0.025387 0.610195 -0.056612
v -0.025362 0.610309 -0.056609
v -0.025363 0.610218 -0.056628
v -0.025345 0.610301 -0.056626
v -0.025346 0.610248 -0.056637
v -0.025339 0.610279 -0.056637
v -0.024576 0.610037 -0.055670
v -0.024574 0.610025 -0.055675
v -0.024572 0.610052 -0.055671
v -0.024563 0.610066 -0.055676
v -0.024566 0.610020 -0.055683
v -0.024550 0.610077 -0.055685
v -0.024554 0.610023 -0.055693
v -0.024539 0.610080 -0.055695
v -0.024542 0.610033 -0.055702
v -0.024530 0.610075 -0.055703
v -0.024532 0.610048 -0.055707
v -0.024528 0.610063 -0.055708
v -0.059705 0.697948 -0.071931
v -0.059744 0.697926 -0.072254
v -0.059732 0.697782 -0.072418
v -0.058428 0.698077 -0.072530
v -0.059665 0.697820 -0.071859
v -0.059703 0.697592 -0.072524
v -0.058388 0.697890 -0.072629
v -0.059733 0.697987 -0.072075
v -0.058455 0.698221 -0.072371
v -0.058462 0.698283 -0.072196
v -0.059626 0.697637 -0.071879
v -0.059663 0.697409 -0.072544
v -0.058346 0.697710 -0.072643
v -0.058447 0.698246 -0.072051
v -0.059596 0.697447 -0.071985
v -0.059624 0.697281 -0.072472
v -0.058313 0.697584 -0.072568
v -0.058414 0.698121 -0.071976
v -0.059585 0.697303 -0.072149
v -0.059595 0.697242 -0.072327
v -0.058298 0.697548 -0.072423
v -0.058372 0.697941 -0.071990
v -0.058305 0.697610 -0.072248
v -0.058332 0.697753 -0.072089
v -0.057003 0.698562 -0.072386
v -0.056965 0.698419 -0.072538
v -0.057023 0.698626 -0.072215
v -0.057019 0.698592 -0.072072
v -0.056917 0.698233 -0.072630
v -0.056991 0.698470 -0.071993
v -0.056874 0.698056 -0.072638
v -0.056948 0.698292 -0.072001
v -0.056846 0.697933 -0.072559
v -0.056900 0.698107 -0.072093
v -0.056842 0.697900 -0.072415
v -0.056861 0.697963 -0.072245
v -0.055457 0.698979 -0.071998
v -0.055434 0.698860 -0.071918
v -0.055424 0.698944 -0.072306
v -0.055376 0.698800 -0.072450
v -0.055453 0.699009 -0.072141
v -0.055323 0.698616 -0.072534
v -0.055279 0.698442 -0.072536
v -0.055390 0.698685 -0.071920
v -0.055337 0.698501 -0.072004
v -0.055256 0.698323 -0.072456
v -0.055260 0.698292 -0.072313
v -0.055290 0.698357 -0.072148
v -0.053788 0.699428 -0.071979
v -0.053799 0.699401 -0.071839
v -0.053751 0.699361 -0.072139
v -0.053779 0.699286 -0.071756
v -0.053696 0.699217 -0.072275
v -0.053736 0.699114 -0.071752
v -0.053639 0.699034 -0.072351
v -0.053679 0.698932 -0.071829
v -0.053596 0.698863 -0.072348
v -0.053587 0.698720 -0.072125
v -0.053624 0.698788 -0.071965
v -0.053576 0.698748 -0.072265
v -0.052080 0.699853 -0.071600
v -0.052064 0.699878 -0.071738
v -0.052064 0.699742 -0.071515
v -0.052019 0.699808 -0.071892
v -0.052021 0.699574 -0.071506
v -0.051959 0.699663 -0.072020
v -0.051899 0.699483 -0.072089
v -0.051961 0.699393 -0.071575
v -0.051901 0.699248 -0.071704
v -0.051856 0.699314 -0.072080
v -0.051857 0.699179 -0.071857
v -0.051840 0.699203 -0.071995
v -0.050337 0.700330 -0.071291
v -0.050315 0.700351 -0.071426
v -0.050325 0.700223 -0.071204
v -0.050265 0.700280 -0.071573
v -0.050281 0.700058 -0.071189
v -0.050200 0.700135 -0.071694
v -0.050219 0.699879 -0.071251
v -0.050137 0.699956 -0.071755
v -0.050154 0.699734 -0.071371
v -0.050094 0.699791 -0.071740
v -0.050103 0.699662 -0.071519
v -0.050082 0.699683 -0.071654
v -0.048605 0.700826 -0.070917
v -0.048596 0.700722 -0.070829
v -0.048578 0.700844 -0.071050
v -0.048522 0.700770 -0.071191
v -0.048553 0.700560 -0.070810
v -0.048452 0.700626 -0.071303
v -0.048488 0.700384 -0.070863
v -0.048387 0.700449 -0.071357
v -0.048418 0.700239 -0.070975
v -0.048344 0.700287 -0.071337
v -0.048362 0.700166 -0.071117
v -0.048335 0.700183 -0.071249
v -0.046920 0.701335 -0.070489
v -0.046914 0.701235 -0.070399
v -0.046887 0.701350 -0.070618
v -0.046826 0.701275 -0.070752
v -0.046871 0.701077 -0.070374
v -0.046751 0.701131 -0.070856
v -0.046804 0.700902 -0.070420
v -0.046684 0.700957 -0.070902
v -0.046729 0.700759 -0.070524
v -0.046641 0.700798 -0.070877
v -0.046667 0.700684 -0.070659
v -0.046635 0.700698 -0.070788
v -0.045316 0.701852 -0.070012
v -0.045314 0.701756 -0.069922
v -0.045278 0.701864 -0.070137
v -0.045271 0.701601 -0.069892
v -0.045211 0.701788 -0.070265
v -0.045131 0.701645 -0.070360
v -0.045201 0.701430 -0.069930
v -0.045121 0.701287 -0.070025
v -0.045061 0.701474 -0.070398
v -0.045019 0.701319 -0.070368
v -0.045054 0.701211 -0.070153
v -0.045016 0.701223 -0.070278
v -0.043830 0.702371 -0.069496
v -0.043831 0.702278 -0.069405
v -0.043787 0.702380 -0.069617
v -0.043789 0.702128 -0.069370
v -0.043712 0.702305 -0.069737
v -0.043716 0.701959 -0.069400
v -0.043627 0.702164 -0.069823
v -0.043630 0.701818 -0.069486
v -0.043553 0.701995 -0.069853
v -0.043556 0.701743 -0.069606
v -0.043511 0.701845 -0.069817
v -0.043512 0.701752 -0.069727
v -0.042498 0.702885 -0.068948
v -0.042503 0.702796 -0.068858
v -0.042448 0.702894 -0.069065
v -0.042461 0.702650 -0.068818
v -0.042365 0.702819 -0.069175
v -0.042383 0.702486 -0.068838
v -0.042272 0.702681 -0.069251
v -0.042291 0.702348 -0.068914
v -0.042194 0.702517 -0.069272
v -0.042208 0.702273 -0.069025
v -0.042152 0.702371 -0.069232
v -0.042157 0.702282 -0.069141
v -0.041373 0.703299 -0.068294
v -0.041327 0.703160 -0.068246
v -0.041365 0.703385 -0.068384
v -0.041305 0.703393 -0.068493
v -0.041209 0.703323 -0.068591
v -0.041239 0.703004 -0.068254
v -0.041103 0.703192 -0.068653
v -0.041132 0.702873 -0.068315
v -0.041036 0.702802 -0.068413
v -0.041014 0.703036 -0.068660
v -0.040968 0.702897 -0.068613
v -0.040976 0.702811 -0.068522
v -0.040658 0.703839 -0.067929
v -0.040672 0.703760 -0.067834
v -0.040586 0.703844 -0.068029
v -0.040623 0.703628 -0.067770
v -0.040473 0.703775 -0.068108
v -0.040525 0.703480 -0.067755
v -0.040352 0.703650 -0.068145
v -0.040403 0.703355 -0.067792
v -0.040254 0.703501 -0.068130
v -0.040291 0.703286 -0.067871
v -0.040205 0.703370 -0.068066
v -0.040219 0.703291 -0.067972
v -0.039833 0.704549 -0.067256
v -0.039853 0.704476 -0.067159
v -0.039751 0.704551 -0.067349
v -0.039807 0.704352 -0.067082
v -0.039630 0.704482 -0.067411
v -0.039706 0.704211 -0.067047
v -0.039501 0.704361 -0.067427
v -0.039578 0.704089 -0.067062
v -0.039400 0.704219 -0.067391
v -0.039456 0.704020 -0.067125
v -0.039354 0.704095 -0.067315
v -0.039374 0.704022 -0.067217
v -0.038920 0.705474 -0.066407
v -0.038948 0.705407 -0.066308
v -0.038831 0.705472 -0.066492
v -0.038907 0.705289 -0.066221
v -0.038705 0.705400 -0.066540
v -0.038810 0.705151 -0.066170
v -0.038577 0.705279 -0.066539
v -0.038681 0.705030 -0.066169
v -0.038479 0.705141 -0.066488
v -0.038555 0.704958 -0.066217
v -0.038439 0.705023 -0.066401
v -0.038467 0.704956 -0.066302
v -0.037987 0.706504 -0.065326
v -0.037951 0.706565 -0.065426
v -0.037955 0.706391 -0.065231
v -0.037858 0.706558 -0.065504
v -0.037731 0.706483 -0.065539
v -0.037863 0.706255 -0.065167
v -0.037605 0.706362 -0.065523
v -0.037737 0.706133 -0.065151
v -0.037513 0.706226 -0.065458
v -0.037610 0.706059 -0.065186
v -0.037481 0.706112 -0.065364
v -0.037517 0.706051 -0.065264
v -0.037001 0.707720 -0.064256
v -0.036958 0.707776 -0.064356
v -0.036977 0.707611 -0.064155
v -0.036860 0.707763 -0.064427
v -0.036894 0.707478 -0.064079
v -0.036733 0.707684 -0.064450
v -0.036773 0.707355 -0.064049
v -0.036612 0.707562 -0.064420
v -0.036646 0.707277 -0.064072
v -0.036529 0.707428 -0.064344
v -0.036548 0.707264 -0.064143
v -0.036505 0.707319 -0.064243
v -0.036017 0.709010 -0.063140
v -0.035967 0.709059 -0.063239
v -0.036003 0.708906 -0.063034
v -0.035866 0.709041 -0.063303
v -0.035928 0.708775 -0.062947
v -0.035741 0.708959 -0.063314
v -0.035813 0.708651 -0.062904
v -0.035626 0.708836 -0.063271
v -0.035688 0.708570 -0.062916
v -0.035551 0.708704 -0.063185
v -0.035587 0.708551 -0.062980
v -0.035537 0.708600 -0.063078
v -0.035064 0.710327 -0.062021
v -0.035059 0.710228 -0.061909
v -0.035007 0.710370 -0.062117
v -0.034994 0.710100 -0.061813
v -0.034903 0.710346 -0.062173
v -0.034781 0.710261 -0.062174
v -0.034886 0.709976 -0.061758
v -0.034672 0.710138 -0.062119
v -0.034763 0.709891 -0.061759
v -0.034607 0.710009 -0.062023
v -0.034660 0.709867 -0.061815
v -0.034603 0.709910 -0.061911
v -0.034168 0.711627 -0.060938
v -0.034173 0.711533 -0.060823
v -0.034104 0.711664 -0.061033
v -0.033999 0.711634 -0.061081
v -0.034118 0.711408 -0.060718
v -0.033880 0.711546 -0.061070
v -0.034017 0.711285 -0.060652
v -0.033779 0.711423 -0.061004
v -0.033898 0.711197 -0.060641
v -0.033724 0.711298 -0.060899
v -0.033792 0.711168 -0.060689
v -0.033729 0.711205 -0.060784
v -0.033357 0.712862 -0.059935
v -0.033371 0.712775 -0.059817
v -0.033287 0.712893 -0.060027
v -0.033326 0.712655 -0.059704
v -0.033233 0.712533 -0.059626
v -0.033180 0.712859 -0.060067
v -0.033065 0.712769 -0.060045
v -0.033118 0.712443 -0.059604
v -0.032972 0.712648 -0.059967
v -0.033012 0.712409 -0.059645
v -0.032927 0.712527 -0.059854
v -0.032942 0.712440 -0.059736
v -0.032658 0.713989 -0.059054
v -0.032681 0.713908 -0.058933
v -0.032582 0.714013 -0.059142
v -0.032646 0.713794 -0.058812
v -0.032475 0.713975 -0.059173
v -0.032562 0.713675 -0.058723
v -0.032364 0.713885 -0.059140
v -0.032451 0.713585 -0.058690
v -0.032280 0.713766 -0.059051
v -0.032344 0.713546 -0.058722
v -0.032244 0.713651 -0.058930
v -0.032268 0.713571 -0.058810
v -0.032100 0.714958 -0.058336
v -0.032131 0.714886 -0.058214
v -0.032018 0.714976 -0.058420
v -0.032106 0.714779 -0.058084
v -0.031910 0.714936 -0.058442
v -0.032029 0.714666 -0.057984
v -0.031803 0.714847 -0.058397
v -0.031922 0.714577 -0.057938
v -0.031727 0.714734 -0.058296
v -0.031814 0.714537 -0.057960
v -0.031733 0.714555 -0.058044
v -0.031701 0.714627 -0.058167
v -0.031742 0.715675 -0.057691
v -0.031699 0.715744 -0.057811
v -0.031730 0.715569 -0.057560
v -0.031612 0.715758 -0.057889
v -0.031666 0.715454 -0.057454
v -0.031505 0.715712 -0.057903
v -0.031567 0.715361 -0.057402
v -0.031407 0.715619 -0.057851
v -0.031460 0.715315 -0.057416
v -0.031343 0.715504 -0.057745
v -0.031374 0.715329 -0.057494
v -0.031331 0.715398 -0.057615
v -0.030973 0.716942 -0.056624
v -0.030984 0.716833 -0.056515
v -0.030917 0.717009 -0.056725
v -0.030832 0.717016 -0.056790
v -0.030947 0.716712 -0.056426
v -0.030740 0.716962 -0.056803
v -0.030873 0.716610 -0.056382
v -0.030666 0.716860 -0.056759
v -0.030782 0.716555 -0.056395
v -0.030630 0.716738 -0.056670
v -0.030696 0.716563 -0.056460
v -0.030641 0.716630 -0.056561
v -0.029957 0.717981 -0.055201
v -0.029989 0.717874 -0.055114
v -0.029892 0.718042 -0.055282
v -0.029979 0.717751 -0.055047
v -0.029811 0.718042 -0.055338
v -0.029931 0.717645 -0.055016
v -0.029737 0.717980 -0.055352
v -0.029856 0.717583 -0.055030
v -0.029688 0.717873 -0.055321
v -0.029775 0.717583 -0.055085
v -0.029710 0.717644 -0.055167
v -0.029678 0.717750 -0.055253
v -0.028798 0.718713 -0.053424
v -0.028808 0.718599 -0.053370
v -0.028754 0.718808 -0.053494
v -0.028685 0.718859 -0.053562
v -0.028779 0.718496 -0.053347
v -0.028611 0.718852 -0.053609
v -0.028720 0.718433 -0.053362
v -0.028552 0.718788 -0.053623
v -0.028646 0.718425 -0.053409
v -0.028523 0.718686 -0.053601
v -0.028578 0.718476 -0.053477
v -0.028533 0.718571 -0.053547
v -0.027463 0.719376 -0.051501
v -0.027485 0.719275 -0.051457
v -0.027412 0.719457 -0.051560
v -0.027471 0.719181 -0.051439
v -0.027344 0.719497 -0.051617
v -0.027425 0.719119 -0.051452
v -0.027278 0.719483 -0.051657
v -0.027360 0.719106 -0.051492
v -0.027232 0.719421 -0.051670
v -0.027292 0.719145 -0.051549
v -0.027219 0.719327 -0.051652
v -0.027240 0.719226 -0.051608
v -0.026062 0.719805 -0.049368
v -0.026033 0.719891 -0.049405
v -0.026059 0.719722 -0.049352
v -0.025979 0.719957 -0.049455
v -0.026024 0.719664 -0.049363
v -0.025915 0.719985 -0.049503
v -0.025967 0.719646 -0.049397
v -0.025858 0.719968 -0.049537
v -0.025904 0.719674 -0.049445
v -0.025824 0.719910 -0.049548
v -0.025850 0.719740 -0.049495
v -0.025821 0.719827 -0.049532
v -0.024588 0.720213 -0.047162
v -0.024593 0.720142 -0.047148
v -0.024556 0.720284 -0.047194
v -0.024568 0.720089 -0.047156
v -0.024503 0.720335 -0.047236
v -0.024446 0.720353 -0.047276
v -0.024520 0.720069 -0.047184
v -0.024398 0.720334 -0.047304
v -0.024462 0.720088 -0.047224
v -0.024410 0.720139 -0.047266
v -0.024373 0.720281 -0.047312
v -0.024378 0.720210 -0.047298
v -0.023107 0.720420 -0.044891
v -0.023068 0.720400 -0.044913
v -0.023124 0.720466 -0.044885
v -0.023114 0.720524 -0.044898
v -0.023081 0.720580 -0.044925
v -0.023034 0.720618 -0.044960
v -0.022984 0.720629 -0.044993
v -0.023018 0.720410 -0.044945
v -0.022945 0.720608 -0.045015
v -0.022970 0.720449 -0.044980
v -0.022928 0.720563 -0.045020
v -0.022937 0.720504 -0.045007
v -0.021701 0.720720 -0.042623
v -0.021691 0.720683 -0.042626
v -0.021690 0.720766 -0.042635
v -0.021659 0.720807 -0.042657
v -0.021661 0.720663 -0.042642
v -0.021618 0.720834 -0.042684
v -0.021577 0.720838 -0.042710
v -0.021620 0.720667 -0.042668
v -0.021578 0.720694 -0.042695
v -0.021548 0.720736 -0.042718
v -0.021536 0.720781 -0.042729
v -0.021547 0.720819 -0.042726
v -0.020376 0.720930 -0.040420
v -0.020370 0.720901 -0.040421
v -0.020364 0.720963 -0.040430
v -0.020338 0.720992 -0.040447
v -0.020348 0.720884 -0.040432
v -0.020305 0.721008 -0.040467
v -0.020317 0.720884 -0.040450
v -0.020274 0.721008 -0.040485
v -0.020284 0.720901 -0.040470
v -0.020252 0.720992 -0.040496
v -0.020258 0.720930 -0.040487
v -0.020246 0.720963 -0.040497
v -0.019196 0.721120 -0.038334
v -0.019193 0.721101 -0.038334
v -0.019187 0.721142 -0.038341
v -0.019168 0.721159 -0.038353
v -0.019180 0.721089 -0.038340
v -0.019144 0.721168 -0.038366
v -0.019158 0.721087 -0.038351
v -0.019123 0.721166 -0.038377
v -0.019135 0.721095 -0.038364
v -0.019109 0.721153 -0.038383
v -0.019116 0.721113 -0.038375
v -0.019107 0.721134 -0.038382
v -0.018208 0.721305 -0.036423
v -0.018194 0.721300 -0.036429
v -0.018212 0.721318 -0.036422
v -0.018206 0.721328 -0.036426
v -0.018196 0.721336 -0.036432
v -0.018184 0.721339 -0.036438
v -0.018181 0.721303 -0.036435
v -0.018173 0.721337 -0.036443
v -0.018171 0.721311 -0.036440
v -0.018166 0.721326 -0.036444
v -0.060459 0.653767 -0.075642
v -0.060454 0.653771 -0.075961
v -0.060492 0.653714 -0.075803
v -0.059585 0.653348 -0.075878
v -0.059575 0.653383 -0.075713
v -0.060363 0.653916 -0.075522
v -0.060355 0.653923 -0.076075
v -0.059563 0.653435 -0.076022
v -0.059536 0.653532 -0.075571
v -0.060230 0.654120 -0.075474
v -0.060221 0.654128 -0.076113
v -0.059516 0.653621 -0.076105
v -0.059480 0.653753 -0.075489
v -0.060095 0.654325 -0.075512
v -0.060088 0.654333 -0.076065
v -0.059456 0.653857 -0.076106
v -0.059420 0.653989 -0.075490
v -0.059996 0.654477 -0.075626
v -0.059991 0.654481 -0.075945
v -0.059399 0.654078 -0.076024
v -0.059373 0.654175 -0.075573
v -0.059958 0.654534 -0.075784
v -0.059361 0.654227 -0.075881
v -0.059351 0.654262 -0.075716
v -0.058570 0.653282 -0.075783
v -0.058569 0.653270 -0.075948
v -0.058571 0.653409 -0.075623
v -0.058568 0.653378 -0.076074
v -0.058571 0.653619 -0.075510
v -0.058566 0.653576 -0.076126
v -0.058571 0.653854 -0.075476
v -0.058566 0.653811 -0.076091
v -0.058569 0.654052 -0.075528
v -0.058566 0.654021 -0.075978
v -0.058568 0.654160 -0.075653
v -0.058567 0.654148 -0.075818
v -0.057462 0.653394 -0.075825
v -0.057458 0.653407 -0.075986
v -0.057483 0.653492 -0.075651
v -0.057471 0.653529 -0.076091
v -0.057516 0.653676 -0.075513
v -0.057499 0.653726 -0.076113
v -0.057550 0.653896 -0.075445
v -0.057534 0.653946 -0.076046
v -0.057578 0.654093 -0.075467
v -0.057566 0.654129 -0.075907
v -0.057592 0.654214 -0.075573
v -0.057587 0.654228 -0.075734
v -0.056436 0.654402 -0.075452
v -0.056413 0.654270 -0.075367
v -0.056431 0.654439 -0.075605
v -0.056401 0.654371 -0.075787
v -0.056369 0.654080 -0.075374
v -0.056353 0.654218 -0.075947
v -0.056300 0.654019 -0.076044
v -0.056316 0.653881 -0.075471
v -0.056256 0.653829 -0.076051
v -0.056238 0.653660 -0.075813
v -0.056268 0.653727 -0.075631
v -0.056234 0.653697 -0.075966
v -0.055109 0.654743 -0.075409
v -0.055113 0.654684 -0.075267
v -0.055075 0.654707 -0.075594
v -0.055085 0.654546 -0.075204
v -0.055020 0.654585 -0.075771
v -0.055034 0.654365 -0.075239
v -0.054958 0.654410 -0.075893
v -0.054972 0.654190 -0.075361
v -0.054907 0.654229 -0.075927
v -0.054917 0.654068 -0.075538
v -0.054879 0.654091 -0.075865
v -0.054883 0.654032 -0.075723
v -0.053627 0.655098 -0.075122
v -0.053631 0.655020 -0.074994
v -0.053591 0.655093 -0.075305
v -0.053602 0.654877 -0.074955
v -0.053532 0.655003 -0.075494
v -0.053548 0.654709 -0.075015
v -0.053466 0.654855 -0.075637
v -0.053482 0.654561 -0.075158
v -0.053412 0.654687 -0.075697
v -0.053423 0.654472 -0.075347
v -0.053387 0.654466 -0.075530
v -0.053383 0.654545 -0.075658
v -0.051989 0.655462 -0.074721
v -0.051994 0.655366 -0.074610
v -0.051950 0.655485 -0.074898
v -0.051966 0.655223 -0.074595
v -0.051888 0.655429 -0.075092
v -0.051910 0.655071 -0.074678
v -0.051821 0.655309 -0.075252
v -0.051842 0.654951 -0.074838
v -0.051765 0.655157 -0.075336
v -0.051781 0.654895 -0.075033
v -0.051736 0.655014 -0.075320
v -0.051742 0.654918 -0.075209
v -0.050196 0.655791 -0.074185
v -0.050204 0.655680 -0.074093
v -0.050153 0.655841 -0.074349
v -0.050176 0.655540 -0.074100
v -0.050088 0.655819 -0.074543
v -0.050120 0.655407 -0.074204
v -0.050018 0.655729 -0.074715
v -0.050049 0.655317 -0.074375
v -0.049962 0.655596 -0.074818
v -0.049984 0.655295 -0.074569
v -0.049942 0.655345 -0.074734
v -0.049934 0.655456 -0.074825
v -0.048248 0.656043 -0.073489
v -0.048260 0.655922 -0.073419
v -0.048202 0.656118 -0.073637
v -0.048232 0.655788 -0.073448
v -0.048132 0.656127 -0.073825
v -0.048174 0.655677 -0.073567
v -0.048057 0.656069 -0.074002
v -0.048100 0.655618 -0.073744
v -0.047999 0.655958 -0.074121
v -0.048030 0.655628 -0.073932
v -0.047972 0.655824 -0.074149
v -0.047983 0.655703 -0.074080
v -0.046145 0.656177 -0.072611
v -0.046159 0.656050 -0.072564
v -0.046093 0.656273 -0.072739
v -0.046131 0.655926 -0.072613
v -0.046017 0.656313 -0.072914
v -0.046069 0.655839 -0.072742
v -0.045938 0.656285 -0.073091
v -0.045990 0.655811 -0.072919
v -0.045876 0.656197 -0.073220
v -0.045914 0.655850 -0.073094
v -0.045848 0.656073 -0.073269
v -0.045862 0.655946 -0.073222
v -0.043884 0.656153 -0.071527
v -0.043900 0.656024 -0.071504
v -0.043828 0.656266 -0.071631
v -0.043870 0.655912 -0.071569
v -0.043745 0.656332 -0.071789
v -0.043802 0.655849 -0.071704
v -0.043659 0.656333 -0.071959
v -0.043716 0.655851 -0.071873
v -0.043592 0.656270 -0.072094
v -0.043633 0.655917 -0.072032
v -0.043562 0.656159 -0.072159
v -0.043577 0.656029 -0.072136
v -0.041466 0.655929 -0.070215
v -0.041479 0.655801 -0.070214
v -0.041407 0.656054 -0.070294
v -0.041442 0.655704 -0.070290
v -0.041318 0.656142 -0.070430
v -0.041366 0.655665 -0.070425
v -0.041223 0.656171 -0.070586
v -0.041271 0.655694 -0.070581
v -0.041147 0.656132 -0.070720
v -0.041182 0.655782 -0.070716
v -0.041110 0.656035 -0.070797
v -0.041123 0.655907 -0.070795
v -0.040534 0.655709 -0.069633
v -0.040499 0.655618 -0.069699
v -0.040517 0.655826 -0.069636
v -0.040455 0.655937 -0.069708
v -0.040363 0.656012 -0.069829
v -0.040423 0.655576 -0.069816
v -0.040266 0.656031 -0.069966
v -0.040327 0.655596 -0.069954
v -0.040235 0.655671 -0.070075
v -0.040191 0.655990 -0.070084
v -0.040156 0.655899 -0.070150
v -0.040172 0.655782 -0.070147
v -0.039250 0.655685 -0.068751
v -0.039266 0.655579 -0.068745
v -0.039189 0.655782 -0.068818
v -0.039234 0.655493 -0.068801
v -0.039100 0.655845 -0.068927
v -0.039162 0.655451 -0.068904
v -0.039007 0.655857 -0.069049
v -0.039069 0.655463 -0.069026
v -0.038935 0.655815 -0.069152
v -0.038980 0.655526 -0.069135
v -0.038903 0.655729 -0.069208
v -0.038920 0.655623 -0.069202
v -0.037723 0.655527 -0.067608
v -0.037739 0.655432 -0.067599
v -0.037666 0.655612 -0.067669
v -0.037710 0.655353 -0.067646
v -0.037583 0.655664 -0.067767
v -0.037644 0.655311 -0.067735
v -0.037497 0.655670 -0.067876
v -0.037557 0.655317 -0.067844
v -0.037430 0.655628 -0.067965
v -0.037475 0.655369 -0.067942
v -0.037401 0.655549 -0.068012
v -0.037418 0.655454 -0.068004
v -0.036012 0.655292 -0.066241
v -0.035986 0.655220 -0.066279
v -0.035996 0.655376 -0.066252
v -0.035944 0.655448 -0.066308
v -0.035869 0.655491 -0.066396
v -0.035926 0.655179 -0.066357
v -0.035790 0.655492 -0.066491
v -0.035848 0.655180 -0.066452
v -0.035730 0.655451 -0.066569
v -0.035772 0.655222 -0.066540
v -0.035705 0.655378 -0.066607
v -0.035720 0.655295 -0.066596
v -0.034141 0.655180 -0.064717
v -0.034119 0.655115 -0.064748
v -0.034127 0.655252 -0.064729
v -0.034081 0.655314 -0.064781
v -0.034065 0.655076 -0.064814
v -0.034013 0.655347 -0.064858
v -0.033944 0.655344 -0.064941
v -0.033996 0.655073 -0.064896
v -0.033890 0.655305 -0.065006
v -0.033929 0.655107 -0.064973
v -0.033882 0.655168 -0.065025
v -0.033868 0.655241 -0.065037
v -0.032166 0.655061 -0.063097
v -0.032119 0.655025 -0.063151
v -0.032185 0.655117 -0.063074
v -0.032173 0.655179 -0.063086
v -0.032132 0.655230 -0.063132
v -0.032073 0.655255 -0.063199
v -0.032013 0.655250 -0.063269
v -0.032059 0.655019 -0.063221
v -0.031966 0.655214 -0.063322
v -0.032000 0.655045 -0.063287
v -0.031959 0.655095 -0.063333
v -0.031947 0.655157 -0.063346
v -0.030200 0.655127 -0.061355
v -0.030189 0.655178 -0.061368
v -0.030183 0.655079 -0.061372
v -0.030155 0.655218 -0.061408
v -0.030144 0.655047 -0.061415
v -0.030105 0.655237 -0.061463
v -0.030054 0.655230 -0.061520
v -0.030092 0.655040 -0.061472
v -0.030014 0.655198 -0.061563
v -0.030043 0.655059 -0.061528
v -0.030008 0.655099 -0.061568
v -0.029998 0.655150 -0.061580
v -0.028242 0.655231 -0.059607
v -0.028234 0.655271 -0.059619
v -0.028228 0.655192 -0.059619
v -0.028206 0.655302 -0.059652
v -0.028165 0.655315 -0.059697
v -0.028196 0.655165 -0.059651
v -0.028123 0.655307 -0.059741
v -0.028154 0.655157 -0.059695
v -0.028091 0.655280 -0.059774
v -0.028113 0.655170 -0.059740
v -0.028085 0.655201 -0.059773
v -0.028077 0.655241 -0.059785
v -0.026367 0.655450 -0.057874
v -0.026356 0.655421 -0.057881
v -0.026362 0.655480 -0.057885
v -0.026340 0.655502 -0.057911
v -0.026331 0.655399 -0.057903
v -0.026310 0.655510 -0.057944
v -0.026277 0.655503 -0.057976
v -0.026299 0.655392 -0.057935
v -0.026268 0.655400 -0.057969
v -0.026252 0.655481 -0.057999
v -0.026247 0.655422 -0.057994
v -0.026241 0.655452 -0.058005
v -0.024633 0.655808 -0.056202
v -0.024625 0.655788 -0.056205
v -0.024630 0.655827 -0.056211
v -0.024615 0.655841 -0.056228
v -0.024607 0.655773 -0.056218
v -0.024594 0.655845 -0.056250
v -0.024585 0.655767 -0.056239
v -0.024572 0.655839 -0.056271
v -0.024564 0.655772 -0.056260
v -0.024550 0.655786 -0.056278
v -0.024546 0.655805 -0.056287
v -0.024554 0.655825 -0.056284
v -0.023090 0.656315 -0.054635
v -0.023080 0.656308 -0.054641
v -0.023095 0.656325 -0.054635
v -0.023093 0.656334 -0.054640
v -0.023086 0.656341 -0.054649
v -0.023075 0.656343 -0.054660
v -0.023069 0.656305 -0.054650
v -0.023058 0.656306 -0.054661
v -0.023051 0.656313 -0.054670
v -0.023049 0.656322 -0.054675
v -0.023054 0.656332 -0.054675
v -0.023063 0.656339 -0.054669
v -0.062669 0.588032 -0.076600
v -0.062687 0.588009 -0.076820
v -0.062723 0.588020 -0.076707
v -0.062501 0.586297 -0.076553
v -0.062448 0.586318 -0.076447
v -0.062539 0.588040 -0.076530
v -0.062569 0.588000 -0.076911
v -0.062466 0.586296 -0.076667
v -0.062321 0.586353 -0.076379
v -0.062367 0.588043 -0.076513
v -0.062351 0.586316 -0.076760
v -0.062402 0.587997 -0.076954
v -0.062154 0.586393 -0.076366
v -0.061902 0.584549 -0.076432
v -0.061851 0.584577 -0.076327
v -0.061869 0.584556 -0.076547
v -0.061731 0.584633 -0.076260
v -0.062189 0.586350 -0.076806
v -0.062200 0.588040 -0.076556
v -0.062230 0.588000 -0.076938
v -0.061761 0.584596 -0.076641
v -0.061991 0.586428 -0.076412
v -0.061573 0.584702 -0.076249
v -0.062021 0.586390 -0.076794
v -0.062082 0.588031 -0.076647
v -0.062099 0.588008 -0.076867
v -0.061608 0.584659 -0.076690
v -0.061877 0.586447 -0.076505
v -0.061420 0.584765 -0.076298
v -0.062045 0.588020 -0.076760
v -0.061894 0.586425 -0.076725
v -0.061841 0.586446 -0.076620
v -0.061450 0.584727 -0.076679
v -0.061312 0.584805 -0.076392
v -0.060984 0.582793 -0.076329
v -0.060954 0.582805 -0.076444
v -0.060937 0.582827 -0.076224
v -0.061330 0.584783 -0.076612
v -0.061279 0.584812 -0.076507
v -0.060824 0.582899 -0.076158
v -0.060853 0.582859 -0.076540
v -0.060676 0.582987 -0.076149
v -0.060710 0.582942 -0.076589
v -0.060533 0.583070 -0.076198
v -0.060562 0.583030 -0.076580
v -0.060433 0.583124 -0.076294
v -0.060450 0.583101 -0.076514
v -0.060402 0.583136 -0.076409
v -0.059802 0.581044 -0.076228
v -0.059758 0.581083 -0.076123
v -0.059774 0.581058 -0.076344
v -0.059653 0.581165 -0.076058
v -0.059679 0.581122 -0.076439
v -0.059514 0.581268 -0.076050
v -0.059545 0.581218 -0.076490
v -0.059380 0.581364 -0.076100
v -0.059407 0.581321 -0.076481
v -0.059286 0.581428 -0.076196
v -0.059301 0.581403 -0.076416
v -0.059257 0.581442 -0.076311
v -0.058408 0.579315 -0.076114
v -0.058367 0.579359 -0.076009
v -0.058380 0.579331 -0.076229
v -0.058268 0.579449 -0.075945
v -0.058291 0.579400 -0.076326
v -0.058138 0.579562 -0.075937
v -0.058164 0.579506 -0.076377
v -0.058011 0.579667 -0.075988
v -0.058034 0.579619 -0.076369
v -0.057922 0.579737 -0.076084
v -0.057935 0.579709 -0.076304
v -0.057894 0.579752 -0.076200
v -0.056852 0.577624 -0.075971
v -0.056815 0.577671 -0.075867
v -0.056825 0.577639 -0.076087
v -0.056721 0.577767 -0.075803
v -0.056739 0.577713 -0.076183
v -0.056598 0.577887 -0.075796
v -0.056618 0.577825 -0.076235
v -0.056477 0.577999 -0.075847
v -0.056494 0.577945 -0.076228
v -0.056391 0.578073 -0.075944
v -0.056401 0.578041 -0.076163
v -0.056363 0.578088 -0.076059
v -0.055185 0.575986 -0.075785
v -0.055151 0.576036 -0.075682
v -0.055157 0.576001 -0.075901
v -0.055063 0.576138 -0.075618
v -0.055073 0.576076 -0.075998
v -0.054945 0.576264 -0.075612
v -0.054957 0.576193 -0.076050
v -0.054829 0.576380 -0.075664
v -0.054839 0.576318 -0.076043
v -0.054745 0.576456 -0.075760
v -0.054751 0.576420 -0.075979
v -0.054717 0.576470 -0.075876
v -0.053457 0.574419 -0.075541
v -0.053427 0.574473 -0.075439
v -0.053427 0.574432 -0.075657
v -0.053344 0.574579 -0.075376
v -0.053344 0.574509 -0.075754
v -0.053231 0.574709 -0.075370
v -0.053231 0.574628 -0.075806
v -0.053117 0.574828 -0.075422
v -0.053118 0.574758 -0.075800
v -0.053035 0.574905 -0.075519
v -0.053035 0.574864 -0.075737
v -0.053004 0.574918 -0.075634
v -0.051719 0.572942 -0.075225
v -0.051693 0.572999 -0.075123
v -0.051686 0.572952 -0.075340
v -0.051615 0.573109 -0.075061
v -0.051603 0.573028 -0.075437
v -0.051506 0.573242 -0.075056
v -0.051492 0.573149 -0.075489
v -0.051394 0.573363 -0.075108
v -0.051382 0.573283 -0.075484
v -0.051311 0.573439 -0.075205
v -0.051304 0.573393 -0.075422
v -0.051278 0.573450 -0.075320
v -0.050022 0.571571 -0.074821
v -0.050001 0.571633 -0.074720
v -0.049984 0.571579 -0.074935
v -0.049927 0.571747 -0.074659
v -0.049899 0.571653 -0.075031
v -0.049821 0.571883 -0.074655
v -0.049788 0.571774 -0.075084
v -0.049710 0.572004 -0.074708
v -0.049625 0.572079 -0.074804
v -0.049682 0.571910 -0.075079
v -0.049609 0.572024 -0.075019
v -0.049588 0.572086 -0.074918
v -0.048401 0.570394 -0.074216
v -0.048415 0.570327 -0.074315
v -0.048333 0.570512 -0.074157
v -0.048372 0.570330 -0.074426
v -0.048229 0.570650 -0.074153
v -0.048283 0.570401 -0.074521
v -0.048117 0.570770 -0.074206
v -0.048171 0.570522 -0.074574
v -0.048028 0.570841 -0.074301
v -0.048067 0.570659 -0.074571
v -0.047999 0.570777 -0.074511
v -0.047985 0.570844 -0.074413
v -0.046943 0.569298 -0.073596
v -0.046950 0.569226 -0.073691
v -0.046880 0.569420 -0.073539
v -0.046899 0.569223 -0.073800
v -0.046779 0.569560 -0.073536
v -0.046805 0.569290 -0.073893
v -0.046666 0.569679 -0.073588
v -0.046692 0.569410 -0.073945
v -0.046590 0.569550 -0.073942
v -0.046571 0.569747 -0.073681
v -0.046528 0.569672 -0.073886
v -0.046521 0.569744 -0.073790
v -0.044595 0.567611 -0.072381
v -0.044584 0.567550 -0.072471
v -0.044554 0.567724 -0.072315
v -0.044524 0.567557 -0.072564
v -0.044474 0.567858 -0.072294
v -0.044433 0.567630 -0.072633
v -0.044374 0.567978 -0.072321
v -0.044333 0.567750 -0.072660
v -0.044282 0.568051 -0.072390
v -0.044252 0.567885 -0.072638
v -0.044223 0.568058 -0.072482
v -0.044212 0.567997 -0.072573
v -0.042514 0.566225 -0.071113
v -0.042489 0.566176 -0.071196
v -0.042496 0.566327 -0.071045
v -0.042438 0.566454 -0.071010
v -0.042426 0.566192 -0.071272
v -0.042343 0.566270 -0.071321
v -0.042356 0.566572 -0.071017
v -0.042272 0.566649 -0.071066
v -0.042261 0.566388 -0.071328
v -0.042209 0.566666 -0.071142
v -0.042203 0.566515 -0.071293
v -0.042184 0.566617 -0.071225
v -0.040687 0.565112 -0.069815
v -0.040650 0.565075 -0.069889
v -0.040687 0.565201 -0.069748
v -0.040652 0.565318 -0.069705
v -0.040588 0.565099 -0.069949
v -0.040590 0.565432 -0.069699
v -0.040516 0.565179 -0.069979
v -0.040518 0.565511 -0.069729
v -0.040454 0.565292 -0.069973
v -0.040419 0.565409 -0.069930
v -0.040420 0.565498 -0.069863
v -0.040456 0.565536 -0.069789
v -0.039111 0.564318 -0.068446
v -0.039094 0.564242 -0.068508
v -0.039096 0.564422 -0.068401
v -0.039051 0.564216 -0.068571
v -0.039055 0.564529 -0.068385
v -0.038993 0.564247 -0.068616
v -0.038997 0.564608 -0.068401
v -0.038935 0.564326 -0.068633
v -0.038939 0.564638 -0.068447
v -0.038894 0.564432 -0.068617
v -0.038896 0.564612 -0.068509
v -0.038879 0.564537 -0.068572
v -0.037748 0.563647 -0.067160
v -0.037751 0.563738 -0.067117
v -0.037720 0.563586 -0.067215
v -0.037729 0.563834 -0.067095
v -0.037674 0.563571 -0.067266
v -0.037687 0.563909 -0.067102
v -0.037623 0.563606 -0.067299
v -0.037636 0.563944 -0.067135
v -0.037581 0.563681 -0.067306
v -0.037590 0.563929 -0.067186
v -0.037558 0.563777 -0.067285
v -0.037562 0.563868 -0.067241
v -0.036582 0.563160 -0.065913
v -0.036546 0.563114 -0.065959
v -0.036599 0.563235 -0.065873
v -0.036593 0.563318 -0.065850
v -0.036565 0.563387 -0.065851
v -0.036524 0.563424 -0.065874
v -0.036502 0.563108 -0.065998
v -0.036460 0.563144 -0.066021
v -0.036479 0.563418 -0.065913
v -0.036433 0.563213 -0.066022
v -0.036444 0.563371 -0.065959
v -0.036427 0.563296 -0.065999
v -0.035620 0.562884 -0.064692
v -0.035595 0.562826 -0.064725
v -0.035627 0.562953 -0.064670
v -0.035612 0.563013 -0.064667
v -0.035581 0.563049 -0.064682
v -0.035557 0.562793 -0.064762
v -0.035541 0.563050 -0.064712
v -0.035517 0.562795 -0.064792
v -0.035503 0.563018 -0.064749
v -0.035486 0.562831 -0.064807
v -0.035478 0.562959 -0.064782
v -0.035471 0.562891 -0.064804
v -0.034811 0.562710 -0.063576
v -0.034797 0.562657 -0.063595
v -0.034807 0.562759 -0.063571
v -0.034786 0.562791 -0.063580
v -0.034769 0.562615 -0.063622
v -0.034753 0.562798 -0.063602
v -0.034734 0.562595 -0.063650
v -0.034701 0.562602 -0.063671
v -0.034717 0.562778 -0.063630
v -0.034679 0.562634 -0.063681
v -0.034675 0.562683 -0.063676
v -0.034689 0.562736 -0.063657
v -0.034129 0.562560 -0.062589
v -0.034113 0.562524 -0.062604
v -0.034131 0.562597 -0.062583
v -0.034119 0.562624 -0.062589
v -0.034094 0.562633 -0.062603
v -0.034086 0.562496 -0.062624
v -0.034065 0.562623 -0.062624
v -0.034057 0.562486 -0.062645
v -0.034038 0.562596 -0.062644
v -0.034032 0.562495 -0.062659
v -0.034019 0.562522 -0.062665
v -0.034022 0.562559 -0.062659
v -0.033506 0.562435 -0.061770
v -0.033491 0.562444 -0.061779
v -0.033527 0.562438 -0.061756
v -0.033547 0.562453 -0.061742
v -0.033485 0.562463 -0.061781
v -0.033562 0.562476 -0.061731
v -0.033490 0.562487 -0.061776
v -0.033567 0.562499 -0.061726
v -0.033504 0.562509 -0.061765
v -0.033561 0.562518 -0.061729
v -0.033525 0.562524 -0.061751
v -0.033545 0.562527 -0.061738
v -0.033095 0.562441 -0.061023
v -0.033092 0.562425 -0.061026
v -0.033087 0.562452 -0.061027
v -0.033083 0.562416 -0.061032
v -0.033076 0.562452 -0.061034
v -0.033072 0.562410 -0.061040
v -0.033062 0.562410 -0.061047
v -0.033066 0.562447 -0.061042
v -0.033057 0.562437 -0.061048
v -0.033055 0.562416 -0.061051
v -0.033053 0.562426 -0.061051
v -0.070942 0.660352 -0.074433
v -0.070387 0.655029 -0.074692
v -0.070986 0.660333 -0.074262
v -0.069997 0.660449 -0.074393
v -0.070297 0.655028 -0.074537
v -0.070897 0.660329 -0.074109
v -0.070041 0.660429 -0.074222
v -0.070778 0.660382 -0.074575
v -0.070343 0.655048 -0.074865
v -0.070086 0.660453 -0.074546
v -0.070205 0.660400 -0.074080
v -0.070699 0.660342 -0.074014
v -0.070098 0.655045 -0.074442
v -0.070284 0.660440 -0.074641
v -0.070537 0.660414 -0.074651
v -0.070177 0.655078 -0.075009
v -0.070446 0.660368 -0.074004
v -0.069842 0.655074 -0.074431
v -0.069934 0.655113 -0.075085
v -0.069599 0.655109 -0.074507
v -0.069649 0.649063 -0.075113
v -0.069558 0.649064 -0.074957
v -0.069604 0.649080 -0.075287
v -0.069357 0.649083 -0.074860
v -0.069678 0.655143 -0.075074
v -0.069433 0.655140 -0.074651
v -0.069437 0.649111 -0.075433
v -0.069100 0.649115 -0.074848
v -0.069479 0.655159 -0.074979
v -0.069389 0.655158 -0.074824
v -0.069191 0.649147 -0.075510
v -0.068854 0.649152 -0.074926
v -0.068933 0.649179 -0.075499
v -0.068808 0.642526 -0.075511
v -0.068717 0.642528 -0.075353
v -0.068762 0.642541 -0.075687
v -0.068687 0.649182 -0.075071
v -0.068514 0.642549 -0.075255
v -0.068732 0.649199 -0.075402
v -0.068593 0.642572 -0.075834
v -0.068642 0.649200 -0.075245
v -0.068254 0.642582 -0.075243
v -0.068345 0.642608 -0.075912
v -0.068006 0.642619 -0.075322
v -0.068085 0.642641 -0.075901
v -0.067837 0.642649 -0.075468
v -0.067900 0.635507 -0.075873
v -0.067808 0.635512 -0.075713
v -0.067854 0.635522 -0.076051
v -0.067882 0.642662 -0.075803
v -0.067603 0.635533 -0.075614
v -0.067791 0.642665 -0.075645
v -0.067682 0.635551 -0.076199
v -0.067341 0.635567 -0.075603
v -0.067432 0.635587 -0.076278
v -0.067090 0.635603 -0.075681
v -0.067169 0.635620 -0.076267
v -0.066919 0.635632 -0.075830
v -0.066960 0.628100 -0.076185
v -0.066868 0.628105 -0.076024
v -0.066965 0.635642 -0.076168
v -0.066914 0.628112 -0.076365
v -0.066873 0.635646 -0.076008
v -0.066661 0.628127 -0.075924
v -0.066741 0.628139 -0.076515
v -0.066396 0.628160 -0.075912
v -0.066487 0.628174 -0.076595
v -0.066143 0.628194 -0.075992
v -0.066222 0.628207 -0.076583
v -0.065970 0.628222 -0.076142
v -0.066026 0.620394 -0.076434
v -0.065933 0.620400 -0.076271
v -0.066015 0.628229 -0.076483
v -0.065978 0.620404 -0.076616
v -0.065923 0.628234 -0.076322
v -0.065724 0.620422 -0.076171
v -0.065803 0.620429 -0.076767
v -0.065456 0.620453 -0.076159
v -0.065547 0.620461 -0.076848
v -0.065200 0.620486 -0.076240
v -0.065279 0.620492 -0.076836
v -0.065025 0.620510 -0.076391
v -0.065132 0.612481 -0.076607
v -0.065038 0.612488 -0.076443
v -0.065071 0.620514 -0.076735
v -0.065084 0.612489 -0.076791
v -0.064977 0.620521 -0.076572
v -0.064827 0.612509 -0.076341
v -0.064907 0.612511 -0.076944
v -0.064556 0.612538 -0.076329
v -0.064648 0.612540 -0.077025
v -0.064297 0.612568 -0.076411
v -0.064377 0.612569 -0.077013
v -0.064120 0.612589 -0.076564
v -0.064314 0.604452 -0.076691
v -0.064220 0.604461 -0.076525
v -0.064266 0.604458 -0.076876
v -0.064166 0.612590 -0.076912
v -0.064007 0.604481 -0.076422
v -0.064072 0.612597 -0.076747
v -0.064086 0.604475 -0.077030
v -0.063733 0.604506 -0.076410
v -0.063825 0.604501 -0.077113
v -0.063471 0.604532 -0.076492
v -0.063551 0.604527 -0.077101
v -0.063609 0.596400 -0.076671
v -0.063514 0.596409 -0.076504
v -0.063292 0.604550 -0.076647
v -0.063560 0.596402 -0.076858
v -0.063299 0.596427 -0.076400
v -0.063338 0.604547 -0.076998
v -0.063243 0.604555 -0.076832
v -0.063379 0.596415 -0.077014
v -0.063022 0.596449 -0.076388
v -0.063114 0.596435 -0.077097
v -0.062757 0.596469 -0.076471
v -0.063053 0.588415 -0.076535
v -0.062956 0.588425 -0.076366
v -0.063002 0.588414 -0.076724
v -0.062837 0.596457 -0.077085
v -0.062739 0.588441 -0.076261
v -0.062576 0.596482 -0.076627
v -0.062819 0.588420 -0.076881
v -0.062622 0.596475 -0.076981
v -0.062459 0.588458 -0.076249
v -0.062527 0.596484 -0.076814
v -0.062552 0.588434 -0.076965
v -0.062680 0.580591 -0.076270
v -0.062583 0.580602 -0.076099
v -0.062192 0.588472 -0.076333
v -0.062629 0.580584 -0.076460
v -0.062364 0.580614 -0.075993
v -0.062272 0.588451 -0.076953
v -0.062444 0.580584 -0.076618
v -0.062008 0.588479 -0.076490
v -0.062081 0.580624 -0.075981
v -0.062527 0.572998 -0.075861
v -0.062429 0.573011 -0.075688
v -0.062475 0.572989 -0.076052
v -0.062055 0.588467 -0.076848
v -0.062208 0.573025 -0.075582
v -0.061958 0.588477 -0.076679
v -0.062173 0.580589 -0.076703
v -0.062437 0.571664 -0.075789
v -0.062342 0.571680 -0.075622
v -0.062387 0.571658 -0.075976
v -0.062288 0.572988 -0.076212
v -0.061810 0.580630 -0.076065
v -0.062221 0.569575 -0.075692
v -0.062129 0.569592 -0.075530
v -0.062127 0.571701 -0.075519
v -0.062205 0.571664 -0.076131
v -0.062173 0.569571 -0.075873
v -0.061922 0.569618 -0.075430
v -0.061922 0.573037 -0.075569
v -0.062015 0.572994 -0.076297
v -0.061891 0.580599 -0.076690
v -0.061900 0.566884 -0.075576
v -0.061811 0.566902 -0.075418
v -0.061998 0.569583 -0.076025
v -0.061941 0.571680 -0.076214
v -0.061851 0.571723 -0.075507
v -0.061625 0.580629 -0.076223
v -0.061854 0.566882 -0.075751
v -0.061610 0.566930 -0.075321
v -0.061654 0.569646 -0.075419
v -0.061650 0.573043 -0.075654
v -0.061671 0.580612 -0.076584
v -0.061730 0.573005 -0.076285
v -0.061574 0.580623 -0.076413
v -0.061742 0.569606 -0.076106
v -0.061684 0.566896 -0.075898
v -0.061665 0.571701 -0.076203
v -0.061351 0.566961 -0.075311
v -0.061586 0.571738 -0.075590
v -0.061491 0.563740 -0.075444
v -0.061405 0.563758 -0.075292
v -0.061446 0.563739 -0.075614
v -0.061398 0.569669 -0.075500
v -0.061210 0.563787 -0.075198
v -0.061462 0.573041 -0.075814
v -0.061436 0.566922 -0.075977
v -0.061474 0.569634 -0.076095
v -0.061509 0.573020 -0.076178
v -0.061282 0.563754 -0.075756
v -0.061103 0.566988 -0.075390
v -0.061450 0.571723 -0.076099
v -0.061405 0.571744 -0.075746
v -0.061411 0.573033 -0.076006
v -0.060959 0.563820 -0.075188
v -0.061222 0.569681 -0.075652
v -0.061013 0.560292 -0.075303
v -0.060929 0.560309 -0.075156
v -0.061266 0.569660 -0.075995
v -0.061177 0.566954 -0.075966
v -0.061355 0.571738 -0.075932
v -0.060969 0.560291 -0.075468
v -0.060741 0.560339 -0.075065
v -0.061042 0.563782 -0.075833
v -0.060933 0.567001 -0.075537
v -0.061174 0.569678 -0.075833
v -0.060720 0.563847 -0.075264
v -0.060810 0.560307 -0.075605
v -0.060976 0.566982 -0.075869
v -0.060886 0.566999 -0.075712
v -0.060499 0.560373 -0.075055
v -0.060791 0.563815 -0.075823
v -0.060555 0.563863 -0.075407
v -0.060579 0.560336 -0.075679
v -0.060484 0.556691 -0.075158
v -0.060403 0.556708 -0.075016
v -0.060442 0.556690 -0.075318
v -0.060267 0.560402 -0.075129
v -0.060597 0.563844 -0.075729
v -0.060221 0.556738 -0.074928
v -0.060510 0.563861 -0.075577
v -0.060288 0.556707 -0.075451
v -0.060336 0.560370 -0.075670
v -0.059987 0.556773 -0.074919
v -0.060108 0.560418 -0.075267
v -0.060148 0.560400 -0.075579
v -0.060064 0.556737 -0.075522
v -0.060065 0.560417 -0.075432
v -0.059922 0.553088 -0.075016
v -0.059844 0.553106 -0.074878
v -0.059764 0.556803 -0.074991
v -0.059881 0.553088 -0.075169
v -0.059669 0.553137 -0.074794
v -0.059830 0.556772 -0.075513
v -0.059734 0.553106 -0.075298
v -0.059610 0.556820 -0.075124
v -0.059443 0.553172 -0.074785
v -0.059649 0.556802 -0.075426
v -0.059568 0.556820 -0.075283
v -0.059518 0.553137 -0.075367
v -0.059228 0.553203 -0.074854
v -0.059346 0.549636 -0.074880
v -0.059272 0.549654 -0.074748
v -0.059307 0.549637 -0.075028
v -0.059103 0.549686 -0.074666
v -0.059292 0.553173 -0.075358
v -0.059080 0.553221 -0.074983
v -0.059165 0.549656 -0.075152
v -0.058886 0.549723 -0.074658
v -0.059117 0.553204 -0.075274
v -0.059039 0.553222 -0.075136
v -0.058958 0.549688 -0.075219
v -0.058678 0.549755 -0.074725
v -0.058775 0.546485 -0.074757
v -0.058703 0.546504 -0.074630
v -0.058738 0.546487 -0.074900
v -0.058740 0.549725 -0.075211
v -0.058541 0.546537 -0.074552
v -0.058536 0.549774 -0.074849
v -0.058601 0.546507 -0.075020
v -0.058572 0.549757 -0.075130
v -0.058333 0.546576 -0.074544
v -0.058497 0.549775 -0.074997
v -0.058402 0.546542 -0.075084
v -0.058134 0.546611 -0.074608
v -0.058226 0.543786 -0.074653
v -0.058158 0.543805 -0.074530
v -0.058190 0.543788 -0.074790
v -0.058193 0.546581 -0.075076
v -0.058003 0.543842 -0.074455
v -0.057997 0.546632 -0.074728
v -0.058060 0.543812 -0.074905
v -0.058032 0.546615 -0.074998
v -0.057804 0.543885 -0.074448
v -0.057960 0.546633 -0.074871
v -0.057869 0.543850 -0.074968
v -0.057613 0.543924 -0.074510
v -0.057716 0.541682 -0.074572
v -0.057651 0.541705 -0.074454
v -0.057682 0.541687 -0.074704
v -0.057670 0.543894 -0.074960
v -0.057505 0.541749 -0.074383
v -0.057482 0.543947 -0.074625
v -0.057559 0.541717 -0.074815
v -0.057515 0.543930 -0.074885
v -0.057316 0.541802 -0.074376
v -0.057447 0.543950 -0.074763
v -0.057378 0.541764 -0.074875
v -0.057136 0.541849 -0.074436
v -0.057264 0.540335 -0.074520
v -0.057203 0.540361 -0.074408
v -0.057232 0.540342 -0.074647
v -0.057190 0.541817 -0.074868
v -0.057066 0.540413 -0.074339
v -0.057012 0.541879 -0.074547
v -0.057117 0.540380 -0.074753
v -0.056889 0.540476 -0.074334
v -0.057043 0.541861 -0.074796
v -0.056978 0.541884 -0.074679
v -0.056948 0.540438 -0.074812
v -0.056720 0.540535 -0.074392
v -0.056801 0.539246 -0.074490
v -0.056745 0.539270 -0.074387
v -0.056772 0.539253 -0.074606
v -0.056620 0.539319 -0.074324
v -0.056771 0.540502 -0.074806
v -0.056605 0.540573 -0.074498
v -0.056667 0.539290 -0.074704
v -0.056459 0.539380 -0.074319
v -0.056634 0.540553 -0.074737
v -0.056573 0.540579 -0.074625
v -0.056514 0.539347 -0.074757
v -0.056306 0.539437 -0.074372
v -0.056210 0.537710 -0.074453
v -0.056159 0.537731 -0.074359
v -0.056184 0.537717 -0.074559
v -0.056353 0.539408 -0.074752
v -0.056045 0.537775 -0.074303
v -0.056201 0.539474 -0.074470
v -0.056088 0.537749 -0.074648
v -0.056228 0.539457 -0.074689
v -0.055898 0.537828 -0.074298
v -0.056172 0.539481 -0.074586
v -0.055948 0.537799 -0.074696
v -0.055757 0.537878 -0.074346
v -0.055801 0.537852 -0.074691
v -0.055661 0.537910 -0.074435
v -0.055686 0.537896 -0.074634
v -0.055482 0.535797 -0.074402
v -0.055436 0.535816 -0.074317
v -0.055636 0.537917 -0.074540
v -0.055459 0.535802 -0.074497
v -0.055334 0.535856 -0.074266
v -0.055372 0.535832 -0.074577
v -0.055202 0.535905 -0.074262
v -0.055246 0.535877 -0.074620
v -0.055076 0.535950 -0.074305
v -0.055114 0.535926 -0.074616
v -0.054990 0.535980 -0.074385
v -0.055012 0.535966 -0.074565
v -0.054966 0.535985 -0.074480
v -0.054616 0.533593 -0.074328
v -0.054576 0.533612 -0.074253
v -0.054595 0.533598 -0.074412
v -0.054485 0.533649 -0.074207
v -0.054518 0.533625 -0.074483
v -0.054369 0.533695 -0.074203
v -0.054407 0.533667 -0.074522
v -0.054257 0.533737 -0.074242
v -0.054291 0.533713 -0.074518
v -0.054181 0.533764 -0.074313
v -0.054200 0.533750 -0.074473
v -0.054160 0.533768 -0.074398
v -0.053609 0.531185 -0.074223
v -0.053574 0.531203 -0.074157
v -0.053590 0.531189 -0.074296
v -0.053496 0.531238 -0.074118
v -0.053524 0.531214 -0.074359
v -0.053395 0.531281 -0.074114
v -0.053427 0.531253 -0.074393
v -0.053299 0.531320 -0.074148
v -0.053327 0.531296 -0.074390
v -0.053232 0.531345 -0.074211
v -0.053248 0.531331 -0.074350
v -0.053214 0.531349 -0.074285
v -0.052458 0.528657 -0.074079
v -0.052442 0.528661 -0.074142
v -0.052429 0.528674 -0.074023
v -0.052364 0.528707 -0.073989
v -0.052386 0.528683 -0.074196
v -0.052279 0.528747 -0.073987
v -0.052304 0.528719 -0.074225
v -0.052197 0.528783 -0.074016
v -0.052219 0.528759 -0.074223
v -0.052141 0.528806 -0.074069
v -0.052154 0.528792 -0.074189
v -0.052125 0.528809 -0.074133
v -0.051161 0.526096 -0.073889
v -0.051138 0.526112 -0.073842
v -0.051148 0.526098 -0.073941
v -0.051085 0.526142 -0.073814
v -0.051102 0.526118 -0.073986
v -0.051016 0.526179 -0.073812
v -0.051035 0.526151 -0.074011
v -0.050950 0.526212 -0.073837
v -0.050966 0.526188 -0.074009
v -0.050903 0.526232 -0.073882
v -0.050913 0.526218 -0.073981
v -0.050890 0.526234 -0.073934
v -0.049716 0.523584 -0.073644
v -0.049705 0.523586 -0.073686
v -0.049699 0.523599 -0.073607
v -0.049658 0.523626 -0.073585
v -0.049669 0.523604 -0.073722
v -0.049605 0.523659 -0.073583
v -0.049618 0.523633 -0.073742
v -0.049553 0.523688 -0.073604
v -0.049564 0.523665 -0.073741
v -0.049517 0.523706 -0.073639
v -0.049523 0.523693 -0.073719
v -0.049506 0.523708 -0.073682
v -0.048120 0.521208 -0.073336
v -0.048112 0.521210 -0.073368
v -0.048108 0.521221 -0.073309
v -0.048079 0.521244 -0.073292
v -0.048086 0.521224 -0.073395
v -0.048041 0.521272 -0.073292
v -0.048049 0.521249 -0.073410
v -0.048004 0.521297 -0.073307
v -0.048011 0.521276 -0.073410
v -0.047978 0.521311 -0.073334
v -0.047982 0.521300 -0.073394
v -0.047970 0.521312 -0.073366
v -0.046371 0.519053 -0.072958
v -0.046365 0.519054 -0.072979
v -0.046364 0.519063 -0.072940
v -0.046348 0.519065 -0.072997
v -0.046346 0.519081 -0.072930
v -0.046325 0.519083 -0.073008
v -0.046323 0.519102 -0.072930
v -0.046300 0.519120 -0.072940
v -0.046302 0.519104 -0.073008
v -0.046283 0.519131 -0.072959
v -0.046285 0.519122 -0.072998
v -0.046278 0.519132 -0.072980
v -0.044464 0.517205 -0.072513
v -0.044456 0.517211 -0.072522
v -0.044467 0.517205 -0.072502
v -0.044464 0.517211 -0.072493
v -0.044457 0.517221 -0.072488
v -0.044446 0.517233 -0.072489
v -0.044446 0.517222 -0.072528
v -0.044436 0.517243 -0.072494
v -0.044436 0.517233 -0.072528
v -0.044429 0.517249 -0.072504
v -0.044428 0.517244 -0.072523
v -0.044426 0.517249 -0.072514
v -0.072045 0.672181 -0.073591
v -0.071990 0.669037 -0.073728
v -0.072046 0.672153 -0.073382
v -0.071344 0.672192 -0.073723
v -0.071828 0.669020 -0.073527
v -0.071898 0.672122 -0.073169
v -0.071088 0.672168 -0.073562
v -0.072005 0.669060 -0.073934
v -0.071897 0.672200 -0.073739
v -0.071640 0.672204 -0.073788
v -0.071779 0.665964 -0.074006
v -0.071606 0.665961 -0.073819
v -0.071870 0.669083 -0.074090
v -0.071809 0.665980 -0.074209
v -0.071565 0.669015 -0.073386
v -0.071642 0.672098 -0.073008
v -0.070941 0.672137 -0.073349
v -0.071688 0.666007 -0.074373
v -0.071621 0.669101 -0.074156
v -0.071337 0.665973 -0.073698
v -0.071430 0.662929 -0.074229
v -0.071474 0.662939 -0.074426
v -0.071247 0.662939 -0.074057
v -0.071449 0.666035 -0.074454
v -0.071368 0.662966 -0.074597
v -0.070974 0.662967 -0.073957
v -0.071325 0.669107 -0.074112
v -0.071268 0.669022 -0.073342
v -0.071346 0.672086 -0.072944
v -0.070941 0.672109 -0.073140
v -0.071043 0.665997 -0.073676
v -0.070956 0.659927 -0.074406
v -0.071014 0.659930 -0.074598
v -0.071139 0.663004 -0.074694
v -0.071155 0.666059 -0.074432
v -0.070765 0.659949 -0.074249
v -0.070922 0.659957 -0.074773
v -0.070685 0.663005 -0.073955
v -0.071020 0.669039 -0.073407
v -0.071090 0.672090 -0.072992
v -0.071061 0.669102 -0.073971
v -0.070804 0.666026 -0.073757
v -0.070491 0.659991 -0.074170
v -0.070850 0.663042 -0.074693
v -0.070886 0.666071 -0.074311
v -0.070705 0.660001 -0.074886
v -0.070885 0.669063 -0.073564
v -0.070900 0.669086 -0.073770
v -0.070374 0.656952 -0.074548
v -0.070443 0.656948 -0.074733
v -0.070457 0.663043 -0.074053
v -0.070683 0.666052 -0.073921
v -0.070208 0.660040 -0.074190
v -0.070176 0.656985 -0.074408
v -0.070366 0.656974 -0.074913
v -0.070713 0.666069 -0.074124
v -0.070577 0.663070 -0.074593
v -0.070423 0.660051 -0.074906
v -0.070350 0.663070 -0.074223
v -0.069902 0.657038 -0.074350
v -0.070163 0.657023 -0.075040
v -0.070394 0.663080 -0.074421
v -0.069992 0.660085 -0.074303
v -0.070149 0.660092 -0.074827
v -0.069627 0.657097 -0.074390
v -0.069900 0.660112 -0.074478
v -0.069697 0.653998 -0.074666
v -0.069778 0.653988 -0.074843
v -0.069888 0.657081 -0.075080
v -0.069958 0.660115 -0.074670
v -0.069493 0.654040 -0.074543
v -0.069715 0.654011 -0.075026
v -0.069424 0.657146 -0.074517
v -0.069222 0.654102 -0.074506
v -0.069526 0.654063 -0.075166
v -0.069615 0.657134 -0.075022
v -0.069347 0.657171 -0.074697
v -0.069417 0.657167 -0.074882
v -0.068956 0.654168 -0.074566
v -0.069260 0.654129 -0.075226
v -0.069032 0.651044 -0.074938
v -0.068940 0.651060 -0.074770
v -0.068984 0.651065 -0.075123
v -0.068733 0.651109 -0.074664
v -0.068767 0.654220 -0.074707
v -0.068989 0.654191 -0.075190
v -0.068809 0.651117 -0.075276
v -0.068465 0.651178 -0.074649
v -0.068704 0.654243 -0.074890
v -0.068785 0.654233 -0.075067
v -0.068553 0.651187 -0.075355
v -0.068210 0.651249 -0.074728
v -0.068221 0.648110 -0.075029
v -0.068119 0.648131 -0.074871
v -0.068188 0.648128 -0.075215
v -0.068286 0.651256 -0.075339
v -0.068034 0.651301 -0.074880
v -0.067908 0.648186 -0.074783
v -0.068027 0.648180 -0.075379
v -0.068078 0.651306 -0.075233
v -0.067986 0.651322 -0.075066
v -0.067646 0.648260 -0.074788
v -0.067783 0.648253 -0.075476
v -0.067402 0.648333 -0.074885
v -0.067520 0.648327 -0.075481
v -0.067359 0.645180 -0.075127
v -0.067248 0.645206 -0.074979
v -0.067241 0.648385 -0.075049
v -0.067340 0.645195 -0.075313
v -0.067035 0.645265 -0.074908
v -0.067310 0.648382 -0.075393
v -0.067195 0.645246 -0.075486
v -0.067208 0.648403 -0.075235
v -0.066779 0.645342 -0.074934
v -0.066963 0.645320 -0.075600
v -0.066547 0.645416 -0.075048
v -0.066706 0.645397 -0.075626
v -0.066401 0.645467 -0.075221
v -0.066461 0.642249 -0.075242
v -0.066341 0.642278 -0.075105
v -0.066456 0.642261 -0.075426
v -0.066494 0.645456 -0.075555
v -0.066127 0.642340 -0.075051
v -0.066382 0.645481 -0.075407
v -0.066326 0.642310 -0.075607
v -0.065878 0.642418 -0.075096
v -0.066107 0.642384 -0.075738
v -0.065659 0.642491 -0.075227
v -0.065858 0.642462 -0.075783
v -0.065530 0.642540 -0.075408
v -0.065644 0.642523 -0.075729
v -0.065541 0.639310 -0.075384
v -0.065413 0.639341 -0.075258
v -0.065549 0.639320 -0.075565
v -0.065524 0.642552 -0.075592
v -0.065200 0.639404 -0.075222
v -0.065436 0.639367 -0.075754
v -0.064958 0.639482 -0.075286
v -0.065231 0.639439 -0.075899
v -0.064754 0.639554 -0.075431
v -0.064990 0.639517 -0.075962
v -0.064640 0.639601 -0.075620
v -0.064776 0.639579 -0.075926
v -0.064614 0.636357 -0.075563
v -0.064635 0.636364 -0.075741
v -0.064479 0.636390 -0.075450
v -0.064648 0.639610 -0.075801
v -0.064538 0.636408 -0.075935
v -0.064267 0.636454 -0.075431
v -0.064348 0.636478 -0.076094
v -0.064035 0.636531 -0.075512
v -0.064116 0.636555 -0.076175
v -0.063845 0.636601 -0.075671
v -0.063904 0.636619 -0.076157
v -0.063748 0.636645 -0.075866
v -0.063717 0.633398 -0.075823
v -0.063727 0.633408 -0.076000
v -0.063769 0.636652 -0.076043
v -0.063591 0.633428 -0.075701
v -0.063619 0.633456 -0.076185
v -0.063382 0.633490 -0.075668
v -0.063420 0.633528 -0.076329
v -0.063147 0.633568 -0.075732
v -0.063185 0.633605 -0.076393
v -0.062949 0.633640 -0.075876
v -0.062977 0.633667 -0.076360
v -0.062840 0.633687 -0.076062
v -0.062851 0.633697 -0.076239
v -0.062812 0.630460 -0.076068
v -0.062811 0.630473 -0.076244
v -0.062695 0.630488 -0.075940
v -0.062691 0.630522 -0.076419
v -0.062491 0.630548 -0.075893
v -0.062486 0.630595 -0.076548
v -0.062254 0.630625 -0.075940
v -0.062249 0.630672 -0.076595
v -0.062048 0.630698 -0.076069
v -0.062045 0.630733 -0.076549
v -0.061929 0.630748 -0.076244
v -0.061928 0.630760 -0.076420
v -0.061907 0.627536 -0.076294
v -0.061799 0.627561 -0.076159
v -0.061894 0.627550 -0.076467
v -0.061600 0.627619 -0.076099
v -0.061764 0.627601 -0.076633
v -0.061362 0.627695 -0.076129
v -0.061552 0.627674 -0.076746
v -0.061150 0.627767 -0.076242
v -0.061315 0.627749 -0.076776
v -0.061020 0.627818 -0.076408
v -0.061115 0.627807 -0.076716
v -0.061008 0.627833 -0.076581
v -0.061007 0.624615 -0.076494
v -0.060909 0.624638 -0.076353
v -0.060983 0.624631 -0.076664
v -0.060716 0.624693 -0.076280
v -0.060844 0.624682 -0.076819
v -0.060478 0.624767 -0.076294
v -0.060626 0.624754 -0.076916
v -0.060261 0.624839 -0.076391
v -0.060389 0.624827 -0.076930
v -0.060121 0.624889 -0.076546
v -0.060195 0.624883 -0.076857
v -0.060121 0.621690 -0.076662
v -0.060034 0.621711 -0.076516
v -0.060097 0.624906 -0.076716
v -0.060086 0.621707 -0.076829
v -0.059846 0.621763 -0.076430
v -0.059938 0.621758 -0.076972
v -0.059610 0.621834 -0.076428
v -0.059716 0.621827 -0.077054
v -0.059388 0.621904 -0.076509
v -0.059479 0.621898 -0.077051
v -0.059239 0.621954 -0.076652
v -0.059292 0.621951 -0.076965
v -0.059256 0.618753 -0.076791
v -0.059179 0.618771 -0.076641
v -0.059204 0.621971 -0.076819
v -0.059210 0.618770 -0.076954
v -0.058999 0.618821 -0.076544
v -0.059053 0.618819 -0.077086
v -0.058764 0.618888 -0.076525
v -0.058827 0.618886 -0.077151
v -0.058538 0.618955 -0.076591
v -0.058593 0.618953 -0.077133
v -0.058381 0.619004 -0.076722
v -0.058413 0.619002 -0.077035
v -0.058418 0.615794 -0.076877
v -0.058351 0.615811 -0.076723
v -0.058335 0.619021 -0.076885
v -0.058362 0.615811 -0.077035
v -0.058179 0.615857 -0.076615
v -0.058197 0.615858 -0.077154
v -0.057948 0.615921 -0.076580
v -0.057968 0.615921 -0.077204
v -0.057719 0.615984 -0.076630
v -0.057737 0.615984 -0.077169
v -0.057555 0.616030 -0.076749
v -0.057615 0.612805 -0.076912
v -0.057559 0.612821 -0.076756
v -0.057565 0.616030 -0.077061
v -0.057548 0.612821 -0.077065
v -0.057498 0.616047 -0.076907
v -0.057396 0.612864 -0.076637
v -0.057377 0.612865 -0.077171
v -0.057168 0.612923 -0.076587
v -0.057146 0.612924 -0.077205
v -0.056938 0.612982 -0.076620
v -0.056919 0.612983 -0.077155
v -0.056766 0.613026 -0.076727
v -0.056854 0.609778 -0.076891
v -0.056809 0.609793 -0.076733
v -0.056777 0.609792 -0.077037
v -0.056655 0.609833 -0.076604
v -0.056755 0.613026 -0.077036
v -0.056700 0.613042 -0.076879
v -0.056432 0.609888 -0.076539
v -0.056599 0.609832 -0.077131
v -0.056201 0.609943 -0.076557
v -0.056368 0.609887 -0.077148
v -0.056146 0.609942 -0.077084
v -0.056024 0.609983 -0.076651
v -0.056108 0.606717 -0.076648
v -0.056141 0.606703 -0.076808
v -0.055963 0.606755 -0.076510
v -0.056055 0.606715 -0.076947
v -0.055947 0.609997 -0.076796
v -0.055992 0.609982 -0.076955
v -0.055747 0.606806 -0.076431
v -0.055872 0.606751 -0.077028
v -0.055517 0.606856 -0.076433
v -0.055642 0.606801 -0.077029
v -0.055334 0.606892 -0.076513
v -0.055462 0.603587 -0.076496
v -0.055485 0.603571 -0.076656
v -0.055426 0.606852 -0.076950
v -0.055329 0.603623 -0.076350
v -0.055390 0.603581 -0.076787
v -0.055248 0.606904 -0.076652
v -0.055281 0.606889 -0.076812
v -0.055120 0.603670 -0.076257
v -0.055203 0.603612 -0.076854
v -0.054891 0.603715 -0.076242
v -0.054974 0.603658 -0.076840
v -0.054704 0.603747 -0.076310
v -0.054873 0.600355 -0.076267
v -0.054884 0.600342 -0.076426
v -0.054752 0.600397 -0.076114
v -0.054765 0.603705 -0.076747
v -0.054783 0.600360 -0.076551
v -0.054554 0.600455 -0.076009
v -0.054609 0.603756 -0.076441
v -0.054631 0.603741 -0.076601
v -0.054597 0.600404 -0.076606
v -0.054332 0.600515 -0.075980
v -0.054375 0.600464 -0.076577
v -0.054481 0.599253 -0.076183
v -0.054502 0.599237 -0.076336
v -0.054360 0.599313 -0.076044
v -0.054146 0.600559 -0.076035
v -0.054418 0.599269 -0.076464
v -0.054172 0.599400 -0.075957
v -0.054178 0.600522 -0.076472
v -0.054045 0.600577 -0.076159
v -0.054057 0.600564 -0.076319
v -0.054251 0.599340 -0.076531
v -0.053968 0.599492 -0.075946
v -0.053701 0.597890 -0.076113
v -0.053728 0.597866 -0.076260
v -0.053585 0.597968 -0.075988
v -0.053660 0.597903 -0.076390
v -0.053412 0.598080 -0.075919
v -0.054047 0.599432 -0.076520
v -0.053801 0.599563 -0.076013
v -0.053513 0.597991 -0.076467
v -0.053227 0.598196 -0.075923
v -0.053859 0.599519 -0.076433
v -0.053717 0.599595 -0.076141
v -0.053329 0.598107 -0.076472
v -0.053738 0.599579 -0.076295
v -0.053081 0.598284 -0.076001
v -0.053155 0.598219 -0.076403
v -0.053012 0.598321 -0.076131
v -0.052587 0.596332 -0.075995
v -0.052617 0.596298 -0.076135
v -0.053040 0.598297 -0.076278
v -0.052477 0.596425 -0.075884
v -0.052558 0.596330 -0.076265
v -0.052317 0.596551 -0.075832
v -0.052427 0.596421 -0.076352
v -0.052148 0.596677 -0.075851
v -0.052258 0.596547 -0.076371
v -0.052017 0.596768 -0.075938
v -0.052098 0.596673 -0.076319
v -0.051958 0.596800 -0.076068
v -0.051988 0.596766 -0.076208
v -0.051177 0.594623 -0.075768
v -0.051207 0.594576 -0.075899
v -0.051074 0.594727 -0.075671
v -0.051155 0.594600 -0.076029
v -0.050924 0.594861 -0.075635
v -0.051035 0.594687 -0.076123
v -0.050768 0.594989 -0.075668
v -0.050879 0.594815 -0.076156
v -0.050648 0.595077 -0.075762
v -0.050729 0.594949 -0.076120
v -0.050596 0.595100 -0.075892
v -0.050626 0.595054 -0.076023
v -0.049510 0.592812 -0.075369
v -0.049537 0.592754 -0.075490
v -0.049413 0.592926 -0.075287
v -0.049489 0.592766 -0.075618
v -0.049274 0.593064 -0.075267
v -0.049377 0.592846 -0.075719
v -0.049128 0.593190 -0.075313
v -0.049232 0.592972 -0.075764
v -0.049016 0.593270 -0.075413
v -0.049092 0.593110 -0.075744
v -0.048968 0.593282 -0.075541
v -0.048995 0.593223 -0.075662
v -0.047624 0.590955 -0.074738
v -0.047649 0.590885 -0.074848
v -0.047535 0.591076 -0.074672
v -0.047601 0.590885 -0.074972
v -0.047404 0.591215 -0.074666
v -0.047495 0.590954 -0.075077
v -0.047268 0.591335 -0.074723
v -0.047358 0.591074 -0.075134
v -0.047161 0.591404 -0.074828
v -0.047227 0.591213 -0.075128
v -0.047114 0.591403 -0.074952
v -0.047138 0.591333 -0.075062
v -0.045562 0.589106 -0.073815
v -0.045581 0.589026 -0.073912
v -0.045479 0.589232 -0.073763
v -0.045533 0.589012 -0.074030
v -0.045356 0.589368 -0.073772
v -0.045430 0.589068 -0.074136
v -0.045225 0.589479 -0.073839
v -0.045299 0.589179 -0.074203
v -0.045122 0.589536 -0.073945
v -0.045176 0.589316 -0.074212
v -0.045074 0.589522 -0.074063
v -0.045094 0.589441 -0.074160
v -0.043361 0.587321 -0.072537
v -0.043376 0.587231 -0.072621
v -0.043285 0.587448 -0.072502
v -0.043326 0.587204 -0.072730
v -0.043168 0.587579 -0.072523
v -0.043224 0.587246 -0.072835
v -0.043042 0.587679 -0.072597
v -0.043097 0.587346 -0.072909
v -0.042940 0.587721 -0.072702
v -0.042980 0.587478 -0.072930
v -0.042889 0.587694 -0.072811
v -0.042904 0.587605 -0.072895
v -0.041064 0.585653 -0.070846
v -0.041074 0.585557 -0.070914
v -0.040993 0.585780 -0.070825
v -0.041020 0.585517 -0.071012
v -0.040880 0.585903 -0.070858
v -0.040917 0.585544 -0.071113
v -0.040756 0.585991 -0.070935
v -0.040793 0.585632 -0.071190
v -0.040653 0.586018 -0.071036
v -0.040680 0.585755 -0.071223
v -0.040599 0.585978 -0.071134
v -0.040609 0.585882 -0.071203
v -0.038708 0.584158 -0.068678
v -0.038714 0.584058 -0.068731
v -0.038641 0.584282 -0.068671
v -0.038657 0.584007 -0.068815
v -0.038530 0.584396 -0.068713
v -0.038552 0.584020 -0.068909
v -0.038406 0.584469 -0.068791
v -0.038428 0.584093 -0.068987
v -0.038302 0.584482 -0.068884
v -0.038318 0.584207 -0.069028
v -0.038245 0.584431 -0.068969
v -0.038251 0.584331 -0.069022
v -0.036332 0.582891 -0.065973
v -0.036336 0.582788 -0.066010
v -0.036268 0.583009 -0.065979
v -0.036276 0.582729 -0.066080
v -0.036158 0.583112 -0.066025
v -0.036170 0.582729 -0.066163
v -0.036034 0.583171 -0.066100
v -0.036046 0.582788 -0.066239
v -0.035928 0.583171 -0.066184
v -0.035936 0.582891 -0.066285
v -0.035868 0.583111 -0.066254
v -0.035871 0.583009 -0.066291
v -0.033971 0.581904 -0.062660
v -0.033975 0.581803 -0.062685
v -0.033907 0.582015 -0.062675
v -0.033917 0.581738 -0.062742
v -0.033799 0.582106 -0.062726
v -0.033812 0.581728 -0.062818
v -0.033676 0.582153 -0.062799
v -0.033690 0.581774 -0.062891
v -0.033572 0.582142 -0.062875
v -0.033582 0.581865 -0.062942
v -0.033514 0.582078 -0.062932
v -0.033517 0.581977 -0.062957
v -0.033481 0.581747 -0.061984
v -0.033482 0.581653 -0.062005
v -0.033423 0.581849 -0.062001
v -0.033428 0.581594 -0.062057
v -0.033326 0.581933 -0.062050
v -0.033333 0.581585 -0.062126
v -0.033215 0.581976 -0.062118
v -0.033222 0.581628 -0.062195
v -0.033119 0.581967 -0.062188
v -0.033124 0.581712 -0.062244
v -0.033065 0.581908 -0.062240
v -0.033067 0.581814 -0.062260
v -0.032733 0.581514 -0.060994
v -0.032735 0.581430 -0.061012
v -0.032682 0.581608 -0.061009
v -0.032686 0.581376 -0.061061
v -0.032594 0.581685 -0.061056
v -0.032601 0.581368 -0.061126
v -0.032494 0.581724 -0.061120
v -0.032501 0.581407 -0.061190
v -0.032409 0.581716 -0.061185
v -0.032413 0.581484 -0.061236
v -0.032360 0.581662 -0.061233
v -0.032362 0.581577 -0.061252
v -0.031782 0.581221 -0.059756
v -0.031784 0.581144 -0.059773
v -0.031736 0.581305 -0.059770
v -0.031741 0.581096 -0.059817
v -0.031658 0.581374 -0.059812
v -0.031664 0.581089 -0.059876
v -0.031569 0.581410 -0.059871
v -0.031575 0.581125 -0.059934
v -0.031492 0.581403 -0.059930
v -0.031497 0.581194 -0.059977
v -0.031449 0.581354 -0.059974
v -0.031451 0.581278 -0.059991
v -0.030679 0.580877 -0.058333
v -0.030681 0.580810 -0.058348
v -0.030638 0.580952 -0.058346
v -0.030643 0.580767 -0.058387
v -0.030569 0.581014 -0.058383
v -0.030575 0.580761 -0.058440
v -0.030490 0.581046 -0.058435
v -0.030496 0.580792 -0.058493
v -0.030422 0.581040 -0.058488
v -0.030426 0.580854 -0.058530
v -0.030384 0.580997 -0.058528
v -0.030385 0.580929 -0.058543
v -0.029474 0.580497 -0.056787
v -0.029476 0.580438 -0.056801
v -0.029438 0.580563 -0.056798
v -0.029443 0.580401 -0.056835
v -0.029378 0.580617 -0.056831
v -0.029384 0.580395 -0.056882
v -0.029309 0.580645 -0.056877
v -0.029314 0.580423 -0.056928
v -0.029249 0.580639 -0.056923
v -0.029254 0.580477 -0.056960
v -0.029216 0.580602 -0.056958
v -0.029218 0.580542 -0.056972
v -0.028219 0.580093 -0.055182
v -0.028221 0.580042 -0.055194
v -0.028188 0.580149 -0.055191
v -0.028192 0.580010 -0.055224
v -0.028136 0.580195 -0.055219
v -0.028142 0.580005 -0.055264
v -0.028077 0.580219 -0.055259
v -0.028082 0.580029 -0.055303
v -0.028026 0.580214 -0.055299
v -0.028030 0.580075 -0.055331
v -0.027998 0.580182 -0.055329
v -0.027999 0.580131 -0.055340
v -0.026964 0.579676 -0.053581
v -0.026966 0.579633 -0.053591
v -0.026938 0.579722 -0.053589
v -0.026942 0.579607 -0.053616
v -0.026895 0.579761 -0.053612
v -0.026900 0.579603 -0.053650
v -0.026845 0.579781 -0.053644
v -0.026851 0.579623 -0.053682
v -0.026803 0.579777 -0.053678
v -0.026807 0.579661 -0.053705
v -0.026779 0.579750 -0.053703
v -0.026781 0.579708 -0.053713
v -0.025761 0.579259 -0.052048
v -0.025763 0.579226 -0.052056
v -0.025740 0.579296 -0.052053
v -0.025744 0.579204 -0.052076
v -0.025705 0.579327 -0.052072
v -0.025710 0.579201 -0.052103
v -0.025666 0.579343 -0.052097
v -0.025671 0.579217 -0.052129
v -0.025632 0.579340 -0.052124
v -0.025636 0.579248 -0.052147
v -0.025613 0.579319 -0.052144
v -0.025614 0.579285 -0.052153
v -0.024662 0.578856 -0.050645
v -0.024663 0.578830 -0.050651
v -0.024646 0.578883 -0.050649
v -0.024649 0.578815 -0.050667
v -0.024619 0.578906 -0.050662
v -0.024624 0.578812 -0.050687
v -0.024589 0.578918 -0.050681
v -0.024594 0.578824 -0.050706
v -0.024564 0.578916 -0.050701
v -0.024567 0.578847 -0.050719
v -0.024550 0.578900 -0.050717
v -0.024551 0.578875 -0.050723
v -0.023716 0.578477 -0.049436
v -0.023717 0.578461 -0.049441
v -0.023705 0.578496 -0.049438
v -0.023708 0.578450 -0.049451
v -0.023687 0.578511 -0.049447
v -0.023691 0.578449 -0.049464
v -0.023667 0.578519 -0.049459
v -0.023671 0.578456 -0.049477
v -0.023653 0.578472 -0.049485
v -0.023642 0.578490 -0.049488
v -0.023641 0.578507 -0.049483
v -0.023650 0.578517 -0.049472
v -0.022975 0.578130 -0.048488
v -0.022964 0.578123 -0.048499
v -0.022971 0.578146 -0.048485
v -0.022961 0.578154 -0.048489
v -0.022951 0.578157 -0.048495
v -0.022954 0.578127 -0.048505
v -0.022940 0.578150 -0.048506
v -0.022945 0.578134 -0.048509
v -0.075940 0.705039 -0.066774
v -0.075896 0.698149 -0.068106
v -0.075841 0.698108 -0.067890
v -0.075874 0.705001 -0.066563
v -0.075836 0.705073 -0.066969
v -0.075828 0.711978 -0.065584
v -0.075737 0.712007 -0.065783
v -0.075549 0.691314 -0.069296
v -0.075630 0.698078 -0.067705
v -0.075346 0.691288 -0.069097
v -0.075780 0.698189 -0.068298
v -0.075592 0.691357 -0.069518
v -0.075752 0.711946 -0.065379
v -0.075657 0.704970 -0.066393
v -0.075591 0.705095 -0.067097
v -0.075503 0.712024 -0.065923
v -0.075665 0.718920 -0.064600
v -0.075586 0.718943 -0.064802
v -0.075464 0.691405 -0.069704
v -0.075524 0.698219 -0.068412
v -0.075529 0.711918 -0.065223
v -0.075579 0.718896 -0.064402
v -0.075363 0.718956 -0.064953
v -0.075320 0.698066 -0.067603
v -0.075345 0.704954 -0.066310
v -0.075554 0.725818 -0.063886
v -0.075488 0.725833 -0.064090
v -0.074892 0.684667 -0.070718
v -0.074699 0.684649 -0.070503
v -0.074923 0.684710 -0.070946
v -0.075038 0.691285 -0.068973
v -0.075269 0.705098 -0.067123
v -0.075188 0.712025 -0.065966
v -0.075458 0.725803 -0.063695
v -0.075351 0.718875 -0.064260
v -0.075276 0.725845 -0.064250
v -0.074671 0.725845 -0.064295
v -0.074977 0.725849 -0.064326
v -0.075199 0.691444 -0.069804
v -0.074783 0.684766 -0.071125
v -0.075197 0.698228 -0.068419
v -0.075218 0.711903 -0.065159
v -0.075056 0.718958 -0.065012
v -0.075226 0.725792 -0.063567
v -0.074438 0.725833 -0.064167
v -0.074395 0.684660 -0.070358
v -0.074993 0.698076 -0.067610
v -0.075024 0.704958 -0.066336
v -0.075041 0.718863 -0.064213
v -0.074707 0.691307 -0.068960
v -0.074868 0.691466 -0.069790
v -0.074511 0.684821 -0.071207
v -0.074958 0.705082 -0.067040
v -0.074887 0.698217 -0.068317
v -0.074877 0.712009 -0.065902
v -0.074903 0.711904 -0.065202
v -0.074747 0.718947 -0.064965
v -0.074919 0.725788 -0.063537
v -0.074342 0.725818 -0.063976
v -0.074063 0.684699 -0.070321
v -0.074737 0.698105 -0.067724
v -0.074442 0.691346 -0.069059
v -0.074779 0.704979 -0.066464
v -0.074734 0.718865 -0.064273
v -0.074741 0.705051 -0.066871
v -0.074654 0.711981 -0.065746
v -0.073764 0.678212 -0.072091
v -0.073782 0.678255 -0.072324
v -0.074620 0.725792 -0.063612
v -0.074409 0.725803 -0.063773
v -0.073583 0.678206 -0.071860
v -0.074560 0.691463 -0.069667
v -0.074179 0.684860 -0.071171
v -0.074676 0.698186 -0.068133
v -0.074669 0.711920 -0.065342
v -0.074519 0.718926 -0.064824
v -0.073633 0.678324 -0.072495
v -0.074621 0.698145 -0.067916
v -0.074675 0.705014 -0.066660
v -0.074314 0.691394 -0.069245
v -0.074578 0.711949 -0.065541
v -0.074511 0.718879 -0.064424
v -0.073289 0.678239 -0.071691
v -0.073791 0.684754 -0.070404
v -0.074357 0.691436 -0.069467
v -0.074432 0.718901 -0.064625
v -0.073876 0.684871 -0.071026
v -0.073357 0.678399 -0.072559
v -0.073652 0.684810 -0.070583
v -0.072959 0.678301 -0.071631
v -0.073683 0.684853 -0.070811
v -0.073027 0.678461 -0.072499
v -0.072682 0.678376 -0.071695
v -0.072732 0.678493 -0.072330
v -0.072059 0.671999 -0.073352
v -0.071894 0.672008 -0.073104
v -0.072063 0.672042 -0.073588
v -0.072533 0.678444 -0.071866
v -0.072551 0.678487 -0.072099
v -0.071907 0.672125 -0.073750
v -0.071613 0.672068 -0.072911
v -0.071630 0.672227 -0.073794
v -0.071292 0.672161 -0.072825
v -0.071309 0.672320 -0.073708
v -0.071015 0.672262 -0.072869
v -0.071028 0.672379 -0.073515
v -0.070858 0.672346 -0.073031
v -0.070863 0.672388 -0.073267
v -0.069668 0.666076 -0.074434
v -0.069524 0.666104 -0.074170
v -0.069658 0.666119 -0.074673
v -0.069264 0.666195 -0.073953
v -0.069497 0.666222 -0.074824
v -0.068959 0.666325 -0.073841
v -0.069228 0.666356 -0.074847
v -0.068923 0.666486 -0.074734
v -0.068690 0.666459 -0.073863
v -0.068529 0.666562 -0.074014
v -0.068663 0.666577 -0.074517
v -0.068519 0.666605 -0.074254
v -0.066484 0.660497 -0.075271
v -0.066366 0.660543 -0.074993
v -0.066460 0.660542 -0.075512
v -0.066137 0.660669 -0.074752
v -0.066299 0.660667 -0.075652
v -0.065858 0.660840 -0.074614
v -0.066046 0.660838 -0.075653
v -0.065605 0.661011 -0.074615
v -0.065767 0.661010 -0.075515
v -0.065444 0.661136 -0.074755
v -0.065538 0.661135 -0.075275
v -0.065420 0.661182 -0.074997
v -0.062402 0.655318 -0.075796
v -0.062314 0.655381 -0.075506
v -0.062363 0.655368 -0.076038
v -0.062125 0.655539 -0.075245
v -0.062210 0.655518 -0.076167
v -0.061884 0.655752 -0.075083
v -0.061982 0.655727 -0.076148
v -0.061656 0.655961 -0.075064
v -0.061741 0.655939 -0.075986
v -0.061502 0.656110 -0.075192
v -0.061551 0.656098 -0.075724
v -0.061464 0.656160 -0.075434
v -0.057345 0.650617 -0.075943
v -0.057290 0.650689 -0.075643
v -0.057291 0.650670 -0.076184
v -0.057138 0.650869 -0.075365
v -0.057140 0.650836 -0.076302
v -0.056931 0.651108 -0.075183
v -0.056934 0.651070 -0.076266
v -0.056725 0.651341 -0.075146
v -0.056727 0.651308 -0.076083
v -0.056574 0.651507 -0.075264
v -0.056575 0.651488 -0.075805
v -0.056520 0.651561 -0.075505
v -0.056767 0.650142 -0.075894
v -0.056726 0.650226 -0.075601
v -0.056703 0.650186 -0.076130
v -0.056591 0.650414 -0.075330
v -0.056551 0.650345 -0.076245
v -0.056399 0.650656 -0.075152
v -0.056353 0.650576 -0.076209
v -0.056201 0.650888 -0.075116
v -0.055976 0.649566 -0.075497
v -0.056010 0.649479 -0.075782
v -0.055848 0.649753 -0.075232
v -0.056160 0.650818 -0.076031
v -0.056049 0.651047 -0.075232
v -0.055940 0.649515 -0.076012
v -0.055660 0.649990 -0.075058
v -0.056026 0.651007 -0.075760
v -0.055985 0.651090 -0.075467
v -0.055785 0.649664 -0.076123
v -0.055462 0.650213 -0.075022
v -0.055587 0.649888 -0.076088
v -0.055307 0.650362 -0.075134
v -0.055399 0.650124 -0.075914
v -0.055237 0.650398 -0.075364
v -0.055271 0.650311 -0.075649
v -0.055066 0.648739 -0.075338
v -0.055095 0.648651 -0.075616
v -0.054943 0.648924 -0.075079
v -0.055023 0.648683 -0.075840
v -0.054759 0.649156 -0.074909
v -0.054869 0.648826 -0.075949
v -0.054564 0.649373 -0.074874
v -0.054674 0.649043 -0.075914
v -0.054409 0.649516 -0.074983
v -0.054490 0.649275 -0.075744
v -0.054337 0.649548 -0.075206
v -0.054367 0.649460 -0.075485
v -0.054039 0.647792 -0.075135
v -0.054066 0.647704 -0.075407
v -0.053921 0.647975 -0.074882
v -0.053993 0.647733 -0.075625
v -0.053742 0.648202 -0.074716
v -0.053841 0.647871 -0.075731
v -0.053550 0.648413 -0.074682
v -0.053649 0.648083 -0.075696
v -0.053398 0.648552 -0.074788
v -0.053470 0.648310 -0.075531
v -0.053325 0.648581 -0.075006
v -0.053352 0.648492 -0.075278
v -0.052939 0.646770 -0.074899
v -0.052963 0.646682 -0.075164
v -0.052825 0.646950 -0.074653
v -0.052890 0.646708 -0.075377
v -0.052651 0.647173 -0.074491
v -0.052740 0.646843 -0.075480
v -0.052464 0.647379 -0.074457
v -0.052553 0.647049 -0.075446
v -0.052314 0.647514 -0.074561
v -0.052379 0.647272 -0.075285
v -0.052241 0.647540 -0.074773
v -0.052265 0.647452 -0.075038
v -0.051805 0.645717 -0.074640
v -0.051827 0.645629 -0.074899
v -0.051696 0.645894 -0.074400
v -0.051754 0.645653 -0.075106
v -0.051527 0.646113 -0.074243
v -0.051607 0.645784 -0.075207
v -0.051345 0.646315 -0.074210
v -0.051425 0.645986 -0.075174
v -0.051198 0.646445 -0.074311
v -0.051257 0.646205 -0.075016
v -0.051126 0.646470 -0.074518
v -0.051147 0.646382 -0.074776
v -0.050680 0.644676 -0.074369
v -0.050699 0.644588 -0.074621
v -0.050575 0.644851 -0.074136
v -0.050627 0.644611 -0.074823
v -0.050413 0.645066 -0.073982
v -0.050484 0.644738 -0.074921
v -0.050236 0.645263 -0.073951
v -0.050307 0.644936 -0.074890
v -0.050092 0.645391 -0.074049
v -0.050144 0.645151 -0.074736
v -0.050020 0.645414 -0.074251
v -0.050039 0.645326 -0.074502
v -0.049604 0.643691 -0.074097
v -0.049620 0.643603 -0.074341
v -0.049504 0.643864 -0.073869
v -0.049549 0.643624 -0.074538
v -0.049348 0.644076 -0.073721
v -0.049409 0.643748 -0.074634
v -0.049177 0.644270 -0.073690
v -0.049238 0.643942 -0.074603
v -0.049038 0.644394 -0.073786
v -0.049082 0.644154 -0.074454
v -0.048966 0.644415 -0.073982
v -0.048982 0.644328 -0.074227
v -0.048617 0.642805 -0.073832
v -0.048630 0.642716 -0.074070
v -0.048524 0.642977 -0.073612
v -0.048558 0.642735 -0.074261
v -0.048376 0.643187 -0.073468
v -0.048423 0.642857 -0.074355
v -0.048212 0.643379 -0.073439
v -0.048259 0.643049 -0.074326
v -0.048076 0.643500 -0.073532
v -0.048110 0.643259 -0.074181
v -0.048005 0.643520 -0.073724
v -0.048018 0.643431 -0.073961
v -0.047759 0.642061 -0.073586
v -0.047766 0.641970 -0.073816
v -0.047675 0.642235 -0.073374
v -0.047695 0.641987 -0.074002
v -0.047537 0.642445 -0.073235
v -0.047564 0.642107 -0.074093
v -0.047382 0.642635 -0.073208
v -0.047409 0.642297 -0.074066
v -0.047251 0.642755 -0.073300
v -0.047271 0.642507 -0.073928
v -0.047180 0.642772 -0.073485
v -0.047187 0.642681 -0.073715
v -0.047067 0.641499 -0.073367
v -0.047064 0.641403 -0.073587
v -0.047000 0.641680 -0.073165
v -0.046990 0.641416 -0.073767
v -0.046879 0.641895 -0.073035
v -0.046866 0.641535 -0.073857
v -0.046738 0.642089 -0.073012
v -0.046725 0.641728 -0.073834
v -0.046614 0.642208 -0.073102
v -0.046604 0.641944 -0.073704
v -0.046540 0.642221 -0.073281
v -0.046537 0.642124 -0.073501
v -0.046581 0.641166 -0.073185
v -0.046560 0.641059 -0.073392
v -0.046539 0.641358 -0.072997
v -0.046444 0.641583 -0.072880
v -0.046481 0.641067 -0.073563
v -0.046366 0.641186 -0.073653
v -0.046323 0.641783 -0.072863
v -0.046244 0.641385 -0.073636
v -0.046207 0.641902 -0.072953
v -0.046149 0.641611 -0.073519
v -0.046128 0.641909 -0.073124
v -0.045299 0.640439 -0.072573
v -0.045264 0.640327 -0.072768
v -0.045275 0.640636 -0.072399
v -0.045199 0.640865 -0.072292
v -0.046107 0.641803 -0.073331
v -0.045180 0.640330 -0.072931
v -0.045091 0.641065 -0.072281
v -0.045069 0.640446 -0.073018
v -0.044980 0.641182 -0.072369
v -0.044961 0.640646 -0.073007
v -0.044896 0.641184 -0.072532
v -0.044885 0.640875 -0.072901
v -0.044861 0.641072 -0.072727
v -0.044031 0.639741 -0.071902
v -0.044015 0.639936 -0.071737
v -0.043990 0.639628 -0.072088
v -0.043947 0.640161 -0.071636
v -0.043844 0.640356 -0.071627
v -0.043904 0.639628 -0.072243
v -0.043734 0.640469 -0.071711
v -0.043794 0.639740 -0.072327
v -0.043648 0.640468 -0.071867
v -0.043692 0.639935 -0.072318
v -0.043607 0.640356 -0.072052
v -0.043623 0.640161 -0.072217
v -0.042761 0.639256 -0.071018
v -0.042771 0.639063 -0.071174
v -0.042699 0.639477 -0.070922
v -0.042726 0.638950 -0.071350
v -0.042601 0.639666 -0.070914
v -0.042637 0.638948 -0.071499
v -0.042493 0.639775 -0.070995
v -0.042530 0.639056 -0.071580
v -0.042405 0.639772 -0.071143
v -0.042431 0.639246 -0.071571
v -0.042360 0.639660 -0.071319
v -0.042369 0.639467 -0.071476
v -0.041517 0.638594 -0.070247
v -0.041521 0.638405 -0.070396
v -0.041460 0.638810 -0.070157
v -0.041472 0.638293 -0.070563
v -0.041367 0.638995 -0.070150
v -0.041383 0.638288 -0.070705
v -0.041261 0.639099 -0.070227
v -0.041277 0.638392 -0.070782
v -0.041172 0.639094 -0.070369
v -0.041183 0.638577 -0.070775
v -0.041122 0.638982 -0.070536
v -0.041127 0.638793 -0.070685
v -0.040286 0.637764 -0.069574
v -0.040234 0.637654 -0.069734
v -0.040286 0.637950 -0.069433
v -0.040234 0.638160 -0.069348
v -0.040144 0.638339 -0.069342
v -0.040144 0.637648 -0.069868
v -0.040040 0.638440 -0.069416
v -0.040041 0.637748 -0.069943
v -0.039951 0.637927 -0.069936
v -0.039951 0.638434 -0.069550
v -0.039899 0.638323 -0.069710
v -0.039899 0.638138 -0.069851
v -0.039071 0.637322 -0.068583
v -0.039067 0.637141 -0.068717
v -0.039023 0.637526 -0.068502
v -0.039014 0.637032 -0.068869
v -0.038937 0.637700 -0.068497
v -0.038924 0.637025 -0.068997
v -0.038835 0.637796 -0.068567
v -0.038823 0.637121 -0.069068
v -0.038746 0.637789 -0.068696
v -0.038737 0.637294 -0.069062
v -0.038692 0.637680 -0.068847
v -0.038689 0.637499 -0.068981
v -0.037876 0.636709 -0.067704
v -0.037870 0.636533 -0.067831
v -0.037831 0.636908 -0.067627
v -0.037815 0.636426 -0.067975
v -0.037749 0.637076 -0.067622
v -0.037649 0.637168 -0.067689
v -0.037726 0.636418 -0.068098
v -0.037627 0.636510 -0.068165
v -0.037561 0.637160 -0.067812
v -0.037544 0.636678 -0.068160
v -0.037506 0.637053 -0.067956
v -0.037500 0.636877 -0.068083
v -0.036704 0.636110 -0.066803
v -0.036696 0.635939 -0.066924
v -0.036663 0.636303 -0.066730
v -0.036583 0.636465 -0.066725
v -0.036641 0.635835 -0.067061
v -0.036553 0.635826 -0.067177
v -0.036486 0.636553 -0.066789
v -0.036457 0.635914 -0.067242
v -0.036398 0.636544 -0.066905
v -0.036377 0.636076 -0.067237
v -0.036343 0.636440 -0.067042
v -0.036335 0.636269 -0.067164
v -0.035560 0.635525 -0.065887
v -0.035550 0.635359 -0.066002
v -0.035520 0.635710 -0.065817
v -0.035444 0.635867 -0.065813
v -0.035495 0.635258 -0.066133
v -0.035349 0.635951 -0.065874
v -0.035409 0.635248 -0.066244
v -0.035263 0.635941 -0.065984
v -0.035315 0.635333 -0.066305
v -0.035208 0.635840 -0.066115
v -0.035238 0.635489 -0.066300
v -0.035199 0.635675 -0.066230
v -0.034445 0.634951 -0.064964
v -0.034435 0.634791 -0.065074
v -0.034408 0.635130 -0.064897
v -0.034334 0.635280 -0.064892
v -0.034381 0.634693 -0.065198
v -0.034242 0.635361 -0.064950
v -0.034296 0.634683 -0.065303
v -0.034158 0.635351 -0.065055
v -0.034205 0.634763 -0.065361
v -0.034103 0.635252 -0.065180
v -0.034130 0.634913 -0.065356
v -0.034093 0.635092 -0.065290
v -0.033365 0.634387 -0.064040
v -0.033329 0.634559 -0.063977
v -0.033354 0.634233 -0.064145
v -0.033257 0.634703 -0.063971
v -0.033301 0.634139 -0.064264
v -0.033168 0.634780 -0.064026
v -0.033218 0.634128 -0.064364
v -0.033086 0.634770 -0.064126
v -0.033129 0.634205 -0.064418
v -0.033032 0.634675 -0.064244
v -0.033058 0.634349 -0.064413
v -0.033022 0.634521 -0.064350
v -0.032322 0.633834 -0.063124
v -0.032314 0.633688 -0.063227
v -0.032285 0.633997 -0.063061
v -0.032213 0.634134 -0.063053
v -0.032264 0.633597 -0.063341
v -0.032126 0.634206 -0.063104
v -0.032184 0.633587 -0.063437
v -0.032046 0.634196 -0.063199
v -0.032097 0.633660 -0.063488
v -0.032025 0.633796 -0.063480
v -0.031996 0.634106 -0.063314
v -0.031988 0.633960 -0.063417
v -0.030861 0.632972 -0.061833
v -0.030872 0.632836 -0.061923
v -0.030809 0.633119 -0.061780
v -0.030840 0.632746 -0.062028
v -0.030730 0.633236 -0.061780
v -0.030645 0.633293 -0.061831
v -0.030772 0.632727 -0.062118
v -0.030578 0.633274 -0.061921
v -0.030688 0.632784 -0.062169
v -0.030609 0.632901 -0.062169
v -0.030545 0.633184 -0.062025
v -0.030557 0.633048 -0.062116
v -0.029430 0.631944 -0.060578
v -0.029458 0.631820 -0.060657
v -0.029366 0.632072 -0.060535
v -0.029442 0.631734 -0.060751
v -0.029283 0.632170 -0.060540
v -0.029387 0.631709 -0.060835
v -0.029204 0.632212 -0.060592
v -0.029307 0.631751 -0.060887
v -0.029148 0.632186 -0.060676
v -0.029224 0.631849 -0.060892
v -0.029133 0.632100 -0.060770
v -0.029161 0.631977 -0.060849
v -0.028070 0.630670 -0.059410
v -0.028031 0.630780 -0.059343
v -0.028068 0.630589 -0.059492
v -0.027961 0.630890 -0.059312
v -0.028024 0.630559 -0.059569
v -0.027878 0.630970 -0.059323
v -0.027952 0.630588 -0.059620
v -0.027806 0.631000 -0.059374
v -0.027869 0.630669 -0.059631
v -0.027762 0.630970 -0.059451
v -0.027799 0.630779 -0.059600
v -0.027760 0.630889 -0.059533
v -0.026711 0.629417 -0.058166
v -0.026719 0.629343 -0.058236
v -0.026665 0.629514 -0.058113
v -0.026686 0.629310 -0.058305
v -0.026594 0.629607 -0.058092
v -0.026622 0.629328 -0.058354
v -0.026515 0.629671 -0.058108
v -0.026543 0.629393 -0.058370
v -0.026451 0.629689 -0.058157
v -0.026471 0.629486 -0.058349
v -0.026418 0.629657 -0.058226
v -0.026426 0.629583 -0.058296
v -0.025398 0.628027 -0.056967
v -0.025374 0.627993 -0.057027
v -0.025383 0.628094 -0.056910
v -0.025334 0.628178 -0.056870
v -0.025265 0.628255 -0.056858
v -0.025319 0.628003 -0.057073
v -0.025192 0.628305 -0.056878
v -0.025247 0.628053 -0.057093
v -0.025137 0.628314 -0.056925
v -0.025177 0.628129 -0.057082
v -0.025114 0.628280 -0.056984
v -0.025128 0.628213 -0.057042
v -0.024105 0.626674 -0.055670
v -0.024087 0.626734 -0.055625
v -0.024090 0.626641 -0.055720
v -0.024039 0.626804 -0.055597
v -0.023974 0.626866 -0.055594
v -0.024044 0.626643 -0.055762
v -0.023911 0.626903 -0.055616
v -0.023980 0.626680 -0.055784
v -0.023865 0.626905 -0.055658
v -0.023915 0.626742 -0.055781
v -0.023867 0.626812 -0.055753
v -0.023849 0.626872 -0.055708
v -0.022844 0.625316 -0.054328
v -0.022824 0.625367 -0.054295
v -0.022835 0.625285 -0.054368
v -0.022780 0.625425 -0.054277
v -0.022798 0.625282 -0.054404
v -0.022723 0.625473 -0.054280
v -0.022744 0.625308 -0.054427
v -0.022669 0.625499 -0.054303
v -0.022687 0.625356 -0.054430
v -0.022632 0.625495 -0.054339
v -0.022642 0.625413 -0.054413
v -0.022622 0.625464 -0.054380
v -0.021616 0.623986 -0.052925
v -0.021611 0.623957 -0.052955
v -0.021596 0.624028 -0.052903
v -0.021558 0.624072 -0.052894
v -0.021582 0.623951 -0.052985
v -0.021510 0.624107 -0.052901
v -0.021538 0.623967 -0.053006
v -0.021466 0.624124 -0.052922
v -0.021491 0.624002 -0.053013
v -0.021438 0.624117 -0.052952
v -0.021452 0.624047 -0.053004
v -0.021433 0.624089 -0.052982
v -0.020420 0.622714 -0.051445
v -0.020418 0.622691 -0.051466
v -0.020404 0.622746 -0.051432
v -0.020373 0.622778 -0.051429
v -0.020398 0.622682 -0.051488
v -0.020365 0.622691 -0.051505
v -0.020336 0.622802 -0.051438
v -0.020303 0.622811 -0.051455
v -0.020328 0.622715 -0.051514
v -0.020282 0.622802 -0.051477
v -0.020297 0.622747 -0.051511
v -0.020280 0.622779 -0.051498
v -0.019260 0.621533 -0.049870
v -0.019259 0.621516 -0.049882
v -0.019247 0.621554 -0.049864
v -0.019247 0.621508 -0.049897
v -0.019226 0.621575 -0.049865
v -0.019224 0.621511 -0.049909
v -0.019200 0.621588 -0.049873
v -0.019199 0.621525 -0.049917
v -0.019178 0.621592 -0.049885
v -0.019177 0.621546 -0.049918
v -0.019165 0.621584 -0.049900
v -0.019165 0.621567 -0.049912
v -0.018134 0.620474 -0.048184
v -0.018135 0.620465 -0.048189
v -0.018127 0.620485 -0.048182
v -0.018128 0.620460 -0.048195
v -0.018116 0.620494 -0.048184
v -0.018117 0.620460 -0.048202
v -0.018103 0.620500 -0.048189
v -0.018104 0.620466 -0.048207
v -0.018093 0.620475 -0.048209
v -0.018086 0.620486 -0.048207
v -0.018086 0.620495 -0.048202
v -0.018092 0.620500 -0.048195
v -0.110300 0.545457 -0.063435
v -0.110690 0.544592 -0.063018
v -0.110703 0.544597 -0.063017
v -0.110279 0.545455 -0.063417
v -0.110679 0.544591 -0.063009
v -0.110326 0.545470 -0.063434
v -0.110715 0.544606 -0.063007
v -0.110267 0.545465 -0.063386
v -0.110673 0.544595 -0.062993
v -0.110348 0.545489 -0.063416
v -0.110722 0.544615 -0.062991
v -0.110267 0.545482 -0.063349
v -0.110674 0.544603 -0.062974
v -0.110361 0.545510 -0.063384
v -0.110723 0.544622 -0.062972
v -0.110280 0.545503 -0.063317
v -0.110681 0.544612 -0.062958
v -0.110362 0.545527 -0.063347
v -0.110717 0.544626 -0.062956
v -0.110303 0.545522 -0.063299
v -0.110693 0.544620 -0.062948
v -0.110350 0.545536 -0.063316
v -0.110706 0.544626 -0.062947
v -0.110328 0.545534 -0.063298
v -0.109944 0.546373 -0.063825
v -0.109926 0.546338 -0.063871
v -0.109944 0.546401 -0.063772
v -0.109894 0.546306 -0.063898
v -0.109925 0.546415 -0.063725
v -0.109857 0.546286 -0.063897
v -0.109893 0.546412 -0.063698
v -0.109825 0.546283 -0.063870
v -0.109856 0.546392 -0.063698
v -0.109806 0.546297 -0.063824
v -0.109806 0.546326 -0.063771
v -0.109824 0.546360 -0.063724
v -0.109480 0.547209 -0.064301
v -0.109457 0.547160 -0.064361
v -0.109478 0.547249 -0.064230
v -0.109416 0.547115 -0.064394
v -0.109453 0.547269 -0.064169
v -0.109368 0.547086 -0.064393
v -0.109410 0.547264 -0.064133
v -0.109326 0.547081 -0.064357
v -0.109362 0.547235 -0.064131
v -0.109300 0.547101 -0.064295
v -0.109321 0.547190 -0.064165
v -0.109299 0.547141 -0.064225
v -0.108951 0.547961 -0.064871
v -0.108902 0.547903 -0.064912
v -0.108978 0.548024 -0.064797
v -0.108976 0.548076 -0.064710
v -0.108944 0.548101 -0.064633
v -0.108843 0.547865 -0.064909
v -0.108891 0.548094 -0.064587
v -0.108790 0.547858 -0.064863
v -0.108832 0.548056 -0.064585
v -0.108758 0.547883 -0.064786
v -0.108782 0.547998 -0.064625
v -0.108755 0.547934 -0.064699
v -0.108449 0.548825 -0.065300
v -0.108418 0.548748 -0.065388
v -0.108445 0.548887 -0.065197
v -0.108359 0.548676 -0.065437
v -0.108407 0.548918 -0.065104
v -0.108289 0.548630 -0.065432
v -0.108345 0.548908 -0.065049
v -0.108227 0.548620 -0.065376
v -0.108275 0.548861 -0.065044
v -0.108189 0.548650 -0.065284
v -0.108217 0.548790 -0.065092
v -0.108185 0.548712 -0.065180
v -0.107902 0.549618 -0.065798
v -0.107865 0.549528 -0.065900
v -0.107898 0.549689 -0.065676
v -0.107797 0.549444 -0.065956
v -0.107854 0.549724 -0.065568
v -0.107716 0.549388 -0.065951
v -0.107783 0.549711 -0.065502
v -0.107644 0.549376 -0.065885
v -0.107702 0.549655 -0.065496
v -0.107601 0.549410 -0.065776
v -0.107634 0.549571 -0.065552
v -0.107597 0.549481 -0.065655
v -0.107346 0.550408 -0.066275
v -0.107302 0.550307 -0.066393
v -0.107343 0.550487 -0.066134
v -0.107224 0.550212 -0.066458
v -0.107295 0.550524 -0.066009
v -0.107132 0.550148 -0.066451
v -0.107214 0.550508 -0.065933
v -0.107051 0.550133 -0.066375
v -0.107122 0.550444 -0.065926
v -0.107003 0.550169 -0.066250
v -0.107044 0.550349 -0.065990
v -0.107000 0.550248 -0.066109
v -0.106791 0.551201 -0.066719
v -0.106738 0.551093 -0.066854
v -0.106792 0.551286 -0.066558
v -0.106648 0.550989 -0.066928
v -0.106740 0.551323 -0.066414
v -0.106544 0.550917 -0.066921
v -0.106651 0.551303 -0.066328
v -0.106454 0.550898 -0.066834
v -0.106547 0.551232 -0.066320
v -0.106403 0.550935 -0.066691
v -0.106457 0.551128 -0.066395
v -0.106404 0.551019 -0.066530
v -0.106246 0.552005 -0.067115
v -0.106182 0.551892 -0.067270
v -0.106253 0.552090 -0.066932
v -0.106078 0.551782 -0.067355
v -0.106200 0.552126 -0.066771
v -0.105962 0.551704 -0.067347
v -0.106102 0.552101 -0.066673
v -0.105864 0.551679 -0.067250
v -0.105986 0.552023 -0.066666
v -0.105811 0.551715 -0.067088
v -0.105881 0.551913 -0.066751
v -0.105818 0.551800 -0.066905
v -0.105722 0.552823 -0.067451
v -0.105644 0.552711 -0.067626
v -0.105737 0.552906 -0.067245
v -0.105685 0.552936 -0.067064
v -0.105523 0.552599 -0.067723
v -0.105580 0.552906 -0.066955
v -0.105393 0.552517 -0.067716
v -0.105449 0.552823 -0.066949
v -0.105287 0.552487 -0.067608
v -0.105235 0.552517 -0.067426
v -0.105328 0.552711 -0.067046
v -0.105250 0.552599 -0.067220
v -0.105230 0.553659 -0.067712
v -0.105255 0.553736 -0.067483
v -0.105136 0.553551 -0.067907
v -0.105203 0.553760 -0.067283
v -0.104996 0.553441 -0.068017
v -0.105088 0.553727 -0.067164
v -0.104850 0.553358 -0.068012
v -0.104942 0.553644 -0.067159
v -0.104736 0.553324 -0.067893
v -0.104803 0.553533 -0.067268
v -0.104684 0.553349 -0.067692
v -0.104708 0.553426 -0.067464
v -0.104617 0.554783 -0.068012
v -0.104664 0.554862 -0.067786
v -0.104501 0.554679 -0.068199
v -0.104628 0.554893 -0.067582
v -0.104346 0.554576 -0.068297
v -0.104520 0.554869 -0.067453
v -0.104195 0.554502 -0.068279
v -0.104369 0.554795 -0.067436
v -0.104087 0.554478 -0.068151
v -0.104214 0.554692 -0.067533
v -0.104051 0.554509 -0.067947
v -0.104098 0.554587 -0.067720
v -0.103732 0.556556 -0.068462
v -0.103799 0.556640 -0.068241
v -0.103598 0.556449 -0.068638
v -0.103779 0.556680 -0.068035
v -0.103679 0.556664 -0.067898
v -0.103432 0.556349 -0.068721
v -0.103278 0.556282 -0.068690
v -0.103525 0.556597 -0.067867
v -0.103359 0.556497 -0.067950
v -0.103178 0.556267 -0.068553
v -0.103158 0.556306 -0.068346
v -0.103224 0.556391 -0.068126
v -0.102716 0.558940 -0.068817
v -0.102630 0.558850 -0.069031
v -0.102712 0.558987 -0.068610
v -0.102480 0.558741 -0.069193
v -0.102622 0.558979 -0.068464
v -0.102304 0.558642 -0.069261
v -0.102468 0.558918 -0.068420
v -0.102150 0.558581 -0.069217
v -0.102292 0.558819 -0.068488
v -0.102059 0.558573 -0.069071
v -0.102141 0.558710 -0.068650
v -0.102056 0.558620 -0.068864
v -0.101470 0.561632 -0.069483
v -0.101366 0.561537 -0.069688
v -0.101483 0.561687 -0.069277
v -0.101200 0.561425 -0.069836
v -0.101403 0.561686 -0.069124
v -0.101017 0.561329 -0.069887
v -0.101251 0.561630 -0.069065
v -0.100864 0.561272 -0.069829
v -0.101067 0.561533 -0.069117
v -0.100784 0.561271 -0.069676
v -0.100901 0.561422 -0.069265
v -0.100797 0.561326 -0.069469
v -0.100115 0.564590 -0.070209
v -0.099994 0.564489 -0.070403
v -0.100146 0.564652 -0.070005
v -0.100077 0.564658 -0.069845
v -0.099814 0.564376 -0.070535
v -0.099927 0.564606 -0.069773
v -0.099624 0.564282 -0.070570
v -0.099737 0.564512 -0.069808
v -0.099474 0.564230 -0.070498
v -0.099557 0.564399 -0.069940
v -0.099405 0.564236 -0.070338
v -0.099436 0.564298 -0.070134
v -0.098706 0.567687 -0.070965
v -0.098754 0.567755 -0.070764
v -0.098568 0.567582 -0.071147
v -0.098697 0.567768 -0.070599
v -0.098375 0.567468 -0.071261
v -0.098551 0.567722 -0.070514
v -0.098180 0.567376 -0.071278
v -0.098356 0.567629 -0.070531
v -0.098034 0.567330 -0.071193
v -0.098163 0.567515 -0.070646
v -0.097977 0.567342 -0.071028
v -0.098025 0.567410 -0.070828
v -0.097296 0.570797 -0.071720
v -0.097360 0.570871 -0.071525
v -0.097141 0.570688 -0.071888
v -0.097316 0.570890 -0.071356
v -0.096937 0.570573 -0.071985
v -0.097176 0.570850 -0.071257
v -0.096738 0.570484 -0.071984
v -0.096977 0.570760 -0.071256
v -0.096598 0.570444 -0.071885
v -0.096773 0.570646 -0.071353
v -0.096554 0.570463 -0.071716
v -0.096618 0.570537 -0.071521
v -0.095939 0.573793 -0.072445
v -0.096020 0.573872 -0.072257
v -0.095769 0.573681 -0.072598
v -0.095989 0.573898 -0.072084
v -0.095855 0.573863 -0.071974
v -0.095554 0.573566 -0.072675
v -0.095654 0.573777 -0.071954
v -0.095353 0.573481 -0.072656
v -0.095440 0.573663 -0.072031
v -0.095220 0.573446 -0.072545
v -0.095269 0.573551 -0.072184
v -0.095189 0.573472 -0.072372
v -0.094785 0.576633 -0.072929
v -0.094688 0.576549 -0.073109
v -0.094768 0.576665 -0.072755
v -0.094504 0.576434 -0.073246
v -0.094642 0.576636 -0.072632
v -0.094281 0.576321 -0.073303
v -0.094440 0.576554 -0.072595
v -0.094080 0.576239 -0.073265
v -0.094218 0.576441 -0.072652
v -0.093954 0.576210 -0.073143
v -0.094033 0.576327 -0.072788
v -0.093936 0.576242 -0.072968
v -0.093711 0.579027 -0.073513
v -0.093598 0.578939 -0.073683
v -0.093708 0.579066 -0.073338
v -0.093401 0.578823 -0.073802
v -0.093590 0.579043 -0.073204
v -0.093171 0.578711 -0.073838
v -0.093390 0.578965 -0.073148
v -0.092971 0.578633 -0.073782
v -0.093160 0.578853 -0.073184
v -0.092853 0.578610 -0.073648
v -0.092963 0.578737 -0.073303
v -0.092851 0.578648 -0.073473
v -0.092849 0.580930 -0.073977
v -0.092722 0.580837 -0.074136
v -0.092861 0.580973 -0.073803
v -0.092513 0.580720 -0.074236
v -0.092753 0.580956 -0.073659
v -0.092278 0.580610 -0.074251
v -0.092556 0.580882 -0.073584
v -0.092081 0.580537 -0.074176
v -0.092322 0.580772 -0.073599
v -0.091974 0.580519 -0.074032
v -0.092113 0.580655 -0.073699
v -0.091985 0.580562 -0.073857
v -0.092258 0.582208 -0.074291
v -0.092114 0.582116 -0.074438
v -0.092285 0.582254 -0.074118
v -0.092189 0.582242 -0.073964
v -0.091894 0.582003 -0.074519
v -0.091995 0.582174 -0.073872
v -0.091654 0.581898 -0.074513
v -0.091756 0.582070 -0.073865
v -0.091461 0.581831 -0.074420
v -0.092025 0.582776 -0.074393
v -0.092055 0.582818 -0.074216
v -0.091876 0.582691 -0.074544
v -0.091957 0.582804 -0.074060
v -0.091535 0.581956 -0.073946
v -0.091647 0.582585 -0.074628
v -0.091365 0.581818 -0.074267
v -0.091718 0.583595 -0.074521
v -0.091749 0.583634 -0.074340
v -0.091564 0.583514 -0.074675
v -0.091392 0.581864 -0.074093
v -0.091759 0.582740 -0.073966
v -0.091650 0.583620 -0.074181
v -0.091401 0.582486 -0.074623
v -0.091329 0.583413 -0.074761
v -0.091513 0.582641 -0.073961
v -0.091447 0.583558 -0.074087
v -0.091348 0.584617 -0.074668
v -0.091381 0.584655 -0.074484
v -0.091191 0.584538 -0.074825
v -0.091203 0.582421 -0.074529
v -0.091076 0.583318 -0.074757
v -0.091281 0.584641 -0.074323
v -0.091284 0.582534 -0.074045
v -0.090951 0.584438 -0.074914
v -0.091195 0.583463 -0.074082
v -0.091105 0.582407 -0.074373
v -0.091074 0.584579 -0.074227
v -0.091135 0.582449 -0.074196
v -0.090873 0.583255 -0.074662
v -0.090931 0.585790 -0.074830
v -0.090965 0.585828 -0.074643
v -0.090694 0.584344 -0.074909
v -0.090771 0.585711 -0.074990
v -0.090960 0.583362 -0.074168
v -0.090863 0.585813 -0.074479
v -0.090775 0.583242 -0.074504
v -0.090816 0.584485 -0.074223
v -0.090527 0.585610 -0.075080
v -0.090806 0.583281 -0.074323
v -0.090487 0.584282 -0.074814
v -0.090653 0.585750 -0.074382
v -0.090577 0.584385 -0.074311
v -0.090265 0.585516 -0.075076
v -0.090481 0.587062 -0.075002
v -0.090318 0.586982 -0.075164
v -0.090515 0.587100 -0.074812
v -0.090386 0.584268 -0.074652
v -0.090412 0.587084 -0.074645
v -0.090419 0.584306 -0.074468
v -0.090391 0.585656 -0.074378
v -0.090070 0.586880 -0.075256
v -0.090055 0.585453 -0.074979
v -0.090198 0.587020 -0.074546
v -0.090147 0.585556 -0.074468
v -0.089804 0.586784 -0.075251
v -0.090010 0.588383 -0.075177
v -0.090045 0.588421 -0.074984
v -0.089953 0.585438 -0.074815
v -0.089845 0.588301 -0.075342
v -0.089987 0.585476 -0.074628
v -0.089940 0.588405 -0.074815
v -0.089932 0.586925 -0.074542
v -0.089594 0.588196 -0.075435
v -0.089591 0.586720 -0.075153
v -0.089724 0.588339 -0.074715
v -0.089684 0.586823 -0.074634
v -0.089323 0.588098 -0.075430
v -0.089487 0.586705 -0.074986
v -0.089533 0.589701 -0.075351
v -0.089568 0.589740 -0.075155
v -0.089365 0.589617 -0.075518
v -0.089521 0.586742 -0.074796
v -0.089454 0.588241 -0.074710
v -0.089462 0.589723 -0.074983
v -0.089111 0.589510 -0.075612
v -0.089107 0.588032 -0.075330
v -0.089243 0.589655 -0.074881
v -0.089202 0.588136 -0.074803
v -0.089002 0.588016 -0.075161
v -0.088837 0.589408 -0.075608
v -0.089061 0.590969 -0.075518
v -0.089097 0.591009 -0.075320
v -0.088892 0.590881 -0.075688
v -0.089037 0.588054 -0.074968
v -0.088969 0.589553 -0.074876
v -0.088990 0.590990 -0.075145
v -0.088635 0.590769 -0.075783
v -0.088618 0.589340 -0.075505
v -0.088768 0.590918 -0.075041
v -0.088715 0.589446 -0.074970
v -0.088512 0.589323 -0.075333
v -0.088359 0.590663 -0.075778
v -0.088609 0.592136 -0.075674
v -0.088645 0.592177 -0.075472
v -0.088439 0.592043 -0.075846
v -0.088547 0.589361 -0.075137
v -0.088537 0.592157 -0.075295
v -0.088492 0.590812 -0.075036
v -0.088180 0.591925 -0.075941
v -0.088137 0.590591 -0.075674
v -0.088314 0.592080 -0.075189
v -0.088235 0.590700 -0.075131
v -0.087901 0.591812 -0.075935
v -0.088188 0.593154 -0.075813
v -0.088224 0.593198 -0.075609
v -0.088030 0.590573 -0.075499
v -0.088018 0.593054 -0.075986
v -0.088065 0.590613 -0.075300
v -0.088115 0.593175 -0.075428
v -0.088035 0.591967 -0.075183
v -0.087759 0.592926 -0.076082
v -0.087678 0.591735 -0.075829
v -0.087892 0.593090 -0.075320
v -0.087776 0.591848 -0.075278
v -0.087807 0.593983 -0.075931
v -0.087841 0.594032 -0.075725
v -0.087480 0.592802 -0.076075
v -0.087640 0.593870 -0.076105
v -0.087570 0.591714 -0.075652
v -0.087733 0.594003 -0.075541
v -0.087606 0.591756 -0.075450
v -0.087613 0.592967 -0.075312
v -0.087385 0.593722 -0.076200
v -0.087256 0.592718 -0.075966
v -0.087513 0.593904 -0.075429
v -0.087495 0.594536 -0.076019
v -0.087535 0.594576 -0.075808
v -0.087322 0.594428 -0.076196
v -0.087354 0.592838 -0.075408
v -0.087111 0.593580 -0.076190
v -0.087431 0.594537 -0.075620
v -0.087148 0.592694 -0.075786
v -0.087063 0.594281 -0.076292
v -0.087183 0.592738 -0.075581
v -0.087238 0.593761 -0.075419
v -0.087078 0.595357 -0.076024
v -0.087120 0.595380 -0.075818
v -0.087211 0.594429 -0.075506
v -0.086890 0.593481 -0.076078
v -0.086904 0.595270 -0.076201
v -0.087019 0.595335 -0.075637
v -0.086786 0.594134 -0.076282
v -0.086983 0.593614 -0.075514
v -0.086644 0.595145 -0.076300
v -0.086782 0.593452 -0.075895
v -0.086934 0.594282 -0.075496
v -0.086802 0.595232 -0.075530
v -0.086817 0.593500 -0.075688
v -0.086566 0.594027 -0.076168
v -0.086060 0.597493 -0.076030
v -0.086099 0.597512 -0.075829
v -0.085892 0.597413 -0.076205
v -0.086370 0.595013 -0.076296
v -0.085999 0.597467 -0.075656
v -0.086674 0.594135 -0.075592
v -0.086528 0.595101 -0.075526
v -0.085641 0.597296 -0.076306
v -0.086462 0.593987 -0.075980
v -0.086501 0.594027 -0.075769
v -0.085786 0.597368 -0.075556
v -0.086153 0.594911 -0.076189
v -0.086269 0.594975 -0.075626
v -0.085373 0.597171 -0.076307
v -0.086052 0.594865 -0.076008
v -0.085518 0.597243 -0.075557
v -0.086095 0.594889 -0.075802
v -0.085160 0.597072 -0.076207
v -0.085266 0.597126 -0.075658
v -0.085060 0.597027 -0.076034
v -0.085098 0.597046 -0.075833
v -0.084560 0.600701 -0.076035
v -0.084595 0.600718 -0.075840
v -0.084399 0.600626 -0.076207
v -0.084495 0.600673 -0.075673
v -0.084156 0.600514 -0.076310
v -0.084287 0.600577 -0.075581
v -0.083896 0.600394 -0.076316
v -0.084027 0.600457 -0.075586
v -0.083688 0.600299 -0.076223
v -0.083784 0.600345 -0.075689
v -0.083588 0.600254 -0.076057
v -0.083623 0.600271 -0.075861
v -0.082692 0.604742 -0.076037
v -0.082539 0.604672 -0.076207
v -0.082723 0.604757 -0.075847
v -0.082624 0.604712 -0.075688
v -0.082305 0.604565 -0.076311
v -0.082421 0.604620 -0.075602
v -0.082052 0.604450 -0.076321
v -0.082169 0.604505 -0.075612
v -0.081849 0.604357 -0.076235
v -0.081934 0.604398 -0.075716
v -0.081750 0.604313 -0.076075
v -0.081781 0.604327 -0.075886
v -0.080571 0.609380 -0.076035
v -0.080425 0.609314 -0.076202
v -0.080599 0.609392 -0.075851
v -0.080500 0.609348 -0.075698
v -0.080200 0.609212 -0.076307
v -0.080302 0.609259 -0.075619
v -0.079955 0.609101 -0.076321
v -0.080057 0.609148 -0.075633
v -0.079757 0.609012 -0.076242
v -0.079832 0.609046 -0.075738
v -0.079658 0.608968 -0.076089
v -0.079686 0.608980 -0.075905
v -0.078310 0.614376 -0.076028
v -0.078334 0.614387 -0.075849
v -0.078171 0.614314 -0.076192
v -0.078237 0.614343 -0.075704
v -0.077955 0.614218 -0.076297
v -0.078044 0.614257 -0.075630
v -0.077718 0.614112 -0.076315
v -0.077807 0.614152 -0.075649
v -0.077525 0.614026 -0.076242
v -0.077590 0.614055 -0.075754
v -0.077427 0.613982 -0.076096
v -0.077451 0.613993 -0.075918
v -0.076024 0.619496 -0.076013
v -0.075892 0.619438 -0.076174
v -0.076044 0.619504 -0.075841
v -0.075948 0.619462 -0.075702
v -0.075683 0.619346 -0.076280
v -0.075760 0.619379 -0.075635
v -0.075455 0.619246 -0.076302
v -0.075532 0.619279 -0.075656
v -0.075267 0.619163 -0.076234
v -0.075323 0.619187 -0.075762
v -0.075171 0.619121 -0.076095
v -0.075191 0.619129 -0.075923
v -0.073826 0.624501 -0.075991
v -0.073843 0.624507 -0.075824
v -0.073700 0.624447 -0.076148
v -0.073748 0.624466 -0.075692
v -0.073500 0.624361 -0.076254
v -0.073565 0.624387 -0.075631
v -0.073279 0.624266 -0.076279
v -0.073097 0.624188 -0.076217
v -0.073344 0.624292 -0.075656
v -0.073144 0.624206 -0.075761
v -0.073019 0.624153 -0.075918
v -0.073002 0.624146 -0.076085
v -0.071830 0.629154 -0.075959
v -0.071844 0.629159 -0.075798
v -0.071710 0.629105 -0.076113
v -0.071750 0.629119 -0.075673
v -0.071519 0.629026 -0.076218
v -0.071573 0.629044 -0.075617
v -0.071305 0.628937 -0.076246
v -0.071359 0.628956 -0.075645
v -0.071128 0.628863 -0.076190
v -0.071168 0.628876 -0.075750
v -0.071034 0.628823 -0.076065
v -0.071048 0.628828 -0.075904
v -0.070150 0.633218 -0.075917
v -0.070162 0.633221 -0.075762
v -0.070037 0.633175 -0.076066
v -0.070069 0.633183 -0.075643
v -0.069852 0.633103 -0.076171
v -0.069897 0.633114 -0.075592
v -0.069646 0.633022 -0.076201
v -0.069690 0.633033 -0.075623
v -0.069473 0.632953 -0.076151
v -0.069506 0.632961 -0.075727
v -0.069381 0.632915 -0.076032
v -0.069393 0.632918 -0.075877
v -0.068903 0.636451 -0.075862
v -0.068912 0.636451 -0.075713
v -0.068794 0.636416 -0.076008
v -0.068820 0.636416 -0.075601
v -0.068616 0.636356 -0.076111
v -0.068652 0.636357 -0.075555
v -0.068415 0.636287 -0.076144
v -0.068451 0.636288 -0.075588
v -0.068246 0.636227 -0.076098
v -0.068273 0.636228 -0.075691
v -0.068154 0.636193 -0.075985
v -0.068164 0.636193 -0.075837
v -0.068203 0.638605 -0.075795
v -0.068097 0.638585 -0.075936
v -0.068211 0.638600 -0.075652
v -0.068119 0.638573 -0.075546
v -0.067922 0.638547 -0.076037
v -0.067952 0.638531 -0.075505
v -0.067725 0.638500 -0.076071
v -0.067755 0.638485 -0.075539
v -0.067558 0.638458 -0.076030
v -0.067580 0.638447 -0.075640
v -0.067466 0.638431 -0.075924
v -0.067474 0.638427 -0.075781
v -0.112422 0.682249 -0.056692
v -0.113645 0.681459 -0.056092
v -0.113651 0.681469 -0.056090
v -0.112408 0.682233 -0.056682
v -0.113638 0.681452 -0.056086
v -0.112432 0.682269 -0.056684
v -0.113653 0.681480 -0.056081
v -0.112392 0.682225 -0.056659
v -0.113631 0.681451 -0.056073
v -0.112434 0.682288 -0.056662
v -0.113652 0.681489 -0.056067
v -0.112380 0.682228 -0.056628
v -0.113626 0.681455 -0.056058
v -0.112429 0.682300 -0.056631
v -0.113647 0.681494 -0.056052
v -0.112374 0.682240 -0.056597
v -0.113624 0.681464 -0.056043
v -0.112416 0.682303 -0.056600
v -0.113640 0.681492 -0.056039
v -0.112377 0.682259 -0.056575
v -0.113627 0.681476 -0.056034
v -0.112401 0.682295 -0.056576
v -0.113632 0.681486 -0.056033
v -0.112386 0.682279 -0.056567
v -0.110862 0.683306 -0.057396
v -0.110841 0.683280 -0.057389
v -0.110874 0.683335 -0.057379
v -0.110816 0.683261 -0.057358
v -0.110873 0.683357 -0.057341
v -0.110793 0.683256 -0.057313
v -0.110860 0.683367 -0.057294
v -0.110780 0.683266 -0.057265
v -0.110837 0.683362 -0.057248
v -0.110779 0.683288 -0.057228
v -0.110812 0.683343 -0.057218
v -0.110791 0.683316 -0.057210
v -0.109020 0.684536 -0.058173
v -0.108985 0.684504 -0.058140
v -0.109047 0.684575 -0.058175
v -0.109058 0.684609 -0.058145
v -0.109051 0.684630 -0.058091
v -0.109027 0.684632 -0.058028
v -0.108992 0.684614 -0.057973
v -0.108950 0.684487 -0.058085
v -0.108957 0.684582 -0.057940
v -0.108926 0.684488 -0.058022
v -0.108930 0.684544 -0.057938
v -0.108919 0.684509 -0.057968
v -0.107059 0.685997 -0.058997
v -0.107029 0.685948 -0.059005
v -0.107067 0.686034 -0.058952
v -0.107050 0.686049 -0.058882
v -0.106983 0.685900 -0.058976
v -0.107013 0.686038 -0.058808
v -0.106935 0.685866 -0.058915
v -0.106965 0.686003 -0.058748
v -0.106898 0.685854 -0.058841
v -0.106881 0.685869 -0.058772
v -0.106888 0.685906 -0.058727
v -0.106919 0.685955 -0.058718
v -0.104981 0.687517 -0.059830
v -0.104949 0.687459 -0.059854
v -0.104982 0.687553 -0.059770
v -0.104953 0.687556 -0.059688
v -0.104894 0.687394 -0.059833
v -0.104900 0.687527 -0.059606
v -0.104833 0.687339 -0.059774
v -0.104838 0.687472 -0.059548
v -0.104780 0.687310 -0.059693
v -0.104750 0.687313 -0.059611
v -0.104752 0.687349 -0.059550
v -0.104784 0.687407 -0.059527
v -0.102892 0.689076 -0.060647
v -0.102862 0.689011 -0.060688
v -0.102885 0.689106 -0.060571
v -0.102801 0.688930 -0.060682
v -0.102840 0.689094 -0.060480
v -0.102726 0.688853 -0.060632
v -0.102772 0.689042 -0.060399
v -0.102657 0.688802 -0.060551
v -0.102697 0.688966 -0.060349
v -0.102613 0.688790 -0.060460
v -0.102636 0.688885 -0.060343
v -0.102605 0.688820 -0.060384
v -0.100876 0.690614 -0.061417
v -0.100850 0.690547 -0.061477
v -0.100856 0.690635 -0.061327
v -0.100785 0.690452 -0.061493
v -0.100796 0.690603 -0.061233
v -0.100699 0.690354 -0.061459
v -0.100711 0.690528 -0.061159
v -0.100615 0.690278 -0.061385
v -0.100625 0.690429 -0.061125
v -0.100555 0.690247 -0.061291
v -0.100535 0.690267 -0.061201
v -0.100561 0.690334 -0.061141
v -0.098995 0.692009 -0.062193
v -0.098930 0.691903 -0.062234
v -0.099012 0.692074 -0.062112
v -0.098978 0.692080 -0.062012
v -0.098835 0.691784 -0.062224
v -0.098901 0.692026 -0.061921
v -0.098736 0.691685 -0.062166
v -0.098803 0.691927 -0.061862
v -0.098660 0.691631 -0.062075
v -0.098708 0.691808 -0.061852
v -0.098626 0.691638 -0.061975
v -0.098643 0.691703 -0.061894
v -0.097378 0.693336 -0.062806
v -0.097385 0.693394 -0.062704
v -0.097317 0.693225 -0.062877
v -0.097334 0.693383 -0.062599
v -0.097218 0.693090 -0.062898
v -0.097240 0.693307 -0.062518
v -0.097106 0.692968 -0.062863
v -0.097129 0.693185 -0.062484
v -0.097013 0.692892 -0.062783
v -0.097029 0.693050 -0.062505
v -0.096962 0.692881 -0.062677
v -0.096968 0.692939 -0.062576
v -0.096085 0.694467 -0.063287
v -0.096032 0.694357 -0.063390
v -0.096076 0.694513 -0.063167
v -0.096007 0.694484 -0.063062
v -0.095930 0.694213 -0.063449
v -0.095896 0.694387 -0.063001
v -0.095807 0.694074 -0.063447
v -0.095774 0.694247 -0.062999
v -0.095696 0.693976 -0.063385
v -0.095672 0.694103 -0.063057
v -0.095627 0.693947 -0.063280
v -0.095618 0.693994 -0.063160
v -0.095198 0.695341 -0.063610
v -0.095154 0.695242 -0.063746
v -0.095172 0.695369 -0.063474
v -0.095052 0.695099 -0.063848
v -0.095084 0.695320 -0.063376
v -0.094919 0.694951 -0.063886
v -0.094956 0.695206 -0.063342
v -0.094792 0.694837 -0.063852
v -0.094824 0.695058 -0.063381
v -0.094704 0.694787 -0.063754
v -0.094722 0.694915 -0.063482
v -0.094678 0.694816 -0.063619
v -0.093634 0.697019 -0.064192
v -0.093580 0.696930 -0.064332
v -0.093615 0.697040 -0.064054
v -0.093467 0.696799 -0.064437
v -0.093528 0.696989 -0.063955
v -0.093327 0.696659 -0.064478
v -0.093397 0.696879 -0.063922
v -0.093195 0.696549 -0.064446
v -0.093256 0.696740 -0.063964
v -0.093109 0.696498 -0.064347
v -0.093144 0.696608 -0.064069
v -0.093090 0.696520 -0.064209
v -0.091889 0.698988 -0.064621
v -0.091827 0.698909 -0.064763
v -0.091877 0.699002 -0.064481
v -0.091707 0.698786 -0.064870
v -0.091794 0.698947 -0.064382
v -0.091561 0.698652 -0.064913
v -0.091662 0.698838 -0.064349
v -0.091429 0.698543 -0.064880
v -0.091516 0.698704 -0.064392
v -0.091346 0.698488 -0.064781
v -0.091396 0.698581 -0.064499
v -0.091334 0.698502 -0.064641
v -0.090017 0.701182 -0.064915
v -0.089949 0.701110 -0.065058
v -0.090010 0.701190 -0.064774
v -0.089823 0.700993 -0.065166
v -0.089929 0.701133 -0.064675
v -0.089674 0.700863 -0.065209
v -0.089796 0.701024 -0.064642
v -0.089541 0.700754 -0.065177
v -0.089647 0.700894 -0.064686
v -0.089460 0.700697 -0.065077
v -0.089521 0.700778 -0.064793
v -0.089453 0.700705 -0.064937
v -0.088065 0.703537 -0.065092
v -0.087992 0.703470 -0.065236
v -0.088061 0.703541 -0.064951
v -0.087862 0.703358 -0.065344
v -0.087981 0.703482 -0.064851
v -0.087711 0.703231 -0.065388
v -0.087848 0.703374 -0.064819
v -0.087577 0.703124 -0.065355
v -0.087696 0.703247 -0.064863
v -0.087498 0.703064 -0.065255
v -0.087567 0.703136 -0.064971
v -0.087494 0.703068 -0.065115
v -0.086080 0.705991 -0.065171
v -0.086004 0.705928 -0.065315
v -0.086079 0.705992 -0.065030
v -0.085871 0.705820 -0.065423
v -0.086000 0.705931 -0.064930
v -0.085717 0.705696 -0.065467
v -0.085866 0.705824 -0.064898
v -0.085583 0.705589 -0.065435
v -0.085712 0.705700 -0.064942
v -0.085505 0.705528 -0.065335
v -0.085580 0.705592 -0.065050
v -0.085504 0.705529 -0.065194
v -0.084111 0.708481 -0.065172
v -0.084033 0.708421 -0.065316
v -0.084112 0.708479 -0.065031
v -0.083897 0.708316 -0.065424
v -0.084034 0.708418 -0.064931
v -0.083741 0.708195 -0.065468
v -0.083899 0.708312 -0.064899
v -0.083606 0.708089 -0.065436
v -0.083743 0.708190 -0.064943
v -0.083529 0.708027 -0.065336
v -0.083608 0.708086 -0.065051
v -0.083529 0.708026 -0.065195
v -0.082205 0.710944 -0.065113
v -0.082125 0.710887 -0.065257
v -0.082207 0.710941 -0.064972
v -0.081987 0.710786 -0.065365
v -0.082130 0.710879 -0.064872
v -0.081829 0.710666 -0.065409
v -0.081994 0.710774 -0.064840
v -0.081694 0.710562 -0.065377
v -0.081837 0.710655 -0.064884
v -0.081616 0.710499 -0.065277
v -0.081699 0.710553 -0.064992
v -0.081618 0.710496 -0.065136
v -0.080410 0.713319 -0.065014
v -0.080328 0.713264 -0.065158
v -0.080413 0.713314 -0.064873
v -0.080188 0.713165 -0.065266
v -0.080336 0.713252 -0.064773
v -0.080200 0.713148 -0.064741
v -0.080029 0.713048 -0.065310
v -0.080040 0.713032 -0.064784
v -0.079892 0.712945 -0.065277
v -0.079815 0.712883 -0.065177
v -0.079900 0.712933 -0.064893
v -0.079818 0.712878 -0.065036
v -0.078774 0.715542 -0.064893
v -0.078690 0.715489 -0.065037
v -0.078778 0.715536 -0.064753
v -0.078700 0.715475 -0.064653
v -0.078548 0.715393 -0.065145
v -0.078562 0.715373 -0.064620
v -0.078387 0.715279 -0.065189
v -0.078401 0.715259 -0.064664
v -0.078249 0.715177 -0.065156
v -0.078259 0.715162 -0.064772
v -0.078172 0.715115 -0.065056
v -0.078175 0.715110 -0.064915
v -0.077344 0.717550 -0.064771
v -0.077259 0.717500 -0.064914
v -0.077348 0.717544 -0.064630
v -0.077270 0.717484 -0.064530
v -0.077115 0.717406 -0.065022
v -0.077130 0.717385 -0.064497
v -0.076952 0.717295 -0.065065
v -0.076967 0.717274 -0.064541
v -0.076812 0.717196 -0.065033
v -0.076823 0.717180 -0.064648
v -0.076734 0.717135 -0.064933
v -0.076738 0.717130 -0.064792
v -0.076170 0.719280 -0.064665
v -0.076083 0.719232 -0.064808
v -0.076173 0.719275 -0.064524
v -0.076093 0.719217 -0.064424
v -0.075937 0.719142 -0.064916
v -0.075951 0.719122 -0.064391
v -0.075770 0.719035 -0.064959
v -0.075784 0.719015 -0.064434
v -0.075627 0.718940 -0.064926
v -0.075638 0.718926 -0.064542
v -0.075547 0.718883 -0.064826
v -0.075551 0.718877 -0.064685
v -0.075298 0.720667 -0.064595
v -0.075210 0.720620 -0.064739
v -0.075301 0.720663 -0.064455
v -0.075218 0.720610 -0.064354
v -0.075061 0.720536 -0.064846
v -0.075071 0.720522 -0.064321
v -0.074889 0.720437 -0.064889
v -0.074900 0.720423 -0.064364
v -0.074743 0.720349 -0.064856
v -0.074662 0.720292 -0.064614
v -0.074659 0.720296 -0.064755
v -0.074750 0.720339 -0.064471
v -0.113542 0.473332 -0.062050
v -0.113974 0.471483 -0.062141
v -0.113988 0.471486 -0.062151
v -0.113563 0.473337 -0.062056
v -0.114001 0.471488 -0.062149
v -0.113544 0.473330 -0.062001
v -0.113979 0.471482 -0.062124
v -0.113530 0.473328 -0.062037
v -0.113531 0.473328 -0.062019
v -0.113588 0.473343 -0.062051
v -0.114012 0.471490 -0.062143
v -0.113610 0.473348 -0.062038
v -0.114018 0.471489 -0.062126
v -0.113613 0.473347 -0.061989
v -0.114003 0.471485 -0.062115
v -0.113624 0.473351 -0.062020
v -0.113625 0.473350 -0.062002
v -0.113567 0.473335 -0.061988
v -0.113991 0.471483 -0.062118
v -0.113592 0.473341 -0.061983
v -0.113010 0.475691 -0.061946
v -0.112990 0.475686 -0.061973
v -0.113011 0.475691 -0.061919
v -0.112957 0.475677 -0.061993
v -0.112993 0.475685 -0.061899
v -0.112920 0.475667 -0.061999
v -0.112962 0.475676 -0.061891
v -0.112888 0.475657 -0.061992
v -0.112871 0.475652 -0.061971
v -0.112872 0.475652 -0.061944
v -0.112892 0.475657 -0.061917
v -0.112925 0.475665 -0.061898
v -0.112222 0.478387 -0.061907
v -0.112196 0.478379 -0.061943
v -0.112224 0.478387 -0.061871
v -0.112153 0.478366 -0.061969
v -0.112201 0.478379 -0.061844
v -0.112104 0.478351 -0.061979
v -0.112159 0.478366 -0.061834
v -0.112062 0.478338 -0.061968
v -0.112110 0.478351 -0.061843
v -0.112039 0.478330 -0.061941
v -0.112066 0.478338 -0.061869
v -0.112040 0.478330 -0.061905
v -0.111307 0.481316 -0.061900
v -0.111275 0.481305 -0.061945
v -0.111309 0.481317 -0.061855
v -0.111221 0.481288 -0.061978
v -0.111280 0.481307 -0.061821
v -0.111160 0.481268 -0.061989
v -0.111228 0.481290 -0.061808
v -0.111108 0.481251 -0.061976
v -0.111166 0.481270 -0.061820
v -0.111079 0.481241 -0.061942
v -0.111113 0.481252 -0.061852
v -0.111081 0.481242 -0.061897
v -0.110308 0.484356 -0.061920
v -0.110270 0.484343 -0.061974
v -0.110310 0.484357 -0.061865
v -0.110206 0.484320 -0.062013
v -0.110275 0.484346 -0.061825
v -0.110133 0.484295 -0.062026
v -0.110213 0.484325 -0.061809
v -0.110070 0.484274 -0.062011
v -0.110140 0.484299 -0.061823
v -0.110036 0.484262 -0.061971
v -0.110038 0.484263 -0.061916
v -0.110076 0.484277 -0.061862
v -0.109270 0.487385 -0.061962
v -0.109226 0.487368 -0.062025
v -0.109273 0.487387 -0.061899
v -0.109152 0.487340 -0.062071
v -0.109232 0.487373 -0.061851
v -0.109067 0.487310 -0.062086
v -0.109160 0.487347 -0.061833
v -0.108995 0.487284 -0.062068
v -0.109075 0.487317 -0.061849
v -0.108954 0.487270 -0.062021
v -0.109001 0.487289 -0.061895
v -0.108956 0.487272 -0.061958
v -0.108239 0.490279 -0.062023
v -0.108189 0.490259 -0.062095
v -0.108241 0.490282 -0.061950
v -0.108104 0.490226 -0.062147
v -0.108195 0.490266 -0.061897
v -0.108008 0.490189 -0.062165
v -0.108113 0.490236 -0.061876
v -0.107926 0.490159 -0.062144
v -0.108016 0.490199 -0.061894
v -0.107879 0.490143 -0.062091
v -0.107932 0.490166 -0.061946
v -0.107882 0.490146 -0.062018
v -0.107258 0.492917 -0.062098
v -0.107203 0.492893 -0.062179
v -0.107261 0.492921 -0.062017
v -0.107108 0.492854 -0.062238
v -0.107209 0.492903 -0.061956
v -0.107001 0.492811 -0.062258
v -0.107117 0.492867 -0.061933
v -0.106908 0.492776 -0.062235
v -0.107009 0.492825 -0.061953
v -0.106857 0.492757 -0.062174
v -0.106915 0.492786 -0.062012
v -0.106859 0.492761 -0.062092
v -0.106373 0.495178 -0.062184
v -0.106312 0.495149 -0.062274
v -0.106375 0.495183 -0.062093
v -0.106208 0.495102 -0.062338
v -0.106318 0.495162 -0.062026
v -0.106090 0.495052 -0.062361
v -0.106217 0.495121 -0.062000
v -0.105989 0.495010 -0.062335
v -0.106098 0.495070 -0.062022
v -0.105931 0.494989 -0.062268
v -0.105995 0.495024 -0.062087
v -0.105934 0.494994 -0.062177
v -0.105626 0.496943 -0.062276
v -0.105561 0.496906 -0.062374
v -0.105627 0.496951 -0.062176
v -0.105450 0.496848 -0.062445
v -0.105565 0.496926 -0.062102
v -0.105322 0.496786 -0.062469
v -0.105455 0.496876 -0.062073
v -0.105213 0.496736 -0.062441
v -0.105328 0.496814 -0.062097
v -0.105151 0.496711 -0.062366
v -0.105217 0.496756 -0.062168
v -0.105152 0.496718 -0.062267
v -0.105061 0.498089 -0.062370
v -0.104994 0.498040 -0.062476
v -0.105061 0.498101 -0.062261
v -0.104878 0.497967 -0.062553
v -0.104993 0.498072 -0.062180
v -0.104744 0.497890 -0.062579
v -0.104877 0.498011 -0.062148
v -0.104628 0.497829 -0.062547
v -0.104743 0.497934 -0.062174
v -0.104560 0.497801 -0.062466
v -0.104627 0.497862 -0.062251
v -0.104560 0.497813 -0.062357
v -0.104905 0.498365 -0.062408
v -0.104839 0.498311 -0.062516
v -0.104903 0.498380 -0.062298
v -0.104723 0.498232 -0.062594
v -0.104834 0.498352 -0.062215
v -0.104588 0.498149 -0.062620
v -0.104716 0.498289 -0.062182
v -0.104692 0.498750 -0.062468
v -0.104626 0.498694 -0.062579
v -0.104690 0.498766 -0.062356
v -0.104507 0.498613 -0.062658
v -0.104618 0.498739 -0.062272
v -0.104470 0.498086 -0.062587
v -0.104581 0.498206 -0.062208
v -0.104368 0.498530 -0.062685
v -0.104497 0.498676 -0.062238
v -0.104427 0.499232 -0.062548
v -0.104358 0.499175 -0.062661
v -0.104423 0.499250 -0.062433
v -0.104401 0.498058 -0.062504
v -0.104465 0.498127 -0.062285
v -0.104237 0.499093 -0.062742
v -0.104350 0.499223 -0.062348
v -0.104247 0.498467 -0.062651
v -0.104358 0.498592 -0.062265
v -0.104399 0.498073 -0.062394
v -0.104096 0.499008 -0.062769
v -0.104226 0.499158 -0.062314
v -0.104176 0.498440 -0.062567
v -0.104240 0.498512 -0.062344
v -0.104117 0.499792 -0.062644
v -0.104048 0.499733 -0.062759
v -0.104114 0.499810 -0.062527
v -0.104173 0.498456 -0.062455
v -0.103972 0.498943 -0.062735
v -0.104084 0.499074 -0.062341
v -0.103925 0.499649 -0.062841
v -0.104039 0.499783 -0.062439
v -0.103899 0.498916 -0.062649
v -0.103963 0.498991 -0.062422
v -0.103780 0.499562 -0.062869
v -0.103912 0.499717 -0.062404
v -0.103895 0.498934 -0.062535
v -0.103773 0.500408 -0.062750
v -0.103702 0.500348 -0.062868
v -0.103769 0.500427 -0.062631
v -0.103654 0.499496 -0.062834
v -0.103768 0.499630 -0.062432
v -0.103577 0.500261 -0.062952
v -0.103693 0.500399 -0.062542
v -0.103579 0.499469 -0.062747
v -0.103645 0.499546 -0.062514
v -0.103430 0.500172 -0.062980
v -0.103564 0.500331 -0.062506
v -0.103575 0.499487 -0.062630
v -0.103302 0.500105 -0.062944
v -0.103417 0.500242 -0.062534
v -0.103403 0.501062 -0.062864
v -0.103332 0.500999 -0.062984
v -0.103400 0.501081 -0.062743
v -0.103205 0.500910 -0.063069
v -0.103322 0.501052 -0.062651
v -0.103225 0.500076 -0.062855
v -0.103292 0.500156 -0.062618
v -0.103222 0.500095 -0.062736
v -0.103056 0.500818 -0.063098
v -0.103191 0.500982 -0.062615
v -0.102925 0.500749 -0.063062
v -0.103042 0.500890 -0.062644
v -0.103017 0.501732 -0.062982
v -0.102945 0.501667 -0.063103
v -0.103013 0.501751 -0.062858
v -0.102847 0.500719 -0.062970
v -0.102915 0.500801 -0.062729
v -0.102816 0.501575 -0.063190
v -0.102935 0.501721 -0.062765
v -0.102843 0.500739 -0.062849
v -0.102664 0.501481 -0.063219
v -0.102802 0.501649 -0.062728
v -0.102532 0.501408 -0.063182
v -0.102651 0.501554 -0.062756
v -0.102623 0.502399 -0.063098
v -0.102550 0.502333 -0.063222
v -0.102619 0.502419 -0.062972
v -0.102453 0.501378 -0.063089
v -0.102522 0.501462 -0.062843
v -0.102419 0.502238 -0.063311
v -0.102540 0.502387 -0.062877
v -0.102449 0.501397 -0.062965
v -0.102266 0.502139 -0.063340
v -0.102406 0.502312 -0.062839
v -0.102132 0.502064 -0.063301
v -0.102253 0.502213 -0.062868
v -0.102230 0.503044 -0.063211
v -0.102156 0.502975 -0.063337
v -0.102226 0.503064 -0.063082
v -0.102053 0.502032 -0.063207
v -0.102122 0.502118 -0.062956
v -0.102024 0.502876 -0.063426
v -0.102146 0.503030 -0.062985
v -0.102049 0.502052 -0.063080
v -0.101870 0.502774 -0.063455
v -0.102011 0.502951 -0.062946
v -0.101735 0.502695 -0.063416
v -0.101857 0.502848 -0.062975
v -0.101846 0.503647 -0.063314
v -0.101772 0.503576 -0.063442
v -0.101843 0.503667 -0.063183
v -0.101655 0.502661 -0.063319
v -0.101725 0.502749 -0.063064
v -0.101640 0.503472 -0.063533
v -0.101763 0.503631 -0.063084
v -0.101651 0.502681 -0.063190
v -0.101485 0.503364 -0.063562
v -0.101627 0.503547 -0.063044
v -0.101350 0.503280 -0.063521
v -0.101472 0.503439 -0.063073
v -0.101480 0.504190 -0.063406
v -0.101406 0.504116 -0.063536
v -0.101477 0.504210 -0.063272
v -0.101274 0.504006 -0.063627
v -0.101397 0.504170 -0.063171
v -0.101270 0.503244 -0.063422
v -0.101340 0.503335 -0.063163
v -0.101266 0.503264 -0.063291
v -0.101121 0.503890 -0.063656
v -0.101263 0.504080 -0.063129
v -0.100986 0.503800 -0.063614
v -0.101109 0.503965 -0.063157
v -0.101148 0.504642 -0.063479
v -0.101075 0.504563 -0.063611
v -0.101143 0.504664 -0.063343
v -0.100942 0.504449 -0.063703
v -0.101062 0.504624 -0.063240
v -0.100907 0.503760 -0.063512
v -0.100978 0.503855 -0.063249
v -0.100903 0.503780 -0.063379
v -0.100787 0.504330 -0.063732
v -0.100925 0.504532 -0.063198
v -0.100772 0.505170 -0.063592
v -0.100700 0.505090 -0.063724
v -0.100766 0.505194 -0.063457
v -0.100651 0.504238 -0.063689
v -0.100770 0.504413 -0.063226
v -0.100567 0.504976 -0.063817
v -0.100682 0.505157 -0.063354
v -0.100569 0.504198 -0.063586
v -0.100638 0.504299 -0.063319
v -0.100410 0.504859 -0.063846
v -0.100543 0.505068 -0.063312
v -0.100564 0.504220 -0.063451
v -0.100271 0.504770 -0.063804
v -0.100386 0.504951 -0.063341
v -0.099792 0.506570 -0.063896
v -0.099718 0.506491 -0.064028
v -0.099785 0.506595 -0.063760
v -0.099585 0.506378 -0.064121
v -0.099701 0.506559 -0.063658
v -0.100187 0.504733 -0.063701
v -0.100254 0.504838 -0.063434
v -0.100181 0.504758 -0.063566
v -0.099427 0.506262 -0.064150
v -0.099561 0.506471 -0.063616
v -0.099288 0.506174 -0.064108
v -0.099403 0.506354 -0.063646
v -0.099203 0.506137 -0.064006
v -0.099270 0.506242 -0.063739
v -0.099197 0.506162 -0.063871
v -0.098325 0.508692 -0.064355
v -0.098251 0.508613 -0.064488
v -0.098318 0.508717 -0.064220
v -0.098117 0.508501 -0.064581
v -0.098234 0.508681 -0.064118
v -0.097959 0.508386 -0.064611
v -0.098093 0.508593 -0.064076
v -0.097818 0.508298 -0.064569
v -0.097935 0.508478 -0.064106
v -0.097734 0.508262 -0.064466
v -0.097801 0.508366 -0.064199
v -0.097727 0.508287 -0.064331
v -0.096490 0.511385 -0.064937
v -0.096416 0.511307 -0.065069
v -0.096483 0.511410 -0.064801
v -0.096281 0.511196 -0.065163
v -0.096398 0.511375 -0.064699
v -0.096122 0.511082 -0.065193
v -0.096257 0.511288 -0.064657
v -0.095980 0.510995 -0.065151
v -0.096098 0.511174 -0.064688
v -0.095895 0.510960 -0.065049
v -0.095963 0.511063 -0.064781
v -0.095889 0.510985 -0.064914
v -0.094404 0.514502 -0.065606
v -0.094329 0.514424 -0.065738
v -0.094397 0.514527 -0.065470
v -0.094193 0.514314 -0.065832
v -0.094312 0.514492 -0.065368
v -0.094033 0.514201 -0.065863
v -0.094169 0.514407 -0.065327
v -0.093891 0.514116 -0.065821
v -0.094009 0.514294 -0.065357
v -0.093805 0.514081 -0.065719
v -0.093873 0.514184 -0.065451
v -0.093799 0.514106 -0.065584
v -0.092184 0.517892 -0.066328
v -0.092109 0.517816 -0.066461
v -0.092178 0.517917 -0.066193
v -0.091972 0.517707 -0.066556
v -0.092091 0.517883 -0.066090
v -0.091810 0.517596 -0.066586
v -0.091948 0.517799 -0.066049
v -0.091667 0.517513 -0.066545
v -0.091786 0.517688 -0.066080
v -0.091581 0.517478 -0.066443
v -0.091650 0.517580 -0.066174
v -0.091574 0.517503 -0.066307
v -0.089948 0.521408 -0.067070
v -0.089872 0.521333 -0.067203
v -0.089942 0.521432 -0.066934
v -0.089734 0.521226 -0.067298
v -0.089855 0.521399 -0.066832
v -0.089570 0.521118 -0.067329
v -0.089710 0.521318 -0.066791
v -0.089426 0.521036 -0.067288
v -0.089547 0.521209 -0.066822
v -0.089338 0.521003 -0.067186
v -0.089408 0.521103 -0.066917
v -0.089332 0.521027 -0.067051
v -0.087814 0.524899 -0.067796
v -0.087736 0.524825 -0.067930
v -0.087808 0.524923 -0.067660
v -0.087596 0.524722 -0.068025
v -0.087720 0.524892 -0.067558
v -0.087430 0.524617 -0.068057
v -0.087573 0.524813 -0.067518
v -0.087284 0.524538 -0.068017
v -0.087407 0.524708 -0.067550
v -0.087195 0.524507 -0.067916
v -0.087267 0.524605 -0.067646
v -0.087189 0.524531 -0.067780
v -0.085898 0.528216 -0.068473
v -0.085819 0.528145 -0.068607
v -0.085892 0.528240 -0.068336
v -0.085676 0.528046 -0.068704
v -0.085803 0.528211 -0.068235
v -0.085507 0.527946 -0.068737
v -0.085654 0.528136 -0.068196
v -0.085358 0.527872 -0.068698
v -0.085485 0.528036 -0.068229
v -0.085268 0.527843 -0.068596
v -0.085342 0.527938 -0.068326
v -0.085262 0.527867 -0.068460
v -0.084321 0.531206 -0.069065
v -0.084239 0.531140 -0.069200
v -0.084315 0.531229 -0.068929
v -0.084092 0.531049 -0.069299
v -0.084223 0.531204 -0.068828
v -0.083918 0.530958 -0.069334
v -0.084070 0.531137 -0.068790
v -0.083765 0.530891 -0.069296
v -0.083897 0.531046 -0.068825
v -0.083673 0.530866 -0.069195
v -0.083749 0.530955 -0.068924
v -0.083667 0.530889 -0.069059
v -0.083200 0.533711 -0.069537
v -0.083114 0.533655 -0.069675
v -0.083195 0.533734 -0.069401
v -0.082960 0.533580 -0.069776
v -0.083100 0.533717 -0.069302
v -0.082779 0.533507 -0.069814
v -0.082940 0.533664 -0.069266
v -0.082619 0.533454 -0.069779
v -0.082759 0.533591 -0.069305
v -0.082524 0.533437 -0.069680
v -0.082605 0.533515 -0.069406
v -0.082519 0.533459 -0.069543
v -0.082645 0.535601 -0.069859
v -0.082557 0.535553 -0.069998
v -0.082640 0.535624 -0.069722
v -0.082398 0.535492 -0.070102
v -0.082542 0.535615 -0.069624
v -0.082211 0.535435 -0.070143
v -0.082378 0.535577 -0.069592
v -0.082047 0.535397 -0.070110
v -0.082191 0.535520 -0.069633
v -0.082402 0.536615 -0.070047
v -0.082316 0.536560 -0.070184
v -0.082396 0.536641 -0.069911
v -0.081949 0.535388 -0.070012
v -0.082032 0.535459 -0.069737
v -0.082159 0.536491 -0.070287
v -0.082298 0.536632 -0.069813
v -0.081944 0.535411 -0.069876
v -0.081975 0.536426 -0.070327
v -0.081989 0.537731 -0.070307
v -0.081907 0.537663 -0.070441
v -0.081981 0.537761 -0.070171
v -0.082135 0.536589 -0.069780
v -0.081756 0.537576 -0.070540
v -0.081885 0.537746 -0.070072
v -0.081812 0.536384 -0.070293
v -0.081951 0.536525 -0.069819
v -0.081578 0.537494 -0.070575
v -0.081727 0.537689 -0.070036
v -0.081714 0.536375 -0.070195
v -0.081794 0.536456 -0.069922
v -0.081420 0.537437 -0.070539
v -0.081446 0.538908 -0.070615
v -0.081366 0.538834 -0.070748
v -0.081437 0.538941 -0.070480
v -0.081707 0.536401 -0.070059
v -0.081550 0.537606 -0.070071
v -0.081221 0.538737 -0.070843
v -0.081343 0.538921 -0.070380
v -0.081325 0.537422 -0.070439
v -0.081399 0.537520 -0.070170
v -0.081048 0.538643 -0.070876
v -0.081189 0.538856 -0.070341
v -0.081317 0.537452 -0.070304
v -0.080894 0.538578 -0.070837
v -0.081016 0.538763 -0.070374
v -0.080803 0.540146 -0.070956
v -0.080726 0.540068 -0.071088
v -0.080794 0.540179 -0.070821
v -0.080800 0.538559 -0.070737
v -0.080870 0.538666 -0.070470
v -0.080583 0.539966 -0.071182
v -0.080702 0.540157 -0.070721
v -0.080791 0.538591 -0.070603
v -0.080413 0.539866 -0.071213
v -0.080550 0.540087 -0.070680
v -0.080261 0.539796 -0.071173
v -0.080380 0.539987 -0.070712
v -0.080169 0.539775 -0.071072
v -0.080237 0.539885 -0.070806
v -0.080160 0.539807 -0.070938
v -0.080091 0.541439 -0.071315
v -0.080014 0.541360 -0.071447
v -0.080082 0.541471 -0.071180
v -0.079872 0.541256 -0.071540
v -0.079991 0.541448 -0.071079
v -0.079704 0.541154 -0.071571
v -0.079840 0.541375 -0.071038
v -0.079553 0.541082 -0.071530
v -0.079672 0.541273 -0.071069
v -0.079462 0.541058 -0.071429
v -0.079530 0.541169 -0.071162
v -0.079453 0.541090 -0.071294
v -0.079339 0.542782 -0.071676
v -0.079261 0.542704 -0.071808
v -0.079331 0.542812 -0.071541
v -0.079119 0.542601 -0.071902
v -0.079240 0.542788 -0.071439
v -0.078950 0.542500 -0.071932
v -0.079090 0.542716 -0.071398
v -0.078800 0.542427 -0.071892
v -0.078921 0.542614 -0.071429
v -0.078709 0.542403 -0.071790
v -0.078779 0.542511 -0.071523
v -0.078701 0.542433 -0.071655
v -0.078577 0.544168 -0.072023
v -0.078498 0.544094 -0.072156
v -0.078570 0.544197 -0.071888
v -0.078353 0.543995 -0.072251
v -0.078479 0.544172 -0.071786
v -0.078183 0.543896 -0.072283
v -0.078329 0.544101 -0.071746
v -0.078032 0.543825 -0.072242
v -0.078158 0.544003 -0.071777
v -0.077941 0.543800 -0.072140
v -0.078014 0.543903 -0.071872
v -0.077934 0.543829 -0.072005
v -0.077835 0.545592 -0.072342
v -0.077753 0.545523 -0.072476
v -0.077830 0.545617 -0.072206
v -0.077605 0.545430 -0.072572
v -0.077739 0.545593 -0.072104
v -0.077432 0.545337 -0.072605
v -0.077586 0.545525 -0.072064
v -0.077279 0.545269 -0.072565
v -0.077413 0.545432 -0.072097
v -0.077188 0.545244 -0.072464
v -0.077265 0.545339 -0.072193
v -0.077183 0.545270 -0.072327
v -0.077142 0.547045 -0.072616
v -0.077056 0.546984 -0.072752
v -0.077139 0.547067 -0.072479
v -0.076904 0.546900 -0.072850
v -0.077047 0.547043 -0.072378
v -0.076727 0.546816 -0.072884
v -0.076892 0.546980 -0.072339
v -0.076572 0.546753 -0.072845
v -0.076715 0.546895 -0.072373
v -0.076480 0.546729 -0.072744
v -0.076563 0.546811 -0.072471
v -0.076477 0.546750 -0.072607
v -0.076528 0.548521 -0.072830
v -0.076438 0.548470 -0.072968
v -0.076527 0.548537 -0.072693
v -0.076280 0.548399 -0.073067
v -0.076435 0.548514 -0.072591
v -0.076098 0.548326 -0.073103
v -0.076277 0.548459 -0.072554
v -0.075940 0.548271 -0.073065
v -0.076095 0.548386 -0.072589
v -0.075848 0.548249 -0.072964
v -0.075938 0.548315 -0.072689
v -0.076022 0.550011 -0.072970
v -0.075927 0.549974 -0.073108
v -0.076024 0.550020 -0.072831
v -0.075847 0.548265 -0.072826
v -0.075764 0.549920 -0.073209
v -0.075931 0.549999 -0.072730
v -0.075577 0.549863 -0.073247
v -0.075769 0.549954 -0.072693
v -0.075415 0.549818 -0.073210
v -0.075582 0.549897 -0.072731
v -0.075653 0.551508 -0.073019
v -0.075554 0.551489 -0.073158
v -0.075657 0.551509 -0.072880
v -0.075323 0.549798 -0.073109
v -0.075419 0.549843 -0.072832
v -0.075386 0.551456 -0.073260
v -0.075564 0.551491 -0.072779
v -0.075324 0.549807 -0.072970
v -0.075194 0.551419 -0.073298
v -0.075399 0.551459 -0.072743
v -0.075029 0.551387 -0.073261
v -0.075207 0.551422 -0.072781
v -0.074936 0.551369 -0.073160
v -0.075039 0.551389 -0.072883
v -0.074939 0.551370 -0.073022
v -0.122393 0.564648 -0.044824
v -0.122937 0.564154 -0.043629
v -0.122948 0.564160 -0.043632
v -0.122417 0.564659 -0.044830
v -0.122953 0.564172 -0.043629
v -0.122365 0.564652 -0.044809
v -0.122923 0.564155 -0.043622
v -0.122428 0.564681 -0.044825
v -0.122951 0.564186 -0.043622
v -0.122339 0.564670 -0.044789
v -0.122909 0.564163 -0.043612
v -0.122425 0.564710 -0.044810
v -0.122941 0.564199 -0.043613
v -0.122409 0.564737 -0.044790
v -0.122927 0.564207 -0.043603
v -0.122323 0.564697 -0.044768
v -0.122900 0.564176 -0.043602
v -0.122383 0.564755 -0.044770
v -0.122913 0.564209 -0.043596
v -0.122320 0.564726 -0.044754
v -0.122897 0.564191 -0.043595
v -0.122355 0.564759 -0.044754
v -0.122902 0.564202 -0.043593
v -0.122332 0.564748 -0.044749
v -0.121739 0.565347 -0.046318
v -0.121704 0.565333 -0.046308
v -0.121759 0.565380 -0.046311
v -0.121758 0.565423 -0.046289
v -0.121737 0.565464 -0.046258
v -0.121663 0.565342 -0.046284
v -0.121701 0.565494 -0.046226
v -0.121627 0.565371 -0.046252
v -0.121660 0.565503 -0.046202
v -0.121606 0.565413 -0.046221
v -0.121605 0.565456 -0.046199
v -0.121625 0.565489 -0.046192
v -0.120971 0.566233 -0.048019
v -0.120942 0.566191 -0.048028
v -0.120974 0.566291 -0.047991
v -0.120894 0.566175 -0.048013
v -0.120951 0.566348 -0.047949
v -0.120841 0.566190 -0.047979
v -0.120907 0.566390 -0.047905
v -0.120797 0.566232 -0.047936
v -0.120854 0.566406 -0.047871
v -0.120773 0.566290 -0.047894
v -0.120806 0.566390 -0.047857
v -0.120777 0.566348 -0.047865
v -0.120089 0.567208 -0.049883
v -0.120050 0.567157 -0.049891
v -0.120099 0.567280 -0.049848
v -0.119990 0.567141 -0.049871
v -0.120075 0.567354 -0.049795
v -0.120025 0.567410 -0.049739
v -0.119926 0.567164 -0.049826
v -0.119962 0.567433 -0.049695
v -0.119876 0.567220 -0.049771
v -0.119852 0.567294 -0.049718
v -0.119902 0.567417 -0.049675
v -0.119862 0.567366 -0.049683
v -0.119139 0.568270 -0.051834
v -0.119088 0.568212 -0.051841
v -0.119157 0.568356 -0.051793
v -0.119136 0.568447 -0.051730
v -0.119016 0.568197 -0.051814
v -0.119082 0.568519 -0.051662
v -0.118944 0.568229 -0.051758
v -0.119009 0.568551 -0.051606
v -0.118890 0.568301 -0.051690
v -0.118938 0.568536 -0.051579
v -0.118869 0.568391 -0.051627
v -0.118886 0.568478 -0.051586
v -0.118146 0.569387 -0.053805
v -0.118082 0.569322 -0.053810
v -0.118174 0.569487 -0.053759
v -0.118158 0.569595 -0.053686
v -0.117999 0.569310 -0.053775
v -0.118102 0.569682 -0.053605
v -0.117919 0.569352 -0.053707
v -0.118023 0.569725 -0.053537
v -0.117864 0.569439 -0.053626
v -0.117940 0.569712 -0.053502
v -0.117848 0.569547 -0.053552
v -0.117876 0.569647 -0.053507
v -0.117174 0.570638 -0.055680
v -0.117134 0.570526 -0.055729
v -0.117166 0.570763 -0.055596
v -0.117057 0.570455 -0.055731
v -0.117112 0.570866 -0.055502
v -0.116964 0.570446 -0.055686
v -0.117027 0.570920 -0.055421
v -0.116879 0.570500 -0.055605
v -0.116933 0.570911 -0.055376
v -0.116825 0.570603 -0.055510
v -0.116856 0.570840 -0.055378
v -0.116817 0.570728 -0.055427
v -0.116182 0.571777 -0.057486
v -0.116129 0.571652 -0.057539
v -0.116185 0.571917 -0.057393
v -0.116039 0.571577 -0.057536
v -0.116135 0.572037 -0.057285
v -0.115936 0.571572 -0.057480
v -0.116048 0.572102 -0.057189
v -0.115848 0.571637 -0.057385
v -0.115945 0.572097 -0.057133
v -0.115799 0.571757 -0.057276
v -0.115855 0.572022 -0.057131
v -0.115801 0.571898 -0.057183
v -0.115223 0.572869 -0.059114
v -0.115154 0.572734 -0.059168
v -0.115240 0.573025 -0.059011
v -0.115050 0.572655 -0.059160
v -0.115199 0.573160 -0.058887
v -0.114940 0.572654 -0.059090
v -0.115111 0.573237 -0.058775
v -0.114853 0.572732 -0.058978
v -0.115001 0.573236 -0.058705
v -0.114812 0.572866 -0.058854
v -0.114898 0.573157 -0.058697
v -0.114828 0.573022 -0.058751
v -0.114320 0.573885 -0.060497
v -0.114233 0.573741 -0.060553
v -0.114354 0.574054 -0.060383
v -0.114326 0.574201 -0.060241
v -0.114117 0.573659 -0.060535
v -0.114244 0.574288 -0.060110
v -0.114002 0.573662 -0.060449
v -0.114129 0.574291 -0.060024
v -0.113919 0.573749 -0.060318
v -0.114013 0.574209 -0.060006
v -0.113892 0.573896 -0.060176
v -0.113926 0.574064 -0.060062
v -0.113498 0.574790 -0.061565
v -0.113551 0.574973 -0.061444
v -0.113395 0.574634 -0.061616
v -0.113539 0.575133 -0.061287
v -0.113269 0.574548 -0.061586
v -0.113465 0.575229 -0.061135
v -0.113349 0.575234 -0.061030
v -0.113153 0.574553 -0.061480
v -0.113079 0.574648 -0.061329
v -0.113223 0.575147 -0.060999
v -0.113067 0.574809 -0.061172
v -0.113119 0.574991 -0.061051
v -0.112448 0.576041 -0.062599
v -0.112394 0.575856 -0.062710
v -0.112440 0.576204 -0.062447
v -0.112295 0.575697 -0.062751
v -0.112373 0.576300 -0.062294
v -0.112175 0.575608 -0.062710
v -0.112266 0.576303 -0.062183
v -0.112067 0.575611 -0.062599
v -0.112146 0.576214 -0.062142
v -0.112001 0.575707 -0.062447
v -0.112046 0.576055 -0.062183
v -0.111993 0.575870 -0.062294
v -0.111041 0.576925 -0.063984
v -0.110947 0.576762 -0.064012
v -0.111091 0.577115 -0.063884
v -0.111085 0.577282 -0.063740
v -0.111022 0.577381 -0.063591
v -0.110834 0.576672 -0.063963
v -0.110921 0.577385 -0.063476
v -0.110733 0.576676 -0.063847
v -0.110809 0.577295 -0.063426
v -0.110671 0.576775 -0.063698
v -0.110714 0.577132 -0.063455
v -0.110664 0.576942 -0.063554
v -0.109511 0.578191 -0.065261
v -0.109462 0.577999 -0.065351
v -0.109507 0.578361 -0.065124
v -0.109371 0.577835 -0.065369
v -0.109449 0.578463 -0.064976
v -0.109264 0.577744 -0.065312
v -0.109354 0.578469 -0.064858
v -0.109169 0.577751 -0.065194
v -0.109247 0.578378 -0.064801
v -0.109112 0.577852 -0.065047
v -0.109108 0.578022 -0.064910
v -0.109157 0.578214 -0.064820
v -0.107735 0.579269 -0.066689
v -0.107685 0.579076 -0.066771
v -0.107734 0.579440 -0.066558
v -0.107597 0.578912 -0.066781
v -0.107682 0.579544 -0.066412
v -0.107495 0.578822 -0.066718
v -0.107593 0.579552 -0.066292
v -0.107407 0.578830 -0.066597
v -0.107491 0.579462 -0.066228
v -0.107355 0.578933 -0.066451
v -0.107404 0.579298 -0.066238
v -0.107354 0.579105 -0.066320
v -0.105790 0.580346 -0.068130
v -0.105739 0.580152 -0.068204
v -0.105793 0.580518 -0.068003
v -0.105653 0.579989 -0.068207
v -0.105747 0.580623 -0.067859
v -0.105556 0.579901 -0.068138
v -0.105665 0.580632 -0.067736
v -0.105474 0.579910 -0.068015
v -0.105568 0.580544 -0.067667
v -0.105428 0.580015 -0.067871
v -0.105483 0.580381 -0.067670
v -0.105432 0.580187 -0.067744
v -0.103705 0.581419 -0.069543
v -0.103652 0.581226 -0.069611
v -0.103713 0.581591 -0.069421
v -0.103568 0.581064 -0.069607
v -0.103675 0.581697 -0.069278
v -0.103599 0.581708 -0.069153
v -0.103476 0.580977 -0.069533
v -0.103401 0.580988 -0.069407
v -0.103507 0.581621 -0.069078
v -0.103362 0.581094 -0.069264
v -0.103424 0.581459 -0.069074
v -0.103370 0.581267 -0.069142
v -0.101508 0.582485 -0.070888
v -0.101453 0.582294 -0.070951
v -0.101523 0.582657 -0.070770
v -0.101492 0.582763 -0.070629
v -0.101370 0.582134 -0.070941
v -0.101424 0.582776 -0.070501
v -0.101284 0.582049 -0.070861
v -0.101337 0.582690 -0.070421
v -0.101216 0.582061 -0.070733
v -0.101255 0.582531 -0.070411
v -0.101185 0.582167 -0.070591
v -0.101199 0.582339 -0.070474
v -0.099228 0.583543 -0.072126
v -0.099249 0.583714 -0.072012
v -0.099170 0.583353 -0.072183
v -0.099227 0.583820 -0.071871
v -0.099089 0.583195 -0.072167
v -0.099167 0.583833 -0.071741
v -0.099008 0.583112 -0.072083
v -0.099086 0.583750 -0.071657
v -0.098948 0.583125 -0.071953
v -0.099006 0.583592 -0.071641
v -0.098926 0.583231 -0.071812
v -0.098947 0.583402 -0.071698
v -0.096892 0.584589 -0.073216
v -0.096921 0.584759 -0.073106
v -0.096830 0.584402 -0.073268
v -0.096909 0.584864 -0.072965
v -0.096752 0.584246 -0.073246
v -0.096859 0.584878 -0.072833
v -0.096677 0.584163 -0.073157
v -0.096784 0.584795 -0.072744
v -0.096627 0.584177 -0.073025
v -0.096706 0.584639 -0.072723
v -0.096615 0.584282 -0.072885
v -0.096644 0.584452 -0.072774
v -0.094566 0.585789 -0.074011
v -0.094529 0.585622 -0.074119
v -0.094565 0.585893 -0.073872
v -0.094464 0.585436 -0.074165
v -0.094526 0.585906 -0.073738
v -0.094387 0.585282 -0.074138
v -0.094460 0.585825 -0.073644
v -0.094321 0.585201 -0.074045
v -0.094384 0.585670 -0.073617
v -0.094282 0.585214 -0.073910
v -0.094318 0.585485 -0.073664
v -0.094281 0.585318 -0.073771
v -0.092213 0.586802 -0.074688
v -0.092166 0.586637 -0.074792
v -0.092226 0.586903 -0.074550
v -0.092097 0.586455 -0.074833
v -0.092200 0.586915 -0.074414
v -0.092023 0.586303 -0.074801
v -0.092142 0.586834 -0.074317
v -0.091966 0.586222 -0.074704
v -0.092069 0.586682 -0.074285
v -0.091940 0.586233 -0.074568
v -0.092000 0.586499 -0.074326
v -0.091953 0.586335 -0.074430
v -0.089890 0.587794 -0.075096
v -0.089917 0.587893 -0.074960
v -0.089832 0.587634 -0.075196
v -0.089906 0.587902 -0.074824
v -0.089758 0.587454 -0.075231
v -0.089860 0.587821 -0.074724
v -0.089689 0.587303 -0.075194
v -0.089791 0.587670 -0.074686
v -0.089643 0.587222 -0.075094
v -0.089632 0.587232 -0.074957
v -0.089660 0.587330 -0.074821
v -0.089718 0.587490 -0.074722
v -0.124360 0.622456 -0.048928
v -0.125555 0.622293 -0.047529
v -0.125556 0.622303 -0.047529
v -0.124346 0.622444 -0.048917
v -0.125548 0.622286 -0.047524
v -0.124364 0.622477 -0.048929
v -0.125552 0.622315 -0.047524
v -0.124327 0.622444 -0.048900
v -0.125538 0.622284 -0.047516
v -0.124358 0.622501 -0.048920
v -0.125543 0.622324 -0.047515
v -0.124307 0.622456 -0.048880
v -0.125527 0.622289 -0.047506
v -0.124343 0.622521 -0.048904
v -0.125532 0.622328 -0.047506
v -0.124292 0.622476 -0.048864
v -0.125519 0.622298 -0.047498
v -0.124323 0.622533 -0.048884
v -0.125522 0.622327 -0.047497
v -0.124286 0.622500 -0.048855
v -0.125514 0.622309 -0.047493
v -0.124304 0.622533 -0.048867
v -0.125516 0.622320 -0.047493
v -0.124290 0.622521 -0.048856
v -0.123011 0.622655 -0.050425
v -0.122990 0.622640 -0.050407
v -0.123021 0.622685 -0.050429
v -0.123015 0.622722 -0.050417
v -0.122962 0.622644 -0.050380
v -0.122934 0.622666 -0.050351
v -0.122996 0.622757 -0.050394
v -0.122968 0.622779 -0.050365
v -0.122915 0.622701 -0.050328
v -0.122909 0.622738 -0.050316
v -0.122918 0.622768 -0.050320
v -0.122940 0.622783 -0.050338
v -0.121549 0.622881 -0.051984
v -0.121520 0.622865 -0.051958
v -0.121564 0.622919 -0.051992
v -0.121561 0.622970 -0.051980
v -0.121484 0.622876 -0.051922
v -0.121540 0.623020 -0.051952
v -0.121451 0.622911 -0.051884
v -0.121430 0.622960 -0.051856
v -0.121427 0.623011 -0.051844
v -0.121442 0.623050 -0.051852
v -0.121472 0.623066 -0.051878
v -0.121508 0.623055 -0.051914
v -0.120037 0.623169 -0.053584
v -0.120014 0.623124 -0.053570
v -0.120038 0.623234 -0.053574
v -0.119977 0.623109 -0.053536
v -0.119934 0.623130 -0.053491
v -0.120018 0.623300 -0.053543
v -0.119982 0.623351 -0.053499
v -0.119898 0.623180 -0.053446
v -0.119940 0.623371 -0.053453
v -0.119878 0.623246 -0.053415
v -0.119902 0.623357 -0.053419
v -0.119880 0.623311 -0.053405
v -0.118477 0.623427 -0.055171
v -0.118446 0.623376 -0.055150
v -0.118485 0.623505 -0.055165
v -0.118401 0.623365 -0.055106
v -0.118469 0.623589 -0.055133
v -0.118354 0.623398 -0.055053
v -0.118432 0.623656 -0.055083
v -0.118317 0.623465 -0.055003
v -0.118385 0.623688 -0.055030
v -0.118300 0.623549 -0.054971
v -0.118339 0.623678 -0.054987
v -0.118309 0.623626 -0.054965
v -0.116927 0.623683 -0.056717
v -0.116887 0.623628 -0.056687
v -0.116944 0.623773 -0.056717
v -0.116933 0.623874 -0.056687
v -0.116835 0.623624 -0.056635
v -0.116897 0.623960 -0.056634
v -0.116784 0.623670 -0.056574
v -0.116847 0.624007 -0.056574
v -0.116749 0.623756 -0.056522
v -0.116795 0.624002 -0.056522
v -0.116738 0.623857 -0.056492
v -0.116755 0.623948 -0.056492
v -0.115426 0.623928 -0.058188
v -0.115453 0.624029 -0.058196
v -0.115377 0.623872 -0.058148
v -0.115450 0.624148 -0.058170
v -0.115319 0.623876 -0.058087
v -0.115419 0.624253 -0.058118
v -0.115367 0.624316 -0.058052
v -0.115267 0.623939 -0.058022
v -0.115308 0.624320 -0.057991
v -0.115235 0.624044 -0.057969
v -0.115232 0.624163 -0.057943
v -0.115259 0.624264 -0.057951
v -0.114054 0.624264 -0.059567
v -0.114016 0.624154 -0.059549
v -0.114062 0.624399 -0.059549
v -0.113957 0.624099 -0.059498
v -0.114037 0.624524 -0.059498
v -0.113893 0.624114 -0.059429
v -0.113985 0.624604 -0.059430
v -0.113842 0.624194 -0.059360
v -0.113921 0.624619 -0.059361
v -0.113816 0.624319 -0.059310
v -0.113862 0.624564 -0.059310
v -0.113824 0.624454 -0.059292
v -0.112788 0.624468 -0.060796
v -0.112737 0.624352 -0.060765
v -0.112808 0.624619 -0.060788
v -0.112791 0.624763 -0.060743
v -0.112668 0.624301 -0.060703
v -0.112600 0.624328 -0.060627
v -0.112742 0.624862 -0.060673
v -0.112674 0.624890 -0.060596
v -0.112551 0.624428 -0.060557
v -0.112605 0.624839 -0.060535
v -0.112534 0.624572 -0.060512
v -0.112554 0.624722 -0.060504
v -0.111694 0.624633 -0.061847
v -0.111728 0.624797 -0.061852
v -0.111630 0.624513 -0.061802
v -0.111722 0.624960 -0.061815
v -0.111551 0.624468 -0.061729
v -0.111678 0.625079 -0.061747
v -0.111481 0.624511 -0.061647
v -0.111607 0.625121 -0.061665
v -0.111436 0.624629 -0.061578
v -0.111529 0.625076 -0.061592
v -0.111430 0.624792 -0.061542
v -0.111464 0.624956 -0.061547
v -0.110862 0.624925 -0.062709
v -0.110814 0.624750 -0.062687
v -0.110868 0.625106 -0.062684
v -0.110736 0.624629 -0.062625
v -0.110830 0.625244 -0.062620
v -0.110650 0.624592 -0.062539
v -0.110758 0.625303 -0.062534
v -0.110579 0.624651 -0.062452
v -0.110672 0.625267 -0.062448
v -0.110541 0.624790 -0.062388
v -0.110595 0.625145 -0.062386
v -0.110547 0.624970 -0.062364
v -0.109248 0.625154 -0.064174
v -0.109204 0.624979 -0.064148
v -0.109251 0.625335 -0.064152
v -0.109214 0.625473 -0.064088
v -0.109131 0.624856 -0.064082
v -0.109050 0.624820 -0.063992
v -0.109144 0.625532 -0.063999
v -0.109062 0.625495 -0.063910
v -0.108980 0.624878 -0.063904
v -0.108990 0.625373 -0.063843
v -0.108942 0.625017 -0.063840
v -0.108946 0.625198 -0.063817
v -0.107465 0.625347 -0.065637
v -0.107425 0.625171 -0.065608
v -0.107467 0.625528 -0.065616
v -0.107430 0.625666 -0.065551
v -0.107357 0.625048 -0.065538
v -0.107364 0.625724 -0.065460
v -0.107280 0.625011 -0.065444
v -0.107214 0.625069 -0.065353
v -0.107287 0.625687 -0.065366
v -0.107177 0.625207 -0.065288
v -0.107219 0.625564 -0.065296
v -0.107179 0.625389 -0.065267
v -0.105551 0.625527 -0.067076
v -0.105512 0.625351 -0.067046
v -0.105553 0.625708 -0.067055
v -0.105448 0.625228 -0.066973
v -0.105518 0.625847 -0.066988
v -0.105374 0.625190 -0.066876
v -0.105455 0.625904 -0.066894
v -0.105312 0.625248 -0.066782
v -0.105382 0.625867 -0.066798
v -0.105277 0.625386 -0.066716
v -0.105318 0.625743 -0.066725
v -0.105279 0.625568 -0.066695
v -0.103541 0.625720 -0.068471
v -0.103503 0.625544 -0.068441
v -0.103545 0.625901 -0.068448
v -0.103440 0.625421 -0.068366
v -0.103513 0.626039 -0.068380
v -0.103370 0.625383 -0.068268
v -0.103455 0.626097 -0.068283
v -0.103312 0.625440 -0.068171
v -0.103385 0.626058 -0.068184
v -0.103280 0.625578 -0.068102
v -0.103322 0.625935 -0.068110
v -0.103284 0.625759 -0.068080
v -0.101472 0.625950 -0.069802
v -0.101432 0.625774 -0.069773
v -0.101479 0.626130 -0.069777
v -0.101370 0.625651 -0.069698
v -0.101452 0.626268 -0.069706
v -0.101303 0.625612 -0.069597
v -0.101398 0.626325 -0.069606
v -0.101330 0.626286 -0.069506
v -0.101248 0.625669 -0.069498
v -0.101221 0.625807 -0.069427
v -0.101229 0.625987 -0.069402
v -0.101269 0.626163 -0.069431
v -0.099379 0.626240 -0.071049
v -0.099335 0.626065 -0.071022
v -0.099391 0.626420 -0.071021
v -0.099370 0.626557 -0.070946
v -0.099273 0.625942 -0.070948
v -0.099321 0.626613 -0.070844
v -0.099208 0.625903 -0.070846
v -0.099256 0.626574 -0.070742
v -0.099159 0.625960 -0.070744
v -0.099137 0.626096 -0.070669
v -0.099194 0.626451 -0.070668
v -0.099150 0.626276 -0.070641
v -0.097297 0.626617 -0.072193
v -0.097248 0.626442 -0.072169
v -0.097318 0.626795 -0.072161
v -0.097305 0.626930 -0.072082
v -0.097184 0.626319 -0.072096
v -0.097261 0.626985 -0.071976
v -0.097121 0.626280 -0.071993
v -0.097198 0.626946 -0.071873
v -0.097078 0.626336 -0.071887
v -0.097134 0.626823 -0.071800
v -0.097064 0.626471 -0.071808
v -0.097085 0.626649 -0.071776
v -0.095264 0.627103 -0.073213
v -0.095206 0.626931 -0.073193
v -0.095295 0.627279 -0.073176
v -0.095292 0.627411 -0.073091
v -0.095255 0.627465 -0.072982
v -0.095138 0.626808 -0.073122
v -0.095078 0.626769 -0.073018
v -0.095194 0.627425 -0.072878
v -0.095041 0.626822 -0.072909
v -0.095126 0.627303 -0.072807
v -0.095038 0.626955 -0.072824
v -0.095069 0.627131 -0.072787
v -0.093359 0.627895 -0.074046
v -0.093313 0.627724 -0.074089
v -0.093368 0.628023 -0.073955
v -0.093244 0.627555 -0.074075
v -0.093340 0.628074 -0.073843
v -0.093171 0.627435 -0.074006
v -0.093281 0.628034 -0.073738
v -0.093112 0.627395 -0.073901
v -0.093207 0.627913 -0.073669
v -0.093084 0.627446 -0.073788
v -0.093139 0.627745 -0.073654
v -0.093093 0.627574 -0.073698
v -0.091545 0.628667 -0.074751
v -0.091482 0.628504 -0.074802
v -0.091572 0.628788 -0.074654
v -0.091554 0.628835 -0.074537
v -0.091398 0.628342 -0.074793
v -0.091496 0.628794 -0.074432
v -0.091316 0.628225 -0.074727
v -0.091415 0.628677 -0.074366
v -0.091259 0.628185 -0.074621
v -0.091331 0.628515 -0.074357
v -0.091241 0.628231 -0.074505
v -0.091267 0.628352 -0.074408
v -0.089891 0.629619 -0.075271
v -0.089805 0.629469 -0.075329
v -0.089938 0.629728 -0.075168
v -0.089932 0.629767 -0.075048
v -0.089876 0.629726 -0.074942
v -0.089702 0.629319 -0.075326
v -0.089784 0.629615 -0.074880
v -0.089610 0.629208 -0.075264
v -0.089681 0.629465 -0.074877
v -0.089554 0.629166 -0.075158
v -0.089548 0.629206 -0.075037
v -0.089595 0.629315 -0.074935
v -0.088501 0.630865 -0.075481
v -0.088432 0.630774 -0.075588
v -0.088509 0.630894 -0.075357
v -0.088321 0.630644 -0.075651
v -0.088453 0.630852 -0.075251
v -0.088196 0.630511 -0.075653
v -0.088349 0.630750 -0.075191
v -0.088092 0.630410 -0.075593
v -0.088224 0.630617 -0.075193
v -0.088036 0.630368 -0.075487
v -0.088113 0.630487 -0.075256
v -0.088044 0.630396 -0.075364
v -0.128710 0.652924 -0.043144
v -0.129317 0.652765 -0.042275
v -0.129317 0.652781 -0.042271
v -0.128678 0.652897 -0.043123
v -0.129304 0.652757 -0.042269
v -0.128695 0.652898 -0.043136
v -0.128707 0.652908 -0.043144
v -0.128704 0.652943 -0.043136
v -0.129309 0.652788 -0.042264
v -0.128661 0.652906 -0.043109
v -0.129294 0.652760 -0.042261
v -0.128691 0.652959 -0.043124
v -0.129300 0.652791 -0.042257
v -0.128647 0.652922 -0.043096
v -0.129287 0.652767 -0.042255
v -0.128673 0.652968 -0.043109
v -0.129286 0.652783 -0.042250
v -0.128641 0.652941 -0.043088
v -0.128656 0.652968 -0.043096
v -0.128645 0.652957 -0.043088
v -0.127864 0.652986 -0.044177
v -0.127881 0.652999 -0.044191
v -0.127839 0.652989 -0.044157
v -0.127887 0.653024 -0.044194
v -0.127881 0.653054 -0.044185
v -0.127863 0.653081 -0.044168
v -0.127815 0.653006 -0.044135
v -0.127838 0.653098 -0.044146
v -0.127797 0.653033 -0.044117
v -0.127790 0.653063 -0.044109
v -0.127796 0.653087 -0.044112
v -0.127814 0.653100 -0.044126
v -0.126873 0.653053 -0.045382
v -0.126850 0.653039 -0.045361
v -0.126884 0.653085 -0.045389
v -0.126878 0.653126 -0.045381
v -0.126818 0.653047 -0.045334
v -0.126857 0.653166 -0.045361
v -0.126789 0.653075 -0.045306
v -0.126827 0.653193 -0.045333
v -0.126768 0.653114 -0.045285
v -0.126796 0.653201 -0.045305
v -0.126762 0.653156 -0.045278
v -0.126772 0.653187 -0.045285
v -0.125715 0.653083 -0.046681
v -0.125685 0.653070 -0.046654
v -0.125731 0.653121 -0.046694
v -0.125728 0.653173 -0.046689
v -0.125648 0.653086 -0.046619
v -0.125706 0.653227 -0.046667
v -0.125614 0.653126 -0.046587
v -0.125672 0.653267 -0.046635
v -0.125593 0.653180 -0.046565
v -0.125635 0.653283 -0.046600
v -0.125589 0.653232 -0.046560
v -0.125605 0.653270 -0.046573
v -0.124460 0.653147 -0.048073
v -0.124438 0.653105 -0.048054
v -0.124461 0.653210 -0.048072
v -0.124401 0.653095 -0.048019
v -0.124442 0.653278 -0.048051
v -0.124360 0.653121 -0.047979
v -0.124406 0.653332 -0.048015
v -0.124324 0.653175 -0.047943
v -0.124364 0.653358 -0.047974
v -0.124304 0.653243 -0.047922
v -0.124328 0.653348 -0.047940
v -0.124306 0.653306 -0.047921
v -0.123103 0.653177 -0.049491
v -0.123074 0.653132 -0.049465
v -0.123111 0.653251 -0.049495
v -0.123031 0.653128 -0.049423
v -0.123095 0.653333 -0.049476
v -0.122986 0.653165 -0.049377
v -0.123060 0.653403 -0.049439
v -0.122951 0.653234 -0.049340
v -0.123016 0.653440 -0.049393
v -0.122936 0.653317 -0.049321
v -0.122973 0.653436 -0.049351
v -0.122943 0.653391 -0.049325
v -0.121691 0.653226 -0.050913
v -0.121654 0.653180 -0.050878
v -0.121707 0.653309 -0.050924
v -0.121698 0.653405 -0.050908
v -0.121606 0.653183 -0.050830
v -0.121667 0.653491 -0.050870
v -0.121560 0.653234 -0.050780
v -0.121621 0.653542 -0.050820
v -0.121528 0.653319 -0.050742
v -0.121519 0.653416 -0.050726
v -0.121536 0.653498 -0.050737
v -0.121573 0.653544 -0.050772
v -0.120255 0.653309 -0.052303
v -0.120209 0.653264 -0.052260
v -0.120282 0.653398 -0.052322
v -0.120282 0.653509 -0.052312
v -0.120158 0.653276 -0.052204
v -0.120257 0.653610 -0.052275
v -0.120213 0.653675 -0.052221
v -0.120113 0.653341 -0.052151
v -0.120088 0.653443 -0.052114
v -0.120161 0.653687 -0.052166
v -0.120089 0.653553 -0.052104
v -0.120115 0.653642 -0.052123
v -0.118865 0.653535 -0.053655
v -0.118826 0.653440 -0.053627
v -0.118879 0.653657 -0.053651
v -0.118773 0.653398 -0.053575
v -0.118863 0.653774 -0.053616
v -0.118719 0.653421 -0.053512
v -0.118823 0.653855 -0.053560
v -0.118679 0.653501 -0.053456
v -0.118769 0.653877 -0.053498
v -0.118664 0.653618 -0.053422
v -0.118716 0.653835 -0.053446
v -0.118677 0.653741 -0.053418
v -0.117488 0.653732 -0.054888
v -0.117436 0.653635 -0.054850
v -0.117518 0.653864 -0.054891
v -0.117516 0.653996 -0.054860
v -0.117375 0.653599 -0.054788
v -0.117485 0.654092 -0.054801
v -0.117322 0.653633 -0.054719
v -0.117431 0.654126 -0.054732
v -0.117290 0.653729 -0.054661
v -0.117370 0.654090 -0.054670
v -0.117289 0.653860 -0.054629
v -0.117318 0.653993 -0.054633
v -0.116232 0.654145 -0.055997
v -0.116186 0.654005 -0.055984
v -0.116247 0.654289 -0.055970
v -0.116120 0.653908 -0.055935
v -0.116226 0.654400 -0.055911
v -0.116053 0.653879 -0.055863
v -0.116175 0.654447 -0.055836
v -0.116001 0.653927 -0.055787
v -0.116108 0.654419 -0.055764
v -0.115980 0.654037 -0.055729
v -0.116042 0.654321 -0.055715
v -0.115995 0.654182 -0.055702
v -0.115338 0.654394 -0.056742
v -0.115354 0.654539 -0.056713
v -0.115290 0.654254 -0.056731
v -0.115333 0.654650 -0.056652
v -0.115223 0.654155 -0.056684
v -0.115282 0.654696 -0.056575
v -0.115155 0.654126 -0.056612
v -0.115214 0.654667 -0.056503
v -0.115103 0.654173 -0.056535
v -0.115147 0.654569 -0.056456
v -0.115083 0.654283 -0.056474
v -0.115099 0.654428 -0.056445
v -0.114163 0.654724 -0.057729
v -0.114179 0.654870 -0.057698
v -0.114116 0.654582 -0.057719
v -0.114158 0.654981 -0.057636
v -0.114048 0.654483 -0.057672
v -0.114107 0.655027 -0.057558
v -0.113980 0.654452 -0.057600
v -0.114038 0.654996 -0.057486
v -0.113928 0.654498 -0.057523
v -0.113971 0.654897 -0.057439
v -0.113907 0.654609 -0.057460
v -0.113923 0.654755 -0.057430
v -0.112741 0.655131 -0.058908
v -0.112757 0.655277 -0.058876
v -0.112693 0.654988 -0.058900
v -0.112736 0.655388 -0.058811
v -0.112626 0.654887 -0.058853
v -0.112684 0.655434 -0.058732
v -0.112557 0.654855 -0.058781
v -0.112616 0.655402 -0.058659
v -0.112506 0.654901 -0.058701
v -0.112549 0.655301 -0.058613
v -0.112485 0.655012 -0.058637
v -0.112501 0.655158 -0.058605
v -0.111103 0.655611 -0.060229
v -0.111120 0.655758 -0.060195
v -0.111055 0.655467 -0.060223
v -0.111100 0.655869 -0.060128
v -0.110988 0.655365 -0.060176
v -0.111049 0.655913 -0.060047
v -0.110920 0.655332 -0.060103
v -0.110981 0.655880 -0.059973
v -0.110870 0.655376 -0.060022
v -0.110914 0.655778 -0.059927
v -0.110850 0.655487 -0.059955
v -0.110866 0.655634 -0.059920
v -0.109284 0.656161 -0.061643
v -0.109236 0.656016 -0.061637
v -0.109301 0.656308 -0.061605
v -0.109282 0.656419 -0.061536
v -0.109169 0.655912 -0.061591
v -0.109233 0.656462 -0.061453
v -0.109102 0.655878 -0.061517
v -0.109166 0.656428 -0.061378
v -0.109052 0.655921 -0.061433
v -0.109099 0.656324 -0.061332
v -0.109033 0.656032 -0.061364
v -0.109050 0.656179 -0.061327
v -0.107316 0.656777 -0.063097
v -0.107334 0.656925 -0.063058
v -0.107267 0.656631 -0.063094
v -0.107317 0.657034 -0.062985
v -0.107200 0.656526 -0.063048
v -0.107269 0.657077 -0.062899
v -0.107134 0.656489 -0.062972
v -0.107203 0.657040 -0.062823
v -0.107086 0.656532 -0.062886
v -0.107137 0.656935 -0.062777
v -0.107069 0.656642 -0.062814
v -0.107088 0.656789 -0.062774
v -0.105231 0.657455 -0.064544
v -0.105251 0.657603 -0.064501
v -0.105181 0.657309 -0.064542
v -0.105237 0.657712 -0.064425
v -0.105115 0.657202 -0.064497
v -0.105191 0.657753 -0.064336
v -0.105051 0.657164 -0.064419
v -0.105127 0.657714 -0.064259
v -0.105005 0.657205 -0.064330
v -0.105061 0.657608 -0.064213
v -0.104991 0.657313 -0.064254
v -0.105011 0.657461 -0.064211
v -0.103063 0.658193 -0.065932
v -0.103086 0.658340 -0.065886
v -0.103012 0.658045 -0.065932
v -0.103075 0.658447 -0.065806
v -0.103032 0.658486 -0.065714
v -0.102947 0.657937 -0.065887
v -0.102970 0.658446 -0.065634
v -0.102884 0.657897 -0.065807
v -0.102842 0.657936 -0.065715
v -0.102905 0.658338 -0.065589
v -0.102831 0.658043 -0.065636
v -0.102854 0.658190 -0.065589
v -0.100870 0.659132 -0.067161
v -0.100844 0.658985 -0.067211
v -0.100864 0.659237 -0.067077
v -0.100791 0.658837 -0.067214
v -0.100826 0.659274 -0.066981
v -0.100726 0.658727 -0.067169
v -0.100766 0.659232 -0.066900
v -0.100667 0.658685 -0.067087
v -0.100702 0.659122 -0.066854
v -0.100629 0.658721 -0.066992
v -0.100622 0.658827 -0.066907
v -0.100649 0.658974 -0.066857
v -0.098606 0.659830 -0.068332
v -0.098551 0.659681 -0.068337
v -0.098638 0.659975 -0.068278
v -0.098637 0.660078 -0.068189
v -0.098605 0.660112 -0.068089
v -0.098487 0.659570 -0.068292
v -0.098550 0.660067 -0.068005
v -0.098431 0.659525 -0.068209
v -0.098486 0.659955 -0.067960
v -0.098399 0.659558 -0.068109
v -0.098399 0.659662 -0.068020
v -0.098430 0.659807 -0.067966
v -0.096420 0.660866 -0.069185
v -0.096381 0.660723 -0.069244
v -0.096428 0.660965 -0.069091
v -0.096323 0.660575 -0.069252
v -0.096404 0.660995 -0.068987
v -0.096260 0.660462 -0.069207
v -0.096353 0.660947 -0.068901
v -0.096210 0.660414 -0.069121
v -0.096290 0.660833 -0.068856
v -0.096185 0.660443 -0.069017
v -0.096232 0.660686 -0.068864
v -0.096193 0.660543 -0.068923
v -0.094251 0.661801 -0.069832
v -0.094203 0.661662 -0.069895
v -0.094270 0.661896 -0.069733
v -0.094255 0.661920 -0.069626
v -0.094140 0.661515 -0.069906
v -0.094211 0.661868 -0.069538
v -0.094078 0.661400 -0.069862
v -0.094149 0.661753 -0.069493
v -0.094034 0.661347 -0.069774
v -0.094086 0.661606 -0.069504
v -0.094020 0.661372 -0.069666
v -0.094039 0.661466 -0.069567
v -0.045000 0.897535 -0.043318
v -0.044863 0.897521 -0.043562
v -0.044996 0.897519 -0.043197
v -0.043655 0.901799 -0.042693
v -0.044758 0.897494 -0.043620
v -0.044939 0.897492 -0.043120
v -0.043654 0.901776 -0.042562
v -0.044952 0.897536 -0.043452
v -0.043598 0.901805 -0.042836
v -0.043499 0.901792 -0.042954
v -0.044665 0.897464 -0.043608
v -0.044846 0.897462 -0.043109
v -0.043596 0.901742 -0.042478
v -0.043384 0.901765 -0.043014
v -0.044608 0.897437 -0.043532
v -0.044741 0.897436 -0.043166
v -0.043495 0.901707 -0.042465
v -0.044603 0.897421 -0.043410
v -0.044652 0.897421 -0.043277
v -0.043380 0.901679 -0.042525
v -0.043283 0.901729 -0.043000
v -0.043280 0.901667 -0.042642
v -0.043225 0.901695 -0.042917
v -0.043224 0.901672 -0.042786
v -0.042304 0.905826 -0.041898
v -0.042307 0.905797 -0.041758
v -0.042239 0.905836 -0.042051
v -0.042247 0.905756 -0.041668
v -0.042129 0.905824 -0.042176
v -0.042140 0.905715 -0.041652
v -0.042004 0.905793 -0.042239
v -0.042015 0.905684 -0.041715
v -0.041897 0.905751 -0.042223
v -0.041905 0.905671 -0.041840
v -0.041837 0.905710 -0.042133
v -0.041840 0.905681 -0.041993
v -0.040909 0.909615 -0.041013
v -0.040915 0.909581 -0.040863
v -0.040836 0.909626 -0.041176
v -0.040854 0.909533 -0.040766
v -0.040717 0.909611 -0.041308
v -0.040741 0.909484 -0.040749
v -0.040583 0.909574 -0.041374
v -0.040607 0.909447 -0.040815
v -0.040470 0.909525 -0.041356
v -0.040488 0.909432 -0.040947
v -0.040409 0.909477 -0.041260
v -0.040415 0.909443 -0.041110
v -0.039431 0.913164 -0.040115
v -0.039441 0.913128 -0.039955
v -0.039352 0.913172 -0.040288
v -0.039379 0.913073 -0.039851
v -0.039225 0.913150 -0.040429
v -0.039262 0.913015 -0.039832
v -0.039084 0.913103 -0.040498
v -0.039120 0.912968 -0.039901
v -0.038967 0.913045 -0.040479
v -0.038993 0.912946 -0.040042
v -0.038904 0.912990 -0.040375
v -0.038914 0.912954 -0.040215
v -0.037834 0.916470 -0.039281
v -0.037846 0.916435 -0.039110
v -0.037751 0.916470 -0.039466
v -0.037783 0.916375 -0.039000
v -0.037619 0.916436 -0.039616
v -0.037662 0.916306 -0.038979
v -0.037473 0.916375 -0.039690
v -0.037516 0.916245 -0.039053
v -0.037352 0.916306 -0.039669
v -0.037383 0.916211 -0.039202
v -0.037289 0.916245 -0.039558
v -0.037300 0.916211 -0.039387
v -0.036078 0.919532 -0.038591
v -0.036089 0.919503 -0.038408
v -0.035995 0.919518 -0.038789
v -0.036025 0.919439 -0.038290
v -0.035861 0.919464 -0.038948
v -0.035902 0.919356 -0.038267
v -0.035714 0.919385 -0.039028
v -0.035755 0.919277 -0.038346
v -0.035591 0.919303 -0.039005
v -0.035621 0.919223 -0.038506
v -0.035527 0.919238 -0.038886
v -0.035538 0.919209 -0.038704
v -0.034124 0.922347 -0.038123
v -0.034130 0.922329 -0.037929
v -0.034046 0.922311 -0.038334
v -0.034064 0.922262 -0.037802
v -0.033918 0.922232 -0.038503
v -0.033942 0.922164 -0.037777
v -0.033774 0.922129 -0.038587
v -0.033798 0.922062 -0.037861
v -0.033653 0.922032 -0.038563
v -0.033670 0.921982 -0.038031
v -0.033586 0.921965 -0.038436
v -0.033593 0.921947 -0.038241
v -0.031928 0.924908 -0.037752
v -0.031858 0.924841 -0.037617
v -0.031869 0.924846 -0.038180
v -0.031755 0.924734 -0.038358
v -0.031932 0.924910 -0.037958
v -0.031740 0.924728 -0.037589
v -0.031621 0.924604 -0.038445
v -0.031606 0.924597 -0.037676
v -0.031503 0.924490 -0.038417
v -0.031492 0.924485 -0.037854
v -0.031433 0.924423 -0.038282
v -0.031429 0.924422 -0.038076
v -0.029468 0.927215 -0.038177
v -0.029427 0.927119 -0.038406
v -0.029447 0.927233 -0.037962
v -0.029336 0.926971 -0.038587
v -0.029370 0.927169 -0.037819
v -0.029219 0.926811 -0.038673
v -0.029257 0.927039 -0.037786
v -0.029107 0.926681 -0.038640
v -0.029140 0.926879 -0.037872
v -0.029030 0.926617 -0.038497
v -0.029049 0.926731 -0.038054
v -0.029008 0.926635 -0.038282
v -0.026685 0.929125 -0.039088
v -0.026695 0.929254 -0.038859
v -0.026624 0.928942 -0.039267
v -0.026651 0.929294 -0.038640
v -0.026565 0.929234 -0.038490
v -0.026528 0.928752 -0.039347
v -0.026459 0.929090 -0.038450
v -0.026422 0.928608 -0.039306
v -0.026363 0.928900 -0.038530
v -0.026336 0.928548 -0.039156
v -0.026302 0.928717 -0.038708
v -0.026292 0.928588 -0.038937
v -0.023607 0.930863 -0.040305
v -0.023579 0.930648 -0.040474
v -0.023583 0.931022 -0.040081
v -0.023513 0.931081 -0.039863
v -0.023505 0.930433 -0.040543
v -0.023414 0.931026 -0.039708
v -0.023406 0.930277 -0.040494
v -0.023315 0.930870 -0.039659
v -0.023307 0.930221 -0.040339
v -0.023241 0.930655 -0.039728
v -0.023237 0.930281 -0.040120
v -0.023212 0.930439 -0.039897
v -0.020159 0.932088 -0.042288
v -0.020156 0.932330 -0.042133
v -0.020106 0.931852 -0.042343
v -0.020098 0.932514 -0.041920
v -0.020012 0.931687 -0.042283
v -0.020000 0.932591 -0.041705
v -0.019900 0.931635 -0.042126
v -0.019889 0.932539 -0.041547
v -0.019802 0.931712 -0.041911
v -0.019794 0.932374 -0.041488
v -0.019744 0.931896 -0.041698
v -0.019741 0.932138 -0.041543
v -0.045656 0.895760 -0.043369
v -0.045671 0.895742 -0.043501
v -0.045601 0.895730 -0.043281
v -0.042884 0.898457 -0.044513
v -0.045644 0.895679 -0.043641
v -0.042878 0.898380 -0.044653
v -0.042849 0.898486 -0.044383
v -0.045522 0.895660 -0.043260
v -0.045581 0.895589 -0.043751
v -0.042834 0.898275 -0.044765
v -0.042784 0.898458 -0.044298
v -0.045441 0.895567 -0.043311
v -0.045499 0.895496 -0.043802
v -0.042763 0.898170 -0.044819
v -0.042706 0.898382 -0.044279
v -0.045378 0.895477 -0.043421
v -0.045421 0.895425 -0.043781
v -0.042685 0.898094 -0.044801
v -0.042635 0.898277 -0.044334
v -0.045350 0.895414 -0.043561
v -0.045366 0.895395 -0.043692
v -0.042620 0.898066 -0.044715
v -0.042591 0.898172 -0.044446
v -0.042585 0.898095 -0.044585
v -0.040198 0.900556 -0.046261
v -0.040140 0.900440 -0.046315
v -0.040222 0.900676 -0.046151
v -0.040205 0.900766 -0.046015
v -0.040151 0.900802 -0.045890
v -0.040063 0.900357 -0.046300
v -0.040076 0.900776 -0.045808
v -0.039988 0.900331 -0.046219
v -0.039999 0.900693 -0.045793
v -0.039935 0.900367 -0.046093
v -0.039941 0.900576 -0.045847
v -0.039918 0.900457 -0.045957
v -0.037665 0.902477 -0.048187
v -0.037668 0.902608 -0.048082
v -0.037620 0.902350 -0.048240
v -0.037628 0.902708 -0.047952
v -0.037546 0.902261 -0.048226
v -0.037557 0.902750 -0.047833
v -0.037473 0.902723 -0.047757
v -0.037462 0.902234 -0.048149
v -0.037391 0.902276 -0.048030
v -0.037399 0.902634 -0.047743
v -0.037351 0.902376 -0.047901
v -0.037354 0.902507 -0.047796
v -0.035224 0.904080 -0.050490
v -0.035193 0.903944 -0.050540
v -0.035208 0.904220 -0.050391
v -0.035122 0.903848 -0.050527
v -0.035148 0.904327 -0.050270
v -0.035031 0.903819 -0.050455
v -0.035061 0.904372 -0.050158
v -0.034970 0.904342 -0.050086
v -0.034943 0.903863 -0.050344
v -0.034884 0.903970 -0.050222
v -0.034899 0.904246 -0.050074
v -0.034867 0.904110 -0.050124
v -0.032851 0.905264 -0.053164
v -0.032870 0.905408 -0.053118
v -0.032784 0.905162 -0.053152
v -0.032836 0.905554 -0.053025
v -0.032758 0.905664 -0.052912
v -0.032686 0.905129 -0.053085
v -0.032657 0.905709 -0.052807
v -0.032585 0.905173 -0.052980
v -0.032559 0.905676 -0.052740
v -0.032507 0.905284 -0.052867
v -0.032492 0.905574 -0.052728
v -0.032473 0.905430 -0.052774
v -0.030586 0.906352 -0.056060
v -0.030593 0.906501 -0.056017
v -0.030523 0.906244 -0.056049
v -0.030544 0.906652 -0.055930
v -0.030421 0.906206 -0.055985
v -0.030449 0.906763 -0.055823
v -0.030309 0.906248 -0.055887
v -0.030337 0.906805 -0.055725
v -0.030214 0.906360 -0.055780
v -0.030235 0.906767 -0.055661
v -0.030165 0.906510 -0.055693
v -0.030172 0.906659 -0.055650
v -0.028392 0.907249 -0.059175
v -0.028333 0.907135 -0.059164
v -0.028389 0.907403 -0.059134
v -0.028324 0.907555 -0.059051
v -0.028228 0.907092 -0.059103
v -0.028217 0.907666 -0.058949
v -0.028105 0.907131 -0.059010
v -0.028094 0.907704 -0.058856
v -0.027997 0.907241 -0.058908
v -0.027933 0.907394 -0.058826
v -0.027989 0.907661 -0.058795
v -0.027930 0.907547 -0.058784
v -0.026261 0.907997 -0.062454
v -0.026206 0.907878 -0.062444
v -0.026248 0.908154 -0.062414
v -0.026099 0.907829 -0.062386
v -0.026171 0.908308 -0.062333
v -0.025968 0.907863 -0.062296
v -0.026051 0.908416 -0.062235
v -0.025848 0.907971 -0.062197
v -0.025920 0.908449 -0.062145
v -0.025771 0.908124 -0.062117
v -0.025813 0.908400 -0.062087
v -0.025758 0.908281 -0.062077
v -0.024186 0.908639 -0.065844
v -0.024136 0.908514 -0.065835
v -0.024165 0.908799 -0.065803
v -0.024027 0.908459 -0.065779
v -0.024077 0.908951 -0.065723
v -0.023889 0.908487 -0.065691
v -0.023946 0.909055 -0.065626
v -0.023759 0.908591 -0.065594
v -0.023808 0.909084 -0.065537
v -0.023671 0.908744 -0.065514
v -0.023699 0.909028 -0.065481
v -0.023649 0.908904 -0.065473
v -0.022161 0.909216 -0.069290
v -0.022115 0.909087 -0.069283
v -0.022132 0.909377 -0.069246
v -0.022005 0.909025 -0.069229
v -0.022034 0.909528 -0.069165
v -0.021861 0.909046 -0.069141
v -0.021894 0.909628 -0.069067
v -0.021722 0.909146 -0.069043
v -0.021750 0.909650 -0.068979
v -0.021624 0.909297 -0.068962
v -0.021640 0.909588 -0.068925
v -0.021594 0.909459 -0.068918
v -0.020178 0.909771 -0.072737
v -0.020136 0.909637 -0.072735
v -0.020141 0.909933 -0.072690
v -0.020026 0.909568 -0.072682
v -0.020035 0.910082 -0.072604
v -0.019877 0.909583 -0.072593
v -0.019887 0.910176 -0.072504
v -0.019730 0.909677 -0.072493
v -0.019739 0.910191 -0.072415
v -0.019623 0.909826 -0.072407
v -0.019628 0.910122 -0.072362
v -0.019586 0.909989 -0.072360
v -0.018191 0.910208 -0.076134
v -0.018230 0.910346 -0.076132
v -0.018081 0.910133 -0.076083
v -0.018187 0.910509 -0.076078
v -0.017928 0.910140 -0.075993
v -0.018073 0.910654 -0.075987
v -0.017774 0.910228 -0.075888
v -0.017919 0.910742 -0.075882
v -0.017660 0.910373 -0.075796
v -0.017766 0.910749 -0.075792
v -0.017617 0.910536 -0.075743
v -0.017656 0.910674 -0.075741
v -0.080436 0.774678 -0.059374
v -0.080466 0.767162 -0.059555
v -0.080484 0.774666 -0.059113
v -0.080328 0.767149 -0.059331
v -0.080329 0.782988 -0.059028
v -0.080366 0.782981 -0.058761
v -0.080335 0.774655 -0.058892
v -0.080407 0.767179 -0.059811
v -0.080303 0.760758 -0.060091
v -0.080177 0.760741 -0.059864
v -0.080202 0.774688 -0.059607
v -0.080104 0.782992 -0.059274
v -0.080233 0.760786 -0.060340
v -0.080166 0.767197 -0.060030
v -0.080206 0.782971 -0.058545
v -0.080096 0.791816 -0.058768
v -0.080122 0.791811 -0.058497
v -0.080030 0.767144 -0.059199
v -0.079888 0.760740 -0.059720
v -0.080028 0.774648 -0.058773
v -0.079880 0.791814 -0.059027
v -0.079987 0.755779 -0.060720
v -0.079872 0.755763 -0.060490
v -0.079986 0.760817 -0.060545
v -0.079907 0.755807 -0.060963
v -0.079593 0.755762 -0.060335
v -0.079846 0.774692 -0.059749
v -0.079808 0.767210 -0.060154
v -0.079751 0.782989 -0.059433
v -0.079950 0.791801 -0.058286
v -0.079890 0.782960 -0.058438
v -0.079531 0.791806 -0.059204
v -0.079746 0.800864 -0.058593
v -0.079540 0.800857 -0.058864
v -0.079760 0.800861 -0.058318
v -0.079651 0.767149 -0.059194
v -0.079514 0.760754 -0.059697
v -0.079645 0.774646 -0.058785
v -0.079940 0.754682 -0.060848
v -0.079840 0.754671 -0.060611
v -0.079653 0.755839 -0.061154
v -0.079627 0.760843 -0.060650
v -0.079845 0.754700 -0.061086
v -0.079867 0.752612 -0.060988
v -0.079781 0.752604 -0.060745
v -0.079626 0.791788 -0.058192
v -0.079576 0.800851 -0.058113
v -0.079757 0.752627 -0.061220
v -0.079638 0.749672 -0.060928
v -0.079709 0.749681 -0.061175
v -0.079572 0.754671 -0.060439
v -0.079225 0.755778 -0.060296
v -0.079503 0.782953 -0.058468
v -0.079195 0.800844 -0.059059
v -0.079523 0.752606 -0.060557
v -0.079580 0.754721 -0.061263
v -0.079463 0.774690 -0.059762
v -0.079364 0.782982 -0.059463
v -0.079429 0.767215 -0.060149
v -0.079392 0.749677 -0.060724
v -0.079585 0.749702 -0.061400
v -0.079482 0.752647 -0.061380
v -0.079142 0.791794 -0.059252
v -0.079288 0.809838 -0.058501
v -0.079092 0.809828 -0.058784
v -0.079289 0.809838 -0.058222
v -0.079354 0.745996 -0.061196
v -0.079410 0.746008 -0.061447
v -0.079121 0.746003 -0.060978
v -0.079295 0.755867 -0.061242
v -0.079293 0.767162 -0.059318
v -0.079156 0.760780 -0.059803
v -0.079289 0.774651 -0.058927
v -0.079253 0.760857 -0.060628
v -0.079245 0.800835 -0.058033
v -0.079237 0.791776 -0.058240
v -0.079301 0.749728 -0.061543
v -0.079274 0.746037 -0.061663
v -0.079206 0.754682 -0.060378
v -0.079163 0.752618 -0.060474
v -0.079216 0.754740 -0.061329
v -0.079094 0.809826 -0.058024
v -0.079038 0.749695 -0.060619
v -0.078867 0.755805 -0.060384
v -0.078805 0.800827 -0.059126
v -0.078753 0.809808 -0.058996
v -0.079114 0.752665 -0.061424
v -0.079150 0.782951 -0.058628
v -0.079156 0.774683 -0.059642
v -0.079049 0.782972 -0.059356
v -0.078872 0.741687 -0.061586
v -0.078913 0.741705 -0.061839
v -0.079131 0.767210 -0.060017
v -0.078774 0.746027 -0.060851
v -0.078818 0.791781 -0.059158
v -0.078653 0.741695 -0.061354
v -0.078982 0.746074 -0.061788
v -0.078765 0.741744 -0.062046
v -0.078933 0.749754 -0.061565
v -0.078927 0.755883 -0.061203
v -0.079052 0.767179 -0.059537
v -0.078908 0.760811 -0.060007
v -0.079055 0.774660 -0.059160
v -0.078730 0.818444 -0.058488
v -0.078545 0.818428 -0.058783
v -0.078718 0.818445 -0.058207
v -0.078965 0.760856 -0.060484
v -0.078855 0.800817 -0.058099
v -0.078888 0.791768 -0.058418
v -0.078757 0.809806 -0.057958
v -0.078842 0.754700 -0.060445
v -0.078795 0.752636 -0.060519
v -0.078851 0.754751 -0.061268
v -0.078362 0.809785 -0.059081
v -0.078315 0.741726 -0.061206
v -0.078669 0.749720 -0.060641
v -0.078754 0.752677 -0.061342
v -0.078613 0.755838 -0.060575
v -0.079006 0.774672 -0.059421
v -0.078993 0.767197 -0.059793
v -0.078888 0.782962 -0.059140
v -0.078925 0.782954 -0.058874
v -0.078474 0.800811 -0.059045
v -0.078213 0.818402 -0.059013
v -0.078513 0.818432 -0.058015
v -0.078838 0.760839 -0.060257
v -0.078646 0.791771 -0.058948
v -0.078405 0.746063 -0.060850
v -0.078614 0.746109 -0.061787
v -0.078468 0.741794 -0.062152
v -0.078648 0.755882 -0.061048
v -0.078135 0.736857 -0.062134
v -0.078161 0.736883 -0.062389
v -0.078578 0.749772 -0.061460
v -0.078533 0.755866 -0.060818
v -0.078672 0.791766 -0.058676
v -0.078511 0.800804 -0.058294
v -0.077931 0.736864 -0.061890
v -0.078577 0.754722 -0.060621
v -0.078520 0.752656 -0.060678
v -0.078582 0.754751 -0.061097
v -0.078366 0.809783 -0.058042
v -0.078290 0.800800 -0.058840
v -0.078385 0.749747 -0.060784
v -0.078024 0.809765 -0.059015
v -0.078003 0.736934 -0.062586
v -0.077948 0.741773 -0.061181
v -0.078496 0.752680 -0.061154
v -0.077823 0.818372 -0.059116
v -0.078169 0.818406 -0.057964
v -0.078081 0.826387 -0.058553
v -0.077908 0.826365 -0.058859
v -0.078057 0.826390 -0.058270
v -0.078114 0.746100 -0.060974
v -0.078304 0.800798 -0.058565
v -0.077603 0.736901 -0.061720
v -0.078267 0.746134 -0.061660
v -0.078102 0.741840 -0.062127
v -0.078482 0.754740 -0.060860
v -0.078332 0.749777 -0.061256
v -0.078411 0.752672 -0.060911
v -0.077584 0.826330 -0.059106
v -0.078261 0.749768 -0.061009
v -0.078027 0.809764 -0.058255
v -0.077841 0.826373 -0.058086
v -0.077702 0.736997 -0.062671
v -0.077830 0.809753 -0.058816
v -0.077651 0.741822 -0.061286
v -0.077978 0.746128 -0.061191
v -0.077479 0.818347 -0.059065
v -0.077779 0.818377 -0.058067
v -0.077241 0.736960 -0.061672
v -0.078034 0.746141 -0.061442
v -0.077831 0.809753 -0.058538
v -0.077764 0.741871 -0.061979
v -0.077196 0.826291 -0.059228
v -0.077085 0.731615 -0.062879
v -0.077098 0.731651 -0.063133
v -0.077492 0.826341 -0.058049
v -0.076896 0.731619 -0.062622
v -0.077504 0.741861 -0.061494
v -0.077340 0.737056 -0.062623
v -0.077350 0.833374 -0.058694
v -0.077190 0.833344 -0.059011
v -0.077312 0.833379 -0.058409
v -0.077545 0.741879 -0.061747
v -0.077274 0.818334 -0.058873
v -0.077447 0.818351 -0.058297
v -0.076931 0.731717 -0.063318
v -0.076581 0.731662 -0.062432
v -0.076940 0.737023 -0.061757
v -0.076876 0.833296 -0.059274
v -0.077262 0.818335 -0.058592
v -0.076847 0.826259 -0.059192
v -0.077086 0.833358 -0.058233
v -0.077103 0.826302 -0.058171
v -0.077013 0.737093 -0.062453
v -0.076629 0.731795 -0.063382
v -0.076782 0.737074 -0.061954
v -0.076225 0.731732 -0.062360
v -0.076490 0.833244 -0.059414
v -0.076808 0.737100 -0.062209
v -0.076734 0.833315 -0.058212
v -0.076631 0.826242 -0.059007
v -0.076779 0.826267 -0.058418
v -0.076272 0.731865 -0.063310
v -0.076543 0.839121 -0.058909
v -0.076398 0.839076 -0.059235
v -0.076491 0.839129 -0.058623
v -0.075923 0.731811 -0.062424
v -0.076607 0.826245 -0.058724
v -0.076138 0.833202 -0.059393
v -0.076096 0.839007 -0.059514
v -0.075667 0.726072 -0.063855
v -0.075493 0.726072 -0.063588
v -0.075667 0.726120 -0.064108
v -0.076348 0.833263 -0.058352
v -0.076257 0.839098 -0.058455
v -0.075957 0.731908 -0.063120
v -0.075492 0.726202 -0.064279
v -0.075755 0.731877 -0.062609
v -0.075192 0.726118 -0.063378
v -0.075717 0.838931 -0.059672
v -0.075912 0.833180 -0.059217
v -0.075768 0.731913 -0.062863
v -0.076034 0.833215 -0.058615
v -0.075902 0.839037 -0.058449
v -0.075191 0.726297 -0.064322
v -0.075874 0.833185 -0.058932
v -0.074844 0.726200 -0.063281
v -0.075664 0.843340 -0.059196
v -0.075535 0.843284 -0.059531
v -0.075362 0.838870 -0.059666
v -0.075600 0.843340 -0.058910
v -0.075249 0.843188 -0.059826
v -0.075523 0.838961 -0.058607
v -0.074843 0.726379 -0.064225
v -0.075361 0.843286 -0.058749
v -0.074542 0.726295 -0.063324
v -0.075128 0.838839 -0.059498
v -0.074881 0.843077 -0.060000
v -0.075221 0.838892 -0.058886
v -0.074368 0.726378 -0.063495
v -0.074542 0.726426 -0.064015
v -0.075076 0.838847 -0.059212
v -0.075010 0.843190 -0.058758
v -0.074368 0.726426 -0.063748
v -0.074530 0.842981 -0.060008
v -0.073822 0.720338 -0.065101
v -0.073663 0.720330 -0.064825
v -0.073810 0.720401 -0.065351
v -0.074792 0.845939 -0.059311
v -0.074665 0.845890 -0.059650
v -0.074732 0.845916 -0.059023
v -0.073377 0.720380 -0.064595
v -0.073631 0.720502 -0.065506
v -0.074642 0.843079 -0.058932
v -0.074385 0.845781 -0.059949
v -0.074291 0.842927 -0.059848
v -0.074501 0.845826 -0.058864
v -0.073039 0.720472 -0.064474
v -0.073333 0.720613 -0.065526
v -0.074356 0.842983 -0.059226
v -0.074026 0.845643 -0.060128
v -0.074227 0.842927 -0.059561
v -0.074161 0.845694 -0.058875
v -0.073686 0.845511 -0.060139
v -0.072741 0.720584 -0.064493
v -0.072996 0.720706 -0.065405
v -0.073594 0.848662 -0.059162
v -0.073463 0.848630 -0.059503
v -0.073542 0.848611 -0.058875
v -0.073803 0.845556 -0.059055
v -0.073185 0.848524 -0.059807
v -0.072562 0.720685 -0.064649
v -0.072709 0.720755 -0.065175
v -0.073455 0.845421 -0.059980
v -0.073321 0.848491 -0.058719
v -0.072551 0.720748 -0.064898
v -0.072832 0.848372 -0.059993
v -0.073522 0.845447 -0.059354
v -0.073395 0.845398 -0.059692
v -0.072990 0.848333 -0.058736
v -0.072501 0.848214 -0.060010
v -0.071493 0.714525 -0.066653
v -0.071349 0.714507 -0.066369
v -0.071472 0.714605 -0.066897
v -0.072638 0.848181 -0.058921
v -0.072280 0.848094 -0.059854
v -0.071079 0.714555 -0.066121
v -0.071291 0.714725 -0.067035
v -0.072131 0.851472 -0.058782
v -0.071996 0.851455 -0.059125
v -0.072085 0.851400 -0.058497
v -0.072359 0.848075 -0.059225
v -0.072228 0.848043 -0.059567
v -0.071718 0.851352 -0.059434
v -0.070754 0.714658 -0.065975
v -0.070999 0.714854 -0.067031
v -0.071872 0.851258 -0.058346
v -0.071371 0.851191 -0.059626
v -0.070462 0.714786 -0.065970
v -0.070675 0.714956 -0.066885
v -0.071548 0.851083 -0.058370
v -0.071047 0.851016 -0.059650
v -0.070281 0.714907 -0.066108
v -0.070404 0.715005 -0.066636
v -0.071200 0.850922 -0.058562
v -0.070260 0.714987 -0.066352
v -0.070834 0.850874 -0.059499
v -0.070922 0.850819 -0.058871
v -0.070788 0.850801 -0.059214
v -0.070463 0.854326 -0.058205
v -0.070325 0.854321 -0.058549
v -0.070422 0.854238 -0.057922
v -0.070047 0.854223 -0.058863
v -0.070215 0.854078 -0.057777
v -0.069703 0.854058 -0.059062
v -0.069896 0.853891 -0.057807
v -0.068624 0.708742 -0.068547
v -0.068494 0.708710 -0.068258
v -0.068596 0.708842 -0.068783
v -0.069385 0.853871 -0.059092
v -0.068240 0.708756 -0.067992
v -0.068416 0.708983 -0.068902
v -0.069552 0.853726 -0.058006
v -0.067930 0.708866 -0.067822
v -0.069177 0.853711 -0.058947
v -0.068134 0.709128 -0.068872
v -0.069274 0.853628 -0.058320
v -0.069137 0.853622 -0.058664
v -0.067647 0.709011 -0.067792
v -0.067824 0.709238 -0.068701
v -0.067468 0.709152 -0.067911
v -0.068651 0.857179 -0.057463
v -0.068511 0.857185 -0.057808
v -0.068615 0.857076 -0.057183
v -0.067570 0.709283 -0.068436
v -0.068232 0.857092 -0.058126
v -0.067440 0.709251 -0.068146
v -0.068412 0.856904 -0.057043
v -0.067890 0.856925 -0.058331
v -0.068097 0.856708 -0.057080
v -0.067575 0.856729 -0.058369
v -0.067755 0.856541 -0.057285
v -0.067373 0.856557 -0.058228
v -0.067476 0.856449 -0.057603
v -0.067336 0.856454 -0.057948
v -0.066756 0.859983 -0.056588
v -0.066614 0.860000 -0.056934
v -0.065159 0.703101 -0.070820
v -0.065045 0.703061 -0.070524
v -0.066724 0.859868 -0.056310
v -0.065121 0.703214 -0.071048
v -0.066334 0.859913 -0.057255
v -0.064811 0.703106 -0.070241
v -0.064943 0.703370 -0.071148
v -0.066524 0.859686 -0.056175
v -0.064519 0.703223 -0.070045
v -0.065992 0.859747 -0.057466
v -0.064671 0.703528 -0.071093
v -0.066212 0.859484 -0.056219
v -0.064247 0.703380 -0.069990
v -0.065680 0.859545 -0.057510
v -0.064379 0.703645 -0.070897
v -0.065870 0.859318 -0.056430
v -0.064069 0.703537 -0.070090
v -0.064145 0.703690 -0.070614
v -0.065481 0.859363 -0.057375
v -0.064031 0.703650 -0.070318
v -0.065590 0.859231 -0.056751
v -0.065448 0.859248 -0.057097
v -0.064841 0.862693 -0.055611
v -0.064695 0.862720 -0.055957
v -0.064811 0.862567 -0.055336
v -0.064414 0.862641 -0.056281
v -0.064613 0.862376 -0.055206
v -0.064072 0.862477 -0.056498
v -0.064302 0.862171 -0.055256
v -0.063760 0.862271 -0.056547
v -0.063960 0.862007 -0.055472
v -0.063563 0.862080 -0.056418
v -0.063678 0.861928 -0.055797
v -0.063533 0.861955 -0.056143
v -0.064336 0.701973 -0.071247
v -0.064235 0.701945 -0.070955
v -0.064296 0.702079 -0.071470
v -0.064020 0.702004 -0.070673
v -0.064126 0.702236 -0.071564
v -0.062965 0.865259 -0.054564
v -0.062816 0.865297 -0.054910
v -0.063748 0.702133 -0.070475
v -0.062937 0.865123 -0.054292
v -0.062532 0.865227 -0.055237
v -0.063870 0.702401 -0.071504
v -0.062742 0.864925 -0.054168
v -0.063493 0.702299 -0.070416
v -0.062188 0.865067 -0.055457
v -0.063598 0.702531 -0.071307
v -0.063145 0.700409 -0.071735
v -0.063056 0.700393 -0.071448
v -0.063101 0.700507 -0.071953
v -0.062430 0.864718 -0.054223
v -0.063322 0.702456 -0.070510
v -0.062858 0.700462 -0.071169
v -0.063383 0.702590 -0.071025
v -0.062935 0.700660 -0.072044
v -0.063282 0.702562 -0.070733
v -0.061876 0.864860 -0.055513
v -0.062604 0.700599 -0.070972
v -0.062086 0.864558 -0.054444
v -0.062692 0.700827 -0.071983
v -0.061680 0.864662 -0.055388
v -0.062361 0.700766 -0.070910
v -0.061801 0.864488 -0.054770
v -0.062437 0.700964 -0.071786
v -0.061653 0.864526 -0.055116
v -0.062195 0.700919 -0.071001
v -0.062239 0.701033 -0.071506
v -0.062150 0.701017 -0.071219
v -0.061637 0.698501 -0.072250
v -0.061559 0.698493 -0.071969
v -0.061590 0.698592 -0.072462
v -0.061375 0.698569 -0.071694
v -0.061191 0.867635 -0.053480
v -0.061038 0.867685 -0.053824
v -0.061429 0.698742 -0.072549
v -0.061166 0.867488 -0.053212
v -0.061135 0.698710 -0.071499
v -0.060750 0.867625 -0.054152
v -0.060971 0.867284 -0.053091
v -0.061198 0.698909 -0.072486
v -0.060904 0.698878 -0.071437
v -0.060402 0.867472 -0.054377
v -0.060959 0.699050 -0.072292
v -0.060658 0.867078 -0.053151
v -0.060744 0.699027 -0.071523
v -0.060775 0.699127 -0.072017
v -0.060696 0.699118 -0.071736
v -0.060089 0.867265 -0.054437
v -0.060310 0.866924 -0.053376
v -0.059894 0.867061 -0.054316
v -0.060021 0.866864 -0.053704
v -0.059869 0.866915 -0.054048
v -0.059866 0.696343 -0.072753
v -0.059797 0.696341 -0.072478
v -0.059817 0.696428 -0.072959
v -0.059627 0.696423 -0.072209
v -0.059662 0.696574 -0.073042
v -0.059402 0.696568 -0.072017
v -0.059442 0.696742 -0.072979
v -0.059581 0.869770 -0.052390
v -0.059423 0.869834 -0.052732
v -0.059559 0.869612 -0.052127
v -0.059183 0.696736 -0.071954
v -0.059127 0.869788 -0.053060
v -0.059218 0.696887 -0.072787
v -0.059364 0.869404 -0.052011
v -0.059028 0.696882 -0.072036
v -0.059048 0.696969 -0.072517
v -0.058978 0.696967 -0.072243
v -0.058774 0.869644 -0.053286
v -0.059048 0.869200 -0.052075
v -0.058458 0.869440 -0.053349
v -0.058694 0.869055 -0.052300
v -0.058263 0.869232 -0.053234
v -0.058399 0.869009 -0.052628
v -0.058241 0.869074 -0.052970
v -0.057886 0.694029 -0.073206
v -0.057826 0.694034 -0.072938
v -0.057834 0.694109 -0.073406
v -0.057670 0.694123 -0.072675
v -0.057685 0.694253 -0.073485
v -0.057461 0.694271 -0.072486
v -0.058198 0.871614 -0.051330
v -0.058181 0.871444 -0.051072
v -0.058031 0.871697 -0.051666
v -0.057478 0.694421 -0.073421
v -0.057726 0.871669 -0.051989
v -0.057254 0.694439 -0.072422
v -0.057985 0.871231 -0.050961
v -0.057269 0.694569 -0.073232
v -0.057104 0.694583 -0.072501
v -0.057364 0.871539 -0.052213
v -0.057113 0.694658 -0.072969
v -0.057663 0.871033 -0.051026
v -0.057053 0.694663 -0.072701
v -0.057042 0.871341 -0.052279
v -0.057301 0.870903 -0.051250
v -0.056846 0.871129 -0.052168
v -0.056996 0.870876 -0.051574
v -0.056829 0.870958 -0.051910
v -0.057094 0.873133 -0.050322
v -0.057078 0.872954 -0.050068
v -0.056923 0.873228 -0.050655
v -0.056613 0.873213 -0.050977
v -0.056880 0.872739 -0.049960
v -0.055701 0.691670 -0.073310
v -0.055751 0.691658 -0.073571
v -0.055561 0.691765 -0.073053
v -0.055698 0.691732 -0.073764
v -0.056245 0.873093 -0.051202
v -0.055555 0.691873 -0.073839
v -0.055368 0.691918 -0.072868
v -0.056553 0.872546 -0.050028
v -0.055174 0.692088 -0.072804
v -0.055361 0.692043 -0.073776
v -0.055918 0.872900 -0.051269
v -0.056185 0.872426 -0.050252
v -0.055168 0.692196 -0.073590
v -0.055031 0.692229 -0.072879
v -0.054978 0.692303 -0.073073
v -0.055028 0.692291 -0.073333
v -0.056652 0.873733 -0.049928
v -0.056490 0.873816 -0.050266
v -0.056631 0.873562 -0.049671
v -0.055720 0.872685 -0.051161
v -0.055874 0.872412 -0.050574
v -0.056190 0.873790 -0.050593
v -0.056433 0.873350 -0.049563
v -0.055704 0.872507 -0.050907
v -0.056189 0.874332 -0.049599
v -0.056044 0.874394 -0.049946
v -0.056158 0.874175 -0.049336
v -0.055831 0.873661 -0.050823
v -0.056112 0.873153 -0.049634
v -0.055763 0.874345 -0.050284
v -0.055959 0.873967 -0.049227
v -0.055510 0.873464 -0.050893
v -0.055754 0.873024 -0.049863
v -0.055420 0.874199 -0.050522
v -0.055725 0.874913 -0.049335
v -0.055595 0.874957 -0.049688
v -0.055685 0.874770 -0.049068
v -0.055647 0.873762 -0.049302
v -0.055330 0.874890 -0.050033
v -0.055485 0.874566 -0.048958
v -0.055313 0.873252 -0.050785
v -0.055453 0.872998 -0.050191
v -0.055108 0.873994 -0.050597
v -0.053478 0.689345 -0.073555
v -0.053517 0.689324 -0.073808
v -0.055304 0.873616 -0.049541
v -0.055001 0.874731 -0.050276
v -0.053355 0.689448 -0.073305
v -0.053460 0.689393 -0.073995
v -0.055292 0.873081 -0.050528
v -0.055269 0.875480 -0.049123
v -0.055151 0.875509 -0.049480
v -0.055220 0.875348 -0.048854
v -0.055179 0.874357 -0.049036
v -0.054899 0.875429 -0.049827
v -0.053180 0.689608 -0.073124
v -0.053324 0.689532 -0.074067
v -0.054909 0.873786 -0.050489
v -0.055018 0.875150 -0.048743
v -0.055023 0.873567 -0.049879
v -0.054695 0.874521 -0.050354
v -0.053001 0.689780 -0.073060
v -0.053145 0.689704 -0.074003
v -0.054878 0.873629 -0.050226
v -0.054850 0.874197 -0.049279
v -0.054579 0.875260 -0.050073
v -0.054826 0.876033 -0.048951
v -0.054717 0.876052 -0.049309
v -0.054771 0.875912 -0.048681
v -0.052865 0.689919 -0.073131
v -0.052971 0.689863 -0.073822
v -0.054716 0.874938 -0.048821
v -0.054473 0.875964 -0.049658
v -0.054495 0.874317 -0.050244
v -0.052809 0.689987 -0.073319
v -0.052848 0.689967 -0.073571
v -0.054584 0.874130 -0.049624
v -0.054566 0.875720 -0.048569
v -0.054278 0.875048 -0.050151
v -0.054455 0.874174 -0.049977
v -0.054159 0.875791 -0.049903
v -0.054397 0.874769 -0.049067
v -0.054405 0.876577 -0.048808
v -0.054301 0.876590 -0.049164
v -0.054344 0.876462 -0.048536
v -0.054266 0.875510 -0.048646
v -0.054060 0.876499 -0.049512
v -0.054076 0.874850 -0.050041
v -0.054144 0.874689 -0.049415
v -0.053860 0.875580 -0.049981
v -0.054136 0.876278 -0.048424
v -0.054027 0.874718 -0.049771
v -0.053748 0.876328 -0.049756
v -0.053952 0.875337 -0.048892
v -0.054010 0.877111 -0.048680
v -0.053907 0.877124 -0.049035
v -0.053947 0.877002 -0.048409
v -0.053666 0.877037 -0.049379
v -0.053655 0.875389 -0.049869
v -0.053835 0.876073 -0.048500
v -0.053447 0.876122 -0.049832
v -0.053708 0.875248 -0.049241
v -0.053734 0.876826 -0.048295
v -0.053599 0.875267 -0.049599
v -0.053350 0.876874 -0.049620
v -0.053648 0.877640 -0.048557
v -0.053543 0.877658 -0.048908
v -0.053522 0.875902 -0.048744
v -0.053584 0.877534 -0.048287
v -0.053296 0.877582 -0.049248
v -0.053238 0.875938 -0.049719
v -0.053429 0.876630 -0.048369
v -0.053045 0.876678 -0.049694
v -0.053367 0.877367 -0.048172
v -0.053282 0.875811 -0.049091
v -0.053178 0.875824 -0.049448
v -0.052973 0.877433 -0.049484
v -0.053324 0.878166 -0.048428
v -0.053212 0.878194 -0.048774
v -0.053261 0.878059 -0.048160
v -0.052956 0.878136 -0.049107
v -0.051211 0.687156 -0.073635
v -0.051236 0.687125 -0.073879
v -0.053114 0.876467 -0.048610
v -0.051108 0.687270 -0.073392
v -0.051176 0.687187 -0.074060
v -0.052833 0.876502 -0.049580
v -0.053056 0.877185 -0.048242
v -0.053039 0.877903 -0.048043
v -0.050955 0.687437 -0.073215
v -0.052662 0.877250 -0.049554
v -0.051048 0.687325 -0.074128
v -0.053041 0.878691 -0.048282
v -0.052922 0.878736 -0.048622
v -0.052623 0.878008 -0.049337
v -0.052872 0.876380 -0.048954
v -0.052980 0.878581 -0.048018
v -0.052770 0.876393 -0.049309
v -0.052653 0.878704 -0.048946
v -0.050793 0.687614 -0.073153
v -0.050886 0.687501 -0.074065
v -0.052733 0.877036 -0.048479
v -0.052445 0.877084 -0.049439
v -0.052720 0.877739 -0.048109
v -0.052755 0.878436 -0.047899
v -0.052804 0.879220 -0.048111
v -0.052675 0.879287 -0.048441
v -0.050665 0.687751 -0.073221
v -0.050733 0.687669 -0.073888
v -0.052304 0.877844 -0.049403
v -0.052308 0.878604 -0.049167
v -0.052746 0.879104 -0.047850
v -0.052394 0.879289 -0.048752
v -0.050606 0.687813 -0.073401
v -0.052486 0.876960 -0.048818
v -0.050630 0.687783 -0.073645
v -0.052381 0.876977 -0.049170
v -0.052606 0.879785 -0.047892
v -0.052472 0.879868 -0.048214
v -0.052387 0.877611 -0.048339
v -0.052517 0.878971 -0.047728
v -0.052426 0.878295 -0.047958
v -0.052550 0.879666 -0.047635
v -0.052185 0.879891 -0.048515
v -0.052083 0.877688 -0.049286
v -0.052036 0.879223 -0.048960
v -0.051979 0.878463 -0.049225
v -0.052268 0.880809 -0.047488
v -0.052138 0.880887 -0.047806
v -0.052320 0.879541 -0.047511
v -0.052213 0.880694 -0.047235
v -0.052179 0.878856 -0.047778
v -0.052131 0.877553 -0.048672
v -0.051857 0.880907 -0.048102
v -0.052019 0.877581 -0.049018
v -0.052081 0.878195 -0.048178
v -0.051821 0.879850 -0.048713
v -0.051754 0.878318 -0.049107
v -0.051698 0.879109 -0.049010
v -0.051987 0.880573 -0.047113
v -0.051977 0.879445 -0.047553
v -0.051794 0.882146 -0.047004
v -0.051669 0.882213 -0.047319
v -0.051738 0.882038 -0.046754
v -0.051821 0.878791 -0.047987
v -0.051501 0.880864 -0.048297
v -0.051813 0.878163 -0.048502
v -0.051398 0.882221 -0.047614
v -0.051693 0.878208 -0.048842
v -0.051478 0.879754 -0.048756
v -0.051469 0.878976 -0.048888
v -0.051651 0.880478 -0.047155
v -0.051614 0.879403 -0.047752
v -0.051517 0.881918 -0.046635
v -0.051052 0.882168 -0.047809
v -0.051541 0.878792 -0.048297
v -0.051165 0.880769 -0.048339
v -0.051213 0.883713 -0.046473
v -0.051093 0.883772 -0.046784
v -0.051412 0.878860 -0.048627
v -0.051157 0.883611 -0.046226
v -0.051248 0.879629 -0.048632
v -0.050830 0.883772 -0.047075
v -0.051294 0.880435 -0.047350
v -0.051190 0.881818 -0.046679
v -0.051326 0.879427 -0.048052
v -0.050940 0.883492 -0.046109
v -0.050725 0.882068 -0.047853
v -0.051193 0.879509 -0.048374
v -0.050939 0.880648 -0.048217
v -0.050494 0.883713 -0.047269
v -0.051014 0.880455 -0.047646
v -0.050844 0.881765 -0.046874
v -0.050883 0.880533 -0.047964
v -0.048953 0.685199 -0.073509
v -0.048960 0.685157 -0.073744
v -0.048877 0.685327 -0.073275
v -0.050621 0.883390 -0.046154
v -0.050546 0.885454 -0.045916
v -0.050431 0.885506 -0.046222
v -0.048896 0.685211 -0.073917
v -0.050504 0.881948 -0.047734
v -0.050490 0.885356 -0.045673
v -0.048751 0.685506 -0.073106
v -0.050176 0.885499 -0.046510
v -0.048777 0.685349 -0.073982
v -0.050174 0.883610 -0.047314
v -0.050572 0.881773 -0.047169
v -0.048610 0.685689 -0.073045
v -0.050448 0.881840 -0.047484
v -0.050278 0.885240 -0.045559
v -0.048636 0.685531 -0.073921
v -0.050285 0.883330 -0.046348
v -0.049848 0.885434 -0.046703
v -0.048491 0.685826 -0.073110
v -0.048510 0.685710 -0.073751
v -0.049958 0.883492 -0.047198
v -0.048426 0.685880 -0.073283
v -0.048434 0.685838 -0.073518
v -0.049966 0.885135 -0.045604
v -0.050021 0.883330 -0.046640
v -0.049816 0.887307 -0.045357
v -0.049705 0.887352 -0.045659
v -0.049902 0.883389 -0.046951
v -0.049537 0.885330 -0.046748
v -0.049759 0.887215 -0.045118
v -0.049457 0.887339 -0.045944
v -0.049639 0.885071 -0.045796
v -0.049551 0.887101 -0.045007
v -0.049325 0.885213 -0.046634
v -0.049139 0.887270 -0.046134
v -0.049384 0.885064 -0.046084
v -0.049269 0.885116 -0.046391
v -0.049248 0.886995 -0.045052
v -0.048835 0.887164 -0.046179
v -0.049044 0.889213 -0.044821
v -0.048938 0.889252 -0.045119
v -0.048987 0.889127 -0.044586
v -0.048698 0.889231 -0.045399
v -0.048929 0.886926 -0.045242
v -0.048784 0.889015 -0.044477
v -0.048628 0.887050 -0.046067
v -0.048389 0.889157 -0.045587
v -0.048682 0.886912 -0.045526
v -0.048571 0.886958 -0.045828
v -0.048488 0.888908 -0.044522
v -0.048093 0.889050 -0.045633
v -0.048252 0.891112 -0.044332
v -0.048152 0.891142 -0.044625
v -0.046758 0.683572 -0.073137
v -0.046741 0.683515 -0.073358
v -0.046716 0.683717 -0.072917
v -0.048195 0.891032 -0.044101
v -0.048178 0.888834 -0.044710
v -0.047921 0.891114 -0.044902
v -0.046669 0.683561 -0.073523
v -0.046626 0.683911 -0.072758
v -0.047889 0.888939 -0.045523
v -0.046562 0.683699 -0.073586
v -0.047996 0.890923 -0.043994
v -0.046512 0.684103 -0.072703
v -0.047621 0.891035 -0.045087
v -0.047939 0.888814 -0.044991
v -0.046448 0.683890 -0.073531
v -0.047833 0.888852 -0.045288
v -0.046405 0.684240 -0.072766
v -0.046358 0.684085 -0.073372
v -0.046333 0.684287 -0.072930
v -0.047708 0.890814 -0.044039
v -0.046316 0.684230 -0.073152
v -0.047333 0.890926 -0.045133
v -0.047463 0.892944 -0.043913
v -0.047369 0.892964 -0.044202
v -0.047405 0.892870 -0.043686
v -0.047408 0.890735 -0.044225
v -0.047147 0.892926 -0.044475
v -0.047133 0.890817 -0.045025
v -0.047210 0.892764 -0.043580
v -0.047177 0.890707 -0.044501
v -0.046858 0.892840 -0.044658
v -0.047076 0.890737 -0.044794
v -0.046930 0.892653 -0.043626
v -0.046578 0.892729 -0.044704
v -0.046699 0.894648 -0.043588
v -0.046612 0.894656 -0.043873
v -0.046641 0.892567 -0.043810
v -0.046639 0.894584 -0.043365
v -0.046401 0.894605 -0.044143
v -0.046382 0.892623 -0.044599
v -0.046448 0.894480 -0.043262
v -0.046419 0.892529 -0.044083
v -0.046324 0.892549 -0.044371
v -0.046123 0.894509 -0.044325
v -0.046177 0.894365 -0.043308
v -0.045852 0.894395 -0.044370
v -0.044676 0.682372 -0.072474
v -0.044625 0.682299 -0.072676
v -0.044682 0.682537 -0.072278
v -0.044641 0.682749 -0.072139
v -0.045979 0.896168 -0.043383
v -0.045902 0.896158 -0.043664
v -0.044543 0.682337 -0.072829
v -0.044564 0.682951 -0.072096
v -0.045898 0.894270 -0.043489
v -0.045915 0.896116 -0.043163
v -0.045705 0.896088 -0.043930
v -0.044450 0.682476 -0.072893
v -0.045661 0.894291 -0.044267
v -0.044472 0.683090 -0.072160
v -0.044374 0.682678 -0.072850
v -0.045727 0.896016 -0.043062
v -0.045688 0.894219 -0.043759
v -0.044389 0.683128 -0.072313
v -0.045441 0.895977 -0.044110
v -0.045601 0.894227 -0.044044
v -0.044333 0.682890 -0.072712
v -0.044338 0.683055 -0.072515
v -0.045467 0.895895 -0.043108
v -0.045181 0.895856 -0.044156
v -0.045320 0.897450 -0.043323
v -0.045260 0.897410 -0.043598
v -0.045248 0.897418 -0.043108
v -0.045203 0.895784 -0.043288
v -0.045085 0.897309 -0.043859
v -0.044993 0.895756 -0.044055
v -0.045064 0.897322 -0.043009
v -0.044842 0.897173 -0.044036
v -0.045006 0.895715 -0.043554
v -0.044930 0.895704 -0.043835
v -0.044818 0.897189 -0.043054
v -0.044595 0.897040 -0.044081
v -0.044710 0.898352 -0.043703
v -0.044748 0.898425 -0.043438
v -0.044561 0.898215 -0.043953
v -0.044667 0.898414 -0.043229
v -0.044574 0.897053 -0.043231
v -0.044411 0.896944 -0.043983
v -0.044342 0.898049 -0.044122
v -0.044486 0.898322 -0.043133
v -0.044399 0.896952 -0.043492
v -0.044339 0.896912 -0.043767
v -0.044111 0.897901 -0.044164
v -0.044256 0.898174 -0.043176
v -0.041737 0.902914 -0.044884
v -0.041750 0.902995 -0.044619
v -0.041618 0.902762 -0.045141
v -0.042832 0.681885 -0.071320
v -0.042783 0.681712 -0.071488
v -0.042835 0.682104 -0.071208
v -0.041652 0.902985 -0.044419
v -0.042791 0.682310 -0.071181
v -0.042701 0.681630 -0.071665
v -0.042712 0.682447 -0.071246
v -0.043931 0.897809 -0.044069
v -0.044037 0.898008 -0.043345
v -0.041423 0.902581 -0.045322
v -0.042608 0.681662 -0.071805
v -0.041471 0.902885 -0.044335
v -0.042529 0.681799 -0.071870
v -0.042619 0.682478 -0.071386
v -0.043849 0.897798 -0.043860
v -0.042537 0.682397 -0.071563
v -0.043888 0.897871 -0.043595
v -0.042485 0.682004 -0.071843
v -0.042488 0.682223 -0.071730
v -0.041206 0.902418 -0.045378
v -0.041253 0.902723 -0.044391
v -0.041024 0.902319 -0.045294
v -0.041059 0.902541 -0.044572
v -0.040927 0.902308 -0.045094
v -0.040939 0.902390 -0.044829
v -0.041566 0.681815 -0.070372
v -0.041550 0.681601 -0.070471
v -0.041532 0.682014 -0.070350
v -0.041489 0.681431 -0.070622
v -0.041456 0.682146 -0.070413
v -0.041397 0.681349 -0.070784
v -0.041360 0.682174 -0.070543
v -0.041269 0.682092 -0.070705
v -0.041301 0.681377 -0.070914
v -0.041226 0.681509 -0.070977
v -0.041191 0.681708 -0.070956
v -0.041207 0.681922 -0.070856
v -0.039064 0.906737 -0.045948
v -0.038966 0.906585 -0.046212
v -0.039059 0.906814 -0.045682
v -0.038792 0.906398 -0.046406
v -0.038951 0.906795 -0.045488
v -0.039978 0.681196 -0.069383
v -0.039919 0.681033 -0.069528
v -0.039990 0.681400 -0.069285
v -0.039953 0.681590 -0.069262
v -0.039877 0.681715 -0.069320
v -0.039782 0.681742 -0.069442
v -0.038771 0.906685 -0.045416
v -0.038587 0.906227 -0.046476
v -0.039831 0.680954 -0.069683
v -0.039693 0.681663 -0.069597
v -0.039736 0.680981 -0.069806
v -0.039660 0.681106 -0.069863
v -0.039623 0.681296 -0.069840
v -0.039635 0.681500 -0.069743
v -0.038406 0.906117 -0.046405
v -0.038566 0.906514 -0.045486
v -0.038391 0.906327 -0.045680
v -0.038299 0.906098 -0.046210
v -0.038294 0.906175 -0.045945
v -0.038196 0.680866 -0.067997
v -0.038187 0.680672 -0.068092
v -0.038157 0.681047 -0.067973
v -0.038080 0.681165 -0.068025
v -0.038132 0.680516 -0.068233
v -0.037987 0.681190 -0.068140
v -0.038047 0.680440 -0.068380
v -0.037901 0.681114 -0.068288
v -0.037953 0.680465 -0.068495
v -0.037847 0.680959 -0.068428
v -0.037877 0.680583 -0.068548
v -0.037838 0.680764 -0.068523
v -0.036639 0.909910 -0.046943
v -0.036566 0.909755 -0.047214
v -0.036614 0.909983 -0.046679
v -0.036415 0.909561 -0.047418
v -0.036497 0.909956 -0.046492
v -0.036225 0.909379 -0.047501
v -0.036321 0.909835 -0.046431
v -0.036049 0.909258 -0.047440
v -0.036132 0.909653 -0.046514
v -0.035932 0.909230 -0.047253
v -0.035980 0.909459 -0.046718
v -0.035907 0.909304 -0.046988
v -0.036259 0.680213 -0.066545
v -0.036253 0.680029 -0.066638
v -0.036218 0.680384 -0.066519
v -0.036141 0.680496 -0.066566
v -0.036202 0.679880 -0.066773
v -0.036049 0.680519 -0.066674
v -0.036119 0.679807 -0.066913
v -0.035966 0.680447 -0.066814
v -0.036027 0.679830 -0.067021
v -0.035915 0.680298 -0.066948
v -0.035950 0.679942 -0.067068
v -0.035909 0.680113 -0.067041
v -0.034414 0.912515 -0.047920
v -0.034370 0.912355 -0.048193
v -0.034367 0.912586 -0.047659
v -0.034246 0.912151 -0.048404
v -0.034242 0.912550 -0.047479
v -0.034077 0.911956 -0.048497
v -0.034072 0.912417 -0.047429
v -0.034253 0.679443 -0.064967
v -0.034251 0.679268 -0.065058
v -0.034210 0.679605 -0.064938
v -0.034132 0.679710 -0.064979
v -0.033906 0.911822 -0.048447
v -0.034203 0.679127 -0.065187
v -0.034041 0.679730 -0.065080
v -0.033903 0.912222 -0.047522
v -0.034123 0.679058 -0.065319
v -0.034033 0.679078 -0.065420
v -0.033962 0.679661 -0.065212
v -0.033781 0.911787 -0.048268
v -0.033779 0.912017 -0.047734
v -0.033955 0.679183 -0.065461
v -0.033912 0.679345 -0.065433
v -0.033914 0.679520 -0.065341
v -0.033735 0.911858 -0.048006
v -0.032330 0.914467 -0.049197
v -0.032341 0.914633 -0.048926
v -0.032239 0.914250 -0.049412
v -0.032271 0.914703 -0.048671
v -0.032253 0.678557 -0.063299
v -0.032254 0.678392 -0.063388
v -0.032207 0.678708 -0.063268
v -0.032094 0.914040 -0.049512
v -0.032138 0.914659 -0.048500
v -0.032210 0.678259 -0.063512
v -0.032129 0.678806 -0.063303
v -0.032133 0.678192 -0.063637
v -0.032043 0.678210 -0.063730
v -0.032039 0.678824 -0.063396
v -0.031962 0.678757 -0.063521
v -0.031934 0.913894 -0.049471
v -0.031977 0.914513 -0.048459
v -0.031965 0.678308 -0.063765
v -0.031918 0.678624 -0.063645
v -0.031919 0.678459 -0.063734
v -0.031800 0.913850 -0.049300
v -0.031832 0.914303 -0.048559
v -0.031730 0.913920 -0.049045
v -0.031742 0.914086 -0.048774
v -0.030400 0.916171 -0.050276
v -0.030375 0.916344 -0.050011
v -0.030347 0.915942 -0.050489
v -0.030332 0.677555 -0.061580
v -0.030337 0.677402 -0.061668
v -0.030283 0.677696 -0.061546
v -0.030230 0.915718 -0.050593
v -0.030280 0.916413 -0.049764
v -0.030297 0.677276 -0.061787
v -0.030204 0.677786 -0.061575
v -0.030223 0.677212 -0.061904
v -0.030115 0.677801 -0.061659
v -0.030139 0.916361 -0.049603
v -0.030082 0.915558 -0.050560
v -0.030134 0.677227 -0.061988
v -0.030041 0.677737 -0.061776
v -0.029990 0.916201 -0.049569
v -0.030055 0.677317 -0.062017
v -0.030001 0.677612 -0.061895
v -0.030006 0.677458 -0.061983
v -0.029941 0.915506 -0.050398
v -0.029874 0.915976 -0.049673
v -0.029846 0.915575 -0.050152
v -0.029821 0.915747 -0.049886
v -0.028533 0.917551 -0.051476
v -0.028520 0.917312 -0.051684
v -0.028471 0.917727 -0.051220
v -0.028565 0.676441 -0.059847
v -0.028574 0.676298 -0.059935
v -0.028513 0.676570 -0.059809
v -0.028434 0.917075 -0.051788
v -0.028538 0.676180 -0.060049
v -0.028433 0.676651 -0.059830
v -0.028350 0.917793 -0.050985
v -0.028466 0.676119 -0.060158
v -0.028345 0.676663 -0.059906
v -0.028300 0.916903 -0.051760
v -0.028378 0.676131 -0.060233
v -0.028202 0.917732 -0.050834
v -0.028273 0.676601 -0.060015
v -0.028153 0.916842 -0.051609
v -0.028298 0.676212 -0.060255
v -0.028237 0.676484 -0.060129
v -0.028246 0.676341 -0.060217
v -0.028068 0.917560 -0.050807
v -0.028032 0.916909 -0.051374
v -0.027983 0.917323 -0.050911
v -0.027970 0.917085 -0.051118
v -0.027026 0.675214 -0.058138
v -0.027040 0.675083 -0.058227
v -0.026971 0.675330 -0.058095
v -0.027007 0.674974 -0.058336
v -0.026889 0.675401 -0.058108
v -0.026709 0.918443 -0.053044
v -0.026654 0.918197 -0.053147
v -0.026684 0.918686 -0.052844
v -0.026938 0.674915 -0.058437
v -0.026586 0.918861 -0.052601
v -0.026801 0.675408 -0.058174
v -0.026534 0.918015 -0.053125
v -0.026851 0.674922 -0.058503
v -0.026732 0.675349 -0.058275
v -0.026442 0.918922 -0.052379
v -0.026768 0.674993 -0.058516
v -0.026382 0.917944 -0.052984
v -0.026700 0.675240 -0.058384
v -0.026713 0.675110 -0.058472
v -0.026289 0.918851 -0.052238
v -0.026237 0.918005 -0.052762
v -0.026169 0.918669 -0.052216
v -0.026139 0.918180 -0.052518
v -0.026114 0.918423 -0.052318
v -0.025789 0.673876 -0.056492
v -0.025807 0.673760 -0.056581
v -0.025730 0.673978 -0.056442
v -0.025778 0.673659 -0.056686
v -0.025646 0.674037 -0.056444
v -0.025712 0.673602 -0.056779
v -0.025559 0.674038 -0.056499
v -0.025625 0.673603 -0.056834
v -0.025493 0.673981 -0.056592
v -0.025541 0.673662 -0.056837
v -0.025465 0.673880 -0.056697
v -0.025482 0.673764 -0.056786
v -0.024866 0.919417 -0.054621
v -0.024838 0.919167 -0.054722
v -0.024808 0.919659 -0.054428
v -0.024732 0.918977 -0.054706
v -0.024679 0.919828 -0.054196
v -0.024575 0.918896 -0.054576
v -0.024514 0.919880 -0.053987
v -0.024410 0.918948 -0.054367
v -0.024358 0.919800 -0.053857
v -0.024281 0.919118 -0.054135
v -0.024251 0.919609 -0.053841
v -0.024223 0.919360 -0.053943
v -0.024927 0.672430 -0.054945
v -0.024948 0.672330 -0.055037
v -0.024866 0.672514 -0.054886
v -0.024924 0.672239 -0.055139
v -0.024781 0.672558 -0.054877
v -0.024860 0.672183 -0.055222
v -0.024774 0.672176 -0.055265
v -0.024696 0.672551 -0.054920
v -0.024632 0.672495 -0.055003
v -0.024689 0.672220 -0.055255
v -0.024607 0.672404 -0.055104
v -0.024628 0.672304 -0.055197
v -0.024535 0.670795 -0.053629
v -0.024512 0.670877 -0.053533
v -0.024513 0.670715 -0.053727
v -0.024452 0.670940 -0.053465
v -0.024453 0.670659 -0.053801
v -0.024369 0.670966 -0.053444
v -0.022938 0.920065 -0.056565
v -0.022943 0.920315 -0.056461
v -0.022843 0.919869 -0.056556
v -0.022858 0.920551 -0.056273
v -0.024370 0.670642 -0.053832
v -0.024287 0.670949 -0.053474
v -0.022683 0.919779 -0.056437
v -0.024288 0.670668 -0.053810
v -0.024227 0.670893 -0.053548
v -0.022704 0.920711 -0.056051
v -0.024228 0.670731 -0.053742
v -0.024205 0.670813 -0.053646
v -0.022503 0.919819 -0.056240
v -0.022523 0.920751 -0.055854
v -0.022349 0.919978 -0.056018
v -0.022364 0.920661 -0.055735
v -0.022263 0.920215 -0.055829
v -0.022269 0.920465 -0.055726
v -0.020907 0.920972 -0.058723
v -0.020821 0.920772 -0.058723
v -0.020894 0.921219 -0.058614
v -0.020787 0.921446 -0.058427
v -0.020661 0.920672 -0.058616
v -0.020614 0.921592 -0.058212
v -0.020468 0.920699 -0.058429
v -0.020421 0.921619 -0.058025
v -0.020295 0.920845 -0.058213
v -0.020260 0.921519 -0.057917
v -0.020187 0.921072 -0.058026
v -0.020175 0.921319 -0.057918
v -0.018701 0.921968 -0.061243
v -0.018624 0.921765 -0.061254
v -0.018673 0.922209 -0.061127
v -0.018463 0.921656 -0.061158
v -0.018548 0.922425 -0.060939
v -0.018261 0.921668 -0.060981
v -0.018360 0.922556 -0.060728
v -0.018072 0.921800 -0.060770
v -0.018158 0.922569 -0.060550
v -0.017947 0.922015 -0.060581
v -0.017997 0.922459 -0.060455
v -0.017920 0.922257 -0.060466
v -0.084625 0.457280 -0.074727
v -0.084659 0.456149 -0.075276
v -0.084633 0.457277 -0.074721
v -0.084612 0.457280 -0.074729
v -0.084634 0.457272 -0.074711
v -0.084628 0.457267 -0.074701
v -0.084615 0.457262 -0.074693
v -0.084601 0.457260 -0.074690
v -0.084598 0.457277 -0.074725
v -0.084586 0.457273 -0.074717
v -0.084580 0.457265 -0.074703
v -0.084588 0.457260 -0.074691
v -0.084562 0.458710 -0.074028
v -0.084542 0.458710 -0.074030
v -0.084574 0.458706 -0.074019
v -0.084575 0.458699 -0.074005
v -0.084565 0.458691 -0.073989
v -0.084547 0.458685 -0.073978
v -0.084520 0.458706 -0.074025
v -0.084502 0.458700 -0.074013
v -0.084493 0.458692 -0.073998
v -0.084506 0.458681 -0.073974
v -0.084494 0.458685 -0.073984
v -0.084525 0.458681 -0.073972
v -0.084481 0.460370 -0.073225
v -0.084455 0.460370 -0.073228
v -0.084497 0.460364 -0.073212
v -0.084498 0.460355 -0.073193
v -0.084486 0.460345 -0.073173
v -0.084461 0.460336 -0.073158
v -0.084426 0.460365 -0.073221
v -0.084432 0.460330 -0.073150
v -0.084402 0.460355 -0.073205
v -0.084389 0.460345 -0.073185
v -0.084391 0.460336 -0.073166
v -0.084407 0.460330 -0.073153
v -0.084386 0.462182 -0.072355
v -0.084354 0.462182 -0.072359
v -0.084406 0.462176 -0.072339
v -0.084408 0.462164 -0.072316
v -0.084392 0.462152 -0.072291
v -0.084362 0.462140 -0.072271
v -0.084318 0.462176 -0.072350
v -0.084326 0.462134 -0.072261
v -0.084287 0.462164 -0.072330
v -0.084271 0.462151 -0.072305
v -0.084273 0.462140 -0.072281
v -0.084293 0.462133 -0.072265
v -0.084307 0.464052 -0.071408
v -0.084288 0.464036 -0.071378
v -0.084305 0.464065 -0.071436
v -0.084281 0.464073 -0.071456
v -0.084242 0.464073 -0.071460
v -0.084252 0.464022 -0.071354
v -0.084199 0.464065 -0.071449
v -0.084208 0.464014 -0.071343
v -0.084162 0.464051 -0.071426
v -0.084197 0.465956 -0.070541
v -0.084200 0.465941 -0.070508
v -0.084169 0.465965 -0.070564
v -0.084170 0.464014 -0.071348
v -0.084146 0.464022 -0.071367
v -0.084143 0.464035 -0.071395
v -0.084177 0.465923 -0.070473
v -0.084123 0.465965 -0.070569
v -0.084135 0.465907 -0.070445
v -0.084073 0.465955 -0.070556
v -0.084084 0.465897 -0.070432
v -0.084031 0.465940 -0.070529
v -0.084085 0.467774 -0.069691
v -0.084088 0.467757 -0.069653
v -0.084053 0.467784 -0.069717
v -0.084039 0.465897 -0.070438
v -0.084011 0.465906 -0.070460
v -0.084008 0.465921 -0.070494
v -0.084063 0.467736 -0.069612
v -0.084014 0.467718 -0.069581
v -0.084001 0.467784 -0.069723
v -0.083944 0.467773 -0.069708
v -0.083956 0.467707 -0.069566
v -0.083973 0.469443 -0.068922
v -0.083977 0.469424 -0.068879
v -0.083937 0.469454 -0.068951
v -0.083895 0.467754 -0.069677
v -0.083948 0.469401 -0.068834
v -0.083879 0.469453 -0.068959
v -0.083905 0.467706 -0.069573
v -0.083869 0.467734 -0.069637
v -0.083873 0.467716 -0.069598
v -0.083893 0.469380 -0.068798
v -0.083814 0.469440 -0.068943
v -0.083864 0.470888 -0.068273
v -0.083869 0.470867 -0.068225
v -0.083825 0.470899 -0.068305
v -0.083828 0.469367 -0.068782
v -0.083760 0.469419 -0.068907
v -0.083836 0.470841 -0.068174
v -0.083760 0.470896 -0.068314
v -0.083770 0.469366 -0.068790
v -0.083730 0.469396 -0.068862
v -0.083776 0.470818 -0.068135
v -0.083734 0.469377 -0.068819
v -0.083688 0.470882 -0.068296
v -0.083762 0.472033 -0.067779
v -0.083767 0.472011 -0.067726
v -0.083719 0.472043 -0.067816
v -0.083704 0.470803 -0.068117
v -0.083731 0.471983 -0.067670
v -0.083648 0.472039 -0.067826
v -0.083627 0.470859 -0.068257
v -0.083639 0.470801 -0.068126
v -0.083599 0.470812 -0.068158
v -0.083595 0.470833 -0.068206
v -0.083665 0.471957 -0.067627
v -0.083569 0.472021 -0.067807
v -0.083675 0.472783 -0.067419
v -0.083635 0.472754 -0.067358
v -0.083670 0.472804 -0.067479
v -0.083623 0.472811 -0.067520
v -0.083546 0.472802 -0.067533
v -0.083586 0.471940 -0.067608
v -0.083502 0.471995 -0.067764
v -0.083515 0.471936 -0.067618
v -0.083467 0.471968 -0.067709
v -0.083563 0.472725 -0.067311
v -0.083460 0.472780 -0.067514
v -0.083265 0.474869 -0.066747
v -0.083221 0.474839 -0.066678
v -0.083261 0.474888 -0.066815
v -0.083210 0.474890 -0.066863
v -0.083125 0.474876 -0.066879
v -0.083471 0.471946 -0.067655
v -0.083477 0.472703 -0.067292
v -0.083388 0.472751 -0.067467
v -0.083141 0.474805 -0.066626
v -0.083030 0.474848 -0.066859
v -0.083400 0.472694 -0.067304
v -0.083349 0.472722 -0.067406
v -0.083353 0.472701 -0.067346
v -0.083045 0.474778 -0.066606
v -0.082949 0.474815 -0.066807
v -0.082961 0.474763 -0.066622
v -0.082905 0.474784 -0.066738
v -0.082910 0.474765 -0.066670
v -0.082757 0.476975 -0.066279
v -0.082760 0.476959 -0.066203
v -0.082702 0.476973 -0.066334
v -0.082711 0.476928 -0.066126
v -0.082609 0.476953 -0.066353
v -0.082622 0.476891 -0.066069
v -0.082505 0.476920 -0.066331
v -0.082518 0.476857 -0.066047
v -0.082416 0.476882 -0.066273
v -0.082425 0.476837 -0.066066
v -0.082366 0.476851 -0.066197
v -0.082370 0.476835 -0.066121
v -0.082177 0.479067 -0.065863
v -0.082180 0.479053 -0.065779
v -0.082118 0.479060 -0.065923
v -0.082125 0.479022 -0.065694
v -0.082018 0.479034 -0.065945
v -0.082028 0.478982 -0.065631
v -0.081904 0.478996 -0.065921
v -0.081914 0.478943 -0.065607
v -0.081806 0.478956 -0.065858
v -0.081814 0.478917 -0.065629
v -0.081752 0.478924 -0.065773
v -0.081754 0.478910 -0.065689
v -0.081541 0.481164 -0.065556
v -0.081543 0.481153 -0.065464
v -0.081478 0.481152 -0.065623
v -0.081482 0.481122 -0.065372
v -0.081370 0.481120 -0.065646
v -0.081376 0.481079 -0.065303
v -0.081247 0.481078 -0.065621
v -0.081253 0.481036 -0.065278
v -0.081141 0.481035 -0.065552
v -0.081145 0.481005 -0.065301
v -0.081081 0.481004 -0.065460
v -0.081082 0.480993 -0.065368
v -0.080869 0.483266 -0.065351
v -0.080870 0.483258 -0.065251
v -0.080802 0.483249 -0.065423
v -0.080803 0.483228 -0.065151
v -0.080687 0.483213 -0.065449
v -0.080688 0.483184 -0.065077
v -0.080554 0.483166 -0.065421
v -0.080555 0.483137 -0.065049
v -0.080439 0.483122 -0.065347
v -0.080440 0.483101 -0.065075
v -0.080373 0.483092 -0.065247
v -0.080373 0.483085 -0.065148
v -0.080181 0.485373 -0.065238
v -0.080110 0.485353 -0.065316
v -0.080180 0.485369 -0.065131
v -0.080108 0.485341 -0.065023
v -0.079987 0.485312 -0.065344
v -0.079983 0.485296 -0.064944
v -0.079844 0.485263 -0.065314
v -0.079840 0.485247 -0.064914
v -0.079719 0.485219 -0.065234
v -0.079717 0.485207 -0.064942
v -0.079647 0.485190 -0.065127
v -0.079646 0.485186 -0.065019
v -0.079497 0.487488 -0.065209
v -0.079422 0.487463 -0.065292
v -0.079494 0.487487 -0.065094
v -0.079416 0.487461 -0.064979
v -0.079290 0.487420 -0.065322
v -0.079281 0.487417 -0.064894
v -0.079136 0.487370 -0.065290
v -0.079128 0.487367 -0.064862
v -0.079002 0.487326 -0.065205
v -0.078996 0.487324 -0.064892
v -0.078923 0.487300 -0.065090
v -0.078921 0.487299 -0.064975
v -0.078835 0.489608 -0.065254
v -0.078756 0.489581 -0.065343
v -0.078832 0.489611 -0.065132
v -0.078616 0.489536 -0.065374
v -0.078746 0.489589 -0.065010
v -0.078451 0.489486 -0.065340
v -0.078602 0.489547 -0.064920
v -0.078307 0.489444 -0.065250
v -0.078437 0.489497 -0.064886
v -0.078221 0.489422 -0.065128
v -0.078297 0.489452 -0.064917
v -0.078217 0.489425 -0.065006
v -0.078217 0.491737 -0.065365
v -0.078133 0.491707 -0.065459
v -0.078212 0.491743 -0.065236
v -0.077983 0.491662 -0.065493
v -0.078120 0.491725 -0.065107
v -0.077807 0.491614 -0.065457
v -0.077965 0.491687 -0.065011
v -0.077652 0.491576 -0.065362
v -0.077789 0.491639 -0.064976
v -0.077560 0.491558 -0.065232
v -0.077639 0.491594 -0.065009
v -0.077555 0.491565 -0.065103
v -0.077661 0.493873 -0.065533
v -0.077572 0.493842 -0.065632
v -0.077655 0.493883 -0.065397
v -0.077412 0.493799 -0.065668
v -0.077556 0.493870 -0.065261
v -0.077225 0.493755 -0.065631
v -0.077390 0.493837 -0.065160
v -0.077059 0.493722 -0.065531
v -0.077202 0.493793 -0.065123
v -0.076960 0.493709 -0.065394
v -0.077186 0.496017 -0.065749
v -0.077093 0.495986 -0.065854
v -0.077179 0.496030 -0.065606
v -0.077042 0.493750 -0.065159
v -0.076923 0.495947 -0.065892
v -0.076954 0.493720 -0.065258
v -0.077073 0.496024 -0.065463
v -0.076723 0.495910 -0.065854
v -0.076897 0.495999 -0.065358
v -0.076546 0.495885 -0.065749
v -0.076697 0.495961 -0.065320
v -0.076813 0.498168 -0.066004
v -0.076714 0.498140 -0.066114
v -0.076805 0.498185 -0.065854
v -0.076534 0.498108 -0.066155
v -0.076692 0.498186 -0.065704
v -0.076440 0.495878 -0.065606
v -0.076527 0.495922 -0.065358
v -0.076433 0.495892 -0.065463
v -0.076322 0.498080 -0.066116
v -0.076505 0.498171 -0.065595
v -0.076694 0.499323 -0.066158
v -0.076590 0.499297 -0.066275
v -0.076686 0.499343 -0.066001
v -0.076134 0.498065 -0.066008
v -0.076400 0.499271 -0.066319
v -0.076292 0.498144 -0.065556
v -0.076566 0.499350 -0.065845
v -0.076547 0.501154 -0.066407
v -0.076437 0.501128 -0.066529
v -0.076538 0.501175 -0.066242
v -0.076238 0.501105 -0.066576
v -0.076412 0.501186 -0.066079
v -0.076368 0.499344 -0.065732
v -0.076594 0.578122 -0.076649
v -0.076540 0.572246 -0.075845
v -0.076583 0.578141 -0.076449
v -0.076513 0.584083 -0.077132
v -0.076551 0.572223 -0.076049
v -0.076461 0.578108 -0.076799
v -0.076383 0.584069 -0.077279
v -0.076384 0.572271 -0.075644
v -0.076503 0.584096 -0.076937
v -0.076431 0.578158 -0.076253
v -0.076021 0.498066 -0.065858
v -0.076112 0.498111 -0.065598
v -0.076176 0.499253 -0.066279
v -0.076379 0.503543 -0.066733
v -0.076264 0.503517 -0.066860
v -0.076370 0.503565 -0.066561
v -0.076403 0.566399 -0.075146
v -0.076415 0.572208 -0.076203
v -0.076415 0.566372 -0.075355
v -0.076244 0.566429 -0.074941
v -0.076280 0.590119 -0.077475
v -0.076153 0.590106 -0.077618
v -0.076354 0.584106 -0.076745
v -0.076269 0.590127 -0.077284
v -0.076219 0.578102 -0.076859
v -0.076148 0.584060 -0.077337
v -0.076013 0.498083 -0.065708
v -0.076003 0.501091 -0.066535
v -0.076056 0.503495 -0.066910
v -0.076205 0.501184 -0.065962
v -0.076239 0.503578 -0.066391
v -0.076202 0.560585 -0.074377
v -0.076275 0.566357 -0.075512
v -0.076214 0.560555 -0.074590
v -0.076039 0.560620 -0.074168
v -0.076167 0.572206 -0.076264
v -0.076125 0.572291 -0.075501
v -0.076178 0.578171 -0.076113
v -0.076144 0.499325 -0.065693
v -0.076200 0.506375 -0.067120
v -0.076080 0.506349 -0.067253
v -0.076190 0.506399 -0.066941
v -0.075979 0.566456 -0.074796
v -0.075923 0.590092 -0.077674
v -0.076125 0.590127 -0.077096
v -0.076108 0.584110 -0.076607
v -0.075978 0.499246 -0.066166
v -0.075863 0.506328 -0.067305
v -0.076071 0.560539 -0.074751
v -0.076022 0.566357 -0.075576
v -0.075863 0.596244 -0.077654
v -0.075740 0.596231 -0.077793
v -0.075854 0.596245 -0.077468
v -0.075811 0.503483 -0.066867
v -0.076021 0.503578 -0.066269
v -0.076054 0.506413 -0.066764
v -0.075768 0.560651 -0.074020
v -0.075970 0.501169 -0.065921
v -0.076017 0.509539 -0.067552
v -0.075892 0.509512 -0.067691
v -0.075966 0.554790 -0.073560
v -0.075978 0.554759 -0.073778
v -0.075800 0.554828 -0.073347
v -0.075934 0.578106 -0.076813
v -0.075869 0.584056 -0.077291
v -0.076007 0.509563 -0.067366
v -0.075795 0.501089 -0.066417
v -0.075875 0.572216 -0.076217
v -0.075833 0.572302 -0.075455
v -0.075892 0.578175 -0.076066
v -0.075858 0.499254 -0.066010
v -0.075954 0.499300 -0.065737
v -0.075680 0.566471 -0.074749
v -0.075652 0.590080 -0.077629
v -0.075516 0.596212 -0.077848
v -0.075885 0.590121 -0.076962
v -0.075713 0.596237 -0.077285
v -0.075666 0.509491 -0.067745
v -0.075812 0.560540 -0.074816
v -0.075832 0.554742 -0.073943
v -0.075829 0.584106 -0.076561
v -0.075607 0.506317 -0.067261
v -0.075827 0.506415 -0.066636
v -0.075864 0.509579 -0.067182
v -0.075523 0.554862 -0.073196
v -0.075850 0.499273 -0.065853
v -0.075593 0.503483 -0.066745
v -0.075776 0.503566 -0.066226
v -0.075838 0.512920 -0.068015
v -0.075708 0.512893 -0.068159
v -0.075827 0.512945 -0.067821
v -0.075722 0.566372 -0.075528
v -0.075670 0.501100 -0.066254
v -0.075771 0.501146 -0.065968
v -0.075725 0.549002 -0.072720
v -0.075738 0.548969 -0.072942
v -0.075555 0.549041 -0.072502
v -0.075462 0.560670 -0.073972
v -0.075681 0.578119 -0.076673
v -0.075622 0.584060 -0.077154
v -0.075252 0.596191 -0.077804
v -0.075661 0.501121 -0.066090
v -0.075399 0.509481 -0.067700
v -0.075628 0.509582 -0.067049
v -0.075571 0.506404 -0.066592
v -0.075473 0.512872 -0.068215
v -0.075679 0.512963 -0.067629
v -0.075670 0.516408 -0.068490
v -0.075535 0.516381 -0.068640
v -0.075659 0.516434 -0.068289
v -0.075567 0.554744 -0.074009
v -0.075588 0.548951 -0.073110
v -0.075616 0.572237 -0.076075
v -0.075585 0.572299 -0.075516
v -0.075426 0.566471 -0.074812
v -0.075651 0.578169 -0.076126
v -0.075412 0.590073 -0.077495
v -0.075613 0.590109 -0.076917
v -0.075593 0.584096 -0.076620
v -0.075480 0.596219 -0.077153
v -0.075233 0.602481 -0.077647
v -0.075113 0.602466 -0.077782
v -0.075224 0.602478 -0.077465
v -0.075462 0.503496 -0.066575
v -0.075380 0.506319 -0.067133
v -0.075272 0.549075 -0.072347
v -0.075506 0.560559 -0.074768
v -0.075568 0.503544 -0.066275
v -0.075210 0.554882 -0.073147
v -0.075509 0.543205 -0.071878
v -0.075521 0.543172 -0.072105
v -0.074896 0.602436 -0.077836
v -0.075292 0.516360 -0.068699
v -0.075335 0.543243 -0.071655
v -0.075457 0.566398 -0.075383
v -0.075089 0.602457 -0.077287
v -0.075453 0.503518 -0.066403
v -0.075196 0.512863 -0.068168
v -0.075506 0.516453 -0.068091
v -0.075434 0.512967 -0.067492
v -0.075522 0.519889 -0.068964
v -0.075382 0.519862 -0.069119
v -0.075510 0.519916 -0.068756
v -0.075203 0.560671 -0.074037
v -0.075528 0.578137 -0.076476
v -0.075474 0.584070 -0.076961
v -0.075449 0.572285 -0.075670
v -0.075517 0.578155 -0.076276
v -0.075019 0.596174 -0.077673
v -0.075244 0.506333 -0.066956
v -0.075354 0.506382 -0.066644
v -0.075163 0.509484 -0.067567
v -0.075361 0.509572 -0.067004
v -0.075317 0.548952 -0.073178
v -0.075368 0.543153 -0.072277
v -0.075045 0.543276 -0.071496
v -0.075254 0.554764 -0.073961
v -0.075460 0.572262 -0.075874
v -0.075286 0.566456 -0.074969
v -0.075267 0.590074 -0.077307
v -0.075384 0.590095 -0.076973
v -0.075463 0.584083 -0.076766
v -0.075216 0.596198 -0.077109
v -0.075234 0.506356 -0.066777
v -0.075004 0.516352 -0.068650
v -0.075130 0.519843 -0.069180
v -0.075351 0.519937 -0.068550
v -0.075251 0.516459 -0.067948
v -0.075401 0.523252 -0.069420
v -0.075256 0.523225 -0.069581
v -0.075389 0.523280 -0.069204
v -0.075345 0.537386 -0.071058
v -0.075358 0.537354 -0.071290
v -0.075168 0.537421 -0.070829
v -0.074952 0.549095 -0.072297
v -0.075235 0.560590 -0.074620
v -0.074945 0.554884 -0.073213
v -0.075298 0.566429 -0.075178
v -0.075257 0.590082 -0.077116
v -0.074641 0.602399 -0.077792
v -0.074864 0.602423 -0.077159
v -0.075156 0.512958 -0.067445
v -0.075060 0.560655 -0.074198
v -0.074879 0.596165 -0.077489
v -0.074950 0.512868 -0.068030
v -0.075315 0.526384 -0.069842
v -0.075165 0.526358 -0.070009
v -0.075021 0.509500 -0.067383
v -0.075135 0.509551 -0.067058
v -0.074995 0.523207 -0.069644
v -0.075224 0.523302 -0.068991
v -0.075087 0.519945 -0.068402
v -0.075303 0.526413 -0.069619
v -0.075265 0.531531 -0.070283
v -0.075202 0.537333 -0.071465
v -0.075278 0.531500 -0.070520
v -0.075084 0.531563 -0.070049
v -0.075091 0.543152 -0.072346
v -0.074872 0.537450 -0.070667
v -0.074993 0.596179 -0.077164
v -0.075271 0.529171 -0.070214
v -0.075117 0.529146 -0.070386
v -0.074997 0.548973 -0.073128
v -0.075011 0.509525 -0.067196
v -0.074749 0.516358 -0.068507
v -0.074831 0.519836 -0.069130
v -0.074963 0.516451 -0.067899
v -0.074895 0.526341 -0.070074
v -0.075132 0.526437 -0.069399
v -0.074951 0.523312 -0.068839
v -0.075259 0.529201 -0.069983
v -0.075119 0.531478 -0.070699
v -0.075083 0.529228 -0.069757
v -0.074919 0.537330 -0.071536
v -0.074718 0.543294 -0.071445
v -0.074977 0.554798 -0.073809
v -0.074681 0.549097 -0.072365
v -0.075072 0.560625 -0.074411
v -0.074799 0.554867 -0.073378
v -0.074869 0.596167 -0.077303
v -0.074416 0.602366 -0.077664
v -0.074609 0.602387 -0.077116
v -0.074978 0.603828 -0.077613
v -0.074861 0.603805 -0.077747
v -0.074970 0.603821 -0.077434
v -0.074802 0.512885 -0.067839
v -0.074921 0.512938 -0.067501
v -0.074837 0.529134 -0.070455
v -0.074782 0.531586 -0.069883
v -0.074685 0.523202 -0.069592
v -0.074849 0.526450 -0.069241
v -0.074830 0.531470 -0.070770
v -0.074651 0.603758 -0.077800
v -0.074788 0.519938 -0.068352
v -0.074790 0.529245 -0.069595
v -0.074765 0.543171 -0.072295
v -0.074810 0.554836 -0.073596
v -0.074839 0.603786 -0.077258
v -0.074792 0.512911 -0.067645
v -0.074567 0.519844 -0.068982
v -0.074575 0.526339 -0.070021
v -0.074538 0.537465 -0.070614
v -0.074714 0.549007 -0.072974
v -0.074281 0.602345 -0.077486
v -0.074392 0.602357 -0.077169
v -0.074595 0.516377 -0.068309
v -0.074719 0.516430 -0.067958
v -0.074642 0.523307 -0.068787
v -0.074442 0.543294 -0.071514
v -0.074532 0.549079 -0.072533
v -0.074541 0.605385 -0.077559
v -0.074427 0.605355 -0.077691
v -0.074533 0.605376 -0.077383
v -0.074585 0.537345 -0.071482
v -0.074507 0.529136 -0.070401
v -0.074441 0.531595 -0.069827
v -0.074272 0.602341 -0.077304
v -0.074621 0.603733 -0.077133
v -0.074404 0.603700 -0.077758
v -0.074224 0.605295 -0.077743
v -0.074412 0.523212 -0.069440
v -0.074529 0.526448 -0.069188
v -0.074489 0.531479 -0.070715
v -0.074407 0.605331 -0.077210
v -0.074584 0.516404 -0.068108
v -0.074536 0.519918 -0.068413
v -0.074460 0.529247 -0.069540
v -0.074544 0.549046 -0.072756
v -0.074475 0.543204 -0.072136
v -0.074408 0.519864 -0.068777
v -0.074255 0.537462 -0.070684
v -0.074292 0.526352 -0.069864
v -0.074380 0.523289 -0.068850
v -0.074289 0.543275 -0.071686
v -0.074185 0.603647 -0.077632
v -0.073984 0.605221 -0.077702
v -0.074374 0.603675 -0.077090
v -0.074196 0.605263 -0.077086
v -0.074396 0.519891 -0.068568
v -0.074247 0.523234 -0.069227
v -0.074214 0.529153 -0.070238
v -0.074290 0.537374 -0.071320
v -0.074259 0.526431 -0.069254
v -0.074188 0.531502 -0.070548
v -0.074152 0.531587 -0.069899
v -0.074301 0.543242 -0.071913
v -0.073957 0.607138 -0.077486
v -0.073846 0.607105 -0.077617
v -0.073950 0.607128 -0.077313
v -0.074180 0.529234 -0.069609
v -0.074099 0.537442 -0.070859
v -0.073648 0.607040 -0.077669
v -0.074235 0.523262 -0.069011
v -0.074121 0.526376 -0.069644
v -0.074055 0.603612 -0.077456
v -0.074164 0.603628 -0.077143
v -0.073957 0.605189 -0.077045
v -0.073773 0.605153 -0.077579
v -0.073827 0.607079 -0.077143
v -0.074038 0.529180 -0.070012
v -0.074112 0.537410 -0.071092
v -0.074047 0.603605 -0.077277
v -0.074109 0.526405 -0.069421
v -0.073993 0.531565 -0.070077
v -0.074006 0.531534 -0.070315
v -0.073414 0.606958 -0.077629
v -0.074026 0.529210 -0.069781
v -0.073647 0.605109 -0.077406
v -0.073622 0.607003 -0.077021
v -0.073753 0.605129 -0.077098
v -0.073640 0.605100 -0.077230
v -0.073209 0.606883 -0.077507
v -0.073389 0.606922 -0.076981
v -0.073257 0.609086 -0.077398
v -0.073149 0.609053 -0.077526
v -0.073251 0.609076 -0.077227
v -0.072954 0.608985 -0.077578
v -0.073131 0.609025 -0.077059
v -0.073086 0.606834 -0.077337
v -0.073190 0.606856 -0.077033
v -0.073080 0.606824 -0.077164
v -0.072930 0.608947 -0.076940
v -0.072726 0.608901 -0.077539
v -0.072524 0.608824 -0.077419
v -0.072701 0.608863 -0.076900
v -0.072473 0.611225 -0.077295
v -0.072366 0.611192 -0.077421
v -0.072467 0.611214 -0.077126
v -0.072404 0.608773 -0.077251
v -0.072506 0.608796 -0.076952
v -0.072175 0.611126 -0.077472
v -0.072349 0.611164 -0.076961
v -0.072398 0.608763 -0.077080
v -0.071950 0.611043 -0.077433
v -0.072151 0.611087 -0.076843
v -0.071752 0.610966 -0.077316
v -0.071926 0.611004 -0.076805
v -0.071634 0.610915 -0.077150
v -0.071734 0.610937 -0.076855
v -0.071636 0.613548 -0.077179
v -0.071630 0.613538 -0.077013
v -0.071530 0.613517 -0.077303
v -0.071627 0.610905 -0.076982
v -0.071341 0.613454 -0.077353
v -0.071513 0.613489 -0.076850
v -0.071118 0.613374 -0.077315
v -0.071317 0.613415 -0.076734
v -0.070922 0.613300 -0.077199
v -0.071095 0.613336 -0.076696
v -0.070806 0.613251 -0.077036
v -0.070905 0.613272 -0.076746
v -0.070800 0.613241 -0.076870
v -0.070776 0.616050 -0.077052
v -0.070671 0.616021 -0.077174
v -0.070770 0.616039 -0.076888
v -0.070483 0.615962 -0.077223
v -0.070654 0.615993 -0.076728
v -0.070263 0.615888 -0.077185
v -0.070461 0.615924 -0.076613
v -0.070069 0.615819 -0.077071
v -0.070240 0.615850 -0.076576
v -0.069954 0.615773 -0.076910
v -0.070052 0.615791 -0.076625
v -0.069948 0.615762 -0.076747
v -0.069925 0.618722 -0.076915
v -0.069919 0.618712 -0.076754
v -0.069821 0.618697 -0.077036
v -0.069635 0.618643 -0.077084
v -0.069805 0.618670 -0.076596
v -0.069416 0.618576 -0.077046
v -0.069612 0.618606 -0.076483
v -0.069224 0.618512 -0.076933
v -0.069393 0.618539 -0.076446
v -0.069109 0.618470 -0.076775
v -0.069207 0.618485 -0.076494
v -0.069103 0.618460 -0.076614
v -0.069115 0.621557 -0.076771
v -0.069011 0.621536 -0.076889
v -0.069109 0.621547 -0.076613
v -0.068826 0.621489 -0.076936
v -0.068995 0.621510 -0.076457
v -0.068609 0.621430 -0.076899
v -0.068803 0.621454 -0.076346
v -0.068417 0.621374 -0.076788
v -0.068586 0.621395 -0.076308
v -0.068304 0.621336 -0.076632
v -0.068401 0.621348 -0.076355
v -0.068298 0.621327 -0.076474
v -0.068375 0.624548 -0.076621
v -0.068273 0.624531 -0.076738
v -0.068369 0.624539 -0.076465
v -0.068089 0.624492 -0.076783
v -0.068256 0.624506 -0.076312
v -0.067873 0.624442 -0.076746
v -0.068066 0.624459 -0.076202
v -0.067683 0.624395 -0.076636
v -0.067850 0.624409 -0.076165
v -0.067570 0.624362 -0.076483
v -0.067667 0.624370 -0.076211
v -0.067739 0.627687 -0.076467
v -0.067637 0.627675 -0.076581
v -0.067733 0.627679 -0.076314
v -0.067564 0.624353 -0.076327
v -0.067455 0.627645 -0.076626
v -0.067621 0.627652 -0.076163
v -0.067240 0.627605 -0.076589
v -0.067432 0.627613 -0.076054
v -0.067052 0.627567 -0.076481
v -0.067218 0.627574 -0.076017
v -0.067237 0.630967 -0.076311
v -0.067136 0.630960 -0.076423
v -0.067231 0.630959 -0.076160
v -0.066940 0.627540 -0.076329
v -0.067035 0.627544 -0.076062
v -0.066955 0.630939 -0.076467
v -0.067120 0.630939 -0.076011
v -0.066934 0.627532 -0.076176
v -0.066743 0.630911 -0.076430
v -0.066933 0.630910 -0.075904
v -0.066556 0.630883 -0.076322
v -0.066721 0.630882 -0.075867
v -0.066445 0.630862 -0.076174
v -0.066540 0.630862 -0.075911
v -0.066439 0.630854 -0.076023
v -0.115149 0.638331 -0.057790
v -0.115694 0.636982 -0.057127
v -0.115161 0.638337 -0.057789
v -0.115138 0.638330 -0.057782
v -0.115171 0.638346 -0.057779
v -0.115131 0.638334 -0.057767
v -0.115177 0.638356 -0.057763
v -0.115130 0.638342 -0.057749
v -0.115176 0.638364 -0.057745
v -0.115136 0.638352 -0.057733
v -0.115169 0.638369 -0.057730
v -0.115146 0.638362 -0.057723
v -0.115158 0.638367 -0.057722
v -0.114432 0.639737 -0.058491
v -0.114417 0.639736 -0.058477
v -0.114450 0.639746 -0.058492
v -0.114409 0.639743 -0.058454
v -0.114467 0.639761 -0.058480
v -0.114411 0.639757 -0.058428
v -0.114477 0.639778 -0.058458
v -0.114421 0.639774 -0.058406
v -0.114479 0.639792 -0.058432
v -0.114438 0.639789 -0.058394
v -0.114471 0.639799 -0.058409
v -0.114456 0.639798 -0.058395
v -0.113629 0.641191 -0.059221
v -0.113605 0.641170 -0.059233
v -0.113646 0.641215 -0.059195
v -0.113652 0.641235 -0.059162
v -0.113645 0.641247 -0.059131
v -0.113582 0.641157 -0.059229
v -0.113627 0.641247 -0.059110
v -0.113564 0.641157 -0.059208
v -0.113603 0.641234 -0.059105
v -0.113557 0.641169 -0.059177
v -0.113562 0.641189 -0.059144
v -0.113579 0.641213 -0.059118
v -0.112696 0.642600 -0.059982
v -0.112665 0.642573 -0.059992
v -0.112721 0.642632 -0.059954
v -0.112732 0.642660 -0.059915
v -0.112727 0.642678 -0.059877
v -0.112707 0.642679 -0.059849
v -0.112636 0.642558 -0.059982
v -0.112678 0.642664 -0.059839
v -0.112617 0.642560 -0.059954
v -0.112647 0.642637 -0.059849
v -0.112612 0.642577 -0.059916
v -0.112623 0.642605 -0.059877
v -0.111739 0.643995 -0.060714
v -0.111707 0.643955 -0.060742
v -0.111757 0.644032 -0.060672
v -0.111756 0.644056 -0.060627
v -0.111736 0.644061 -0.060592
v -0.111669 0.643922 -0.060749
v -0.111635 0.643906 -0.060733
v -0.111702 0.644044 -0.060575
v -0.111664 0.644012 -0.060582
v -0.111614 0.643910 -0.060697
v -0.111613 0.643934 -0.060653
v -0.111631 0.643971 -0.060610
v -0.110766 0.645316 -0.061413
v -0.110740 0.645270 -0.061457
v -0.110769 0.645348 -0.061363
v -0.110699 0.645221 -0.061483
v -0.110749 0.645357 -0.061320
v -0.110653 0.645183 -0.061484
v -0.110615 0.645166 -0.061460
v -0.110712 0.645340 -0.061296
v -0.110666 0.645302 -0.061298
v -0.110596 0.645175 -0.061417
v -0.110599 0.645207 -0.061367
v -0.110625 0.645253 -0.061323
v -0.109711 0.646365 -0.062183
v -0.109658 0.646322 -0.062177
v -0.109761 0.646422 -0.062162
v -0.109745 0.646517 -0.061984
v -0.109692 0.646474 -0.061977
v -0.109795 0.646478 -0.062119
v -0.109804 0.646519 -0.062066
v -0.109786 0.646533 -0.062016
v -0.109617 0.646306 -0.062144
v -0.109599 0.646320 -0.062095
v -0.109642 0.646417 -0.061998
v -0.109608 0.646361 -0.062041
v -0.108883 0.647483 -0.062771
v -0.108840 0.647416 -0.062810
v -0.108898 0.647534 -0.062716
v -0.108882 0.647555 -0.062660
v -0.108782 0.647351 -0.062824
v -0.108839 0.647540 -0.062619
v -0.108723 0.647305 -0.062808
v -0.108780 0.647494 -0.062603
v -0.108680 0.647291 -0.062766
v -0.108721 0.647429 -0.062616
v -0.108663 0.647312 -0.062711
v -0.108679 0.647362 -0.062656
v -0.108066 0.648297 -0.063348
v -0.108016 0.648219 -0.063381
v -0.108088 0.648359 -0.063295
v -0.108074 0.648389 -0.063234
v -0.107950 0.648146 -0.063384
v -0.108030 0.648378 -0.063184
v -0.107887 0.648097 -0.063356
v -0.107966 0.648329 -0.063156
v -0.107842 0.648086 -0.063305
v -0.107900 0.648256 -0.063159
v -0.107829 0.648115 -0.063245
v -0.107850 0.648178 -0.063191
v -0.107383 0.648886 -0.063832
v -0.107408 0.648962 -0.063784
v -0.107329 0.648795 -0.063853
v -0.107396 0.649002 -0.063722
v -0.107351 0.648996 -0.063662
v -0.107259 0.648713 -0.063841
v -0.107285 0.648945 -0.063620
v -0.107193 0.648662 -0.063800
v -0.107215 0.648863 -0.063608
v -0.107148 0.648656 -0.063740
v -0.107136 0.648696 -0.063677
v -0.107161 0.648772 -0.063629
v -0.106901 0.649302 -0.064162
v -0.106872 0.649214 -0.064202
v -0.106892 0.649354 -0.064098
v -0.106813 0.649111 -0.064209
v -0.106740 0.649023 -0.064181
v -0.106848 0.649354 -0.064029
v -0.106780 0.649303 -0.063973
v -0.106672 0.648972 -0.064124
v -0.106628 0.648973 -0.064055
v -0.106707 0.649215 -0.063944
v -0.106648 0.649113 -0.063951
v -0.106619 0.649024 -0.063992
v -0.106504 0.649437 -0.064436
v -0.106440 0.649331 -0.064444
v -0.106537 0.649529 -0.064392
v -0.106531 0.649581 -0.064323
v -0.106487 0.649579 -0.064248
v -0.106363 0.649238 -0.064414
v -0.106418 0.649525 -0.064188
v -0.106294 0.649183 -0.064354
v -0.106341 0.649432 -0.064158
v -0.106250 0.649182 -0.064279
v -0.106277 0.649326 -0.064166
v -0.106244 0.649234 -0.064210
v -0.105987 0.649922 -0.064697
v -0.105946 0.649830 -0.064747
v -0.105985 0.649974 -0.064623
v -0.105875 0.649722 -0.064758
v -0.105941 0.649971 -0.064544
v -0.105791 0.649627 -0.064729
v -0.105867 0.649915 -0.064481
v -0.105717 0.649570 -0.064666
v -0.105783 0.649820 -0.064451
v -0.105673 0.649567 -0.064586
v -0.105711 0.649711 -0.064462
v -0.105671 0.649619 -0.064512
v -0.105278 0.650462 -0.065068
v -0.105233 0.650367 -0.065122
v -0.105278 0.650514 -0.064989
v -0.105155 0.650256 -0.065135
v -0.105233 0.650511 -0.064906
v -0.105065 0.650158 -0.065105
v -0.105155 0.650452 -0.064840
v -0.104987 0.650099 -0.065039
v -0.105065 0.650354 -0.064810
v -0.104942 0.650095 -0.064956
v -0.104988 0.650242 -0.064823
v -0.104943 0.650148 -0.064876
v -0.104446 0.651120 -0.065488
v -0.104397 0.651023 -0.065545
v -0.104448 0.651174 -0.065405
v -0.104314 0.650908 -0.065560
v -0.104402 0.651169 -0.065317
v -0.104219 0.650806 -0.065529
v -0.104320 0.651108 -0.065249
v -0.104137 0.650745 -0.065460
v -0.104225 0.651007 -0.065218
v -0.104091 0.650741 -0.065373
v -0.104141 0.650892 -0.065233
v -0.104092 0.650795 -0.065289
v -0.103528 0.651870 -0.065941
v -0.103475 0.651770 -0.066001
v -0.103531 0.651925 -0.065853
v -0.103387 0.651651 -0.066017
v -0.103483 0.651920 -0.065762
v -0.103286 0.651546 -0.065985
v -0.103397 0.651857 -0.065690
v -0.103200 0.651483 -0.065914
v -0.103297 0.651752 -0.065659
v -0.103152 0.651478 -0.065823
v -0.103208 0.651634 -0.065675
v -0.103155 0.651533 -0.065735
v -0.102558 0.652685 -0.066411
v -0.102501 0.652582 -0.066474
v -0.102562 0.652741 -0.066319
v -0.102408 0.652460 -0.066492
v -0.102512 0.652736 -0.066224
v -0.102302 0.652352 -0.066460
v -0.102422 0.652671 -0.066150
v -0.102212 0.652286 -0.066386
v -0.102316 0.652563 -0.066118
v -0.102162 0.652281 -0.066290
v -0.102223 0.652441 -0.066136
v -0.102166 0.652338 -0.066199
v -0.101571 0.653538 -0.066883
v -0.101511 0.653433 -0.066950
v -0.101576 0.653596 -0.066788
v -0.101525 0.653591 -0.066688
v -0.101412 0.653308 -0.066969
v -0.101300 0.653196 -0.066936
v -0.101431 0.653523 -0.066612
v -0.101319 0.653412 -0.066579
v -0.101206 0.653129 -0.066860
v -0.101220 0.653287 -0.066598
v -0.101154 0.653123 -0.066761
v -0.101160 0.653181 -0.066665
v -0.100603 0.654404 -0.067342
v -0.100539 0.654296 -0.067412
v -0.100610 0.654463 -0.067242
v -0.100557 0.654457 -0.067139
v -0.100434 0.654168 -0.067433
v -0.100458 0.654388 -0.067060
v -0.100316 0.654054 -0.067400
v -0.100341 0.654274 -0.067027
v -0.100217 0.653985 -0.067321
v -0.100164 0.653979 -0.067218
v -0.100235 0.654146 -0.067048
v -0.100171 0.654038 -0.067118
v -0.099690 0.655254 -0.067772
v -0.099620 0.655144 -0.067845
v -0.099698 0.655314 -0.067668
v -0.099643 0.655308 -0.067561
v -0.099509 0.655014 -0.067869
v -0.099539 0.655237 -0.067480
v -0.099384 0.654898 -0.067835
v -0.099415 0.655121 -0.067446
v -0.099281 0.654828 -0.067754
v -0.099303 0.654991 -0.067469
v -0.099226 0.654821 -0.067647
v -0.099234 0.654881 -0.067543
v -0.098866 0.656062 -0.068157
v -0.098791 0.655952 -0.068234
v -0.098876 0.656123 -0.068048
v -0.098819 0.656116 -0.067937
v -0.098671 0.655821 -0.068260
v -0.098710 0.656045 -0.067854
v -0.098539 0.655704 -0.068227
v -0.098578 0.655928 -0.067821
v -0.098430 0.655632 -0.068144
v -0.098373 0.655626 -0.068033
v -0.098459 0.655797 -0.067847
v -0.098384 0.655686 -0.067924
v -0.098168 0.656800 -0.068481
v -0.098182 0.656859 -0.068367
v -0.098086 0.656691 -0.068563
v -0.098123 0.656852 -0.068252
v -0.097956 0.656561 -0.068592
v -0.098008 0.656782 -0.068168
v -0.097815 0.656445 -0.068560
v -0.097866 0.656666 -0.068136
v -0.097699 0.656375 -0.068476
v -0.097737 0.656536 -0.068165
v -0.097640 0.656368 -0.068361
v -0.097654 0.656427 -0.068247
v -0.097631 0.657441 -0.068729
v -0.097539 0.657337 -0.068817
v -0.097649 0.657497 -0.068610
v -0.097589 0.657490 -0.068491
v -0.097398 0.657211 -0.068851
v -0.097467 0.657420 -0.068405
v -0.097245 0.657099 -0.068820
v -0.097314 0.657308 -0.068374
v -0.097123 0.657030 -0.068734
v -0.097173 0.657183 -0.068408
v -0.097063 0.657022 -0.068615
v -0.097081 0.657078 -0.068496
v -0.096301 0.659195 -0.069265
v -0.096203 0.659099 -0.069355
v -0.096325 0.659245 -0.069143
v -0.096267 0.659234 -0.069024
v -0.096055 0.658981 -0.069391
v -0.096143 0.659166 -0.068938
v -0.095899 0.658874 -0.069362
v -0.095987 0.659059 -0.068909
v -0.095775 0.658806 -0.069277
v -0.095839 0.658942 -0.068945
v -0.095718 0.658795 -0.069157
v -0.095741 0.658845 -0.069036
v -0.095017 0.661002 -0.069680
v -0.095045 0.661046 -0.069557
v -0.094914 0.660912 -0.069772
v -0.094990 0.661031 -0.069436
v -0.094763 0.660800 -0.069809
v -0.094866 0.660963 -0.069351
v -0.094604 0.660696 -0.069781
v -0.094708 0.660859 -0.069323
v -0.094481 0.660628 -0.069695
v -0.094557 0.660747 -0.069360
v -0.094426 0.660613 -0.069575
v -0.094453 0.660657 -0.069452
v -0.093770 0.662850 -0.069990
v -0.093801 0.662888 -0.069866
v -0.093663 0.662765 -0.070083
v -0.093748 0.662870 -0.069745
v -0.093509 0.662658 -0.070121
v -0.093625 0.662801 -0.069659
v -0.093349 0.662556 -0.070093
v -0.093466 0.662699 -0.069631
v -0.093226 0.662487 -0.070007
v -0.093311 0.662592 -0.069669
v -0.093173 0.662469 -0.069886
v -0.093204 0.662508 -0.069763
v -0.092548 0.664729 -0.070212
v -0.092583 0.664763 -0.070087
v -0.092439 0.664649 -0.070305
v -0.092532 0.664742 -0.069966
v -0.092282 0.664545 -0.070344
v -0.092409 0.664672 -0.069880
v -0.092122 0.664444 -0.070316
v -0.092249 0.664571 -0.069852
v -0.091999 0.664374 -0.070230
v -0.092092 0.664467 -0.069891
v -0.091948 0.664353 -0.070109
v -0.091982 0.664387 -0.069984
v -0.091341 0.666629 -0.070362
v -0.091377 0.666660 -0.070237
v -0.091229 0.666553 -0.070456
v -0.091328 0.666637 -0.070116
v -0.091072 0.666450 -0.070494
v -0.091207 0.666566 -0.070029
v -0.090911 0.666350 -0.070467
v -0.091046 0.666465 -0.070002
v -0.090789 0.666279 -0.070380
v -0.090888 0.666363 -0.070040
v -0.090740 0.666256 -0.070259
v -0.090776 0.666287 -0.070134
v -0.090137 0.668543 -0.070457
v -0.090175 0.668571 -0.070332
v -0.090024 0.668468 -0.070551
v -0.090127 0.668546 -0.070210
v -0.089866 0.668366 -0.070589
v -0.090006 0.668473 -0.070124
v -0.089705 0.668266 -0.070562
v -0.089845 0.668373 -0.070097
v -0.089585 0.668193 -0.070476
v -0.089687 0.668271 -0.070135
v -0.089537 0.668168 -0.070354
v -0.089574 0.668196 -0.070229
v -0.088924 0.670459 -0.070513
v -0.088963 0.670486 -0.070389
v -0.088811 0.670384 -0.070608
v -0.088916 0.670459 -0.070267
v -0.088653 0.670282 -0.070646
v -0.088796 0.670385 -0.070181
v -0.088493 0.670181 -0.070618
v -0.088636 0.670283 -0.070153
v -0.088374 0.670106 -0.070532
v -0.088478 0.670181 -0.070192
v -0.088327 0.670079 -0.070411
v -0.088365 0.670107 -0.070286
v -0.087692 0.672369 -0.070549
v -0.087730 0.672396 -0.070424
v -0.087579 0.672293 -0.070643
v -0.087684 0.672368 -0.070302
v -0.087423 0.672190 -0.070681
v -0.087566 0.672292 -0.070216
v -0.087264 0.672086 -0.070654
v -0.087407 0.672188 -0.070188
v -0.087145 0.672010 -0.070567
v -0.087250 0.672084 -0.070227
v -0.087099 0.671982 -0.070446
v -0.087138 0.672009 -0.070321
v -0.086428 0.674263 -0.070579
v -0.086466 0.674291 -0.070454
v -0.086317 0.674185 -0.070673
v -0.086420 0.674262 -0.070333
v -0.086162 0.674079 -0.070711
v -0.086303 0.674184 -0.070246
v -0.086005 0.673972 -0.070684
v -0.086146 0.674077 -0.070219
v -0.085888 0.673894 -0.070597
v -0.085992 0.673971 -0.070257
v -0.085843 0.673865 -0.070476
v -0.085881 0.673893 -0.070351
v -0.085122 0.676131 -0.070621
v -0.085158 0.676161 -0.070497
v -0.085013 0.676050 -0.070715
v -0.085113 0.676132 -0.070375
v -0.084861 0.675940 -0.070754
v -0.084997 0.676052 -0.070289
v -0.084707 0.675829 -0.070726
v -0.084843 0.675942 -0.070261
v -0.084591 0.675749 -0.070640
v -0.084691 0.675831 -0.070299
v -0.084546 0.675720 -0.070518
v -0.084582 0.675750 -0.070393
v -0.083761 0.677965 -0.070693
v -0.083795 0.677998 -0.070568
v -0.083656 0.677880 -0.070786
v -0.083750 0.677969 -0.070446
v -0.083508 0.677764 -0.070824
v -0.083636 0.677886 -0.070360
v -0.083357 0.677649 -0.070796
v -0.083485 0.677772 -0.070332
v -0.083243 0.677566 -0.070710
v -0.083337 0.677656 -0.070370
v -0.083198 0.677537 -0.070588
v -0.083232 0.677570 -0.070464
v -0.082340 0.679749 -0.070809
v -0.082374 0.679782 -0.070684
v -0.082236 0.679662 -0.070903
v -0.082328 0.679753 -0.070563
v -0.082088 0.679545 -0.070941
v -0.082215 0.679670 -0.070476
v -0.081938 0.679430 -0.070913
v -0.082065 0.679554 -0.070448
v -0.081825 0.679347 -0.070826
v -0.081917 0.679438 -0.070486
v -0.081779 0.679318 -0.070704
v -0.081813 0.679351 -0.070580
v -0.081796 0.680474 -0.070827
v -0.081828 0.680500 -0.070700
v -0.081690 0.680397 -0.070927
v -0.081778 0.680467 -0.070581
v -0.081539 0.680289 -0.070975
v -0.081659 0.680384 -0.070502
v -0.081383 0.680179 -0.070956
v -0.081504 0.680274 -0.070483
v -0.081265 0.680096 -0.070877
v -0.081353 0.680166 -0.070530
v -0.081215 0.680063 -0.070758
v -0.081253 0.681302 -0.070807
v -0.081283 0.681319 -0.070678
v -0.081247 0.680088 -0.070631
v -0.081145 0.681236 -0.070914
v -0.081229 0.681282 -0.070562
v -0.080990 0.681139 -0.070970
v -0.081105 0.681201 -0.070490
v -0.080829 0.681036 -0.070961
v -0.080943 0.681098 -0.070481
v -0.080704 0.680956 -0.070888
v -0.080788 0.681001 -0.070537
v -0.080703 0.682215 -0.070755
v -0.080731 0.682225 -0.070625
v -0.080650 0.680919 -0.070772
v -0.080680 0.680935 -0.070644
v -0.080597 0.682158 -0.070867
v -0.080672 0.682185 -0.070512
v -0.080440 0.682069 -0.070932
v -0.080543 0.682105 -0.070447
v -0.080275 0.681971 -0.070932
v -0.080378 0.682007 -0.070447
v -0.080146 0.681892 -0.070867
v -0.080221 0.681918 -0.070512
v -0.080144 0.683191 -0.070676
v -0.080168 0.683195 -0.070545
v -0.080087 0.681851 -0.070754
v -0.080040 0.683140 -0.070794
v -0.080115 0.681861 -0.070624
v -0.080105 0.683151 -0.070436
v -0.079884 0.683057 -0.070867
v -0.079972 0.683071 -0.070378
v -0.079718 0.682962 -0.070876
v -0.079806 0.682977 -0.070387
v -0.079585 0.682882 -0.070818
v -0.079650 0.682893 -0.070460
v -0.079574 0.684204 -0.070575
v -0.079593 0.684203 -0.070443
v -0.079522 0.682838 -0.070709
v -0.079474 0.684159 -0.070699
v -0.079546 0.682842 -0.070578
v -0.079526 0.684156 -0.070338
v -0.079320 0.684079 -0.070780
v -0.079391 0.684075 -0.070288
v -0.079153 0.683986 -0.070798
v -0.079224 0.683982 -0.070306
v -0.079019 0.683905 -0.070748
v -0.079071 0.683902 -0.070388
v -0.078952 0.683858 -0.070643
v -0.078988 0.685233 -0.070459
v -0.078894 0.685191 -0.070587
v -0.079002 0.685227 -0.070326
v -0.078971 0.683856 -0.070511
v -0.078932 0.685176 -0.070225
v -0.078743 0.685113 -0.070677
v -0.078796 0.685093 -0.070183
v -0.078578 0.685020 -0.070705
v -0.078631 0.685000 -0.070211
v -0.078442 0.684936 -0.070662
v -0.078481 0.684922 -0.070301
v -0.078372 0.684885 -0.070562
v -0.078385 0.686253 -0.070331
v -0.078296 0.686213 -0.070465
v -0.078394 0.686243 -0.070199
v -0.078386 0.684880 -0.070429
v -0.078321 0.686188 -0.070102
v -0.078151 0.686136 -0.070563
v -0.078184 0.686100 -0.070068
v -0.077989 0.686041 -0.070600
v -0.078022 0.686005 -0.070105
v -0.077853 0.685953 -0.070566
v -0.077877 0.685928 -0.070204
v -0.077779 0.685898 -0.070470
v -0.077788 0.685888 -0.070337
v -0.077760 0.687241 -0.070199
v -0.077678 0.687203 -0.070337
v -0.077764 0.687227 -0.070067
v -0.077688 0.687166 -0.069975
v -0.077540 0.687124 -0.070444
v -0.077554 0.687074 -0.069950
v -0.077382 0.687025 -0.070491
v -0.077396 0.686975 -0.069996
v -0.077248 0.686933 -0.070465
v -0.077258 0.686897 -0.070103
v -0.077172 0.686872 -0.070374
v -0.077176 0.686859 -0.070241
v -0.077109 0.688174 -0.070067
v -0.077107 0.688157 -0.069935
v -0.077035 0.688137 -0.070210
v -0.077031 0.688089 -0.069849
v -0.076905 0.688055 -0.070325
v -0.076900 0.687990 -0.069832
v -0.076755 0.687951 -0.070382
v -0.076750 0.687886 -0.069889
v -0.076624 0.687851 -0.070365
v -0.076621 0.687804 -0.070004
v -0.076548 0.687784 -0.070279
v -0.076547 0.687767 -0.070147
v -0.076427 0.689030 -0.069941
v -0.076421 0.689008 -0.069810
v -0.076362 0.688993 -0.070089
v -0.076346 0.688933 -0.069730
v -0.076244 0.688906 -0.070212
v -0.076222 0.688824 -0.069722
v -0.076104 0.688794 -0.070279
v -0.076082 0.688712 -0.069789
v -0.075980 0.688685 -0.070271
v -0.075964 0.688625 -0.069912
v -0.075905 0.688610 -0.070191
v -0.075899 0.688588 -0.070060
v -0.075709 0.689785 -0.069827
v -0.075699 0.689758 -0.069697
v -0.075654 0.689747 -0.069978
v -0.075628 0.689673 -0.069623
v -0.075551 0.689654 -0.070110
v -0.075426 0.689531 -0.070187
v -0.075515 0.689553 -0.069625
v -0.075389 0.689430 -0.069702
v -0.075313 0.689411 -0.070189
v -0.075286 0.689337 -0.069834
v -0.075242 0.689326 -0.070115
v -0.075232 0.689299 -0.069985
v -0.074948 0.690414 -0.069730
v -0.074936 0.690381 -0.069602
v -0.074907 0.690376 -0.069885
v -0.074822 0.690276 -0.070025
v -0.074718 0.690141 -0.070113
v -0.074873 0.690285 -0.069534
v -0.074776 0.690152 -0.069546
v -0.074621 0.690008 -0.070124
v -0.074672 0.690017 -0.069633
v -0.074558 0.689912 -0.070056
v -0.074545 0.689879 -0.069928
v -0.074587 0.689917 -0.069773
v -0.128472 0.711908 -0.040490
v -0.128515 0.711900 -0.040551
v -0.128508 0.711889 -0.040549
v -0.127856 0.712061 -0.041065
v -0.128479 0.711918 -0.040493
v -0.128517 0.711911 -0.040545
v -0.127866 0.712079 -0.041073
v -0.128470 0.711896 -0.040496
v -0.128496 0.711882 -0.040539
v -0.127840 0.712050 -0.041045
v -0.128491 0.711925 -0.040502
v -0.128513 0.711921 -0.040533
v -0.127866 0.712101 -0.041068
v -0.128475 0.711886 -0.040509
v -0.128484 0.711881 -0.040524
v -0.127821 0.712052 -0.041018
v -0.128503 0.711926 -0.040517
v -0.127856 0.712120 -0.041051
v -0.127804 0.712063 -0.040993
v -0.127840 0.712132 -0.041026
v -0.127795 0.712083 -0.040976
v -0.127821 0.712133 -0.040999
v -0.127795 0.712105 -0.040971
v -0.127804 0.712123 -0.040979
v -0.126813 0.712110 -0.041839
v -0.126791 0.712100 -0.041808
v -0.126825 0.712135 -0.041855
v -0.126824 0.712166 -0.041853
v -0.126810 0.712197 -0.041832
v -0.126765 0.712106 -0.041771
v -0.126786 0.712218 -0.041799
v -0.126741 0.712127 -0.041738
v -0.126760 0.712224 -0.041762
v -0.126727 0.712157 -0.041717
v -0.126726 0.712189 -0.041715
v -0.126738 0.712213 -0.041731
v -0.125416 0.712047 -0.042840
v -0.125388 0.712038 -0.042799
v -0.125432 0.712076 -0.042865
v -0.125431 0.712117 -0.042866
v -0.125413 0.712159 -0.042844
v -0.125354 0.712052 -0.042752
v -0.125383 0.712191 -0.042805
v -0.125325 0.712084 -0.042712
v -0.125350 0.712205 -0.042758
v -0.125307 0.712126 -0.042690
v -0.125322 0.712196 -0.042717
v -0.125306 0.712167 -0.042692
v -0.123725 0.711912 -0.044070
v -0.123705 0.711881 -0.044037
v -0.123725 0.711962 -0.044077
v -0.123670 0.711876 -0.043985
v -0.123705 0.712017 -0.044056
v -0.123630 0.711899 -0.043930
v -0.123670 0.712062 -0.044011
v -0.123595 0.711944 -0.043885
v -0.123629 0.712085 -0.043956
v -0.123575 0.711999 -0.043864
v -0.123595 0.712080 -0.043905
v -0.123574 0.712049 -0.043871
v -0.121745 0.711653 -0.045440
v -0.121720 0.711620 -0.045396
v -0.121747 0.711710 -0.045453
v -0.121678 0.711622 -0.045335
v -0.121725 0.711778 -0.045434
v -0.121631 0.711657 -0.045273
v -0.121685 0.711838 -0.045387
v -0.121592 0.711717 -0.045226
v -0.121638 0.711873 -0.045325
v -0.121570 0.711784 -0.045207
v -0.121597 0.711875 -0.045264
v -0.121572 0.711842 -0.045221
v -0.119529 0.711307 -0.046941
v -0.119499 0.711275 -0.046888
v -0.119534 0.711372 -0.046963
v -0.119451 0.711286 -0.046818
v -0.119512 0.711453 -0.046948
v -0.119398 0.711335 -0.046751
v -0.119469 0.711528 -0.046901
v -0.119355 0.711410 -0.046703
v -0.119416 0.711577 -0.046833
v -0.119333 0.711491 -0.046688
v -0.119368 0.711588 -0.046763
v -0.119338 0.711556 -0.046710
v -0.117119 0.710884 -0.048542
v -0.117082 0.710855 -0.048480
v -0.117127 0.710955 -0.048574
v -0.117106 0.711049 -0.048566
v -0.117028 0.710876 -0.048402
v -0.117061 0.711141 -0.048520
v -0.116971 0.710942 -0.048331
v -0.117003 0.711206 -0.048449
v -0.116925 0.711033 -0.048286
v -0.116949 0.711227 -0.048372
v -0.116904 0.711127 -0.048278
v -0.116913 0.711198 -0.048309
v -0.114552 0.710394 -0.050212
v -0.114510 0.710370 -0.050140
v -0.114565 0.710470 -0.050254
v -0.114546 0.710576 -0.050255
v -0.114450 0.710404 -0.050056
v -0.114499 0.710685 -0.050214
v -0.114388 0.710487 -0.049984
v -0.114438 0.710768 -0.050142
v -0.114341 0.710596 -0.049943
v -0.114378 0.710801 -0.050058
v -0.114322 0.710702 -0.049944
v -0.114336 0.710777 -0.049986
v -0.111869 0.709847 -0.051919
v -0.111887 0.709925 -0.051973
v -0.111820 0.709830 -0.051837
v -0.111871 0.710043 -0.051984
v -0.111755 0.709878 -0.051749
v -0.111824 0.710170 -0.051949
v -0.111691 0.709979 -0.051678
v -0.111760 0.710270 -0.051879
v -0.111644 0.710105 -0.051644
v -0.111695 0.710318 -0.051791
v -0.111628 0.710223 -0.051655
v -0.111647 0.710301 -0.051709
v -0.109108 0.709252 -0.053631
v -0.109132 0.709331 -0.053697
v -0.109054 0.709244 -0.053540
v -0.109120 0.709459 -0.053720
v -0.108985 0.709308 -0.053449
v -0.109075 0.709603 -0.053696
v -0.108919 0.709428 -0.053383
v -0.109009 0.709722 -0.053629
v -0.108874 0.709571 -0.053358
v -0.108940 0.709787 -0.053538
v -0.108862 0.709699 -0.053382
v -0.108886 0.709778 -0.053448
v -0.106310 0.708619 -0.055316
v -0.106341 0.708697 -0.055395
v -0.106251 0.708621 -0.055217
v -0.106334 0.708834 -0.055433
v -0.106178 0.708703 -0.055126
v -0.106291 0.708993 -0.055421
v -0.106111 0.708842 -0.055066
v -0.106225 0.709133 -0.055361
v -0.106069 0.709001 -0.055054
v -0.106152 0.709214 -0.055269
v -0.106062 0.709138 -0.055092
v -0.106092 0.709216 -0.055171
v -0.103552 0.708032 -0.057035
v -0.103514 0.707957 -0.056943
v -0.103551 0.708176 -0.057089
v -0.103449 0.707972 -0.056838
v -0.103513 0.708351 -0.057091
v -0.103373 0.708072 -0.056749
v -0.103448 0.708509 -0.057041
v -0.103307 0.708230 -0.056698
v -0.103372 0.708609 -0.056951
v -0.103269 0.708405 -0.056701
v -0.103306 0.708624 -0.056847
v -0.103269 0.708549 -0.056755
v -0.102194 0.707724 -0.057842
v -0.102155 0.707650 -0.057751
v -0.102194 0.707868 -0.057896
v -0.102090 0.707664 -0.057648
v -0.102156 0.708041 -0.057898
v -0.102014 0.707763 -0.057559
v -0.102091 0.708199 -0.057848
v -0.101948 0.707920 -0.057509
v -0.102015 0.708298 -0.057759
v -0.101911 0.708094 -0.057511
v -0.101911 0.708237 -0.057565
v -0.101949 0.708312 -0.057656
v -0.100860 0.707432 -0.058660
v -0.100820 0.707358 -0.058571
v -0.100861 0.707575 -0.058713
v -0.100754 0.707371 -0.058468
v -0.100825 0.707747 -0.058714
v -0.100679 0.707470 -0.058380
v -0.100761 0.707904 -0.058664
v -0.100614 0.707626 -0.058330
v -0.100685 0.708002 -0.058576
v -0.100578 0.707799 -0.058332
v -0.100619 0.708016 -0.058473
v -0.100580 0.707942 -0.058384
v -0.099534 0.707158 -0.059480
v -0.099494 0.707084 -0.059392
v -0.099537 0.707300 -0.059531
v -0.099429 0.707097 -0.059290
v -0.099503 0.707472 -0.059531
v -0.099355 0.707195 -0.059202
v -0.099441 0.707628 -0.059481
v -0.099293 0.707351 -0.059151
v -0.099367 0.707726 -0.059393
v -0.099259 0.707523 -0.059151
v -0.099301 0.707739 -0.059291
v -0.099262 0.707665 -0.059202
v -0.098203 0.706904 -0.060292
v -0.098163 0.706831 -0.060204
v -0.098207 0.707046 -0.060342
v -0.098099 0.706845 -0.060102
v -0.098175 0.707217 -0.060341
v -0.098028 0.706942 -0.060013
v -0.098116 0.707372 -0.060289
v -0.098045 0.707470 -0.060200
v -0.097969 0.707098 -0.059961
v -0.097937 0.707269 -0.059960
v -0.097942 0.707411 -0.060010
v -0.097981 0.707484 -0.060098
v -0.096850 0.706675 -0.061086
v -0.096812 0.706602 -0.060999
v -0.096856 0.706815 -0.061135
v -0.096751 0.706616 -0.060896
v -0.096827 0.706986 -0.061133
v -0.096772 0.707141 -0.061079
v -0.096684 0.706714 -0.060806
v -0.096705 0.707239 -0.060988
v -0.096628 0.706869 -0.060752
v -0.096600 0.707039 -0.060749
v -0.096644 0.707253 -0.060886
v -0.096605 0.707180 -0.060798
v -0.095463 0.706472 -0.061853
v -0.095426 0.706400 -0.061766
v -0.095470 0.706612 -0.061901
v -0.095444 0.706782 -0.061897
v -0.095369 0.706414 -0.061662
v -0.095394 0.706937 -0.061841
v -0.095307 0.706512 -0.061569
v -0.095332 0.707034 -0.061749
v -0.095256 0.706667 -0.061513
v -0.095275 0.707049 -0.061645
v -0.095231 0.706837 -0.061509
v -0.095238 0.706977 -0.061557
v -0.094026 0.706299 -0.062583
v -0.093991 0.706227 -0.062495
v -0.094033 0.706438 -0.062630
v -0.094012 0.706607 -0.062624
v -0.093939 0.706242 -0.062389
v -0.093967 0.706762 -0.062565
v -0.093882 0.706340 -0.062295
v -0.093911 0.706859 -0.062471
v -0.093838 0.706494 -0.062236
v -0.093816 0.706664 -0.062230
v -0.093859 0.706874 -0.062365
v -0.093824 0.706803 -0.062277
v -0.092524 0.706158 -0.063265
v -0.092492 0.706087 -0.063176
v -0.092533 0.706297 -0.063311
v -0.092516 0.706465 -0.063303
v -0.092445 0.706103 -0.063069
v -0.092477 0.706619 -0.063243
v -0.092396 0.706200 -0.062972
v -0.092428 0.706717 -0.063146
v -0.092358 0.706354 -0.062911
v -0.092381 0.706732 -0.063038
v -0.092341 0.706523 -0.062903
v -0.092349 0.706661 -0.062950
v -0.090944 0.706053 -0.063890
v -0.090915 0.705983 -0.063800
v -0.090953 0.706190 -0.063936
v -0.090941 0.706358 -0.063926
v -0.090875 0.705999 -0.063692
v -0.090909 0.706511 -0.063863
v -0.090833 0.706096 -0.063592
v -0.090868 0.706609 -0.063764
v -0.090802 0.706249 -0.063530
v -0.090827 0.706625 -0.063655
v -0.090789 0.706417 -0.063520
v -0.090799 0.706555 -0.063565
v -0.089271 0.705986 -0.064447
v -0.089246 0.705917 -0.064357
v -0.089281 0.706123 -0.064493
v -0.089273 0.706290 -0.064481
v -0.089212 0.705932 -0.064247
v -0.089249 0.706442 -0.064416
v -0.089179 0.706030 -0.064146
v -0.089216 0.706539 -0.064315
v -0.089155 0.706182 -0.064081
v -0.089182 0.706555 -0.064205
v -0.089147 0.706349 -0.064070
v -0.089157 0.706486 -0.064115
v -0.087491 0.705960 -0.064928
v -0.087470 0.705891 -0.064837
v -0.087502 0.706096 -0.064973
v -0.087498 0.706262 -0.064960
v -0.087443 0.705907 -0.064726
v -0.087482 0.706413 -0.064894
v -0.087419 0.706004 -0.064623
v -0.087457 0.706510 -0.064791
v -0.087402 0.706155 -0.064557
v -0.087430 0.706526 -0.064680
v -0.087399 0.706321 -0.064544
v -0.087409 0.706457 -0.064589
v -0.085573 0.705910 -0.065231
v -0.085553 0.705925 -0.065119
v -0.085590 0.705978 -0.065321
v -0.085601 0.706113 -0.065366
v -0.085602 0.706278 -0.065352
v -0.085593 0.706428 -0.065285
v -0.085576 0.706524 -0.065181
v -0.085537 0.706021 -0.065015
v -0.085528 0.706172 -0.064948
v -0.085529 0.706337 -0.064934
v -0.085539 0.706471 -0.064979
v -0.085557 0.706540 -0.065069
usemtl Posterior_cutaneous_nerve_of_the_thigh_rMaterial0
f 1 2 3
f 4 5 2
f 6 2 7
f 8 2 6
f 7 2 1
f 9 2 8
f 4 2 9
f 10 3 11
f 1 3 10
f 12 13 5
f 12 5 4
f 14 11 15
f 10 11 14
f 16 15 13
f 16 13 12
f 14 15 17
f 17 15 18
f 18 15 16
f 19 6 7
f 20 8 6
f 20 6 19
f 21 7 1
f 19 7 21
f 22 9 8
f 22 8 20
f 23 4 9
f 23 9 22
f 24 1 10
f 21 1 24
f 25 12 4
f 25 4 23
f 26 10 14
f 24 10 26
f 27 16 12
f 27 12 25
f 28 14 17
f 26 14 28
f 29 17 18
f 28 17 29
f 30 18 16
f 30 16 27
f 29 18 30
f 31 24 26
f 32 21 24
f 32 24 31
f 33 26 28
f 31 26 33
f 34 28 29
f 33 28 34
f 35 19 21
f 35 21 32
f 36 29 30
f 34 29 36
f 37 20 19
f 37 19 35
f 38 30 27
f 36 30 38
f 39 22 20
f 39 20 37
f 40 23 22
f 40 22 39
f 41 25 23
f 41 23 40
f 42 27 25
f 42 25 41
f 38 27 42
f 43 31 33
f 44 32 31
f 44 31 43
f 45 33 34
f 43 33 45
f 46 34 36
f 45 34 46
f 47 35 32
f 47 32 44
f 48 36 38
f 46 36 48
f 49 37 35
f 49 35 47
f 50 38 42
f 48 38 50
f 51 39 37
f 51 37 49
f 52 42 41
f 50 42 52
f 53 40 39
f 53 39 51
f 54 41 40
f 54 40 53
f 52 41 54
f 55 43 45
f 56 44 43
f 56 43 55
f 57 45 46
f 55 45 57
f 58 46 48
f 57 46 58
f 59 47 44
f 59 44 56
f 60 48 50
f 58 48 60
f 61 49 47
f 61 47 59
f 62 50 52
f 60 50 62
f 63 51 49
f 63 49 61
f 64 52 54
f 62 52 64
f 65 53 51
f 65 51 63
f 66 54 53
f 66 53 65
f 64 54 66
f 67 57 58
f 68 55 57
f 68 57 67
f 69 58 60
f 67 58 69
f 70 56 55
f 70 55 68
f 71 60 62
f 69 60 71
f 72 59 56
f 72 56 70
f 73 62 64
f 71 62 73
f 74 61 59
f 74 59 72
f 75 64 66
f 73 64 75
f 76 63 61
f 76 61 74
f 77 66 65
f 75 66 77
f 78 65 63
f 78 63 76
f 77 65 78
f 79 67 69
f 80 68 67
f 80 67 79
f 81 69 71
f 79 69 81
f 82 70 68
f 82 68 80
f 83 71 73
f 81 71 83
f 84 72 70
f 84 70 82
f 85 73 75
f 83 73 85
f 86 74 72
f 86 72 84
f 87 75 77
f 85 75 87
f 88 76 74
f 88 74 86
f 89 77 78
f 87 77 89
f 90 78 76
f 90 76 88
f 89 78 90
f 91 79 81
f 92 80 79
f 92 79 91
f 93 81 83
f 91 81 93
f 94 82 80
f 94 80 92
f 95 83 85
f 93 83 95
f 96 84 82
f 96 82 94
f 97 85 87
f 95 85 97
f 98 86 84
f 98 84 96
f 99 87 89
f 97 87 99
f 100 88 86
f 100 86 98
f 101 89 90
f 99 89 101
f 102 90 88
f 102 88 100
f 101 90 102
f 103 91 93
f 104 92 91
f 104 91 103
f 105 93 95
f 103 93 105
f 106 95 97
f 105 95 106
f 107 94 92
f 107 92 104
f 108 97 99
f 106 97 108
f 109 96 94
f 109 94 107
f 110 99 101
f 108 99 110
f 111 98 96
f 111 96 109
f 112 101 102
f 110 101 112
f 113 100 98
f 113 98 111
f 114 102 100
f 114 100 113
f 112 102 114
f 115 103 105
f 116 104 103
f 116 103 115
f 117 105 106
f 115 105 117
f 118 106 108
f 117 106 118
f 119 107 104
f 119 104 116
f 120 108 110
f 118 108 120
f 121 109 107
f 121 107 119
f 122 110 112
f 120 110 122
f 123 111 109
f 123 109 121
f 124 112 114
f 122 112 124
f 125 113 111
f 125 111 123
f 126 114 113
f 126 113 125
f 124 114 126
f 127 115 117
f 128 117 118
f 127 117 128
f 129 116 115
f 129 115 127
f 130 118 120
f 128 118 130
f 131 119 116
f 131 116 129
f 132 120 122
f 130 120 132
f 133 121 119
f 133 119 131
f 134 122 124
f 132 122 134
f 135 123 121
f 135 121 133
f 136 124 126
f 134 124 136
f 137 125 123
f 137 123 135
f 138 126 125
f 136 126 138
f 138 125 137
f 139 127 128
f 140 128 130
f 139 128 140
f 141 129 127
f 141 127 139
f 142 130 132
f 140 130 142
f 143 131 129
f 143 129 141
f 144 132 134
f 142 132 144
f 145 133 131
f 145 131 143
f 146 134 136
f 144 134 146
f 147 135 133
f 147 133 145
f 148 136 138
f 146 136 148
f 149 137 135
f 149 135 147
f 150 138 137
f 148 138 150
f 150 137 149
f 151 140 142
f 152 139 140
f 152 140 151
f 153 142 144
f 151 142 153
f 154 141 139
f 154 139 152
f 155 144 146
f 153 144 155
f 156 143 141
f 156 141 154
f 157 146 148
f 155 146 157
f 158 145 143
f 158 143 156
f 159 147 145
f 159 145 158
f 160 148 150
f 157 148 160
f 161 149 147
f 161 147 159
f 162 150 149
f 162 149 161
f 160 150 162
f 163 151 153
f 164 152 151
f 164 151 163
f 165 153 155
f 163 153 165
f 166 154 152
f 166 152 164
f 167 155 157
f 165 155 167
f 168 156 154
f 168 154 166
f 169 157 160
f 167 157 169
f 170 158 156
f 170 156 168
f 171 160 162
f 169 160 171
f 172 159 158
f 172 158 170
f 173 162 161
f 171 162 173
f 174 161 159
f 174 159 172
f 173 161 174
f 175 163 165
f 176 164 163
f 176 163 175
f 177 165 167
f 175 165 177
f 178 166 164
f 178 164 176
f 179 167 169
f 177 167 179
f 180 168 166
f 180 166 178
f 181 169 171
f 179 169 181
f 182 170 168
f 182 168 180
f 183 171 173
f 181 171 183
f 184 172 170
f 184 170 182
f 185 173 174
f 183 173 185
f 186 174 172
f 186 172 184
f 185 174 186
f 187 175 177
f 188 176 175
f 188 175 187
f 189 177 179
f 187 177 189
f 190 178 176
f 190 176 188
f 191 179 181
f 189 179 191
f 192 181 183
f 191 181 192
f 193 180 178
f 193 178 190
f 194 183 185
f 192 183 194
f 195 182 180
f 195 180 193
f 196 185 186
f 194 185 196
f 197 184 182
f 197 182 195
f 198 186 184
f 198 184 197
f 196 186 198
f 199 187 189
f 200 188 187
f 200 187 199
f 201 189 191
f 199 189 201
f 202 191 192
f 201 191 202
f 203 190 188
f 203 188 200
f 204 192 194
f 202 192 204
f 205 193 190
f 205 190 203
f 206 194 196
f 204 194 206
f 207 195 193
f 207 193 205
f 208 196 198
f 206 196 208
f 209 197 195
f 209 195 207
f 210 198 197
f 208 198 210
f 210 197 209
f 211 199 201
f 212 201 202
f 211 201 212
f 213 200 199
f 213 199 211
f 214 202 204
f 212 202 214
f 215 203 200
f 215 200 213
f 216 204 206
f 214 204 216
f 217 205 203
f 217 203 215
f 218 206 208
f 216 206 218
f 219 207 205
f 219 205 217
f 220 208 210
f 218 208 220
f 221 209 207
f 221 207 219
f 222 210 209
f 220 210 222
f 222 209 221
f 223 211 212
f 224 212 214
f 223 212 224
f 225 213 211
f 225 211 223
f 226 214 216
f 224 214 226
f 227 215 213
f 227 213 225
f 228 216 218
f 226 216 228
f 229 217 215
f 229 215 227
f 230 218 220
f 228 218 230
f 231 219 217
f 231 217 229
f 232 220 222
f 230 220 232
f 233 221 219
f 233 219 231
f 234 222 221
f 232 222 234
f 234 221 233
f 235 223 224
f 236 224 226
f 235 224 236
f 237 225 223
f 237 223 235
f 238 226 228
f 236 226 238
f 239 227 225
f 239 225 237
f 240 228 230
f 238 228 240
f 241 229 227
f 241 227 239
f 242 230 232
f 240 230 242
f 243 231 229
f 243 229 241
f 244 232 234
f 242 232 244
f 245 233 231
f 245 231 243
f 246 234 233
f 244 234 246
f 246 233 245
f 247 235 236
f 248 237 235
f 248 235 247
f 249 236 238
f 247 236 249
f 250 238 240
f 249 238 250
f 251 239 237
f 251 237 248
f 252 240 242
f 250 240 252
f 253 242 244
f 252 242 253
f 254 241 239
f 254 239 251
f 255 244 246
f 253 244 255
f 256 243 241
f 256 241 254
f 257 245 243
f 257 243 256
f 258 246 245
f 255 246 258
f 258 245 257
f 259 249 250
f 260 247 249
f 260 249 259
f 261 250 252
f 259 250 261
f 262 248 247
f 262 247 260
f 263 252 253
f 261 252 263
f 264 251 248
f 264 248 262
f 265 253 255
f 263 253 265
f 266 254 251
f 266 251 264
f 267 255 258
f 265 255 267
f 268 256 254
f 268 254 266
f 269 257 256
f 269 256 268
f 270 258 257
f 267 258 270
f 270 257 269
f 271 259 261
f 272 260 259
f 272 259 271
f 273 261 263
f 271 261 273
f 274 262 260
f 274 260 272
f 275 263 265
f 273 263 275
f 276 264 262
f 276 262 274
f 277 265 267
f 275 265 277
f 278 266 264
f 278 264 276
f 279 267 270
f 277 267 279
f 280 268 266
f 280 266 278
f 281 270 269
f 279 270 281
f 282 269 268
f 282 268 280
f 281 269 282
f 283 271 273
f 284 272 271
f 284 271 283
f 285 273 275
f 283 273 285
f 286 274 272
f 286 272 284
f 287 275 277
f 285 275 287
f 288 276 274
f 288 274 286
f 289 277 279
f 287 277 289
f 290 278 276
f 290 276 288
f 291 279 281
f 289 279 291
f 292 280 278
f 292 278 290
f 293 281 282
f 291 281 293
f 294 282 280
f 294 280 292
f 293 282 294
f 295 283 285
f 296 284 283
f 296 283 295
f 297 285 287
f 295 285 297
f 298 286 284
f 298 284 296
f 299 287 289
f 297 287 299
f 300 288 286
f 300 286 298
f 301 289 291
f 299 289 301
f 302 290 288
f 302 288 300
f 303 291 293
f 301 291 303
f 304 292 290
f 304 290 302
f 305 293 294
f 303 293 305
f 306 294 292
f 306 292 304
f 305 294 306
f 307 295 297
f 308 296 295
f 308 295 307
f 309 297 299
f 307 297 309
f 310 298 296
f 310 296 308
f 311 299 301
f 309 299 311
f 312 300 298
f 312 298 310
f 313 301 303
f 311 301 313
f 314 302 300
f 314 300 312
f 315 303 305
f 313 303 315
f 316 304 302
f 316 302 314
f 317 305 306
f 315 305 317
f 318 306 304
f 318 304 316
f 317 306 318
f 319 307 309
f 320 308 307
f 320 307 319
f 321 309 311
f 319 309 321
f 322 310 308
f 322 308 320
f 323 311 313
f 321 311 323
f 324 312 310
f 324 310 322
f 325 313 315
f 323 313 325
f 326 314 312
f 326 312 324
f 327 315 317
f 325 315 327
f 328 316 314
f 328 314 326
f 329 317 318
f 327 317 329
f 330 318 316
f 330 316 328
f 329 318 330
f 331 319 321
f 332 320 319
f 332 319 331
f 333 321 323
f 331 321 333
f 334 322 320
f 334 320 332
f 335 323 325
f 333 323 335
f 336 324 322
f 336 322 334
f 337 325 327
f 335 325 337
f 338 326 324
f 338 324 336
f 339 327 329
f 337 327 339
f 340 328 326
f 340 326 338
f 341 329 330
f 339 329 341
f 342 330 328
f 342 328 340
f 341 330 342
f 343 331 333
f 344 332 331
f 344 331 343
f 345 333 335
f 343 333 345
f 346 334 332
f 346 332 344
f 347 335 337
f 345 335 347
f 348 336 334
f 348 334 346
f 349 337 339
f 347 337 349
f 350 338 336
f 350 336 348
f 351 339 341
f 349 339 351
f 352 340 338
f 352 338 350
f 353 341 342
f 351 341 353
f 354 342 340
f 354 340 352
f 353 342 354
f 355 343 345
f 356 344 343
f 356 343 355
f 357 345 347
f 355 345 357
f 358 346 344
f 358 344 356
f 359 347 349
f 357 347 359
f 360 348 346
f 360 346 358
f 361 349 351
f 359 349 361
f 362 350 348
f 362 348 360
f 363 351 353
f 361 351 363
f 364 353 354
f 363 353 364
f 365 352 350
f 365 350 362
f 366 354 352
f 366 352 365
f 364 354 366
f 367 355 357
f 368 357 359
f 367 357 368
f 369 356 355
f 369 355 367
f 370 359 361
f 368 359 370
f 371 358 356
f 371 356 369
f 372 360 358
f 372 358 371
f 373 361 363
f 370 361 373
f 374 363 364
f 373 363 374
f 375 362 360
f 375 360 372
f 376 364 366
f 374 364 376
f 377 365 362
f 377 362 375
f 378 366 365
f 376 366 378
f 378 365 377
f 379 367 368
f 380 368 370
f 379 368 380
f 381 369 367
f 381 367 379
f 382 370 373
f 380 370 382
f 383 371 369
f 383 369 381
f 384 373 374
f 382 373 384
f 385 372 371
f 385 371 383
f 386 374 376
f 384 374 386
f 387 375 372
f 387 372 385
f 388 376 378
f 386 376 388
f 389 377 375
f 389 375 387
f 390 378 377
f 388 378 390
f 390 377 389
f 391 379 380
f 392 380 382
f 391 380 392
f 393 381 379
f 393 379 391
f 394 382 384
f 392 382 394
f 395 383 381
f 395 381 393
f 396 385 383
f 396 383 395
f 397 384 386
f 394 384 397
f 398 386 388
f 397 386 398
f 399 387 385
f 399 385 396
f 400 388 390
f 398 388 400
f 401 389 387
f 401 387 399
f 402 390 389
f 400 390 402
f 402 389 401
f 403 391 392
f 404 392 394
f 403 392 404
f 405 393 391
f 405 391 403
f 406 394 397
f 404 394 406
f 407 395 393
f 407 393 405
f 408 397 398
f 406 397 408
f 409 396 395
f 409 395 407
f 410 398 400
f 408 398 410
f 411 399 396
f 411 396 409
f 412 400 402
f 410 400 412
f 413 401 399
f 413 399 411
f 414 402 401
f 412 402 414
f 414 401 413
f 415 403 404
f 416 404 406
f 415 404 416
f 417 405 403
f 417 403 415
f 418 406 408
f 416 406 418
f 419 407 405
f 419 405 417
f 420 408 410
f 418 408 420
f 421 409 407
f 421 407 419
f 422 411 409
f 422 409 421
f 423 410 412
f 420 410 423
f 424 412 414
f 423 412 424
f 425 413 411
f 425 411 422
f 426 414 413
f 424 414 426
f 426 413 425
f 417 415 416
f 419 416 418
f 417 416 419
f 419 418 421
f 421 418 420
f 421 420 422
f 422 420 423
f 425 423 424
f 422 423 425
f 425 424 426
f 427 428 429
f 429 430 427
f 429 431 432
f 432 433 429
f 429 428 431
f 429 433 430
f 427 434 428
f 427 435 434
f 427 430 435
f 432 436 437
f 437 438 432
f 432 431 436
f 432 438 433
f 434 439 428
f 434 435 439
f 437 440 441
f 441 442 437
f 437 436 440
f 437 442 438
f 428 443 431
f 428 439 443
f 441 444 445
f 445 446 441
f 441 440 444
f 441 446 442
f 431 447 436
f 431 443 447
f 444 448 445
f 445 448 446
f 436 449 440
f 436 447 449
f 440 450 444
f 444 450 448
f 440 449 450
f 433 451 430
f 438 452 433
f 433 452 451
f 430 453 435
f 430 451 453
f 442 454 438
f 438 454 452
f 455 456 457
f 455 457 458
f 459 456 455
f 460 455 458
f 461 459 455
f 461 455 460
f 456 462 457
f 458 457 463
f 457 464 463
f 457 462 464
f 459 465 456
f 465 466 456
f 456 466 462
f 458 463 467
f 468 458 467
f 460 458 468
f 469 465 459
f 469 470 465
f 470 471 465
f 465 471 466
f 446 472 442
f 442 472 454
f 435 473 439
f 435 453 473
f 474 469 459
f 474 459 461
f 475 470 469
f 476 475 469
f 476 469 474
f 467 463 477
f 467 477 478
f 468 467 479
f 479 467 478
f 470 480 471
f 475 481 470
f 481 480 470
f 463 482 477
f 478 477 483
f 477 484 483
f 477 482 484
f 463 464 482
f 471 485 466
f 480 486 471
f 471 486 485
f 462 487 464
f 464 488 482
f 464 487 488
f 466 489 462
f 462 489 487
f 466 485 489
f 490 461 460
f 491 460 468
f 490 460 491
f 448 492 446
f 446 492 472
f 439 493 443
f 439 473 493
f 494 474 461
f 494 461 490
f 495 468 479
f 491 468 495
f 496 481 475
f 497 496 475
f 497 475 476
f 478 483 498
f 479 478 499
f 499 478 498
f 481 500 480
f 496 501 481
f 501 500 481
f 498 483 502
f 483 503 502
f 483 484 503
f 500 504 480
f 480 504 486
f 482 505 484
f 482 488 505
f 485 506 489
f 486 507 485
f 485 507 506
f 489 508 487
f 489 506 508
f 443 509 447
f 443 493 509
f 510 476 474
f 510 474 494
f 511 479 499
f 495 479 511
f 512 501 496
f 513 512 496
f 513 496 497
f 498 502 514
f 499 498 515
f 515 498 514
f 501 516 500
f 517 516 501
f 512 517 501
f 514 502 518
f 502 519 518
f 502 503 519
f 516 520 500
f 500 520 504
f 484 521 503
f 484 505 521
f 504 522 486
f 486 522 507
f 487 523 488
f 488 524 505
f 488 523 524
f 487 508 523
f 450 525 448
f 448 525 492
f 526 497 476
f 526 476 510
f 527 499 515
f 511 499 527
f 514 518 528
f 529 514 528
f 515 514 529
f 528 518 517
f 518 530 517
f 518 519 530
f 517 530 516
f 528 517 512
f 530 531 516
f 516 531 520
f 503 532 519
f 503 521 532
f 520 533 504
f 504 533 522
f 447 534 449
f 447 509 534
f 535 528 512
f 529 528 535
f 535 512 513
f 519 536 530
f 530 536 531
f 519 532 536
f 505 537 521
f 505 524 537
f 449 538 450
f 450 538 525
f 449 534 538
f 539 490 491
f 540 491 495
f 539 491 540
f 541 494 490
f 541 490 539
f 542 495 511
f 540 495 542
f 543 510 494
f 543 494 541
f 544 513 497
f 544 497 526
f 545 515 529
f 527 515 545
f 546 529 535
f 545 529 546
f 547 535 513
f 547 513 544
f 536 548 531
f 532 549 536
f 536 549 548
f 531 550 520
f 531 548 550
f 520 550 533
f 521 551 532
f 532 551 549
f 521 537 551
f 522 552 507
f 533 553 522
f 522 553 552
f 507 554 506
f 507 552 554
f 508 555 523
f 523 556 524
f 523 555 556
f 506 557 508
f 508 557 555
f 506 554 557
f 454 558 452
f 452 559 451
f 452 558 559
f 560 511 527
f 542 511 560
f 561 526 510
f 561 510 543
f 546 535 547
f 550 562 533
f 533 562 553
f 524 563 537
f 524 556 563
f 472 564 454
f 454 564 558
f 451 565 453
f 451 559 565
f 566 527 545
f 560 527 566
f 548 567 550
f 550 567 562
f 537 568 551
f 537 563 568
f 569 544 526
f 569 526 561
f 492 570 472
f 472 570 564
f 453 571 473
f 453 565 571
f 549 572 548
f 551 573 549
f 549 573 572
f 548 572 567
f 551 568 573
f 525 574 492
f 492 574 570
f 473 575 493
f 473 571 575
f 576 539 540
f 577 540 542
f 576 540 577
f 578 541 539
f 578 539 576
f 579 542 560
f 577 542 579
f 580 543 541
f 580 541 578
f 581 545 546
f 566 545 581
f 582 547 544
f 582 544 569
f 583 546 547
f 581 546 583
f 583 547 582
f 553 584 552
f 562 585 553
f 553 585 584
f 557 586 555
f 555 587 556
f 555 586 587
f 554 588 557
f 557 588 586
f 552 589 554
f 554 589 588
f 552 584 589
f 590 560 566
f 579 560 590
f 567 591 562
f 562 591 585
f 556 592 563
f 556 587 592
f 593 561 543
f 593 543 580
f 563 594 568
f 563 592 594
f 538 595 525
f 525 595 574
f 493 596 509
f 493 575 596
f 597 566 581
f 590 566 597
f 573 598 572
f 568 599 573
f 573 599 598
f 572 600 567
f 572 598 600
f 567 600 591
f 568 594 599
f 601 577 579
f 602 576 577
f 602 577 601
f 603 569 561
f 603 561 593
f 534 604 538
f 538 604 595
f 509 605 534
f 509 596 605
f 564 606 558
f 558 607 559
f 558 606 607
f 608 579 590
f 601 579 608
f 609 578 576
f 609 576 602
f 610 581 583
f 597 581 610
f 534 605 604
f 570 611 564
f 564 611 606
f 559 612 565
f 559 607 612
f 613 582 569
f 613 569 603
f 614 580 578
f 614 578 609
f 615 590 597
f 608 590 615
f 616 583 582
f 610 583 616
f 616 582 613
f 589 617 588
f 588 618 586
f 588 617 618
f 584 619 589
f 589 619 617
f 574 620 570
f 570 620 611
f 565 621 571
f 565 612 621
f 585 622 584
f 584 622 619
f 586 623 587
f 586 618 623
f 591 624 585
f 585 624 622
f 625 593 580
f 625 580 614
f 626 597 610
f 615 597 626
f 587 627 592
f 587 623 627
f 600 628 591
f 591 628 624
f 629 601 608
f 630 602 601
f 630 601 629
f 592 631 594
f 592 627 631
f 595 632 574
f 574 632 620
f 571 633 575
f 571 621 633
f 634 608 615
f 629 608 634
f 635 609 602
f 635 602 630
f 594 636 599
f 594 631 636
f 599 637 598
f 599 636 637
f 598 638 600
f 598 637 638
f 600 638 628
f 639 603 593
f 639 593 625
f 640 610 616
f 626 610 640
f 611 641 606
f 606 642 607
f 606 641 642
f 634 615 643
f 643 615 626
f 604 644 595
f 595 644 632
f 575 645 596
f 575 633 645
f 620 646 611
f 611 646 641
f 607 647 612
f 607 642 647
f 648 609 635
f 648 614 609
f 649 616 613
f 640 616 649
f 650 613 603
f 649 613 650
f 650 603 639
f 651 629 634
f 652 629 651
f 652 630 629
f 632 653 620
f 620 653 646
f 651 634 654
f 654 634 643
f 643 626 655
f 655 626 640
f 605 656 604
f 604 656 644
f 596 657 605
f 605 657 656
f 596 645 657
f 632 658 653
f 644 658 632
f 612 659 621
f 612 647 659
f 646 660 641
f 646 661 660
f 653 661 646
f 641 662 642
f 642 662 663
f 642 663 647
f 641 660 662
f 661 654 660
f 661 651 654
f 664 651 661
f 653 664 661
f 660 654 665
f 660 665 662
f 654 643 665
f 664 652 651
f 666 635 630
f 666 630 652
f 667 648 635
f 667 635 666
f 665 643 655
f 668 625 614
f 668 614 648
f 669 639 625
f 669 625 668
f 655 640 670
f 670 640 649
f 618 671 623
f 623 672 627
f 623 671 672
f 617 673 618
f 618 673 671
f 619 674 617
f 617 674 673
f 622 675 619
f 619 675 674
f 624 676 622
f 622 676 675
f 628 677 624
f 624 677 676
f 621 678 633
f 621 659 678
f 658 664 653
f 679 652 664
f 679 666 652
f 665 655 680
f 662 665 680
f 680 655 670
f 638 681 628
f 628 681 677
f 627 682 631
f 627 672 682
f 662 680 663
f 683 649 650
f 670 649 683
f 637 684 638
f 638 684 681
f 631 685 636
f 631 682 685
f 644 686 658
f 656 686 644
f 647 663 687
f 647 687 659
f 658 679 664
f 688 648 667
f 688 668 648
f 689 650 639
f 683 650 689
f 689 639 669
f 636 690 637
f 636 685 690
f 637 690 684
f 633 691 645
f 633 678 691
f 686 679 658
f 663 680 692
f 663 692 687
f 693 666 679
f 693 667 666
f 680 670 692
f 692 670 683
f 657 694 656
f 656 694 686
f 645 695 657
f 657 695 694
f 645 691 695
f 686 693 679
f 694 693 686
f 659 687 696
f 659 696 678
f 687 692 697
f 687 697 696
f 698 667 693
f 698 688 667
f 692 683 697
f 699 669 668
f 699 668 688
f 697 683 689
f 700 689 669
f 697 689 700
f 700 669 699
f 694 698 693
f 678 701 691
f 678 696 701
f 695 698 694
f 702 688 698
f 702 699 688
f 696 697 700
f 691 702 695
f 695 702 698
f 691 701 702
f 696 700 701
f 701 700 699
f 701 699 702
f 673 703 671
f 671 704 672
f 671 703 704
f 674 705 673
f 673 705 703
f 675 705 674
f 676 705 675
f 677 705 676
f 681 705 677
f 672 704 682
f 682 704 685
f 685 704 690
f 690 704 684
f 684 706 681
f 684 704 706
f 681 706 705
f 707 708 709
f 708 710 709
f 709 711 707
f 709 710 711
f 712 708 707
f 712 713 708
f 713 714 708
f 708 714 710
f 707 715 712
f 707 711 715
f 716 713 712
f 716 717 713
f 717 718 713
f 713 718 714
f 712 719 716
f 712 715 719
f 720 717 716
f 720 721 717
f 721 722 717
f 717 722 718
f 716 723 720
f 716 719 723
f 724 721 720
f 724 725 721
f 725 726 721
f 721 726 722
f 720 727 724
f 720 723 727
f 728 725 724
f 728 729 725
f 725 729 726
f 724 730 728
f 724 727 730
f 728 730 729
f 714 731 710
f 710 732 711
f 710 731 732
f 718 733 714
f 714 733 731
f 711 734 715
f 711 732 734
f 722 735 718
f 718 735 733
f 715 736 719
f 715 734 736
f 726 737 722
f 722 737 735
f 719 738 723
f 719 736 738
f 729 739 726
f 726 739 737
f 723 740 727
f 723 738 740
f 730 741 729
f 729 741 739
f 727 742 730
f 727 740 742
f 730 742 741
f 733 743 731
f 731 744 732
f 731 743 744
f 735 745 733
f 733 745 743
f 732 746 734
f 732 744 746
f 737 747 735
f 735 747 745
f 734 748 736
f 734 746 748
f 739 749 737
f 737 749 747
f 736 750 738
f 736 748 750
f 741 751 739
f 739 751 749
f 738 752 740
f 738 750 752
f 742 753 741
f 741 753 751
f 740 754 742
f 740 752 754
f 742 754 753
f 743 755 744
f 745 756 743
f 743 756 755
f 744 757 746
f 744 755 757
f 747 758 745
f 745 758 756
f 749 759 747
f 747 759 758
f 746 760 748
f 746 757 760
f 748 761 750
f 748 760 761
f 751 762 749
f 749 762 759
f 750 763 752
f 750 761 763
f 753 764 751
f 751 764 762
f 752 765 754
f 752 763 765
f 754 766 753
f 753 766 764
f 754 765 766
f 755 767 757
f 756 768 755
f 755 768 767
f 757 769 760
f 757 767 769
f 758 770 756
f 756 770 768
f 760 771 761
f 760 769 771
f 759 772 758
f 758 772 770
f 761 773 763
f 761 771 773
f 762 774 759
f 759 774 772
f 763 775 765
f 763 773 775
f 764 776 762
f 762 776 774
f 766 777 764
f 764 777 776
f 765 778 766
f 766 778 777
f 765 775 778
f 767 779 769
f 768 780 767
f 767 780 779
f 769 781 771
f 769 779 781
f 771 782 773
f 771 781 782
f 770 783 768
f 768 783 780
f 773 784 775
f 773 782 784
f 772 785 770
f 770 785 783
f 775 786 778
f 775 784 786
f 774 787 772
f 772 787 785
f 778 788 777
f 778 786 788
f 776 789 774
f 774 789 787
f 777 790 776
f 776 790 789
f 777 788 790
f 779 791 781
f 780 792 779
f 779 792 791
f 781 793 782
f 781 791 793
f 782 794 784
f 782 793 794
f 783 795 780
f 780 795 792
f 784 796 786
f 784 794 796
f 785 797 783
f 783 797 795
f 786 798 788
f 786 796 798
f 787 799 785
f 785 799 797
f 788 800 790
f 788 798 800
f 789 801 787
f 787 801 799
f 790 802 789
f 789 802 801
f 790 800 802
f 792 803 791
f 795 804 792
f 792 804 803
f 791 805 793
f 791 803 805
f 797 806 795
f 795 806 804
f 793 807 794
f 793 805 807
f 794 808 796
f 794 807 808
f 799 809 797
f 797 809 806
f 801 810 799
f 799 810 809
f 796 811 798
f 796 808 811
f 798 812 800
f 798 811 812
f 802 813 801
f 801 813 810
f 800 814 802
f 802 814 813
f 800 812 814
f 804 815 803
f 806 816 804
f 804 816 815
f 803 817 805
f 803 815 817
f 809 818 806
f 806 818 816
f 805 819 807
f 805 817 819
f 810 820 809
f 809 820 818
f 807 821 808
f 807 819 821
f 813 822 810
f 810 822 820
f 808 823 811
f 808 821 823
f 814 824 813
f 813 824 822
f 811 825 812
f 811 823 825
f 812 826 814
f 814 826 824
f 812 825 826
f 816 827 815
f 818 828 816
f 816 828 827
f 815 829 817
f 815 827 829
f 820 830 818
f 818 830 828
f 817 831 819
f 817 829 831
f 822 832 820
f 820 832 830
f 819 833 821
f 819 831 833
f 824 834 822
f 822 834 832
f 821 835 823
f 821 833 835
f 826 836 824
f 824 836 834
f 825 837 826
f 826 837 836
f 823 838 825
f 825 838 837
f 823 835 838
f 830 839 828
f 832 840 830
f 830 840 839
f 828 841 827
f 828 839 841
f 834 842 832
f 832 842 840
f 827 843 829
f 827 841 843
f 829 844 831
f 829 843 844
f 836 845 834
f 834 845 842
f 831 846 833
f 831 844 846
f 837 847 836
f 836 847 845
f 838 848 837
f 837 848 847
f 835 849 838
f 838 849 848
f 833 850 835
f 835 850 849
f 833 846 850
f 840 851 839
f 842 852 840
f 840 852 851
f 839 853 841
f 839 851 853
f 845 854 842
f 842 854 852
f 841 855 843
f 841 853 855
f 847 856 845
f 845 856 854
f 843 857 844
f 843 855 857
f 848 858 847
f 847 858 856
f 844 859 846
f 844 857 859
f 849 860 848
f 848 860 858
f 850 861 849
f 849 861 860
f 846 862 850
f 850 862 861
f 846 859 862
f 854 863 852
f 852 864 851
f 852 863 864
f 856 865 854
f 854 865 863
f 851 866 853
f 851 864 866
f 858 867 856
f 856 867 865
f 853 868 855
f 853 866 868
f 855 869 857
f 855 868 869
f 860 870 858
f 858 870 867
f 861 871 860
f 860 871 870
f 857 872 859
f 857 869 872
f 862 873 861
f 861 873 871
f 859 874 862
f 859 872 874
f 862 874 873
f 865 875 863
f 863 876 864
f 863 875 876
f 867 877 865
f 865 877 875
f 864 878 866
f 864 876 878
f 870 879 867
f 867 879 877
f 866 880 868
f 866 878 880
f 871 881 870
f 870 881 879
f 868 882 869
f 868 880 882
f 873 883 871
f 871 883 881
f 869 884 872
f 869 882 884
f 874 885 873
f 873 885 883
f 872 886 874
f 872 884 886
f 874 886 885
f 877 887 875
f 875 888 876
f 875 887 888
f 879 889 877
f 877 889 887
f 876 890 878
f 876 888 890
f 881 891 879
f 879 891 889
f 878 892 880
f 878 890 892
f 883 893 881
f 881 893 891
f 880 894 882
f 880 892 894
f 885 895 883
f 883 895 893
f 882 896 884
f 882 894 896
f 886 897 885
f 885 897 895
f 884 898 886
f 886 898 897
f 884 896 898
f 889 899 887
f 887 900 888
f 887 899 900
f 891 901 889
f 889 901 899
f 888 902 890
f 888 900 902
f 893 903 891
f 891 903 901
f 890 904 892
f 890 902 904
f 895 905 893
f 893 905 903
f 892 906 894
f 892 904 906
f 897 907 895
f 895 907 905
f 894 908 896
f 894 906 908
f 898 909 897
f 897 909 907
f 896 910 898
f 898 910 909
f 896 908 910
f 901 911 899
f 903 912 901
f 901 912 911
f 899 913 900
f 899 911 913
f 900 914 902
f 900 913 914
f 905 915 903
f 903 915 912
f 902 916 904
f 902 914 916
f 907 917 905
f 905 917 915
f 909 918 907
f 907 918 917
f 910 919 909
f 909 919 918
f 908 920 910
f 910 920 919
f 906 921 908
f 908 921 920
f 904 922 906
f 904 916 922
f 906 922 921
f 912 923 911
f 915 924 912
f 912 924 923
f 911 925 913
f 911 923 925
f 917 926 915
f 915 926 924
f 913 927 914
f 913 925 927
f 918 928 917
f 917 928 926
f 914 929 916
f 914 927 929
f 919 930 918
f 918 930 928
f 916 931 922
f 916 929 931
f 920 932 919
f 919 932 930
f 922 933 921
f 922 931 933
f 921 934 920
f 920 934 932
f 921 933 934
f 924 935 923
f 926 936 924
f 924 936 935
f 923 937 925
f 923 935 937
f 928 938 926
f 926 938 936
f 925 939 927
f 925 937 939
f 930 940 928
f 928 940 938
f 927 941 929
f 927 939 941
f 932 942 930
f 930 942 940
f 929 943 931
f 929 941 943
f 934 944 932
f 932 944 942
f 933 945 934
f 934 945 944
f 931 946 933
f 933 946 945
f 931 943 946
f 938 947 936
f 940 948 938
f 938 948 947
f 936 949 935
f 936 947 949
f 935 950 937
f 935 949 950
f 937 951 939
f 937 950 951
f 942 952 940
f 940 952 948
f 939 953 941
f 939 951 953
f 944 954 942
f 942 954 952
f 941 955 943
f 941 953 955
f 945 956 944
f 944 956 954
f 943 957 946
f 943 955 957
f 946 958 945
f 945 958 956
f 946 957 958
f 948 959 947
f 952 960 948
f 948 960 959
f 947 961 949
f 947 959 961
f 949 962 950
f 949 961 962
f 950 963 951
f 950 962 963
f 954 964 952
f 952 964 960
f 951 965 953
f 951 963 965
f 956 966 954
f 954 966 964
f 953 967 955
f 953 965 967
f 958 968 956
f 956 968 966
f 957 969 958
f 958 969 968
f 955 970 957
f 957 970 969
f 955 967 970
f 960 971 959
f 964 972 960
f 960 972 971
f 959 973 961
f 959 971 973
f 961 974 962
f 961 973 974
f 966 975 964
f 964 975 972
f 962 976 963
f 962 974 976
f 968 977 966
f 966 977 975
f 963 978 965
f 963 976 978
f 969 979 968
f 968 979 977
f 965 980 967
f 965 978 980
f 970 981 969
f 969 981 979
f 967 982 970
f 970 982 981
f 967 980 982
f 972 983 971
f 975 984 972
f 972 984 983
f 971 985 973
f 971 983 985
f 973 986 974
f 973 985 986
f 977 987 975
f 975 987 984
f 974 988 976
f 974 986 988
f 979 989 977
f 977 989 987
f 976 990 978
f 976 988 990
f 981 991 979
f 979 991 989
f 978 992 980
f 978 990 992
f 982 993 981
f 981 993 991
f 980 994 982
f 982 994 993
f 980 992 994
f 995 996 997
f 996 998 997
f 999 997 1000
f 997 1001 1000
f 995 997 999
f 997 998 1001
f 1002 996 995
f 1002 1003 996
f 996 1003 998
f 995 1004 1002
f 1002 1004 1003
f 1005 1000 1006
f 1000 1007 1006
f 999 1000 1005
f 1000 1001 1007
f 999 1008 995
f 995 1008 1004
f 1009 1006 1010
f 1006 1011 1010
f 1005 1006 1009
f 1006 1007 1011
f 1005 1012 999
f 999 1012 1008
f 1013 1010 1014
f 1010 1015 1014
f 1009 1010 1013
f 1010 1011 1015
f 1009 1016 1005
f 1005 1016 1012
f 1014 1017 1013
f 1014 1015 1017
f 1013 1018 1009
f 1013 1017 1018
f 1009 1018 1016
f 1004 1019 1003
f 1003 1020 998
f 1003 1019 1020
f 1008 1021 1004
f 1012 1022 1008
f 1008 1022 1021
f 1004 1021 1019
f 998 1023 1001
f 998 1020 1023
f 1016 1024 1012
f 1012 1024 1022
f 1001 1025 1007
f 1001 1023 1025
f 1018 1026 1016
f 1016 1026 1024
f 1007 1027 1011
f 1007 1025 1027
f 1017 1028 1018
f 1018 1028 1026
f 1011 1029 1015
f 1015 1030 1017
f 1015 1029 1030
f 1011 1027 1029
f 1017 1030 1028
f 1024 1031 1022
f 1026 1032 1024
f 1024 1032 1031
f 1021 1033 1019
f 1019 1034 1020
f 1019 1033 1034
f 1022 1035 1021
f 1022 1031 1035
f 1021 1035 1033
f 1020 1036 1023
f 1020 1034 1036
f 1023 1037 1025
f 1023 1036 1037
f 1028 1038 1026
f 1026 1038 1032
f 1030 1039 1028
f 1028 1039 1038
f 1025 1040 1027
f 1025 1037 1040
f 1027 1041 1029
f 1029 1042 1030
f 1029 1041 1042
f 1027 1040 1041
f 1030 1042 1039
f 1031 1043 1035
f 1032 1044 1031
f 1031 1044 1043
f 1035 1045 1033
f 1035 1043 1045
f 1038 1046 1032
f 1032 1046 1044
f 1033 1047 1034
f 1033 1045 1047
f 1039 1048 1038
f 1038 1048 1046
f 1034 1049 1036
f 1034 1047 1049
f 1042 1050 1039
f 1039 1050 1048
f 1036 1051 1037
f 1036 1049 1051
f 1040 1052 1041
f 1041 1053 1042
f 1041 1052 1053
f 1037 1054 1040
f 1040 1054 1052
f 1042 1053 1050
f 1037 1051 1054
f 1046 1055 1044
f 1044 1056 1043
f 1044 1055 1056
f 1048 1057 1046
f 1046 1057 1055
f 1043 1058 1045
f 1043 1056 1058
f 1050 1059 1048
f 1048 1059 1057
f 1045 1060 1047
f 1045 1058 1060
f 1047 1061 1049
f 1047 1060 1061
f 1053 1062 1050
f 1050 1062 1059
f 1052 1063 1053
f 1053 1063 1062
f 1049 1064 1051
f 1049 1061 1064
f 1054 1065 1052
f 1052 1065 1063
f 1051 1066 1054
f 1054 1066 1065
f 1051 1064 1066
f 1057 1067 1055
f 1055 1068 1056
f 1055 1067 1068
f 1059 1069 1057
f 1057 1069 1067
f 1056 1070 1058
f 1056 1068 1070
f 1062 1071 1059
f 1059 1071 1069
f 1058 1072 1060
f 1058 1070 1072
f 1063 1073 1062
f 1062 1073 1071
f 1060 1074 1061
f 1060 1072 1074
f 1065 1075 1063
f 1063 1075 1073
f 1061 1076 1064
f 1061 1074 1076
f 1066 1077 1065
f 1065 1077 1075
f 1064 1078 1066
f 1064 1076 1078
f 1066 1078 1077
f 1069 1079 1067
f 1071 1080 1069
f 1069 1080 1079
f 1067 1081 1068
f 1067 1079 1081
f 1068 1082 1070
f 1068 1081 1082
f 1073 1083 1071
f 1071 1083 1080
f 1070 1084 1072
f 1070 1082 1084
f 1075 1085 1073
f 1073 1085 1083
f 1072 1086 1074
f 1072 1084 1086
f 1077 1087 1075
f 1075 1087 1085
f 1074 1088 1076
f 1074 1086 1088
f 1078 1089 1077
f 1077 1089 1087
f 1076 1090 1078
f 1078 1090 1089
f 1076 1088 1090
f 1080 1091 1079
f 1083 1092 1080
f 1080 1092 1091
f 1079 1093 1081
f 1079 1091 1093
f 1081 1094 1082
f 1081 1093 1094
f 1085 1095 1083
f 1083 1095 1092
f 1082 1096 1084
f 1082 1094 1096
f 1087 1097 1085
f 1085 1097 1095
f 1084 1098 1086
f 1084 1096 1098
f 1089 1099 1087
f 1087 1099 1097
f 1086 1100 1088
f 1086 1098 1100
f 1090 1101 1089
f 1089 1101 1099
f 1088 1102 1090
f 1090 1102 1101
f 1088 1100 1102
f 1092 1103 1091
f 1095 1104 1092
f 1092 1104 1103
f 1091 1105 1093
f 1091 1103 1105
f 1097 1106 1095
f 1095 1106 1104
f 1093 1107 1094
f 1093 1105 1107
f 1094 1108 1096
f 1094 1107 1108
f 1099 1109 1097
f 1097 1109 1106
f 1101 1110 1099
f 1099 1110 1109
f 1096 1111 1098
f 1096 1108 1111
f 1098 1112 1100
f 1098 1111 1112
f 1102 1113 1101
f 1101 1113 1110
f 1100 1114 1102
f 1102 1114 1113
f 1100 1112 1114
f 1104 1115 1103
f 1106 1116 1104
f 1104 1116 1115
f 1103 1117 1105
f 1103 1115 1117
f 1109 1118 1106
f 1106 1118 1116
f 1105 1119 1107
f 1105 1117 1119
f 1110 1120 1109
f 1109 1120 1118
f 1107 1121 1108
f 1107 1119 1121
f 1113 1122 1110
f 1110 1122 1120
f 1108 1123 1111
f 1108 1121 1123
f 1114 1124 1113
f 1113 1124 1122
f 1111 1125 1112
f 1111 1123 1125
f 1112 1126 1114
f 1114 1126 1124
f 1112 1125 1126
f 1116 1127 1115
f 1118 1128 1116
f 1116 1128 1127
f 1115 1129 1117
f 1115 1127 1129
f 1120 1130 1118
f 1118 1130 1128
f 1117 1131 1119
f 1117 1129 1131
f 1122 1132 1120
f 1120 1132 1130
f 1119 1133 1121
f 1119 1131 1133
f 1124 1134 1122
f 1122 1134 1132
f 1121 1135 1123
f 1121 1133 1135
f 1126 1136 1124
f 1124 1136 1134
f 1123 1137 1125
f 1123 1135 1137
f 1125 1138 1126
f 1126 1138 1136
f 1125 1137 1138
f 1130 1139 1128
f 1132 1140 1130
f 1130 1140 1139
f 1128 1141 1127
f 1128 1139 1141
f 1127 1142 1129
f 1127 1141 1142
f 1129 1143 1131
f 1129 1142 1143
f 1134 1144 1132
f 1132 1144 1140
f 1131 1145 1133
f 1131 1143 1145
f 1136 1146 1134
f 1134 1146 1144
f 1138 1147 1136
f 1136 1147 1146
f 1133 1148 1135
f 1135 1149 1137
f 1135 1148 1149
f 1133 1145 1148
f 1137 1150 1138
f 1138 1150 1147
f 1137 1149 1150
f 1139 1151 1141
f 1140 1152 1139
f 1139 1152 1151
f 1141 1153 1142
f 1141 1151 1153
f 1144 1154 1140
f 1140 1154 1152
f 1142 1155 1143
f 1142 1153 1155
f 1146 1156 1144
f 1144 1156 1154
f 1143 1157 1145
f 1143 1155 1157
f 1147 1158 1146
f 1146 1158 1156
f 1145 1159 1148
f 1145 1157 1159
f 1150 1160 1147
f 1147 1160 1158
f 1148 1161 1149
f 1148 1159 1161
f 1149 1162 1150
f 1150 1162 1160
f 1149 1161 1162
f 1152 1163 1151
f 1154 1164 1152
f 1152 1164 1163
f 1151 1165 1153
f 1151 1163 1165
f 1156 1166 1154
f 1154 1166 1164
f 1153 1167 1155
f 1153 1165 1167
f 1158 1168 1156
f 1156 1168 1166
f 1155 1169 1157
f 1155 1167 1169
f 1160 1170 1158
f 1158 1170 1168
f 1157 1171 1159
f 1157 1169 1171
f 1162 1172 1160
f 1160 1172 1170
f 1159 1173 1161
f 1159 1171 1173
f 1161 1174 1162
f 1162 1174 1172
f 1161 1173 1174
f 1164 1175 1163
f 1166 1176 1164
f 1164 1176 1175
f 1163 1177 1165
f 1163 1175 1177
f 1168 1178 1166
f 1166 1178 1176
f 1165 1179 1167
f 1165 1177 1179
f 1170 1180 1168
f 1168 1180 1178
f 1167 1181 1169
f 1167 1179 1181
f 1172 1182 1170
f 1170 1182 1180
f 1169 1183 1171
f 1169 1181 1183
f 1174 1184 1172
f 1172 1184 1182
f 1171 1185 1173
f 1171 1183 1185
f 1173 1186 1174
f 1174 1186 1184
f 1173 1185 1186
f 1178 1187 1176
f 1176 1188 1175
f 1176 1187 1188
f 1180 1189 1178
f 1178 1189 1187
f 1175 1190 1177
f 1175 1188 1190
f 1177 1191 1179
f 1177 1190 1191
f 1182 1192 1180
f 1180 1192 1189
f 1179 1193 1181
f 1179 1191 1193
f 1184 1194 1182
f 1182 1194 1192
f 1181 1195 1183
f 1181 1193 1195
f 1186 1196 1184
f 1184 1196 1194
f 1183 1197 1185
f 1183 1195 1197
f 1185 1198 1186
f 1186 1198 1196
f 1185 1197 1198
f 1189 1199 1187
f 1187 1200 1188
f 1187 1199 1200
f 1192 1201 1189
f 1189 1201 1199
f 1188 1202 1190
f 1188 1200 1202
f 1194 1203 1192
f 1192 1203 1201
f 1190 1204 1191
f 1190 1202 1204
f 1196 1205 1194
f 1194 1205 1203
f 1191 1206 1193
f 1191 1204 1206
f 1198 1207 1196
f 1196 1207 1205
f 1193 1208 1195
f 1193 1206 1208
f 1197 1209 1198
f 1198 1209 1207
f 1195 1210 1197
f 1195 1208 1210
f 1197 1210 1209
f 1201 1211 1199
f 1199 1212 1200
f 1199 1211 1212
f 1203 1213 1201
f 1201 1213 1211
f 1200 1214 1202
f 1200 1212 1214
f 1205 1215 1203
f 1203 1215 1213
f 1202 1216 1204
f 1202 1214 1216
f 1207 1217 1205
f 1205 1217 1215
f 1204 1218 1206
f 1204 1216 1218
f 1209 1219 1207
f 1207 1219 1217
f 1206 1220 1208
f 1206 1218 1220
f 1210 1221 1209
f 1209 1221 1219
f 1208 1222 1210
f 1208 1220 1222
f 1210 1222 1221
f 1213 1223 1211
f 1215 1224 1213
f 1213 1224 1223
f 1211 1225 1212
f 1211 1223 1225
f 1217 1226 1215
f 1215 1226 1224
f 1212 1227 1214
f 1212 1225 1227
f 1214 1228 1216
f 1214 1227 1228
f 1219 1229 1217
f 1217 1229 1226
f 1216 1230 1218
f 1216 1228 1230
f 1221 1231 1219
f 1219 1231 1229
f 1218 1232 1220
f 1218 1230 1232
f 1222 1233 1221
f 1221 1233 1231
f 1220 1234 1222
f 1222 1234 1233
f 1220 1232 1234
f 1224 1235 1223
f 1226 1236 1224
f 1224 1236 1235
f 1223 1237 1225
f 1223 1235 1237
f 1225 1238 1227
f 1225 1237 1238
f 1229 1239 1226
f 1226 1239 1236
f 1227 1240 1228
f 1227 1238 1240
f 1231 1241 1229
f 1229 1241 1239
f 1228 1242 1230
f 1228 1240 1242
f 1233 1243 1231
f 1231 1243 1241
f 1230 1244 1232
f 1230 1242 1244
f 1234 1245 1233
f 1233 1245 1243
f 1232 1246 1234
f 1234 1246 1245
f 1232 1244 1246
f 1236 1247 1235
f 1239 1248 1236
f 1236 1248 1247
f 1235 1249 1237
f 1235 1247 1249
f 1241 1250 1239
f 1243 1251 1241
f 1241 1251 1250
f 1239 1250 1248
f 1237 1252 1238
f 1237 1249 1252
f 1238 1253 1240
f 1238 1252 1253
f 1245 1254 1243
f 1243 1254 1251
f 1240 1255 1242
f 1240 1253 1255
f 1246 1256 1245
f 1245 1256 1254
f 1242 1257 1244
f 1242 1255 1257
f 1244 1258 1246
f 1246 1258 1256
f 1244 1257 1258
f 1248 1259 1247
f 1250 1260 1248
f 1248 1260 1259
f 1247 1261 1249
f 1247 1259 1261
f 1251 1262 1250
f 1250 1262 1260
f 1249 1263 1252
f 1249 1261 1263
f 1254 1264 1251
f 1251 1264 1262
f 1252 1265 1253
f 1252 1263 1265
f 1256 1266 1254
f 1254 1266 1264
f 1253 1267 1255
f 1253 1265 1267
f 1258 1268 1256
f 1256 1268 1266
f 1255 1269 1257
f 1255 1267 1269
f 1257 1270 1258
f 1258 1270 1268
f 1257 1269 1270
f 1260 1271 1259
f 1262 1272 1260
f 1260 1272 1271
f 1259 1273 1261
f 1259 1271 1273
f 1264 1274 1262
f 1262 1274 1272
f 1261 1275 1263
f 1261 1273 1275
f 1266 1276 1264
f 1264 1276 1274
f 1263 1277 1265
f 1263 1275 1277
f 1268 1278 1266
f 1266 1278 1276
f 1265 1279 1267
f 1265 1277 1279
f 1270 1280 1268
f 1268 1280 1278
f 1269 1281 1270
f 1270 1281 1280
f 1267 1282 1269
f 1269 1282 1281
f 1267 1279 1282
f 1274 1283 1272
f 1272 1284 1271
f 1272 1283 1284
f 1276 1285 1274
f 1274 1285 1283
f 1271 1286 1273
f 1271 1284 1286
f 1278 1287 1276
f 1276 1287 1285
f 1273 1288 1275
f 1273 1286 1288
f 1280 1289 1278
f 1278 1289 1287
f 1275 1290 1277
f 1275 1288 1290
f 1281 1291 1280
f 1280 1291 1289
f 1277 1292 1279
f 1277 1290 1292
f 1282 1293 1281
f 1281 1293 1291
f 1279 1294 1282
f 1279 1292 1294
f 1285 1295 1283
f 1287 1296 1285
f 1285 1296 1295
f 1283 1297 1284
f 1283 1295 1297
f 1282 1294 1293
f 1284 1298 1286
f 1284 1297 1298
f 1289 1299 1287
f 1287 1299 1296
f 1286 1300 1288
f 1286 1298 1300
f 1291 1301 1289
f 1289 1301 1299
f 1288 1302 1290
f 1288 1300 1302
f 1293 1303 1291
f 1291 1303 1301
f 1290 1304 1292
f 1290 1302 1304
f 1294 1305 1293
f 1293 1305 1303
f 1292 1306 1294
f 1292 1304 1306
f 1294 1306 1305
f 1296 1307 1295
f 1299 1308 1296
f 1296 1308 1307
f 1295 1309 1297
f 1295 1307 1309
f 1301 1310 1299
f 1299 1310 1308
f 1297 1311 1298
f 1297 1309 1311
f 1303 1312 1301
f 1301 1312 1310
f 1298 1313 1300
f 1298 1311 1313
f 1305 1314 1303
f 1303 1314 1312
f 1300 1315 1302
f 1300 1313 1315
f 1306 1316 1305
f 1305 1316 1314
f 1304 1317 1306
f 1306 1317 1316
f 1302 1318 1304
f 1304 1318 1317
f 1302 1315 1318
f 1310 1319 1308
f 1312 1320 1310
f 1310 1320 1319
f 1308 1321 1307
f 1308 1319 1321
f 1307 1322 1309
f 1307 1321 1322
f 1314 1323 1312
f 1312 1323 1320
f 1309 1324 1311
f 1309 1322 1324
f 1316 1325 1314
f 1314 1325 1323
f 1311 1326 1313
f 1311 1324 1326
f 1317 1327 1316
f 1316 1327 1325
f 1313 1328 1315
f 1313 1326 1328
f 1318 1329 1317
f 1317 1329 1327
f 1315 1330 1318
f 1318 1330 1329
f 1315 1328 1330
f 1320 1331 1319
f 1323 1332 1320
f 1320 1332 1331
f 1319 1333 1321
f 1319 1331 1333
f 1325 1334 1323
f 1323 1334 1332
f 1321 1335 1322
f 1321 1333 1335
f 1327 1336 1325
f 1325 1336 1334
f 1322 1337 1324
f 1322 1335 1337
f 1329 1338 1327
f 1327 1338 1336
f 1324 1339 1326
f 1324 1337 1339
f 1330 1340 1329
f 1329 1340 1338
f 1326 1341 1328
f 1326 1339 1341
f 1328 1342 1330
f 1330 1342 1340
f 1328 1341 1342
f 1334 1343 1332
f 1332 1344 1331
f 1332 1343 1344
f 1336 1345 1334
f 1334 1345 1343
f 1331 1346 1333
f 1331 1344 1346
f 1338 1347 1336
f 1336 1347 1345
f 1333 1348 1335
f 1333 1346 1348
f 1340 1349 1338
f 1338 1349 1347
f 1335 1350 1337
f 1335 1348 1350
f 1342 1351 1340
f 1340 1351 1349
f 1337 1352 1339
f 1337 1350 1352
f 1341 1353 1342
f 1342 1353 1351
f 1339 1354 1341
f 1339 1352 1354
f 1341 1354 1353
f 1345 1355 1343
f 1347 1356 1345
f 1345 1356 1355
f 1343 1357 1344
f 1343 1355 1357
f 1349 1358 1347
f 1347 1358 1356
f 1344 1359 1346
f 1344 1357 1359
f 1346 1360 1348
f 1346 1359 1360
f 1351 1361 1349
f 1349 1361 1358
f 1348 1362 1350
f 1348 1360 1362
f 1353 1363 1351
f 1351 1363 1361
f 1354 1364 1353
f 1353 1364 1363
f 1350 1365 1352
f 1350 1362 1365
f 1352 1366 1354
f 1354 1366 1364
f 1352 1365 1366
f 1361 1367 1358
f 1363 1368 1361
f 1361 1368 1367
f 1358 1369 1356
f 1358 1367 1369
f 1356 1370 1355
f 1356 1369 1370
f 1355 1371 1357
f 1355 1370 1371
f 1357 1372 1359
f 1357 1371 1372
f 1359 1373 1360
f 1359 1372 1373
f 1364 1374 1363
f 1363 1374 1368
f 1360 1375 1362
f 1360 1373 1375
f 1366 1376 1364
f 1364 1376 1374
f 1362 1377 1365
f 1362 1375 1377
f 1365 1378 1366
f 1366 1378 1376
f 1365 1377 1378
f 1367 1379 1369
f 1368 1380 1367
f 1367 1380 1379
f 1369 1381 1370
f 1369 1379 1381
f 1370 1382 1371
f 1370 1381 1382
f 1374 1383 1368
f 1368 1383 1380
f 1371 1384 1372
f 1371 1382 1384
f 1372 1385 1373
f 1372 1384 1385
f 1376 1386 1374
f 1374 1386 1383
f 1378 1387 1376
f 1376 1387 1386
f 1377 1388 1378
f 1378 1388 1387
f 1375 1389 1377
f 1377 1389 1388
f 1373 1390 1375
f 1375 1390 1389
f 1373 1385 1390
f 1380 1391 1379
f 1383 1392 1380
f 1380 1392 1391
f 1379 1393 1381
f 1379 1391 1393
f 1381 1394 1382
f 1381 1393 1394
f 1386 1395 1383
f 1383 1395 1392
f 1382 1396 1384
f 1382 1394 1396
f 1387 1397 1386
f 1386 1397 1395
f 1384 1398 1385
f 1384 1396 1398
f 1388 1399 1387
f 1387 1399 1397
f 1385 1400 1390
f 1385 1398 1400
f 1389 1401 1388
f 1388 1401 1399
f 1390 1402 1389
f 1389 1402 1401
f 1390 1400 1402
f 1392 1403 1391
f 1395 1404 1392
f 1392 1404 1403
f 1391 1405 1393
f 1391 1403 1405
f 1393 1406 1394
f 1393 1405 1406
f 1397 1407 1395
f 1395 1407 1404
f 1394 1408 1396
f 1394 1406 1408
f 1399 1409 1397
f 1397 1409 1407
f 1396 1410 1398
f 1396 1408 1410
f 1401 1411 1399
f 1399 1411 1409
f 1398 1412 1400
f 1398 1410 1412
f 1402 1413 1401
f 1401 1413 1411
f 1400 1414 1402
f 1402 1414 1413
f 1400 1412 1414
f 1409 1415 1407
f 1411 1416 1409
f 1409 1416 1415
f 1407 1415 1404
f 1404 1417 1403
f 1404 1415 1417
f 1403 1418 1405
f 1403 1417 1418
f 1405 1419 1406
f 1405 1418 1419
f 1406 1420 1408
f 1406 1419 1420
f 1413 1421 1411
f 1411 1421 1416
f 1408 1422 1410
f 1408 1420 1422
f 1414 1423 1413
f 1413 1423 1421
f 1412 1424 1414
f 1414 1424 1423
f 1410 1424 1412
f 1410 1422 1424
f 1425 1426 1427
f 1426 1428 1427
f 1427 1429 1425
f 1427 1428 1429
f 1430 1426 1425
f 1430 1431 1426
f 1431 1432 1426
f 1426 1432 1428
f 1425 1433 1430
f 1425 1429 1433
f 1434 1431 1430
f 1434 1435 1431
f 1435 1436 1431
f 1431 1436 1432
f 1430 1437 1434
f 1430 1433 1437
f 1438 1435 1434
f 1438 1439 1435
f 1439 1440 1435
f 1435 1440 1436
f 1434 1441 1438
f 1434 1437 1441
f 1442 1439 1438
f 1442 1443 1439
f 1443 1444 1439
f 1439 1444 1440
f 1438 1445 1442
f 1438 1441 1445
f 1446 1443 1442
f 1446 1447 1443
f 1443 1447 1444
f 1442 1448 1446
f 1442 1445 1448
f 1446 1448 1447
f 1428 1449 1429
f 1432 1450 1428
f 1428 1450 1449
f 1429 1451 1433
f 1429 1449 1451
f 1436 1452 1432
f 1432 1452 1450
f 1433 1453 1437
f 1433 1451 1453
f 1440 1454 1436
f 1436 1454 1452
f 1437 1455 1441
f 1437 1453 1455
f 1444 1456 1440
f 1440 1456 1454
f 1441 1457 1445
f 1441 1455 1457
f 1447 1458 1444
f 1444 1458 1456
f 1445 1459 1448
f 1445 1457 1459
f 1448 1460 1447
f 1447 1460 1458
f 1448 1459 1460
f 1450 1461 1449
f 1452 1462 1450
f 1450 1462 1461
f 1449 1463 1451
f 1449 1461 1463
f 1454 1464 1452
f 1452 1464 1462
f 1451 1465 1453
f 1451 1463 1465
f 1456 1466 1454
f 1454 1466 1464
f 1453 1467 1455
f 1453 1465 1467
f 1458 1468 1456
f 1456 1468 1466
f 1455 1469 1457
f 1455 1467 1469
f 1460 1470 1458
f 1458 1470 1468
f 1457 1471 1459
f 1457 1469 1471
f 1459 1472 1460
f 1460 1472 1470
f 1459 1471 1472
f 1469 1473 1471
f 1467 1474 1469
f 1469 1474 1473
f 1471 1475 1472
f 1471 1473 1475
f 1472 1476 1470
f 1472 1475 1476
f 1465 1477 1467
f 1467 1477 1474
f 1470 1478 1468
f 1470 1476 1478
f 1468 1479 1466
f 1468 1478 1479
f 1463 1480 1465
f 1465 1480 1477
f 1466 1481 1464
f 1466 1479 1481
f 1462 1482 1461
f 1461 1483 1463
f 1461 1482 1483
f 1464 1484 1462
f 1462 1484 1482
f 1463 1483 1480
f 1464 1481 1484
f 1473 1485 1475
f 1474 1486 1473
f 1473 1486 1485
f 1475 1487 1476
f 1475 1485 1487
f 1477 1488 1474
f 1474 1488 1486
f 1476 1489 1478
f 1476 1487 1489
f 1480 1490 1477
f 1477 1490 1488
f 1478 1491 1479
f 1478 1489 1491
f 1483 1492 1480
f 1480 1492 1490
f 1479 1493 1481
f 1479 1491 1493
f 1482 1494 1483
f 1483 1494 1492
f 1481 1495 1484
f 1481 1493 1495
f 1484 1496 1482
f 1482 1496 1494
f 1484 1495 1496
f 1486 1497 1485
f 1488 1498 1486
f 1486 1498 1497
f 1485 1499 1487
f 1485 1497 1499
f 1490 1500 1488
f 1488 1500 1498
f 1487 1501 1489
f 1487 1499 1501
f 1492 1502 1490
f 1490 1502 1500
f 1489 1503 1491
f 1489 1501 1503
f 1494 1504 1492
f 1492 1504 1502
f 1491 1505 1493
f 1491 1503 1505
f 1496 1506 1494
f 1495 1507 1496
f 1496 1507 1506
f 1494 1506 1504
f 1493 1508 1495
f 1495 1508 1507
f 1493 1505 1508
f 1498 1509 1497
f 1500 1510 1498
f 1498 1510 1509
f 1497 1511 1499
f 1497 1509 1511
f 1502 1512 1500
f 1500 1512 1510
f 1499 1513 1501
f 1499 1511 1513
f 1504 1514 1502
f 1502 1514 1512
f 1501 1515 1503
f 1501 1513 1515
f 1506 1516 1504
f 1504 1516 1514
f 1503 1517 1505
f 1503 1515 1517
f 1507 1518 1506
f 1506 1518 1516
f 1505 1519 1508
f 1505 1517 1519
f 1508 1520 1507
f 1507 1520 1518
f 1508 1519 1520
f 1510 1521 1509
f 1512 1522 1510
f 1510 1522 1521
f 1509 1523 1511
f 1509 1521 1523
f 1514 1524 1512
f 1512 1524 1522
f 1511 1525 1513
f 1511 1523 1525
f 1516 1526 1514
f 1514 1526 1524
f 1513 1527 1515
f 1513 1525 1527
f 1518 1528 1516
f 1516 1528 1526
f 1515 1529 1517
f 1515 1527 1529
f 1520 1530 1518
f 1518 1530 1528
f 1519 1531 1520
f 1520 1531 1530
f 1517 1532 1519
f 1519 1532 1531
f 1517 1529 1532
f 1522 1533 1521
f 1524 1534 1522
f 1522 1534 1533
f 1521 1535 1523
f 1521 1533 1535
f 1526 1536 1524
f 1524 1536 1534
f 1523 1537 1525
f 1523 1535 1537
f 1528 1538 1526
f 1526 1538 1536
f 1525 1539 1527
f 1525 1537 1539
f 1530 1540 1528
f 1528 1540 1538
f 1527 1541 1529
f 1527 1539 1541
f 1531 1542 1530
f 1530 1542 1540
f 1529 1543 1532
f 1529 1541 1543
f 1532 1544 1531
f 1531 1544 1542
f 1532 1543 1544
f 1534 1545 1533
f 1536 1546 1534
f 1534 1546 1545
f 1533 1547 1535
f 1533 1545 1547
f 1538 1548 1536
f 1536 1548 1546
f 1535 1549 1537
f 1535 1547 1549
f 1540 1550 1538
f 1538 1550 1548
f 1537 1551 1539
f 1537 1549 1551
f 1542 1552 1540
f 1540 1552 1550
f 1539 1553 1541
f 1539 1551 1553
f 1544 1554 1542
f 1542 1554 1552
f 1541 1555 1543
f 1541 1553 1555
f 1543 1556 1544
f 1544 1556 1554
f 1543 1555 1556
f 1546 1557 1545
f 1548 1558 1546
f 1546 1558 1557
f 1545 1559 1547
f 1545 1557 1559
f 1550 1560 1548
f 1548 1560 1558
f 1547 1561 1549
f 1547 1559 1561
f 1552 1562 1550
f 1550 1562 1560
f 1549 1563 1551
f 1549 1561 1563
f 1554 1564 1552
f 1552 1564 1562
f 1551 1565 1553
f 1551 1563 1565
f 1556 1566 1554
f 1554 1566 1564
f 1553 1567 1555
f 1553 1565 1567
f 1555 1568 1556
f 1556 1568 1566
f 1555 1567 1568
f 1558 1569 1557
f 1560 1570 1558
f 1558 1570 1569
f 1557 1571 1559
f 1557 1569 1571
f 1562 1572 1560
f 1560 1572 1570
f 1559 1573 1561
f 1559 1571 1573
f 1564 1574 1562
f 1562 1574 1572
f 1561 1575 1563
f 1561 1573 1575
f 1566 1576 1564
f 1564 1576 1574
f 1563 1577 1565
f 1563 1575 1577
f 1568 1578 1566
f 1566 1578 1576
f 1565 1579 1567
f 1565 1577 1579
f 1567 1580 1568
f 1568 1580 1578
f 1567 1579 1580
f 1572 1581 1570
f 1574 1582 1572
f 1572 1582 1581
f 1570 1583 1569
f 1570 1581 1583
f 1569 1584 1571
f 1569 1583 1584
f 1571 1585 1573
f 1571 1584 1585
f 1576 1586 1574
f 1574 1586 1582
f 1573 1587 1575
f 1573 1585 1587
f 1578 1588 1576
f 1576 1588 1586
f 1580 1589 1578
f 1578 1589 1588
f 1575 1590 1577
f 1575 1587 1590
f 1577 1591 1579
f 1577 1590 1591
f 1579 1592 1580
f 1580 1592 1589
f 1579 1591 1592
f 1581 1593 1583
f 1582 1594 1581
f 1581 1594 1593
f 1583 1595 1584
f 1583 1593 1595
f 1586 1596 1582
f 1582 1596 1594
f 1584 1597 1585
f 1584 1595 1597
f 1588 1598 1586
f 1586 1598 1596
f 1585 1599 1587
f 1585 1597 1599
f 1589 1600 1588
f 1588 1600 1598
f 1587 1601 1590
f 1587 1599 1601
f 1592 1602 1589
f 1589 1602 1600
f 1590 1603 1591
f 1590 1601 1603
f 1591 1604 1592
f 1592 1604 1602
f 1591 1603 1604
f 1594 1605 1593
f 1596 1606 1594
f 1594 1606 1605
f 1593 1607 1595
f 1593 1605 1607
f 1598 1608 1596
f 1596 1608 1606
f 1595 1609 1597
f 1595 1607 1609
f 1600 1610 1598
f 1598 1610 1608
f 1597 1611 1599
f 1597 1609 1611
f 1602 1612 1600
f 1600 1612 1610
f 1599 1613 1601
f 1599 1611 1613
f 1604 1614 1602
f 1602 1614 1612
f 1601 1615 1603
f 1601 1613 1615
f 1603 1616 1604
f 1604 1616 1614
f 1603 1615 1616
f 1608 1617 1606
f 1610 1618 1608
f 1608 1618 1617
f 1606 1619 1605
f 1606 1617 1619
f 1605 1620 1607
f 1605 1619 1620
f 1607 1621 1609
f 1607 1620 1621
f 1612 1622 1610
f 1610 1622 1618
f 1609 1623 1611
f 1609 1621 1623
f 1614 1624 1612
f 1612 1624 1622
f 1611 1625 1613
f 1611 1623 1625
f 1616 1626 1614
f 1614 1626 1624
f 1613 1627 1615
f 1613 1625 1627
f 1615 1628 1616
f 1616 1628 1626
f 1615 1627 1628
f 1618 1629 1617
f 1622 1630 1618
f 1618 1630 1629
f 1617 1631 1619
f 1617 1629 1631
f 1619 1632 1620
f 1619 1631 1632
f 1624 1633 1622
f 1622 1633 1630
f 1620 1634 1621
f 1620 1632 1634
f 1621 1635 1623
f 1621 1634 1635
f 1626 1636 1624
f 1624 1636 1633
f 1623 1637 1625
f 1623 1635 1637
f 1628 1638 1626
f 1626 1638 1636
f 1627 1639 1628
f 1628 1639 1638
f 1625 1640 1627
f 1627 1640 1639
f 1625 1637 1640
f 1633 1641 1630
f 1636 1642 1633
f 1633 1642 1641
f 1630 1643 1629
f 1630 1641 1643
f 1629 1644 1631
f 1629 1643 1644
f 1631 1645 1632
f 1631 1644 1645
f 1632 1646 1634
f 1632 1645 1646
f 1634 1647 1635
f 1634 1646 1647
f 1638 1648 1636
f 1636 1648 1642
f 1635 1649 1637
f 1635 1647 1649
f 1639 1650 1638
f 1638 1650 1648
f 1640 1651 1639
f 1639 1651 1650
f 1637 1652 1640
f 1637 1649 1652
f 1640 1652 1651
f 1641 1653 1643
f 1643 1654 1644
f 1643 1653 1654
f 1642 1655 1641
f 1641 1655 1653
f 1644 1656 1645
f 1644 1654 1656
f 1648 1657 1642
f 1642 1657 1655
f 1645 1658 1646
f 1645 1656 1658
f 1646 1659 1647
f 1646 1658 1659
f 1650 1660 1648
f 1648 1660 1657
f 1647 1661 1649
f 1647 1659 1661
f 1651 1662 1650
f 1650 1662 1660
f 1652 1663 1651
f 1651 1663 1662
f 1649 1664 1652
f 1649 1661 1664
f 1652 1664 1663
f 1655 1665 1653
f 1653 1666 1654
f 1653 1665 1666
f 1657 1667 1655
f 1655 1667 1665
f 1654 1668 1656
f 1654 1666 1668
f 1656 1669 1658
f 1656 1668 1669
f 1660 1670 1657
f 1657 1670 1667
f 1658 1671 1659
f 1658 1669 1671
f 1662 1672 1660
f 1660 1672 1670
f 1659 1673 1661
f 1659 1671 1673
f 1663 1674 1662
f 1662 1674 1672
f 1664 1675 1663
f 1663 1675 1674
f 1661 1676 1664
f 1664 1676 1675
f 1661 1673 1676
f 1667 1677 1665
f 1670 1678 1667
f 1667 1678 1677
f 1665 1679 1666
f 1665 1677 1679
f 1666 1680 1668
f 1666 1679 1680
f 1672 1681 1670
f 1670 1681 1678
f 1668 1682 1669
f 1668 1680 1682
f 1669 1683 1671
f 1669 1682 1683
f 1674 1684 1672
f 1672 1684 1681
f 1675 1685 1674
f 1674 1685 1684
f 1671 1686 1673
f 1671 1683 1686
f 1676 1687 1675
f 1675 1687 1685
f 1673 1688 1676
f 1676 1688 1687
f 1673 1686 1688
f 1678 1689 1677
f 1681 1690 1678
f 1678 1690 1689
f 1677 1691 1679
f 1677 1689 1691
f 1679 1692 1680
f 1679 1691 1692
f 1684 1693 1681
f 1681 1693 1690
f 1680 1694 1682
f 1680 1692 1694
f 1685 1695 1684
f 1684 1695 1693
f 1682 1696 1683
f 1682 1694 1696
f 1687 1697 1685
f 1685 1697 1695
f 1688 1698 1687
f 1687 1698 1697
f 1686 1699 1688
f 1688 1699 1698
f 1683 1700 1686
f 1686 1700 1699
f 1683 1696 1700
f 1693 1701 1690
f 1695 1702 1693
f 1693 1702 1701
f 1690 1703 1689
f 1690 1701 1703
f 1689 1704 1691
f 1689 1703 1704
f 1691 1705 1692
f 1691 1704 1705
f 1692 1706 1694
f 1692 1705 1706
f 1697 1707 1695
f 1698 1708 1697
f 1697 1708 1707
f 1695 1707 1702
f 1699 1709 1698
f 1698 1709 1708
f 1700 1710 1699
f 1699 1710 1709
f 1696 1711 1700
f 1700 1711 1710
f 1694 1712 1696
f 1696 1712 1711
f 1694 1706 1712
f 1713 1714 1715
f 1714 1716 1715
f 1715 1717 1713
f 1715 1716 1717
f 1718 1714 1713
f 1718 1719 1714
f 1719 1720 1714
f 1714 1720 1716
f 1713 1721 1718
f 1713 1717 1721
f 1722 1719 1718
f 1719 1723 1720
f 1724 1723 1719
f 1722 1724 1719
f 1718 1725 1722
f 1718 1721 1725
f 1720 1726 1716
f 1716 1727 1717
f 1716 1726 1727
f 1723 1728 1720
f 1720 1728 1726
f 1717 1729 1721
f 1717 1727 1729
f 1724 1730 1723
f 1731 1724 1722
f 1732 1730 1724
f 1731 1732 1724
f 1730 1733 1723
f 1723 1733 1728
f 1722 1734 1731
f 1722 1725 1734
f 1721 1735 1725
f 1721 1729 1735
f 1732 1736 1730
f 1737 1732 1731
f 1737 1738 1732
f 1738 1736 1732
f 1736 1739 1730
f 1730 1739 1733
f 1731 1740 1737
f 1731 1734 1740
f 1725 1741 1734
f 1725 1735 1741
f 1742 1738 1737
f 1742 1743 1738
f 1738 1743 1736
f 1737 1744 1742
f 1737 1740 1744
f 1742 1744 1743
f 1743 1745 1736
f 1736 1745 1739
f 1734 1746 1740
f 1734 1741 1746
f 1728 1747 1726
f 1733 1748 1728
f 1728 1748 1747
f 1726 1749 1727
f 1726 1747 1749
f 1744 1750 1743
f 1743 1750 1745
f 1740 1751 1744
f 1740 1746 1751
f 1727 1752 1729
f 1727 1749 1752
f 1744 1751 1750
f 1739 1753 1733
f 1733 1753 1748
f 1729 1754 1735
f 1729 1752 1754
f 1745 1755 1739
f 1739 1755 1753
f 1735 1756 1741
f 1735 1754 1756
f 1750 1757 1745
f 1745 1757 1755
f 1741 1758 1746
f 1741 1756 1758
f 1751 1759 1750
f 1750 1759 1757
f 1746 1760 1751
f 1746 1758 1760
f 1751 1760 1759
f 1748 1761 1747
f 1747 1762 1749
f 1747 1761 1762
f 1753 1763 1748
f 1748 1763 1761
f 1749 1764 1752
f 1749 1762 1764
f 1755 1765 1753
f 1753 1765 1763
f 1752 1766 1754
f 1752 1764 1766
f 1757 1767 1755
f 1755 1767 1765
f 1754 1768 1756
f 1754 1766 1768
f 1759 1769 1757
f 1757 1769 1767
f 1756 1770 1758
f 1756 1768 1770
f 1760 1771 1759
f 1759 1771 1769
f 1758 1772 1760
f 1758 1770 1772
f 1760 1772 1771
f 1763 1773 1761
f 1761 1774 1762
f 1761 1773 1774
f 1765 1775 1763
f 1763 1775 1773
f 1762 1776 1764
f 1762 1774 1776
f 1767 1777 1765
f 1765 1777 1775
f 1764 1778 1766
f 1764 1776 1778
f 1769 1779 1767
f 1767 1779 1777
f 1766 1780 1768
f 1766 1778 1780
f 1771 1781 1769
f 1769 1781 1779
f 1768 1782 1770
f 1768 1780 1782
f 1772 1783 1771
f 1771 1783 1781
f 1770 1784 1772
f 1770 1782 1784
f 1772 1784 1783
f 1775 1785 1773
f 1773 1786 1774
f 1773 1785 1786
f 1777 1787 1775
f 1775 1787 1785
f 1774 1788 1776
f 1774 1786 1788
f 1779 1789 1777
f 1777 1789 1787
f 1776 1790 1778
f 1776 1788 1790
f 1781 1791 1779
f 1779 1791 1789
f 1778 1792 1780
f 1778 1790 1792
f 1783 1793 1781
f 1781 1793 1791
f 1780 1794 1782
f 1780 1792 1794
f 1784 1795 1783
f 1783 1795 1793
f 1782 1796 1784
f 1782 1794 1796
f 1784 1796 1795
f 1787 1797 1785
f 1785 1798 1786
f 1785 1797 1798
f 1789 1799 1787
f 1787 1799 1797
f 1786 1800 1788
f 1786 1798 1800
f 1791 1801 1789
f 1789 1801 1799
f 1788 1802 1790
f 1788 1800 1802
f 1793 1803 1791
f 1791 1803 1801
f 1790 1804 1792
f 1790 1802 1804
f 1795 1805 1793
f 1793 1805 1803
f 1792 1806 1794
f 1792 1804 1806
f 1796 1807 1795
f 1795 1807 1805
f 1794 1808 1796
f 1794 1806 1808
f 1796 1808 1807
f 1799 1809 1797
f 1797 1810 1798
f 1797 1809 1810
f 1801 1811 1799
f 1799 1811 1809
f 1798 1812 1800
f 1798 1810 1812
f 1803 1813 1801
f 1801 1813 1811
f 1800 1814 1802
f 1800 1812 1814
f 1805 1815 1803
f 1803 1815 1813
f 1802 1816 1804
f 1802 1814 1816
f 1807 1817 1805
f 1805 1817 1815
f 1804 1818 1806
f 1804 1816 1818
f 1808 1819 1807
f 1807 1819 1817
f 1806 1820 1808
f 1806 1818 1820
f 1808 1820 1819
f 1811 1821 1809
f 1809 1822 1810
f 1809 1821 1822
f 1813 1823 1811
f 1811 1823 1821
f 1810 1824 1812
f 1810 1822 1824
f 1815 1825 1813
f 1813 1825 1823
f 1812 1826 1814
f 1812 1824 1826
f 1817 1827 1815
f 1815 1827 1825
f 1814 1828 1816
f 1814 1826 1828
f 1819 1829 1817
f 1817 1829 1827
f 1816 1830 1818
f 1816 1828 1830
f 1820 1831 1819
f 1819 1831 1829
f 1818 1832 1820
f 1818 1830 1832
f 1820 1832 1831
f 1823 1833 1821
f 1821 1834 1822
f 1821 1833 1834
f 1825 1835 1823
f 1823 1835 1833
f 1822 1836 1824
f 1822 1834 1836
f 1827 1837 1825
f 1825 1837 1835
f 1824 1838 1826
f 1824 1836 1838
f 1829 1839 1827
f 1827 1839 1837
f 1826 1840 1828
f 1826 1838 1840
f 1828 1841 1830
f 1828 1840 1841
f 1831 1842 1829
f 1829 1842 1839
f 1832 1843 1831
f 1831 1843 1842
f 1830 1844 1832
f 1830 1841 1844
f 1832 1844 1843
f 1833 1845 1834
f 1835 1846 1833
f 1833 1846 1845
f 1834 1847 1836
f 1834 1845 1847
f 1837 1848 1835
f 1835 1848 1846
f 1836 1849 1838
f 1836 1847 1849
f 1839 1850 1837
f 1837 1850 1848
f 1838 1851 1840
f 1838 1849 1851
f 1842 1852 1839
f 1839 1852 1850
f 1840 1853 1841
f 1840 1851 1853
f 1843 1854 1842
f 1842 1854 1852
f 1844 1855 1843
f 1843 1855 1854
f 1841 1856 1844
f 1841 1853 1856
f 1844 1856 1855
f 1846 1857 1845
f 1848 1858 1846
f 1846 1858 1857
f 1845 1859 1847
f 1845 1857 1859
f 1850 1860 1848
f 1848 1860 1858
f 1847 1861 1849
f 1847 1859 1861
f 1852 1862 1850
f 1850 1862 1860
f 1849 1863 1851
f 1849 1861 1863
f 1854 1864 1852
f 1852 1864 1862
f 1855 1865 1854
f 1854 1865 1864
f 1851 1866 1853
f 1851 1863 1866
f 1856 1867 1855
f 1855 1867 1865
f 1853 1868 1856
f 1853 1866 1868
f 1856 1868 1867
f 1858 1869 1857
f 1860 1870 1858
f 1858 1870 1869
f 1857 1871 1859
f 1857 1869 1871
f 1862 1872 1860
f 1860 1872 1870
f 1859 1873 1861
f 1859 1871 1873
f 1864 1874 1862
f 1862 1874 1872
f 1861 1875 1863
f 1861 1873 1875
f 1865 1876 1864
f 1864 1876 1874
f 1863 1877 1866
f 1863 1875 1877
f 1867 1878 1865
f 1865 1878 1876
f 1866 1879 1868
f 1866 1877 1879
f 1868 1880 1867
f 1867 1880 1878
f 1868 1879 1880
f 1870 1881 1869
f 1872 1882 1870
f 1870 1882 1881
f 1869 1883 1871
f 1869 1881 1883
f 1871 1884 1873
f 1871 1883 1884
f 1874 1885 1872
f 1872 1885 1882
f 1876 1886 1874
f 1874 1886 1885
f 1873 1887 1875
f 1873 1884 1887
f 1875 1888 1877
f 1875 1887 1888
f 1878 1889 1876
f 1876 1889 1886
f 1877 1890 1879
f 1877 1888 1890
f 1880 1891 1878
f 1878 1891 1889
f 1879 1892 1880
f 1879 1890 1892
f 1880 1892 1891
f 1882 1893 1881
f 1885 1894 1882
f 1882 1894 1893
f 1881 1895 1883
f 1881 1893 1895
f 1883 1896 1884
f 1883 1895 1896
f 1886 1897 1885
f 1885 1897 1894
f 1884 1898 1887
f 1884 1896 1898
f 1889 1899 1886
f 1886 1899 1897
f 1887 1900 1888
f 1887 1898 1900
f 1891 1901 1889
f 1889 1901 1899
f 1892 1902 1891
f 1891 1902 1901
f 1890 1903 1892
f 1892 1903 1902
f 1888 1904 1890
f 1888 1900 1904
f 1890 1904 1903
f 1893 1905 1895
f 1894 1906 1893
f 1893 1906 1905
f 1895 1907 1896
f 1895 1905 1907
f 1897 1908 1894
f 1894 1908 1906
f 1896 1909 1898
f 1896 1907 1909
f 1899 1910 1897
f 1897 1910 1908
f 1898 1911 1900
f 1898 1909 1911
f 1901 1912 1899
f 1899 1912 1910
f 1900 1913 1904
f 1900 1911 1913
f 1902 1914 1901
f 1901 1914 1912
f 1904 1915 1903
f 1904 1913 1915
f 1903 1916 1902
f 1902 1916 1914
f 1903 1915 1916
f 1906 1917 1905
f 1905 1918 1907
f 1905 1917 1918
f 1908 1919 1906
f 1906 1919 1917
f 1907 1920 1909
f 1907 1918 1920
f 1910 1921 1908
f 1908 1921 1919
f 1909 1922 1911
f 1909 1920 1922
f 1912 1923 1910
f 1910 1923 1921
f 1911 1924 1913
f 1911 1922 1924
f 1914 1925 1912
f 1912 1925 1923
f 1913 1926 1915
f 1913 1924 1926
f 1916 1927 1914
f 1914 1927 1925
f 1915 1928 1916
f 1915 1926 1928
f 1916 1928 1927
f 1919 1929 1917
f 1921 1930 1919
f 1919 1930 1929
f 1917 1931 1918
f 1917 1929 1931
f 1918 1932 1920
f 1918 1931 1932
f 1920 1933 1922
f 1920 1932 1933
f 1922 1934 1924
f 1922 1933 1934
f 1923 1935 1921
f 1921 1935 1930
f 1925 1936 1923
f 1923 1936 1935
f 1924 1937 1926
f 1924 1934 1937
f 1927 1938 1925
f 1925 1938 1936
f 1926 1939 1928
f 1926 1937 1939
f 1928 1940 1927
f 1927 1940 1938
f 1928 1939 1940
f 1929 1941 1931
f 1930 1942 1929
f 1929 1942 1941
f 1931 1943 1932
f 1931 1941 1943
f 1932 1944 1933
f 1932 1943 1944
f 1933 1945 1934
f 1933 1944 1945
f 1935 1946 1930
f 1930 1946 1942
f 1934 1947 1937
f 1934 1945 1947
f 1936 1948 1935
f 1935 1948 1946
f 1937 1949 1939
f 1937 1947 1949
f 1938 1950 1936
f 1936 1950 1948
f 1939 1951 1940
f 1939 1949 1951
f 1940 1952 1938
f 1938 1952 1950
f 1940 1951 1952
f 1941 1953 1943
f 1942 1954 1941
f 1941 1954 1953
f 1943 1955 1944
f 1943 1953 1955
f 1944 1956 1945
f 1944 1955 1956
f 1946 1957 1942
f 1942 1957 1954
f 1945 1958 1947
f 1945 1956 1958
f 1948 1959 1946
f 1950 1960 1948
f 1948 1960 1959
f 1946 1959 1957
f 1947 1961 1949
f 1947 1958 1961
f 1952 1962 1950
f 1950 1962 1960
f 1951 1963 1952
f 1952 1963 1962
f 1949 1964 1951
f 1951 1964 1963
f 1949 1961 1964
f 1954 1965 1953
f 1957 1966 1954
f 1954 1966 1965
f 1953 1967 1955
f 1953 1965 1967
f 1955 1968 1956
f 1955 1967 1968
f 1956 1969 1958
f 1956 1968 1969
f 1959 1970 1957
f 1957 1970 1966
f 1958 1971 1961
f 1958 1969 1971
f 1960 1972 1959
f 1959 1972 1970
f 1961 1973 1964
f 1961 1971 1973
f 1962 1974 1960
f 1960 1974 1972
f 1963 1975 1962
f 1962 1975 1974
f 1964 1976 1963
f 1963 1976 1975
f 1964 1973 1976
f 1974 1977 1972
f 1975 1978 1974
f 1974 1978 1977
f 1972 1979 1970
f 1972 1977 1979
f 1970 1980 1966
f 1970 1979 1980
f 1976 1981 1975
f 1975 1981 1978
f 1966 1982 1965
f 1966 1980 1982
f 1973 1983 1976
f 1976 1983 1981
f 1965 1984 1967
f 1965 1982 1984
f 1971 1985 1973
f 1973 1985 1983
f 1967 1986 1968
f 1967 1984 1986
f 1969 1987 1971
f 1971 1987 1985
f 1968 1988 1969
f 1969 1988 1987
f 1968 1986 1988
f 1982 1989 1984
f 1980 1990 1982
f 1982 1990 1989
f 1984 1989 1986
f 1986 1991 1988
f 1986 1989 1991
f 1979 1992 1980
f 1980 1992 1990
f 1988 1993 1987
f 1988 1991 1993
f 1977 1994 1979
f 1978 1995 1977
f 1977 1995 1994
f 1979 1994 1992
f 1987 1996 1985
f 1985 1997 1983
f 1985 1996 1997
f 1987 1993 1996
f 1981 1998 1978
f 1978 1998 1995
f 1983 1999 1981
f 1981 1999 1998
f 1983 1997 1999
f 2000 2001 2002
f 2003 2000 2002
f 2002 2004 2005
f 2006 2002 2005
f 2002 2001 2004
f 2003 2002 2006
f 2007 2008 2000
f 2009 2007 2000
f 2000 2008 2001
f 2009 2000 2003
f 2010 2005 2011
f 2005 2012 2011
f 2005 2004 2012
f 2006 2005 2010
f 2013 2014 2007
f 2014 2015 2007
f 2007 2015 2008
f 2013 2007 2009
f 2010 2011 2016
f 2011 2017 2016
f 2011 2012 2017
f 2013 2018 2014
f 2014 2018 2015
f 2016 2019 2010
f 2016 2017 2019
f 2008 2020 2001
f 2001 2021 2004
f 2001 2020 2021
f 2015 2022 2008
f 2008 2022 2020
f 2004 2023 2012
f 2004 2021 2023
f 2009 2024 2013
f 2013 2024 2018
f 2010 2025 2006
f 2010 2019 2025
f 2018 2026 2015
f 2015 2026 2022
f 2012 2027 2017
f 2012 2023 2027
f 2003 2028 2009
f 2009 2028 2024
f 2006 2029 2003
f 2006 2025 2029
f 2003 2029 2028
f 2024 2030 2018
f 2018 2030 2026
f 2017 2031 2019
f 2017 2027 2031
f 2028 2032 2024
f 2024 2032 2030
f 2022 2033 2020
f 2020 2034 2021
f 2020 2033 2034
f 2026 2035 2022
f 2022 2035 2033
f 2019 2036 2025
f 2019 2031 2036
f 2021 2037 2023
f 2021 2034 2037
f 2029 2038 2028
f 2028 2038 2032
f 2030 2039 2026
f 2026 2039 2035
f 2025 2040 2029
f 2025 2036 2040
f 2029 2040 2038
f 2023 2041 2027
f 2023 2037 2041
f 2032 2042 2030
f 2030 2042 2039
f 2027 2043 2031
f 2027 2041 2043
f 2038 2044 2032
f 2032 2044 2042
f 2031 2045 2036
f 2031 2043 2045
f 2035 2046 2033
f 2033 2047 2034
f 2033 2046 2047
f 2039 2048 2035
f 2035 2048 2046
f 2040 2049 2038
f 2038 2049 2044
f 2034 2050 2037
f 2034 2047 2050
f 2036 2051 2040
f 2036 2045 2051
f 2040 2051 2049
f 2042 2052 2039
f 2039 2052 2048
f 2037 2053 2041
f 2037 2050 2053
f 2044 2054 2042
f 2042 2054 2052
f 2041 2055 2043
f 2041 2053 2055
f 2049 2056 2044
f 2044 2056 2054
f 2043 2057 2045
f 2043 2055 2057
f 2048 2058 2046
f 2046 2059 2047
f 2046 2058 2059
f 2051 2060 2049
f 2049 2060 2056
f 2052 2061 2048
f 2048 2061 2058
f 2045 2062 2051
f 2045 2057 2062
f 2047 2063 2050
f 2047 2059 2063
f 2051 2062 2060
f 2054 2064 2052
f 2052 2064 2061
f 2050 2065 2053
f 2050 2063 2065
f 2056 2066 2054
f 2054 2066 2064
f 2053 2067 2055
f 2053 2065 2067
f 2060 2068 2056
f 2056 2068 2066
f 2055 2069 2057
f 2055 2067 2069
f 2061 2070 2058
f 2058 2071 2059
f 2058 2070 2071
f 2062 2072 2060
f 2060 2072 2068
f 2064 2073 2061
f 2061 2073 2070
f 2057 2074 2062
f 2057 2069 2074
f 2059 2075 2063
f 2059 2071 2075
f 2062 2074 2072
f 2066 2076 2064
f 2064 2076 2073
f 2063 2077 2065
f 2063 2075 2077
f 2068 2078 2066
f 2066 2078 2076
f 2065 2079 2067
f 2065 2077 2079
f 2072 2080 2068
f 2068 2080 2078
f 2067 2081 2069
f 2067 2079 2081
f 2073 2082 2070
f 2070 2083 2071
f 2070 2082 2083
f 2074 2084 2072
f 2072 2084 2080
f 2076 2085 2073
f 2073 2085 2082
f 2069 2086 2074
f 2069 2081 2086
f 2071 2087 2075
f 2071 2083 2087
f 2074 2086 2084
f 2078 2088 2076
f 2076 2088 2085
f 2075 2089 2077
f 2075 2087 2089
f 2080 2090 2078
f 2078 2090 2088
f 2077 2091 2079
f 2077 2089 2091
f 2084 2092 2080
f 2080 2092 2090
f 2079 2093 2081
f 2079 2091 2093
f 2085 2094 2082
f 2082 2095 2083
f 2082 2094 2095
f 2088 2096 2085
f 2085 2096 2094
f 2086 2097 2084
f 2084 2097 2092
f 2083 2098 2087
f 2083 2095 2098
f 2081 2099 2086
f 2081 2093 2099
f 2086 2099 2097
f 2090 2100 2088
f 2088 2100 2096
f 2087 2101 2089
f 2087 2098 2101
f 2092 2102 2090
f 2090 2102 2100
f 2089 2103 2091
f 2089 2101 2103
f 2097 2104 2092
f 2092 2104 2102
f 2096 2105 2094
f 2094 2106 2095
f 2094 2105 2106
f 2091 2107 2093
f 2091 2103 2107
f 2100 2108 2096
f 2096 2108 2105
f 2095 2109 2098
f 2095 2106 2109
f 2099 2110 2097
f 2097 2110 2104
f 2093 2111 2099
f 2093 2107 2111
f 2102 2112 2100
f 2100 2112 2108
f 2099 2111 2110
f 2098 2113 2101
f 2098 2109 2113
f 2104 2114 2102
f 2102 2114 2112
f 2101 2115 2103
f 2101 2113 2115
f 2108 2116 2105
f 2105 2117 2106
f 2105 2116 2117
f 2112 2118 2108
f 2108 2118 2116
f 2110 2119 2104
f 2104 2119 2114
f 2106 2120 2109
f 2106 2117 2120
f 2103 2121 2107
f 2103 2115 2121
f 2114 2122 2112
f 2112 2122 2118
f 2111 2123 2110
f 2110 2123 2119
f 2109 2124 2113
f 2109 2120 2124
f 2107 2125 2111
f 2107 2121 2125
f 2111 2125 2123
f 2119 2126 2114
f 2114 2126 2122
f 2118 2127 2116
f 2116 2128 2117
f 2116 2127 2128
f 2113 2129 2115
f 2113 2124 2129
f 2122 2130 2118
f 2118 2130 2127
f 2117 2131 2120
f 2117 2128 2131
f 2123 2132 2119
f 2119 2132 2126
f 2122 2133 2130
f 2126 2133 2122
f 2115 2134 2121
f 2115 2129 2134
f 2120 2135 2124
f 2120 2131 2135
f 2130 2136 2127
f 2127 2137 2128
f 2127 2136 2137
f 2130 2138 2136
f 2133 2138 2130
f 2125 2139 2123
f 2123 2139 2132
f 2128 2137 2140
f 2128 2140 2131
f 2121 2141 2125
f 2121 2134 2141
f 2126 2142 2133
f 2132 2142 2126
f 2138 2143 2136
f 2136 2143 2144
f 2136 2144 2137
f 2125 2141 2139
f 2138 2145 2143
f 2133 2146 2138
f 2146 2145 2138
f 2124 2147 2129
f 2124 2135 2147
f 2145 2148 2143
f 2143 2149 2144
f 2143 2148 2149
f 2137 2144 2150
f 2137 2150 2140
f 2142 2146 2133
f 2146 2151 2145
f 2145 2152 2148
f 2151 2152 2145
f 2144 2149 2153
f 2144 2153 2150
f 2131 2140 2154
f 2131 2154 2135
f 2155 2151 2146
f 2142 2155 2146
f 2132 2156 2142
f 2139 2156 2132
f 2152 2157 2148
f 2148 2158 2149
f 2148 2157 2158
f 2151 2159 2152
f 2155 2160 2151
f 2160 2159 2151
f 2140 2150 2161
f 2140 2161 2154
f 2129 2162 2134
f 2129 2147 2162
f 2159 2163 2152
f 2152 2163 2157
f 2156 2155 2142
f 2149 2164 2153
f 2149 2158 2164
f 2150 2153 2165
f 2150 2165 2161
f 2135 2154 2166
f 2135 2166 2147
f 2141 2167 2139
f 2139 2167 2156
f 2168 2160 2155
f 2156 2168 2155
f 2134 2169 2141
f 2134 2162 2169
f 2160 2170 2159
f 2159 2171 2163
f 2170 2171 2159
f 2141 2169 2167
f 2172 2170 2160
f 2168 2172 2160
f 2153 2173 2165
f 2153 2164 2173
f 2154 2161 2174
f 2154 2174 2166
f 2163 2175 2157
f 2157 2176 2158
f 2157 2175 2176
f 2167 2168 2156
f 2171 2177 2163
f 2163 2177 2175
f 2161 2165 2178
f 2161 2178 2174
f 2158 2179 2164
f 2158 2176 2179
f 2147 2166 2180
f 2147 2180 2162
f 2170 2181 2171
f 2172 2182 2170
f 2182 2181 2170
f 2183 2172 2168
f 2167 2183 2168
f 2171 2184 2177
f 2181 2184 2171
f 2165 2185 2178
f 2165 2173 2185
f 2183 2186 2172
f 2186 2182 2172
f 2166 2174 2187
f 2166 2187 2180
f 2169 2183 2167
f 2162 2188 2169
f 2162 2180 2188
f 2164 2189 2173
f 2164 2179 2189
f 2174 2178 2190
f 2174 2190 2187
f 2169 2188 2183
f 2188 2186 2183
f 2177 2191 2175
f 2175 2192 2176
f 2175 2191 2192
f 2186 2193 2182
f 2182 2194 2181
f 2193 2194 2182
f 2180 2187 2195
f 2180 2195 2188
f 2184 2196 2177
f 2177 2196 2191
f 2188 2195 2186
f 2195 2193 2186
f 2176 2197 2179
f 2176 2192 2197
f 2181 2198 2184
f 2194 2198 2181
f 2178 2199 2190
f 2178 2185 2199
f 2187 2200 2195
f 2187 2190 2200
f 2173 2201 2185
f 2173 2189 2201
f 2195 2200 2193
f 2198 2202 2184
f 2184 2202 2196
f 2193 2203 2194
f 2200 2203 2193
f 2190 2204 2200
f 2190 2199 2204
f 2179 2205 2189
f 2179 2197 2205
f 2194 2206 2198
f 2203 2206 2194
f 2200 2204 2203
f 2185 2207 2199
f 2185 2201 2207
f 2198 2208 2202
f 2206 2208 2198
f 2196 2209 2191
f 2191 2210 2192
f 2191 2209 2210
f 2202 2211 2196
f 2196 2211 2209
f 2189 2212 2201
f 2189 2205 2212
f 2204 2213 2203
f 2203 2213 2206
f 2192 2214 2197
f 2192 2210 2214
f 2199 2215 2204
f 2199 2207 2215
f 2204 2215 2213
f 2208 2216 2202
f 2202 2216 2211
f 2213 2217 2206
f 2206 2217 2208
f 2197 2218 2205
f 2197 2214 2218
f 2201 2219 2207
f 2201 2212 2219
f 2215 2220 2213
f 2213 2220 2217
f 2217 2221 2208
f 2208 2221 2216
f 2207 2222 2215
f 2207 2219 2222
f 2215 2222 2220
f 2211 2223 2209
f 2209 2224 2210
f 2209 2223 2224
f 2205 2225 2212
f 2205 2218 2225
f 2216 2226 2211
f 2211 2226 2223
f 2210 2227 2214
f 2210 2224 2227
f 2220 2228 2217
f 2217 2228 2221
f 2221 2229 2216
f 2216 2229 2226
f 2212 2230 2219
f 2212 2225 2230
f 2214 2231 2218
f 2214 2227 2231
f 2222 2232 2220
f 2220 2232 2228
f 2219 2233 2222
f 2219 2230 2233
f 2228 2234 2221
f 2221 2234 2229
f 2222 2233 2232
f 2218 2235 2225
f 2218 2231 2235
f 2226 2236 2223
f 2223 2237 2224
f 2223 2236 2237
f 2229 2238 2226
f 2226 2238 2236
f 2224 2239 2227
f 2224 2237 2239
f 2232 2240 2228
f 2228 2240 2234
f 2225 2241 2230
f 2225 2235 2241
f 2234 2242 2229
f 2229 2242 2238
f 2227 2243 2231
f 2227 2239 2243
f 2233 2244 2232
f 2232 2244 2240
f 2230 2245 2233
f 2230 2241 2245
f 2233 2245 2244
f 2240 2246 2234
f 2234 2246 2242
f 2231 2247 2235
f 2231 2243 2247
f 2238 2248 2236
f 2236 2249 2237
f 2236 2248 2249
f 2242 2250 2238
f 2238 2250 2248
f 2244 2251 2240
f 2240 2251 2246
f 2237 2252 2239
f 2237 2249 2252
f 2235 2253 2241
f 2235 2247 2253
f 2246 2254 2242
f 2242 2254 2250
f 2245 2255 2244
f 2244 2255 2251
f 2239 2256 2243
f 2239 2252 2256
f 2241 2257 2245
f 2241 2253 2257
f 2245 2257 2255
f 2251 2258 2246
f 2246 2258 2254
f 2243 2259 2247
f 2243 2256 2259
f 2250 2260 2248
f 2248 2261 2249
f 2248 2260 2261
f 2254 2262 2250
f 2250 2262 2260
f 2255 2263 2251
f 2251 2263 2258
f 2249 2264 2252
f 2249 2261 2264
f 2247 2265 2253
f 2247 2259 2265
f 2258 2266 2254
f 2254 2266 2262
f 2257 2267 2255
f 2255 2267 2263
f 2252 2268 2256
f 2252 2264 2268
f 2253 2269 2257
f 2253 2265 2269
f 2257 2269 2267
f 2263 2270 2258
f 2258 2270 2266
f 2256 2271 2259
f 2256 2268 2271
f 2262 2272 2260
f 2260 2273 2261
f 2260 2272 2273
f 2266 2274 2262
f 2262 2274 2272
f 2267 2275 2263
f 2263 2275 2270
f 2261 2276 2264
f 2261 2273 2276
f 2259 2277 2265
f 2259 2271 2277
f 2270 2278 2266
f 2266 2278 2274
f 2269 2279 2267
f 2267 2279 2275
f 2264 2280 2268
f 2264 2276 2280
f 2265 2281 2269
f 2265 2277 2281
f 2269 2281 2279
f 2275 2282 2270
f 2270 2282 2278
f 2268 2283 2271
f 2268 2280 2283
f 2274 2284 2272
f 2272 2285 2273
f 2272 2284 2285
f 2278 2286 2274
f 2274 2286 2284
f 2279 2287 2275
f 2275 2287 2282
f 2273 2288 2276
f 2273 2285 2288
f 2271 2289 2277
f 2271 2283 2289
f 2282 2290 2278
f 2278 2290 2286
f 2276 2291 2280
f 2276 2288 2291
f 2281 2292 2279
f 2279 2292 2287
f 2277 2293 2281
f 2277 2289 2293
f 2281 2293 2292
f 2287 2294 2282
f 2282 2294 2290
f 2280 2295 2283
f 2280 2291 2295
f 2286 2296 2284
f 2284 2297 2285
f 2284 2296 2297
f 2290 2298 2286
f 2286 2298 2296
f 2285 2299 2288
f 2285 2297 2299
f 2292 2300 2287
f 2287 2300 2294
f 2283 2301 2289
f 2283 2295 2301
f 2294 2302 2290
f 2290 2302 2298
f 2288 2303 2291
f 2288 2299 2303
f 2293 2304 2292
f 2292 2304 2300
f 2289 2305 2293
f 2289 2301 2305
f 2293 2305 2304
f 2300 2306 2294
f 2294 2306 2302
f 2291 2307 2295
f 2291 2303 2307
f 2298 2308 2296
f 2296 2309 2297
f 2296 2308 2309
f 2302 2310 2298
f 2298 2310 2308
f 2304 2311 2300
f 2300 2311 2306
f 2297 2312 2299
f 2297 2309 2312
f 2295 2313 2301
f 2295 2307 2313
f 2306 2314 2302
f 2302 2314 2310
f 2305 2315 2304
f 2304 2315 2311
f 2299 2316 2303
f 2299 2312 2316
f 2301 2317 2305
f 2301 2313 2317
f 2305 2317 2315
f 2311 2318 2306
f 2306 2318 2314
f 2303 2319 2307
f 2303 2316 2319
f 2315 2320 2311
f 2311 2320 2318
f 2307 2321 2313
f 2307 2319 2321
f 2317 2322 2315
f 2315 2322 2320
f 2310 2323 2308
f 2308 2324 2309
f 2308 2323 2324
f 2313 2325 2317
f 2313 2321 2325
f 2314 2326 2310
f 2310 2326 2323
f 2317 2325 2322
f 2309 2327 2312
f 2309 2324 2327
f 2318 2328 2314
f 2314 2328 2326
f 2312 2329 2316
f 2312 2327 2329
f 2320 2330 2318
f 2318 2330 2328
f 2316 2331 2319
f 2316 2329 2331
f 2322 2332 2320
f 2320 2332 2330
f 2319 2333 2321
f 2319 2331 2333
f 2325 2334 2322
f 2322 2334 2332
f 2321 2335 2325
f 2321 2333 2335
f 2325 2335 2334
f 2326 2336 2323
f 2323 2337 2324
f 2323 2336 2337
f 2328 2338 2326
f 2326 2338 2336
f 2324 2339 2327
f 2324 2337 2339
f 2330 2340 2328
f 2328 2340 2338
f 2327 2341 2329
f 2327 2339 2341
f 2332 2342 2330
f 2330 2342 2340
f 2329 2343 2331
f 2329 2341 2343
f 2334 2344 2332
f 2332 2344 2342
f 2331 2345 2333
f 2331 2343 2345
f 2335 2346 2334
f 2334 2346 2344
f 2333 2347 2335
f 2333 2345 2347
f 2335 2347 2346
f 2338 2348 2336
f 2336 2349 2337
f 2336 2348 2349
f 2340 2350 2338
f 2338 2350 2348
f 2337 2351 2339
f 2337 2349 2351
f 2342 2352 2340
f 2340 2352 2350
f 2339 2353 2341
f 2339 2351 2353
f 2344 2354 2342
f 2342 2354 2352
f 2341 2355 2343
f 2341 2353 2355
f 2346 2356 2344
f 2344 2356 2354
f 2343 2357 2345
f 2343 2355 2357
f 2347 2358 2346
f 2346 2358 2356
f 2345 2359 2347
f 2345 2357 2359
f 2347 2359 2358
f 2350 2360 2348
f 2352 2361 2350
f 2350 2361 2360
f 2348 2362 2349
f 2348 2360 2362
f 2349 2363 2351
f 2349 2362 2363
f 2354 2364 2352
f 2352 2364 2361
f 2351 2365 2353
f 2351 2363 2365
f 2356 2366 2354
f 2354 2366 2364
f 2353 2367 2355
f 2353 2365 2367
f 2358 2368 2356
f 2356 2368 2366
f 2355 2369 2357
f 2355 2367 2369
f 2359 2370 2358
f 2358 2370 2368
f 2357 2371 2359
f 2357 2369 2371
f 2359 2371 2370
f 2361 2372 2360
f 2360 2373 2362
f 2360 2372 2373
f 2364 2374 2361
f 2361 2374 2372
f 2362 2375 2363
f 2362 2373 2375
f 2366 2376 2364
f 2364 2376 2374
f 2363 2377 2365
f 2363 2375 2377
f 2368 2378 2366
f 2366 2378 2376
f 2365 2379 2367
f 2365 2377 2379
f 2370 2380 2368
f 2368 2380 2378
f 2367 2381 2369
f 2367 2379 2381
f 2371 2382 2370
f 2370 2382 2380
f 2369 2383 2371
f 2371 2383 2382
f 2369 2381 2383
f 2374 2384 2372
f 2376 2385 2374
f 2374 2385 2384
f 2372 2386 2373
f 2372 2384 2386
f 2373 2387 2375
f 2373 2386 2387
f 2378 2388 2376
f 2376 2388 2385
f 2375 2389 2377
f 2375 2387 2389
f 2380 2390 2378
f 2378 2390 2388
f 2377 2391 2379
f 2377 2389 2391
f 2382 2392 2380
f 2380 2392 2390
f 2379 2393 2381
f 2379 2391 2393
f 2383 2394 2382
f 2382 2394 2392
f 2381 2395 2383
f 2381 2393 2395
f 2383 2395 2394
f 2385 2396 2384
f 2388 2397 2385
f 2385 2397 2396
f 2384 2398 2386
f 2384 2396 2398
f 2386 2399 2387
f 2386 2398 2399
f 2390 2400 2388
f 2388 2400 2397
f 2387 2401 2389
f 2387 2399 2401
f 2392 2402 2390
f 2390 2402 2400
f 2389 2403 2391
f 2389 2401 2403
f 2394 2404 2392
f 2392 2404 2402
f 2391 2405 2393
f 2391 2403 2405
f 2395 2406 2394
f 2394 2406 2404
f 2393 2407 2395
f 2395 2407 2406
f 2393 2405 2407
f 2397 2408 2396
f 2400 2409 2397
f 2397 2409 2408
f 2396 2410 2398
f 2396 2408 2410
f 2402 2411 2400
f 2400 2411 2409
f 2398 2412 2399
f 2398 2410 2412
f 2404 2413 2402
f 2402 2413 2411
f 2399 2414 2401
f 2399 2412 2414
f 2401 2415 2403
f 2401 2414 2415
f 2406 2416 2404
f 2404 2416 2413
f 2403 2417 2405
f 2403 2415 2417
f 2407 2418 2406
f 2406 2418 2416
f 2405 2419 2407
f 2407 2419 2418
f 2405 2417 2419
f 2411 2420 2409
f 2413 2421 2411
f 2411 2421 2420
f 2409 2422 2408
f 2409 2420 2422
f 2408 2423 2410
f 2408 2422 2423
f 2410 2424 2412
f 2410 2423 2424
f 2412 2425 2414
f 2412 2424 2425
f 2416 2426 2413
f 2413 2426 2421
f 2414 2427 2415
f 2414 2425 2427
f 2418 2428 2416
f 2416 2428 2426
f 2415 2429 2417
f 2415 2427 2429
f 2419 2430 2418
f 2418 2430 2428
f 2417 2431 2419
f 2419 2431 2430
f 2417 2429 2431
f 2432 2433 2434
f 2435 2432 2434
f 2434 2433 2436
f 2434 2436 2437
f 2438 2434 2437
f 2435 2434 2438
f 2432 2439 2433
f 2440 2439 2432
f 2441 2440 2432
f 2441 2432 2435
f 2439 2442 2433
f 2433 2443 2436
f 2433 2442 2443
f 2440 2444 2439
f 2444 2445 2439
f 2439 2445 2442
f 2437 2436 2446
f 2437 2446 2447
f 2448 2437 2447
f 2438 2437 2448
f 2441 2444 2440
f 2444 2449 2445
f 2450 2449 2444
f 2441 2450 2444
f 2436 2443 2451
f 2436 2451 2446
f 2445 2452 2442
f 2449 2453 2445
f 2445 2453 2452
f 2442 2454 2443
f 2442 2452 2454
f 2450 2455 2449
f 2449 2456 2453
f 2455 2456 2449
f 2443 2457 2451
f 2443 2454 2457
f 2435 2450 2441
f 2458 2455 2450
f 2435 2458 2450
f 2447 2446 2459
f 2447 2459 2460
f 2461 2447 2460
f 2448 2447 2461
f 2446 2451 2462
f 2446 2462 2459
f 2453 2463 2452
f 2456 2464 2453
f 2453 2464 2463
f 2455 2465 2456
f 2458 2466 2455
f 2466 2465 2455
f 2452 2467 2454
f 2452 2463 2467
f 2465 2468 2456
f 2456 2468 2464
f 2451 2469 2462
f 2451 2457 2469
f 2460 2459 2470
f 2460 2470 2471
f 2461 2460 2471
f 2438 2458 2435
f 2472 2466 2458
f 2438 2472 2458
f 2459 2462 2473
f 2459 2473 2470
f 2454 2474 2457
f 2454 2467 2474
f 2466 2475 2465
f 2472 2476 2466
f 2476 2475 2466
f 2465 2477 2468
f 2475 2477 2465
f 2471 2470 2478
f 2471 2478 2461
f 2448 2472 2438
f 2448 2479 2472
f 2479 2476 2472
f 2464 2480 2463
f 2468 2481 2464
f 2464 2481 2480
f 2462 2482 2473
f 2462 2469 2482
f 2470 2483 2478
f 2470 2473 2483
f 2457 2484 2469
f 2457 2474 2484
f 2463 2485 2467
f 2463 2480 2485
f 2461 2479 2448
f 2461 2478 2479
f 2477 2486 2468
f 2468 2486 2481
f 2479 2487 2476
f 2478 2487 2479
f 2476 2488 2475
f 2487 2488 2476
f 2478 2483 2487
f 2475 2489 2477
f 2488 2489 2475
f 2473 2490 2483
f 2473 2482 2490
f 2467 2491 2474
f 2467 2485 2491
f 2489 2492 2477
f 2477 2492 2486
f 2483 2493 2487
f 2487 2493 2488
f 2469 2494 2482
f 2469 2484 2494
f 2483 2490 2493
f 2488 2495 2489
f 2493 2495 2488
f 2474 2496 2484
f 2474 2491 2496
f 2482 2497 2490
f 2482 2494 2497
f 2481 2498 2480
f 2486 2499 2481
f 2481 2499 2498
f 2489 2500 2492
f 2495 2500 2489
f 2490 2501 2493
f 2493 2501 2495
f 2480 2502 2485
f 2480 2498 2502
f 2492 2503 2486
f 2486 2503 2499
f 2490 2497 2501
f 2484 2504 2494
f 2484 2496 2504
f 2485 2505 2491
f 2485 2502 2505
f 2500 2506 2492
f 2492 2506 2503
f 2501 2507 2495
f 2495 2507 2500
f 2494 2508 2497
f 2494 2504 2508
f 2497 2509 2501
f 2501 2509 2507
f 2491 2510 2496
f 2491 2505 2510
f 2507 2511 2500
f 2500 2511 2506
f 2497 2508 2509
f 2503 2512 2499
f 2499 2513 2498
f 2499 2512 2513
f 2506 2514 2503
f 2503 2514 2512
f 2498 2515 2502
f 2498 2513 2515
f 2496 2516 2504
f 2496 2510 2516
f 2509 2517 2507
f 2507 2517 2511
f 2511 2518 2506
f 2506 2518 2514
f 2502 2519 2505
f 2502 2515 2519
f 2504 2520 2508
f 2504 2516 2520
f 2508 2521 2509
f 2509 2521 2517
f 2508 2520 2521
f 2517 2522 2511
f 2511 2522 2518
f 2505 2523 2510
f 2505 2519 2523
f 2514 2524 2512
f 2512 2525 2513
f 2512 2524 2525
f 2518 2526 2514
f 2514 2526 2524
f 2521 2527 2517
f 2517 2527 2522
f 2510 2528 2516
f 2510 2523 2528
f 2513 2529 2515
f 2513 2525 2529
f 2522 2530 2518
f 2518 2530 2526
f 2520 2531 2521
f 2521 2531 2527
f 2516 2532 2520
f 2516 2528 2532
f 2515 2533 2519
f 2515 2529 2533
f 2520 2532 2531
f 2527 2534 2522
f 2522 2534 2530
f 2519 2535 2523
f 2519 2533 2535
f 2531 2536 2527
f 2527 2536 2534
f 2526 2537 2524
f 2524 2538 2525
f 2524 2537 2538
f 2523 2539 2528
f 2523 2535 2539
f 2530 2540 2526
f 2526 2540 2537
f 2525 2541 2529
f 2525 2538 2541
f 2532 2542 2531
f 2531 2542 2536
f 2534 2543 2530
f 2530 2543 2540
f 2528 2544 2532
f 2528 2539 2544
f 2532 2544 2542
f 2529 2545 2533
f 2529 2541 2545
f 2536 2546 2534
f 2534 2546 2543
f 2533 2547 2535
f 2533 2545 2547
f 2542 2548 2536
f 2536 2548 2546
f 2535 2549 2539
f 2535 2547 2549
f 2540 2550 2537
f 2537 2551 2538
f 2537 2550 2551
f 2543 2552 2540
f 2540 2552 2550
f 2544 2553 2542
f 2542 2553 2548
f 2538 2554 2541
f 2538 2551 2554
f 2539 2555 2544
f 2539 2549 2555
f 2544 2555 2553
f 2546 2556 2543
f 2543 2556 2552
f 2541 2557 2545
f 2541 2554 2557
f 2548 2558 2546
f 2546 2558 2556
f 2545 2559 2547
f 2545 2557 2559
f 2553 2560 2548
f 2548 2560 2558
f 2547 2561 2549
f 2547 2559 2561
f 2555 2562 2553
f 2553 2562 2560
f 2552 2563 2550
f 2550 2564 2551
f 2550 2563 2564
f 2556 2565 2552
f 2552 2565 2563
f 2549 2566 2555
f 2549 2561 2566
f 2555 2566 2562
f 2551 2567 2554
f 2551 2564 2567
f 2558 2568 2556
f 2556 2568 2565
f 2554 2569 2557
f 2554 2567 2569
f 2560 2570 2558
f 2558 2570 2568
f 2557 2571 2559
f 2557 2569 2571
f 2562 2572 2560
f 2560 2572 2570
f 2559 2573 2561
f 2559 2571 2573
f 2566 2574 2562
f 2562 2574 2572
f 2565 2575 2563
f 2568 2576 2565
f 2565 2576 2575
f 2563 2577 2564
f 2563 2575 2577
f 2561 2578 2566
f 2561 2573 2578
f 2566 2578 2574
f 2570 2579 2568
f 2568 2579 2576
f 2564 2580 2567
f 2564 2577 2580
f 2572 2581 2570
f 2570 2581 2579
f 2567 2582 2569
f 2567 2580 2582
f 2574 2583 2572
f 2572 2583 2581
f 2569 2584 2571
f 2569 2582 2584
f 2578 2585 2574
f 2574 2585 2583
f 2571 2586 2573
f 2571 2584 2586
f 2576 2587 2575
f 2579 2588 2576
f 2576 2588 2587
f 2573 2589 2578
f 2578 2589 2585
f 2573 2586 2589
f 2575 2590 2577
f 2575 2587 2590
f 2581 2591 2579
f 2579 2591 2588
f 2577 2592 2580
f 2577 2590 2592
f 2583 2593 2581
f 2581 2593 2591
f 2580 2594 2582
f 2580 2592 2594
f 2585 2595 2583
f 2583 2595 2593
f 2582 2596 2584
f 2582 2594 2596
f 2589 2597 2585
f 2585 2597 2595
f 2584 2598 2586
f 2584 2596 2598
f 2586 2599 2589
f 2589 2599 2597
f 2586 2598 2599
f 2588 2600 2587
f 2591 2601 2588
f 2588 2601 2600
f 2587 2602 2590
f 2587 2600 2602
f 2593 2603 2591
f 2591 2603 2601
f 2590 2604 2592
f 2590 2602 2604
f 2595 2605 2593
f 2593 2605 2603
f 2592 2606 2594
f 2592 2604 2606
f 2597 2607 2595
f 2595 2607 2605
f 2594 2608 2596
f 2594 2606 2608
f 2599 2609 2597
f 2597 2609 2607
f 2596 2610 2598
f 2596 2608 2610
f 2598 2611 2599
f 2599 2611 2609
f 2598 2610 2611
f 2601 2612 2600
f 2600 2613 2602
f 2600 2612 2613
f 2603 2614 2601
f 2601 2614 2612
f 2602 2615 2604
f 2602 2613 2615
f 2605 2616 2603
f 2603 2616 2614
f 2604 2617 2606
f 2604 2615 2617
f 2607 2618 2605
f 2605 2618 2616
f 2606 2619 2608
f 2606 2617 2619
f 2609 2620 2607
f 2607 2620 2618
f 2608 2621 2610
f 2608 2619 2621
f 2611 2622 2609
f 2609 2622 2620
f 2610 2623 2611
f 2610 2621 2623
f 2611 2623 2622
f 2614 2624 2612
f 2612 2625 2613
f 2612 2624 2625
f 2616 2626 2614
f 2614 2626 2624
f 2613 2627 2615
f 2613 2625 2627
f 2618 2628 2616
f 2616 2628 2626
f 2615 2629 2617
f 2615 2627 2629
f 2620 2630 2618
f 2618 2630 2628
f 2617 2631 2619
f 2617 2629 2631
f 2622 2632 2620
f 2620 2632 2630
f 2619 2633 2621
f 2619 2631 2633
f 2623 2634 2622
f 2622 2634 2632
f 2626 2635 2624
f 2624 2636 2625
f 2624 2635 2636
f 2621 2637 2623
f 2621 2633 2637
f 2623 2637 2634
f 2628 2638 2626
f 2626 2638 2635
f 2625 2639 2627
f 2625 2636 2639
f 2630 2640 2628
f 2628 2640 2638
f 2627 2641 2629
f 2627 2639 2641
f 2632 2642 2630
f 2630 2642 2640
f 2629 2643 2631
f 2629 2641 2643
f 2634 2644 2632
f 2632 2644 2642
f 2631 2645 2633
f 2631 2643 2645
f 2637 2646 2634
f 2634 2646 2644
f 2638 2647 2635
f 2635 2648 2636
f 2635 2647 2648
f 2633 2649 2637
f 2633 2645 2649
f 2640 2650 2638
f 2638 2650 2647
f 2637 2649 2646
f 2636 2651 2639
f 2636 2648 2651
f 2642 2652 2640
f 2640 2652 2650
f 2639 2653 2641
f 2639 2651 2653
f 2644 2654 2642
f 2642 2654 2652
f 2641 2655 2643
f 2641 2653 2655
f 2646 2656 2644
f 2644 2656 2654
f 2643 2657 2645
f 2643 2655 2657
f 2649 2658 2646
f 2646 2658 2656
f 2650 2659 2647
f 2647 2660 2648
f 2647 2659 2660
f 2645 2661 2649
f 2645 2657 2661
f 2652 2662 2650
f 2650 2662 2659
f 2649 2661 2658
f 2648 2663 2651
f 2648 2660 2663
f 2654 2664 2652
f 2652 2664 2662
f 2651 2665 2653
f 2651 2663 2665
f 2656 2666 2654
f 2654 2666 2664
f 2653 2667 2655
f 2653 2665 2667
f 2658 2668 2656
f 2656 2668 2666
f 2655 2669 2657
f 2655 2667 2669
f 2662 2670 2659
f 2659 2671 2660
f 2659 2670 2671
f 2661 2672 2658
f 2658 2672 2668
f 2664 2673 2662
f 2662 2673 2670
f 2657 2674 2661
f 2657 2669 2674
f 2660 2675 2663
f 2660 2671 2675
f 2661 2674 2672
f 2666 2676 2664
f 2664 2676 2673
f 2663 2677 2665
f 2663 2675 2677
f 2668 2678 2666
f 2666 2678 2676
f 2665 2679 2667
f 2665 2677 2679
f 2672 2680 2668
f 2668 2680 2678
f 2667 2681 2669
f 2667 2679 2681
f 2673 2682 2670
f 2670 2683 2671
f 2670 2682 2683
f 2676 2684 2673
f 2673 2684 2682
f 2671 2685 2675
f 2671 2683 2685
f 2674 2686 2672
f 2672 2686 2680
f 2669 2687 2674
f 2669 2681 2687
f 2674 2687 2686
f 2675 2688 2677
f 2675 2685 2688
f 2678 2689 2676
f 2676 2689 2684
f 2677 2690 2679
f 2677 2688 2690
f 2680 2691 2678
f 2678 2691 2689
f 2686 2692 2680
f 2680 2692 2691
f 2679 2693 2681
f 2679 2690 2693
f 2682 2694 2683
f 2684 2695 2682
f 2682 2695 2694
f 2683 2696 2685
f 2683 2694 2696
f 2689 2697 2684
f 2684 2697 2695
f 2681 2698 2687
f 2681 2693 2698
f 2687 2699 2686
f 2686 2699 2692
f 2687 2698 2699
f 2685 2700 2688
f 2685 2696 2700
f 2691 2701 2689
f 2689 2701 2697
f 2688 2702 2690
f 2688 2700 2702
f 2692 2703 2691
f 2691 2703 2701
f 2690 2704 2693
f 2690 2702 2704
f 2695 2705 2694
f 2697 2706 2695
f 2695 2706 2705
f 2699 2707 2692
f 2692 2707 2703
f 2694 2708 2696
f 2694 2705 2708
f 2701 2709 2697
f 2697 2709 2706
f 2693 2710 2698
f 2693 2704 2710
f 2698 2711 2699
f 2699 2711 2707
f 2696 2712 2700
f 2696 2708 2712
f 2698 2710 2711
f 2703 2713 2701
f 2701 2713 2709
f 2700 2714 2702
f 2700 2712 2714
f 2707 2715 2703
f 2703 2715 2713
f 2702 2716 2704
f 2702 2714 2716
f 2706 2717 2705
f 2709 2718 2706
f 2706 2718 2717
f 2705 2719 2708
f 2705 2717 2719
f 2711 2720 2707
f 2707 2720 2715
f 2713 2721 2709
f 2709 2721 2718
f 2708 2722 2712
f 2708 2719 2722
f 2704 2723 2710
f 2704 2716 2723
f 2710 2724 2711
f 2711 2724 2720
f 2710 2723 2724
f 2715 2725 2713
f 2713 2725 2721
f 2712 2726 2714
f 2712 2722 2726
f 2720 2727 2715
f 2715 2727 2725
f 2718 2728 2717
f 2721 2729 2718
f 2718 2729 2728
f 2717 2730 2719
f 2717 2728 2730
f 2714 2731 2716
f 2714 2726 2731
f 2725 2732 2721
f 2721 2732 2729
f 2719 2733 2722
f 2719 2730 2733
f 2724 2734 2720
f 2720 2734 2727
f 2716 2735 2723
f 2716 2731 2735
f 2723 2736 2724
f 2724 2736 2734
f 2723 2735 2736
f 2725 2737 2732
f 2727 2737 2725
f 2722 2738 2726
f 2722 2733 2738
f 2729 2739 2728
f 2732 2740 2729
f 2729 2740 2739
f 2728 2741 2730
f 2728 2739 2741
f 2737 2742 2732
f 2732 2742 2740
f 2730 2743 2733
f 2730 2741 2743
f 2727 2744 2737
f 2734 2744 2727
f 2726 2745 2731
f 2726 2738 2745
f 2744 2746 2737
f 2737 2746 2742
f 2733 2747 2738
f 2733 2743 2747
f 2734 2748 2744
f 2736 2748 2734
f 2731 2749 2735
f 2731 2745 2749
f 2748 2750 2744
f 2744 2750 2746
f 2735 2751 2736
f 2736 2751 2748
f 2735 2749 2751
f 2738 2752 2745
f 2738 2747 2752
f 2751 2753 2748
f 2748 2753 2750
f 2745 2754 2749
f 2745 2752 2754
f 2740 2755 2739
f 2742 2756 2740
f 2740 2756 2755
f 2749 2757 2751
f 2751 2757 2753
f 2739 2758 2741
f 2739 2755 2758
f 2749 2754 2757
f 2746 2759 2742
f 2742 2759 2756
f 2741 2760 2743
f 2741 2758 2760
f 2750 2761 2746
f 2746 2761 2759
f 2743 2762 2747
f 2743 2760 2762
f 2753 2763 2750
f 2750 2763 2761
f 2747 2764 2752
f 2747 2762 2764
f 2757 2765 2753
f 2753 2765 2763
f 2752 2766 2754
f 2752 2764 2766
f 2754 2767 2757
f 2757 2767 2765
f 2754 2766 2767
f 2756 2768 2755
f 2759 2769 2756
f 2756 2769 2768
f 2755 2770 2758
f 2755 2768 2770
f 2761 2771 2759
f 2759 2771 2769
f 2758 2772 2760
f 2758 2770 2772
f 2763 2773 2761
f 2761 2773 2771
f 2760 2774 2762
f 2760 2772 2774
f 2765 2775 2763
f 2763 2775 2773
f 2762 2776 2764
f 2762 2774 2776
f 2767 2777 2765
f 2765 2777 2775
f 2764 2778 2766
f 2764 2776 2778
f 2766 2779 2767
f 2767 2779 2777
f 2766 2778 2779
f 2769 2780 2768
f 2771 2781 2769
f 2769 2781 2780
f 2768 2782 2770
f 2768 2780 2782
f 2773 2783 2771
f 2771 2783 2781
f 2770 2784 2772
f 2770 2782 2784
f 2775 2785 2773
f 2773 2785 2783
f 2772 2786 2774
f 2772 2784 2786
f 2777 2787 2775
f 2775 2787 2785
f 2774 2788 2776
f 2774 2786 2788
f 2779 2789 2777
f 2777 2789 2787
f 2776 2790 2778
f 2776 2788 2790
f 2778 2791 2779
f 2779 2791 2789
f 2778 2790 2791
f 2781 2792 2780
f 2783 2793 2781
f 2781 2793 2792
f 2780 2794 2782
f 2780 2792 2794
f 2785 2795 2783
f 2783 2795 2793
f 2782 2796 2784
f 2782 2794 2796
f 2787 2797 2785
f 2785 2797 2795
f 2784 2798 2786
f 2784 2796 2798
f 2789 2799 2787
f 2787 2799 2797
f 2786 2800 2788
f 2786 2798 2800
f 2791 2801 2789
f 2789 2801 2799
f 2788 2802 2790
f 2788 2800 2802
f 2790 2803 2791
f 2791 2803 2801
f 2790 2802 2803
f 2793 2804 2792
f 2795 2805 2793
f 2793 2805 2804
f 2792 2806 2794
f 2792 2804 2806
f 2797 2807 2795
f 2795 2807 2805
f 2794 2808 2796
f 2794 2806 2808
f 2799 2809 2797
f 2797 2809 2807
f 2796 2810 2798
f 2796 2808 2810
f 2801 2811 2799
f 2799 2811 2809
f 2798 2812 2800
f 2798 2810 2812
f 2803 2813 2801
f 2801 2813 2811
f 2800 2814 2802
f 2800 2812 2814
f 2802 2815 2803
f 2803 2815 2813
f 2802 2814 2815
f 2805 2816 2804
f 2807 2817 2805
f 2805 2817 2816
f 2804 2818 2806
f 2804 2816 2818
f 2809 2819 2807
f 2807 2819 2817
f 2806 2820 2808
f 2806 2818 2820
f 2811 2821 2809
f 2809 2821 2819
f 2808 2822 2810
f 2808 2820 2822
f 2813 2823 2811
f 2811 2823 2821
f 2810 2824 2812
f 2810 2822 2824
f 2815 2825 2813
f 2813 2825 2823
f 2812 2826 2814
f 2812 2824 2826
f 2814 2827 2815
f 2815 2827 2825
f 2814 2826 2827
f 2817 2828 2816
f 2819 2829 2817
f 2817 2829 2828
f 2816 2830 2818
f 2816 2828 2830
f 2821 2831 2819
f 2819 2831 2829
f 2818 2832 2820
f 2818 2830 2832
f 2823 2833 2821
f 2821 2833 2831
f 2820 2834 2822
f 2820 2832 2834
f 2825 2835 2823
f 2823 2835 2833
f 2822 2836 2824
f 2822 2834 2836
f 2827 2837 2825
f 2825 2837 2835
f 2824 2838 2826
f 2824 2836 2838
f 2826 2839 2827
f 2827 2839 2837
f 2826 2838 2839
f 2829 2840 2828
f 2831 2841 2829
f 2829 2841 2840
f 2828 2842 2830
f 2828 2840 2842
f 2833 2843 2831
f 2831 2843 2841
f 2830 2844 2832
f 2830 2842 2844
f 2835 2845 2833
f 2833 2845 2843
f 2832 2846 2834
f 2832 2844 2846
f 2837 2847 2835
f 2835 2847 2845
f 2834 2848 2836
f 2834 2846 2848
f 2839 2849 2837
f 2837 2849 2847
f 2836 2850 2838
f 2836 2848 2850
f 2838 2851 2839
f 2839 2851 2849
f 2838 2850 2851
f 2841 2852 2840
f 2843 2853 2841
f 2841 2853 2852
f 2840 2854 2842
f 2840 2852 2854
f 2845 2855 2843
f 2843 2855 2853
f 2842 2856 2844
f 2842 2854 2856
f 2847 2857 2845
f 2845 2857 2855
f 2844 2858 2846
f 2844 2856 2858
f 2849 2859 2847
f 2847 2859 2857
f 2846 2860 2848
f 2846 2858 2860
f 2851 2861 2849
f 2849 2861 2859
f 2848 2862 2850
f 2848 2860 2862
f 2850 2863 2851
f 2851 2863 2861
f 2850 2862 2863
f 2853 2864 2852
f 2855 2865 2853
f 2853 2865 2864
f 2852 2866 2854
f 2852 2864 2866
f 2857 2867 2855
f 2855 2867 2865
f 2854 2868 2856
f 2854 2866 2868
f 2859 2869 2857
f 2857 2869 2867
f 2856 2870 2858
f 2856 2868 2870
f 2861 2871 2859
f 2859 2871 2869
f 2858 2872 2860
f 2858 2870 2872
f 2863 2873 2861
f 2861 2873 2871
f 2860 2874 2862
f 2860 2872 2874
f 2862 2875 2863
f 2863 2875 2873
f 2862 2874 2875
f 2865 2876 2864
f 2867 2877 2865
f 2865 2877 2876
f 2864 2878 2866
f 2864 2876 2878
f 2869 2879 2867
f 2867 2879 2877
f 2866 2880 2868
f 2866 2878 2880
f 2871 2881 2869
f 2869 2881 2879
f 2868 2882 2870
f 2868 2880 2882
f 2873 2883 2871
f 2871 2883 2881
f 2870 2884 2872
f 2870 2882 2884
f 2875 2885 2873
f 2873 2885 2883
f 2872 2886 2874
f 2872 2884 2886
f 2874 2887 2875
f 2875 2887 2885
f 2874 2886 2887
f 2877 2888 2876
f 2879 2889 2877
f 2877 2889 2888
f 2876 2890 2878
f 2876 2888 2890
f 2881 2891 2879
f 2879 2891 2889
f 2878 2892 2880
f 2878 2890 2892
f 2883 2893 2881
f 2881 2893 2891
f 2880 2894 2882
f 2880 2892 2894
f 2885 2895 2883
f 2883 2895 2893
f 2882 2896 2884
f 2882 2894 2896
f 2887 2897 2885
f 2885 2897 2895
f 2884 2898 2886
f 2884 2896 2898
f 2886 2899 2887
f 2887 2899 2897
f 2886 2898 2899
f 2889 2900 2888
f 2891 2901 2889
f 2889 2901 2900
f 2888 2902 2890
f 2888 2900 2902
f 2893 2903 2891
f 2891 2903 2901
f 2890 2904 2892
f 2890 2902 2904
f 2895 2905 2893
f 2893 2905 2903
f 2892 2906 2894
f 2892 2904 2906
f 2897 2907 2895
f 2895 2907 2905
f 2894 2908 2896
f 2894 2906 2908
f 2899 2909 2897
f 2897 2909 2907
f 2896 2910 2898
f 2896 2908 2910
f 2898 2911 2899
f 2899 2911 2909
f 2898 2910 2911
f 2901 2912 2900
f 2903 2913 2901
f 2901 2913 2912
f 2900 2914 2902
f 2900 2912 2914
f 2905 2915 2903
f 2903 2915 2913
f 2902 2916 2904
f 2902 2914 2916
f 2907 2917 2905
f 2905 2917 2915
f 2904 2918 2906
f 2904 2916 2918
f 2909 2919 2907
f 2907 2919 2917
f 2906 2920 2908
f 2906 2918 2920
f 2911 2921 2909
f 2909 2921 2919
f 2908 2922 2910
f 2908 2920 2922
f 2910 2923 2911
f 2911 2923 2921
f 2910 2922 2923
f 2913 2924 2912
f 2915 2925 2913
f 2913 2925 2924
f 2912 2926 2914
f 2912 2924 2926
f 2917 2927 2915
f 2915 2927 2925
f 2914 2928 2916
f 2914 2926 2928
f 2919 2929 2917
f 2917 2929 2927
f 2916 2930 2918
f 2916 2928 2930
f 2921 2931 2919
f 2919 2931 2929
f 2918 2932 2920
f 2918 2930 2932
f 2923 2933 2921
f 2921 2933 2931
f 2920 2934 2922
f 2920 2932 2934
f 2922 2935 2923
f 2923 2935 2933
f 2922 2934 2935
f 2925 2936 2924
f 2927 2937 2925
f 2925 2937 2936
f 2924 2938 2926
f 2924 2936 2938
f 2929 2939 2927
f 2927 2939 2937
f 2926 2940 2928
f 2926 2938 2940
f 2931 2941 2929
f 2929 2941 2939
f 2928 2942 2930
f 2928 2940 2942
f 2933 2943 2931
f 2931 2943 2941
f 2930 2944 2932
f 2930 2942 2944
f 2935 2945 2933
f 2933 2945 2943
f 2932 2946 2934
f 2932 2944 2946
f 2934 2947 2935
f 2935 2947 2945
f 2934 2946 2947
f 2937 2948 2936
f 2939 2949 2937
f 2937 2949 2948
f 2936 2950 2938
f 2936 2948 2950
f 2941 2951 2939
f 2939 2951 2949
f 2938 2952 2940
f 2938 2950 2952
f 2943 2953 2941
f 2941 2953 2951
f 2940 2954 2942
f 2940 2952 2954
f 2945 2955 2943
f 2943 2955 2953
f 2942 2956 2944
f 2942 2954 2956
f 2947 2957 2945
f 2945 2957 2955
f 2944 2958 2946
f 2944 2956 2958
f 2946 2959 2947
f 2947 2959 2957
f 2946 2958 2959
f 2949 2960 2948
f 2951 2961 2949
f 2949 2961 2960
f 2948 2962 2950
f 2948 2960 2962
f 2953 2963 2951
f 2951 2963 2961
f 2950 2964 2952
f 2950 2962 2964
f 2955 2965 2953
f 2953 2965 2963
f 2952 2966 2954
f 2952 2964 2966
f 2957 2967 2955
f 2955 2967 2965
f 2954 2968 2956
f 2954 2966 2968
f 2959 2969 2957
f 2957 2969 2967
f 2956 2970 2958
f 2956 2968 2970
f 2958 2971 2959
f 2959 2971 2969
f 2958 2970 2971
f 2961 2972 2960
f 2963 2973 2961
f 2961 2973 2972
f 2960 2974 2962
f 2960 2972 2974
f 2965 2975 2963
f 2963 2975 2973
f 2962 2976 2964
f 2962 2974 2976
f 2967 2977 2965
f 2965 2977 2975
f 2964 2978 2966
f 2964 2976 2978
f 2969 2979 2967
f 2967 2979 2977
f 2966 2980 2968
f 2966 2978 2980
f 2971 2981 2969
f 2969 2981 2979
f 2968 2982 2970
f 2968 2980 2982
f 2970 2983 2971
f 2971 2983 2981
f 2970 2982 2983
f 2973 2984 2972
f 2975 2985 2973
f 2973 2985 2984
f 2972 2986 2974
f 2972 2984 2986
f 2977 2987 2975
f 2975 2987 2985
f 2974 2988 2976
f 2974 2986 2988
f 2979 2989 2977
f 2977 2989 2987
f 2976 2990 2978
f 2976 2988 2990
f 2981 2991 2979
f 2979 2991 2989
f 2983 2992 2981
f 2981 2992 2991
f 2982 2993 2983
f 2983 2993 2992
f 2980 2994 2982
f 2982 2994 2993
f 2978 2995 2980
f 2980 2995 2994
f 2978 2990 2995
f 2989 2996 2987
f 2991 2997 2989
f 2989 2997 2996
f 2987 2996 2985
f 2985 2996 2984
f 2984 2998 2986
f 2984 2996 2998
f 2986 2999 2988
f 2986 2998 2999
f 2988 3000 2990
f 2988 2999 3000
f 2992 3001 2991
f 2991 3001 2997
f 2990 3002 2995
f 2990 3000 3002
f 2993 3003 2992
f 2992 3003 3001
f 2994 3002 2993
f 2993 3002 3003
f 2995 3002 2994
f 3004 3005 3006
f 3004 3006 3007
f 3008 3005 3004
f 3009 3004 3007
f 3010 3008 3004
f 3010 3004 3009
f 3005 3011 3006
f 3007 3006 3012
f 3006 3011 3013
f 3006 3013 3012
f 3008 3014 3005
f 3014 3015 3005
f 3005 3015 3011
f 3009 3007 3016
f 3016 3007 3017
f 3007 3012 3017
f 3018 3014 3008
f 3019 3008 3010
f 3019 3018 3008
f 3020 3009 3016
f 3021 3010 3009
f 3021 3009 3020
f 3014 3022 3015
f 3018 3023 3014
f 3023 3022 3014
f 3016 3017 3024
f 3020 3016 3025
f 3025 3016 3024
f 3026 3010 3021
f 3026 3019 3010
f 3017 3012 3027
f 3024 3017 3028
f 3017 3027 3028
f 3029 3020 3025
f 3030 3021 3020
f 3030 3020 3029
f 3015 3031 3011
f 3011 3032 3013
f 3011 3031 3032
f 3022 3033 3015
f 3015 3033 3031
f 3012 3013 3034
f 3012 3034 3027
f 3035 3023 3018
f 3036 3018 3019
f 3036 3035 3018
f 3029 3025 3037
f 3025 3024 3038
f 3037 3025 3038
f 3039 3021 3030
f 3039 3026 3021
f 3040 3029 3037
f 3041 3030 3029
f 3041 3029 3040
f 3023 3042 3022
f 3042 3043 3022
f 3022 3043 3033
f 3044 3042 3023
f 3035 3044 3023
f 3024 3028 3045
f 3038 3024 3045
f 3046 3019 3026
f 3046 3036 3019
f 3037 3038 3047
f 3048 3037 3047
f 3040 3037 3048
f 3039 3030 3041
f 3013 3049 3034
f 3013 3032 3049
f 3028 3027 3050
f 3045 3028 3051
f 3028 3050 3051
f 3038 3045 3052
f 3047 3038 3052
f 3041 3026 3039
f 3041 3046 3026
f 3027 3034 3053
f 3027 3053 3050
f 3044 3054 3042
f 3054 3055 3042
f 3042 3055 3043
f 3056 3044 3035
f 3056 3057 3044
f 3057 3054 3044
f 3058 3035 3036
f 3058 3056 3035
f 3045 3051 3059
f 3052 3045 3059
f 3060 3036 3046
f 3060 3058 3036
f 3047 3052 3061
f 3062 3047 3061
f 3048 3047 3062
f 3040 3046 3041
f 3040 3060 3046
f 3034 3063 3053
f 3034 3049 3063
f 3051 3050 3064
f 3050 3065 3064
f 3050 3053 3065
f 3059 3051 3066
f 3051 3064 3066
f 3061 3052 3067
f 3052 3059 3067
f 3068 3057 3056
f 3069 3056 3058
f 3069 3068 3056
f 3033 3070 3031
f 3043 3071 3033
f 3033 3071 3070
f 3061 3067 3072
f 3073 3061 3072
f 3062 3061 3073
f 3031 3074 3032
f 3031 3070 3074
f 3057 3075 3054
f 3075 3076 3054
f 3054 3076 3055
f 3068 3077 3057
f 3077 3075 3057
f 3059 3066 3078
f 3067 3059 3078
f 3079 3058 3060
f 3079 3069 3058
f 3055 3080 3043
f 3043 3080 3071
f 3066 3064 3081
f 3078 3066 3082
f 3066 3081 3082
f 3064 3083 3081
f 3064 3065 3083
f 3082 3077 3068
f 3084 3082 3068
f 3084 3068 3069
f 3067 3078 3085
f 3072 3067 3085
f 3048 3060 3040
f 3048 3079 3060
f 3032 3086 3049
f 3032 3074 3086
f 3053 3087 3065
f 3053 3063 3087
f 3082 3081 3077
f 3081 3088 3077
f 3077 3088 3075
f 3078 3082 3084
f 3085 3078 3084
f 3089 3084 3069
f 3089 3069 3079
f 3081 3083 3088
f 3072 3085 3073
f 3088 3090 3075
f 3075 3090 3076
f 3085 3084 3089
f 3076 3091 3055
f 3055 3091 3080
f 3073 3085 3089
f 3062 3089 3079
f 3062 3079 3048
f 3065 3092 3083
f 3065 3087 3092
f 3073 3089 3062
f 3049 3093 3063
f 3049 3086 3093
f 3083 3094 3088
f 3088 3094 3090
f 3083 3092 3094
f 3090 3095 3076
f 3076 3095 3091
f 3063 3096 3087
f 3063 3093 3096
f 3094 3097 3090
f 3090 3097 3095
f 3071 3098 3070
f 3070 3099 3074
f 3070 3098 3099
f 3080 3100 3071
f 3071 3100 3098
f 3087 3101 3092
f 3087 3096 3101
f 3092 3102 3094
f 3094 3102 3097
f 3091 3103 3080
f 3080 3103 3100
f 3092 3101 3102
f 3074 3104 3086
f 3074 3099 3104
f 3095 3105 3091
f 3091 3105 3103
f 3086 3106 3093
f 3086 3104 3106
f 3097 3107 3095
f 3095 3107 3105
f 3093 3108 3096
f 3093 3106 3108
f 3102 3109 3097
f 3097 3109 3107
f 3096 3110 3101
f 3096 3108 3110
f 3101 3111 3102
f 3102 3111 3109
f 3101 3110 3111
f 3100 3112 3098
f 3098 3113 3099
f 3098 3112 3113
f 3103 3114 3100
f 3100 3114 3112
f 3099 3115 3104
f 3099 3113 3115
f 3105 3116 3103
f 3103 3116 3114
f 3104 3117 3106
f 3104 3115 3117
f 3107 3118 3105
f 3105 3118 3116
f 3109 3119 3107
f 3107 3119 3118
f 3106 3120 3108
f 3106 3117 3120
f 3108 3121 3110
f 3108 3120 3121
f 3111 3122 3109
f 3109 3122 3119
f 3110 3123 3111
f 3110 3121 3123
f 3111 3123 3122
f 3114 3124 3112
f 3112 3125 3113
f 3112 3124 3125
f 3116 3126 3114
f 3114 3126 3124
f 3113 3127 3115
f 3113 3125 3127
f 3118 3128 3116
f 3116 3128 3126
f 3115 3129 3117
f 3115 3127 3129
f 3119 3130 3118
f 3118 3130 3128
f 3117 3131 3120
f 3117 3129 3131
f 3122 3132 3119
f 3119 3132 3130
f 3120 3133 3121
f 3120 3131 3133
f 3123 3134 3122
f 3122 3134 3132
f 3121 3135 3123
f 3121 3133 3135
f 3123 3135 3134
f 3126 3136 3124
f 3124 3137 3125
f 3124 3136 3137
f 3128 3138 3126
f 3126 3138 3136
f 3125 3139 3127
f 3125 3137 3139
f 3130 3140 3128
f 3128 3140 3138
f 3127 3141 3129
f 3127 3139 3141
f 3132 3142 3130
f 3130 3142 3140
f 3129 3143 3131
f 3129 3141 3143
f 3134 3144 3132
f 3132 3144 3142
f 3131 3145 3133
f 3131 3143 3145
f 3135 3146 3134
f 3134 3146 3144
f 3133 3147 3135
f 3133 3145 3147
f 3135 3147 3146
f 3138 3148 3136
f 3136 3149 3137
f 3136 3148 3149
f 3140 3150 3138
f 3138 3150 3148
f 3137 3151 3139
f 3137 3149 3151
f 3142 3152 3140
f 3140 3152 3150
f 3139 3153 3141
f 3139 3151 3153
f 3144 3154 3142
f 3142 3154 3152
f 3141 3155 3143
f 3141 3153 3155
f 3146 3156 3144
f 3144 3156 3154
f 3143 3157 3145
f 3143 3155 3157
f 3147 3158 3146
f 3146 3158 3156
f 3145 3159 3147
f 3145 3157 3159
f 3147 3159 3158
f 3150 3160 3148
f 3148 3161 3149
f 3148 3160 3161
f 3152 3162 3150
f 3150 3162 3160
f 3149 3163 3151
f 3149 3161 3163
f 3154 3164 3152
f 3152 3164 3162
f 3151 3165 3153
f 3151 3163 3165
f 3156 3166 3154
f 3154 3166 3164
f 3153 3167 3155
f 3153 3165 3167
f 3160 3168 3161
f 3162 3169 3160
f 3160 3169 3168
f 3161 3170 3163
f 3161 3168 3170
f 3158 3171 3156
f 3156 3171 3166
f 3155 3172 3157
f 3155 3167 3172
f 3164 3173 3162
f 3162 3173 3169
f 3163 3174 3165
f 3163 3170 3174
f 3159 3175 3158
f 3158 3175 3171
f 3157 3176 3159
f 3157 3172 3176
f 3166 3177 3164
f 3164 3177 3173
f 3159 3176 3175
f 3165 3178 3167
f 3165 3174 3178
f 3171 3179 3166
f 3166 3179 3177
f 3167 3180 3172
f 3167 3178 3180
f 3175 3181 3171
f 3171 3181 3179
f 3172 3182 3176
f 3172 3180 3182
f 3176 3183 3175
f 3175 3183 3181
f 3169 3184 3168
f 3173 3185 3169
f 3169 3185 3184
f 3168 3186 3170
f 3168 3184 3186
f 3176 3182 3183
f 3177 3187 3173
f 3173 3187 3185
f 3170 3188 3174
f 3170 3186 3188
f 3179 3189 3177
f 3177 3189 3187
f 3174 3190 3178
f 3174 3188 3190
f 3181 3191 3179
f 3179 3191 3189
f 3178 3192 3180
f 3178 3190 3192
f 3183 3193 3181
f 3181 3193 3191
f 3180 3194 3182
f 3180 3192 3194
f 3182 3195 3183
f 3183 3195 3193
f 3182 3194 3195
f 3185 3196 3184
f 3187 3197 3185
f 3185 3197 3196
f 3184 3198 3186
f 3184 3196 3198
f 3189 3199 3187
f 3187 3199 3197
f 3186 3200 3188
f 3186 3198 3200
f 3191 3201 3189
f 3189 3201 3199
f 3188 3202 3190
f 3188 3200 3202
f 3193 3203 3191
f 3191 3203 3201
f 3190 3204 3192
f 3190 3202 3204
f 3195 3205 3193
f 3193 3205 3203
f 3192 3206 3194
f 3192 3204 3206
f 3194 3207 3195
f 3195 3207 3205
f 3194 3206 3207
f 3197 3208 3196
f 3199 3209 3197
f 3197 3209 3208
f 3196 3210 3198
f 3196 3208 3210
f 3201 3211 3199
f 3199 3211 3209
f 3198 3212 3200
f 3198 3210 3212
f 3203 3213 3201
f 3201 3213 3211
f 3200 3214 3202
f 3200 3212 3214
f 3205 3215 3203
f 3203 3215 3213
f 3202 3216 3204
f 3202 3214 3216
f 3207 3217 3205
f 3205 3217 3215
f 3204 3218 3206
f 3204 3216 3218
f 3206 3219 3207
f 3207 3219 3217
f 3206 3218 3219
f 3209 3220 3208
f 3211 3221 3209
f 3209 3221 3220
f 3208 3222 3210
f 3208 3220 3222
f 3213 3223 3211
f 3211 3223 3221
f 3210 3224 3212
f 3210 3222 3224
f 3215 3225 3213
f 3213 3225 3223
f 3212 3226 3214
f 3212 3224 3226
f 3217 3227 3215
f 3215 3227 3225
f 3214 3228 3216
f 3214 3226 3228
f 3219 3229 3217
f 3217 3229 3227
f 3216 3230 3218
f 3216 3228 3230
f 3218 3231 3219
f 3219 3231 3229
f 3218 3230 3231
f 3221 3232 3220
f 3223 3233 3221
f 3221 3233 3232
f 3220 3234 3222
f 3220 3232 3234
f 3225 3235 3223
f 3223 3235 3233
f 3222 3236 3224
f 3222 3234 3236
f 3227 3237 3225
f 3225 3237 3235
f 3224 3238 3226
f 3224 3236 3238
f 3229 3239 3227
f 3227 3239 3237
f 3226 3240 3228
f 3226 3238 3240
f 3231 3241 3229
f 3229 3241 3239
f 3228 3242 3230
f 3228 3240 3242
f 3230 3243 3231
f 3231 3243 3241
f 3230 3242 3243
f 3233 3244 3232
f 3235 3245 3233
f 3233 3245 3244
f 3232 3246 3234
f 3232 3244 3246
f 3237 3247 3235
f 3235 3247 3245
f 3234 3248 3236
f 3234 3246 3248
f 3239 3249 3237
f 3237 3249 3247
f 3236 3250 3238
f 3236 3248 3250
f 3241 3251 3239
f 3239 3251 3249
f 3238 3252 3240
f 3238 3250 3252
f 3243 3253 3241
f 3241 3253 3251
f 3240 3254 3242
f 3240 3252 3254
f 3242 3255 3243
f 3243 3255 3253
f 3242 3254 3255
f 3245 3256 3244
f 3247 3257 3245
f 3245 3257 3256
f 3244 3258 3246
f 3244 3256 3258
f 3249 3259 3247
f 3247 3259 3257
f 3246 3260 3248
f 3246 3258 3260
f 3251 3261 3249
f 3249 3261 3259
f 3248 3262 3250
f 3248 3260 3262
f 3253 3263 3251
f 3251 3263 3261
f 3250 3264 3252
f 3250 3262 3264
f 3255 3265 3253
f 3253 3265 3263
f 3252 3266 3254
f 3252 3264 3266
f 3254 3267 3255
f 3255 3267 3265
f 3254 3266 3267
f 3257 3268 3256
f 3259 3269 3257
f 3257 3269 3268
f 3256 3270 3258
f 3256 3268 3270
f 3261 3271 3259
f 3259 3271 3269
f 3258 3272 3260
f 3258 3270 3272
f 3263 3273 3261
f 3261 3273 3271
f 3260 3274 3262
f 3260 3272 3274
f 3265 3275 3263
f 3263 3275 3273
f 3262 3276 3264
f 3262 3274 3276
f 3267 3277 3265
f 3265 3277 3275
f 3264 3278 3266
f 3264 3276 3278
f 3266 3279 3267
f 3267 3279 3277
f 3266 3278 3279
f 3269 3280 3268
f 3271 3281 3269
f 3269 3281 3280
f 3268 3282 3270
f 3268 3280 3282
f 3273 3283 3271
f 3271 3283 3281
f 3270 3284 3272
f 3270 3282 3284
f 3275 3285 3273
f 3273 3285 3283
f 3272 3286 3274
f 3272 3284 3286
f 3277 3287 3275
f 3275 3287 3285
f 3274 3288 3276
f 3274 3286 3288
f 3279 3289 3277
f 3277 3289 3287
f 3276 3290 3278
f 3276 3288 3290
f 3278 3291 3279
f 3279 3291 3289
f 3278 3290 3291
f 3281 3292 3280
f 3283 3293 3281
f 3281 3293 3292
f 3280 3294 3282
f 3280 3292 3294
f 3282 3295 3284
f 3282 3294 3295
f 3285 3296 3283
f 3283 3296 3293
f 3287 3297 3285
f 3285 3297 3296
f 3284 3298 3286
f 3284 3295 3298
f 3289 3299 3287
f 3287 3299 3297
f 3286 3300 3288
f 3286 3298 3300
f 3291 3301 3289
f 3289 3301 3299
f 3288 3302 3290
f 3288 3300 3302
f 3293 3303 3292
f 3296 3304 3293
f 3293 3304 3303
f 3292 3305 3294
f 3292 3303 3305
f 3294 3306 3295
f 3294 3305 3306
f 3290 3307 3291
f 3291 3307 3301
f 3290 3302 3307
f 3297 3308 3296
f 3296 3308 3304
f 3295 3309 3298
f 3295 3306 3309
f 3299 3310 3297
f 3297 3310 3308
f 3298 3311 3300
f 3298 3309 3311
f 3301 3312 3299
f 3299 3312 3310
f 3300 3313 3302
f 3300 3311 3313
f 3307 3314 3301
f 3301 3314 3312
f 3302 3315 3307
f 3302 3313 3315
f 3307 3315 3314
f 3304 3316 3303
f 3303 3317 3305
f 3303 3316 3317
f 3308 3318 3304
f 3304 3318 3316
f 3305 3319 3306
f 3305 3317 3319
f 3306 3320 3309
f 3306 3319 3320
f 3310 3321 3308
f 3308 3321 3318
f 3309 3322 3311
f 3309 3320 3322
f 3312 3323 3310
f 3310 3323 3321
f 3311 3324 3313
f 3311 3322 3324
f 3314 3325 3312
f 3312 3325 3323
f 3313 3326 3315
f 3313 3324 3326
f 3315 3327 3314
f 3314 3327 3325
f 3315 3326 3327
f 3316 3328 3317
f 3318 3329 3316
f 3316 3329 3328
f 3317 3330 3319
f 3317 3328 3330
f 3321 3331 3318
f 3318 3331 3329
f 3319 3332 3320
f 3319 3330 3332
f 3323 3333 3321
f 3321 3333 3331
f 3320 3334 3322
f 3320 3332 3334
f 3325 3335 3323
f 3323 3335 3333
f 3322 3336 3324
f 3322 3334 3336
f 3327 3337 3325
f 3325 3337 3335
f 3324 3338 3326
f 3324 3336 3338
f 3326 3339 3327
f 3327 3339 3337
f 3326 3338 3339
f 3329 3340 3328
f 3331 3341 3329
f 3329 3341 3340
f 3328 3342 3330
f 3328 3340 3342
f 3333 3343 3331
f 3331 3343 3341
f 3330 3344 3332
f 3330 3342 3344
f 3335 3345 3333
f 3333 3345 3343
f 3332 3346 3334
f 3332 3344 3346
f 3337 3347 3335
f 3335 3347 3345
f 3334 3348 3336
f 3334 3346 3348
f 3339 3349 3337
f 3337 3349 3347
f 3336 3350 3338
f 3336 3348 3350
f 3338 3351 3339
f 3339 3351 3349
f 3338 3350 3351
f 3343 3352 3341
f 3345 3353 3343
f 3343 3353 3352
f 3341 3354 3340
f 3341 3352 3354
f 3340 3355 3342
f 3340 3354 3355
f 3342 3356 3344
f 3342 3355 3356
f 3347 3357 3345
f 3345 3357 3353
f 3344 3358 3346
f 3344 3356 3358
f 3349 3359 3347
f 3347 3359 3357
f 3351 3360 3349
f 3349 3360 3359
f 3346 3361 3348
f 3348 3362 3350
f 3348 3361 3362
f 3346 3358 3361
f 3350 3363 3351
f 3351 3363 3360
f 3350 3362 3363
f 3352 3364 3354
f 3353 3365 3352
f 3352 3365 3364
f 3354 3366 3355
f 3354 3364 3366
f 3357 3367 3353
f 3353 3367 3365
f 3355 3368 3356
f 3355 3366 3368
f 3359 3369 3357
f 3357 3369 3367
f 3356 3370 3358
f 3356 3368 3370
f 3360 3371 3359
f 3359 3371 3369
f 3358 3372 3361
f 3358 3370 3372
f 3363 3373 3360
f 3360 3373 3371
f 3361 3374 3362
f 3361 3372 3374
f 3362 3375 3363
f 3363 3375 3373
f 3362 3374 3375
f 3365 3376 3364
f 3367 3377 3365
f 3365 3377 3376
f 3364 3378 3366
f 3364 3376 3378
f 3369 3379 3367
f 3367 3379 3377
f 3366 3380 3368
f 3366 3378 3380
f 3368 3381 3370
f 3368 3380 3381
f 3371 3382 3369
f 3369 3382 3379
f 3373 3383 3371
f 3371 3383 3382
f 3370 3384 3372
f 3370 3381 3384
f 3375 3385 3373
f 3373 3385 3383
f 3372 3386 3374
f 3372 3384 3386
f 3374 3387 3375
f 3375 3387 3385
f 3374 3386 3387
f 3377 3388 3376
f 3379 3389 3377
f 3377 3389 3388
f 3376 3390 3378
f 3376 3388 3390
f 3378 3391 3380
f 3378 3390 3391
f 3382 3392 3379
f 3379 3392 3389
f 3383 3393 3382
f 3382 3393 3392
f 3380 3394 3381
f 3380 3391 3394
f 3385 3395 3383
f 3383 3395 3393
f 3381 3396 3384
f 3381 3394 3396
f 3387 3397 3385
f 3385 3397 3395
f 3384 3398 3386
f 3384 3396 3398
f 3386 3399 3387
f 3387 3399 3397
f 3386 3398 3399
f 3389 3400 3388
f 3392 3401 3389
f 3389 3401 3400
f 3388 3402 3390
f 3388 3400 3402
f 3390 3403 3391
f 3390 3402 3403
f 3393 3404 3392
f 3392 3404 3401
f 3391 3405 3394
f 3391 3403 3405
f 3395 3406 3393
f 3393 3406 3404
f 3394 3407 3396
f 3394 3405 3407
f 3397 3408 3395
f 3395 3408 3406
f 3396 3409 3398
f 3396 3407 3409
f 3399 3410 3397
f 3397 3410 3408
f 3398 3411 3399
f 3399 3411 3410
f 3398 3409 3411
f 3401 3412 3400
f 3404 3413 3401
f 3401 3413 3412
f 3400 3414 3402
f 3400 3412 3414
f 3402 3415 3403
f 3402 3414 3415
f 3406 3416 3404
f 3404 3416 3413
f 3403 3417 3405
f 3403 3415 3417
f 3408 3418 3406
f 3406 3418 3416
f 3405 3419 3407
f 3405 3417 3419
f 3410 3420 3408
f 3408 3420 3418
f 3407 3421 3409
f 3407 3419 3421
f 3411 3422 3410
f 3410 3422 3420
f 3409 3423 3411
f 3411 3423 3422
f 3409 3421 3423
f 3413 3424 3412
f 3412 3425 3414
f 3412 3424 3425
f 3416 3426 3413
f 3413 3426 3424
f 3414 3427 3415
f 3414 3425 3427
f 3418 3428 3416
f 3416 3428 3426
f 3415 3429 3417
f 3415 3427 3429
f 3420 3430 3418
f 3418 3430 3428
f 3417 3431 3419
f 3417 3429 3431
f 3422 3432 3420
f 3420 3432 3430
f 3419 3433 3421
f 3419 3431 3433
f 3423 3434 3422
f 3422 3434 3432
f 3421 3435 3423
f 3423 3435 3434
f 3421 3433 3435
f 3426 3436 3424
f 3428 3437 3426
f 3426 3437 3436
f 3424 3438 3425
f 3424 3436 3438
f 3425 3439 3427
f 3425 3438 3439
f 3430 3440 3428
f 3428 3440 3437
f 3427 3441 3429
f 3427 3439 3441
f 3432 3442 3430
f 3430 3442 3440
f 3429 3443 3431
f 3429 3441 3443
f 3434 3444 3432
f 3432 3444 3442
f 3435 3445 3434
f 3434 3445 3444
f 3431 3446 3433
f 3431 3443 3446
f 3433 3447 3435
f 3435 3447 3445
f 3433 3446 3447
f 3437 3448 3436
f 3440 3449 3437
f 3437 3449 3448
f 3436 3450 3438
f 3436 3448 3450
f 3442 3451 3440
f 3440 3451 3449
f 3438 3452 3439
f 3438 3450 3452
f 3439 3453 3441
f 3439 3452 3453
f 3444 3454 3442
f 3442 3454 3451
f 3441 3455 3443
f 3441 3453 3455
f 3445 3456 3444
f 3444 3456 3454
f 3447 3457 3445
f 3445 3457 3456
f 3443 3458 3446
f 3443 3455 3458
f 3446 3459 3447
f 3447 3459 3457
f 3446 3458 3459
f 3449 3460 3448
f 3451 3461 3449
f 3449 3461 3460
f 3448 3462 3450
f 3448 3460 3462
f 3454 3463 3451
f 3451 3463 3461
f 3450 3464 3452
f 3450 3462 3464
f 3456 3465 3454
f 3454 3465 3463
f 3452 3466 3453
f 3452 3464 3466
f 3457 3467 3456
f 3456 3467 3465
f 3453 3468 3455
f 3453 3466 3468
f 3459 3469 3457
f 3457 3469 3467
f 3455 3470 3458
f 3455 3468 3470
f 3458 3471 3459
f 3459 3471 3469
f 3458 3470 3471
f 3463 3472 3461
f 3461 3473 3460
f 3461 3472 3473
f 3465 3474 3463
f 3463 3474 3472
f 3460 3475 3462
f 3460 3473 3475
f 3467 3476 3465
f 3465 3476 3474
f 3462 3477 3464
f 3462 3475 3477
f 3469 3478 3467
f 3467 3478 3476
f 3464 3479 3466
f 3464 3477 3479
f 3471 3480 3469
f 3469 3480 3478
f 3466 3481 3468
f 3466 3479 3481
f 3470 3482 3471
f 3471 3482 3480
f 3468 3483 3470
f 3470 3483 3482
f 3468 3481 3483
f 3474 3484 3472
f 3476 3485 3474
f 3474 3485 3484
f 3472 3486 3473
f 3472 3484 3486
f 3478 3487 3476
f 3476 3487 3485
f 3473 3488 3475
f 3473 3486 3488
f 3480 3489 3478
f 3478 3489 3487
f 3475 3490 3477
f 3475 3488 3490
f 3482 3491 3480
f 3480 3491 3489
f 3477 3492 3479
f 3477 3490 3492
f 3483 3493 3482
f 3482 3493 3491
f 3479 3494 3481
f 3479 3492 3494
f 3481 3495 3483
f 3483 3495 3493
f 3481 3494 3495
f 3487 3496 3485
f 3489 3497 3487
f 3487 3497 3496
f 3485 3498 3484
f 3485 3496 3498
f 3484 3499 3486
f 3484 3498 3499
f 3486 3500 3488
f 3486 3499 3500
f 3491 3501 3489
f 3489 3501 3497
f 3488 3502 3490
f 3488 3500 3502
f 3493 3503 3491
f 3491 3503 3501
f 3490 3504 3492
f 3490 3502 3504
f 3495 3505 3493
f 3493 3505 3503
f 3492 3506 3494
f 3492 3504 3506
f 3494 3507 3495
f 3495 3507 3505
f 3494 3506 3507
f 3497 3508 3496
f 3496 3509 3498
f 3496 3508 3509
f 3501 3510 3497
f 3497 3510 3508
f 3498 3511 3499
f 3498 3509 3511
f 3499 3512 3500
f 3499 3511 3512
f 3503 3513 3501
f 3501 3513 3510
f 3500 3514 3502
f 3500 3512 3514
f 3505 3515 3503
f 3503 3515 3513
f 3502 3516 3504
f 3502 3514 3516
f 3507 3517 3505
f 3505 3517 3515
f 3506 3518 3507
f 3507 3518 3517
f 3504 3519 3506
f 3504 3516 3519
f 3506 3519 3518
f 3510 3520 3508
f 3508 3521 3509
f 3508 3520 3521
f 3513 3522 3510
f 3510 3522 3520
f 3509 3523 3511
f 3509 3521 3523
f 3515 3524 3513
f 3513 3524 3522
f 3511 3525 3512
f 3511 3523 3525
f 3517 3526 3515
f 3515 3526 3524
f 3512 3527 3514
f 3512 3525 3527
f 3518 3528 3517
f 3517 3528 3526
f 3514 3529 3516
f 3514 3527 3529
f 3519 3530 3518
f 3518 3530 3528
f 3516 3531 3519
f 3516 3529 3531
f 3519 3531 3530
f 3522 3532 3520
f 3524 3533 3522
f 3522 3533 3532
f 3520 3534 3521
f 3520 3532 3534
f 3521 3535 3523
f 3521 3534 3535
f 3526 3536 3524
f 3524 3536 3533
f 3523 3537 3525
f 3523 3535 3537
f 3528 3538 3526
f 3526 3538 3536
f 3525 3539 3527
f 3525 3537 3539
f 3530 3540 3528
f 3528 3540 3538
f 3527 3541 3529
f 3527 3539 3541
f 3531 3542 3530
f 3530 3542 3540
f 3529 3543 3531
f 3531 3543 3542
f 3529 3541 3543
f 3533 3544 3532
f 3536 3545 3533
f 3533 3545 3544
f 3532 3546 3534
f 3532 3544 3546
f 3534 3547 3535
f 3534 3546 3547
f 3538 3548 3536
f 3536 3548 3545
f 3540 3549 3538
f 3538 3549 3548
f 3535 3550 3537
f 3535 3547 3550
f 3537 3551 3539
f 3537 3550 3551
f 3542 3552 3540
f 3540 3552 3549
f 3539 3553 3541
f 3539 3551 3553
f 3543 3554 3542
f 3542 3554 3552
f 3541 3555 3543
f 3543 3555 3554
f 3541 3553 3555
f 3545 3556 3544
f 3548 3557 3545
f 3545 3557 3556
f 3544 3558 3546
f 3544 3556 3558
f 3549 3559 3548
f 3548 3559 3557
f 3546 3560 3547
f 3546 3558 3560
f 3552 3561 3549
f 3549 3561 3559
f 3547 3562 3550
f 3547 3560 3562
f 3554 3563 3552
f 3552 3563 3561
f 3550 3564 3551
f 3550 3562 3564
f 3555 3565 3554
f 3554 3565 3563
f 3551 3566 3553
f 3551 3564 3566
f 3553 3567 3555
f 3555 3567 3565
f 3553 3566 3567
f 3557 3568 3556
f 3559 3569 3557
f 3557 3569 3568
f 3556 3570 3558
f 3556 3568 3570
f 3561 3571 3559
f 3559 3571 3569
f 3558 3572 3560
f 3558 3570 3572
f 3563 3573 3561
f 3561 3573 3571
f 3560 3574 3562
f 3560 3572 3574
f 3565 3575 3563
f 3563 3575 3573
f 3567 3576 3565
f 3565 3576 3575
f 3566 3577 3567
f 3567 3577 3576
f 3564 3578 3566
f 3566 3578 3577
f 3562 3579 3564
f 3564 3579 3578
f 3562 3574 3579
f 3580 3581 3582
f 3583 3584 3581
f 3583 3581 3580
f 3585 3582 3586
f 3580 3582 3585
f 3587 3588 3584
f 3587 3584 3583
f 3589 3586 3590
f 3585 3586 3589
f 3591 3592 3588
f 3591 3588 3587
f 3593 3590 3594
f 3589 3590 3593
f 3595 3596 3592
f 3595 3592 3591
f 3597 3594 3598
f 3593 3594 3597
f 3599 3600 3596
f 3599 3596 3595
f 3601 3598 3602
f 3597 3598 3601
f 3603 3602 3600
f 3603 3600 3599
f 3601 3602 3603
f 3604 3593 3597
f 3605 3589 3593
f 3605 3593 3604
f 3606 3597 3601
f 3604 3597 3606
f 3607 3585 3589
f 3607 3589 3605
f 3608 3601 3603
f 3606 3601 3608
f 3609 3580 3585
f 3609 3585 3607
f 3610 3603 3599
f 3608 3603 3610
f 3611 3583 3580
f 3611 3580 3609
f 3612 3599 3595
f 3610 3599 3612
f 3613 3587 3583
f 3613 3583 3611
f 3614 3591 3587
f 3614 3587 3613
f 3615 3595 3591
f 3615 3591 3614
f 3612 3595 3615
f 3616 3604 3606
f 3617 3605 3604
f 3617 3604 3616
f 3618 3606 3608
f 3616 3606 3618
f 3619 3607 3605
f 3619 3605 3617
f 3620 3608 3610
f 3618 3608 3620
f 3621 3609 3607
f 3621 3607 3619
f 3622 3610 3612
f 3620 3610 3622
f 3623 3611 3609
f 3623 3609 3621
f 3624 3612 3615
f 3622 3612 3624
f 3625 3613 3611
f 3625 3611 3623
f 3626 3615 3614
f 3624 3615 3626
f 3627 3614 3613
f 3627 3613 3625
f 3626 3614 3627
f 3628 3617 3616
f 3629 3619 3617
f 3629 3617 3628
f 3630 3616 3618
f 3628 3616 3630
f 3631 3618 3620
f 3630 3618 3631
f 3632 3620 3622
f 3631 3620 3632
f 3633 3621 3619
f 3633 3619 3629
f 3634 3622 3624
f 3632 3622 3634
f 3635 3623 3621
f 3635 3621 3633
f 3636 3624 3626
f 3634 3624 3636
f 3637 3625 3623
f 3637 3623 3635
f 3638 3626 3627
f 3636 3626 3638
f 3639 3627 3625
f 3639 3625 3637
f 3638 3627 3639
f 3640 3630 3631
f 3641 3628 3630
f 3641 3630 3640
f 3642 3631 3632
f 3640 3631 3642
f 3643 3629 3628
f 3643 3628 3641
f 3644 3632 3634
f 3642 3632 3644
f 3645 3633 3629
f 3645 3629 3643
f 3646 3634 3636
f 3644 3634 3646
f 3647 3635 3633
f 3647 3633 3645
f 3648 3636 3638
f 3646 3636 3648
f 3649 3637 3635
f 3649 3635 3647
f 3650 3638 3639
f 3648 3638 3650
f 3651 3639 3637
f 3651 3637 3649
f 3650 3639 3651
f 3652 3640 3642
f 3653 3641 3640
f 3653 3640 3652
f 3654 3642 3644
f 3652 3642 3654
f 3655 3643 3641
f 3655 3641 3653
f 3656 3644 3646
f 3654 3644 3656
f 3657 3645 3643
f 3657 3643 3655
f 3658 3646 3648
f 3656 3646 3658
f 3659 3647 3645
f 3659 3645 3657
f 3660 3648 3650
f 3658 3648 3660
f 3661 3649 3647
f 3661 3647 3659
f 3662 3650 3651
f 3660 3650 3662
f 3663 3651 3649
f 3663 3649 3661
f 3662 3651 3663
f 3664 3652 3654
f 3665 3653 3652
f 3665 3652 3664
f 3666 3654 3656
f 3664 3654 3666
f 3667 3655 3653
f 3667 3653 3665
f 3668 3656 3658
f 3666 3656 3668
f 3669 3657 3655
f 3669 3655 3667
f 3670 3658 3660
f 3668 3658 3670
f 3671 3659 3657
f 3671 3657 3669
f 3672 3660 3662
f 3670 3660 3672
f 3673 3661 3659
f 3673 3659 3671
f 3674 3662 3663
f 3672 3662 3674
f 3675 3663 3661
f 3675 3661 3673
f 3674 3663 3675
f 3676 3664 3666
f 3677 3665 3664
f 3677 3664 3676
f 3678 3666 3668
f 3676 3666 3678
f 3679 3667 3665
f 3679 3665 3677
f 3680 3668 3670
f 3678 3668 3680
f 3681 3669 3667
f 3681 3667 3679
f 3682 3670 3672
f 3680 3670 3682
f 3683 3671 3669
f 3683 3669 3681
f 3684 3672 3674
f 3682 3672 3684
f 3685 3673 3671
f 3685 3671 3683
f 3686 3674 3675
f 3684 3674 3686
f 3687 3675 3673
f 3687 3673 3685
f 3686 3675 3687
f 3688 3676 3678
f 3689 3677 3676
f 3689 3676 3688
f 3690 3678 3680
f 3688 3678 3690
f 3691 3679 3677
f 3691 3677 3689
f 3692 3680 3682
f 3690 3680 3692
f 3693 3681 3679
f 3693 3679 3691
f 3694 3682 3684
f 3692 3682 3694
f 3695 3683 3681
f 3695 3681 3693
f 3696 3684 3686
f 3694 3684 3696
f 3697 3685 3683
f 3697 3683 3695
f 3698 3686 3687
f 3696 3686 3698
f 3699 3687 3685
f 3699 3685 3697
f 3698 3687 3699
f 3700 3688 3690
f 3701 3689 3688
f 3701 3688 3700
f 3702 3690 3692
f 3700 3690 3702
f 3703 3692 3694
f 3702 3692 3703
f 3704 3691 3689
f 3704 3689 3701
f 3705 3694 3696
f 3703 3694 3705
f 3706 3693 3691
f 3706 3691 3704
f 3707 3696 3698
f 3705 3696 3707
f 3708 3695 3693
f 3708 3693 3706
f 3709 3697 3695
f 3709 3695 3708
f 3710 3698 3699
f 3707 3698 3710
f 3711 3699 3697
f 3711 3697 3709
f 3710 3699 3711
f 3712 3700 3702
f 3713 3702 3703
f 3712 3702 3713
f 3714 3701 3700
f 3714 3700 3712
f 3715 3703 3705
f 3713 3703 3715
f 3716 3704 3701
f 3716 3701 3714
f 3717 3705 3707
f 3715 3705 3717
f 3718 3706 3704
f 3718 3704 3716
f 3719 3707 3710
f 3717 3707 3719
f 3720 3708 3706
f 3720 3706 3718
f 3721 3710 3711
f 3719 3710 3721
f 3722 3709 3708
f 3722 3708 3720
f 3723 3711 3709
f 3721 3711 3723
f 3724 3712 3713
f 3725 3713 3715
f 3724 3713 3725
f 3723 3709 3722
f 3726 3714 3712
f 3726 3712 3724
f 3727 3715 3717
f 3725 3715 3727
f 3728 3716 3714
f 3728 3714 3726
f 3729 3717 3719
f 3727 3717 3729
f 3730 3718 3716
f 3730 3716 3728
f 3731 3719 3721
f 3729 3719 3731
f 3732 3720 3718
f 3732 3718 3730
f 3733 3721 3723
f 3731 3721 3733
f 3734 3722 3720
f 3734 3720 3732
f 3735 3723 3722
f 3733 3723 3735
f 3735 3722 3734
f 3736 3724 3725
f 3737 3725 3727
f 3736 3725 3737
f 3738 3726 3724
f 3738 3724 3736
f 3739 3727 3729
f 3737 3727 3739
f 3740 3729 3731
f 3739 3729 3740
f 3741 3728 3726
f 3741 3726 3738
f 3742 3730 3728
f 3742 3728 3741
f 3743 3731 3733
f 3740 3731 3743
f 3744 3733 3735
f 3743 3733 3744
f 3745 3732 3730
f 3745 3730 3742
f 3746 3734 3732
f 3746 3732 3745
f 3747 3735 3734
f 3744 3735 3747
f 3747 3734 3746
f 3748 3737 3739
f 3749 3736 3737
f 3749 3737 3748
f 3750 3739 3740
f 3748 3739 3750
f 3751 3738 3736
f 3751 3736 3749
f 3752 3740 3743
f 3750 3740 3752
f 3753 3741 3738
f 3753 3738 3751
f 3754 3743 3744
f 3752 3743 3754
f 3755 3742 3741
f 3755 3741 3753
f 3756 3744 3747
f 3754 3744 3756
f 3757 3745 3742
f 3757 3742 3755
f 3758 3747 3746
f 3756 3747 3758
f 3759 3746 3745
f 3759 3745 3757
f 3758 3746 3759
f 3760 3748 3750
f 3761 3749 3748
f 3761 3748 3760
f 3762 3750 3752
f 3760 3750 3762
f 3763 3751 3749
f 3763 3749 3761
f 3764 3752 3754
f 3762 3752 3764
f 3765 3753 3751
f 3765 3751 3763
f 3766 3754 3756
f 3764 3754 3766
f 3767 3755 3753
f 3767 3753 3765
f 3768 3756 3758
f 3766 3756 3768
f 3769 3757 3755
f 3769 3755 3767
f 3770 3758 3759
f 3768 3758 3770
f 3771 3759 3757
f 3771 3757 3769
f 3770 3759 3771
f 3772 3760 3762
f 3773 3761 3760
f 3773 3760 3772
f 3774 3762 3764
f 3772 3762 3774
f 3775 3764 3766
f 3774 3764 3775
f 3776 3763 3761
f 3776 3761 3773
f 3777 3766 3768
f 3775 3766 3777
f 3778 3765 3763
f 3778 3763 3776
f 3779 3768 3770
f 3777 3768 3779
f 3780 3767 3765
f 3780 3765 3778
f 3781 3770 3771
f 3779 3770 3781
f 3782 3769 3767
f 3782 3767 3780
f 3783 3771 3769
f 3783 3769 3782
f 3781 3771 3783
f 3784 3772 3774
f 3785 3774 3775
f 3784 3774 3785
f 3786 3773 3772
f 3786 3772 3784
f 3787 3775 3777
f 3785 3775 3787
f 3788 3776 3773
f 3788 3773 3786
f 3789 3777 3779
f 3787 3777 3789
f 3790 3778 3776
f 3790 3776 3788
f 3791 3779 3781
f 3789 3779 3791
f 3792 3780 3778
f 3792 3778 3790
f 3793 3781 3783
f 3791 3781 3793
f 3794 3782 3780
f 3794 3780 3792
f 3795 3783 3782
f 3793 3783 3795
f 3795 3782 3794
f 3796 3784 3785
f 3797 3785 3787
f 3796 3785 3797
f 3798 3786 3784
f 3798 3784 3796
f 3799 3787 3789
f 3797 3787 3799
f 3800 3788 3786
f 3800 3786 3798
f 3801 3789 3791
f 3799 3789 3801
f 3802 3790 3788
f 3802 3788 3800
f 3803 3791 3793
f 3801 3791 3803
f 3804 3792 3790
f 3804 3790 3802
f 3805 3793 3795
f 3803 3793 3805
f 3806 3794 3792
f 3806 3792 3804
f 3807 3795 3794
f 3805 3795 3807
f 3807 3794 3806
f 3808 3796 3797
f 3809 3797 3799
f 3808 3797 3809
f 3810 3798 3796
f 3810 3796 3808
f 3811 3799 3801
f 3809 3799 3811
f 3812 3801 3803
f 3811 3801 3812
f 3813 3800 3798
f 3813 3798 3810
f 3814 3803 3805
f 3812 3803 3814
f 3815 3802 3800
f 3815 3800 3813
f 3816 3805 3807
f 3814 3805 3816
f 3817 3804 3802
f 3817 3802 3815
f 3818 3807 3806
f 3816 3807 3818
f 3819 3806 3804
f 3819 3804 3817
f 3818 3806 3819
f 3820 3809 3811
f 3821 3808 3809
f 3821 3809 3820
f 3822 3811 3812
f 3820 3811 3822
f 3823 3810 3808
f 3823 3808 3821
f 3824 3812 3814
f 3822 3812 3824
f 3825 3813 3810
f 3825 3810 3823
f 3826 3814 3816
f 3824 3814 3826
f 3827 3815 3813
f 3827 3813 3825
f 3828 3816 3818
f 3826 3816 3828
f 3829 3817 3815
f 3829 3815 3827
f 3830 3818 3819
f 3828 3818 3830
f 3831 3819 3817
f 3831 3817 3829
f 3830 3819 3831
f 3832 3820 3822
f 3833 3821 3820
f 3833 3820 3832
f 3834 3822 3824
f 3832 3822 3834
f 3835 3823 3821
f 3835 3821 3833
f 3836 3824 3826
f 3834 3824 3836
f 3837 3825 3823
f 3837 3823 3835
f 3838 3826 3828
f 3836 3826 3838
f 3839 3827 3825
f 3839 3825 3837
f 3840 3828 3830
f 3838 3828 3840
f 3841 3829 3827
f 3841 3827 3839
f 3842 3830 3831
f 3840 3830 3842
f 3843 3831 3829
f 3843 3829 3841
f 3842 3831 3843
f 3844 3832 3834
f 3845 3833 3832
f 3845 3832 3844
f 3846 3834 3836
f 3844 3834 3846
f 3847 3835 3833
f 3847 3833 3845
f 3848 3836 3838
f 3846 3836 3848
f 3849 3837 3835
f 3849 3835 3847
f 3850 3838 3840
f 3848 3838 3850
f 3851 3839 3837
f 3851 3837 3849
f 3852 3840 3842
f 3850 3840 3852
f 3853 3841 3839
f 3853 3839 3851
f 3854 3842 3843
f 3852 3842 3854
f 3855 3843 3841
f 3855 3841 3853
f 3854 3843 3855
f 3856 3844 3846
f 3857 3845 3844
f 3857 3844 3856
f 3858 3846 3848
f 3856 3846 3858
f 3859 3848 3850
f 3858 3848 3859
f 3860 3847 3845
f 3860 3845 3857
f 3861 3850 3852
f 3859 3850 3861
f 3862 3849 3847
f 3862 3847 3860
f 3863 3852 3854
f 3861 3852 3863
f 3864 3851 3849
f 3864 3849 3862
f 3865 3856 3858
f 3866 3858 3859
f 3865 3858 3866
f 3867 3857 3856
f 3867 3856 3865
f 3866 3859 3868
f 3868 3859 3861
f 3869 3854 3855
f 3863 3854 3869
f 3870 3860 3857
f 3870 3857 3867
f 3871 3853 3851
f 3871 3851 3864
f 3872 3865 3866
f 3873 3866 3868
f 3872 3866 3873
f 3874 3867 3865
f 3874 3865 3872
f 3875 3855 3853
f 3875 3853 3871
f 3869 3855 3875
f 3868 3861 3876
f 3876 3861 3863
f 3877 3868 3876
f 3873 3868 3877
f 3878 3862 3860
f 3878 3860 3870
f 3879 3870 3867
f 3879 3867 3874
f 3876 3863 3880
f 3880 3863 3869
f 3877 3876 3881
f 3881 3876 3880
f 3882 3872 3873
f 3883 3873 3877
f 3882 3873 3883
f 3884 3874 3872
f 3884 3872 3882
f 3885 3864 3862
f 3885 3862 3878
f 3886 3878 3870
f 3886 3870 3879
f 3887 3877 3881
f 3883 3877 3887
f 3880 3869 3888
f 3888 3869 3875
f 3889 3879 3874
f 3889 3874 3884
f 3881 3880 3890
f 3890 3880 3888
f 3891 3871 3864
f 3891 3864 3885
f 3887 3881 3892
f 3892 3881 3890
f 3893 3875 3871
f 3888 3875 3893
f 3894 3885 3878
f 3894 3878 3886
f 3893 3871 3891
f 3895 3882 3883
f 3896 3883 3887
f 3895 3883 3896
f 3897 3886 3879
f 3897 3879 3889
f 3898 3884 3882
f 3898 3882 3895
f 3890 3888 3899
f 3899 3888 3893
f 3900 3887 3892
f 3896 3887 3900
f 3901 3891 3885
f 3901 3885 3894
f 3892 3890 3902
f 3902 3890 3899
f 3903 3889 3884
f 3903 3884 3898
f 3904 3893 3891
f 3899 3893 3904
f 3904 3891 3901
f 3905 3894 3886
f 3905 3886 3897
f 3900 3892 3906
f 3906 3892 3902
f 3907 3899 3904
f 3902 3899 3907
f 3908 3897 3889
f 3908 3889 3903
f 3909 3895 3896
f 3910 3898 3895
f 3910 3895 3909
f 3911 3896 3900
f 3909 3896 3911
f 3912 3901 3894
f 3912 3894 3905
f 3913 3900 3906
f 3911 3900 3913
f 3914 3904 3901
f 3907 3904 3914
f 3906 3902 3915
f 3915 3902 3907
f 3914 3901 3912
f 3916 3903 3898
f 3916 3898 3910
f 3917 3905 3897
f 3917 3897 3908
f 3913 3906 3918
f 3918 3906 3915
f 3919 3907 3914
f 3915 3907 3919
f 3920 3908 3903
f 3920 3903 3916
f 3921 3909 3911
f 3922 3911 3913
f 3921 3911 3922
f 3923 3912 3905
f 3923 3905 3917
f 3924 3910 3909
f 3924 3909 3921
f 3925 3914 3912
f 3919 3914 3925
f 3926 3913 3918
f 3922 3913 3926
f 3925 3912 3923
f 3918 3915 3927
f 3927 3915 3919
f 3928 3916 3910
f 3928 3910 3924
f 3929 3917 3908
f 3929 3908 3920
f 3930 3918 3927
f 3926 3918 3930
f 3931 3919 3925
f 3927 3919 3931
f 3932 3920 3916
f 3932 3916 3928
f 3933 3923 3917
f 3933 3917 3929
f 3934 3921 3922
f 3935 3922 3926
f 3934 3922 3935
f 3936 3924 3921
f 3936 3921 3934
f 3937 3925 3923
f 3931 3925 3937
f 3937 3923 3933
f 3930 3927 3938
f 3938 3927 3931
f 3939 3926 3930
f 3935 3926 3939
f 3940 3928 3924
f 3940 3924 3936
f 3941 3929 3920
f 3941 3920 3932
f 3942 3930 3938
f 3939 3930 3942
f 3943 3931 3937
f 3938 3931 3943
f 3944 3933 3929
f 3944 3929 3941
f 3945 3932 3928
f 3945 3928 3940
f 3946 3934 3935
f 3947 3935 3939
f 3946 3935 3947
f 3948 3936 3934
f 3948 3934 3946
f 3949 3937 3933
f 3943 3937 3949
f 3949 3933 3944
f 3942 3938 3950
f 3950 3938 3943
f 3951 3939 3942
f 3947 3939 3951
f 3952 3940 3936
f 3952 3936 3948
f 3953 3941 3932
f 3953 3932 3945
f 3951 3942 3954
f 3954 3942 3950
f 3955 3943 3949
f 3950 3943 3955
f 3956 3944 3941
f 3956 3941 3953
f 3957 3945 3940
f 3957 3940 3952
f 3958 3946 3947
f 3959 3947 3951
f 3958 3947 3959
f 3960 3948 3946
f 3960 3946 3958
f 3961 3949 3944
f 3955 3949 3961
f 3961 3944 3956
f 3962 3951 3954
f 3959 3951 3962
f 3954 3950 3963
f 3963 3950 3955
f 3964 3952 3948
f 3964 3948 3960
f 3965 3953 3945
f 3965 3945 3957
f 3962 3954 3966
f 3966 3954 3963
f 3967 3955 3961
f 3963 3955 3967
f 3968 3957 3952
f 3968 3952 3964
f 3969 3958 3959
f 3970 3959 3962
f 3969 3959 3970
f 3971 3956 3953
f 3971 3953 3965
f 3972 3960 3958
f 3972 3958 3969
f 3973 3961 3956
f 3967 3961 3973
f 3974 3962 3966
f 3970 3962 3974
f 3973 3956 3971
f 3966 3963 3975
f 3975 3963 3967
f 3976 3964 3960
f 3976 3960 3972
f 3977 3965 3957
f 3977 3957 3968
f 3974 3966 3978
f 3978 3966 3975
f 3979 3967 3973
f 3975 3967 3979
f 3980 3969 3970
f 3981 3970 3974
f 3980 3970 3981
f 3982 3968 3964
f 3982 3964 3976
f 3983 3972 3969
f 3983 3969 3980
f 3984 3971 3965
f 3984 3965 3977
f 3985 3974 3978
f 3981 3974 3985
f 3986 3973 3971
f 3979 3973 3986
f 3986 3971 3984
f 3978 3975 3987
f 3987 3975 3979
f 3988 3976 3972
f 3988 3972 3983
f 3989 3977 3968
f 3989 3968 3982
f 3985 3978 3990
f 3990 3978 3987
f 3991 3980 3981
f 3992 3981 3985
f 3991 3981 3992
f 3993 3983 3980
f 3993 3980 3991
f 3994 3979 3986
f 3987 3979 3994
f 3995 3982 3976
f 3995 3976 3988
f 3992 3985 3996
f 3996 3985 3990
f 3997 3984 3977
f 3997 3977 3989
f 3998 3988 3983
f 3998 3983 3993
f 3999 3986 3984
f 3994 3986 3999
f 3990 3987 4000
f 4000 3987 3994
f 3999 3984 3997
f 4001 3991 3992
f 4002 3992 3996
f 4001 3992 4002
f 3996 3990 4003
f 4003 3990 4000
f 4004 3989 3982
f 4004 3982 3995
f 4005 3993 3991
f 4005 3991 4001
f 4006 3996 4003
f 4002 3996 4006
f 4007 3995 3988
f 4007 3988 3998
f 4000 3994 4008
f 4008 3994 3999
f 4009 3998 3993
f 4009 3993 4005
f 4010 3997 3989
f 4010 3989 4004
f 4003 4000 4011
f 4011 4000 4008
f 4006 4003 4012
f 4012 4003 4011
f 4013 3999 3997
f 4008 3999 4013
f 4013 3997 4010
f 4014 4004 3995
f 4014 3995 4007
f 4015 4001 4002
f 4016 4002 4006
f 4015 4002 4016
f 4017 4005 4001
f 4017 4001 4015
f 4018 4007 3998
f 4018 3998 4009
f 4019 4006 4012
f 4016 4006 4019
f 4011 4008 4020
f 4020 4008 4013
f 4012 4011 4021
f 4021 4011 4020
f 4022 4009 4005
f 4022 4005 4017
f 4023 4010 4004
f 4023 4004 4014
f 4024 4013 4010
f 4020 4013 4024
f 4025 4012 4021
f 4019 4012 4025
f 4024 4010 4023
f 4026 4014 4007
f 4026 4007 4018
f 4021 4020 4027
f 4027 4020 4024
f 4028 4018 4009
f 4028 4009 4022
f 4029 4023 4014
f 4029 4014 4026
f 4030 4021 4027
f 4025 4021 4030
f 4031 4024 4023
f 4027 4024 4031
f 4031 4023 4029
f 4032 4026 4018
f 4032 4018 4028
f 4033 4027 4031
f 4030 4027 4033
f 4034 4029 4026
f 4034 4026 4032
f 4035 4031 4029
f 4033 4031 4035
f 4036 4015 4016
f 4037 4016 4019
f 4036 4016 4037
f 4035 4029 4034
f 4038 4017 4015
f 4038 4015 4036
f 4039 4019 4025
f 4037 4019 4039
f 4040 4022 4017
f 4040 4017 4038
f 4041 4025 4030
f 4039 4025 4041
f 4042 4028 4022
f 4042 4022 4040
f 4043 4030 4033
f 4041 4030 4043
f 4044 4032 4028
f 4044 4028 4042
f 4045 4033 4035
f 4043 4033 4045
f 4046 4034 4032
f 4046 4032 4044
f 4047 4035 4034
f 4045 4035 4047
f 4047 4034 4046
f 4048 4036 4037
f 4049 4038 4036
f 4049 4036 4048
f 4050 4037 4039
f 4048 4037 4050
f 4051 4039 4041
f 4050 4039 4051
f 4052 4040 4038
f 4052 4038 4049
f 4053 4041 4043
f 4051 4041 4053
f 4054 4042 4040
f 4054 4040 4052
f 4055 4043 4045
f 4053 4043 4055
f 4056 4044 4042
f 4056 4042 4054
f 4057 4045 4047
f 4055 4045 4057
f 4058 4046 4044
f 4058 4044 4056
f 4059 4047 4046
f 4057 4047 4059
f 4059 4046 4058
f 4060 4048 4050
f 4061 4049 4048
f 4061 4048 4060
f 4062 4050 4051
f 4060 4050 4062
f 4063 4051 4053
f 4062 4051 4063
f 4064 4052 4049
f 4064 4049 4061
f 4065 4053 4055
f 4063 4053 4065
f 4066 4054 4052
f 4066 4052 4064
f 4067 4055 4057
f 4065 4055 4067
f 4068 4056 4054
f 4068 4054 4066
f 4069 4057 4059
f 4067 4057 4069
f 4070 4058 4056
f 4070 4056 4068
f 4071 4059 4058
f 4069 4059 4071
f 4071 4058 4070
f 4072 4060 4062
f 4073 4062 4063
f 4072 4062 4073
f 4074 4061 4060
f 4074 4060 4072
f 4075 4063 4065
f 4073 4063 4075
f 4076 4064 4061
f 4076 4061 4074
f 4077 4065 4067
f 4075 4065 4077
f 4078 4066 4064
f 4078 4064 4076
f 4079 4067 4069
f 4077 4067 4079
f 4080 4068 4066
f 4080 4066 4078
f 4081 4069 4071
f 4079 4069 4081
f 4082 4070 4068
f 4082 4068 4080
f 4083 4071 4070
f 4081 4071 4083
f 4083 4070 4082
f 4084 4072 4073
f 4085 4074 4072
f 4085 4072 4084
f 4086 4073 4075
f 4084 4073 4086
f 4087 4075 4077
f 4086 4075 4087
f 4088 4076 4074
f 4088 4074 4085
f 4089 4077 4079
f 4087 4077 4089
f 4090 4078 4076
f 4090 4076 4088
f 4091 4079 4081
f 4089 4079 4091
f 4092 4080 4078
f 4092 4078 4090
f 4093 4081 4083
f 4091 4081 4093
f 4094 4082 4080
f 4094 4080 4092
f 4095 4083 4082
f 4093 4083 4095
f 4095 4082 4094
f 4096 4084 4086
f 4097 4086 4087
f 4096 4086 4097
f 4098 4085 4084
f 4098 4084 4096
f 4099 4087 4089
f 4097 4087 4099
f 4100 4088 4085
f 4100 4085 4098
f 4101 4089 4091
f 4099 4089 4101
f 4102 4090 4088
f 4102 4088 4100
f 4103 4092 4090
f 4103 4090 4102
f 4104 4091 4093
f 4101 4091 4104
f 4105 4093 4095
f 4104 4093 4105
f 4106 4095 4094
f 4105 4095 4106
f 4107 4094 4092
f 4107 4092 4103
f 4106 4094 4107
f 4108 4096 4097
f 4109 4097 4099
f 4108 4097 4109
f 4110 4098 4096
f 4110 4096 4108
f 4111 4099 4101
f 4109 4099 4111
f 4112 4100 4098
f 4112 4098 4110
f 4113 4101 4104
f 4111 4101 4113
f 4114 4102 4100
f 4114 4100 4112
f 4115 4104 4105
f 4113 4104 4115
f 4116 4103 4102
f 4116 4102 4114
f 4117 4105 4106
f 4115 4105 4117
f 4118 4107 4103
f 4118 4103 4116
f 4119 4106 4107
f 4117 4106 4119
f 4119 4107 4118
f 4120 4108 4109
f 4121 4109 4111
f 4120 4109 4121
f 4122 4110 4108
f 4122 4108 4120
f 4123 4111 4113
f 4121 4111 4123
f 4124 4112 4110
f 4124 4110 4122
f 4125 4113 4115
f 4123 4113 4125
f 4126 4114 4112
f 4126 4112 4124
f 4127 4115 4117
f 4125 4115 4127
f 4128 4116 4114
f 4128 4114 4126
f 4129 4117 4119
f 4127 4117 4129
f 4130 4118 4116
f 4130 4116 4128
f 4131 4119 4118
f 4131 4118 4130
f 4129 4119 4131
f 4132 4120 4121
f 4133 4121 4123
f 4132 4121 4133
f 4134 4122 4120
f 4134 4120 4132
f 4135 4123 4125
f 4133 4123 4135
f 4136 4124 4122
f 4136 4122 4134
f 4137 4125 4127
f 4135 4125 4137
f 4138 4126 4124
f 4138 4124 4136
f 4139 4127 4129
f 4137 4127 4139
f 4140 4128 4126
f 4140 4126 4138
f 4141 4129 4131
f 4139 4129 4141
f 4142 4130 4128
f 4142 4128 4140
f 4143 4131 4130
f 4143 4130 4142
f 4141 4131 4143
f 4144 4132 4133
f 4145 4134 4132
f 4145 4132 4144
f 4146 4133 4135
f 4144 4133 4146
f 4147 4135 4137
f 4146 4135 4147
f 4148 4136 4134
f 4148 4134 4145
f 4149 4137 4139
f 4147 4137 4149
f 4150 4138 4136
f 4150 4136 4148
f 4151 4139 4141
f 4149 4139 4151
f 4152 4140 4138
f 4152 4138 4150
f 4153 4141 4143
f 4151 4141 4153
f 4154 4142 4140
f 4154 4140 4152
f 4144 4146 4145
f 4145 4146 4147
f 4155 4143 4142
f 4155 4142 4154
f 4153 4143 4155
f 4145 4147 4148
f 4148 4147 4149
f 4148 4149 4150
f 4150 4149 4151
f 4150 4151 4152
f 4152 4151 4153
f 4152 4153 4154
f 4154 4153 4155
f 4156 4157 4158
f 4159 4160 4157
f 4159 4157 4156
f 4161 4158 4162
f 4156 4158 4161
f 4163 4164 4160
f 4163 4160 4159
f 4165 4162 4166
f 4161 4162 4165
f 4167 4168 4164
f 4167 4164 4163
f 4169 4166 4170
f 4165 4166 4169
f 4171 4172 4168
f 4171 4168 4167
f 4173 4170 4174
f 4169 4170 4173
f 4175 4176 4172
f 4175 4172 4171
f 4177 4174 4178
f 4173 4174 4177
f 4179 4178 4176
f 4179 4176 4175
f 4177 4178 4179
f 4180 4156 4161
f 4181 4159 4156
f 4181 4156 4180
f 4182 4161 4165
f 4180 4161 4182
f 4183 4163 4159
f 4183 4159 4181
f 4184 4165 4169
f 4182 4165 4184
f 4185 4167 4163
f 4185 4163 4183
f 4186 4169 4173
f 4184 4169 4186
f 4187 4171 4167
f 4187 4167 4185
f 4188 4173 4177
f 4186 4173 4188
f 4189 4175 4171
f 4189 4171 4187
f 4190 4177 4179
f 4188 4177 4190
f 4191 4179 4175
f 4191 4175 4189
f 4190 4179 4191
f 4192 4181 4180
f 4193 4183 4181
f 4193 4181 4192
f 4194 4180 4182
f 4192 4180 4194
f 4195 4182 4184
f 4194 4182 4195
f 4196 4184 4186
f 4195 4184 4196
f 4197 4186 4188
f 4196 4186 4197
f 4198 4188 4190
f 4197 4188 4198
f 4199 4185 4183
f 4199 4183 4193
f 4200 4190 4191
f 4198 4190 4200
f 4201 4187 4185
f 4201 4185 4199
f 4202 4191 4189
f 4200 4191 4202
f 4203 4189 4187
f 4203 4187 4201
f 4202 4189 4203
f 4204 4194 4195
f 4205 4192 4194
f 4205 4194 4204
f 4206 4195 4196
f 4204 4195 4206
f 4207 4196 4197
f 4206 4196 4207
f 4208 4193 4192
f 4208 4192 4205
f 4209 4197 4198
f 4207 4197 4209
f 4210 4199 4193
f 4210 4193 4208
f 4211 4198 4200
f 4209 4198 4211
f 4212 4201 4199
f 4212 4199 4210
f 4213 4203 4201
f 4213 4201 4212
f 4214 4202 4203
f 4214 4203 4213
f 4215 4200 4202
f 4215 4202 4214
f 4211 4200 4215
f 4216 4204 4206
f 4217 4205 4204
f 4217 4204 4216
f 4218 4206 4207
f 4216 4206 4218
f 4219 4207 4209
f 4218 4207 4219
f 4220 4208 4205
f 4220 4205 4217
f 4221 4209 4211
f 4219 4209 4221
f 4222 4210 4208
f 4222 4208 4220
f 4223 4211 4215
f 4221 4211 4223
f 4224 4212 4210
f 4225 4213 4212
f 4225 4212 4224
f 4224 4210 4222
f 4226 4214 4213
f 4226 4213 4225
f 4227 4215 4214
f 4227 4214 4226
f 4223 4215 4227
f 4228 4216 4218
f 4229 4217 4216
f 4229 4216 4228
f 4230 4218 4219
f 4228 4218 4230
f 4231 4220 4217
f 4231 4217 4229
f 4232 4219 4221
f 4230 4219 4232
f 4233 4222 4220
f 4233 4220 4231
f 4234 4221 4223
f 4232 4221 4234
f 4235 4224 4222
f 4235 4222 4233
f 4236 4223 4227
f 4234 4223 4236
f 4237 4225 4224
f 4237 4224 4235
f 4238 4227 4226
f 4236 4227 4238
f 4239 4226 4225
f 4239 4225 4237
f 4238 4226 4239
f 4240 4228 4230
f 4241 4229 4228
f 4241 4228 4240
f 4242 4230 4232
f 4240 4230 4242
f 4243 4231 4229
f 4243 4229 4241
f 4244 4232 4234
f 4242 4232 4244
f 4245 4233 4231
f 4245 4231 4243
f 4246 4234 4236
f 4244 4234 4246
f 4247 4235 4233
f 4247 4233 4245
f 4248 4236 4238
f 4246 4236 4248
f 4249 4237 4235
f 4249 4235 4247
f 4250 4239 4237
f 4250 4237 4249
f 4251 4238 4239
f 4251 4239 4250
f 4248 4238 4251
f 4252 4241 4240
f 4253 4243 4241
f 4253 4241 4252
f 4254 4240 4242
f 4252 4240 4254
f 4255 4242 4244
f 4254 4242 4255
f 4256 4245 4243
f 4256 4243 4253
f 4257 4244 4246
f 4255 4244 4257
f 4258 4247 4245
f 4258 4245 4256
f 4259 4246 4248
f 4257 4246 4259
f 4260 4249 4247
f 4260 4247 4258
f 4261 4248 4251
f 4259 4248 4261
f 4262 4250 4249
f 4262 4249 4260
f 4263 4251 4250
f 4261 4251 4263
f 4263 4250 4262
f 4264 4252 4254
f 4265 4254 4255
f 4264 4254 4265
f 4266 4253 4252
f 4266 4252 4264
f 4267 4255 4257
f 4265 4255 4267
f 4268 4256 4253
f 4268 4253 4266
f 4269 4257 4259
f 4267 4257 4269
f 4270 4258 4256
f 4270 4256 4268
f 4271 4259 4261
f 4269 4259 4271
f 4272 4260 4258
f 4272 4258 4270
f 4273 4261 4263
f 4271 4261 4273
f 4274 4262 4260
f 4274 4260 4272
f 4275 4263 4262
f 4273 4263 4275
f 4275 4262 4274
f 4276 4264 4265
f 4277 4266 4264
f 4277 4264 4276
f 4278 4265 4267
f 4276 4265 4278
f 4279 4267 4269
f 4278 4267 4279
f 4280 4268 4266
f 4280 4266 4277
f 4281 4269 4271
f 4279 4269 4281
f 4282 4270 4268
f 4282 4268 4280
f 4283 4271 4273
f 4281 4271 4283
f 4284 4272 4270
f 4284 4270 4282
f 4285 4273 4275
f 4283 4273 4285
f 4286 4274 4272
f 4286 4272 4284
f 4287 4275 4274
f 4287 4274 4286
f 4285 4275 4287
f 4288 4276 4278
f 4289 4277 4276
f 4289 4276 4288
f 4290 4278 4279
f 4288 4278 4290
f 4291 4280 4277
f 4291 4277 4289
f 4292 4279 4281
f 4290 4279 4292
f 4293 4282 4280
f 4293 4280 4291
f 4294 4281 4283
f 4292 4281 4294
f 4295 4284 4282
f 4295 4282 4293
f 4296 4283 4285
f 4294 4283 4296
f 4297 4286 4284
f 4297 4284 4295
f 4298 4285 4287
f 4296 4285 4298
f 4299 4287 4286
f 4299 4286 4297
f 4298 4287 4299
f 4300 4288 4290
f 4301 4289 4288
f 4301 4288 4300
f 4302 4290 4292
f 4300 4290 4302
f 4303 4291 4289
f 4303 4289 4301
f 4304 4292 4294
f 4302 4292 4304
f 4305 4293 4291
f 4305 4291 4303
f 4306 4294 4296
f 4304 4294 4306
f 4307 4295 4293
f 4307 4293 4305
f 4308 4296 4298
f 4306 4296 4308
f 4309 4297 4295
f 4309 4295 4307
f 4310 4298 4299
f 4308 4298 4310
f 4311 4299 4297
f 4311 4297 4309
f 4310 4299 4311
f 4312 4300 4302
f 4313 4301 4300
f 4313 4300 4312
f 4314 4302 4304
f 4312 4302 4314
f 4315 4303 4301
f 4315 4301 4313
f 4316 4304 4306
f 4314 4304 4316
f 4317 4305 4303
f 4317 4303 4315
f 4318 4306 4308
f 4316 4306 4318
f 4319 4307 4305
f 4319 4305 4317
f 4320 4308 4310
f 4318 4308 4320
f 4321 4309 4307
f 4321 4307 4319
f 4322 4310 4311
f 4320 4310 4322
f 4323 4311 4309
f 4323 4309 4321
f 4322 4311 4323
f 4324 4312 4314
f 4325 4313 4312
f 4325 4312 4324
f 4326 4314 4316
f 4324 4314 4326
f 4327 4315 4313
f 4327 4313 4325
f 4328 4316 4318
f 4326 4316 4328
f 4329 4317 4315
f 4329 4315 4327
f 4330 4318 4320
f 4328 4318 4330
f 4331 4319 4317
f 4331 4317 4329
f 4332 4320 4322
f 4330 4320 4332
f 4333 4321 4319
f 4333 4319 4331
f 4334 4322 4323
f 4332 4322 4334
f 4335 4323 4321
f 4335 4321 4333
f 4334 4323 4335
f 4336 4324 4326
f 4337 4325 4324
f 4337 4324 4336
f 4338 4326 4328
f 4336 4326 4338
f 4339 4327 4325
f 4339 4325 4337
f 4340 4328 4330
f 4338 4328 4340
f 4341 4329 4327
f 4341 4327 4339
f 4342 4330 4332
f 4340 4330 4342
f 4343 4331 4329
f 4343 4329 4341
f 4344 4332 4334
f 4342 4332 4344
f 4345 4333 4331
f 4345 4331 4343
f 4346 4334 4335
f 4344 4334 4346
f 4347 4335 4333
f 4347 4333 4345
f 4346 4335 4347
f 4348 4336 4338
f 4349 4337 4336
f 4349 4336 4348
f 4350 4338 4340
f 4348 4338 4350
f 4351 4339 4337
f 4351 4337 4349
f 4352 4340 4342
f 4350 4340 4352
f 4353 4341 4339
f 4353 4339 4351
f 4354 4342 4344
f 4352 4342 4354
f 4355 4343 4341
f 4355 4341 4353
f 4356 4344 4346
f 4354 4344 4356
f 4357 4345 4343
f 4357 4343 4355
f 4358 4346 4347
f 4356 4346 4358
f 4359 4347 4345
f 4359 4345 4357
f 4358 4347 4359
f 4360 4348 4350
f 4361 4349 4348
f 4361 4348 4360
f 4362 4350 4352
f 4360 4350 4362
f 4363 4351 4349
f 4363 4349 4361
f 4364 4352 4354
f 4362 4352 4364
f 4365 4353 4351
f 4365 4351 4363
f 4366 4354 4356
f 4364 4354 4366
f 4367 4355 4353
f 4367 4353 4365
f 4368 4356 4358
f 4366 4356 4368
f 4369 4357 4355
f 4369 4355 4367
f 4370 4358 4359
f 4368 4358 4370
f 4371 4359 4357
f 4371 4357 4369
f 4370 4359 4371
f 4372 4360 4362
f 4373 4361 4360
f 4373 4360 4372
f 4374 4362 4364
f 4372 4362 4374
f 4375 4363 4361
f 4375 4361 4373
f 4376 4364 4366
f 4374 4364 4376
f 4377 4365 4363
f 4377 4363 4375
f 4378 4366 4368
f 4376 4366 4378
f 4379 4367 4365
f 4379 4365 4377
f 4380 4368 4370
f 4378 4368 4380
f 4381 4369 4367
f 4381 4367 4379
f 4382 4370 4371
f 4380 4370 4382
f 4383 4371 4369
f 4383 4369 4381
f 4382 4371 4383
f 4384 4372 4374
f 4385 4373 4372
f 4385 4372 4384
f 4386 4374 4376
f 4384 4374 4386
f 4387 4375 4373
f 4387 4373 4385
f 4388 4376 4378
f 4386 4376 4388
f 4389 4378 4380
f 4388 4378 4389
f 4390 4377 4375
f 4390 4375 4387
f 4391 4380 4382
f 4389 4380 4391
f 4392 4379 4377
f 4392 4377 4390
f 4393 4381 4379
f 4393 4379 4392
f 4394 4382 4383
f 4391 4382 4394
f 4395 4383 4381
f 4395 4381 4393
f 4394 4383 4395
f 4396 4384 4386
f 4397 4385 4384
f 4397 4384 4396
f 4398 4386 4388
f 4396 4386 4398
f 4399 4388 4389
f 4398 4388 4399
f 4400 4387 4385
f 4400 4385 4397
f 4401 4389 4391
f 4399 4389 4401
f 4402 4390 4387
f 4402 4387 4400
f 4403 4391 4394
f 4401 4391 4403
f 4404 4392 4390
f 4404 4390 4402
f 4405 4394 4395
f 4403 4394 4405
f 4406 4393 4392
f 4406 4392 4404
f 4407 4395 4393
f 4407 4393 4406
f 4405 4395 4407
f 4408 4396 4398
f 4409 4397 4396
f 4409 4396 4408
f 4410 4398 4399
f 4408 4398 4410
f 4411 4399 4401
f 4410 4399 4411
f 4412 4400 4397
f 4412 4397 4409
f 4413 4401 4403
f 4411 4401 4413
f 4414 4402 4400
f 4414 4400 4412
f 4415 4403 4405
f 4413 4403 4415
f 4416 4404 4402
f 4416 4402 4414
f 4417 4405 4407
f 4415 4405 4417
f 4418 4406 4404
f 4418 4404 4416
f 4419 4407 4406
f 4419 4406 4418
f 4417 4407 4419
f 4420 4408 4410
f 4421 4409 4408
f 4421 4408 4420
f 4422 4410 4411
f 4420 4410 4422
f 4423 4411 4413
f 4422 4411 4423
f 4424 4412 4409
f 4424 4409 4421
f 4425 4413 4415
f 4423 4413 4425
f 4426 4414 4412
f 4426 4412 4424
f 4427 4415 4417
f 4425 4415 4427
f 4428 4416 4414
f 4428 4414 4426
f 4429 4417 4419
f 4427 4417 4429
f 4430 4418 4416
f 4430 4416 4428
f 4431 4419 4418
f 4431 4418 4430
f 4429 4419 4431
f 4432 4420 4422
f 4433 4421 4420
f 4433 4420 4432
f 4434 4422 4423
f 4432 4422 4434
f 4435 4423 4425
f 4434 4423 4435
f 4436 4424 4421
f 4436 4421 4433
f 4437 4425 4427
f 4435 4425 4437
f 4438 4426 4424
f 4438 4424 4436
f 4439 4427 4429
f 4437 4427 4439
f 4440 4428 4426
f 4440 4426 4438
f 4441 4431 4430
f 4442 4430 4428
f 4441 4430 4442
f 4443 4429 4431
f 4443 4431 4441
f 4439 4429 4443
f 4442 4428 4440
f 4433 4434 4435
f 4433 4435 4436
f 4432 4434 4433
f 4436 4435 4437
f 4436 4437 4438
f 4438 4437 4439
f 4438 4439 4440
f 4440 4439 4443
f 4440 4443 4442
f 4442 4443 4441
f 4444 4445 4446
f 4447 4446 4448
f 4444 4446 4447
f 4449 4450 4445
f 4451 4445 4444
f 4452 4445 4451
f 4449 4445 4452
f 4453 4448 4454
f 4447 4448 4453
f 4455 4454 4456
f 4457 4456 4458
f 4459 4456 4460
f 4455 4456 4459
f 4460 4456 4457
f 4461 4462 4450
f 4461 4450 4449
f 4463 4458 4462
f 4463 4462 4461
f 4453 4454 4455
f 4457 4458 4463
f 4464 4459 4460
f 4465 4455 4459
f 4465 4459 4464
f 4466 4460 4457
f 4464 4460 4466
f 4467 4453 4455
f 4467 4455 4465
f 4468 4457 4463
f 4466 4457 4468
f 4469 4447 4453
f 4469 4453 4467
f 4470 4463 4461
f 4468 4463 4470
f 4471 4444 4447
f 4471 4447 4469
f 4472 4451 4444
f 4472 4444 4471
f 4473 4452 4451
f 4473 4451 4472
f 4474 4449 4452
f 4474 4452 4473
f 4475 4461 4449
f 4475 4449 4474
f 4470 4461 4475
f 4476 4464 4466
f 4477 4465 4464
f 4477 4464 4476
f 4478 4466 4468
f 4476 4466 4478
f 4479 4467 4465
f 4479 4465 4477
f 4480 4468 4470
f 4478 4468 4480
f 4481 4469 4467
f 4481 4467 4479
f 4482 4470 4475
f 4480 4470 4482
f 4483 4471 4469
f 4483 4469 4481
f 4484 4475 4474
f 4482 4475 4484
f 4485 4472 4471
f 4485 4471 4483
f 4486 4474 4473
f 4484 4474 4486
f 4487 4473 4472
f 4487 4472 4485
f 4486 4473 4487
f 4488 4476 4478
f 4489 4477 4476
f 4489 4476 4488
f 4490 4478 4480
f 4488 4478 4490
f 4491 4479 4477
f 4491 4477 4489
f 4492 4480 4482
f 4490 4480 4492
f 4493 4481 4479
f 4493 4479 4491
f 4494 4482 4484
f 4492 4482 4494
f 4495 4483 4481
f 4495 4481 4493
f 4496 4484 4486
f 4494 4484 4496
f 4497 4485 4483
f 4497 4483 4495
f 4498 4486 4487
f 4496 4486 4498
f 4499 4487 4485
f 4499 4485 4497
f 4498 4487 4499
f 4500 4488 4490
f 4501 4489 4488
f 4501 4488 4500
f 4502 4490 4492
f 4500 4490 4502
f 4503 4491 4489
f 4503 4489 4501
f 4504 4492 4494
f 4502 4492 4504
f 4505 4493 4491
f 4505 4491 4503
f 4506 4494 4496
f 4504 4494 4506
f 4507 4495 4493
f 4507 4493 4505
f 4508 4496 4498
f 4506 4496 4508
f 4509 4497 4495
f 4509 4495 4507
f 4510 4499 4497
f 4510 4497 4509
f 4511 4498 4499
f 4511 4499 4510
f 4508 4498 4511
f 4512 4500 4502
f 4513 4501 4500
f 4513 4500 4512
f 4514 4502 4504
f 4512 4502 4514
f 4515 4503 4501
f 4515 4501 4513
f 4516 4504 4506
f 4514 4504 4516
f 4517 4505 4503
f 4517 4503 4515
f 4518 4506 4508
f 4516 4506 4518
f 4519 4507 4505
f 4519 4505 4517
f 4520 4508 4511
f 4518 4508 4520
f 4521 4509 4507
f 4521 4507 4519
f 4522 4511 4510
f 4520 4511 4522
f 4523 4510 4509
f 4523 4509 4521
f 4522 4510 4523
f 4524 4512 4514
f 4525 4513 4512
f 4525 4512 4524
f 4526 4514 4516
f 4524 4514 4526
f 4527 4515 4513
f 4527 4513 4525
f 4528 4516 4518
f 4526 4516 4528
f 4529 4517 4515
f 4529 4515 4527
f 4530 4518 4520
f 4528 4518 4530
f 4531 4519 4517
f 4531 4517 4529
f 4532 4520 4522
f 4530 4520 4532
f 4533 4521 4519
f 4533 4519 4531
f 4534 4522 4523
f 4532 4522 4534
f 4535 4523 4521
f 4535 4521 4533
f 4534 4523 4535
f 4536 4524 4526
f 4537 4525 4524
f 4537 4524 4536
f 4538 4526 4528
f 4536 4526 4538
f 4539 4527 4525
f 4539 4525 4537
f 4540 4528 4530
f 4538 4528 4540
f 4541 4529 4527
f 4541 4527 4539
f 4542 4530 4532
f 4540 4530 4542
f 4543 4531 4529
f 4543 4529 4541
f 4544 4532 4534
f 4542 4532 4544
f 4545 4533 4531
f 4545 4531 4543
f 4546 4534 4535
f 4544 4534 4546
f 4547 4535 4533
f 4547 4533 4545
f 4546 4535 4547
f 4548 4536 4538
f 4549 4537 4536
f 4549 4536 4548
f 4550 4538 4540
f 4548 4538 4550
f 4551 4539 4537
f 4551 4537 4549
f 4552 4540 4542
f 4550 4540 4552
f 4553 4541 4539
f 4553 4539 4551
f 4554 4542 4544
f 4552 4542 4554
f 4555 4543 4541
f 4555 4541 4553
f 4556 4544 4546
f 4554 4544 4556
f 4557 4545 4543
f 4557 4543 4555
f 4558 4546 4547
f 4556 4546 4558
f 4559 4547 4545
f 4559 4545 4557
f 4558 4547 4559
f 4560 4548 4550
f 4561 4549 4548
f 4561 4548 4560
f 4562 4550 4552
f 4560 4550 4562
f 4563 4551 4549
f 4563 4549 4561
f 4564 4552 4554
f 4562 4552 4564
f 4565 4553 4551
f 4565 4551 4563
f 4566 4554 4556
f 4564 4554 4566
f 4567 4555 4553
f 4567 4553 4565
f 4568 4556 4558
f 4566 4556 4568
f 4569 4557 4555
f 4569 4555 4567
f 4570 4558 4559
f 4568 4558 4570
f 4571 4559 4557
f 4571 4557 4569
f 4570 4559 4571
f 4572 4560 4562
f 4573 4561 4560
f 4573 4560 4572
f 4574 4562 4564
f 4572 4562 4574
f 4575 4563 4561
f 4575 4561 4573
f 4576 4564 4566
f 4574 4564 4576
f 4577 4565 4563
f 4577 4563 4575
f 4578 4566 4568
f 4576 4566 4578
f 4579 4567 4565
f 4579 4565 4577
f 4580 4568 4570
f 4578 4568 4580
f 4581 4569 4567
f 4581 4567 4579
f 4582 4570 4571
f 4580 4570 4582
f 4583 4571 4569
f 4583 4569 4581
f 4582 4571 4583
f 4584 4572 4574
f 4585 4573 4572
f 4585 4572 4584
f 4586 4574 4576
f 4584 4574 4586
f 4587 4575 4573
f 4587 4573 4585
f 4588 4576 4578
f 4586 4576 4588
f 4589 4577 4575
f 4589 4575 4587
f 4588 4578 4590
f 4590 4578 4580
f 4591 4584 4586
f 4592 4585 4584
f 4592 4584 4591
f 4593 4586 4588
f 4591 4586 4593
f 4594 4587 4585
f 4594 4585 4592
f 4595 4588 4590
f 4593 4588 4595
f 4596 4579 4577
f 4596 4577 4589
f 4590 4580 4597
f 4597 4580 4582
f 4598 4589 4587
f 4598 4587 4594
f 4595 4590 4599
f 4599 4590 4597
f 4600 4591 4593
f 4601 4592 4591
f 4601 4591 4600
f 4602 4593 4595
f 4600 4593 4602
f 4603 4581 4579
f 4603 4579 4596
f 4597 4582 4604
f 4604 4582 4583
f 4605 4594 4592
f 4605 4592 4601
f 4606 4595 4599
f 4602 4595 4606
f 4607 4596 4589
f 4607 4589 4598
f 4599 4597 4608
f 4608 4597 4604
f 4609 4583 4581
f 4609 4581 4603
f 4604 4583 4609
f 4610 4598 4594
f 4610 4594 4605
f 4611 4599 4608
f 4606 4599 4611
f 4612 4603 4596
f 4612 4596 4607
f 4613 4604 4609
f 4608 4604 4613
f 4614 4600 4602
f 4615 4601 4600
f 4615 4600 4614
f 4616 4602 4606
f 4614 4602 4616
f 4617 4609 4603
f 4617 4603 4612
f 4613 4609 4617
f 4618 4607 4598
f 4618 4598 4610
f 4619 4608 4613
f 4611 4608 4619
f 4620 4605 4601
f 4620 4601 4615
f 4621 4606 4611
f 4616 4606 4621
f 4622 4612 4607
f 4622 4607 4618
f 4623 4613 4617
f 4619 4613 4623
f 4624 4610 4605
f 4624 4605 4620
f 4625 4611 4619
f 4621 4611 4625
f 4626 4617 4612
f 4626 4612 4622
f 4623 4617 4626
f 4627 4614 4616
f 4628 4615 4614
f 4628 4614 4627
f 4629 4616 4621
f 4627 4616 4629
f 4630 4618 4610
f 4630 4610 4624
f 4631 4619 4623
f 4625 4619 4631
f 4632 4620 4615
f 4632 4615 4628
f 4633 4621 4625
f 4629 4621 4633
f 4634 4622 4618
f 4634 4618 4630
f 4635 4623 4626
f 4631 4623 4635
f 4636 4624 4620
f 4636 4620 4632
f 4637 4625 4631
f 4633 4625 4637
f 4638 4626 4622
f 4638 4622 4634
f 4635 4626 4638
f 4639 4630 4624
f 4639 4624 4636
f 4640 4631 4635
f 4637 4631 4640
f 4641 4627 4629
f 4642 4628 4627
f 4642 4627 4641
f 4643 4629 4633
f 4641 4629 4643
f 4644 4632 4628
f 4644 4628 4642
f 4645 4633 4637
f 4643 4633 4645
f 4646 4634 4630
f 4646 4630 4639
f 4647 4635 4638
f 4640 4635 4647
f 4648 4638 4634
f 4648 4634 4646
f 4647 4638 4648
f 4649 4636 4632
f 4649 4632 4644
f 4650 4637 4640
f 4645 4637 4650
f 4651 4639 4636
f 4651 4636 4649
f 4652 4640 4647
f 4650 4640 4652
f 4653 4641 4643
f 4654 4642 4641
f 4654 4641 4653
f 4655 4643 4645
f 4653 4643 4655
f 4656 4646 4639
f 4656 4639 4651
f 4657 4647 4648
f 4652 4647 4657
f 4658 4644 4642
f 4658 4642 4654
f 4659 4645 4650
f 4655 4645 4659
f 4660 4648 4646
f 4660 4646 4656
f 4657 4648 4660
f 4661 4649 4644
f 4661 4644 4658
f 4662 4650 4652
f 4659 4650 4662
f 4663 4651 4649
f 4663 4649 4661
f 4664 4652 4657
f 4662 4652 4664
f 4665 4653 4655
f 4666 4654 4653
f 4666 4653 4665
f 4667 4655 4659
f 4665 4655 4667
f 4668 4656 4651
f 4668 4651 4663
f 4669 4657 4660
f 4664 4657 4669
f 4670 4658 4654
f 4670 4654 4666
f 4671 4659 4662
f 4667 4659 4671
f 4672 4660 4656
f 4672 4656 4668
f 4669 4660 4672
f 4673 4661 4658
f 4673 4658 4670
f 4674 4662 4664
f 4671 4662 4674
f 4675 4663 4661
f 4675 4661 4673
f 4676 4664 4669
f 4674 4664 4676
f 4677 4665 4667
f 4678 4666 4665
f 4678 4665 4677
f 4679 4667 4671
f 4677 4667 4679
f 4680 4668 4663
f 4680 4663 4675
f 4681 4669 4672
f 4676 4669 4681
f 4682 4670 4666
f 4682 4666 4678
f 4683 4671 4674
f 4679 4671 4683
f 4684 4672 4668
f 4684 4668 4680
f 4681 4672 4684
f 4685 4673 4670
f 4685 4670 4682
f 4686 4674 4676
f 4683 4674 4686
f 4687 4675 4673
f 4687 4673 4685
f 4688 4676 4681
f 4686 4676 4688
f 4689 4677 4679
f 4690 4678 4677
f 4690 4677 4689
f 4691 4679 4683
f 4689 4679 4691
f 4692 4680 4675
f 4692 4675 4687
f 4693 4681 4684
f 4688 4681 4693
f 4694 4682 4678
f 4694 4678 4690
f 4695 4683 4686
f 4691 4683 4695
f 4696 4684 4680
f 4696 4680 4692
f 4693 4684 4696
f 4697 4685 4682
f 4697 4682 4694
f 4698 4686 4688
f 4695 4686 4698
f 4699 4687 4685
f 4699 4685 4697
f 4700 4688 4693
f 4698 4688 4700
f 4701 4689 4691
f 4702 4690 4689
f 4702 4689 4701
f 4703 4691 4695
f 4701 4691 4703
f 4704 4694 4690
f 4704 4690 4702
f 4705 4695 4698
f 4703 4695 4705
f 4706 4692 4687
f 4706 4687 4699
f 4707 4693 4696
f 4700 4693 4707
f 4708 4696 4692
f 4708 4692 4706
f 4707 4696 4708
f 4709 4697 4694
f 4709 4694 4704
f 4710 4698 4700
f 4705 4698 4710
f 4711 4699 4697
f 4711 4697 4709
f 4712 4700 4707
f 4710 4700 4712
f 4713 4701 4703
f 4714 4702 4701
f 4714 4701 4713
f 4715 4703 4705
f 4713 4703 4715
f 4716 4704 4702
f 4716 4702 4714
f 4717 4705 4710
f 4715 4705 4717
f 4718 4706 4699
f 4718 4699 4711
f 4719 4707 4708
f 4712 4707 4719
f 4720 4708 4706
f 4720 4706 4718
f 4719 4708 4720
f 4721 4709 4704
f 4721 4704 4716
f 4722 4710 4712
f 4717 4710 4722
f 4723 4713 4715
f 4724 4714 4713
f 4724 4713 4723
f 4725 4715 4717
f 4723 4715 4725
f 4726 4711 4709
f 4726 4709 4721
f 4727 4712 4719
f 4722 4712 4727
f 4728 4716 4714
f 4728 4714 4724
f 4729 4717 4722
f 4725 4717 4729
f 4730 4718 4711
f 4730 4711 4726
f 4731 4719 4720
f 4727 4719 4731
f 4732 4721 4716
f 4732 4716 4728
f 4733 4722 4727
f 4729 4722 4733
f 4734 4720 4718
f 4734 4718 4730
f 4731 4720 4734
f 4735 4726 4721
f 4735 4721 4732
f 4736 4727 4731
f 4733 4727 4736
f 4737 4723 4725
f 4738 4724 4723
f 4738 4723 4737
f 4739 4725 4729
f 4737 4725 4739
f 4740 4728 4724
f 4740 4724 4738
f 4741 4729 4733
f 4739 4729 4741
f 4742 4730 4726
f 4742 4726 4735
f 4743 4731 4734
f 4736 4731 4743
f 4744 4734 4730
f 4744 4730 4742
f 4743 4734 4744
f 4745 4732 4728
f 4745 4728 4740
f 4746 4733 4736
f 4741 4733 4746
f 4747 4735 4732
f 4747 4732 4745
f 4748 4736 4743
f 4746 4736 4748
f 4749 4742 4735
f 4749 4735 4747
f 4750 4743 4744
f 4748 4743 4750
f 4751 4744 4742
f 4751 4742 4749
f 4750 4744 4751
f 4752 4737 4739
f 4753 4738 4737
f 4753 4737 4752
f 4754 4739 4741
f 4752 4739 4754
f 4755 4740 4738
f 4755 4738 4753
f 4756 4741 4746
f 4754 4741 4756
f 4757 4745 4740
f 4757 4740 4755
f 4758 4746 4748
f 4756 4746 4758
f 4759 4747 4745
f 4759 4745 4757
f 4760 4748 4750
f 4758 4748 4760
f 4761 4749 4747
f 4761 4747 4759
f 4762 4750 4751
f 4760 4750 4762
f 4763 4751 4749
f 4763 4749 4761
f 4762 4751 4763
f 4764 4752 4754
f 4765 4753 4752
f 4765 4752 4764
f 4766 4754 4756
f 4764 4754 4766
f 4767 4755 4753
f 4767 4753 4765
f 4768 4756 4758
f 4766 4756 4768
f 4769 4757 4755
f 4769 4755 4767
f 4770 4758 4760
f 4768 4758 4770
f 4771 4759 4757
f 4771 4757 4769
f 4772 4760 4762
f 4770 4760 4772
f 4773 4761 4759
f 4773 4759 4771
f 4774 4762 4763
f 4772 4762 4774
f 4775 4763 4761
f 4775 4761 4773
f 4774 4763 4775
f 4776 4764 4766
f 4777 4765 4764
f 4777 4764 4776
f 4778 4766 4768
f 4776 4766 4778
f 4779 4767 4765
f 4779 4765 4777
f 4780 4768 4770
f 4778 4768 4780
f 4781 4769 4767
f 4781 4767 4779
f 4782 4770 4772
f 4780 4770 4782
f 4783 4771 4769
f 4783 4769 4781
f 4784 4772 4774
f 4782 4772 4784
f 4785 4773 4771
f 4785 4771 4783
f 4786 4774 4775
f 4784 4774 4786
f 4787 4775 4773
f 4787 4773 4785
f 4786 4775 4787
f 4788 4776 4778
f 4789 4777 4776
f 4789 4776 4788
f 4790 4778 4780
f 4788 4778 4790
f 4791 4779 4777
f 4791 4777 4789
f 4792 4780 4782
f 4790 4780 4792
f 4793 4781 4779
f 4793 4779 4791
f 4794 4782 4784
f 4792 4782 4794
f 4795 4783 4781
f 4795 4781 4793
f 4796 4784 4786
f 4794 4784 4796
f 4797 4785 4783
f 4797 4783 4795
f 4798 4786 4787
f 4796 4786 4798
f 4799 4787 4785
f 4799 4785 4797
f 4798 4787 4799
f 4800 4788 4790
f 4801 4789 4788
f 4801 4788 4800
f 4802 4790 4792
f 4800 4790 4802
f 4803 4791 4789
f 4803 4789 4801
f 4804 4792 4794
f 4802 4792 4804
f 4805 4793 4791
f 4805 4791 4803
f 4806 4794 4796
f 4804 4794 4806
f 4807 4795 4793
f 4807 4793 4805
f 4808 4796 4798
f 4806 4796 4808
f 4809 4797 4795
f 4809 4795 4807
f 4810 4798 4799
f 4808 4798 4810
f 4811 4799 4797
f 4811 4797 4809
f 4810 4799 4811
f 4812 4800 4802
f 4813 4801 4800
f 4813 4800 4812
f 4814 4802 4804
f 4812 4802 4814
f 4815 4803 4801
f 4815 4801 4813
f 4816 4804 4806
f 4814 4804 4816
f 4817 4805 4803
f 4817 4803 4815
f 4818 4806 4808
f 4816 4806 4818
f 4819 4807 4805
f 4819 4805 4817
f 4820 4808 4810
f 4818 4808 4820
f 4821 4809 4807
f 4821 4807 4819
f 4822 4810 4811
f 4820 4810 4822
f 4823 4811 4809
f 4823 4809 4821
f 4822 4811 4823
f 4824 4812 4814
f 4825 4813 4812
f 4825 4812 4824
f 4826 4814 4816
f 4824 4814 4826
f 4827 4815 4813
f 4827 4813 4825
f 4828 4816 4818
f 4826 4816 4828
f 4829 4817 4815
f 4829 4815 4827
f 4830 4818 4820
f 4828 4818 4830
f 4831 4819 4817
f 4831 4817 4829
f 4832 4820 4822
f 4830 4820 4832
f 4833 4821 4819
f 4833 4819 4831
f 4834 4822 4823
f 4832 4822 4834
f 4835 4823 4821
f 4835 4821 4833
f 4834 4823 4835
f 4836 4824 4826
f 4837 4825 4824
f 4837 4824 4836
f 4838 4826 4828
f 4836 4826 4838
f 4839 4827 4825
f 4839 4825 4837
f 4840 4828 4830
f 4838 4828 4840
f 4841 4829 4827
f 4841 4827 4839
f 4842 4830 4832
f 4840 4830 4842
f 4843 4831 4829
f 4843 4829 4841
f 4844 4832 4834
f 4842 4832 4844
f 4845 4833 4831
f 4845 4831 4843
f 4846 4834 4835
f 4844 4834 4846
f 4847 4835 4833
f 4847 4833 4845
f 4846 4835 4847
f 4848 4836 4838
f 4849 4837 4836
f 4849 4836 4848
f 4850 4838 4840
f 4848 4838 4850
f 4851 4839 4837
f 4851 4837 4849
f 4852 4840 4842
f 4850 4840 4852
f 4853 4841 4839
f 4853 4839 4851
f 4854 4842 4844
f 4852 4842 4854
f 4855 4843 4841
f 4855 4841 4853
f 4856 4844 4846
f 4854 4844 4856
f 4857 4845 4843
f 4857 4843 4855
f 4858 4846 4847
f 4856 4846 4858
f 4859 4847 4845
f 4859 4845 4857
f 4858 4847 4859
f 4860 4848 4850
f 4861 4849 4848
f 4861 4848 4860
f 4862 4850 4852
f 4860 4850 4862
f 4863 4851 4849
f 4863 4849 4861
f 4864 4852 4854
f 4862 4852 4864
f 4865 4853 4851
f 4865 4851 4863
f 4866 4854 4856
f 4864 4854 4866
f 4867 4855 4853
f 4867 4853 4865
f 4868 4856 4858
f 4866 4856 4868
f 4869 4860 4862
f 4870 4861 4860
f 4870 4860 4869
f 4871 4862 4864
f 4869 4862 4871
f 4872 4857 4855
f 4872 4855 4867
f 4873 4858 4859
f 4868 4858 4873
f 4874 4863 4861
f 4874 4861 4870
f 4871 4864 4875
f 4875 4864 4866
f 4876 4859 4857
f 4876 4857 4872
f 4873 4859 4876
f 4877 4865 4863
f 4877 4863 4874
f 4878 4869 4871
f 4879 4870 4869
f 4879 4869 4878
f 4880 4871 4875
f 4878 4871 4880
f 4875 4866 4881
f 4881 4866 4868
f 4882 4874 4870
f 4882 4870 4879
f 4883 4875 4881
f 4880 4875 4883
f 4884 4867 4865
f 4884 4865 4877
f 4881 4868 4885
f 4885 4868 4873
f 4886 4877 4874
f 4886 4874 4882
f 4887 4881 4885
f 4883 4881 4887
f 4888 4872 4867
f 4888 4867 4884
f 4889 4873 4876
f 4885 4873 4889
f 4890 4884 4877
f 4890 4877 4886
f 4891 4878 4880
f 4892 4879 4878
f 4892 4878 4891
f 4893 4880 4883
f 4891 4880 4893
f 4894 4876 4872
f 4894 4872 4888
f 4889 4876 4894
f 4895 4885 4889
f 4887 4885 4895
f 4896 4882 4879
f 4896 4879 4892
f 4897 4883 4887
f 4893 4883 4897
f 4898 4888 4884
f 4898 4884 4890
f 4899 4889 4894
f 4895 4889 4899
f 4900 4886 4882
f 4900 4882 4896
f 4901 4887 4895
f 4897 4887 4901
f 4902 4894 4888
f 4902 4888 4898
f 4899 4894 4902
f 4903 4890 4886
f 4903 4886 4900
f 4904 4895 4899
f 4901 4895 4904
f 4905 4891 4893
f 4906 4892 4891
f 4906 4891 4905
f 4907 4893 4897
f 4905 4893 4907
f 4908 4898 4890
f 4908 4890 4903
f 4909 4899 4902
f 4904 4899 4909
f 4910 4896 4892
f 4910 4892 4906
f 4911 4897 4901
f 4907 4897 4911
f 4912 4902 4898
f 4912 4898 4908
f 4909 4902 4912
f 4913 4900 4896
f 4913 4896 4910
f 4914 4901 4904
f 4911 4901 4914
f 4915 4903 4900
f 4915 4900 4913
f 4916 4904 4909
f 4914 4904 4916
f 4917 4908 4903
f 4917 4903 4915
f 4918 4909 4912
f 4916 4909 4918
f 4919 4912 4908
f 4919 4908 4917
f 4918 4912 4919
f 4920 4905 4907
f 4921 4906 4905
f 4921 4905 4920
f 4922 4907 4911
f 4920 4907 4922
f 4923 4910 4906
f 4923 4906 4921
f 4924 4911 4914
f 4922 4911 4924
f 4925 4913 4910
f 4925 4910 4923
f 4926 4914 4916
f 4924 4914 4926
f 4927 4915 4913
f 4927 4913 4925
f 4928 4916 4918
f 4926 4916 4928
f 4929 4917 4915
f 4929 4915 4927
f 4930 4918 4919
f 4928 4918 4930
f 4931 4919 4917
f 4931 4917 4929
f 4930 4919 4931
f 4932 4920 4922
f 4933 4921 4920
f 4933 4920 4932
f 4934 4922 4924
f 4932 4922 4934
f 4935 4923 4921
f 4935 4921 4933
f 4936 4924 4926
f 4934 4924 4936
f 4937 4925 4923
f 4937 4923 4935
f 4938 4926 4928
f 4936 4926 4938
f 4939 4927 4925
f 4939 4925 4937
f 4940 4928 4930
f 4938 4928 4940
f 4941 4929 4927
f 4941 4927 4939
f 4942 4930 4931
f 4940 4930 4942
f 4943 4931 4929
f 4943 4929 4941
f 4942 4931 4943
f 4944 4932 4934
f 4945 4933 4932
f 4945 4932 4944
f 4946 4934 4936
f 4944 4934 4946
f 4947 4935 4933
f 4947 4933 4945
f 4948 4936 4938
f 4946 4936 4948
f 4949 4937 4935
f 4949 4935 4947
f 4950 4938 4940
f 4948 4938 4950
f 4951 4939 4937
f 4951 4937 4949
f 4952 4940 4942
f 4950 4940 4952
f 4953 4941 4939
f 4953 4939 4951
f 4954 4942 4943
f 4952 4942 4954
f 4955 4943 4941
f 4955 4941 4953
f 4954 4943 4955
f 4956 4944 4946
f 4957 4945 4944
f 4957 4944 4956
f 4958 4946 4948
f 4956 4946 4958
f 4959 4947 4945
f 4959 4945 4957
f 4960 4948 4950
f 4958 4948 4960
f 4961 4949 4947
f 4961 4947 4959
f 4962 4950 4952
f 4960 4950 4962
f 4963 4951 4949
f 4963 4949 4961
f 4964 4952 4954
f 4962 4952 4964
f 4965 4953 4951
f 4965 4951 4963
f 4966 4954 4955
f 4964 4954 4966
f 4967 4955 4953
f 4967 4953 4965
f 4966 4955 4967
f 4968 4956 4958
f 4969 4957 4956
f 4969 4956 4968
f 4970 4958 4960
f 4968 4958 4970
f 4971 4959 4957
f 4971 4957 4969
f 4972 4960 4962
f 4970 4960 4972
f 4973 4961 4959
f 4973 4959 4971
f 4974 4962 4964
f 4972 4962 4974
f 4975 4963 4961
f 4975 4961 4973
f 4976 4964 4966
f 4974 4964 4976
f 4977 4965 4963
f 4977 4963 4975
f 4978 4966 4967
f 4976 4966 4978
f 4979 4967 4965
f 4979 4965 4977
f 4978 4967 4979
f 4980 4968 4970
f 4981 4969 4968
f 4981 4968 4980
f 4982 4970 4972
f 4980 4970 4982
f 4983 4971 4969
f 4983 4969 4981
f 4984 4972 4974
f 4982 4972 4984
f 4985 4973 4971
f 4985 4971 4983
f 4986 4974 4976
f 4984 4974 4986
f 4987 4975 4973
f 4987 4973 4985
f 4988 4976 4978
f 4986 4976 4988
f 4989 4977 4975
f 4989 4975 4987
f 4990 4978 4979
f 4988 4978 4990
f 4991 4980 4982
f 4992 4981 4980
f 4992 4980 4991
f 4993 4982 4984
f 4991 4982 4993
f 4994 4979 4977
f 4994 4977 4989
f 4990 4979 4994
f 4995 4983 4981
f 4995 4981 4992
f 4996 4984 4986
f 4993 4984 4996
f 4997 4985 4983
f 4997 4983 4995
f 4998 4986 4988
f 4996 4986 4998
f 4999 4987 4985
f 4999 4985 4997
f 5000 4988 4990
f 4998 4988 5000
f 5001 4991 4993
f 5002 4992 4991
f 5002 4991 5001
f 5003 4993 4996
f 5001 4993 5003
f 5004 4989 4987
f 5004 4987 4999
f 5005 4990 4994
f 5000 4990 5005
f 5006 4995 4992
f 5006 4992 5002
f 5007 4996 4998
f 5003 4996 5007
f 5008 4994 4989
f 5008 4989 5004
f 5005 4994 5008
f 5009 4997 4995
f 5009 4995 5006
f 5010 4998 5000
f 5007 4998 5010
f 5001 5003 5002
f 5002 5003 5007
f 5011 4999 4997
f 5011 4997 5009
f 5012 5000 5005
f 5010 5000 5012
f 5002 5007 5006
f 5006 5007 5010
f 5013 5004 4999
f 5013 4999 5011
f 5014 5005 5008
f 5012 5005 5014
f 5006 5010 5009
f 5009 5010 5012
f 5015 5008 5004
f 5015 5004 5013
f 5014 5008 5015
f 5009 5012 5011
f 5011 5012 5014
f 5011 5014 5013
f 5013 5014 5015
f 5016 5017 5018
f 5019 5018 5020
f 5016 5018 5019
f 5021 5022 5017
f 5021 5017 5016
f 5023 5020 5024
f 5019 5020 5023
f 5025 5026 5022
f 5025 5022 5021
f 5027 5024 5028
f 5023 5024 5027
f 5029 5028 5030
f 5027 5028 5029
f 5031 5032 5026
f 5031 5026 5025
f 5033 5030 5034
f 5029 5030 5033
f 5035 5036 5032
f 5035 5032 5031
f 5037 5034 5038
f 5033 5034 5037
f 5039 5038 5036
f 5039 5036 5035
f 5037 5038 5039
f 5040 5019 5023
f 5041 5016 5019
f 5041 5019 5040
f 5042 5023 5027
f 5040 5023 5042
f 5043 5027 5029
f 5042 5027 5043
f 5044 5029 5033
f 5043 5029 5044
f 5045 5021 5016
f 5045 5016 5041
f 5046 5033 5037
f 5044 5033 5046
f 5047 5025 5021
f 5047 5021 5045
f 5048 5037 5039
f 5046 5037 5048
f 5049 5031 5025
f 5049 5025 5047
f 5050 5035 5031
f 5050 5031 5049
f 5051 5039 5035
f 5051 5035 5050
f 5048 5039 5051
f 5052 5042 5043
f 5053 5040 5042
f 5053 5042 5052
f 5054 5043 5044
f 5052 5043 5054
f 5055 5041 5040
f 5055 5040 5053
f 5056 5044 5046
f 5054 5044 5056
f 5057 5045 5041
f 5057 5041 5055
f 5058 5046 5048
f 5056 5046 5058
f 5059 5047 5045
f 5059 5045 5057
f 5060 5048 5051
f 5058 5048 5060
f 5061 5049 5047
f 5061 5047 5059
f 5062 5051 5050
f 5060 5051 5062
f 5063 5050 5049
f 5063 5049 5061
f 5062 5050 5063
f 5064 5052 5054
f 5065 5053 5052
f 5065 5052 5064
f 5066 5054 5056
f 5064 5054 5066
f 5067 5055 5053
f 5067 5053 5065
f 5068 5056 5058
f 5066 5056 5068
f 5069 5058 5060
f 5068 5058 5069
f 5070 5057 5055
f 5070 5055 5067
f 5071 5060 5062
f 5069 5060 5071
f 5072 5059 5057
f 5072 5057 5070
f 5073 5061 5059
f 5073 5059 5072
f 5074 5062 5063
f 5071 5062 5074
f 5075 5063 5061
f 5075 5061 5073
f 5074 5063 5075
f 5076 5064 5066
f 5077 5065 5064
f 5077 5064 5076
f 5078 5066 5068
f 5076 5066 5078
f 5079 5068 5069
f 5078 5068 5079
f 5080 5067 5065
f 5080 5065 5077
f 5081 5069 5071
f 5079 5069 5081
f 5082 5070 5067
f 5082 5067 5080
f 5083 5071 5074
f 5081 5071 5083
f 5084 5072 5070
f 5084 5070 5082
f 5085 5074 5075
f 5083 5074 5085
f 5086 5073 5072
f 5086 5072 5084
f 5087 5075 5073
f 5087 5073 5086
f 5085 5075 5087
f 5088 5076 5078
f 5089 5077 5076
f 5089 5076 5088
f 5090 5078 5079
f 5088 5078 5090
f 5091 5079 5081
f 5090 5079 5091
f 5092 5080 5077
f 5092 5077 5089
f 5093 5081 5083
f 5091 5081 5093
f 5094 5082 5080
f 5094 5080 5092
f 5095 5083 5085
f 5093 5083 5095
f 5096 5084 5082
f 5096 5082 5094
f 5097 5085 5087
f 5095 5085 5097
f 5098 5086 5084
f 5098 5084 5096
f 5099 5087 5086
f 5099 5086 5098
f 5097 5087 5099
f 5100 5090 5091
f 5101 5088 5090
f 5101 5090 5100
f 5102 5091 5093
f 5100 5091 5102
f 5103 5089 5088
f 5103 5088 5101
f 5104 5093 5095
f 5102 5093 5104
f 5105 5092 5089
f 5105 5089 5103
f 5106 5095 5097
f 5104 5095 5106
f 5107 5094 5092
f 5107 5092 5105
f 5108 5097 5099
f 5106 5097 5108
f 5109 5096 5094
f 5109 5094 5107
f 5110 5099 5098
f 5108 5099 5110
f 5111 5098 5096
f 5111 5096 5109
f 5110 5098 5111
f 5112 5100 5102
f 5113 5101 5100
f 5113 5100 5112
f 5114 5102 5104
f 5112 5102 5114
f 5115 5103 5101
f 5115 5101 5113
f 5116 5104 5106
f 5114 5104 5116
f 5117 5105 5103
f 5117 5103 5115
f 5118 5106 5108
f 5116 5106 5118
f 5119 5107 5105
f 5119 5105 5117
f 5120 5108 5110
f 5118 5108 5120
f 5121 5109 5107
f 5121 5107 5119
f 5122 5110 5111
f 5120 5110 5122
f 5123 5111 5109
f 5123 5109 5121
f 5122 5111 5123
f 5124 5112 5114
f 5125 5113 5112
f 5125 5112 5124
f 5126 5114 5116
f 5124 5114 5126
f 5127 5115 5113
f 5127 5113 5125
f 5128 5116 5118
f 5126 5116 5128
f 5129 5117 5115
f 5129 5115 5127
f 5130 5118 5120
f 5128 5118 5130
f 5131 5119 5117
f 5131 5117 5129
f 5132 5120 5122
f 5130 5120 5132
f 5133 5121 5119
f 5133 5119 5131
f 5134 5122 5123
f 5132 5122 5134
f 5135 5123 5121
f 5135 5121 5133
f 5134 5123 5135
f 5136 5124 5126
f 5137 5125 5124
f 5137 5124 5136
f 5138 5126 5128
f 5136 5126 5138
f 5139 5128 5130
f 5138 5128 5139
f 5140 5127 5125
f 5140 5125 5137
f 5141 5130 5132
f 5139 5130 5141
f 5142 5129 5127
f 5142 5127 5140
f 5143 5132 5134
f 5141 5132 5143
f 5144 5131 5129
f 5144 5129 5142
f 5145 5134 5135
f 5143 5134 5145
f 5146 5133 5131
f 5146 5131 5144
f 5147 5135 5133
f 5145 5135 5147
f 5147 5133 5146
f 5148 5136 5138
f 5149 5138 5139
f 5148 5138 5149
f 5150 5137 5136
f 5150 5136 5148
f 5151 5139 5141
f 5149 5139 5151
f 5152 5140 5137
f 5152 5137 5150
f 5153 5141 5143
f 5151 5141 5153
f 5154 5143 5145
f 5153 5143 5154
f 5155 5142 5140
f 5155 5140 5152
f 5156 5144 5142
f 5156 5142 5155
f 5157 5145 5147
f 5154 5145 5157
f 5158 5146 5144
f 5158 5144 5156
f 5159 5147 5146
f 5157 5147 5159
f 5159 5146 5158
f 5160 5149 5151
f 5161 5148 5149
f 5161 5149 5160
f 5162 5151 5153
f 5160 5151 5162
f 5163 5150 5148
f 5163 5148 5161
f 5164 5153 5154
f 5162 5153 5164
f 5165 5152 5150
f 5165 5150 5163
f 5166 5154 5157
f 5164 5154 5166
f 5167 5155 5152
f 5167 5152 5165
f 5168 5157 5159
f 5166 5157 5168
f 5169 5156 5155
f 5169 5155 5167
f 5170 5159 5158
f 5168 5159 5170
f 5171 5158 5156
f 5171 5156 5169
f 5170 5158 5171
f 5172 5161 5160
f 5173 5163 5161
f 5173 5161 5172
f 5174 5160 5162
f 5172 5160 5174
f 5175 5162 5164
f 5174 5162 5175
f 5176 5164 5166
f 5175 5164 5176
f 5177 5165 5163
f 5177 5163 5173
f 5178 5166 5168
f 5176 5166 5178
f 5179 5167 5165
f 5179 5165 5177
f 5180 5168 5170
f 5178 5168 5180
f 5181 5169 5167
f 5181 5167 5179
f 5182 5170 5171
f 5180 5170 5182
f 5183 5171 5169
f 5183 5169 5181
f 5182 5171 5183
f 5184 5174 5175
f 5185 5172 5174
f 5185 5174 5184
f 5186 5175 5176
f 5184 5175 5186
f 5187 5173 5172
f 5187 5172 5185
f 5188 5176 5178
f 5186 5176 5188
f 5189 5177 5173
f 5189 5173 5187
f 5190 5178 5180
f 5188 5178 5190
f 5191 5179 5177
f 5191 5177 5189
f 5192 5180 5182
f 5190 5180 5192
f 5193 5181 5179
f 5193 5179 5191
f 5194 5183 5181
f 5194 5181 5193
f 5195 5182 5183
f 5195 5183 5194
f 5192 5182 5195
f 5196 5184 5186
f 5197 5185 5184
f 5197 5184 5196
f 5198 5186 5188
f 5196 5186 5198
f 5199 5187 5185
f 5199 5185 5197
f 5200 5188 5190
f 5198 5188 5200
f 5201 5189 5187
f 5201 5187 5199
f 5202 5190 5192
f 5200 5190 5202
f 5203 5191 5189
f 5203 5189 5201
f 5204 5192 5195
f 5202 5192 5204
f 5205 5193 5191
f 5205 5191 5203
f 5206 5195 5194
f 5204 5195 5206
f 5207 5194 5193
f 5207 5193 5205
f 5206 5194 5207
f 5208 5196 5198
f 5209 5197 5196
f 5209 5196 5208
f 5210 5198 5200
f 5208 5198 5210
f 5211 5199 5197
f 5211 5197 5209
f 5212 5200 5202
f 5210 5200 5212
f 5213 5201 5199
f 5213 5199 5211
f 5214 5202 5204
f 5212 5202 5214
f 5215 5203 5201
f 5215 5201 5213
f 5216 5204 5206
f 5214 5204 5216
f 5217 5205 5203
f 5217 5203 5215
f 5218 5206 5207
f 5216 5206 5218
f 5219 5207 5205
f 5219 5205 5217
f 5218 5207 5219
f 5220 5208 5210
f 5221 5209 5208
f 5221 5208 5220
f 5222 5210 5212
f 5220 5210 5222
f 5223 5211 5209
f 5223 5209 5221
f 5224 5212 5214
f 5222 5212 5224
f 5225 5214 5216
f 5224 5214 5225
f 5226 5213 5211
f 5226 5211 5223
f 5227 5215 5213
f 5227 5213 5226
f 5228 5216 5218
f 5225 5216 5228
f 5229 5217 5215
f 5229 5215 5227
f 5230 5218 5219
f 5228 5218 5230
f 5231 5219 5217
f 5231 5217 5229
f 5230 5219 5231
f 5232 5220 5222
f 5233 5221 5220
f 5233 5220 5232
f 5234 5222 5224
f 5232 5222 5234
f 5235 5224 5225
f 5234 5224 5235
f 5236 5223 5221
f 5236 5221 5233
f 5237 5225 5228
f 5235 5225 5237
f 5238 5226 5223
f 5238 5223 5236
f 5239 5228 5230
f 5237 5228 5239
f 5240 5227 5226
f 5240 5226 5238
f 5241 5230 5231
f 5239 5230 5241
f 5242 5229 5227
f 5242 5227 5240
f 5243 5231 5229
f 5243 5229 5242
f 5241 5231 5243
f 5244 5232 5234
f 5245 5234 5235
f 5244 5234 5245
f 5246 5233 5232
f 5246 5232 5244
f 5247 5235 5237
f 5245 5235 5247
f 5248 5236 5233
f 5248 5233 5246
f 5249 5237 5239
f 5247 5237 5249
f 5250 5238 5236
f 5250 5236 5248
f 5251 5239 5241
f 5249 5239 5251
f 5252 5240 5238
f 5252 5238 5250
f 5253 5241 5243
f 5251 5241 5253
f 5254 5242 5240
f 5254 5240 5252
f 5255 5243 5242
f 5253 5243 5255
f 5255 5242 5254
f 5256 5244 5245
f 5257 5245 5247
f 5256 5245 5257
f 5258 5246 5244
f 5258 5244 5256
f 5259 5247 5249
f 5257 5247 5259
f 5260 5248 5246
f 5260 5246 5258
f 5261 5249 5251
f 5259 5249 5261
f 5262 5250 5248
f 5262 5248 5260
f 5263 5251 5253
f 5261 5251 5263
f 5264 5252 5250
f 5264 5250 5262
f 5265 5253 5255
f 5263 5253 5265
f 5266 5254 5252
f 5266 5252 5264
f 5267 5255 5254
f 5265 5255 5267
f 5267 5254 5266
f 5268 5257 5259
f 5269 5256 5257
f 5269 5257 5268
f 5270 5259 5261
f 5268 5259 5270
f 5271 5258 5256
f 5271 5256 5269
f 5272 5261 5263
f 5270 5261 5272
f 5273 5260 5258
f 5273 5258 5271
f 5274 5263 5265
f 5272 5263 5274
f 5275 5262 5260
f 5275 5260 5273
f 5276 5265 5267
f 5274 5265 5276
f 5277 5264 5262
f 5277 5262 5275
f 5278 5267 5266
f 5276 5267 5278
f 5279 5266 5264
f 5279 5264 5277
f 5278 5266 5279
f 5280 5268 5270
f 5281 5269 5268
f 5281 5268 5280
f 5282 5270 5272
f 5280 5270 5282
f 5283 5271 5269
f 5283 5269 5281
f 5284 5272 5274
f 5282 5272 5284
f 5285 5273 5271
f 5285 5271 5283
f 5286 5274 5276
f 5284 5274 5286
f 5287 5275 5273
f 5287 5273 5285
f 5288 5276 5278
f 5286 5276 5288
f 5289 5277 5275
f 5289 5275 5287
f 5290 5278 5279
f 5288 5278 5290
f 5291 5279 5277
f 5291 5277 5289
f 5290 5279 5291
f 5292 5280 5282
f 5293 5282 5284
f 5292 5282 5293
f 5294 5281 5280
f 5294 5280 5292
f 5295 5284 5286
f 5293 5284 5295
f 5296 5283 5281
f 5296 5281 5294
f 5297 5286 5288
f 5295 5286 5297
f 5298 5285 5283
f 5298 5283 5296
f 5299 5288 5290
f 5297 5288 5299
f 5300 5287 5285
f 5300 5285 5298
f 5301 5289 5287
f 5301 5287 5300
f 5302 5291 5289
f 5302 5289 5301
f 5303 5290 5291
f 5303 5291 5302
f 5299 5290 5303
f 5293 5295 5292
f 5292 5295 5297
f 5292 5297 5294
f 5294 5297 5299
f 5294 5299 5296
f 5296 5299 5303
f 5296 5303 5298
f 5298 5303 5302
f 5298 5302 5300
f 5300 5302 5301
f 5304 5305 5306
f 5307 5308 5305
f 5307 5305 5304
f 5309 5306 5310
f 5304 5306 5309
f 5311 5312 5308
f 5311 5308 5307
f 5313 5310 5314
f 5309 5310 5313
f 5315 5316 5312
f 5315 5312 5311
f 5317 5314 5318
f 5313 5314 5317
f 5319 5320 5316
f 5319 5316 5315
f 5321 5318 5322
f 5317 5318 5321
f 5323 5324 5320
f 5323 5320 5319
f 5325 5322 5326
f 5321 5322 5325
f 5327 5326 5324
f 5327 5324 5323
f 5325 5326 5327
f 5328 5304 5309
f 5329 5307 5304
f 5329 5304 5328
f 5330 5309 5313
f 5328 5309 5330
f 5331 5313 5317
f 5330 5313 5331
f 5332 5311 5307
f 5332 5307 5329
f 5333 5315 5311
f 5333 5311 5332
f 5334 5317 5321
f 5331 5317 5334
f 5335 5321 5325
f 5334 5321 5335
f 5336 5319 5315
f 5336 5315 5333
f 5337 5323 5319
f 5337 5319 5336
f 5338 5327 5323
f 5338 5323 5337
f 5339 5325 5327
f 5339 5327 5338
f 5335 5325 5339
f 5340 5328 5330
f 5341 5329 5328
f 5341 5328 5340
f 5342 5330 5331
f 5340 5330 5342
f 5343 5331 5334
f 5342 5331 5343
f 5344 5332 5329
f 5344 5329 5341
f 5345 5334 5335
f 5343 5334 5345
f 5346 5333 5332
f 5346 5332 5344
f 5347 5336 5333
f 5347 5333 5346
f 5348 5337 5336
f 5348 5336 5347
f 5349 5338 5337
f 5349 5337 5348
f 5350 5339 5338
f 5350 5338 5349
f 5351 5335 5339
f 5345 5335 5351
f 5351 5339 5350
f 5352 5342 5343
f 5353 5340 5342
f 5353 5342 5352
f 5354 5343 5345
f 5352 5343 5354
f 5355 5341 5340
f 5356 5344 5341
f 5356 5341 5355
f 5355 5340 5353
f 5357 5345 5351
f 5354 5345 5357
f 5358 5351 5350
f 5357 5351 5358
f 5359 5346 5344
f 5359 5344 5356
f 5360 5350 5349
f 5358 5350 5360
f 5361 5347 5346
f 5361 5346 5359
f 5362 5349 5348
f 5360 5349 5362
f 5363 5348 5347
f 5363 5347 5361
f 5362 5348 5363
f 5364 5352 5354
f 5365 5353 5352
f 5365 5352 5364
f 5366 5354 5357
f 5364 5354 5366
f 5367 5355 5353
f 5367 5353 5365
f 5368 5357 5358
f 5366 5357 5368
f 5369 5356 5355
f 5369 5355 5367
f 5370 5358 5360
f 5368 5358 5370
f 5371 5359 5356
f 5371 5356 5369
f 5372 5360 5362
f 5370 5360 5372
f 5373 5361 5359
f 5373 5359 5371
f 5374 5362 5363
f 5372 5362 5374
f 5375 5363 5361
f 5375 5361 5373
f 5374 5363 5375
f 5376 5364 5366
f 5377 5365 5364
f 5377 5364 5376
f 5378 5366 5368
f 5376 5366 5378
f 5379 5368 5370
f 5378 5368 5379
f 5380 5367 5365
f 5380 5365 5377
f 5381 5370 5372
f 5379 5370 5381
f 5382 5369 5367
f 5382 5367 5380
f 5383 5372 5374
f 5381 5372 5383
f 5384 5371 5369
f 5384 5369 5382
f 5385 5374 5375
f 5383 5374 5385
f 5386 5373 5371
f 5386 5371 5384
f 5387 5375 5373
f 5387 5373 5386
f 5385 5375 5387
f 5388 5376 5378
f 5389 5378 5379
f 5388 5378 5389
f 5390 5377 5376
f 5390 5376 5388
f 5391 5379 5381
f 5389 5379 5391
f 5392 5380 5377
f 5392 5377 5390
f 5393 5381 5383
f 5391 5381 5393
f 5394 5383 5385
f 5393 5383 5394
f 5395 5382 5380
f 5395 5380 5392
f 5396 5385 5387
f 5394 5385 5396
f 5397 5384 5382
f 5397 5382 5395
f 5398 5386 5384
f 5398 5384 5397
f 5399 5387 5386
f 5396 5387 5399
f 5399 5386 5398
f 5400 5389 5391
f 5401 5388 5389
f 5401 5389 5400
f 5402 5391 5393
f 5400 5391 5402
f 5403 5390 5388
f 5403 5388 5401
f 5404 5393 5394
f 5402 5393 5404
f 5405 5392 5390
f 5405 5390 5403
f 5406 5394 5396
f 5404 5394 5406
f 5407 5395 5392
f 5407 5392 5405
f 5408 5396 5399
f 5406 5396 5408
f 5409 5397 5395
f 5409 5395 5407
f 5410 5399 5398
f 5408 5399 5410
f 5411 5398 5397
f 5411 5397 5409
f 5410 5398 5411
f 5412 5400 5402
f 5413 5401 5400
f 5413 5400 5412
f 5414 5402 5404
f 5412 5402 5414
f 5415 5404 5406
f 5414 5404 5415
f 5416 5403 5401
f 5417 5405 5403
f 5417 5403 5416
f 5416 5401 5413
f 5418 5406 5408
f 5415 5406 5418
f 5419 5408 5410
f 5418 5408 5419
f 5420 5407 5405
f 5420 5405 5417
f 5421 5410 5411
f 5419 5410 5421
f 5422 5409 5407
f 5422 5407 5420
f 5423 5411 5409
f 5423 5409 5422
f 5421 5411 5423
f 5424 5412 5414
f 5425 5414 5415
f 5424 5414 5425
f 5426 5413 5412
f 5426 5412 5424
f 5427 5415 5418
f 5425 5415 5427
f 5428 5416 5413
f 5428 5413 5426
f 5429 5418 5419
f 5427 5418 5429
f 5430 5417 5416
f 5430 5416 5428
f 5431 5419 5421
f 5429 5419 5431
f 5432 5420 5417
f 5432 5417 5430
f 5433 5421 5423
f 5431 5421 5433
f 5434 5422 5420
f 5434 5420 5432
f 5435 5423 5422
f 5433 5423 5435
f 5435 5422 5434
f 5436 5425 5427
f 5437 5424 5425
f 5437 5425 5436
f 5438 5427 5429
f 5436 5427 5438
f 5439 5426 5424
f 5439 5424 5437
f 5440 5429 5431
f 5438 5429 5440
f 5441 5428 5426
f 5441 5426 5439
f 5442 5431 5433
f 5440 5431 5442
f 5443 5430 5428
f 5443 5428 5441
f 5444 5433 5435
f 5442 5433 5444
f 5445 5432 5430
f 5445 5430 5443
f 5446 5435 5434
f 5444 5435 5446
f 5447 5434 5432
f 5447 5432 5445
f 5446 5434 5447
f 5448 5436 5438
f 5449 5437 5436
f 5449 5436 5448
f 5450 5438 5440
f 5448 5438 5450
f 5451 5440 5442
f 5450 5440 5451
f 5452 5439 5437
f 5452 5437 5449
f 5453 5441 5439
f 5453 5439 5452
f 5454 5442 5444
f 5455 5444 5446
f 5454 5444 5455
f 5451 5442 5454
f 5456 5443 5441
f 5456 5441 5453
f 5457 5446 5447
f 5455 5446 5457
f 5458 5445 5443
f 5458 5443 5456
f 5459 5447 5445
f 5459 5445 5458
f 5457 5447 5459
f 5460 5448 5450
f 5461 5449 5448
f 5461 5448 5460
f 5462 5450 5451
f 5460 5450 5462
f 5463 5451 5454
f 5462 5451 5463
f 5464 5452 5449
f 5464 5449 5461
f 5465 5454 5455
f 5463 5454 5465
f 5466 5453 5452
f 5466 5452 5464
f 5467 5456 5453
f 5467 5453 5466
f 5468 5455 5457
f 5465 5455 5468
f 5469 5458 5456
f 5469 5456 5467
f 5470 5457 5459
f 5468 5457 5470
f 5471 5459 5458
f 5471 5458 5469
f 5470 5459 5471
f 5472 5460 5462
f 5473 5461 5460
f 5473 5460 5472
f 5474 5462 5463
f 5472 5462 5474
f 5475 5464 5461
f 5475 5461 5473
f 5476 5463 5465
f 5474 5463 5476
f 5477 5466 5464
f 5477 5464 5475
f 5478 5465 5468
f 5476 5465 5478
f 5479 5467 5466
f 5479 5466 5477
f 5480 5468 5470
f 5478 5468 5480
f 5481 5469 5467
f 5481 5467 5479
f 5482 5470 5471
f 5480 5470 5482
f 5483 5471 5469
f 5483 5469 5481
f 5482 5471 5483
f 5484 5472 5474
f 5485 5473 5472
f 5485 5472 5484
f 5486 5474 5476
f 5484 5474 5486
f 5487 5475 5473
f 5487 5473 5485
f 5488 5476 5478
f 5486 5476 5488
f 5489 5477 5475
f 5489 5475 5487
f 5490 5478 5480
f 5488 5478 5490
f 5491 5479 5477
f 5491 5477 5489
f 5492 5480 5482
f 5490 5480 5492
f 5493 5481 5479
f 5493 5479 5491
f 5494 5482 5483
f 5492 5482 5494
f 5495 5483 5481
f 5495 5481 5493
f 5494 5483 5495
f 5496 5484 5486
f 5497 5485 5484
f 5497 5484 5496
f 5498 5486 5488
f 5496 5486 5498
f 5499 5487 5485
f 5499 5485 5497
f 5500 5488 5490
f 5498 5488 5500
f 5501 5489 5487
f 5501 5487 5499
f 5502 5490 5492
f 5500 5490 5502
f 5503 5492 5494
f 5502 5492 5503
f 5504 5491 5489
f 5504 5489 5501
f 5505 5493 5491
f 5505 5491 5504
f 5506 5495 5493
f 5506 5493 5505
f 5507 5494 5495
f 5507 5495 5506
f 5503 5494 5507
f 5508 5496 5498
f 5509 5497 5496
f 5509 5496 5508
f 5510 5498 5500
f 5508 5498 5510
f 5511 5500 5502
f 5510 5500 5511
f 5512 5499 5497
f 5512 5497 5509
f 5513 5502 5503
f 5511 5502 5513
f 5514 5501 5499
f 5514 5499 5512
f 5515 5503 5507
f 5513 5503 5515
f 5516 5504 5501
f 5516 5501 5514
f 5517 5505 5504
f 5517 5504 5516
f 5518 5507 5506
f 5515 5507 5518
f 5519 5506 5505
f 5519 5505 5517
f 5518 5506 5519
f 5520 5508 5510
f 5521 5509 5508
f 5521 5508 5520
f 5522 5510 5511
f 5520 5510 5522
f 5523 5511 5513
f 5522 5511 5523
f 5524 5512 5509
f 5524 5509 5521
f 5525 5513 5515
f 5523 5513 5525
f 5526 5514 5512
f 5526 5512 5524
f 5527 5515 5518
f 5525 5515 5527
f 5528 5516 5514
f 5528 5514 5526
f 5529 5518 5519
f 5527 5518 5529
f 5530 5517 5516
f 5530 5516 5528
f 5531 5519 5517
f 5529 5519 5531
f 5531 5517 5530
f 5532 5520 5522
f 5533 5521 5520
f 5533 5520 5532
f 5534 5522 5523
f 5532 5522 5534
f 5535 5523 5525
f 5534 5523 5535
f 5536 5525 5527
f 5535 5525 5536
f 5537 5524 5521
f 5537 5521 5533
f 5538 5526 5524
f 5538 5524 5537
f 5539 5527 5529
f 5536 5527 5539
f 5540 5528 5526
f 5540 5526 5538
f 5541 5529 5531
f 5539 5529 5541
f 5542 5530 5528
f 5542 5528 5540
f 5543 5531 5530
f 5543 5530 5542
f 5541 5531 5543
f 5544 5534 5535
f 5545 5532 5534
f 5545 5534 5544
f 5546 5535 5536
f 5544 5535 5546
f 5547 5533 5532
f 5547 5532 5545
f 5548 5536 5539
f 5546 5536 5548
f 5549 5537 5533
f 5549 5533 5547
f 5550 5539 5541
f 5548 5539 5550
f 5551 5538 5537
f 5551 5537 5549
f 5552 5541 5543
f 5550 5541 5552
f 5553 5540 5538
f 5553 5538 5551
f 5554 5543 5542
f 5552 5543 5554
f 5555 5542 5540
f 5555 5540 5553
f 5554 5542 5555
f 5556 5544 5546
f 5557 5545 5544
f 5557 5544 5556
f 5558 5546 5548
f 5556 5546 5558
f 5559 5548 5550
f 5558 5548 5559
f 5560 5547 5545
f 5560 5545 5557
f 5561 5550 5552
f 5559 5550 5561
f 5562 5549 5547
f 5562 5547 5560
f 5563 5552 5554
f 5561 5552 5563
f 5564 5551 5549
f 5564 5549 5562
f 5565 5554 5555
f 5563 5554 5565
f 5566 5553 5551
f 5566 5551 5564
f 5567 5555 5553
f 5567 5553 5566
f 5565 5555 5567
f 5568 5556 5558
f 5569 5557 5556
f 5569 5556 5568
f 5570 5558 5559
f 5568 5558 5570
f 5571 5559 5561
f 5570 5559 5571
f 5572 5561 5563
f 5571 5561 5572
f 5573 5560 5557
f 5573 5557 5569
f 5574 5563 5565
f 5572 5563 5574
f 5575 5562 5560
f 5575 5560 5573
f 5576 5565 5567
f 5574 5565 5576
f 5577 5564 5562
f 5577 5562 5575
f 5578 5566 5564
f 5578 5564 5577
f 5579 5567 5566
f 5576 5567 5579
f 5579 5566 5578
f 5580 5570 5571
f 5581 5568 5570
f 5581 5570 5580
f 5582 5571 5572
f 5580 5571 5582
f 5583 5569 5568
f 5583 5568 5581
f 5584 5572 5574
f 5582 5572 5584
f 5585 5573 5569
f 5585 5569 5583
f 5586 5574 5576
f 5584 5574 5586
f 5587 5575 5573
f 5587 5573 5585
f 5588 5576 5579
f 5586 5576 5588
f 5589 5577 5575
f 5589 5575 5587
f 5590 5579 5578
f 5588 5579 5590
f 5591 5578 5577
f 5591 5577 5589
f 5590 5578 5591
f 5580 5582 5584
f 5580 5584 5581
f 5581 5584 5586
f 5581 5586 5583
f 5583 5586 5588
f 5583 5588 5585
f 5585 5588 5590
f 5585 5590 5587
f 5587 5590 5591
f 5587 5591 5589
f 5592 5593 5594
f 5595 5596 5593
f 5597 5593 5598
f 5598 5593 5592
f 5595 5593 5597
f 5599 5594 5600
f 5592 5594 5599
f 5601 5602 5596
f 5601 5596 5595
f 5603 5600 5604
f 5599 5600 5603
f 5605 5606 5602
f 5605 5602 5601
f 5607 5604 5608
f 5603 5604 5607
f 5609 5608 5606
f 5609 5606 5605
f 5607 5608 5610
f 5611 5608 5609
f 5610 5608 5611
f 5612 5597 5598
f 5613 5598 5592
f 5612 5598 5613
f 5614 5595 5597
f 5614 5597 5612
f 5615 5592 5599
f 5613 5592 5615
f 5616 5599 5603
f 5615 5599 5616
f 5617 5603 5607
f 5616 5603 5617
f 5618 5601 5595
f 5618 5595 5614
f 5619 5607 5610
f 5617 5607 5619
f 5620 5605 5601
f 5620 5601 5618
f 5621 5609 5605
f 5621 5605 5620
f 5622 5611 5609
f 5622 5609 5621
f 5623 5610 5611
f 5623 5611 5622
f 5619 5610 5623
f 5624 5613 5615
f 5625 5612 5613
f 5625 5613 5624
f 5626 5615 5616
f 5624 5615 5626
f 5627 5616 5617
f 5626 5616 5627
f 5628 5614 5612
f 5628 5612 5625
f 5629 5617 5619
f 5627 5617 5629
f 5630 5618 5614
f 5630 5614 5628
f 5631 5619 5623
f 5629 5619 5631
f 5632 5620 5618
f 5632 5618 5630
f 5633 5623 5622
f 5631 5623 5633
f 5634 5621 5620
f 5634 5620 5632
f 5635 5622 5621
f 5635 5621 5634
f 5633 5622 5635
f 5636 5624 5626
f 5637 5625 5624
f 5637 5624 5636
f 5638 5626 5627
f 5636 5626 5638
f 5639 5627 5629
f 5638 5627 5639
f 5640 5628 5625
f 5640 5625 5637
f 5641 5629 5631
f 5639 5629 5641
f 5642 5630 5628
f 5642 5628 5640
f 5643 5631 5633
f 5641 5631 5643
f 5644 5632 5630
f 5644 5630 5642
f 5645 5633 5635
f 5643 5633 5645
f 5646 5634 5632
f 5646 5632 5644
f 5647 5635 5634
f 5647 5634 5646
f 5645 5635 5647
f 5648 5638 5639
f 5649 5636 5638
f 5649 5638 5648
f 5650 5639 5641
f 5648 5639 5650
f 5651 5637 5636
f 5651 5636 5649
f 5652 5641 5643
f 5650 5641 5652
f 5653 5640 5637
f 5653 5637 5651
f 5654 5643 5645
f 5652 5643 5654
f 5655 5642 5640
f 5655 5640 5653
f 5656 5645 5647
f 5654 5645 5656
f 5657 5644 5642
f 5657 5642 5655
f 5658 5647 5646
f 5656 5647 5658
f 5659 5646 5644
f 5659 5644 5657
f 5658 5646 5659
f 5660 5648 5650
f 5661 5649 5648
f 5661 5648 5660
f 5662 5650 5652
f 5660 5650 5662
f 5663 5651 5649
f 5663 5649 5661
f 5664 5652 5654
f 5662 5652 5664
f 5665 5653 5651
f 5665 5651 5663
f 5666 5654 5656
f 5664 5654 5666
f 5667 5655 5653
f 5667 5653 5665
f 5668 5656 5658
f 5666 5656 5668
f 5669 5657 5655
f 5669 5655 5667
f 5670 5658 5659
f 5668 5658 5670
f 5671 5659 5657
f 5671 5657 5669
f 5670 5659 5671
f 5672 5660 5662
f 5673 5661 5660
f 5673 5660 5672
f 5674 5662 5664
f 5672 5662 5674
f 5675 5664 5666
f 5674 5664 5675
f 5676 5663 5661
f 5676 5661 5673
f 5677 5666 5668
f 5675 5666 5677
f 5678 5665 5663
f 5678 5663 5676
f 5679 5668 5670
f 5677 5668 5679
f 5680 5667 5665
f 5680 5665 5678
f 5681 5669 5667
f 5681 5667 5680
f 5682 5671 5669
f 5682 5669 5681
f 5683 5670 5671
f 5683 5671 5682
f 5679 5670 5683
f 5684 5672 5674
f 5685 5673 5672
f 5685 5672 5684
f 5686 5674 5675
f 5684 5674 5686
f 5687 5675 5677
f 5686 5675 5687
f 5688 5676 5673
f 5688 5673 5685
f 5689 5677 5679
f 5687 5677 5689
f 5690 5679 5683
f 5689 5679 5690
f 5691 5678 5676
f 5691 5676 5688
f 5692 5680 5678
f 5692 5678 5691
f 5693 5683 5682
f 5690 5683 5693
f 5694 5681 5680
f 5694 5680 5692
f 5695 5682 5681
f 5695 5681 5694
f 5693 5682 5695
f 5696 5686 5687
f 5697 5684 5686
f 5697 5686 5696
f 5698 5687 5689
f 5696 5687 5698
f 5699 5685 5684
f 5699 5684 5697
f 5700 5689 5690
f 5698 5689 5700
f 5701 5688 5685
f 5701 5685 5699
f 5702 5690 5693
f 5700 5690 5702
f 5703 5691 5688
f 5703 5688 5701
f 5704 5693 5695
f 5702 5693 5704
f 5705 5692 5691
f 5705 5691 5703
f 5706 5695 5694
f 5704 5695 5706
f 5707 5694 5692
f 5707 5692 5705
f 5706 5694 5707
f 5708 5696 5698
f 5709 5697 5696
f 5709 5696 5708
f 5710 5698 5700
f 5708 5698 5710
f 5711 5700 5702
f 5710 5700 5711
f 5712 5699 5697
f 5712 5697 5709
f 5713 5702 5704
f 5711 5702 5713
f 5714 5701 5699
f 5714 5699 5712
f 5715 5704 5706
f 5713 5704 5715
f 5716 5703 5701
f 5716 5701 5714
f 5717 5706 5707
f 5715 5706 5717
f 5718 5705 5703
f 5718 5703 5716
f 5719 5707 5705
f 5717 5707 5719
f 5719 5705 5718
f 5720 5710 5711
f 5721 5708 5710
f 5721 5710 5720
f 5722 5711 5713
f 5720 5711 5722
f 5723 5709 5708
f 5723 5708 5721
f 5724 5713 5715
f 5722 5713 5724
f 5725 5712 5709
f 5725 5709 5723
f 5726 5715 5717
f 5724 5715 5726
f 5727 5714 5712
f 5727 5712 5725
f 5728 5717 5719
f 5726 5717 5728
f 5729 5716 5714
f 5729 5714 5727
f 5730 5719 5718
f 5728 5719 5730
f 5731 5718 5716
f 5731 5716 5729
f 5730 5718 5731
f 5732 5720 5722
f 5733 5722 5724
f 5732 5722 5733
f 5734 5721 5720
f 5734 5720 5732
f 5735 5724 5726
f 5733 5724 5735
f 5736 5723 5721
f 5736 5721 5734
f 5737 5726 5728
f 5735 5726 5737
f 5738 5725 5723
f 5738 5723 5736
f 5739 5728 5730
f 5737 5728 5739
f 5740 5727 5725
f 5740 5725 5738
f 5741 5730 5731
f 5739 5730 5741
f 5742 5729 5727
f 5742 5727 5740
f 5743 5731 5729
f 5741 5731 5743
f 5743 5729 5742
f 5744 5732 5733
f 5745 5733 5735
f 5744 5733 5745
f 5746 5734 5732
f 5746 5732 5744
f 5747 5735 5737
f 5745 5735 5747
f 5748 5736 5734
f 5748 5734 5746
f 5749 5737 5739
f 5747 5737 5749
f 5750 5738 5736
f 5750 5736 5748
f 5751 5739 5741
f 5749 5739 5751
f 5752 5740 5738
f 5752 5738 5750
f 5753 5741 5743
f 5751 5741 5753
f 5754 5742 5740
f 5754 5740 5752
f 5755 5743 5742
f 5753 5743 5755
f 5755 5742 5754
f 5756 5744 5745
f 5757 5745 5747
f 5756 5745 5757
f 5758 5746 5744
f 5758 5744 5756
f 5759 5747 5749
f 5757 5747 5759
f 5760 5748 5746
f 5760 5746 5758
f 5761 5749 5751
f 5759 5749 5761
f 5762 5750 5748
f 5762 5748 5760
f 5763 5751 5753
f 5761 5751 5763
f 5764 5752 5750
f 5764 5750 5762
f 5765 5753 5755
f 5763 5753 5765
f 5766 5754 5752
f 5766 5752 5764
f 5767 5755 5754
f 5765 5755 5767
f 5767 5754 5766
f 5768 5756 5757
f 5769 5757 5759
f 5768 5757 5769
f 5770 5758 5756
f 5770 5756 5768
f 5771 5759 5761
f 5769 5759 5771
f 5772 5760 5758
f 5772 5758 5770
f 5773 5761 5763
f 5771 5761 5773
f 5774 5762 5760
f 5774 5760 5772
f 5775 5763 5765
f 5773 5763 5775
f 5776 5764 5762
f 5776 5762 5774
f 5777 5765 5767
f 5775 5765 5777
f 5778 5766 5764
f 5778 5764 5776
f 5779 5767 5766
f 5777 5767 5779
f 5779 5766 5778
f 5780 5768 5769
f 5781 5770 5768
f 5781 5768 5780
f 5782 5769 5771
f 5780 5769 5782
f 5783 5771 5773
f 5782 5771 5783
f 5784 5772 5770
f 5784 5770 5781
f 5785 5773 5775
f 5783 5773 5785
f 5786 5774 5772
f 5786 5772 5784
f 5787 5775 5777
f 5785 5775 5787
f 5788 5776 5774
f 5788 5774 5786
f 5789 5777 5779
f 5787 5777 5789
f 5790 5778 5776
f 5790 5776 5788
f 5791 5779 5778
f 5791 5778 5790
f 5789 5779 5791
f 5792 5780 5782
f 5793 5782 5783
f 5792 5782 5793
f 5794 5781 5780
f 5794 5780 5792
f 5795 5783 5785
f 5793 5783 5795
f 5796 5784 5781
f 5796 5781 5794
f 5797 5785 5787
f 5795 5785 5797
f 5798 5786 5784
f 5798 5784 5796
f 5799 5787 5789
f 5797 5787 5799
f 5800 5788 5786
f 5800 5786 5798
f 5801 5789 5791
f 5799 5789 5801
f 5802 5790 5788
f 5802 5788 5800
f 5803 5791 5790
f 5801 5791 5803
f 5803 5790 5802
f 5804 5792 5793
f 5805 5793 5795
f 5804 5793 5805
f 5806 5794 5792
f 5806 5792 5804
f 5807 5795 5797
f 5805 5795 5807
f 5808 5796 5794
f 5808 5794 5806
f 5809 5797 5799
f 5807 5797 5809
f 5810 5798 5796
f 5810 5796 5808
f 5811 5799 5801
f 5809 5799 5811
f 5812 5800 5798
f 5812 5798 5810
f 5813 5801 5803
f 5811 5801 5813
f 5814 5802 5800
f 5814 5800 5812
f 5815 5803 5802
f 5813 5803 5815
f 5815 5802 5814
f 5816 5804 5805
f 5817 5805 5807
f 5816 5805 5817
f 5818 5806 5804
f 5818 5804 5816
f 5819 5807 5809
f 5817 5807 5819
f 5820 5809 5811
f 5819 5809 5820
f 5821 5808 5806
f 5821 5806 5818
f 5822 5811 5813
f 5820 5811 5822
f 5823 5810 5808
f 5823 5808 5821
f 5824 5812 5810
f 5824 5810 5823
f 5825 5813 5815
f 5822 5813 5825
f 5826 5814 5812
f 5826 5812 5824
f 5827 5815 5814
f 5827 5814 5826
f 5825 5815 5827
f 5828 5817 5819
f 5829 5816 5817
f 5829 5817 5828
f 5830 5819 5820
f 5828 5819 5830
f 5831 5818 5816
f 5831 5816 5829
f 5832 5820 5822
f 5830 5820 5832
f 5833 5821 5818
f 5833 5818 5831
f 5834 5822 5825
f 5832 5822 5834
f 5835 5823 5821
f 5835 5821 5833
f 5836 5825 5827
f 5834 5825 5836
f 5837 5824 5823
f 5837 5823 5835
f 5838 5826 5824
f 5838 5824 5837
f 5839 5827 5826
f 5839 5826 5838
f 5836 5827 5839
f 5840 5829 5828
f 5841 5831 5829
f 5841 5829 5840
f 5842 5828 5830
f 5840 5828 5842
f 5843 5830 5832
f 5842 5830 5843
f 5844 5832 5834
f 5843 5832 5844
f 5845 5833 5831
f 5845 5831 5841
f 5846 5834 5836
f 5844 5834 5846
f 5847 5835 5833
f 5847 5833 5845
f 5848 5836 5839
f 5846 5836 5848
f 5849 5837 5835
f 5849 5835 5847
f 5850 5838 5837
f 5850 5837 5849
f 5851 5839 5838
f 5851 5838 5850
f 5848 5839 5851
f 5852 5842 5843
f 5853 5840 5842
f 5853 5842 5852
f 5854 5843 5844
f 5852 5843 5854
f 5855 5841 5840
f 5855 5840 5853
f 5856 5844 5846
f 5854 5844 5856
f 5857 5845 5841
f 5857 5841 5855
f 5858 5846 5848
f 5856 5846 5858
f 5859 5847 5845
f 5859 5845 5857
f 5860 5848 5851
f 5858 5848 5860
f 5861 5849 5847
f 5861 5847 5859
f 5862 5851 5850
f 5860 5851 5862
f 5863 5850 5849
f 5863 5849 5861
f 5862 5850 5863
f 5864 5852 5854
f 5865 5853 5852
f 5865 5852 5864
f 5866 5854 5856
f 5864 5854 5866
f 5867 5856 5858
f 5866 5856 5867
f 5868 5855 5853
f 5868 5853 5865
f 5869 5858 5860
f 5867 5858 5869
f 5870 5857 5855
f 5870 5855 5868
f 5871 5860 5862
f 5869 5860 5871
f 5872 5859 5857
f 5872 5857 5870
f 5873 5862 5863
f 5871 5862 5873
f 5874 5861 5859
f 5874 5859 5872
f 5875 5863 5861
f 5875 5861 5874
f 5873 5863 5875
f 5866 5869 5864
f 5866 5867 5869
f 5864 5871 5865
f 5864 5869 5871
f 5865 5873 5868
f 5865 5871 5873
f 5868 5875 5870
f 5868 5873 5875
f 5870 5874 5872
f 5870 5875 5874
usemtl Posterior_cutaneous_nerve_of_the_thigh_rMaterial1
f 5876 5877 5878
f 5879 5876 5878
f 5878 5880 5881
f 5882 5878 5881
f 5878 5877 5880
f 5879 5878 5882
f 5876 5883 5877
f 5884 5883 5876
f 5884 5876 5879
f 5885 5877 5883
f 5885 5883 5884
f 5881 5886 5887
f 5888 5881 5887
f 5881 5880 5886
f 5882 5881 5888
f 5889 5880 5877
f 5889 5877 5885
f 5887 5890 5891
f 5892 5887 5891
f 5887 5886 5890
f 5888 5887 5892
f 5891 5893 5894
f 5895 5891 5894
f 5891 5890 5893
f 5892 5891 5895
f 5896 5886 5880
f 5896 5880 5889
f 5897 5894 5893
f 5895 5894 5897
f 5898 5890 5886
f 5898 5886 5896
f 5899 5893 5890
f 5897 5893 5899
f 5899 5890 5898
f 5900 5879 5882
f 5901 5882 5888
f 5900 5882 5901
f 5902 5884 5879
f 5902 5879 5900
f 5903 5888 5892
f 5901 5888 5903
f 5904 5885 5884
f 5904 5884 5902
f 5905 5892 5895
f 5903 5892 5905
f 5906 5889 5885
f 5906 5885 5904
f 5907 5895 5897
f 5905 5895 5907
f 5908 5896 5889
f 5908 5889 5906
f 5909 5897 5899
f 5907 5897 5909
f 5910 5898 5896
f 5910 5896 5908
f 5911 5899 5898
f 5909 5899 5911
f 5911 5898 5910
f 5912 5900 5901
f 5913 5901 5903
f 5912 5901 5913
f 5914 5902 5900
f 5914 5900 5912
f 5915 5903 5905
f 5913 5903 5915
f 5916 5904 5902
f 5916 5902 5914
f 5917 5905 5907
f 5915 5905 5917
f 5918 5906 5904
f 5918 5904 5916
f 5919 5907 5909
f 5917 5907 5919
f 5920 5908 5906
f 5920 5906 5918
f 5921 5909 5911
f 5919 5909 5921
f 5922 5910 5908
f 5922 5908 5920
f 5923 5911 5910
f 5921 5911 5923
f 5923 5910 5922
f 5924 5912 5913
f 5925 5913 5915
f 5924 5913 5925
f 5926 5914 5912
f 5926 5912 5924
f 5927 5915 5917
f 5925 5915 5927
f 5928 5916 5914
f 5928 5914 5926
f 5929 5917 5919
f 5927 5917 5929
f 5930 5918 5916
f 5930 5916 5928
f 5931 5919 5921
f 5929 5919 5931
f 5932 5920 5918
f 5932 5918 5930
f 5933 5921 5923
f 5931 5921 5933
f 5934 5922 5920
f 5934 5920 5932
f 5935 5923 5922
f 5933 5923 5935
f 5935 5922 5934
f 5936 5924 5925
f 5937 5925 5927
f 5936 5925 5937
f 5938 5926 5924
f 5938 5924 5936
f 5939 5927 5929
f 5937 5927 5939
f 5940 5928 5926
f 5940 5926 5938
f 5941 5929 5931
f 5939 5929 5941
f 5942 5930 5928
f 5942 5928 5940
f 5943 5931 5933
f 5941 5931 5943
f 5944 5932 5930
f 5944 5930 5942
f 5945 5933 5935
f 5943 5933 5945
f 5946 5934 5932
f 5946 5932 5944
f 5947 5935 5934
f 5945 5935 5947
f 5947 5934 5946
f 5948 5936 5937
f 5949 5937 5939
f 5948 5937 5949
f 5950 5938 5936
f 5950 5936 5948
f 5951 5939 5941
f 5949 5939 5951
f 5952 5940 5938
f 5952 5938 5950
f 5953 5941 5943
f 5951 5941 5953
f 5954 5942 5940
f 5954 5940 5952
f 5955 5943 5945
f 5953 5943 5955
f 5956 5944 5942
f 5956 5942 5954
f 5957 5945 5947
f 5955 5945 5957
f 5958 5946 5944
f 5958 5944 5956
f 5959 5947 5946
f 5957 5947 5959
f 5959 5946 5958
f 5960 5948 5949
f 5961 5949 5951
f 5960 5949 5961
f 5962 5950 5948
f 5962 5948 5960
f 5963 5951 5953
f 5961 5951 5963
f 5964 5952 5950
f 5964 5950 5962
f 5965 5953 5955
f 5963 5953 5965
f 5966 5954 5952
f 5966 5952 5964
f 5967 5955 5957
f 5965 5955 5967
f 5968 5956 5954
f 5968 5954 5966
f 5969 5957 5959
f 5967 5957 5969
f 5970 5958 5956
f 5970 5956 5968
f 5971 5959 5958
f 5969 5959 5971
f 5971 5958 5970
f 5972 5961 5963
f 5973 5963 5965
f 5972 5963 5973
f 5974 5962 5960
f 5975 5964 5962
f 5975 5962 5974
f 5976 5960 5961
f 5976 5961 5972
f 5974 5960 5976
f 5977 5965 5967
f 5973 5965 5977
f 5978 5966 5964
f 5978 5964 5975
f 5979 5967 5969
f 5977 5967 5979
f 5980 5968 5966
f 5980 5966 5978
f 5981 5969 5971
f 5979 5969 5981
f 5982 5970 5968
f 5982 5968 5980
f 5983 5971 5970
f 5981 5971 5983
f 5983 5970 5982
f 5984 5976 5972
f 5985 5974 5976
f 5985 5976 5984
f 5986 5972 5973
f 5984 5972 5986
f 5987 5975 5974
f 5987 5974 5985
f 5988 5973 5977
f 5986 5973 5988
f 5989 5978 5975
f 5989 5975 5987
f 5990 5977 5979
f 5988 5977 5990
f 5991 5980 5978
f 5991 5978 5989
f 5992 5979 5981
f 5990 5979 5992
f 5993 5982 5980
f 5993 5980 5991
f 5994 5981 5983
f 5992 5981 5994
f 5995 5983 5982
f 5995 5982 5993
f 5994 5983 5995
f 5996 5985 5984
f 5997 5984 5986
f 5996 5984 5997
f 5998 5987 5985
f 5998 5985 5996
f 5999 5986 5988
f 5997 5986 5999
f 6000 5988 5990
f 5999 5988 6000
f 6001 5989 5987
f 6001 5987 5998
f 6002 5990 5992
f 6000 5990 6002
f 6003 5991 5989
f 6003 5989 6001
f 6004 5992 5994
f 6002 5992 6004
f 6005 5993 5991
f 6005 5991 6003
f 6006 5994 5995
f 6004 5994 6006
f 6007 5995 5993
f 6007 5993 6005
f 6006 5995 6007
f 6008 5996 5997
f 6009 5998 5996
f 6009 5996 6008
f 6010 5997 5999
f 6008 5997 6010
f 6011 5999 6000
f 6010 5999 6011
f 6012 6001 5998
f 6012 5998 6009
f 6013 6000 6002
f 6011 6000 6013
f 6014 6003 6001
f 6014 6001 6012
f 6015 6002 6004
f 6013 6002 6015
f 6016 6005 6003
f 6016 6003 6014
f 6017 6004 6006
f 6015 6004 6017
f 6018 6007 6005
f 6018 6005 6016
f 6019 6006 6007
f 6019 6007 6018
f 6017 6006 6019
f 6020 6009 6008
f 6021 6008 6010
f 6020 6008 6021
f 6022 6012 6009
f 6022 6009 6020
f 6023 6010 6011
f 6021 6010 6023
f 6024 6014 6012
f 6024 6012 6022
f 6025 6011 6013
f 6023 6011 6025
f 6026 6016 6014
f 6026 6014 6024
f 6027 6013 6015
f 6025 6013 6027
f 6028 6018 6016
f 6028 6016 6026
f 6029 6015 6017
f 6027 6015 6029
f 6030 6019 6018
f 6030 6018 6028
f 6031 6017 6019
f 6029 6017 6031
f 6031 6019 6030
f 6021 6029 6020
f 6020 6031 6022
f 6020 6029 6031
f 6023 6027 6021
f 6021 6027 6029
f 6022 6030 6024
f 6022 6031 6030
f 6023 6025 6027
f 6024 6028 6026
f 6024 6030 6028
f 6032 6033 6034
f 6035 6033 6032
f 6034 6033 6036
f 6037 6036 6033
f 6037 6033 6035
f 6038 6032 6034
f 6035 6032 6038
f 6034 6036 6039
f 6039 6036 6040
f 6041 6040 6036
f 6041 6036 6037
f 6042 6034 6039
f 6038 6034 6042
f 6039 6040 6043
f 6043 6040 6044
f 6045 6044 6040
f 6045 6040 6041
f 6046 6039 6043
f 6042 6039 6046
f 6043 6044 6047
f 6047 6044 6048
f 6049 6048 6044
f 6049 6044 6045
f 6050 6043 6047
f 6046 6043 6050
f 6047 6048 6051
f 6051 6048 6052
f 6053 6052 6048
f 6053 6048 6049
f 6054 6047 6051
f 6050 6047 6054
f 6055 6051 6052
f 6055 6052 6053
f 6054 6051 6055
f 6056 6041 6037
f 6057 6045 6041
f 6057 6041 6056
f 6058 6037 6035
f 6056 6037 6058
f 6059 6035 6038
f 6058 6035 6059
f 6060 6038 6042
f 6059 6038 6060
f 6061 6049 6045
f 6061 6045 6057
f 6062 6042 6046
f 6060 6042 6062
f 6063 6053 6049
f 6063 6049 6061
f 6064 6046 6050
f 6062 6046 6064
f 6065 6055 6053
f 6065 6053 6063
f 6066 6050 6054
f 6064 6050 6066
f 6067 6054 6055
f 6067 6055 6065
f 6066 6054 6067
f 6068 6056 6058
f 6069 6058 6059
f 6068 6058 6069
f 6070 6057 6056
f 6070 6056 6068
f 6071 6059 6060
f 6069 6059 6071
f 6072 6061 6057
f 6072 6057 6070
f 6073 6060 6062
f 6071 6060 6073
f 6074 6062 6064
f 6073 6062 6074
f 6075 6063 6061
f 6075 6061 6072
f 6076 6065 6063
f 6076 6063 6075
f 6077 6064 6066
f 6074 6064 6077
f 6078 6067 6065
f 6078 6065 6076
f 6079 6066 6067
f 6077 6066 6079
f 6079 6067 6078
f 6080 6068 6069
f 6081 6070 6068
f 6081 6068 6080
f 6082 6069 6071
f 6080 6069 6082
f 6083 6072 6070
f 6083 6070 6081
f 6084 6071 6073
f 6082 6071 6084
f 6085 6075 6072
f 6085 6072 6083
f 6086 6073 6074
f 6084 6073 6086
f 6087 6074 6077
f 6086 6074 6087
f 6088 6076 6075
f 6088 6075 6085
f 6089 6078 6076
f 6089 6076 6088
f 6090 6077 6079
f 6087 6077 6090
f 6091 6079 6078
f 6091 6078 6089
f 6090 6079 6091
f 6092 6081 6080
f 6093 6080 6082
f 6092 6080 6093
f 6094 6083 6081
f 6094 6081 6092
f 6095 6082 6084
f 6093 6082 6095
f 6096 6084 6086
f 6095 6084 6096
f 6097 6085 6083
f 6097 6083 6094
f 6098 6086 6087
f 6096 6086 6098
f 6099 6088 6085
f 6099 6085 6097
f 6100 6087 6090
f 6098 6087 6100
f 6101 6089 6088
f 6101 6088 6099
f 6102 6090 6091
f 6100 6090 6102
f 6103 6091 6089
f 6103 6089 6101
f 6102 6091 6103
f 6104 6092 6093
f 6105 6093 6095
f 6104 6093 6105
f 6106 6094 6092
f 6106 6092 6104
f 6107 6095 6096
f 6105 6095 6107
f 6108 6097 6094
f 6108 6094 6106
f 6109 6096 6098
f 6107 6096 6109
f 6110 6099 6097
f 6110 6097 6108
f 6111 6098 6100
f 6109 6098 6111
f 6112 6101 6099
f 6112 6099 6110
f 6113 6100 6102
f 6111 6100 6113
f 6114 6103 6101
f 6114 6101 6112
f 6115 6102 6103
f 6113 6102 6115
f 6115 6103 6114
f 6116 6104 6105
f 6117 6106 6104
f 6117 6104 6116
f 6118 6105 6107
f 6116 6105 6118
f 6119 6107 6109
f 6118 6107 6119
f 6120 6108 6106
f 6120 6106 6117
f 6121 6109 6111
f 6119 6109 6121
f 6122 6110 6108
f 6122 6108 6120
f 6123 6111 6113
f 6121 6111 6123
f 6124 6112 6110
f 6124 6110 6122
f 6125 6114 6112
f 6125 6112 6124
f 6126 6113 6115
f 6123 6113 6126
f 6127 6115 6114
f 6127 6114 6125
f 6126 6115 6127
f 6128 6116 6118
f 6129 6117 6116
f 6129 6116 6128
f 6130 6118 6119
f 6128 6118 6130
f 6131 6120 6117
f 6131 6117 6129
f 6132 6119 6121
f 6130 6119 6132
f 6133 6122 6120
f 6133 6120 6131
f 6134 6121 6123
f 6132 6121 6134
f 6135 6124 6122
f 6135 6122 6133
f 6136 6123 6126
f 6134 6123 6136
f 6137 6125 6124
f 6137 6124 6135
f 6138 6126 6127
f 6136 6126 6138
f 6139 6127 6125
f 6139 6125 6137
f 6138 6127 6139
f 6140 6128 6130
f 6141 6129 6128
f 6141 6128 6140
f 6142 6130 6132
f 6140 6130 6142
f 6143 6131 6129
f 6143 6129 6141
f 6144 6132 6134
f 6142 6132 6144
f 6145 6133 6131
f 6145 6131 6143
f 6146 6134 6136
f 6144 6134 6146
f 6147 6135 6133
f 6147 6133 6145
f 6148 6136 6138
f 6146 6136 6148
f 6149 6137 6135
f 6149 6135 6147
f 6150 6138 6139
f 6148 6138 6150
f 6151 6139 6137
f 6151 6137 6149
f 6150 6139 6151
f 6152 6140 6142
f 6153 6141 6140
f 6153 6140 6152
f 6154 6142 6144
f 6152 6142 6154
f 6155 6143 6141
f 6155 6141 6153
f 6156 6144 6146
f 6154 6144 6156
f 6157 6145 6143
f 6157 6143 6155
f 6158 6146 6148
f 6156 6146 6158
f 6159 6147 6145
f 6159 6145 6157
f 6160 6148 6150
f 6158 6148 6160
f 6161 6149 6147
f 6161 6147 6159
f 6162 6150 6151
f 6160 6150 6162
f 6163 6151 6149
f 6163 6149 6161
f 6162 6151 6163
f 6164 6152 6154
f 6165 6153 6152
f 6165 6152 6164
f 6166 6154 6156
f 6164 6154 6166
f 6167 6155 6153
f 6167 6153 6165
f 6168 6156 6158
f 6166 6156 6168
f 6169 6157 6155
f 6169 6155 6167
f 6170 6158 6160
f 6168 6158 6170
f 6171 6159 6157
f 6171 6157 6169
f 6172 6160 6162
f 6170 6160 6172
f 6173 6161 6159
f 6173 6159 6171
f 6174 6162 6163
f 6172 6162 6174
f 6175 6163 6161
f 6175 6161 6173
f 6174 6163 6175
f 6176 6165 6164
f 6177 6164 6166
f 6176 6164 6177
f 6178 6167 6165
f 6178 6165 6176
f 6179 6166 6168
f 6177 6166 6179
f 6180 6169 6167
f 6180 6167 6178
f 6181 6168 6170
f 6179 6168 6181
f 6182 6171 6169
f 6182 6169 6180
f 6183 6170 6172
f 6181 6170 6183
f 6184 6173 6171
f 6184 6171 6182
f 6185 6172 6174
f 6183 6172 6185
f 6186 6175 6173
f 6186 6173 6184
f 6187 6174 6175
f 6185 6174 6187
f 6187 6175 6186
f 6177 6184 6176
f 6179 6186 6177
f 6177 6186 6184
f 6176 6182 6178
f 6176 6184 6182
f 6181 6187 6179
f 6179 6187 6186
f 6178 6182 6180
f 6183 6185 6181
f 6181 6185 6187
f 6188 6189 6190
f 6190 6189 6191
f 6192 6188 6190
f 6193 6190 6194
f 6192 6190 6193
f 6190 6191 6194
f 6188 6195 6189
f 6195 6196 6189
f 6189 6197 6191
f 6189 6196 6197
f 6198 6195 6188
f 6199 6188 6192
f 6199 6198 6188
f 6195 6200 6196
f 6201 6200 6195
f 6198 6201 6195
f 6193 6194 6202
f 6203 6192 6193
f 6204 6193 6202
f 6203 6193 6204
f 6194 6191 6205
f 6191 6197 6206
f 6191 6206 6205
f 6202 6194 6207
f 6194 6205 6207
f 6208 6199 6192
f 6208 6192 6203
f 6200 6209 6196
f 6196 6210 6197
f 6196 6209 6210
f 6201 6211 6200
f 6200 6212 6209
f 6211 6212 6200
f 6197 6210 6213
f 6197 6213 6206
f 6214 6201 6198
f 6215 6211 6201
f 6214 6215 6201
f 6216 6198 6199
f 6216 6214 6198
f 6204 6202 6217
f 6202 6207 6218
f 6217 6202 6218
f 6219 6199 6208
f 6219 6216 6199
f 6220 6203 6204
f 6221 6208 6203
f 6221 6203 6220
f 6222 6204 6217
f 6220 6204 6222
f 6207 6205 6223
f 6205 6206 6224
f 6205 6224 6223
f 6218 6207 6225
f 6207 6223 6225
f 6212 6226 6209
f 6209 6226 6227
f 6209 6227 6210
f 6211 6228 6212
f 6215 6229 6211
f 6229 6228 6211
f 6230 6231 6226
f 6226 6231 6232
f 6212 6230 6226
f 6226 6232 6227
f 6217 6218 6233
f 6222 6217 6234
f 6234 6217 6233
f 6230 6235 6231
f 6231 6236 6232
f 6235 6237 6231
f 6231 6237 6236
f 6210 6227 6238
f 6210 6238 6213
f 6228 6230 6212
f 6206 6213 6239
f 6206 6239 6224
f 6218 6225 6240
f 6233 6218 6240
f 6241 6219 6208
f 6241 6208 6221
f 6227 6232 6242
f 6227 6242 6238
f 6243 6235 6230
f 6228 6243 6230
f 6244 6215 6214
f 6245 6214 6216
f 6245 6244 6214
f 6246 6229 6215
f 6244 6246 6215
f 6232 6236 6247
f 6232 6247 6242
f 6235 6248 6237
f 6249 6248 6235
f 6243 6249 6235
f 6250 6216 6219
f 6250 6245 6216
f 6251 6220 6222
f 6252 6221 6220
f 6252 6220 6251
f 6253 6222 6234
f 6251 6222 6253
f 6237 6254 6236
f 6248 6255 6237
f 6237 6255 6254
f 6236 6256 6247
f 6236 6254 6256
f 6229 6257 6228
f 6257 6243 6228
f 6225 6223 6258
f 6223 6224 6259
f 6223 6259 6258
f 6240 6225 6260
f 6225 6258 6260
f 6246 6261 6229
f 6261 6257 6229
f 6234 6233 6262
f 6233 6240 6263
f 6262 6233 6263
f 6249 6264 6248
f 6248 6265 6255
f 6264 6265 6248
f 6213 6238 6266
f 6238 6242 6267
f 6238 6267 6266
f 6268 6249 6243
f 6257 6268 6243
f 6213 6266 6239
f 6253 6234 6269
f 6269 6234 6262
f 6242 6247 6270
f 6242 6270 6267
f 6224 6239 6271
f 6224 6271 6259
f 6272 6219 6241
f 6272 6250 6219
f 6273 6241 6221
f 6273 6221 6252
f 6274 6264 6249
f 6268 6274 6249
f 6240 6260 6275
f 6263 6240 6275
f 6276 6246 6244
f 6277 6244 6245
f 6277 6276 6244
f 6255 6278 6254
f 6265 6279 6255
f 6255 6279 6278
f 6280 6261 6246
f 6276 6280 6246
f 6247 6256 6281
f 6247 6281 6270
f 6282 6245 6250
f 6282 6277 6245
f 6254 6283 6256
f 6254 6278 6283
f 6264 6284 6265
f 6284 6285 6265
f 6265 6285 6279
f 6274 6286 6264
f 6286 6284 6264
f 6261 6287 6257
f 6287 6268 6257
f 6260 6258 6288
f 6258 6259 6289
f 6258 6289 6288
f 6275 6260 6290
f 6260 6288 6290
f 6291 6251 6253
f 6292 6252 6251
f 6292 6251 6291
f 6293 6253 6269
f 6291 6253 6293
f 6280 6294 6261
f 6294 6287 6261
f 6262 6263 6295
f 6263 6275 6296
f 6295 6263 6296
f 6269 6262 6297
f 6297 6262 6295
f 6239 6266 6298
f 6266 6267 6299
f 6266 6299 6298
f 6300 6274 6268
f 6287 6300 6268
f 6239 6298 6271
f 6301 6272 6241
f 6301 6241 6273
f 6256 6302 6281
f 6256 6283 6302
f 6267 6270 6303
f 6267 6303 6299
f 6304 6286 6274
f 6300 6304 6274
f 6259 6305 6289
f 6259 6271 6305
f 6306 6280 6276
f 6306 6307 6280
f 6307 6294 6280
f 6308 6276 6277
f 6308 6306 6276
f 6275 6290 6309
f 6296 6275 6309
f 6310 6282 6250
f 6310 6250 6272
f 6311 6273 6252
f 6311 6252 6292
f 6312 6269 6297
f 6293 6269 6312
f 6290 6288 6307
f 6288 6313 6307
f 6288 6289 6313
f 6290 6307 6306
f 6309 6290 6306
f 6314 6308 6277
f 6314 6277 6282
f 6270 6281 6315
f 6270 6315 6303
f 6286 6316 6284
f 6284 6317 6285
f 6316 6317 6284
f 6307 6313 6294
f 6309 6306 6308
f 6294 6318 6287
f 6313 6318 6294
f 6279 6319 6278
f 6285 6320 6279
f 6279 6320 6319
f 6304 6321 6286
f 6321 6316 6286
f 6318 6300 6287
f 6289 6322 6313
f 6289 6305 6322
f 6323 6309 6308
f 6296 6309 6323
f 6323 6308 6314
f 6295 6296 6324
f 6324 6296 6323
f 6278 6325 6283
f 6278 6319 6325
f 6271 6298 6326
f 6271 6326 6305
f 6298 6299 6327
f 6298 6327 6326
f 6328 6304 6300
f 6318 6328 6300
f 6313 6322 6318
f 6297 6295 6329
f 6329 6295 6324
f 6330 6314 6282
f 6330 6282 6310
f 6299 6303 6331
f 6299 6331 6327
f 6332 6310 6272
f 6332 6272 6301
f 6317 6333 6285
f 6285 6333 6320
f 6281 6334 6315
f 6281 6302 6334
f 6335 6321 6304
f 6328 6335 6304
f 6336 6301 6273
f 6336 6273 6311
f 6312 6297 6337
f 6337 6297 6329
f 6338 6291 6293
f 6339 6292 6291
f 6339 6291 6338
f 6340 6293 6312
f 6338 6293 6340
f 6303 6315 6341
f 6303 6341 6331
f 6342 6323 6314
f 6324 6323 6342
f 6283 6343 6302
f 6283 6325 6343
f 6322 6328 6318
f 6342 6314 6330
f 6321 6344 6316
f 6316 6345 6317
f 6344 6345 6316
f 6305 6326 6346
f 6305 6346 6322
f 6335 6347 6321
f 6347 6344 6321
f 6326 6327 6348
f 6326 6348 6346
f 6322 6346 6328
f 6346 6335 6328
f 6349 6311 6292
f 6349 6292 6339
f 6327 6331 6350
f 6327 6350 6348
f 6329 6324 6351
f 6351 6324 6342
f 6352 6312 6337
f 6340 6312 6352
f 6346 6348 6335
f 6348 6347 6335
f 6345 6353 6317
f 6317 6353 6333
f 6354 6330 6310
f 6354 6310 6332
f 6315 6355 6341
f 6315 6334 6355
f 6331 6356 6350
f 6331 6341 6356
f 6348 6350 6347
f 6357 6332 6301
f 6357 6301 6336
f 6337 6329 6358
f 6358 6329 6351
f 6302 6359 6334
f 6302 6343 6359
f 6347 6360 6344
f 6350 6360 6347
f 6361 6342 6330
f 6361 6330 6354
f 6351 6342 6361
f 6344 6362 6345
f 6360 6362 6344
f 6350 6356 6360
f 6363 6336 6311
f 6363 6311 6349
f 6320 6364 6319
f 6333 6365 6320
f 6320 6365 6364
f 6352 6337 6366
f 6366 6337 6358
f 6319 6367 6325
f 6319 6364 6367
f 6341 6368 6356
f 6341 6355 6368
f 6362 6369 6345
f 6345 6369 6353
f 6370 6338 6340
f 6371 6339 6338
f 6371 6338 6370
f 6372 6340 6352
f 6370 6340 6372
f 6356 6373 6360
f 6360 6373 6362
f 6374 6354 6332
f 6374 6332 6357
f 6375 6351 6361
f 6358 6351 6375
f 6353 6376 6333
f 6333 6376 6365
f 6356 6368 6373
f 6325 6377 6343
f 6325 6367 6377
f 6334 6378 6355
f 6334 6359 6378
f 6379 6349 6339
f 6379 6339 6371
f 6380 6361 6354
f 6380 6354 6374
f 6375 6361 6380
f 6381 6357 6336
f 6381 6336 6363
f 6382 6352 6366
f 6372 6352 6382
f 6366 6358 6383
f 6383 6358 6375
f 6373 6384 6362
f 6362 6384 6369
f 6369 6385 6353
f 6353 6385 6376
f 6355 6386 6368
f 6355 6378 6386
f 6343 6387 6359
f 6343 6377 6387
f 6388 6363 6349
f 6388 6349 6379
f 6368 6389 6373
f 6373 6389 6384
f 6368 6386 6389
f 6390 6366 6383
f 6382 6366 6390
f 6391 6374 6357
f 6391 6357 6381
f 6392 6375 6380
f 6383 6375 6392
f 6384 6393 6369
f 6369 6393 6385
f 6394 6370 6372
f 6395 6371 6370
f 6395 6370 6394
f 6396 6372 6382
f 6394 6372 6396
f 6359 6397 6378
f 6359 6387 6397
f 6398 6380 6374
f 6398 6374 6391
f 6392 6380 6398
f 6399 6381 6363
f 6399 6363 6388
f 6400 6379 6371
f 6400 6371 6395
f 6365 6401 6364
f 6364 6402 6367
f 6364 6401 6402
f 6376 6403 6365
f 6365 6403 6401
f 6404 6383 6392
f 6390 6383 6404
f 6405 6382 6390
f 6396 6382 6405
f 6389 6406 6384
f 6384 6406 6393
f 6385 6407 6376
f 6376 6407 6403
f 6378 6408 6386
f 6378 6397 6408
f 6367 6409 6377
f 6367 6402 6409
f 6410 6388 6379
f 6410 6379 6400
f 6411 6391 6381
f 6411 6381 6399
f 6386 6412 6389
f 6389 6412 6406
f 6386 6408 6412
f 6413 6392 6398
f 6404 6392 6413
f 6414 6390 6404
f 6405 6390 6414
f 6393 6415 6385
f 6385 6415 6407
f 6416 6398 6391
f 6416 6391 6411
f 6413 6398 6416
f 6377 6417 6387
f 6377 6409 6417
f 6418 6394 6396
f 6419 6395 6394
f 6419 6394 6418
f 6420 6399 6388
f 6420 6388 6410
f 6421 6396 6405
f 6418 6396 6421
f 6422 6400 6395
f 6422 6395 6419
f 6423 6404 6413
f 6414 6404 6423
f 6406 6424 6393
f 6393 6424 6415
f 6425 6405 6414
f 6421 6405 6425
f 6387 6426 6397
f 6387 6417 6426
f 6427 6411 6399
f 6427 6399 6420
f 6428 6410 6400
f 6428 6400 6422
f 6429 6413 6416
f 6423 6413 6429
f 6397 6430 6408
f 6397 6426 6430
f 6412 6431 6406
f 6406 6431 6424
f 6432 6416 6411
f 6432 6411 6427
f 6429 6416 6432
f 6433 6414 6423
f 6425 6414 6433
f 6408 6434 6412
f 6408 6430 6434
f 6412 6434 6431
f 6435 6420 6410
f 6435 6410 6428
f 6403 6436 6401
f 6401 6437 6402
f 6401 6436 6437
f 6407 6438 6403
f 6403 6438 6436
f 6439 6418 6421
f 6440 6419 6418
f 6440 6418 6439
f 6441 6421 6425
f 6439 6421 6441
f 6402 6442 6409
f 6402 6437 6442
f 6415 6443 6407
f 6407 6443 6438
f 6444 6423 6429
f 6433 6423 6444
f 6445 6422 6419
f 6445 6419 6440
f 6446 6427 6420
f 6446 6420 6435
f 6447 6425 6433
f 6441 6425 6447
f 6409 6448 6417
f 6409 6442 6448
f 6424 6449 6415
f 6415 6449 6443
f 6450 6429 6432
f 6444 6429 6450
f 6451 6428 6422
f 6451 6422 6445
f 6452 6432 6427
f 6452 6427 6446
f 6450 6432 6452
f 6453 6433 6444
f 6447 6433 6453
f 6454 6435 6428
f 6454 6428 6451
f 6417 6455 6426
f 6417 6448 6455
f 6431 6456 6424
f 6424 6456 6449
f 6457 6439 6441
f 6458 6440 6439
f 6458 6439 6457
f 6459 6441 6447
f 6457 6441 6459
f 6460 6444 6450
f 6453 6444 6460
f 6461 6445 6440
f 6461 6440 6458
f 6426 6462 6430
f 6426 6455 6462
f 6434 6463 6431
f 6431 6463 6456
f 6464 6446 6435
f 6464 6435 6454
f 6465 6447 6453
f 6459 6447 6465
f 6430 6466 6434
f 6430 6462 6466
f 6434 6466 6463
f 6467 6451 6445
f 6467 6445 6461
f 6468 6450 6452
f 6460 6450 6468
f 6469 6452 6446
f 6469 6446 6464
f 6468 6452 6469
f 6470 6453 6460
f 6465 6453 6470
f 6471 6454 6451
f 6471 6451 6467
f 6438 6472 6436
f 6436 6473 6437
f 6436 6472 6473
f 6443 6474 6438
f 6438 6474 6472
f 6475 6460 6468
f 6470 6460 6475
f 6476 6464 6454
f 6476 6454 6471
f 6437 6477 6442
f 6437 6473 6477
f 6449 6478 6443
f 6443 6478 6474
f 6479 6457 6459
f 6480 6458 6457
f 6480 6457 6479
f 6481 6459 6465
f 6479 6459 6481
f 6482 6468 6469
f 6475 6468 6482
f 6483 6469 6464
f 6483 6464 6476
f 6484 6461 6458
f 6484 6458 6480
f 6482 6469 6483
f 6442 6485 6448
f 6442 6477 6485
f 6456 6486 6449
f 6449 6486 6478
f 6487 6465 6470
f 6481 6465 6487
f 6488 6467 6461
f 6488 6461 6484
f 6448 6489 6455
f 6448 6485 6489
f 6463 6490 6456
f 6456 6490 6486
f 6491 6470 6475
f 6487 6470 6491
f 6492 6471 6467
f 6492 6467 6488
f 6455 6493 6462
f 6455 6489 6493
f 6466 6494 6463
f 6463 6494 6490
f 6495 6475 6482
f 6491 6475 6495
f 6462 6496 6466
f 6462 6493 6496
f 6466 6496 6494
f 6497 6476 6471
f 6497 6471 6492
f 6498 6482 6483
f 6495 6482 6498
f 6499 6483 6476
f 6499 6476 6497
f 6498 6483 6499
f 6500 6479 6481
f 6501 6480 6479
f 6501 6479 6500
f 6502 6481 6487
f 6500 6481 6502
f 6503 6484 6480
f 6503 6480 6501
f 6504 6487 6491
f 6502 6487 6504
f 6505 6488 6484
f 6505 6484 6503
f 6506 6491 6495
f 6504 6491 6506
f 6474 6507 6472
f 6472 6508 6473
f 6472 6507 6508
f 6478 6509 6474
f 6474 6509 6507
f 6510 6492 6488
f 6510 6488 6505
f 6473 6511 6477
f 6473 6508 6511
f 6486 6512 6478
f 6478 6512 6509
f 6513 6495 6498
f 6506 6495 6513
f 6477 6514 6485
f 6477 6511 6514
f 6515 6497 6492
f 6515 6492 6510
f 6490 6516 6486
f 6486 6516 6512
f 6517 6498 6499
f 6513 6498 6517
f 6518 6499 6497
f 6518 6497 6515
f 6517 6499 6518
f 6485 6519 6489
f 6485 6514 6519
f 6494 6520 6490
f 6490 6520 6516
f 6489 6521 6493
f 6489 6519 6521
f 6522 6500 6502
f 6523 6501 6500
f 6523 6500 6522
f 6524 6502 6504
f 6522 6502 6524
f 6496 6525 6494
f 6494 6525 6520
f 6526 6503 6501
f 6526 6501 6523
f 6493 6527 6496
f 6493 6521 6527
f 6496 6527 6525
f 6528 6504 6506
f 6524 6504 6528
f 6529 6505 6503
f 6529 6503 6526
f 6530 6506 6513
f 6528 6506 6530
f 6531 6510 6505
f 6531 6505 6529
f 6532 6513 6517
f 6530 6513 6532
f 6533 6515 6510
f 6533 6510 6531
f 6534 6517 6518
f 6532 6517 6534
f 6535 6518 6515
f 6535 6515 6533
f 6534 6518 6535
f 6536 6522 6524
f 6537 6523 6522
f 6537 6522 6536
f 6509 6538 6507
f 6507 6539 6508
f 6507 6538 6539
f 6540 6524 6528
f 6536 6524 6540
f 6512 6541 6509
f 6509 6541 6538
f 6542 6526 6523
f 6542 6523 6537
f 6508 6543 6511
f 6508 6539 6543
f 6516 6544 6512
f 6512 6544 6541
f 6545 6528 6530
f 6540 6528 6545
f 6511 6546 6514
f 6511 6543 6546
f 6547 6529 6526
f 6547 6526 6542
f 6520 6548 6516
f 6516 6548 6544
f 6549 6530 6532
f 6545 6530 6549
f 6514 6550 6519
f 6514 6546 6550
f 6551 6531 6529
f 6551 6529 6547
f 6525 6552 6520
f 6520 6552 6548
f 6553 6532 6534
f 6549 6532 6553
f 6519 6554 6521
f 6519 6550 6554
f 6527 6555 6525
f 6525 6555 6552
f 6556 6533 6531
f 6556 6531 6551
f 6521 6557 6527
f 6521 6554 6557
f 6558 6534 6535
f 6553 6534 6558
f 6527 6557 6555
f 6559 6535 6533
f 6559 6533 6556
f 6558 6535 6559
f 6560 6536 6540
f 6561 6537 6536
f 6561 6536 6560
f 6562 6540 6545
f 6560 6540 6562
f 6563 6542 6537
f 6563 6537 6561
f 6564 6545 6549
f 6562 6545 6564
f 6565 6547 6542
f 6565 6542 6563
f 6566 6549 6553
f 6564 6549 6566
f 6567 6551 6547
f 6567 6547 6565
f 6568 6553 6558
f 6566 6553 6568
f 6569 6556 6551
f 6569 6551 6567
f 6570 6558 6559
f 6568 6558 6570
f 6571 6559 6556
f 6571 6556 6569
f 6570 6559 6571
f 6541 6572 6538
f 6538 6573 6539
f 6538 6572 6573
f 6544 6574 6541
f 6541 6574 6572
f 6539 6575 6543
f 6539 6573 6575
f 6548 6576 6544
f 6544 6576 6574
f 6577 6560 6562
f 6578 6561 6560
f 6578 6560 6577
f 6543 6579 6546
f 6543 6575 6579
f 6580 6562 6564
f 6577 6562 6580
f 6581 6563 6561
f 6581 6561 6578
f 6552 6582 6548
f 6548 6582 6576
f 6583 6564 6566
f 6580 6564 6583
f 6546 6584 6550
f 6546 6579 6584
f 6585 6565 6563
f 6585 6563 6581
f 6555 6586 6552
f 6552 6586 6582
f 6574 6587 6572
f 6572 6588 6573
f 6572 6587 6588
f 6576 6589 6574
f 6574 6589 6587
f 6590 6566 6568
f 6583 6566 6590
f 6550 6591 6554
f 6550 6584 6591
f 6573 6592 6575
f 6573 6588 6592
f 6557 6593 6555
f 6555 6593 6586
f 6582 6594 6576
f 6576 6594 6589
f 6554 6595 6557
f 6554 6591 6595
f 6596 6567 6565
f 6596 6565 6585
f 6557 6595 6593
f 6575 6597 6579
f 6575 6592 6597
f 6598 6568 6570
f 6590 6568 6598
f 6586 6599 6582
f 6582 6599 6594
f 6600 6569 6567
f 6600 6567 6596
f 6579 6601 6584
f 6579 6597 6601
f 6602 6570 6571
f 6598 6570 6602
f 6593 6603 6586
f 6586 6603 6599
f 6604 6571 6569
f 6604 6569 6600
f 6602 6571 6604
f 6584 6605 6591
f 6584 6601 6605
f 6595 6606 6593
f 6593 6606 6603
f 6591 6607 6595
f 6591 6605 6607
f 6595 6607 6606
f 6589 6608 6587
f 6587 6609 6588
f 6587 6608 6609
f 6594 6610 6589
f 6589 6610 6608
f 6588 6611 6592
f 6588 6609 6611
f 6612 6577 6580
f 6613 6578 6577
f 6613 6577 6612
f 6599 6614 6594
f 6594 6614 6610
f 6615 6580 6583
f 6612 6580 6615
f 6592 6616 6597
f 6592 6611 6616
f 6617 6581 6578
f 6617 6578 6613
f 6618 6583 6590
f 6615 6583 6618
f 6603 6619 6599
f 6599 6619 6614
f 6597 6620 6601
f 6597 6616 6620
f 6621 6585 6581
f 6621 6581 6617
f 6606 6622 6603
f 6603 6622 6619
f 6623 6590 6598
f 6618 6590 6623
f 6601 6624 6605
f 6601 6620 6624
f 6607 6625 6606
f 6606 6625 6622
f 6605 6626 6607
f 6605 6624 6626
f 6627 6596 6585
f 6627 6585 6621
f 6607 6626 6625
f 6628 6598 6602
f 6623 6598 6628
f 6629 6600 6596
f 6629 6596 6627
f 6630 6602 6604
f 6628 6602 6630
f 6631 6604 6600
f 6630 6604 6631
f 6631 6600 6629
f 6610 6632 6608
f 6608 6633 6609
f 6608 6632 6633
f 6614 6634 6610
f 6610 6634 6632
f 6609 6635 6611
f 6609 6633 6635
f 6619 6636 6614
f 6614 6636 6634
f 6611 6637 6616
f 6611 6635 6637
f 6622 6638 6619
f 6619 6638 6636
f 6639 6612 6615
f 6640 6613 6612
f 6640 6612 6639
f 6641 6615 6618
f 6639 6615 6641
f 6616 6642 6620
f 6616 6637 6642
f 6643 6617 6613
f 6643 6613 6640
f 6625 6644 6622
f 6622 6644 6638
f 6645 6618 6623
f 6641 6618 6645
f 6620 6646 6624
f 6620 6642 6646
f 6626 6647 6625
f 6625 6647 6644
f 6624 6648 6626
f 6624 6646 6648
f 6649 6621 6617
f 6649 6617 6643
f 6626 6648 6647
f 6650 6623 6628
f 6645 6623 6650
f 6651 6627 6621
f 6651 6621 6649
f 6652 6628 6630
f 6650 6628 6652
f 6653 6629 6627
f 6653 6627 6651
f 6654 6630 6631
f 6652 6630 6654
f 6655 6631 6629
f 6655 6629 6653
f 6634 6656 6632
f 6632 6657 6633
f 6632 6656 6657
f 6654 6631 6655
f 6636 6658 6634
f 6634 6658 6656
f 6633 6659 6635
f 6633 6657 6659
f 6638 6660 6636
f 6636 6660 6658
f 6635 6661 6637
f 6635 6659 6661
f 6662 6639 6641
f 6663 6641 6645
f 6662 6641 6663
f 6664 6640 6639
f 6664 6639 6662
f 6644 6665 6638
f 6638 6665 6660
f 6666 6643 6640
f 6666 6640 6664
f 6637 6667 6642
f 6637 6661 6667
f 6668 6645 6650
f 6663 6645 6668
f 6647 6669 6644
f 6644 6669 6665
f 6642 6670 6646
f 6642 6667 6670
f 6671 6649 6643
f 6671 6643 6666
f 6648 6672 6647
f 6647 6672 6669
f 6673 6650 6652
f 6668 6650 6673
f 6646 6674 6648
f 6646 6670 6674
f 6648 6674 6672
f 6675 6651 6649
f 6675 6649 6671
f 6676 6652 6654
f 6673 6652 6676
f 6677 6653 6651
f 6677 6651 6675
f 6678 6654 6655
f 6676 6654 6678
f 6679 6655 6653
f 6679 6653 6677
f 6678 6655 6679
f 6680 6662 6663
f 6681 6663 6668
f 6680 6663 6681
f 6682 6664 6662
f 6682 6662 6680
f 6683 6666 6664
f 6683 6664 6682
f 6684 6668 6673
f 6681 6668 6684
f 6656 6685 6657
f 6658 6686 6656
f 6656 6686 6685
f 6657 6687 6659
f 6657 6685 6687
f 6660 6688 6658
f 6658 6688 6686
f 6689 6671 6666
f 6689 6666 6683
f 6665 6690 6660
f 6660 6690 6688
f 6659 6691 6661
f 6659 6687 6691
f 6692 6673 6676
f 6684 6673 6692
f 6661 6693 6667
f 6661 6691 6693
f 6669 6694 6665
f 6665 6694 6690
f 6695 6675 6671
f 6695 6671 6689
f 6696 6676 6678
f 6692 6676 6696
f 6672 6697 6669
f 6669 6697 6694
f 6667 6698 6670
f 6667 6693 6698
f 6670 6699 6674
f 6670 6698 6699
f 6674 6700 6672
f 6672 6700 6697
f 6701 6680 6681
f 6702 6682 6680
f 6702 6680 6701
f 6703 6681 6684
f 6701 6681 6703
f 6674 6699 6700
f 6704 6677 6675
f 6704 6675 6695
f 6705 6678 6679
f 6696 6678 6705
f 6706 6683 6682
f 6706 6682 6702
f 6703 6684 6707
f 6707 6684 6692
f 6708 6679 6677
f 6708 6677 6704
f 6705 6679 6708
f 6709 6701 6703
f 6710 6702 6701
f 6710 6701 6709
f 6711 6703 6707
f 6709 6703 6711
f 6712 6689 6683
f 6712 6683 6706
f 6707 6692 6713
f 6713 6692 6696
f 6714 6706 6702
f 6714 6702 6710
f 6711 6707 6715
f 6715 6707 6713
f 6716 6695 6689
f 6716 6689 6712
f 6713 6696 6717
f 6717 6696 6705
f 6718 6712 6706
f 6718 6706 6714
f 6719 6709 6711
f 6720 6710 6709
f 6720 6709 6719
f 6721 6711 6715
f 6719 6711 6721
f 6715 6713 6722
f 6722 6713 6717
f 6723 6714 6710
f 6723 6710 6720
f 6721 6715 6724
f 6724 6715 6722
f 6725 6704 6695
f 6725 6695 6716
f 6717 6705 6726
f 6726 6705 6708
f 6727 6716 6712
f 6727 6712 6718
f 6686 6728 6685
f 6688 6729 6686
f 6686 6729 6728
f 6722 6717 6730
f 6730 6717 6726
f 6731 6718 6714
f 6731 6714 6723
f 6685 6732 6687
f 6685 6728 6732
f 6690 6733 6688
f 6688 6733 6729
f 6734 6708 6704
f 6726 6708 6734
f 6734 6704 6725
f 6735 6719 6721
f 6736 6720 6719
f 6736 6719 6735
f 6737 6721 6724
f 6735 6721 6737
f 6724 6722 6738
f 6738 6722 6730
f 6739 6723 6720
f 6739 6720 6736
f 6687 6740 6691
f 6687 6732 6740
f 6694 6741 6690
f 6690 6741 6733
f 6742 6725 6716
f 6742 6716 6727
f 6737 6724 6743
f 6743 6724 6738
f 6730 6726 6744
f 6744 6726 6734
f 6745 6727 6718
f 6745 6718 6731
f 6691 6746 6693
f 6691 6740 6746
f 6697 6747 6694
f 6694 6747 6741
f 6748 6734 6725
f 6748 6725 6742
f 6738 6730 6749
f 6749 6730 6744
f 6750 6731 6723
f 6750 6723 6739
f 6744 6734 6748
f 6751 6735 6737
f 6752 6736 6735
f 6752 6735 6751
f 6753 6737 6743
f 6751 6737 6753
f 6693 6754 6698
f 6693 6746 6754
f 6700 6755 6697
f 6697 6755 6747
f 6743 6738 6756
f 6756 6738 6749
f 6757 6739 6736
f 6757 6736 6752
f 6758 6742 6727
f 6758 6727 6745
f 6698 6759 6699
f 6698 6754 6759
f 6699 6760 6700
f 6700 6760 6755
f 6761 6744 6748
f 6749 6744 6761
f 6753 6743 6762
f 6762 6743 6756
f 6763 6745 6731
f 6763 6731 6750
f 6699 6759 6760
f 6764 6748 6742
f 6761 6748 6764
f 6764 6742 6758
f 6765 6750 6739
f 6765 6739 6757
f 6756 6749 6766
f 6766 6749 6761
f 6767 6751 6753
f 6768 6752 6751
f 6768 6751 6767
f 6769 6753 6762
f 6767 6753 6769
f 6762 6756 6770
f 6770 6756 6766
f 6771 6757 6752
f 6771 6752 6768
f 6772 6758 6745
f 6772 6745 6763
f 6773 6761 6764
f 6766 6761 6773
f 6774 6763 6750
f 6774 6750 6765
f 6769 6762 6775
f 6775 6762 6770
f 6776 6764 6758
f 6776 6758 6772
f 6777 6765 6757
f 6777 6757 6771
f 6773 6764 6776
f 6770 6766 6778
f 6778 6766 6773
f 6779 6767 6769
f 6780 6768 6767
f 6780 6767 6779
f 6781 6769 6775
f 6779 6769 6781
f 6782 6771 6768
f 6782 6768 6780
f 6783 6772 6763
f 6783 6763 6774
f 6775 6770 6784
f 6784 6770 6778
f 6785 6774 6765
f 6785 6765 6777
f 6786 6773 6776
f 6778 6773 6786
f 6781 6775 6787
f 6787 6775 6784
f 6788 6776 6772
f 6788 6772 6783
f 6789 6777 6771
f 6789 6771 6782
f 6786 6776 6788
f 6790 6779 6781
f 6791 6780 6779
f 6791 6779 6790
f 6784 6778 6792
f 6792 6778 6786
f 6793 6781 6787
f 6790 6781 6793
f 6794 6782 6780
f 6794 6780 6791
f 6795 6783 6774
f 6795 6774 6785
f 6787 6784 6796
f 6796 6784 6792
f 6797 6785 6777
f 6797 6777 6789
f 6793 6787 6798
f 6798 6787 6796
f 6799 6786 6788
f 6792 6786 6799
f 6800 6788 6783
f 6800 6783 6795
f 6801 6789 6782
f 6801 6782 6794
f 6802 6790 6793
f 6803 6791 6790
f 6803 6790 6802
f 6799 6788 6800
f 6804 6793 6798
f 6802 6793 6804
f 6805 6794 6791
f 6805 6791 6803
f 6729 6806 6728
f 6733 6807 6729
f 6729 6807 6806
f 6796 6792 6808
f 6808 6792 6799
f 6728 6809 6732
f 6728 6806 6809
f 6741 6810 6733
f 6733 6810 6807
f 6811 6795 6785
f 6811 6785 6797
f 6798 6796 6812
f 6812 6796 6808
f 6804 6798 6813
f 6813 6798 6812
f 6732 6814 6740
f 6732 6809 6814
f 6815 6797 6789
f 6815 6789 6801
f 6747 6816 6741
f 6741 6816 6810
f 6817 6802 6804
f 6818 6803 6802
f 6818 6802 6817
f 6819 6801 6794
f 6819 6794 6805
f 6820 6799 6800
f 6808 6799 6820
f 6821 6804 6813
f 6817 6804 6821
f 6822 6800 6795
f 6822 6795 6811
f 6823 6805 6803
f 6823 6803 6818
f 6740 6824 6746
f 6740 6814 6824
f 6820 6800 6822
f 6755 6825 6747
f 6747 6825 6816
f 6812 6808 6826
f 6826 6808 6820
f 6827 6811 6797
f 6827 6797 6815
f 6813 6812 6828
f 6828 6812 6826
f 6821 6813 6829
f 6829 6813 6828
f 6830 6817 6821
f 6831 6818 6817
f 6831 6817 6830
f 6746 6832 6754
f 6746 6824 6832
f 6760 6833 6755
f 6755 6833 6825
f 6834 6815 6801
f 6834 6801 6819
f 6835 6805 6823
f 6835 6819 6805
f 6830 6821 6836
f 6836 6821 6829
f 6837 6818 6831
f 6837 6823 6818
f 6754 6838 6759
f 6754 6832 6838
f 6839 6820 6822
f 6826 6820 6839
f 6759 6840 6760
f 6760 6840 6833
f 6841 6822 6811
f 6841 6811 6827
f 6759 6838 6840
f 6842 6830 6836
f 6843 6831 6830
f 6843 6830 6842
f 6839 6822 6841
f 6828 6826 6844
f 6844 6826 6839
f 6836 6829 6845
f 6829 6828 6846
f 6845 6829 6846
f 6842 6836 6847
f 6847 6836 6845
f 6846 6828 6844
f 6848 6831 6843
f 6848 6837 6831
f 6849 6827 6815
f 6849 6815 6834
f 6850 6823 6837
f 6850 6835 6823
f 6851 6834 6819
f 6851 6819 6835
f 6852 6842 6847
f 6853 6843 6842
f 6853 6842 6852
f 6847 6845 6854
f 6855 6847 6854
f 6852 6847 6855
f 6845 6846 6856
f 6854 6845 6856
f 6857 6839 6841
f 6844 6839 6857
f 6858 6848 6843
f 6858 6843 6853
f 6859 6841 6827
f 6859 6827 6849
f 6846 6844 6860
f 6856 6846 6860
f 6857 6841 6859
f 6860 6844 6857
f 6861 6837 6848
f 6861 6850 6837
f 6862 6849 6834
f 6862 6834 6851
f 6863 6835 6850
f 6863 6851 6835
f 6855 6854 6864
f 6854 6856 6865
f 6864 6854 6865
f 6866 6852 6855
f 6867 6853 6852
f 6867 6852 6866
f 6868 6855 6864
f 6866 6855 6868
f 6856 6860 6869
f 6865 6856 6869
f 6870 6848 6858
f 6870 6861 6848
f 6860 6857 6871
f 6871 6857 6859
f 6872 6858 6853
f 6872 6853 6867
f 6873 6859 6849
f 6873 6849 6862
f 6869 6860 6871
f 6874 6850 6861
f 6874 6863 6850
f 6871 6859 6873
f 6875 6862 6851
f 6875 6851 6863
f 6864 6865 6876
f 6865 6869 6877
f 6876 6865 6877
f 6868 6864 6878
f 6878 6864 6876
f 6879 6870 6858
f 6879 6858 6872
f 6869 6871 6880
f 6880 6871 6873
f 6877 6869 6880
f 6881 6861 6870
f 6881 6874 6861
f 6882 6866 6868
f 6883 6867 6866
f 6883 6866 6882
f 6884 6873 6862
f 6884 6862 6875
f 6885 6868 6878
f 6882 6868 6885
f 6880 6873 6884
f 6886 6875 6863
f 6886 6863 6874
f 6887 6872 6867
f 6887 6867 6883
f 6876 6877 6888
f 6878 6876 6889
f 6889 6876 6888
f 6877 6880 6890
f 6888 6877 6890
f 6890 6880 6884
f 6891 6878 6889
f 6885 6878 6891
f 6892 6881 6870
f 6892 6870 6879
f 6893 6884 6875
f 6893 6875 6886
f 6894 6886 6874
f 6894 6874 6881
f 6890 6884 6893
f 6895 6879 6872
f 6895 6872 6887
f 6888 6890 6896
f 6896 6890 6893
f 6889 6888 6897
f 6897 6888 6896
f 6898 6893 6886
f 6898 6886 6894
f 6807 6899 6806
f 6810 6900 6807
f 6807 6900 6899
f 6806 6901 6809
f 6806 6899 6901
f 6896 6893 6898
f 6891 6889 6902
f 6902 6889 6897
f 6903 6882 6885
f 6904 6883 6882
f 6904 6882 6903
f 6816 6905 6810
f 6810 6905 6900
f 6906 6894 6881
f 6906 6881 6892
f 6907 6885 6891
f 6903 6885 6907
f 6809 6908 6814
f 6809 6901 6908
f 6909 6887 6883
f 6909 6883 6904
f 6825 6910 6816
f 6816 6910 6905
f 6911 6892 6879
f 6911 6879 6895
f 6912 6896 6898
f 6897 6896 6912
f 6814 6913 6824
f 6814 6908 6913
f 6914 6898 6894
f 6914 6894 6906
f 6915 6891 6902
f 6907 6891 6915
f 6833 6916 6825
f 6825 6916 6910
f 6912 6898 6914
f 6902 6897 6917
f 6917 6897 6912
f 6918 6895 6887
f 6918 6887 6909
f 6824 6919 6832
f 6824 6913 6919
f 6840 6920 6833
f 6833 6920 6916
f 6921 6906 6892
f 6921 6892 6911
f 6832 6922 6838
f 6832 6919 6922
f 6838 6923 6840
f 6840 6923 6920
f 6924 6902 6917
f 6915 6902 6924
f 6838 6922 6923
f 6925 6912 6914
f 6917 6912 6925
f 6926 6903 6907
f 6927 6904 6903
f 6927 6903 6926
f 6928 6914 6906
f 6928 6906 6921
f 6929 6911 6895
f 6929 6895 6918
f 6930 6907 6915
f 6926 6907 6930
f 6925 6914 6928
f 6931 6909 6904
f 6931 6904 6927
f 6932 6917 6925
f 6924 6917 6932
f 6933 6915 6924
f 6930 6915 6933
f 6934 6921 6911
f 6934 6911 6929
f 6935 6918 6909
f 6935 6909 6931
f 6936 6925 6928
f 6932 6925 6936
f 6937 6928 6921
f 6937 6921 6934
f 6938 6924 6932
f 6933 6924 6938
f 6936 6928 6937
f 6939 6929 6918
f 6939 6918 6935
f 6940 6926 6930
f 6941 6927 6926
f 6941 6926 6940
f 6942 6930 6933
f 6940 6930 6942
f 6943 6931 6927
f 6943 6927 6941
f 6944 6932 6936
f 6938 6932 6944
f 6945 6933 6938
f 6942 6933 6945
f 6946 6934 6929
f 6946 6929 6939
f 6947 6935 6931
f 6947 6931 6943
f 6948 6936 6937
f 6944 6936 6948
f 6949 6937 6934
f 6949 6934 6946
f 6948 6937 6949
f 6950 6938 6944
f 6945 6938 6950
f 6951 6939 6935
f 6951 6935 6947
f 6952 6940 6942
f 6953 6941 6940
f 6953 6940 6952
f 6900 6954 6899
f 6905 6955 6900
f 6900 6955 6954
f 6899 6956 6901
f 6899 6954 6956
f 6957 6942 6945
f 6952 6942 6957
f 6958 6944 6948
f 6950 6944 6958
f 6959 6943 6941
f 6959 6941 6953
f 6910 6960 6905
f 6905 6960 6955
f 6901 6961 6908
f 6901 6956 6961
f 6962 6946 6939
f 6962 6939 6951
f 6916 6963 6910
f 6910 6963 6960
f 6964 6945 6950
f 6957 6945 6964
f 6908 6965 6913
f 6908 6961 6965
f 6966 6947 6943
f 6966 6943 6959
f 6967 6948 6949
f 6958 6948 6967
f 6920 6968 6916
f 6916 6968 6963
f 6969 6949 6946
f 6969 6946 6962
f 6913 6970 6919
f 6913 6965 6970
f 6967 6949 6969
f 6923 6971 6920
f 6920 6971 6968
f 6919 6972 6922
f 6919 6970 6972
f 6973 6950 6958
f 6964 6950 6973
f 6922 6974 6923
f 6923 6974 6971
f 6922 6972 6974
f 6975 6951 6947
f 6975 6947 6966
f 6976 6952 6957
f 6977 6953 6952
f 6977 6952 6976
f 6978 6957 6964
f 6976 6957 6978
f 6979 6958 6967
f 6973 6958 6979
f 6980 6959 6953
f 6980 6953 6977
f 6981 6962 6951
f 6981 6951 6975
f 6982 6964 6973
f 6978 6964 6982
f 6983 6967 6969
f 6979 6967 6983
f 6984 6966 6959
f 6984 6959 6980
f 6985 6969 6962
f 6985 6962 6981
f 6983 6969 6985
f 6986 6973 6979
f 6982 6973 6986
f 6987 6975 6966
f 6987 6966 6984
f 6988 6976 6978
f 6989 6977 6976
f 6989 6976 6988
f 6990 6979 6983
f 6986 6979 6990
f 6991 6978 6982
f 6988 6978 6991
f 6992 6980 6977
f 6992 6977 6989
f 6993 6981 6975
f 6993 6975 6987
f 6994 6982 6986
f 6991 6982 6994
f 6995 6983 6985
f 6990 6983 6995
f 6996 6985 6981
f 6996 6981 6993
f 6997 6984 6980
f 6997 6980 6992
f 6995 6985 6996
f 6998 6986 6990
f 6994 6986 6998
f 6999 6987 6984
f 6999 6984 6997
f 6955 7000 6954
f 6960 7001 6955
f 6955 7001 7000
f 6954 7002 6956
f 6954 7000 7002
f 6956 7003 6961
f 6956 7002 7003
f 7004 6988 6991
f 7005 6989 6988
f 7005 6988 7004
f 6963 7006 6960
f 6960 7006 7001
f 6961 7007 6965
f 6961 7003 7007
f 7008 6990 6995
f 6998 6990 7008
f 7009 6991 6994
f 7004 6991 7009
f 7010 6992 6989
f 7010 6989 7005
f 6968 7011 6963
f 6963 7011 7006
f 7012 6993 6987
f 7012 6987 6999
f 6965 7013 6970
f 6965 7007 7013
f 6971 7014 6968
f 6968 7014 7011
f 7015 6994 6998
f 7009 6994 7015
f 7016 6995 6996
f 7008 6995 7016
f 6970 7017 6972
f 6970 7013 7017
f 7018 6997 6992
f 7018 6992 7010
f 7019 6996 6993
f 7019 6993 7012
f 6974 7020 6971
f 6971 7020 7014
f 6972 7021 6974
f 6974 7021 7020
f 6972 7017 7021
f 7016 6996 7019
f 7022 6998 7008
f 7015 6998 7022
f 7023 6999 6997
f 7023 6997 7018
f 7024 7004 7009
f 7025 7005 7004
f 7025 7004 7024
f 7026 7009 7015
f 7024 7009 7026
f 7027 7008 7016
f 7022 7008 7027
f 7028 7010 7005
f 7028 7005 7025
f 7029 7012 6999
f 7029 6999 7023
f 7030 7015 7022
f 7026 7015 7030
f 7031 7018 7010
f 7031 7010 7028
f 7032 7016 7019
f 7027 7016 7032
f 7033 7019 7012
f 7033 7012 7029
f 7032 7019 7033
f 7034 7022 7027
f 7030 7022 7034
f 7035 7023 7018
f 7035 7018 7031
f 7036 7025 7024
f 7037 7024 7026
f 7036 7024 7037
f 7038 7028 7025
f 7038 7025 7036
f 7039 7026 7030
f 7037 7026 7039
f 7040 7027 7032
f 7034 7027 7040
f 7041 7029 7023
f 7041 7023 7035
f 7042 7031 7028
f 7042 7028 7038
f 7043 7030 7034
f 7039 7030 7043
f 7044 7032 7033
f 7040 7032 7044
f 7045 7033 7029
f 7045 7029 7041
f 7044 7033 7045
f 7046 7035 7031
f 7046 7031 7042
f 7047 7034 7040
f 7043 7034 7047
f 7048 7036 7037
f 7049 7037 7039
f 7048 7037 7049
f 7050 7038 7036
f 7050 7036 7048
f 7000 7051 7002
f 7001 7052 7000
f 7000 7052 7051
f 7002 7053 7003
f 7002 7051 7053
f 7054 7039 7043
f 7049 7039 7054
f 7003 7055 7007
f 7003 7053 7055
f 7006 7056 7001
f 7001 7056 7052
f 7007 7057 7013
f 7007 7055 7057
f 7058 7041 7035
f 7058 7035 7046
f 7059 7040 7044
f 7047 7040 7059
f 7060 7042 7038
f 7060 7038 7050
f 7011 7061 7006
f 7006 7061 7056
f 7062 7043 7047
f 7054 7043 7062
f 7014 7063 7011
f 7011 7063 7061
f 7013 7064 7017
f 7013 7057 7064
f 7065 7045 7041
f 7065 7041 7058
f 7017 7066 7021
f 7017 7064 7066
f 7067 7044 7045
f 7059 7044 7067
f 7020 7068 7014
f 7014 7068 7063
f 7021 7069 7020
f 7020 7069 7068
f 7021 7066 7069
f 7067 7045 7065
f 7070 7046 7042
f 7070 7042 7060
f 7071 7047 7059
f 7062 7047 7071
f 7072 7058 7046
f 7072 7046 7070
f 7073 7059 7067
f 7071 7059 7073
f 7074 7065 7058
f 7074 7058 7072
f 7075 7067 7065
f 7073 7067 7075
f 7075 7065 7074
f 7051 7076 7053
f 7052 7077 7051
f 7051 7077 7076
f 7053 7078 7055
f 7053 7076 7078
f 7056 7079 7052
f 7052 7079 7077
f 7055 7080 7057
f 7055 7078 7080
f 7061 7081 7056
f 7056 7081 7079
f 7057 7082 7064
f 7057 7080 7082
f 7064 7083 7066
f 7064 7082 7083
f 7063 7084 7061
f 7061 7084 7081
f 7068 7085 7063
f 7063 7085 7084
f 7069 7086 7068
f 7068 7086 7085
f 7066 7087 7069
f 7069 7087 7086
f 7066 7083 7087
f 7088 7048 7049
f 7089 7050 7048
f 7089 7048 7088
f 7090 7049 7054
f 7088 7049 7090
f 7091 7060 7050
f 7091 7050 7089
f 7092 7054 7062
f 7090 7054 7092
f 7079 7093 7077
f 7081 7094 7079
f 7079 7094 7093
f 7077 7095 7076
f 7077 7093 7095
f 7076 7096 7078
f 7076 7095 7096
f 7078 7097 7080
f 7078 7096 7097
f 7080 7098 7082
f 7080 7097 7098
f 7099 7062 7071
f 7092 7062 7099
f 7100 7070 7060
f 7100 7060 7091
f 7084 7101 7081
f 7081 7101 7094
f 7082 7102 7083
f 7082 7098 7102
f 7085 7103 7084
f 7084 7103 7101
f 7086 7104 7085
f 7085 7104 7103
f 7087 7105 7086
f 7086 7105 7104
f 7083 7106 7087
f 7087 7106 7105
f 7083 7102 7106
f 7107 7072 7070
f 7107 7070 7100
f 7108 7071 7073
f 7099 7071 7108
f 7109 7073 7075
f 7108 7073 7109
f 7110 7074 7072
f 7110 7072 7107
f 7111 7075 7074
f 7109 7075 7111
f 7111 7074 7110
f 7093 7112 7095
f 7094 7113 7093
f 7093 7113 7112
f 7095 7114 7096
f 7095 7112 7114
f 7096 7115 7097
f 7096 7114 7115
f 7101 7116 7094
f 7094 7116 7113
f 7097 7117 7098
f 7097 7115 7117
f 7103 7118 7101
f 7101 7118 7116
f 7098 7119 7102
f 7098 7117 7119
f 7104 7120 7103
f 7103 7120 7118
f 7102 7121 7106
f 7102 7119 7121
f 7105 7122 7104
f 7104 7122 7120
f 7106 7123 7105
f 7105 7123 7122
f 7106 7121 7123
f 7124 7088 7090
f 7125 7089 7088
f 7125 7088 7124
f 7126 7090 7092
f 7124 7090 7126
f 7127 7091 7089
f 7127 7089 7125
f 7128 7092 7099
f 7126 7092 7128
f 7129 7100 7091
f 7129 7091 7127
f 7130 7099 7108
f 7128 7099 7130
f 7131 7107 7100
f 7131 7100 7129
f 7132 7108 7109
f 7130 7108 7132
f 7133 7110 7107
f 7133 7107 7131
f 7134 7109 7111
f 7132 7109 7134
f 7135 7111 7110
f 7135 7110 7133
f 7134 7111 7135
f 7113 7136 7112
f 7116 7137 7113
f 7113 7137 7136
f 7112 7138 7114
f 7112 7136 7138
f 7114 7139 7115
f 7114 7138 7139
f 7118 7140 7116
f 7116 7140 7137
f 7115 7141 7117
f 7115 7139 7141
f 7120 7142 7118
f 7118 7142 7140
f 7117 7143 7119
f 7117 7141 7143
f 7122 7144 7120
f 7120 7144 7142
f 7119 7145 7121
f 7119 7143 7145
f 7123 7146 7122
f 7122 7146 7144
f 7121 7147 7123
f 7123 7147 7146
f 7121 7145 7147
f 7148 7124 7126
f 7149 7125 7124
f 7149 7124 7148
f 7150 7126 7128
f 7148 7126 7150
f 7151 7127 7125
f 7151 7125 7149
f 7152 7128 7130
f 7150 7128 7152
f 7153 7129 7127
f 7153 7127 7151
f 7154 7130 7132
f 7152 7130 7154
f 7137 7155 7136
f 7140 7156 7137
f 7137 7156 7155
f 7136 7157 7138
f 7136 7155 7157
f 7138 7158 7139
f 7138 7157 7158
f 7159 7131 7129
f 7159 7129 7153
f 7142 7160 7140
f 7140 7160 7156
f 7139 7161 7141
f 7139 7158 7161
f 7162 7132 7134
f 7154 7132 7162
f 7144 7163 7142
f 7142 7163 7160
f 7146 7164 7144
f 7144 7164 7163
f 7141 7165 7143
f 7141 7161 7165
f 7166 7133 7131
f 7166 7131 7159
f 7167 7134 7135
f 7162 7134 7167
f 7147 7168 7146
f 7146 7168 7164
f 7145 7169 7147
f 7147 7169 7168
f 7143 7170 7145
f 7145 7170 7169
f 7143 7165 7170
f 7171 7135 7133
f 7171 7133 7166
f 7167 7135 7171
f 7172 7149 7148
f 7173 7148 7150
f 7172 7148 7173
f 7174 7151 7149
f 7174 7149 7172
f 7175 7150 7152
f 7173 7150 7175
f 7156 7176 7155
f 7160 7177 7156
f 7156 7177 7176
f 7155 7178 7157
f 7155 7176 7178
f 7179 7153 7151
f 7179 7151 7174
f 7180 7152 7154
f 7175 7152 7180
f 7163 7181 7160
f 7160 7181 7177
f 7157 7182 7158
f 7157 7178 7182
f 7164 7183 7163
f 7163 7183 7181
f 7168 7184 7164
f 7164 7184 7183
f 7158 7185 7161
f 7158 7182 7185
f 7161 7186 7165
f 7161 7185 7186
f 7187 7159 7153
f 7187 7153 7179
f 7188 7154 7162
f 7180 7154 7188
f 7169 7189 7168
f 7168 7189 7184
f 7165 7190 7170
f 7165 7186 7190
f 7170 7191 7169
f 7169 7191 7189
f 7170 7190 7191
f 7192 7166 7159
f 7192 7159 7187
f 7193 7162 7167
f 7188 7162 7193
f 7194 7171 7166
f 7194 7166 7192
f 7195 7167 7171
f 7193 7167 7195
f 7195 7171 7194
f 7196 7172 7173
f 7197 7173 7175
f 7196 7173 7197
f 7198 7174 7172
f 7198 7172 7196
f 7177 7199 7176
f 7181 7200 7177
f 7177 7200 7199
f 7176 7201 7178
f 7176 7199 7201
f 7202 7179 7174
f 7202 7174 7198
f 7203 7175 7180
f 7197 7175 7203
f 7183 7204 7181
f 7181 7204 7200
f 7178 7205 7182
f 7178 7201 7205
f 7184 7206 7183
f 7183 7206 7204
f 7182 7207 7185
f 7182 7205 7207
f 7208 7180 7188
f 7203 7180 7208
f 7209 7187 7179
f 7209 7179 7202
f 7189 7210 7184
f 7184 7210 7206
f 7185 7211 7186
f 7185 7207 7211
f 7212 7188 7193
f 7208 7188 7212
f 7191 7213 7189
f 7189 7213 7210
f 7186 7214 7190
f 7186 7211 7214
f 7190 7215 7191
f 7191 7215 7213
f 7190 7214 7215
f 7216 7192 7187
f 7216 7187 7209
f 7217 7193 7195
f 7212 7193 7217
f 7218 7194 7192
f 7218 7192 7216
f 7219 7195 7194
f 7219 7194 7218
f 7217 7195 7219
f 7220 7196 7197
f 7221 7198 7196
f 7221 7196 7220
f 7222 7197 7203
f 7220 7197 7222
f 7200 7223 7199
f 7204 7224 7200
f 7200 7224 7223
f 7199 7225 7201
f 7199 7223 7225
f 7226 7202 7198
f 7226 7198 7221
f 7206 7227 7204
f 7204 7227 7224
f 7201 7228 7205
f 7201 7225 7228
f 7229 7203 7208
f 7222 7203 7229
f 7210 7230 7206
f 7206 7230 7227
f 7205 7231 7207
f 7205 7228 7231
f 7232 7209 7202
f 7232 7202 7226
f 7213 7233 7210
f 7210 7233 7230
f 7234 7208 7212
f 7229 7208 7234
f 7207 7235 7211
f 7207 7231 7235
f 7236 7216 7209
f 7236 7209 7232
f 7215 7237 7213
f 7213 7237 7233
f 7211 7238 7214
f 7211 7235 7238
f 7214 7239 7215
f 7215 7239 7237
f 7214 7238 7239
f 7240 7212 7217
f 7234 7212 7240
f 7241 7218 7216
f 7241 7216 7236
f 7242 7217 7219
f 7240 7217 7242
f 7243 7219 7218
f 7243 7218 7241
f 7242 7219 7243
f 7224 7244 7223
f 7227 7245 7224
f 7224 7245 7244
f 7223 7246 7225
f 7223 7244 7246
f 7230 7247 7227
f 7227 7247 7245
f 7225 7248 7228
f 7225 7246 7248
f 7249 7221 7220
f 7250 7226 7221
f 7250 7221 7249
f 7251 7220 7222
f 7249 7220 7251
f 7233 7252 7230
f 7230 7252 7247
f 7253 7222 7229
f 7251 7222 7253
f 7228 7254 7231
f 7228 7248 7254
f 7255 7232 7226
f 7255 7226 7250
f 7237 7256 7233
f 7233 7256 7252
f 7231 7257 7235
f 7231 7254 7257
f 7258 7229 7234
f 7253 7229 7258
f 7239 7259 7237
f 7237 7259 7256
f 7260 7236 7232
f 7260 7232 7255
f 7235 7261 7238
f 7235 7257 7261
f 7238 7262 7239
f 7239 7262 7259
f 7238 7261 7262
f 7263 7234 7240
f 7258 7234 7263
f 7264 7241 7236
f 7264 7236 7260
f 7265 7240 7242
f 7263 7240 7265
f 7266 7243 7241
f 7266 7241 7264
f 7267 7242 7243
f 7265 7242 7267
f 7267 7243 7266
f 7245 7268 7244
f 7247 7269 7245
f 7245 7269 7268
f 7244 7270 7246
f 7244 7268 7270
f 7252 7271 7247
f 7247 7271 7269
f 7246 7272 7248
f 7246 7270 7272
f 7256 7273 7252
f 7252 7273 7271
f 7248 7274 7254
f 7248 7272 7274
f 7259 7275 7256
f 7256 7275 7273
f 7254 7276 7257
f 7254 7274 7276
f 7262 7277 7259
f 7259 7277 7275
f 7257 7278 7261
f 7257 7276 7278
f 7261 7279 7262
f 7262 7279 7277
f 7261 7278 7279
f 7280 7249 7251
f 7281 7250 7249
f 7281 7249 7280
f 7282 7251 7253
f 7280 7251 7282
f 7283 7255 7250
f 7283 7250 7281
f 7284 7253 7258
f 7282 7253 7284
f 7285 7260 7255
f 7285 7255 7283
f 7286 7258 7263
f 7284 7258 7286
f 7287 7264 7260
f 7287 7260 7285
f 7288 7263 7265
f 7286 7263 7288
f 7289 7266 7264
f 7289 7264 7287
f 7290 7265 7267
f 7288 7265 7290
f 7291 7267 7266
f 7291 7266 7289
f 7290 7267 7291
f 7269 7292 7268
f 7271 7293 7269
f 7269 7293 7292
f 7268 7294 7270
f 7268 7292 7294
f 7273 7295 7271
f 7271 7295 7293
f 7270 7296 7272
f 7270 7294 7296
f 7275 7297 7273
f 7273 7297 7295
f 7277 7298 7275
f 7275 7298 7297
f 7272 7299 7274
f 7272 7296 7299
f 7274 7300 7276
f 7274 7299 7300
f 7279 7301 7277
f 7277 7301 7298
f 7276 7302 7278
f 7276 7300 7302
f 7278 7303 7279
f 7279 7303 7301
f 7278 7302 7303
f 7295 7304 7293
f 7293 7305 7292
f 7293 7304 7305
f 7297 7306 7295
f 7295 7306 7304
f 7292 7307 7294
f 7292 7305 7307
f 7298 7308 7297
f 7297 7308 7306
f 7294 7309 7296
f 7294 7307 7309
f 7310 7281 7280
f 7311 7280 7282
f 7310 7280 7311
f 7312 7283 7281
f 7312 7281 7310
f 7313 7282 7284
f 7311 7282 7313
f 7301 7314 7298
f 7298 7314 7308
f 7296 7315 7299
f 7296 7309 7315
f 7316 7285 7283
f 7316 7283 7312
f 7303 7317 7301
f 7301 7317 7314
f 7299 7318 7300
f 7299 7315 7318
f 7319 7284 7286
f 7313 7284 7319
f 7302 7320 7303
f 7303 7320 7317
f 7300 7321 7302
f 7302 7321 7320
f 7300 7318 7321
f 7321 7304 7306
f 7320 7306 7308
f 7321 7306 7320
f 7318 7305 7304
f 7318 7304 7321
f 7315 7307 7305
f 7315 7305 7318
f 7322 7287 7285
f 7322 7285 7316
f 7323 7286 7288
f 7319 7286 7323
f 7317 7308 7314
f 7320 7308 7317
f 7309 7307 7315
f 7324 7289 7287
f 7324 7287 7322
f 7325 7288 7290
f 7323 7288 7325
f 7326 7291 7289
f 7326 7289 7324
f 7327 7290 7291
f 7325 7290 7327
f 7327 7291 7326
f 7328 7310 7311
f 7329 7312 7310
f 7329 7310 7328
f 7330 7311 7313
f 7328 7311 7330
f 7331 7313 7319
f 7330 7313 7331
f 7332 7316 7312
f 7332 7312 7329
f 7333 7319 7323
f 7331 7319 7333
f 7334 7322 7316
f 7334 7316 7332
f 7335 7323 7325
f 7333 7323 7335
f 7336 7324 7322
f 7336 7322 7334
f 7337 7325 7327
f 7335 7325 7337
f 7338 7326 7324
f 7338 7324 7336
f 7339 7327 7326
f 7339 7326 7338
f 7337 7327 7339
f 7340 7328 7330
f 7341 7329 7328
f 7341 7328 7340
f 7342 7330 7331
f 7340 7330 7342
f 7343 7332 7329
f 7343 7329 7341
f 7344 7331 7333
f 7342 7331 7344
f 7345 7334 7332
f 7345 7332 7343
f 7346 7333 7335
f 7344 7333 7346
f 7347 7336 7334
f 7347 7334 7345
f 7348 7335 7337
f 7346 7335 7348
f 7349 7338 7336
f 7349 7336 7347
f 7350 7337 7339
f 7348 7337 7350
f 7351 7339 7338
f 7351 7338 7349
f 7350 7339 7351
f 7342 7351 7340
f 7340 7349 7341
f 7340 7351 7349
f 7344 7350 7342
f 7342 7350 7351
f 7341 7347 7343
f 7341 7349 7347
f 7346 7348 7344
f 7344 7348 7350
f 7343 7347 7345
f 7352 7353 7354
f 7355 7353 7352
f 7354 7353 7356
f 7356 7353 7357
f 7357 7353 7358
f 7358 7353 7359
f 7360 7353 7355
f 7361 7353 7360
f 7362 7353 7361
f 7363 7353 7362
f 7359 7353 7363
f 7364 7352 7354
f 7365 7355 7352
f 7365 7352 7364
f 7366 7354 7356
f 7364 7354 7366
f 7367 7356 7357
f 7366 7356 7367
f 7368 7357 7358
f 7367 7357 7368
f 7369 7358 7359
f 7368 7358 7369
f 7370 7360 7355
f 7370 7355 7365
f 7371 7361 7360
f 7371 7360 7370
f 7372 7362 7361
f 7372 7361 7371
f 7373 7363 7362
f 7374 7362 7372
f 7373 7362 7374
f 7375 7359 7363
f 7375 7363 7373
f 7369 7359 7375
f 7376 7364 7366
f 7377 7365 7364
f 7377 7364 7376
f 7378 7366 7367
f 7376 7366 7378
f 7379 7367 7368
f 7378 7367 7379
f 7380 7368 7369
f 7379 7368 7380
f 7381 7369 7375
f 7380 7369 7381
f 7382 7370 7365
f 7382 7365 7377
f 7383 7375 7373
f 7381 7375 7383
f 7384 7371 7370
f 7384 7370 7382
f 7385 7372 7371
f 7385 7371 7384
f 7386 7374 7372
f 7386 7372 7385
f 7387 7373 7374
f 7387 7374 7386
f 7383 7373 7387
f 7388 7376 7378
f 7389 7377 7376
f 7389 7376 7388
f 7390 7378 7379
f 7388 7378 7390
f 7391 7379 7380
f 7390 7379 7391
f 7392 7380 7381
f 7391 7380 7392
f 7393 7381 7383
f 7392 7381 7393
f 7394 7382 7377
f 7394 7377 7389
f 7395 7383 7387
f 7393 7383 7395
f 7396 7384 7382
f 7396 7382 7394
f 7397 7385 7384
f 7397 7384 7396
f 7398 7386 7385
f 7398 7385 7397
f 7399 7387 7386
f 7399 7386 7398
f 7395 7387 7399
f 7400 7391 7392
f 7401 7392 7393
f 7400 7392 7401
f 7402 7390 7391
f 7402 7391 7400
f 7403 7388 7390
f 7404 7389 7388
f 7404 7388 7403
f 7403 7390 7402
f 7405 7393 7395
f 7401 7393 7405
f 7406 7394 7389
f 7406 7389 7404
f 7407 7395 7399
f 7405 7395 7407
f 7408 7396 7394
f 7408 7394 7406
f 7409 7402 7400
f 7410 7400 7401
f 7409 7400 7410
f 7411 7403 7402
f 7411 7402 7409
f 7412 7399 7398
f 7413 7398 7397
f 7412 7398 7413
f 7407 7399 7412
f 7414 7397 7396
f 7413 7397 7414
f 7414 7396 7408
f 7415 7401 7405
f 7410 7401 7415
f 7416 7404 7403
f 7416 7403 7411
f 7417 7405 7407
f 7415 7405 7417
f 7418 7406 7404
f 7418 7404 7416
f 7419 7407 7412
f 7417 7407 7419
f 7420 7408 7406
f 7420 7406 7418
f 7421 7409 7410
f 7422 7410 7415
f 7421 7410 7422
f 7423 7411 7409
f 7423 7409 7421
f 7424 7412 7413
f 7425 7413 7414
f 7424 7413 7425
f 7419 7412 7424
f 7426 7414 7408
f 7425 7414 7426
f 7426 7408 7420
f 7427 7415 7417
f 7428 7417 7419
f 7427 7417 7428
f 7422 7415 7427
f 7429 7416 7411
f 7429 7411 7423
f 7430 7418 7416
f 7430 7416 7429
f 7431 7419 7424
f 7428 7419 7431
f 7432 7421 7422
f 7433 7422 7427
f 7432 7422 7433
f 7434 7423 7421
f 7434 7421 7432
f 7435 7420 7418
f 7435 7418 7430
f 7436 7427 7428
f 7433 7427 7436
f 7437 7429 7423
f 7437 7423 7434
f 7438 7424 7425
f 7431 7424 7438
f 7439 7426 7420
f 7439 7420 7435
f 7440 7425 7426
f 7438 7425 7440
f 7440 7426 7439
f 7441 7428 7431
f 7436 7428 7441
f 7442 7430 7429
f 7442 7429 7437
f 7443 7432 7433
f 7444 7433 7436
f 7443 7433 7444
f 7445 7434 7432
f 7445 7432 7443
f 7446 7431 7438
f 7441 7431 7446
f 7447 7435 7430
f 7447 7430 7442
f 7448 7436 7441
f 7444 7436 7448
f 7449 7437 7434
f 7449 7434 7445
f 7450 7438 7440
f 7446 7438 7450
f 7451 7439 7435
f 7451 7435 7447
f 7452 7441 7446
f 7448 7441 7452
f 7453 7440 7439
f 7450 7440 7453
f 7453 7439 7451
f 7454 7442 7437
f 7454 7437 7449
f 7455 7443 7444
f 7456 7444 7448
f 7455 7444 7456
f 7457 7445 7443
f 7457 7443 7455
f 7458 7446 7450
f 7452 7446 7458
f 7459 7448 7452
f 7456 7448 7459
f 7460 7449 7445
f 7460 7445 7457
f 7461 7447 7442
f 7461 7442 7454
f 7462 7450 7453
f 7458 7450 7462
f 7463 7453 7451
f 7462 7453 7463
f 7464 7451 7447
f 7463 7451 7464
f 7464 7447 7461
f 7459 7452 7465
f 7465 7452 7458
f 7466 7454 7449
f 7466 7449 7460
f 7467 7456 7459
f 7468 7459 7465
f 7467 7459 7468
f 7469 7455 7456
f 7469 7456 7467
f 7470 7457 7455
f 7470 7455 7469
f 7471 7460 7457
f 7471 7457 7470
f 7472 7458 7462
f 7465 7458 7472
f 7473 7461 7454
f 7473 7454 7466
f 7474 7462 7463
f 7472 7462 7474
f 7475 7464 7461
f 7475 7461 7473
f 7468 7465 7476
f 7476 7465 7472
f 7477 7466 7460
f 7477 7460 7471
f 7478 7467 7468
f 7479 7468 7476
f 7478 7468 7479
f 7480 7469 7467
f 7480 7467 7478
f 7481 7470 7469
f 7482 7471 7470
f 7482 7470 7481
f 7481 7469 7480
f 7483 7463 7464
f 7474 7463 7483
f 7483 7464 7475
f 7476 7472 7484
f 7484 7472 7474
f 7485 7473 7466
f 7485 7466 7477
f 7486 7476 7484
f 7479 7476 7486
f 7487 7477 7471
f 7487 7471 7482
f 7488 7474 7483
f 7484 7474 7488
f 7489 7475 7473
f 7489 7473 7485
f 7490 7483 7475
f 7488 7483 7490
f 7490 7475 7489
f 7491 7484 7488
f 7486 7484 7491
f 7492 7485 7477
f 7492 7477 7487
f 7493 7488 7490
f 7491 7488 7493
f 7494 7489 7485
f 7494 7485 7492
f 7495 7490 7489
f 7493 7490 7495
f 7495 7489 7494
f 7496 7480 7478
f 7497 7478 7479
f 7496 7478 7497
f 7498 7481 7480
f 7498 7480 7496
f 7499 7479 7486
f 7497 7479 7499
f 7500 7482 7481
f 7500 7481 7498
f 7501 7486 7491
f 7499 7486 7501
f 7502 7487 7482
f 7502 7482 7500
f 7503 7491 7493
f 7501 7491 7503
f 7504 7492 7487
f 7504 7487 7502
f 7505 7493 7495
f 7503 7493 7505
f 7506 7494 7492
f 7506 7492 7504
f 7507 7495 7494
f 7505 7495 7507
f 7507 7494 7506
f 7508 7496 7497
f 7509 7497 7499
f 7508 7497 7509
f 7510 7498 7496
f 7510 7496 7508
f 7511 7499 7501
f 7509 7499 7511
f 7512 7500 7498
f 7512 7498 7510
f 7513 7501 7503
f 7511 7501 7513
f 7514 7502 7500
f 7514 7500 7512
f 7515 7503 7505
f 7513 7503 7515
f 7516 7504 7502
f 7516 7502 7514
f 7517 7505 7507
f 7515 7505 7517
f 7518 7506 7504
f 7518 7504 7516
f 7519 7507 7506
f 7517 7507 7519
f 7519 7506 7518
f 7520 7508 7509
f 7521 7509 7511
f 7520 7509 7521
f 7522 7510 7508
f 7522 7508 7520
f 7523 7511 7513
f 7521 7511 7523
f 7524 7512 7510
f 7524 7510 7522
f 7525 7513 7515
f 7523 7513 7525
f 7526 7514 7512
f 7526 7512 7524
f 7527 7515 7517
f 7525 7515 7527
f 7528 7516 7514
f 7528 7514 7526
f 7529 7517 7519
f 7527 7517 7529
f 7530 7518 7516
f 7530 7516 7528
f 7531 7519 7518
f 7529 7519 7531
f 7531 7518 7530
f 7532 7520 7521
f 7533 7521 7523
f 7532 7521 7533
f 7534 7522 7520
f 7534 7520 7532
f 7535 7523 7525
f 7533 7523 7535
f 7536 7524 7522
f 7536 7522 7534
f 7537 7525 7527
f 7535 7525 7537
f 7538 7526 7524
f 7538 7524 7536
f 7539 7527 7529
f 7537 7527 7539
f 7540 7528 7526
f 7540 7526 7538
f 7541 7529 7531
f 7539 7529 7541
f 7542 7530 7528
f 7542 7528 7540
f 7543 7531 7530
f 7541 7531 7543
f 7543 7530 7542
f 7544 7532 7533
f 7545 7534 7532
f 7545 7532 7544
f 7546 7533 7535
f 7544 7533 7546
f 7547 7535 7537
f 7546 7535 7547
f 7548 7536 7534
f 7548 7534 7545
f 7549 7537 7539
f 7547 7537 7549
f 7550 7538 7536
f 7550 7536 7548
f 7551 7539 7541
f 7549 7539 7551
f 7552 7540 7538
f 7552 7538 7550
f 7553 7541 7543
f 7551 7541 7553
f 7554 7542 7540
f 7554 7540 7552
f 7555 7543 7542
f 7555 7542 7554
f 7553 7543 7555
f 7556 7544 7546
f 7557 7545 7544
f 7557 7544 7556
f 7558 7546 7547
f 7556 7546 7558
f 7559 7547 7549
f 7558 7547 7559
f 7560 7548 7545
f 7560 7545 7557
f 7561 7549 7551
f 7559 7549 7561
f 7562 7550 7548
f 7562 7548 7560
f 7563 7551 7553
f 7561 7551 7563
f 7564 7552 7550
f 7564 7550 7562
f 7565 7553 7555
f 7563 7553 7565
f 7566 7554 7552
f 7566 7552 7564
f 7567 7555 7554
f 7567 7554 7566
f 7565 7555 7567
f 7568 7556 7558
f 7569 7557 7556
f 7569 7556 7568
f 7570 7558 7559
f 7568 7558 7570
f 7571 7560 7557
f 7571 7557 7569
f 7572 7559 7561
f 7570 7559 7572
f 7573 7562 7560
f 7573 7560 7571
f 7574 7561 7563
f 7572 7561 7574
f 7575 7564 7562
f 7575 7562 7573
f 7576 7563 7565
f 7574 7563 7576
f 7577 7566 7564
f 7577 7564 7575
f 7578 7565 7567
f 7576 7565 7578
f 7579 7567 7566
f 7579 7566 7577
f 7578 7567 7579
f 7580 7568 7570
f 7581 7569 7568
f 7581 7568 7580
f 7582 7570 7572
f 7580 7570 7582
f 7583 7571 7569
f 7583 7569 7581
f 7584 7572 7574
f 7582 7572 7584
f 7585 7573 7571
f 7585 7571 7583
f 7586 7574 7576
f 7584 7574 7586
f 7587 7575 7573
f 7587 7573 7585
f 7588 7576 7578
f 7586 7576 7588
f 7589 7577 7575
f 7589 7575 7587
f 7590 7578 7579
f 7588 7578 7590
f 7591 7579 7577
f 7591 7577 7589
f 7590 7579 7591
f 7592 7580 7582
f 7593 7581 7580
f 7593 7580 7592
f 7594 7582 7584
f 7592 7582 7594
f 7595 7583 7581
f 7595 7581 7593
f 7596 7584 7586
f 7594 7584 7596
f 7597 7585 7583
f 7597 7583 7595
f 7598 7586 7588
f 7596 7586 7598
f 7599 7587 7585
f 7599 7585 7597
f 7600 7588 7590
f 7598 7588 7600
f 7601 7589 7587
f 7601 7587 7599
f 7602 7592 7594
f 7603 7593 7592
f 7603 7592 7602
f 7604 7594 7596
f 7602 7594 7604
f 7605 7590 7591
f 7600 7590 7605
f 7606 7595 7593
f 7606 7593 7603
f 7607 7591 7589
f 7607 7589 7601
f 7605 7591 7607
f 7608 7596 7598
f 7604 7596 7608
f 7609 7597 7595
f 7609 7595 7606
f 7610 7598 7600
f 7608 7598 7610
f 7611 7599 7597
f 7611 7597 7609
f 7612 7600 7605
f 7610 7600 7612
f 7613 7602 7604
f 7614 7603 7602
f 7614 7602 7613
f 7615 7604 7608
f 7613 7604 7615
f 7616 7606 7603
f 7616 7603 7614
f 7617 7608 7610
f 7615 7608 7617
f 7618 7601 7599
f 7618 7599 7611
f 7619 7605 7607
f 7612 7605 7619
f 7620 7607 7601
f 7620 7601 7618
f 7619 7607 7620
f 7621 7609 7606
f 7621 7606 7616
f 7622 7610 7612
f 7617 7610 7622
f 7623 7613 7615
f 7624 7614 7613
f 7624 7613 7623
f 7625 7615 7617
f 7623 7615 7625
f 7626 7611 7609
f 7626 7609 7621
f 7627 7614 7624
f 7627 7616 7614
f 7628 7612 7619
f 7622 7612 7628
f 7625 7617 7629
f 7629 7617 7622
f 7630 7623 7625
f 7631 7624 7623
f 7631 7623 7630
f 7632 7625 7629
f 7630 7625 7632
f 7633 7627 7624
f 7633 7624 7631
f 7632 7629 7634
f 7629 7622 7635
f 7634 7629 7635
f 7636 7637 7638
f 7639 7636 7638
f 7636 7640 7637
f 7641 7640 7636
f 7642 7636 7639
f 7642 7641 7636
f 7638 7637 7643
f 7639 7638 7644
f 7644 7638 7645
f 7638 7643 7645
f 7646 7618 7611
f 7646 7611 7626
f 7647 7619 7620
f 7628 7619 7647
f 7648 7616 7627
f 7648 7621 7616
f 7649 7630 7632
f 7650 7631 7630
f 7650 7630 7649
f 7651 7632 7634
f 7649 7632 7651
f 7640 7652 7637
f 7641 7653 7640
f 7640 7654 7652
f 7653 7654 7640
f 7637 7652 7655
f 7637 7655 7643
f 7635 7622 7628
f 7656 7639 7644
f 7657 7642 7639
f 7657 7639 7656
f 7644 7645 7658
f 7659 7644 7658
f 7656 7644 7659
f 7660 7653 7641
f 7661 7641 7642
f 7661 7660 7641
f 7662 7620 7618
f 7662 7618 7646
f 7647 7620 7662
f 7663 7627 7633
f 7663 7648 7627
f 7664 7631 7650
f 7664 7633 7631
f 7634 7635 7665
f 7651 7634 7666
f 7666 7634 7665
f 7654 7667 7652
f 7653 7668 7654
f 7668 7669 7654
f 7654 7669 7667
f 7652 7670 7655
f 7652 7667 7670
f 7671 7668 7653
f 7660 7671 7653
f 7645 7643 7672
f 7658 7645 7673
f 7645 7672 7673
f 7635 7628 7674
f 7665 7635 7674
f 7675 7649 7651
f 7676 7650 7649
f 7676 7649 7675
f 7677 7651 7666
f 7675 7651 7677
f 7643 7655 7678
f 7643 7678 7672
f 7679 7661 7642
f 7679 7642 7657
f 7659 7658 7680
f 7658 7673 7681
f 7680 7658 7681
f 7682 7621 7648
f 7682 7626 7621
f 7674 7628 7647
f 7683 7650 7676
f 7683 7664 7650
f 7668 7684 7669
f 7671 7685 7668
f 7685 7684 7668
f 7686 7656 7659
f 7687 7657 7656
f 7687 7656 7686
f 7688 7659 7680
f 7686 7659 7688
f 7689 7633 7664
f 7689 7663 7633
f 7666 7665 7690
f 7677 7666 7691
f 7691 7666 7690
f 7655 7670 7692
f 7655 7692 7678
f 7665 7674 7693
f 7690 7665 7693
f 7694 7675 7677
f 7695 7676 7675
f 7695 7675 7694
f 7669 7696 7667
f 7684 7697 7669
f 7669 7697 7696
f 7667 7698 7670
f 7667 7696 7698
f 7699 7671 7660
f 7700 7660 7661
f 7700 7699 7660
f 7701 7677 7691
f 7694 7677 7701
f 7702 7648 7663
f 7702 7682 7648
f 7703 7685 7671
f 7699 7703 7671
f 7673 7672 7704
f 7681 7673 7705
f 7673 7704 7705
f 7706 7646 7626
f 7706 7626 7682
f 7674 7647 7707
f 7693 7674 7707
f 7672 7678 7708
f 7672 7708 7704
f 7709 7661 7679
f 7709 7700 7661
f 7710 7679 7657
f 7710 7657 7687
f 7680 7681 7711
f 7712 7680 7711
f 7688 7680 7712
f 7707 7647 7662
f 7713 7683 7676
f 7713 7676 7695
f 7685 7714 7684
f 7684 7715 7697
f 7714 7715 7684
f 7681 7705 7716
f 7711 7681 7716
f 7717 7664 7683
f 7717 7689 7664
f 7691 7690 7718
f 7701 7691 7719
f 7719 7691 7718
f 7670 7698 7720
f 7670 7720 7692
f 7721 7662 7646
f 7721 7646 7706
f 7707 7662 7721
f 7722 7702 7663
f 7722 7663 7689
f 7690 7693 7723
f 7718 7690 7723
f 7724 7694 7701
f 7725 7695 7694
f 7725 7694 7724
f 7726 7701 7719
f 7724 7701 7726
f 7703 7727 7685
f 7727 7714 7685
f 7728 7706 7682
f 7728 7682 7702
f 7693 7707 7729
f 7729 7707 7721
f 7723 7693 7729
f 7697 7730 7696
f 7715 7731 7697
f 7697 7731 7730
f 7696 7732 7698
f 7696 7730 7732
f 7678 7692 7733
f 7678 7733 7708
f 7734 7703 7699
f 7735 7699 7700
f 7735 7734 7699
f 7736 7709 7679
f 7736 7679 7710
f 7737 7721 7706
f 7737 7706 7728
f 7729 7721 7737
f 7738 7683 7713
f 7738 7717 7683
f 7719 7718 7739
f 7718 7723 7740
f 7739 7718 7740
f 7741 7695 7725
f 7741 7713 7695
f 7726 7719 7742
f 7742 7719 7739
f 7743 7724 7726
f 7744 7725 7724
f 7744 7724 7743
f 7745 7726 7742
f 7743 7726 7745
f 7714 7746 7715
f 7715 7747 7731
f 7746 7747 7715
f 7748 7727 7703
f 7734 7748 7703
f 7705 7704 7749
f 7704 7708 7750
f 7704 7750 7749
f 7716 7705 7751
f 7705 7749 7751
f 7752 7700 7709
f 7752 7735 7700
f 7711 7716 7753
f 7716 7751 7754
f 7753 7716 7754
f 7712 7711 7755
f 7755 7711 7753
f 7756 7686 7688
f 7757 7687 7686
f 7757 7686 7756
f 7758 7688 7712
f 7756 7688 7758
f 7759 7728 7702
f 7759 7702 7722
f 7760 7722 7689
f 7760 7689 7717
f 7698 7732 7761
f 7698 7761 7720
f 7727 7762 7714
f 7762 7746 7714
f 7723 7729 7763
f 7763 7729 7737
f 7740 7723 7763
f 7692 7720 7764
f 7692 7764 7733
f 7731 7765 7730
f 7747 7766 7731
f 7731 7766 7765
f 7767 7710 7687
f 7767 7687 7757
f 7768 7741 7725
f 7768 7725 7744
f 7730 7769 7732
f 7730 7765 7769
f 7748 7770 7727
f 7770 7762 7727
f 7771 7712 7755
f 7758 7712 7771
f 7772 7737 7728
f 7772 7728 7759
f 7763 7737 7772
f 7773 7713 7741
f 7773 7738 7713
f 7745 7742 7774
f 7742 7739 7775
f 7774 7742 7775
f 7776 7743 7745
f 7777 7744 7743
f 7777 7743 7776
f 7778 7745 7774
f 7776 7745 7778
f 7708 7733 7779
f 7708 7779 7750
f 7780 7748 7734
f 7781 7734 7735
f 7781 7780 7734
f 7751 7749 7782
f 7754 7751 7783
f 7751 7782 7783
f 7784 7752 7709
f 7784 7709 7736
f 7785 7759 7722
f 7785 7722 7760
f 7740 7763 7786
f 7786 7763 7772
f 7787 7717 7738
f 7787 7760 7717
f 7739 7740 7788
f 7788 7740 7786
f 7775 7739 7788
f 7746 7789 7747
f 7747 7790 7766
f 7789 7790 7747
f 7732 7769 7791
f 7732 7791 7761
f 7762 7792 7746
f 7792 7789 7746
f 7793 7770 7748
f 7780 7793 7748
f 7749 7794 7782
f 7749 7750 7794
f 7795 7781 7735
f 7795 7735 7752
f 7753 7754 7796
f 7754 7783 7797
f 7796 7754 7797
f 7755 7753 7798
f 7798 7753 7796
f 7799 7772 7759
f 7799 7759 7785
f 7786 7772 7799
f 7800 7773 7741
f 7800 7741 7768
f 7801 7744 7777
f 7801 7768 7744
f 7778 7774 7802
f 7774 7775 7803
f 7802 7774 7803
f 7804 7776 7778
f 7805 7776 7804
f 7805 7777 7776
f 7804 7778 7806
f 7806 7778 7802
f 7766 7807 7765
f 7766 7808 7807
f 7790 7808 7766
f 7765 7807 7809
f 7765 7809 7769
f 7720 7761 7810
f 7720 7810 7764
f 7770 7811 7762
f 7811 7792 7762
f 7733 7764 7812
f 7733 7812 7779
f 7793 7813 7770
f 7813 7811 7770
f 7783 7782 7793
f 7782 7813 7793
f 7783 7793 7780
f 7782 7794 7813
f 7797 7783 7780
f 7797 7780 7781
f 7814 7797 7781
f 7814 7781 7795
f 7796 7797 7814
f 7815 7736 7710
f 7815 7710 7767
f 7816 7755 7798
f 7771 7755 7816
f 7775 7788 7817
f 7803 7775 7817
f 7750 7779 7818
f 7750 7818 7794
f 7819 7795 7752
f 7819 7752 7784
f 7820 7738 7773
f 7820 7787 7738
f 7821 7804 7806
f 7822 7804 7821
f 7822 7805 7804
f 7823 7785 7760
f 7823 7760 7787
f 7788 7786 7824
f 7824 7786 7799
f 7817 7788 7824
f 7825 7777 7805
f 7825 7801 7777
f 7806 7802 7826
f 7802 7803 7827
f 7826 7802 7827
f 7821 7806 7828
f 7828 7806 7826
f 7808 7829 7807
f 7790 7830 7808
f 7808 7831 7829
f 7830 7831 7808
f 7807 7829 7832
f 7807 7832 7809
f 7789 7833 7790
f 7833 7830 7790
f 7769 7809 7834
f 7769 7834 7791
f 7835 7796 7814
f 7798 7796 7835
f 7836 7821 7828
f 7837 7821 7836
f 7837 7822 7821
f 7792 7838 7789
f 7838 7833 7789
f 7839 7799 7785
f 7839 7785 7823
f 7824 7799 7839
f 7840 7773 7800
f 7840 7820 7773
f 7841 7768 7801
f 7841 7800 7768
f 7803 7817 7842
f 7827 7803 7842
f 7843 7805 7822
f 7843 7825 7805
f 7828 7826 7844
f 7844 7826 7845
f 7826 7827 7845
f 7836 7828 7846
f 7846 7828 7844
f 7831 7836 7846
f 7847 7836 7831
f 7847 7837 7836
f 7831 7846 7829
f 7829 7846 7848
f 7846 7844 7848
f 7830 7847 7831
f 7829 7848 7832
f 7849 7847 7830
f 7833 7849 7830
f 7761 7791 7850
f 7761 7850 7810
f 7811 7851 7792
f 7851 7838 7792
f 7764 7810 7852
f 7764 7852 7812
f 7813 7853 7811
f 7853 7851 7811
f 7779 7854 7818
f 7779 7812 7854
f 7794 7853 7813
f 7794 7818 7853
f 7855 7814 7795
f 7855 7795 7819
f 7835 7814 7855
f 7856 7784 7736
f 7856 7736 7815
f 7857 7798 7835
f 7816 7798 7857
f 7858 7756 7758
f 7859 7757 7756
f 7859 7756 7858
f 7860 7758 7771
f 7858 7758 7860
f 7861 7823 7787
f 7861 7787 7820
f 7817 7824 7862
f 7842 7817 7862
f 7863 7822 7837
f 7863 7843 7822
f 7809 7832 7864
f 7809 7864 7834
f 7862 7824 7839
f 7865 7801 7825
f 7865 7841 7801
f 7848 7844 7866
f 7844 7845 7866
f 7867 7837 7847
f 7867 7863 7837
f 7849 7867 7847
f 7868 7767 7757
f 7868 7757 7859
f 7827 7842 7869
f 7845 7827 7869
f 7832 7848 7870
f 7848 7866 7870
f 7832 7870 7864
f 7838 7871 7833
f 7871 7849 7833
f 7818 7872 7853
f 7853 7872 7851
f 7818 7854 7872
f 7860 7771 7873
f 7873 7771 7816
f 7874 7839 7823
f 7874 7823 7861
f 7862 7839 7874
f 7875 7800 7841
f 7875 7840 7800
f 7876 7825 7843
f 7876 7865 7825
f 7791 7834 7877
f 7791 7877 7850
f 7851 7878 7838
f 7878 7871 7838
f 7879 7819 7784
f 7879 7784 7856
f 7880 7835 7855
f 7857 7835 7880
f 7881 7861 7820
f 7881 7820 7840
f 7842 7862 7882
f 7869 7842 7882
f 7866 7845 7883
f 7845 7869 7883
f 7810 7850 7884
f 7810 7884 7852
f 7872 7878 7851
f 7812 7885 7854
f 7812 7852 7885
f 7886 7858 7860
f 7887 7859 7858
f 7887 7858 7886
f 7888 7860 7873
f 7886 7860 7888
f 7882 7862 7874
f 7889 7867 7849
f 7871 7889 7849
f 7890 7843 7863
f 7890 7876 7843
f 7834 7864 7891
f 7834 7891 7877
f 7892 7855 7819
f 7892 7819 7879
f 7880 7855 7892
f 7873 7816 7893
f 7893 7816 7857
f 7894 7815 7767
f 7894 7767 7868
f 7895 7868 7859
f 7895 7859 7887
f 7896 7841 7865
f 7896 7875 7841
f 7870 7866 7897
f 7866 7883 7897
f 7898 7863 7867
f 7898 7890 7863
f 7889 7898 7867
f 7899 7873 7893
f 7888 7873 7899
f 7900 7874 7861
f 7900 7861 7881
f 7882 7874 7900
f 7869 7882 7901
f 7883 7869 7901
f 7864 7870 7902
f 7870 7897 7902
f 7864 7902 7891
f 7854 7903 7872
f 7872 7903 7878
f 7854 7885 7903
f 7878 7904 7871
f 7904 7889 7871
f 7905 7881 7840
f 7905 7840 7875
f 7901 7882 7900
f 7850 7877 7906
f 7850 7906 7884
f 7903 7904 7878
f 7907 7865 7876
f 7907 7896 7865
f 7883 7901 7908
f 7897 7883 7908
f 7852 7909 7885
f 7852 7884 7909
f 7910 7856 7815
f 7910 7815 7894
f 7911 7894 7868
f 7911 7868 7895
f 7893 7857 7912
f 7913 7893 7912
f 7899 7893 7913
f 7912 7857 7880
f 7914 7900 7881
f 7914 7881 7905
f 7901 7900 7914
f 7915 7905 7875
f 7915 7875 7896
f 7916 7876 7890
f 7916 7907 7876
f 7917 7898 7889
f 7904 7917 7889
f 7908 7901 7914
f 7902 7897 7918
f 7897 7908 7918
f 7919 7890 7898
f 7919 7916 7890
f 7877 7891 7920
f 7877 7920 7906
f 7885 7921 7903
f 7903 7921 7904
f 7885 7909 7921
f 7922 7886 7888
f 7923 7887 7886
f 7923 7886 7922
f 7924 7888 7899
f 7922 7888 7924
f 7917 7919 7898
f 7921 7917 7904
f 7891 7902 7925
f 7902 7918 7925
f 7891 7925 7920
f 7884 7926 7909
f 7884 7906 7926
f 7927 7895 7887
f 7927 7887 7923
f 7928 7914 7905
f 7928 7905 7915
f 7908 7914 7928
f 7929 7896 7907
f 7929 7915 7896
f 7918 7908 7928
f 7930 7879 7856
f 7930 7856 7910
f 7912 7880 7931
f 7931 7880 7892
f 7913 7912 7932
f 7932 7912 7931
f 7933 7910 7894
f 7933 7894 7911
f 7934 7899 7913
f 7924 7899 7934
f 7935 7907 7916
f 7935 7929 7907
f 7921 7936 7917
f 7936 7919 7917
f 7909 7936 7921
f 7909 7926 7936
f 7937 7892 7879
f 7937 7879 7930
f 7931 7892 7937
f 7938 7928 7915
f 7938 7915 7929
f 7918 7928 7938
f 7925 7918 7938
f 7906 7920 7939
f 7906 7939 7926
f 7940 7916 7919
f 7940 7935 7916
f 7941 7911 7895
f 7941 7895 7927
f 7920 7925 7942
f 7925 7938 7942
f 7936 7940 7919
f 7943 7930 7910
f 7943 7910 7933
f 7944 7913 7932
f 7934 7913 7944
f 7920 7942 7939
f 7945 7931 7937
f 7932 7931 7945
f 7942 7938 7929
f 7942 7929 7935
f 7926 7940 7936
f 7926 7939 7940
f 7939 7942 7935
f 7939 7935 7940
f 7946 7937 7930
f 7946 7930 7943
f 7945 7937 7946
f 7947 7933 7911
f 7947 7911 7941
f 7948 7932 7945
f 7944 7932 7948
f 7949 7922 7924
f 7950 7923 7922
f 7950 7922 7949
f 7951 7924 7934
f 7949 7924 7951
f 7952 7927 7923
f 7952 7923 7950
f 7953 7934 7944
f 7951 7934 7953
f 7954 7943 7933
f 7954 7933 7947
f 7955 7945 7946
f 7948 7945 7955
f 7956 7946 7943
f 7956 7943 7954
f 7955 7946 7956
f 7957 7944 7948
f 7953 7944 7957
f 7958 7941 7927
f 7958 7927 7952
f 7959 7947 7941
f 7959 7941 7958
f 7960 7948 7955
f 7957 7948 7960
f 7961 7949 7951
f 7962 7950 7949
f 7962 7949 7961
f 7963 7951 7953
f 7961 7951 7963
f 7964 7954 7947
f 7964 7947 7959
f 7965 7955 7956
f 7960 7955 7965
f 7966 7952 7950
f 7966 7950 7962
f 7967 7953 7957
f 7963 7953 7967
f 7968 7956 7954
f 7968 7954 7964
f 7965 7956 7968
f 7969 7958 7952
f 7969 7952 7966
f 7970 7957 7960
f 7967 7957 7970
f 7971 7959 7958
f 7971 7958 7969
f 7972 7960 7965
f 7970 7960 7972
f 7973 7964 7959
f 7973 7959 7971
f 7974 7965 7968
f 7972 7965 7974
f 7975 7961 7963
f 7976 7963 7967
f 7975 7963 7976
f 7977 7962 7961
f 7977 7961 7975
f 7978 7968 7964
f 7978 7964 7973
f 7974 7968 7978
f 7979 7966 7962
f 7979 7962 7977
f 7980 7967 7970
f 7976 7967 7980
f 7981 7969 7966
f 7981 7966 7979
f 7982 7970 7972
f 7980 7970 7982
f 7983 7971 7969
f 7983 7969 7981
f 7984 7972 7974
f 7982 7972 7984
f 7985 7973 7971
f 7985 7971 7983
f 7986 7974 7978
f 7984 7974 7986
f 7987 7978 7973
f 7987 7973 7985
f 7986 7978 7987
f 7988 7975 7976
f 7989 7977 7975
f 7989 7975 7988
f 7990 7976 7980
f 7988 7976 7990
f 7991 7979 7977
f 7991 7977 7989
f 7992 7980 7982
f 7990 7980 7992
f 7993 7981 7979
f 7993 7979 7991
f 7994 7982 7984
f 7992 7982 7994
f 7995 7983 7981
f 7995 7981 7993
f 7996 7984 7986
f 7994 7984 7996
f 7997 7985 7983
f 7997 7983 7995
f 7998 7986 7987
f 7996 7986 7998
f 7999 7987 7985
f 7999 7985 7997
f 7998 7987 7999
f 8000 7988 7990
f 8001 7990 7992
f 8000 7990 8001
f 8002 7989 7988
f 8002 7988 8000
f 8003 7991 7989
f 8003 7989 8002
f 8004 7992 7994
f 8001 7992 8004
f 8005 7993 7991
f 8005 7991 8003
f 8006 7994 7996
f 8004 7994 8006
f 8007 7995 7993
f 8007 7993 8005
f 8008 7996 7998
f 8006 7996 8008
f 8009 7997 7995
f 8009 7995 8007
f 8010 7998 7999
f 8008 7998 8010
f 8011 7999 7997
f 8010 7999 8011
f 8011 7997 8009
f 8012 8000 8001
f 8013 8002 8000
f 8013 8000 8012
f 8014 8001 8004
f 8012 8001 8014
f 8015 8003 8002
f 8015 8002 8013
f 8016 8004 8006
f 8014 8004 8016
f 8017 8005 8003
f 8017 8003 8015
f 8018 8006 8008
f 8016 8006 8018
f 8019 8007 8005
f 8019 8005 8017
f 8020 8008 8010
f 8018 8008 8020
f 8021 8009 8007
f 8021 8007 8019
f 8022 8010 8011
f 8020 8010 8022
f 8023 8011 8009
f 8023 8009 8021
f 8022 8011 8023
f 8024 8012 8014
f 8025 8013 8012
f 8025 8012 8024
f 8026 8014 8016
f 8024 8014 8026
f 8027 8015 8013
f 8027 8013 8025
f 8028 8016 8018
f 8026 8016 8028
f 8029 8017 8015
f 8029 8015 8027
f 8030 8018 8020
f 8028 8018 8030
f 8031 8019 8017
f 8031 8017 8029
f 8032 8020 8022
f 8030 8020 8032
f 8033 8021 8019
f 8033 8019 8031
f 8034 8022 8023
f 8032 8022 8034
f 8035 8024 8026
f 8036 8025 8024
f 8036 8024 8035
f 8037 8026 8028
f 8035 8026 8037
f 8038 8023 8021
f 8038 8021 8033
f 8034 8023 8038
f 8039 8027 8025
f 8039 8025 8036
f 8040 8028 8030
f 8037 8028 8040
f 8041 8029 8027
f 8041 8027 8039
f 8042 8030 8032
f 8040 8030 8042
f 8043 8031 8029
f 8043 8029 8041
f 8044 8032 8034
f 8042 8032 8044
f 8045 8035 8037
f 8046 8036 8035
f 8046 8035 8045
f 8047 8037 8040
f 8045 8037 8047
f 8048 8033 8031
f 8048 8031 8043
f 8049 8034 8038
f 8044 8034 8049
f 8050 8039 8036
f 8050 8036 8046
f 8051 8040 8042
f 8047 8040 8051
f 8052 8038 8033
f 8052 8033 8048
f 8049 8038 8052
f 8053 8041 8039
f 8053 8039 8050
f 8054 8042 8044
f 8051 8042 8054
f 8055 8043 8041
f 8055 8041 8053
f 8046 8045 8047
f 8046 8047 8050
f 8050 8047 8051
f 8056 8044 8049
f 8054 8044 8056
f 8050 8051 8053
f 8053 8051 8054
f 8057 8048 8043
f 8057 8043 8055
f 8058 8049 8052
f 8056 8049 8058
f 8059 8052 8048
f 8059 8048 8057
f 8058 8052 8059
f 8053 8054 8055
f 8055 8054 8056
f 8057 8056 8058
f 8055 8056 8057
f 8057 8058 8059
f 8060 8061 8062
f 8063 8061 8060
f 8062 8061 8064
f 8065 8061 8063
f 8064 8061 8066
f 8067 8061 8065
f 8066 8061 8068
f 8069 8061 8067
f 8068 8061 8070
f 8071 8061 8069
f 8070 8061 8072
f 8072 8061 8071
f 8073 8060 8062
f 8074 8063 8060
f 8074 8060 8073
f 8075 8062 8064
f 8073 8062 8075
f 8076 8065 8063
f 8076 8063 8074
f 8077 8064 8066
f 8075 8064 8077
f 8078 8067 8065
f 8078 8065 8076
f 8079 8066 8068
f 8077 8066 8079
f 8080 8069 8067
f 8080 8067 8078
f 8081 8068 8070
f 8079 8068 8081
f 8082 8071 8069
f 8082 8069 8080
f 8083 8070 8072
f 8081 8070 8083
f 8084 8072 8071
f 8084 8071 8082
f 8083 8072 8084
f 8085 8077 8079
f 8086 8075 8077
f 8086 8077 8085
f 8087 8079 8081
f 8085 8079 8087
f 8088 8081 8083
f 8087 8081 8088
f 8089 8083 8084
f 8088 8083 8089
f 8090 8073 8075
f 8090 8075 8086
f 8091 8084 8082
f 8089 8084 8091
f 8092 8074 8073
f 8092 8073 8090
f 8093 8082 8080
f 8091 8082 8093
f 8094 8076 8074
f 8094 8074 8092
f 8095 8078 8076
f 8095 8076 8094
f 8096 8080 8078
f 8096 8078 8095
f 8093 8080 8096
f 8097 8085 8087
f 8098 8086 8085
f 8098 8085 8097
f 8099 8087 8088
f 8097 8087 8099
f 8100 8088 8089
f 8099 8088 8100
f 8101 8089 8091
f 8100 8089 8101
f 8102 8091 8093
f 8101 8091 8102
f 8103 8090 8086
f 8103 8086 8098
f 8104 8093 8096
f 8102 8093 8104
f 8105 8092 8090
f 8105 8090 8103
f 8106 8096 8095
f 8104 8096 8106
f 8107 8094 8092
f 8107 8092 8105
f 8108 8095 8094
f 8108 8094 8107
f 8106 8095 8108
f 8109 8099 8100
f 8110 8097 8099
f 8110 8099 8109
f 8111 8100 8101
f 8109 8100 8111
f 8112 8101 8102
f 8111 8101 8112
f 8113 8102 8104
f 8112 8102 8113
f 8114 8098 8097
f 8115 8103 8098
f 8115 8098 8114
f 8114 8097 8110
f 8116 8104 8106
f 8113 8104 8116
f 8117 8106 8108
f 8116 8106 8117
f 8118 8105 8103
f 8118 8103 8115
f 8119 8107 8105
f 8119 8105 8118
f 8120 8108 8107
f 8120 8107 8119
f 8117 8108 8120
f 8121 8111 8112
f 8122 8109 8111
f 8122 8111 8121
f 8123 8112 8113
f 8121 8112 8123
f 8124 8110 8109
f 8124 8109 8122
f 8125 8113 8116
f 8123 8113 8125
f 8126 8114 8110
f 8127 8115 8114
f 8127 8114 8126
f 8126 8110 8124
f 8128 8116 8117
f 8129 8117 8120
f 8128 8117 8129
f 8125 8116 8128
f 8130 8118 8115
f 8130 8115 8127
f 8131 8119 8118
f 8131 8118 8130
f 8132 8120 8119
f 8132 8119 8131
f 8129 8120 8132
f 8133 8124 8122
f 8134 8126 8124
f 8134 8124 8133
f 8135 8122 8121
f 8133 8122 8135
f 8136 8128 8129
f 8137 8129 8132
f 8136 8129 8137
f 8138 8121 8123
f 8135 8121 8138
f 8139 8123 8125
f 8138 8123 8139
f 8140 8125 8128
f 8139 8125 8140
f 8140 8128 8136
f 8141 8127 8126
f 8141 8126 8134
f 8142 8130 8127
f 8142 8127 8141
f 8143 8132 8131
f 8137 8132 8143
f 8144 8131 8130
f 8144 8130 8142
f 8143 8131 8144
f 8145 8138 8139
f 8146 8135 8138
f 8146 8138 8145
f 8147 8139 8140
f 8145 8139 8147
f 8148 8140 8136
f 8147 8140 8148
f 8149 8133 8135
f 8149 8135 8146
f 8150 8136 8137
f 8148 8136 8150
f 8151 8134 8133
f 8151 8133 8149
f 8152 8137 8143
f 8150 8137 8152
f 8153 8141 8134
f 8153 8134 8151
f 8154 8143 8144
f 8152 8143 8154
f 8155 8142 8141
f 8155 8141 8153
f 8156 8144 8142
f 8156 8142 8155
f 8154 8144 8156
f 8157 8145 8147
f 8158 8146 8145
f 8158 8145 8157
f 8159 8147 8148
f 8157 8147 8159
f 8160 8148 8150
f 8159 8148 8160
f 8161 8149 8146
f 8161 8146 8158
f 8162 8150 8152
f 8160 8150 8162
f 8163 8151 8149
f 8163 8149 8161
f 8164 8152 8154
f 8162 8152 8164
f 8165 8153 8151
f 8165 8151 8163
f 8166 8154 8156
f 8164 8154 8166
f 8167 8155 8153
f 8167 8153 8165
f 8168 8156 8155
f 8166 8156 8168
f 8168 8155 8167
f 8169 8157 8159
f 8170 8159 8160
f 8169 8159 8170
f 8171 8158 8157
f 8171 8157 8169
f 8172 8160 8162
f 8170 8160 8172
f 8173 8162 8164
f 8172 8162 8173
f 8174 8161 8158
f 8174 8158 8171
f 8175 8164 8166
f 8173 8164 8175
f 8176 8163 8161
f 8176 8161 8174
f 8177 8166 8168
f 8175 8166 8177
f 8178 8165 8163
f 8178 8163 8176
f 8179 8167 8165
f 8179 8165 8178
f 8180 8168 8167
f 8177 8168 8180
f 8180 8167 8179
f 8181 8170 8172
f 8182 8169 8170
f 8182 8170 8181
f 8183 8172 8173
f 8181 8172 8183
f 8184 8171 8169
f 8184 8169 8182
f 8185 8174 8171
f 8185 8171 8184
f 8186 8173 8175
f 8183 8173 8186
f 8187 8175 8177
f 8186 8175 8187
f 8188 8176 8174
f 8188 8174 8185
f 8189 8178 8176
f 8189 8176 8188
f 8190 8177 8180
f 8187 8177 8190
f 8191 8180 8179
f 8190 8180 8191
f 8192 8179 8178
f 8192 8178 8189
f 8191 8179 8192
f 8193 8182 8181
f 8194 8184 8182
f 8194 8182 8193
f 8195 8181 8183
f 8193 8181 8195
f 8196 8183 8186
f 8195 8183 8196
f 8197 8186 8187
f 8196 8186 8197
f 8198 8185 8184
f 8198 8184 8194
f 8199 8187 8190
f 8197 8187 8199
f 8200 8188 8185
f 8200 8185 8198
f 8201 8190 8191
f 8199 8190 8201
f 8202 8189 8188
f 8202 8188 8200
f 8203 8191 8192
f 8201 8191 8203
f 8204 8192 8189
f 8204 8189 8202
f 8203 8192 8204
f 8205 8195 8196
f 8206 8193 8195
f 8206 8195 8205
f 8207 8196 8197
f 8205 8196 8207
f 8208 8194 8193
f 8208 8193 8206
f 8209 8197 8199
f 8207 8197 8209
f 8210 8198 8194
f 8210 8194 8208
f 8211 8199 8201
f 8209 8199 8211
f 8212 8200 8198
f 8212 8198 8210
f 8213 8201 8203
f 8211 8201 8213
f 8214 8202 8200
f 8214 8200 8212
f 8215 8203 8204
f 8213 8203 8215
f 8216 8204 8202
f 8216 8202 8214
f 8215 8204 8216
f 8217 8205 8207
f 8218 8206 8205
f 8218 8205 8217
f 8219 8207 8209
f 8217 8207 8219
f 8220 8208 8206
f 8220 8206 8218
f 8221 8209 8211
f 8219 8209 8221
f 8222 8210 8208
f 8222 8208 8220
f 8223 8211 8213
f 8221 8211 8223
f 8224 8212 8210
f 8224 8210 8222
f 8225 8213 8215
f 8223 8213 8225
f 8226 8214 8212
f 8226 8212 8224
f 8227 8215 8216
f 8225 8215 8227
f 8228 8216 8214
f 8228 8214 8226
f 8227 8216 8228
f 8229 8217 8219
f 8230 8218 8217
f 8230 8217 8229
f 8231 8219 8221
f 8229 8219 8231
f 8232 8220 8218
f 8232 8218 8230
f 8233 8221 8223
f 8231 8221 8233
f 8234 8222 8220
f 8234 8220 8232
f 8235 8223 8225
f 8233 8223 8235
f 8236 8224 8222
f 8236 8222 8234
f 8237 8225 8227
f 8235 8225 8237
f 8238 8226 8224
f 8238 8224 8236
f 8239 8227 8228
f 8237 8227 8239
f 8240 8228 8226
f 8240 8226 8238
f 8239 8228 8240
f 8241 8229 8231
f 8242 8230 8229
f 8242 8229 8241
f 8243 8231 8233
f 8241 8231 8243
f 8244 8232 8230
f 8244 8230 8242
f 8245 8233 8235
f 8243 8233 8245
f 8246 8234 8232
f 8246 8232 8244
f 8247 8235 8237
f 8245 8235 8247
f 8248 8236 8234
f 8248 8234 8246
f 8249 8237 8239
f 8247 8237 8249
f 8250 8238 8236
f 8250 8236 8248
f 8251 8239 8240
f 8249 8239 8251
f 8252 8240 8238
f 8252 8238 8250
f 8251 8240 8252
f 8253 8241 8243
f 8254 8242 8241
f 8254 8241 8253
f 8255 8243 8245
f 8253 8243 8255
f 8256 8244 8242
f 8256 8242 8254
f 8257 8245 8247
f 8255 8245 8257
f 8258 8246 8244
f 8258 8244 8256
f 8259 8247 8249
f 8257 8247 8259
f 8260 8248 8246
f 8260 8246 8258
f 8261 8249 8251
f 8259 8249 8261
f 8262 8250 8248
f 8262 8248 8260
f 8263 8251 8252
f 8261 8251 8263
f 8264 8252 8250
f 8264 8250 8262
f 8263 8252 8264
f 8265 8253 8255
f 8266 8254 8253
f 8266 8253 8265
f 8267 8255 8257
f 8265 8255 8267
f 8268 8257 8259
f 8267 8257 8268
f 8269 8256 8254
f 8269 8254 8266
f 8270 8258 8256
f 8270 8256 8269
f 8271 8259 8261
f 8268 8259 8271
f 8272 8261 8263
f 8271 8261 8272
f 8273 8260 8258
f 8273 8258 8270
f 8274 8263 8264
f 8272 8263 8274
f 8275 8262 8260
f 8275 8260 8273
f 8276 8264 8262
f 8276 8262 8275
f 8274 8264 8276
f 8277 8265 8267
f 8278 8266 8265
f 8278 8265 8277
f 8279 8267 8268
f 8277 8267 8279
f 8280 8268 8271
f 8279 8268 8280
f 8281 8269 8266
f 8281 8266 8278
f 8282 8271 8272
f 8280 8271 8282
f 8283 8270 8269
f 8283 8269 8281
f 8284 8272 8274
f 8282 8272 8284
f 8285 8273 8270
f 8285 8270 8283
f 8286 8275 8273
f 8286 8273 8285
f 8287 8274 8276
f 8284 8274 8287
f 8288 8276 8275
f 8288 8275 8286
f 8287 8276 8288
f 8289 8277 8279
f 8290 8278 8277
f 8290 8277 8289
f 8291 8279 8280
f 8289 8279 8291
f 8292 8280 8282
f 8291 8280 8292
f 8293 8281 8278
f 8293 8278 8290
f 8294 8282 8284
f 8292 8282 8294
f 8295 8283 8281
f 8295 8281 8293
f 8296 8284 8287
f 8294 8284 8296
f 8297 8285 8283
f 8297 8283 8295
f 8298 8287 8288
f 8296 8287 8298
f 8299 8286 8285
f 8299 8285 8297
f 8300 8288 8286
f 8300 8286 8299
f 8298 8288 8300
f 8301 8289 8291
f 8302 8290 8289
f 8302 8289 8301
f 8303 8291 8292
f 8301 8291 8303
f 8304 8292 8294
f 8303 8292 8304
f 8305 8293 8290
f 8305 8290 8302
f 8306 8294 8296
f 8304 8294 8306
f 8307 8295 8293
f 8307 8293 8305
f 8308 8296 8298
f 8306 8296 8308
f 8309 8297 8295
f 8309 8295 8307
f 8310 8299 8297
f 8310 8297 8309
f 8311 8298 8300
f 8308 8298 8311
f 8312 8300 8299
f 8312 8299 8310
f 8311 8300 8312
f 8313 8301 8303
f 8314 8303 8304
f 8313 8303 8314
f 8315 8302 8301
f 8315 8301 8313
f 8316 8304 8306
f 8314 8304 8316
f 8317 8305 8302
f 8317 8302 8315
f 8318 8306 8308
f 8316 8306 8318
f 8319 8307 8305
f 8319 8305 8317
f 8320 8308 8311
f 8318 8308 8320
f 8321 8309 8307
f 8321 8307 8319
f 8322 8311 8312
f 8320 8311 8322
f 8323 8310 8309
f 8323 8309 8321
f 8324 8312 8310
f 8324 8310 8323
f 8322 8312 8324
f 8325 8313 8314
f 8326 8315 8313
f 8326 8313 8325
f 8327 8314 8316
f 8325 8314 8327
f 8328 8316 8318
f 8327 8316 8328
f 8329 8317 8315
f 8329 8315 8326
f 8330 8318 8320
f 8328 8318 8330
f 8331 8319 8317
f 8331 8317 8329
f 8332 8320 8322
f 8330 8320 8332
f 8333 8321 8319
f 8333 8319 8331
f 8334 8322 8324
f 8332 8322 8334
f 8335 8323 8321
f 8335 8321 8333
f 8336 8324 8323
f 8336 8323 8335
f 8334 8324 8336
f 8337 8325 8327
f 8338 8326 8325
f 8338 8325 8337
f 8339 8327 8328
f 8337 8327 8339
f 8340 8328 8330
f 8339 8328 8340
f 8341 8329 8326
f 8341 8326 8338
f 8342 8330 8332
f 8340 8330 8342
f 8343 8331 8329
f 8343 8329 8341
f 8344 8332 8334
f 8342 8332 8344
f 8345 8333 8331
f 8345 8331 8343
f 8346 8334 8336
f 8344 8334 8346
f 8347 8335 8333
f 8347 8333 8345
f 8348 8336 8335
f 8348 8335 8347
f 8346 8336 8348
f 8349 8337 8339
f 8350 8339 8340
f 8349 8339 8350
f 8351 8338 8337
f 8351 8337 8349
f 8352 8340 8342
f 8350 8340 8352
f 8353 8341 8338
f 8353 8338 8351
f 8354 8342 8344
f 8352 8342 8354
f 8355 8343 8341
f 8355 8341 8353
f 8356 8344 8346
f 8354 8344 8356
f 8357 8345 8343
f 8357 8343 8355
f 8358 8346 8348
f 8356 8346 8358
f 8359 8347 8345
f 8359 8345 8357
f 8360 8348 8347
f 8358 8348 8360
f 8360 8347 8359
f 8361 8349 8350
f 8362 8350 8352
f 8361 8350 8362
f 8363 8351 8349
f 8363 8349 8361
f 8364 8352 8354
f 8362 8352 8364
f 8365 8353 8351
f 8365 8351 8363
f 8366 8354 8356
f 8364 8354 8366
f 8367 8355 8353
f 8367 8353 8365
f 8368 8356 8358
f 8366 8356 8368
f 8369 8357 8355
f 8369 8355 8367
f 8370 8358 8360
f 8368 8358 8370
f 8371 8359 8357
f 8371 8357 8369
f 8372 8360 8359
f 8370 8360 8372
f 8372 8359 8371
f 8373 8361 8362
f 8374 8362 8364
f 8373 8362 8374
f 8375 8363 8361
f 8375 8361 8373
f 8376 8364 8366
f 8374 8364 8376
f 8377 8365 8363
f 8377 8363 8375
f 8378 8366 8368
f 8376 8366 8378
f 8379 8367 8365
f 8379 8365 8377
f 8380 8368 8370
f 8378 8368 8380
f 8381 8369 8367
f 8381 8367 8379
f 8382 8370 8372
f 8380 8370 8382
f 8383 8371 8369
f 8383 8369 8381
f 8384 8372 8371
f 8382 8372 8384
f 8384 8371 8383
f 8385 8373 8374
f 8386 8374 8376
f 8385 8374 8386
f 8387 8375 8373
f 8387 8373 8385
f 8388 8376 8378
f 8386 8376 8388
f 8389 8377 8375
f 8389 8375 8387
f 8390 8378 8380
f 8388 8378 8390
f 8391 8379 8377
f 8391 8377 8389
f 8392 8380 8382
f 8390 8380 8392
f 8393 8381 8379
f 8393 8379 8391
f 8394 8382 8384
f 8392 8382 8394
f 8395 8383 8381
f 8396 8384 8383
f 8396 8383 8395
f 8395 8381 8393
f 8394 8384 8396
f 8397 8385 8386
f 8398 8386 8388
f 8397 8386 8398
f 8399 8387 8385
f 8399 8385 8397
f 8400 8388 8390
f 8398 8388 8400
f 8401 8389 8387
f 8401 8387 8399
f 8402 8390 8392
f 8400 8390 8402
f 8403 8391 8389
f 8403 8389 8401
f 8404 8392 8394
f 8402 8392 8404
f 8405 8393 8391
f 8405 8391 8403
f 8406 8394 8396
f 8404 8394 8406
f 8407 8395 8393
f 8407 8393 8405
f 8408 8396 8395
f 8406 8396 8408
f 8408 8395 8407
f 8409 8397 8398
f 8410 8398 8400
f 8409 8398 8410
f 8411 8399 8397
f 8411 8397 8409
f 8412 8400 8402
f 8410 8400 8412
f 8413 8401 8399
f 8413 8399 8411
f 8414 8402 8404
f 8412 8402 8414
f 8415 8403 8401
f 8415 8401 8413
f 8416 8404 8406
f 8414 8404 8416
f 8417 8405 8403
f 8417 8403 8415
f 8418 8406 8408
f 8416 8406 8418
f 8419 8407 8405
f 8419 8405 8417
f 8420 8408 8407
f 8418 8408 8420
f 8420 8407 8419
f 8421 8409 8410
f 8422 8410 8412
f 8421 8410 8422
f 8423 8411 8409
f 8423 8409 8421
f 8424 8412 8414
f 8422 8412 8424
f 8425 8413 8411
f 8425 8411 8423
f 8426 8414 8416
f 8424 8414 8426
f 8427 8415 8413
f 8427 8413 8425
f 8428 8416 8418
f 8426 8416 8428
f 8429 8417 8415
f 8429 8415 8427
f 8430 8418 8420
f 8428 8418 8430
f 8431 8419 8417
f 8431 8417 8429
f 8432 8420 8419
f 8430 8420 8432
f 8432 8419 8431
f 8433 8421 8422
f 8434 8422 8424
f 8433 8422 8434
f 8435 8423 8421
f 8435 8421 8433
f 8436 8424 8426
f 8434 8424 8436
f 8437 8425 8423
f 8437 8423 8435
f 8438 8426 8428
f 8436 8426 8438
f 8439 8427 8425
f 8439 8425 8437
f 8440 8428 8430
f 8438 8428 8440
f 8441 8429 8427
f 8441 8427 8439
f 8442 8430 8432
f 8440 8430 8442
f 8443 8431 8429
f 8443 8429 8441
f 8444 8432 8431
f 8442 8432 8444
f 8444 8431 8443
f 8445 8433 8434
f 8446 8434 8436
f 8445 8434 8446
f 8447 8435 8433
f 8447 8433 8445
f 8448 8436 8438
f 8446 8436 8448
f 8449 8437 8435
f 8449 8435 8447
f 8450 8438 8440
f 8448 8438 8450
f 8451 8439 8437
f 8451 8437 8449
f 8452 8440 8442
f 8450 8440 8452
f 8453 8441 8439
f 8453 8439 8451
f 8454 8442 8444
f 8452 8442 8454
f 8455 8443 8441
f 8455 8441 8453
f 8456 8444 8443
f 8454 8444 8456
f 8456 8443 8455
f 8457 8445 8446
f 8458 8446 8448
f 8457 8446 8458
f 8459 8447 8445
f 8459 8445 8457
f 8460 8448 8450
f 8458 8448 8460
f 8461 8449 8447
f 8461 8447 8459
f 8462 8450 8452
f 8460 8450 8462
f 8463 8451 8449
f 8463 8449 8461
f 8464 8452 8454
f 8462 8452 8464
f 8465 8453 8451
f 8465 8451 8463
f 8466 8454 8456
f 8464 8454 8466
f 8467 8455 8453
f 8467 8453 8465
f 8468 8456 8455
f 8466 8456 8468
f 8468 8455 8467
f 8469 8457 8458
f 8470 8458 8460
f 8469 8458 8470
f 8471 8459 8457
f 8471 8457 8469
f 8472 8460 8462
f 8470 8460 8472
f 8473 8461 8459
f 8473 8459 8471
f 8474 8462 8464
f 8472 8462 8474
f 8475 8463 8461
f 8475 8461 8473
f 8476 8464 8466
f 8474 8464 8476
f 8477 8465 8463
f 8477 8463 8475
f 8478 8466 8468
f 8476 8466 8478
f 8479 8467 8465
f 8479 8465 8477
f 8480 8468 8467
f 8478 8468 8480
f 8480 8467 8479
f 8481 8469 8470
f 8482 8470 8472
f 8481 8470 8482
f 8483 8471 8469
f 8483 8469 8481
f 8484 8472 8474
f 8482 8472 8484
f 8485 8473 8471
f 8485 8471 8483
f 8486 8474 8476
f 8484 8474 8486
f 8487 8475 8473
f 8487 8473 8485
f 8488 8476 8478
f 8486 8476 8488
f 8489 8477 8475
f 8489 8475 8487
f 8490 8478 8480
f 8488 8478 8490
f 8491 8479 8477
f 8491 8477 8489
f 8492 8481 8482
f 8493 8482 8484
f 8492 8482 8493
f 8494 8480 8479
f 8490 8480 8494
f 8495 8483 8481
f 8495 8481 8492
f 8494 8479 8491
f 8496 8484 8486
f 8493 8484 8496
f 8497 8485 8483
f 8497 8483 8495
f 8498 8486 8488
f 8496 8486 8498
f 8499 8487 8485
f 8499 8485 8497
f 8500 8488 8490
f 8498 8488 8500
f 8501 8489 8487
f 8501 8487 8499
f 8502 8490 8494
f 8500 8490 8502
f 8503 8492 8493
f 8504 8493 8496
f 8503 8493 8504
f 8505 8491 8489
f 8505 8489 8501
f 8506 8494 8491
f 8502 8494 8506
f 8507 8495 8492
f 8507 8492 8503
f 8506 8491 8505
f 8508 8496 8498
f 8504 8496 8508
f 8509 8497 8495
f 8509 8495 8507
f 8510 8498 8500
f 8508 8498 8510
f 8511 8499 8497
f 8511 8497 8509
f 8512 8500 8502
f 8510 8500 8512
f 8513 8501 8499
f 8513 8499 8511
f 8514 8502 8506
f 8512 8502 8514
f 8515 8503 8504
f 8516 8504 8508
f 8515 8504 8516
f 8517 8505 8501
f 8517 8501 8513
f 8518 8507 8503
f 8518 8503 8515
f 8519 8506 8505
f 8514 8506 8519
f 8520 8508 8510
f 8516 8508 8520
f 8519 8505 8517
f 8521 8509 8507
f 8521 8507 8518
f 8522 8510 8512
f 8520 8510 8522
f 8523 8511 8509
f 8523 8509 8521
f 8524 8512 8514
f 8522 8512 8524
f 8525 8513 8511
f 8525 8511 8523
f 8526 8514 8519
f 8524 8514 8526
f 8527 8515 8516
f 8528 8516 8520
f 8527 8516 8528
f 8529 8517 8513
f 8529 8513 8525
f 8530 8518 8515
f 8530 8515 8527
f 8531 8519 8517
f 8531 8517 8529
f 8526 8519 8531
f 8532 8520 8522
f 8528 8520 8532
f 8533 8521 8518
f 8533 8518 8530
f 8534 8522 8524
f 8532 8522 8534
f 8535 8523 8521
f 8535 8521 8533
f 8536 8524 8526
f 8534 8524 8536
f 8537 8525 8523
f 8537 8523 8535
f 8538 8526 8531
f 8536 8526 8538
f 8539 8529 8525
f 8539 8525 8537
f 8540 8527 8528
f 8541 8530 8527
f 8541 8527 8540
f 8542 8528 8532
f 8540 8528 8542
f 8543 8531 8529
f 8543 8529 8539
f 8538 8531 8543
f 8544 8532 8534
f 8542 8532 8544
f 8545 8533 8530
f 8545 8530 8541
f 8546 8534 8536
f 8544 8534 8546
f 8547 8535 8533
f 8547 8533 8545
f 8548 8536 8538
f 8546 8536 8548
f 8549 8537 8535
f 8549 8535 8547
f 8550 8538 8543
f 8548 8538 8550
f 8551 8539 8537
f 8551 8537 8549
f 8552 8540 8542
f 8553 8541 8540
f 8553 8540 8552
f 8554 8542 8544
f 8552 8542 8554
f 8555 8543 8539
f 8550 8543 8555
f 8555 8539 8551
f 8556 8544 8546
f 8554 8544 8556
f 8557 8545 8541
f 8557 8541 8553
f 8558 8546 8548
f 8556 8546 8558
f 8559 8547 8545
f 8559 8545 8557
f 8560 8548 8550
f 8558 8548 8560
f 8561 8549 8547
f 8561 8547 8559
f 8562 8550 8555
f 8560 8550 8562
f 8563 8551 8549
f 8563 8549 8561
f 8564 8555 8551
f 8562 8555 8564
f 8565 8552 8554
f 8566 8553 8552
f 8566 8552 8565
f 8567 8554 8556
f 8565 8554 8567
f 8564 8551 8563
f 8568 8556 8558
f 8567 8556 8568
f 8569 8557 8553
f 8569 8553 8566
f 8570 8558 8560
f 8568 8558 8570
f 8571 8559 8557
f 8571 8557 8569
f 8572 8560 8562
f 8570 8560 8572
f 8573 8561 8559
f 8573 8559 8571
f 8574 8562 8564
f 8572 8562 8574
f 8575 8563 8561
f 8575 8561 8573
f 8576 8564 8563
f 8576 8563 8575
f 8574 8564 8576
f 8577 8565 8567
f 8578 8567 8568
f 8577 8567 8578
f 8579 8566 8565
f 8579 8565 8577
f 8580 8568 8570
f 8578 8568 8580
f 8581 8569 8566
f 8581 8566 8579
f 8582 8570 8572
f 8580 8570 8582
f 8583 8571 8569
f 8583 8569 8581
f 8584 8572 8574
f 8582 8572 8584
f 8585 8573 8571
f 8585 8571 8583
f 8586 8574 8576
f 8584 8574 8586
f 8587 8575 8573
f 8587 8573 8585
f 8588 8576 8575
f 8586 8576 8588
f 8588 8575 8587
f 8589 8577 8578
f 8590 8578 8580
f 8589 8578 8590
f 8591 8579 8577
f 8591 8577 8589
f 8592 8580 8582
f 8590 8580 8592
f 8593 8581 8579
f 8593 8579 8591
f 8594 8582 8584
f 8592 8582 8594
f 8595 8583 8581
f 8595 8581 8593
f 8596 8584 8586
f 8594 8584 8596
f 8597 8585 8583
f 8597 8583 8595
f 8598 8586 8588
f 8596 8586 8598
f 8599 8587 8585
f 8599 8585 8597
f 8600 8588 8587
f 8598 8588 8600
f 8600 8587 8599
f 8601 8589 8590
f 8602 8590 8592
f 8601 8590 8602
f 8603 8591 8589
f 8603 8589 8601
f 8604 8592 8594
f 8602 8592 8604
f 8605 8593 8591
f 8605 8591 8603
f 8606 8595 8593
f 8606 8593 8605
f 8607 8594 8596
f 8604 8594 8607
f 8608 8596 8598
f 8607 8596 8608
f 8609 8597 8595
f 8609 8595 8606
f 8610 8598 8600
f 8608 8598 8610
f 8611 8599 8597
f 8611 8597 8609
f 8612 8600 8599
f 8610 8600 8612
f 8612 8599 8611
f 8613 8601 8602
f 8614 8602 8604
f 8613 8602 8614
f 8615 8603 8601
f 8615 8601 8613
f 8616 8605 8603
f 8616 8603 8615
f 8617 8606 8605
f 8617 8605 8616
f 8618 8604 8607
f 8614 8604 8618
f 8619 8607 8608
f 8618 8607 8619
f 8620 8609 8606
f 8620 8606 8617
f 8621 8608 8610
f 8619 8608 8621
f 8622 8611 8609
f 8622 8609 8620
f 8623 8612 8611
f 8624 8610 8612
f 8624 8612 8623
f 8623 8611 8622
f 8621 8610 8624
f 8615 8613 8614
f 8616 8614 8618
f 8615 8614 8616
f 8616 8618 8617
f 8617 8618 8619
f 8617 8619 8620
f 8620 8619 8621
f 8620 8621 8622
f 8622 8621 8624
f 8622 8624 8623
f 8625 8626 8627
f 8628 8627 8626
f 8629 8630 8626
f 8631 8626 8630
f 8629 8626 8625
f 8628 8626 8631
f 8632 8627 8633
f 8634 8633 8627
f 8625 8627 8632
f 8634 8627 8628
f 8635 8636 8630
f 8637 8630 8636
f 8635 8630 8629
f 8631 8630 8637
f 8638 8633 8639
f 8640 8639 8633
f 8632 8633 8638
f 8640 8633 8634
f 8641 8636 8635
f 8642 8636 8641
f 8637 8636 8642
f 8643 8638 8639
f 8643 8639 8640
f 8644 8641 8635
f 8642 8641 8644
f 8645 8632 8638
f 8645 8638 8643
f 8646 8635 8629
f 8644 8635 8646
f 8647 8625 8632
f 8647 8632 8645
f 8648 8629 8625
f 8646 8629 8648
f 8648 8625 8647
f 8649 8628 8631
f 8650 8634 8628
f 8650 8628 8649
f 8651 8631 8637
f 8649 8631 8651
f 8652 8637 8642
f 8651 8637 8652
f 8653 8642 8644
f 8652 8642 8653
f 8654 8640 8634
f 8654 8634 8650
f 8655 8644 8646
f 8653 8644 8655
f 8656 8643 8640
f 8656 8640 8654
f 8657 8646 8648
f 8655 8646 8657
f 8658 8645 8643
f 8658 8643 8656
f 8659 8647 8645
f 8659 8645 8658
f 8660 8648 8647
f 8660 8647 8659
f 8657 8648 8660
f 8661 8649 8651
f 8662 8650 8649
f 8662 8649 8661
f 8663 8651 8652
f 8661 8651 8663
f 8664 8652 8653
f 8663 8652 8664
f 8665 8653 8655
f 8664 8653 8665
f 8666 8654 8650
f 8666 8650 8662
f 8667 8655 8657
f 8665 8655 8667
f 8668 8656 8654
f 8668 8654 8666
f 8669 8657 8660
f 8667 8657 8669
f 8670 8658 8656
f 8670 8656 8668
f 8671 8660 8659
f 8669 8660 8671
f 8672 8659 8658
f 8672 8658 8670
f 8671 8659 8672
f 8673 8663 8664
f 8674 8661 8663
f 8674 8663 8673
f 8675 8664 8665
f 8673 8664 8675
f 8676 8662 8661
f 8676 8661 8674
f 8677 8665 8667
f 8675 8665 8677
f 8678 8666 8662
f 8678 8662 8676
f 8679 8667 8669
f 8677 8667 8679
f 8680 8668 8666
f 8680 8666 8678
f 8681 8669 8671
f 8679 8669 8681
f 8682 8670 8668
f 8682 8668 8680
f 8683 8671 8672
f 8681 8671 8683
f 8684 8672 8670
f 8684 8670 8682
f 8683 8672 8684
f 8685 8673 8675
f 8686 8674 8673
f 8686 8673 8685
f 8687 8675 8677
f 8685 8675 8687
f 8688 8676 8674
f 8688 8674 8686
f 8689 8677 8679
f 8687 8677 8689
f 8690 8678 8676
f 8690 8676 8688
f 8691 8679 8681
f 8689 8679 8691
f 8692 8680 8678
f 8692 8678 8690
f 8693 8681 8683
f 8691 8681 8693
f 8694 8682 8680
f 8694 8680 8692
f 8695 8683 8684
f 8693 8683 8695
f 8696 8684 8682
f 8696 8682 8694
f 8695 8684 8696
f 8697 8685 8687
f 8698 8686 8685
f 8698 8685 8697
f 8699 8687 8689
f 8697 8687 8699
f 8700 8688 8686
f 8700 8686 8698
f 8701 8689 8691
f 8699 8689 8701
f 8702 8690 8688
f 8702 8688 8700
f 8703 8691 8693
f 8701 8691 8703
f 8704 8692 8690
f 8704 8690 8702
f 8705 8693 8695
f 8703 8693 8705
f 8706 8694 8692
f 8706 8692 8704
f 8707 8695 8696
f 8705 8695 8707
f 8708 8696 8694
f 8708 8694 8706
f 8707 8696 8708
f 8709 8697 8699
f 8710 8698 8697
f 8710 8697 8709
f 8711 8699 8701
f 8709 8699 8711
f 8712 8701 8703
f 8711 8701 8712
f 8713 8700 8698
f 8713 8698 8710
f 8714 8703 8705
f 8712 8703 8714
f 8715 8702 8700
f 8715 8700 8713
f 8716 8705 8707
f 8714 8705 8716
f 8717 8704 8702
f 8717 8702 8715
f 8718 8707 8708
f 8716 8707 8718
f 8719 8706 8704
f 8719 8704 8717
f 8720 8708 8706
f 8720 8706 8719
f 8718 8708 8720
f 8721 8709 8711
f 8722 8710 8709
f 8722 8709 8721
f 8723 8711 8712
f 8721 8711 8723
f 8724 8712 8714
f 8723 8712 8724
f 8725 8713 8710
f 8725 8710 8722
f 8726 8714 8716
f 8724 8714 8726
f 8727 8715 8713
f 8727 8713 8725
f 8728 8716 8718
f 8726 8716 8728
f 8729 8717 8715
f 8729 8715 8727
f 8730 8718 8720
f 8728 8718 8730
f 8731 8719 8717
f 8731 8717 8729
f 8732 8720 8719
f 8732 8719 8731
f 8730 8720 8732
f 8733 8721 8723
f 8734 8723 8724
f 8733 8723 8734
f 8735 8722 8721
f 8735 8721 8733
f 8736 8724 8726
f 8734 8724 8736
f 8737 8725 8722
f 8737 8722 8735
f 8738 8726 8728
f 8736 8726 8738
f 8739 8727 8725
f 8739 8725 8737
f 8740 8728 8730
f 8738 8728 8740
f 8741 8729 8727
f 8741 8727 8739
f 8742 8730 8732
f 8740 8730 8742
f 8743 8731 8729
f 8743 8729 8741
f 8744 8732 8731
f 8744 8731 8743
f 8742 8732 8744
f 8745 8733 8734
f 8746 8734 8736
f 8745 8734 8746
f 8747 8735 8733
f 8747 8733 8745
f 8748 8736 8738
f 8746 8736 8748
f 8749 8737 8735
f 8749 8735 8747
f 8750 8738 8740
f 8748 8738 8750
f 8751 8739 8737
f 8751 8737 8749
f 8752 8740 8742
f 8750 8740 8752
f 8753 8741 8739
f 8753 8739 8751
f 8754 8742 8744
f 8752 8742 8754
f 8755 8743 8741
f 8755 8741 8753
f 8756 8744 8743
f 8756 8743 8755
f 8754 8744 8756
f 8757 8745 8746
f 8758 8746 8748
f 8757 8746 8758
f 8759 8747 8745
f 8759 8745 8757
f 8760 8748 8750
f 8758 8748 8760
f 8761 8749 8747
f 8761 8747 8759
f 8762 8750 8752
f 8760 8750 8762
f 8763 8751 8749
f 8763 8749 8761
f 8764 8752 8754
f 8762 8752 8764
f 8765 8753 8751
f 8765 8751 8763
f 8766 8754 8756
f 8764 8754 8766
f 8767 8755 8753
f 8767 8753 8765
f 8768 8756 8755
f 8766 8756 8768
f 8768 8755 8767
f 8769 8758 8760
f 8770 8757 8758
f 8770 8758 8769
f 8771 8760 8762
f 8769 8760 8771
f 8772 8759 8757
f 8772 8757 8770
f 8773 8762 8764
f 8771 8762 8773
f 8774 8761 8759
f 8774 8759 8772
f 8775 8764 8766
f 8773 8764 8775
f 8776 8763 8761
f 8776 8761 8774
f 8777 8766 8768
f 8775 8766 8777
f 8778 8765 8763
f 8778 8763 8776
f 8779 8768 8767
f 8777 8768 8779
f 8780 8767 8765
f 8780 8765 8778
f 8779 8767 8780
f 8781 8769 8771
f 8782 8770 8769
f 8782 8769 8781
f 8783 8771 8773
f 8781 8771 8783
f 8784 8772 8770
f 8784 8770 8782
f 8785 8773 8775
f 8783 8773 8785
f 8786 8774 8772
f 8786 8772 8784
f 8787 8775 8777
f 8785 8775 8787
f 8788 8776 8774
f 8788 8774 8786
f 8789 8777 8779
f 8787 8777 8789
f 8790 8778 8776
f 8790 8776 8788
f 8791 8780 8778
f 8791 8778 8790
f 8792 8779 8780
f 8792 8780 8791
f 8789 8779 8792
f 8793 8781 8783
f 8794 8782 8781
f 8794 8781 8793
f 8795 8783 8785
f 8793 8783 8795
f 8796 8784 8782
f 8796 8782 8794
f 8797 8785 8787
f 8795 8785 8797
f 8798 8786 8784
f 8798 8784 8796
f 8799 8787 8789
f 8797 8787 8799
f 8800 8788 8786
f 8800 8786 8798
f 8801 8789 8792
f 8799 8789 8801
f 8802 8790 8788
f 8802 8788 8800
f 8803 8792 8791
f 8801 8792 8803
f 8804 8791 8790
f 8804 8790 8802
f 8803 8791 8804
f 8805 8793 8795
f 8806 8794 8793
f 8806 8793 8805
f 8807 8795 8797
f 8805 8795 8807
f 8808 8796 8794
f 8808 8794 8806
f 8809 8797 8799
f 8807 8797 8809
f 8810 8798 8796
f 8810 8796 8808
f 8811 8799 8801
f 8809 8799 8811
f 8812 8800 8798
f 8812 8798 8810
f 8813 8801 8803
f 8811 8801 8813
f 8814 8802 8800
f 8814 8800 8812
f 8815 8803 8804
f 8813 8803 8815
f 8816 8804 8802
f 8816 8802 8814
f 8815 8804 8816
f 8817 8805 8807
f 8818 8806 8805
f 8818 8805 8817
f 8819 8807 8809
f 8817 8807 8819
f 8820 8808 8806
f 8820 8806 8818
f 8821 8809 8811
f 8819 8809 8821
f 8822 8810 8808
f 8822 8808 8820
f 8823 8811 8813
f 8821 8811 8823
f 8824 8813 8815
f 8823 8813 8824
f 8825 8812 8810
f 8825 8810 8822
f 8826 8814 8812
f 8826 8812 8825
f 8827 8816 8814
f 8827 8814 8826
f 8828 8815 8816
f 8828 8816 8827
f 8824 8815 8828
f 8829 8817 8819
f 8830 8818 8817
f 8830 8817 8829
f 8831 8819 8821
f 8829 8819 8831
f 8832 8820 8818
f 8832 8818 8830
f 8833 8821 8823
f 8831 8821 8833
f 8834 8823 8824
f 8833 8823 8834
f 8835 8822 8820
f 8835 8820 8832
f 8836 8824 8828
f 8834 8824 8836
f 8837 8825 8822
f 8837 8822 8835
f 8838 8826 8825
f 8838 8825 8837
f 8839 8828 8827
f 8836 8828 8839
f 8840 8827 8826
f 8840 8826 8838
f 8839 8827 8840
f 8841 8829 8831
f 8842 8830 8829
f 8842 8829 8841
f 8843 8831 8833
f 8841 8831 8843
f 8844 8833 8834
f 8843 8833 8844
f 8845 8832 8830
f 8845 8830 8842
f 8846 8834 8836
f 8844 8834 8846
f 8847 8835 8832
f 8847 8832 8845
f 8848 8836 8839
f 8846 8836 8848
f 8849 8837 8835
f 8849 8835 8847
f 8850 8839 8840
f 8848 8839 8850
f 8851 8838 8837
f 8851 8837 8849
f 8852 8840 8838
f 8852 8838 8851
f 8850 8840 8852
f 8853 8841 8843
f 8854 8842 8841
f 8854 8841 8853
f 8855 8843 8844
f 8853 8843 8855
f 8856 8844 8846
f 8855 8844 8856
f 8857 8845 8842
f 8857 8842 8854
f 8858 8846 8848
f 8856 8846 8858
f 8859 8847 8845
f 8859 8845 8857
f 8860 8848 8850
f 8858 8848 8860
f 8861 8849 8847
f 8861 8847 8859
f 8862 8851 8849
f 8862 8849 8861
f 8863 8850 8852
f 8860 8850 8863
f 8864 8852 8851
f 8864 8851 8862
f 8863 8852 8864
f 8865 8853 8855
f 8866 8854 8853
f 8866 8853 8865
f 8867 8855 8856
f 8865 8855 8867
f 8868 8856 8858
f 8867 8856 8868
f 8869 8857 8854
f 8869 8854 8866
f 8870 8858 8860
f 8868 8858 8870
f 8871 8859 8857
f 8871 8857 8869
f 8872 8860 8863
f 8870 8860 8872
f 8873 8861 8859
f 8873 8859 8871
f 8874 8863 8864
f 8872 8863 8874
f 8875 8862 8861
f 8875 8861 8873
f 8876 8864 8862
f 8876 8862 8875
f 8874 8864 8876
f 8877 8865 8867
f 8878 8866 8865
f 8878 8865 8877
f 8879 8867 8868
f 8877 8867 8879
f 8880 8868 8870
f 8879 8868 8880
f 8881 8869 8866
f 8881 8866 8878
f 8882 8870 8872
f 8880 8870 8882
f 8883 8871 8869
f 8883 8869 8881
f 8884 8872 8874
f 8882 8872 8884
f 8885 8873 8871
f 8885 8871 8883
f 8886 8874 8876
f 8884 8874 8886
f 8887 8875 8873
f 8887 8873 8885
f 8888 8876 8875
f 8888 8875 8887
f 8886 8876 8888
f 8889 8877 8879
f 8890 8878 8877
f 8890 8877 8889
f 8891 8879 8880
f 8889 8879 8891
f 8892 8880 8882
f 8891 8880 8892
f 8893 8881 8878
f 8893 8878 8890
f 8894 8882 8884
f 8892 8882 8894
f 8895 8883 8881
f 8895 8881 8893
f 8896 8884 8886
f 8894 8884 8896
f 8897 8885 8883
f 8897 8883 8895
f 8898 8886 8888
f 8896 8886 8898
f 8899 8887 8885
f 8899 8885 8897
f 8900 8888 8887
f 8898 8888 8900
f 8900 8887 8899
f 8901 8889 8891
f 8902 8890 8889
f 8902 8889 8901
f 8903 8891 8892
f 8901 8891 8903
f 8904 8892 8894
f 8903 8892 8904
f 8905 8893 8890
f 8905 8890 8902
f 8906 8894 8896
f 8904 8894 8906
f 8907 8895 8893
f 8907 8893 8905
f 8908 8896 8898
f 8906 8896 8908
f 8909 8897 8895
f 8909 8895 8907
f 8910 8898 8900
f 8908 8898 8910
f 8911 8899 8897
f 8911 8897 8909
f 8912 8900 8899
f 8912 8899 8911
f 8910 8900 8912
f 8913 8902 8901
f 8914 8905 8902
f 8914 8902 8913
f 8915 8901 8903
f 8913 8901 8915
f 8916 8903 8904
f 8915 8903 8916
f 8917 8904 8906
f 8916 8904 8917
f 8918 8906 8908
f 8917 8906 8918
f 8919 8908 8910
f 8918 8908 8919
f 8920 8907 8905
f 8920 8905 8914
f 8921 8909 8907
f 8921 8907 8920
f 8922 8911 8909
f 8922 8909 8921
f 8923 8912 8911
f 8923 8911 8922
f 8924 8910 8912
f 8924 8912 8923
f 8919 8910 8924
f 8915 8920 8913
f 8913 8920 8914
f 8916 8921 8915
f 8915 8921 8920
f 8917 8922 8916
f 8916 8922 8921
f 8918 8923 8917
f 8917 8923 8922
f 8919 8924 8918
f 8918 8924 8923
