# 
# Wavefront OBJ file
# Created with Kaydara FBX
# 
mtllib c:\users\tjvan\onedrive\documenten\fontys\minor\nx\.mtlmodels\superior_medial_genicular_vein.r.obj

g Superior_medial_genicular_vein_r
v -0.082223 0.465714 0.008833
v -0.084700 0.466311 0.009528
v -0.084693 0.466301 0.009560
v -0.082224 0.465741 0.008806
v -0.084702 0.466335 0.009504
v -0.082216 0.465704 0.008869
v -0.084682 0.466309 0.009590
v -0.082205 0.465713 0.008905
v -0.084670 0.466332 0.009612
v -0.082218 0.465777 0.008794
v -0.084697 0.466366 0.009495
v -0.082192 0.465739 0.008930
v -0.084661 0.466363 0.009619
v -0.082207 0.465813 0.008803
v -0.084688 0.466398 0.009502
v -0.082182 0.465775 0.008938
v -0.084656 0.466395 0.009610
v -0.082195 0.465839 0.008828
v -0.084676 0.466420 0.009524
v -0.082176 0.465811 0.008927
v -0.084658 0.466419 0.009586
v -0.082183 0.465848 0.008863
v -0.084665 0.466428 0.009555
v -0.082176 0.465838 0.008900
v -0.084430 0.495717 -0.037439
v -0.082315 0.494477 -0.036416
v -0.084501 0.495215 -0.037641
v -0.082216 0.494103 -0.036805
v -0.084414 0.494847 -0.038035
v -0.084222 0.496218 -0.037484
v -0.082263 0.494988 -0.036223
v -0.081993 0.493968 -0.037288
v -0.084193 0.494713 -0.038515
v -0.083930 0.496586 -0.037762
v -0.082074 0.495500 -0.036280
v -0.081705 0.494106 -0.037734
v -0.083897 0.494847 -0.038953
v -0.083634 0.496720 -0.038201
v -0.081799 0.495876 -0.036570
v -0.081430 0.494482 -0.038024
v -0.083606 0.495215 -0.039232
v -0.083413 0.496586 -0.038681
v -0.081511 0.496014 -0.037016
v -0.081241 0.494994 -0.038080
v -0.083397 0.495717 -0.039276
v -0.083326 0.496218 -0.039074
v -0.081288 0.495879 -0.037498
v -0.081189 0.495505 -0.037888
v -0.080184 0.493871 -0.035255
v -0.080077 0.493493 -0.035644
v -0.080146 0.494390 -0.035069
v -0.080158 0.465207 0.008341
v -0.080158 0.465237 0.008310
v -0.080152 0.465196 0.008382
v -0.080141 0.465206 0.008423
v -0.080150 0.465277 0.008297
v -0.080128 0.465236 0.008451
v -0.080139 0.465318 0.008307
v -0.080116 0.465276 0.008461
v -0.080126 0.465347 0.008335
v -0.080109 0.465317 0.008448
v -0.080114 0.465358 0.008376
v -0.080108 0.465347 0.008417
v -0.079856 0.493358 -0.036131
v -0.079974 0.494910 -0.035136
v -0.079578 0.493501 -0.036586
v -0.079715 0.495293 -0.035438
v -0.079318 0.493884 -0.036887
v -0.079437 0.495436 -0.035893
v -0.079147 0.494404 -0.036954
v -0.079215 0.495300 -0.036380
v -0.079109 0.494922 -0.036768
v -0.078089 0.493360 -0.034170
v -0.077982 0.492980 -0.034561
v -0.078438 0.464787 0.008009
v -0.078437 0.464820 0.007975
v -0.078433 0.464775 0.008056
v -0.078423 0.464787 0.008101
v -0.078428 0.464865 0.007961
v -0.078416 0.464910 0.007971
v -0.078403 0.464944 0.008003
v -0.078059 0.493883 -0.033988
v -0.078410 0.464821 0.008133
v -0.078398 0.464866 0.008143
v -0.078390 0.464911 0.008129
v -0.078393 0.464956 0.008048
v -0.078388 0.464944 0.008094
v -0.077767 0.492845 -0.035055
v -0.077901 0.494410 -0.034062
v -0.077502 0.492993 -0.035520
v -0.077657 0.494799 -0.034374
v -0.077258 0.493382 -0.035832
v -0.077392 0.494947 -0.034839
v -0.077100 0.493909 -0.035907
v -0.077177 0.494812 -0.035333
v -0.077070 0.494432 -0.035724
v -0.076998 0.464453 0.007794
v -0.076994 0.464440 0.007845
v -0.076995 0.464489 0.007756
v -0.076985 0.464454 0.007895
v -0.076987 0.464539 0.007741
v -0.076972 0.464491 0.007931
v -0.076975 0.464589 0.007752
v -0.076960 0.464541 0.007942
v -0.076962 0.464625 0.007788
v -0.076952 0.464590 0.007927
v -0.076953 0.464639 0.007838
v -0.076949 0.464627 0.007889
v -0.076015 0.492904 -0.033171
v -0.075915 0.492524 -0.033568
v -0.075986 0.493431 -0.032988
v -0.075714 0.492392 -0.034072
v -0.075836 0.493963 -0.033067
v -0.075464 0.492544 -0.034548
v -0.075605 0.494358 -0.033388
v -0.075234 0.492938 -0.034869
v -0.075356 0.494510 -0.033864
v -0.075084 0.493471 -0.034948
v -0.075154 0.494378 -0.034368
v -0.075055 0.493998 -0.034765
v -0.075771 0.464202 0.007652
v -0.075767 0.464188 0.007708
v -0.075768 0.464241 0.007611
v -0.075759 0.464203 0.007763
v -0.075760 0.464296 0.007594
v -0.075747 0.464244 0.007802
v -0.075749 0.464350 0.007607
v -0.075736 0.464299 0.007815
v -0.075738 0.464391 0.007646
v -0.075729 0.464353 0.007798
v -0.075730 0.464407 0.007701
v -0.075726 0.464393 0.007756
v -0.073946 0.492466 -0.032269
v -0.073862 0.492087 -0.032675
v -0.073909 0.492994 -0.032081
v -0.073680 0.491959 -0.033191
v -0.073761 0.493530 -0.032163
v -0.074690 0.464031 0.007540
v -0.074686 0.464016 0.007600
v -0.074690 0.464074 0.007495
v -0.074677 0.464033 0.007660
v -0.074685 0.464134 0.007478
v -0.074677 0.464194 0.007492
v -0.074667 0.464077 0.007702
v -0.074659 0.464137 0.007717
v -0.074667 0.464238 0.007535
v -0.074654 0.464197 0.007699
v -0.074658 0.464255 0.007594
v -0.074653 0.464240 0.007654
v -0.073448 0.492116 -0.033678
v -0.073542 0.493930 -0.032491
v -0.073229 0.492516 -0.034007
v -0.073310 0.494087 -0.032978
v -0.073082 0.493052 -0.034088
v -0.073128 0.493959 -0.033494
v -0.073045 0.493580 -0.033900
v -0.073693 0.463940 0.007414
v -0.073684 0.463924 0.007479
v -0.073698 0.463987 0.007366
v -0.073673 0.463942 0.007542
v -0.073698 0.464051 0.007348
v -0.073664 0.463989 0.007588
v -0.073692 0.464116 0.007364
v -0.073659 0.464054 0.007604
v -0.073683 0.464164 0.007410
v -0.073659 0.464119 0.007586
v -0.073673 0.464182 0.007474
v -0.073664 0.464166 0.007538
v -0.071865 0.492007 -0.031474
v -0.071806 0.491632 -0.031892
v -0.071811 0.492535 -0.031279
v -0.071650 0.491509 -0.032421
v -0.071659 0.493073 -0.031359
v -0.072713 0.463926 0.007231
v -0.072697 0.463908 0.007299
v -0.072725 0.463976 0.007181
v -0.072682 0.463927 0.007367
v -0.072732 0.464045 0.007163
v -0.072673 0.463979 0.007416
v -0.072730 0.464115 0.007181
v -0.072671 0.464048 0.007434
v -0.072720 0.464166 0.007230
v -0.072677 0.464117 0.007415
v -0.072705 0.464186 0.007298
v -0.072690 0.464168 0.007366
v -0.071439 0.491671 -0.032920
v -0.071449 0.493478 -0.031693
v -0.071229 0.492076 -0.033254
v -0.071237 0.493640 -0.032192
v -0.071076 0.492614 -0.033334
v -0.071081 0.493517 -0.032721
v -0.071022 0.493142 -0.033139
v -0.071686 0.463986 0.006948
v -0.071662 0.463968 0.007018
v -0.071707 0.464039 0.006897
v -0.071641 0.463988 0.007089
v -0.071720 0.464113 0.006879
v -0.071629 0.464043 0.007141
v -0.071720 0.464187 0.006899
v -0.071630 0.464117 0.007161
v -0.071709 0.464241 0.006951
v -0.071643 0.464191 0.007143
v -0.071688 0.464262 0.007022
v -0.071664 0.464244 0.007092
v -0.069732 0.491120 -0.031228
v -0.069758 0.491490 -0.030797
v -0.069608 0.491005 -0.031771
v -0.069678 0.492014 -0.030593
v -0.070595 0.464330 0.006474
v -0.070593 0.464251 0.006453
v -0.070581 0.464388 0.006529
v -0.070575 0.464174 0.006470
v -0.070554 0.464411 0.006602
v -0.070546 0.464118 0.006522
v -0.070521 0.464392 0.006674
v -0.070513 0.464099 0.006594
v -0.070486 0.464122 0.006667
v -0.070492 0.464336 0.006726
v -0.070474 0.464259 0.006743
v -0.069418 0.491174 -0.032279
v -0.069514 0.492553 -0.030670
v -0.070472 0.464181 0.006722
v -0.069213 0.491582 -0.032617
v -0.069309 0.492961 -0.031008
v -0.069049 0.492121 -0.032694
v -0.069119 0.493131 -0.031516
v -0.068969 0.492645 -0.032490
v -0.068995 0.493015 -0.032059
v -0.069287 0.464543 0.005862
v -0.069284 0.464460 0.005839
v -0.069269 0.464605 0.005919
v -0.069262 0.464378 0.005856
v -0.069235 0.464630 0.005994
v -0.069226 0.464320 0.005909
v -0.069195 0.464611 0.006068
v -0.069186 0.464301 0.005983
v -0.069160 0.464552 0.006121
v -0.069153 0.464326 0.006058
v -0.069137 0.464471 0.006138
v -0.069135 0.464388 0.006115
v -0.067623 0.490515 -0.030692
v -0.067608 0.490875 -0.030248
v -0.067535 0.490409 -0.031247
v -0.067494 0.491393 -0.030034
v -0.067367 0.490586 -0.031764
v -0.067311 0.491930 -0.030107
v -0.067164 0.490998 -0.032104
v -0.067109 0.492342 -0.030448
v -0.067725 0.464824 0.005017
v -0.067724 0.464736 0.004994
v -0.067703 0.464890 0.005075
v -0.067701 0.464650 0.005012
v -0.067665 0.464917 0.005153
v -0.067662 0.464589 0.005067
v -0.067620 0.464897 0.005230
v -0.066982 0.491535 -0.032178
v -0.067617 0.464569 0.005144
v -0.067581 0.464836 0.005285
v -0.067579 0.464596 0.005221
v -0.067558 0.464750 0.005303
v -0.067557 0.464662 0.005280
v -0.066941 0.492518 -0.030965
v -0.066867 0.492053 -0.031964
v -0.066853 0.492413 -0.031520
v -0.064279 0.465286 0.003047
v -0.064286 0.465171 0.003021
v -0.064245 0.465372 0.003120
v -0.064263 0.465059 0.003049
v -0.064193 0.465407 0.003219
v -0.064218 0.464979 0.003122
v -0.064137 0.465381 0.003319
v -0.064161 0.464953 0.003222
v -0.064091 0.465302 0.003393
v -0.065461 0.489780 -0.030291
v -0.065411 0.489686 -0.030856
v -0.065400 0.490126 -0.029836
v -0.064109 0.464988 0.003322
v -0.064068 0.465189 0.003421
v -0.064075 0.465075 0.003395
v -0.065264 0.489872 -0.031380
v -0.065246 0.490633 -0.029614
v -0.065060 0.490286 -0.031723
v -0.065039 0.491165 -0.029683
v -0.064853 0.490818 -0.031792
v -0.064835 0.491580 -0.030026
v -0.064699 0.491325 -0.031570
v -0.064689 0.491765 -0.030550
v -0.064639 0.491672 -0.031115
v -0.063214 0.488798 -0.030607
v -0.063226 0.488875 -0.030034
v -0.063087 0.488992 -0.031137
v -0.063118 0.489205 -0.029572
v -0.062879 0.489407 -0.031481
v -0.062920 0.489698 -0.029343
v -0.062644 0.489931 -0.031548
v -0.062685 0.490222 -0.029410
v -0.062446 0.490424 -0.031319
v -0.062477 0.490637 -0.029754
v -0.062338 0.490754 -0.030856
v -0.062350 0.490832 -0.030283
v -0.061315 0.465330 0.001397
v -0.061336 0.465189 0.001373
v -0.061264 0.465436 0.001482
v -0.061322 0.465051 0.001414
v -0.061197 0.465479 0.001602
v -0.061276 0.464953 0.001510
v -0.061132 0.465448 0.001728
v -0.061212 0.464921 0.001635
v -0.061087 0.465349 0.001824
v -0.061145 0.464964 0.001756
v -0.061073 0.465212 0.001865
v -0.061094 0.465071 0.001841
v -0.060924 0.487704 -0.030508
v -0.060899 0.487765 -0.029931
v -0.060814 0.487908 -0.031042
v -0.060744 0.488074 -0.029463
v -0.060598 0.488323 -0.031388
v -0.060503 0.488550 -0.029231
v -0.060334 0.488836 -0.031454
v -0.060238 0.489064 -0.029297
v -0.060092 0.489312 -0.031222
v -0.060022 0.489478 -0.029643
v -0.059938 0.489622 -0.030754
v -0.059912 0.489682 -0.030176
v -0.058823 0.464879 -0.000002
v -0.058782 0.465044 0.000019
v -0.058824 0.464717 0.000056
v -0.058710 0.465168 0.000113
v -0.058783 0.464603 0.000177
v -0.058627 0.465219 0.000254
v -0.058711 0.464566 0.000328
v -0.058555 0.465182 0.000405
v -0.058628 0.464616 0.000470
v -0.058514 0.465067 0.000526
v -0.058556 0.464740 0.000563
v -0.058514 0.464906 0.000584
v -0.058497 0.486353 -0.030570
v -0.058416 0.486575 -0.031105
v -0.058429 0.486392 -0.029990
v -0.058208 0.486996 -0.031453
v -0.058231 0.486680 -0.029521
v -0.057928 0.487505 -0.031519
v -0.057954 0.487140 -0.029289
v -0.057651 0.487966 -0.031287
v -0.057674 0.487650 -0.029356
v -0.057453 0.488254 -0.030819
v -0.057466 0.488071 -0.029704
v -0.057385 0.488292 -0.030239
v -0.056696 0.464329 -0.001153
v -0.056714 0.464146 -0.001077
v -0.056629 0.464515 -0.001139
v -0.056680 0.464017 -0.000930
v -0.056532 0.464655 -0.001037
v -0.056602 0.463976 -0.000753
v -0.056431 0.464713 -0.000876
v -0.056501 0.464033 -0.000591
v -0.056353 0.464671 -0.000699
v -0.056405 0.464173 -0.000490
v -0.056319 0.464542 -0.000552
v -0.056338 0.464360 -0.000476
v -0.057370 0.485735 -0.030718
v -0.057332 0.485976 -0.031239
v -0.057260 0.485749 -0.030154
v -0.057156 0.486407 -0.031577
v -0.057031 0.486014 -0.029697
v -0.056889 0.486912 -0.031641
v -0.056745 0.486459 -0.029471
v -0.056603 0.487357 -0.031415
v -0.056479 0.486964 -0.029535
v -0.056375 0.487622 -0.030958
v -0.056303 0.487395 -0.029873
v -0.056265 0.487636 -0.030394
v -0.055995 0.485279 -0.031529
v -0.056002 0.485027 -0.031024
v -0.055846 0.485716 -0.031856
v -0.055867 0.485026 -0.030475
v -0.055597 0.486220 -0.031917
v -0.055625 0.485277 -0.030030
v -0.055314 0.486655 -0.031695
v -0.055341 0.485712 -0.029808
v -0.054901 0.463628 -0.002132
v -0.054939 0.463428 -0.002037
v -0.054807 0.463833 -0.002125
v -0.054911 0.463286 -0.001865
v -0.054684 0.463988 -0.002017
v -0.054826 0.463239 -0.001662
v -0.055072 0.486906 -0.031250
v -0.054563 0.464050 -0.001838
v -0.054705 0.463302 -0.001482
v -0.055092 0.486216 -0.029869
v -0.054477 0.464004 -0.001635
v -0.054581 0.463456 -0.001374
v -0.054936 0.486905 -0.030701
v -0.054450 0.463862 -0.001462
v -0.054488 0.463661 -0.001367
v -0.054944 0.486653 -0.030196
v -0.054452 0.484500 -0.031929
v -0.054447 0.484246 -0.031435
v -0.054317 0.484935 -0.032247
v -0.054304 0.484240 -0.030899
v -0.054078 0.485433 -0.032305
v -0.054061 0.484484 -0.030463
v -0.053799 0.485861 -0.032087
v -0.053782 0.484912 -0.030245
v -0.053556 0.486105 -0.031652
v -0.053544 0.485410 -0.030303
v -0.053413 0.486098 -0.031115
v -0.053440 0.462649 -0.002878
v -0.053387 0.462868 -0.002990
v -0.053408 0.485844 -0.030622
v -0.053415 0.462492 -0.002682
v -0.053269 0.463091 -0.002989
v -0.053318 0.462440 -0.002455
v -0.053119 0.463259 -0.002875
v -0.053176 0.462507 -0.002258
v -0.052977 0.463325 -0.002678
v -0.053026 0.462674 -0.002144
v -0.052880 0.463273 -0.002451
v -0.052908 0.462897 -0.002142
v -0.052855 0.463116 -0.002255
v -0.052743 0.483650 -0.032389
v -0.052738 0.483400 -0.031904
v -0.052611 0.484077 -0.032701
v -0.052378 0.484568 -0.032758
v -0.052598 0.483395 -0.031377
v -0.052107 0.484989 -0.032543
v -0.052361 0.483635 -0.030948
v -0.051870 0.485229 -0.032115
v -0.052090 0.484057 -0.030733
v -0.051857 0.484547 -0.030790
v -0.051730 0.485224 -0.031587
v -0.052161 0.461896 -0.003653
v -0.052102 0.462139 -0.003777
v -0.052128 0.461720 -0.003438
v -0.051725 0.484974 -0.031102
v -0.051969 0.462384 -0.003777
v -0.052014 0.461659 -0.003192
v -0.051796 0.462565 -0.003654
v -0.051848 0.461728 -0.002978
v -0.051630 0.462634 -0.003441
v -0.051675 0.461909 -0.002855
v -0.051516 0.462573 -0.003194
v -0.051542 0.462154 -0.002856
v -0.051484 0.462397 -0.002980
v -0.050903 0.482738 -0.032860
v -0.050907 0.482497 -0.032381
v -0.050768 0.483155 -0.033168
v -0.050538 0.483635 -0.033224
v -0.050779 0.482496 -0.031861
v -0.050276 0.484051 -0.033012
v -0.050553 0.482735 -0.031439
v -0.051042 0.461253 -0.004416
v -0.050998 0.461530 -0.004539
v -0.050986 0.461050 -0.004195
v -0.050864 0.461804 -0.004532
v -0.050290 0.483151 -0.031227
v -0.050050 0.484291 -0.032589
v -0.050843 0.460974 -0.003935
v -0.050677 0.462004 -0.004396
v -0.049922 0.484290 -0.032069
v -0.050653 0.461045 -0.003707
v -0.050061 0.483632 -0.031282
v -0.050486 0.462076 -0.004168
v -0.049926 0.484049 -0.031591
v -0.050466 0.461245 -0.003571
v -0.050343 0.461999 -0.003908
v -0.050332 0.461520 -0.003563
v -0.050287 0.461796 -0.003687
v -0.050025 0.460808 -0.005225
v -0.050021 0.461125 -0.005326
v -0.049920 0.460571 -0.005017
v -0.049911 0.461437 -0.005292
v -0.048967 0.481771 -0.033292
v -0.048987 0.481543 -0.032819
v -0.048823 0.482175 -0.033597
v -0.049735 0.460477 -0.004757
v -0.049723 0.461660 -0.005132
v -0.048878 0.481550 -0.032305
v -0.048594 0.482645 -0.033653
v -0.049507 0.461735 -0.004890
v -0.049520 0.460552 -0.004514
v -0.048669 0.481792 -0.031887
v -0.048341 0.483056 -0.033444
v -0.049322 0.461641 -0.004630
v -0.049332 0.460775 -0.004355
v -0.049218 0.461404 -0.004421
v -0.049221 0.461087 -0.004321
v -0.048416 0.482203 -0.031678
v -0.048132 0.483297 -0.033026
v -0.048187 0.482673 -0.031733
v -0.048023 0.483305 -0.032512
v -0.049116 0.461005 -0.006187
v -0.049050 0.460654 -0.006139
v -0.049053 0.461348 -0.006101
v -0.048874 0.460391 -0.005969
v -0.048879 0.461592 -0.005902
v -0.048043 0.483076 -0.032039
v -0.048635 0.460285 -0.005722
v -0.048641 0.461672 -0.005646
v -0.048396 0.460365 -0.005465
v -0.048401 0.461566 -0.005399
v -0.048222 0.460610 -0.005267
v -0.048225 0.461303 -0.005229
v -0.048160 0.460953 -0.005181
v -0.048214 0.461250 -0.007186
v -0.048208 0.461603 -0.007030
v -0.048071 0.460891 -0.007207
v -0.048056 0.461857 -0.006782
v -0.046969 0.480759 -0.033637
v -0.047012 0.480547 -0.033168
v -0.046811 0.481146 -0.033939
v -0.047818 0.460624 -0.007089
v -0.047798 0.461944 -0.006508
v -0.046929 0.480566 -0.032660
v -0.046580 0.481604 -0.033995
v -0.046741 0.480812 -0.032247
v -0.047523 0.460520 -0.006863
v -0.047503 0.461839 -0.006281
v -0.046339 0.482010 -0.033789
v -0.046499 0.481219 -0.032041
v -0.047264 0.460606 -0.006589
v -0.047250 0.461572 -0.006163
v -0.046151 0.482257 -0.033376
v -0.047112 0.460860 -0.006340
v -0.047107 0.461214 -0.006185
v -0.047282 0.462313 -0.008178
v -0.047249 0.461959 -0.008390
v -0.047142 0.462570 -0.007887
v -0.046269 0.481677 -0.032096
v -0.046067 0.482276 -0.032867
v -0.047051 0.461604 -0.008464
v -0.046866 0.462662 -0.007594
v -0.046111 0.482064 -0.032399
v -0.046742 0.461342 -0.008381
v -0.046528 0.462565 -0.007376
v -0.046404 0.461245 -0.008164
v -0.046219 0.462303 -0.007294
v -0.045992 0.463483 -0.009743
v -0.045859 0.463733 -0.009449
v -0.046128 0.461337 -0.007871
v -0.046022 0.461948 -0.007368
v -0.045950 0.463141 -0.009962
v -0.045587 0.463823 -0.009159
v -0.045988 0.461594 -0.007579
v -0.045745 0.462799 -0.010047
v -0.044942 0.479707 -0.033844
v -0.045015 0.479516 -0.033382
v -0.044764 0.480075 -0.034143
v -0.044965 0.479552 -0.032879
v -0.045248 0.463731 -0.008950
v -0.044529 0.480520 -0.034199
v -0.045431 0.462548 -0.009976
v -0.044804 0.479805 -0.032472
v -0.044300 0.480923 -0.033995
v -0.044934 0.463480 -0.008879
v -0.044575 0.480208 -0.032269
v -0.045092 0.462456 -0.009768
v -0.044139 0.481176 -0.033588
v -0.044341 0.480653 -0.032324
v -0.044729 0.463138 -0.008965
v -0.044089 0.481212 -0.033086
v -0.044820 0.462547 -0.009478
v -0.044163 0.481021 -0.032623
v -0.044687 0.462797 -0.009184
v -0.044732 0.464602 -0.011270
v -0.044599 0.464850 -0.010982
v -0.044693 0.464263 -0.011483
v -0.044329 0.464940 -0.010696
v -0.044492 0.463923 -0.011565
v -0.043995 0.464849 -0.010490
v -0.044184 0.463674 -0.011494
v -0.043687 0.464600 -0.010418
v -0.043850 0.463583 -0.011287
v -0.043031 0.478458 -0.033410
v -0.042919 0.478624 -0.033864
v -0.043021 0.478515 -0.032917
v -0.043486 0.464261 -0.010500
v -0.042715 0.478968 -0.034157
v -0.043580 0.463673 -0.011002
v -0.042892 0.478779 -0.032517
v -0.042473 0.479399 -0.034212
v -0.043447 0.463921 -0.010714
v -0.043521 0.465650 -0.012743
v -0.043387 0.465897 -0.012462
v -0.043486 0.465312 -0.012950
v -0.043120 0.465988 -0.012182
v -0.042678 0.479180 -0.032318
v -0.042260 0.479800 -0.034012
v -0.043291 0.464975 -0.013027
v -0.042437 0.479611 -0.032372
v -0.042791 0.465897 -0.011978
v -0.042131 0.480064 -0.033612
v -0.042988 0.464728 -0.012955
v -0.042233 0.479955 -0.032665
v -0.042121 0.480121 -0.033120
v -0.042488 0.465650 -0.011905
v -0.042658 0.464637 -0.012751
v -0.042292 0.465313 -0.011983
v -0.042391 0.464728 -0.012471
v -0.042366 0.466621 -0.014164
v -0.042230 0.466868 -0.013890
v -0.042257 0.464975 -0.012190
v -0.042335 0.466284 -0.014363
v -0.041964 0.466959 -0.013617
v -0.042145 0.465948 -0.014436
v -0.041638 0.466870 -0.013416
v -0.041092 0.477382 -0.033204
v -0.040934 0.477517 -0.033644
v -0.041131 0.477465 -0.032727
v -0.041848 0.465703 -0.014362
v -0.040698 0.477834 -0.033928
v -0.041039 0.477744 -0.032339
v -0.041341 0.466625 -0.013342
v -0.040448 0.478248 -0.033979
v -0.041522 0.465614 -0.014161
v -0.040842 0.478144 -0.032145
v -0.041151 0.466289 -0.013415
v -0.040250 0.478648 -0.033785
v -0.040592 0.478558 -0.032196
v -0.041256 0.465705 -0.013887
v -0.041269 0.467508 -0.015534
v -0.041130 0.467755 -0.015271
v -0.041243 0.467172 -0.015725
v -0.041120 0.465952 -0.013614
v -0.040159 0.478927 -0.033397
v -0.040864 0.467848 -0.015005
v -0.040356 0.478875 -0.032480
v -0.041060 0.466837 -0.015791
v -0.040197 0.479010 -0.032920
v -0.040543 0.467761 -0.014807
v -0.040769 0.466593 -0.015716
v -0.040251 0.467517 -0.014732
v -0.040447 0.466506 -0.015518
v -0.040068 0.467182 -0.014798
v -0.040235 0.468305 -0.016856
v -0.040093 0.468554 -0.016604
v -0.040181 0.466599 -0.015252
v -0.040216 0.467968 -0.017036
v -0.040043 0.466846 -0.014989
v -0.039826 0.468648 -0.016347
v -0.039233 0.476294 -0.032717
v -0.039326 0.476409 -0.032264
v -0.039021 0.476393 -0.033133
v -0.040041 0.467634 -0.017095
v -0.039276 0.476706 -0.031895
v -0.038749 0.476679 -0.033400
v -0.039508 0.468563 -0.016154
v -0.039097 0.477106 -0.031709
v -0.039755 0.467392 -0.017018
v -0.038488 0.477075 -0.033446
v -0.038836 0.477502 -0.031755
v -0.039222 0.468321 -0.016077
v -0.039437 0.467307 -0.016825
v -0.038309 0.477475 -0.033260
v -0.038563 0.477788 -0.032022
v -0.039047 0.467987 -0.016136
v -0.038259 0.477772 -0.032891
v -0.039270 0.469005 -0.018132
v -0.039121 0.469256 -0.017893
v -0.039259 0.468668 -0.018299
v -0.038352 0.477887 -0.032438
v -0.039170 0.467402 -0.016568
v -0.038853 0.469353 -0.017647
v -0.039028 0.467650 -0.016316
v -0.039091 0.468334 -0.018350
v -0.038538 0.469271 -0.017459
v -0.038812 0.468094 -0.018270
v -0.038259 0.469030 -0.017379
v -0.038496 0.468011 -0.018082
v -0.037618 0.475341 -0.031474
v -0.037497 0.475210 -0.031905
v -0.038376 0.469603 -0.019364
v -0.038221 0.469857 -0.019141
v -0.037587 0.475644 -0.031120
v -0.038375 0.469264 -0.019515
v -0.037257 0.475286 -0.032298
v -0.038091 0.468696 -0.017430
v -0.038228 0.468108 -0.017836
v -0.037950 0.469957 -0.018907
v -0.038217 0.468930 -0.019555
v -0.037413 0.476037 -0.030938
v -0.038080 0.468359 -0.017597
v -0.036962 0.475548 -0.032548
v -0.037636 0.469877 -0.018725
v -0.037143 0.476415 -0.030977
v -0.037944 0.468691 -0.019473
v -0.036692 0.475926 -0.032587
v -0.036848 0.476677 -0.031227
v -0.037364 0.469638 -0.018642
v -0.037631 0.468611 -0.019291
v -0.036518 0.476319 -0.032405
v -0.037560 0.470092 -0.020552
v -0.037570 0.469751 -0.020685
v -0.037395 0.470349 -0.020349
v -0.036608 0.476753 -0.031620
v -0.036487 0.476622 -0.032051
v -0.037206 0.469304 -0.018682
v -0.037360 0.468711 -0.019057
v -0.037422 0.469417 -0.020712
v -0.037120 0.470453 -0.020131
v -0.037204 0.468965 -0.018834
v -0.037157 0.469179 -0.020627
v -0.036808 0.470376 -0.019955
v -0.036844 0.469102 -0.020451
v -0.036542 0.470138 -0.019870
v -0.036942 0.474894 -0.031149
v -0.036842 0.474778 -0.031580
v -0.036825 0.470466 -0.021700
v -0.036848 0.470122 -0.021810
v -0.036649 0.470726 -0.021522
v -0.036890 0.475175 -0.030793
v -0.036617 0.474859 -0.031969
v -0.036712 0.469788 -0.021821
v -0.036700 0.475546 -0.030605
v -0.036368 0.470834 -0.021322
v -0.036569 0.469205 -0.020232
v -0.036395 0.469804 -0.019897
v -0.036326 0.475114 -0.032213
v -0.036405 0.469463 -0.020030
v -0.036454 0.469552 -0.021731
v -0.036422 0.475908 -0.030638
v -0.036056 0.470759 -0.021155
v -0.036049 0.475476 -0.032246
v -0.036265 0.474400 -0.030916
v -0.036195 0.474308 -0.031349
v -0.036183 0.474651 -0.030556
v -0.036142 0.469477 -0.021564
v -0.036175 0.470718 -0.022809
v -0.036213 0.470373 -0.022890
v -0.035798 0.470523 -0.021065
v -0.035986 0.470981 -0.022661
v -0.035992 0.474401 -0.031737
v -0.036132 0.476163 -0.030882
v -0.036091 0.470039 -0.022881
v -0.035971 0.474995 -0.030363
v -0.035859 0.475847 -0.032059
v -0.035697 0.471091 -0.022485
v -0.035711 0.474653 -0.031976
v -0.035907 0.476244 -0.031271
v -0.035861 0.469585 -0.021364
v -0.035662 0.470189 -0.021076
v -0.035807 0.476128 -0.031702
v -0.035840 0.469805 -0.022786
v -0.035686 0.475339 -0.030390
v -0.035685 0.469845 -0.021186
v -0.035386 0.471020 -0.022328
v -0.035426 0.474997 -0.032003
v -0.035573 0.473808 -0.031161
v -0.035634 0.473891 -0.030736
v -0.035621 0.470841 -0.023872
v -0.035669 0.470498 -0.023931
v -0.035423 0.471103 -0.023748
v -0.035374 0.473898 -0.031540
v -0.035538 0.474124 -0.030378
v -0.035529 0.469733 -0.022629
v -0.035405 0.475591 -0.030629
v -0.035554 0.470167 -0.023911
v -0.035135 0.470785 -0.022232
v -0.035214 0.475341 -0.031810
v -0.035128 0.471214 -0.023595
v -0.035088 0.474136 -0.031771
v -0.035313 0.474445 -0.030183
v -0.035202 0.475684 -0.031017
v -0.035240 0.469844 -0.022453
v -0.035132 0.475592 -0.031449
v -0.035307 0.469937 -0.023817
v -0.035013 0.470451 -0.022224
v -0.034792 0.474458 -0.031792
v -0.035051 0.470107 -0.022304
v -0.034808 0.471021 -0.025714
v -0.034855 0.470670 -0.025782
v -0.034815 0.471146 -0.023451
v -0.035005 0.473293 -0.030974
v -0.035075 0.473385 -0.030562
v -0.035017 0.474768 -0.030204
v -0.034603 0.471290 -0.025592
v -0.034789 0.473361 -0.031338
v -0.034730 0.470331 -0.025777
v -0.034994 0.469868 -0.023674
v -0.034982 0.473613 -0.030212
v -0.034294 0.471407 -0.025447
v -0.034567 0.474779 -0.031598
v -0.034732 0.475005 -0.030435
v -0.034568 0.470915 -0.023357
v -0.034486 0.473572 -0.031555
v -0.034467 0.470097 -0.025701
v -0.034749 0.473915 -0.030017
v -0.034699 0.469979 -0.023520
v -0.034471 0.475012 -0.031239
v -0.034532 0.475095 -0.030814
v -0.034453 0.470584 -0.023337
v -0.033964 0.471339 -0.025320
v -0.034177 0.473867 -0.031568
v -0.034517 0.472778 -0.030744
v -0.034615 0.472901 -0.030356
v -0.034501 0.470242 -0.023397
v -0.034269 0.472803 -0.031080
v -0.034440 0.474211 -0.030030
v -0.034137 0.470029 -0.025573
v -0.034537 0.473138 -0.030020
v -0.034281 0.471289 -0.027148
v -0.034318 0.470934 -0.027247
v -0.034074 0.471564 -0.027013
v -0.033701 0.471104 -0.025243
v -0.033938 0.472969 -0.031275
v -0.033945 0.474170 -0.031374
v -0.034304 0.473427 -0.029827
v -0.034174 0.470594 -0.027282
v -0.034137 0.474421 -0.030248
v -0.033828 0.470145 -0.025429
v -0.034134 0.472276 -0.030427
v -0.034270 0.472453 -0.030084
v -0.033751 0.471686 -0.026878
v -0.033576 0.470766 -0.025238
v -0.033851 0.474397 -0.031023
v -0.033846 0.472234 -0.030714
v -0.034217 0.472717 -0.029777
v -0.033921 0.474489 -0.030611
v -0.033623 0.470415 -0.025306
v -0.033612 0.473232 -0.031276
v -0.033889 0.470362 -0.027246
v -0.033978 0.473690 -0.029828
v -0.034003 0.471619 -0.028216
v -0.034030 0.471268 -0.028358
v -0.033401 0.471622 -0.026779
v -0.033988 0.472998 -0.029588
v -0.033794 0.471898 -0.028066
v -0.034047 0.472039 -0.029707
v -0.033880 0.471796 -0.029976
v -0.033482 0.472339 -0.030867
v -0.034016 0.472340 -0.029447
v -0.033868 0.470938 -0.028454
v -0.033379 0.473520 -0.031082
v -0.033538 0.470298 -0.027146
v -0.033560 0.471676 -0.030183
v -0.033647 0.473856 -0.030023
v -0.033457 0.472030 -0.027949
v -0.033955 0.471644 -0.029158
v -0.033780 0.471345 -0.029336
v -0.033933 0.471978 -0.028959
v -0.033795 0.472620 -0.029267
v -0.033719 0.472258 -0.028793
v -0.033646 0.473221 -0.029567
v -0.033115 0.471389 -0.026742
v -0.033139 0.472562 -0.030846
v -0.033301 0.473758 -0.030747
v -0.033399 0.473881 -0.030359
v -0.033558 0.470719 -0.028479
v -0.033455 0.471162 -0.029447
v -0.033173 0.471713 -0.030271
v -0.033216 0.470420 -0.027011
v -0.033371 0.472409 -0.028704
v -0.033444 0.472802 -0.029214
v -0.033085 0.471979 -0.027895
v -0.032972 0.471050 -0.026778
v -0.033282 0.473326 -0.029720
v -0.033009 0.470695 -0.026876
v -0.032911 0.472843 -0.030657
v -0.033186 0.470669 -0.028425
v -0.033066 0.471143 -0.029459
v -0.032822 0.471895 -0.030219
v -0.032982 0.472390 -0.028717
v -0.033056 0.472839 -0.029303
v -0.032775 0.471760 -0.027920
v -0.032993 0.473284 -0.030007
v -0.032858 0.473108 -0.030350
v -0.032850 0.470801 -0.028308
v -0.032718 0.471294 -0.029371
v -0.032601 0.472175 -0.030038
v -0.032613 0.471431 -0.028016
v -0.032657 0.472207 -0.028827
v -0.032736 0.472719 -0.029509
v -0.032640 0.471080 -0.028158
v -0.032570 0.472476 -0.029779
v -0.032504 0.471574 -0.029204
v -0.032482 0.471908 -0.029005
v -0.042556 0.432725 -0.014393
v -0.043102 0.430374 -0.015050
v -0.043085 0.430370 -0.015046
v -0.042587 0.432731 -0.014383
v -0.043119 0.430376 -0.015046
v -0.042524 0.432715 -0.014386
v -0.043073 0.430364 -0.015035
v -0.042611 0.432731 -0.014359
v -0.043132 0.430375 -0.015033
v -0.042502 0.432703 -0.014364
v -0.043069 0.430358 -0.015018
v -0.042620 0.432725 -0.014327
v -0.043137 0.430371 -0.015016
v -0.042494 0.432693 -0.014333
v -0.043074 0.430353 -0.015001
v -0.042612 0.432715 -0.014296
v -0.043133 0.430365 -0.015000
v -0.042503 0.432687 -0.014301
v -0.043087 0.430352 -0.014989
v -0.042590 0.432703 -0.014274
v -0.043121 0.430359 -0.014988
v -0.042527 0.432687 -0.014277
v -0.043104 0.430354 -0.014984
v -0.042558 0.432692 -0.014267
v -0.042040 0.434717 -0.013851
v -0.042028 0.434722 -0.013899
v -0.042028 0.434703 -0.013805
v -0.041995 0.434685 -0.013773
v -0.041950 0.434668 -0.013763
v -0.041994 0.434718 -0.013935
v -0.041905 0.434655 -0.013779
v -0.041949 0.434705 -0.013950
v -0.041871 0.434670 -0.013908
v -0.041904 0.434688 -0.013941
v -0.041859 0.434656 -0.013862
v -0.041871 0.434651 -0.013815
v -0.041398 0.436410 -0.013508
v -0.041354 0.436386 -0.013465
v -0.041414 0.436424 -0.013569
v -0.041400 0.436426 -0.013632
v -0.041296 0.436360 -0.013453
v -0.041359 0.436414 -0.013681
v -0.041238 0.436339 -0.013474
v -0.041301 0.436392 -0.013702
v -0.041197 0.436327 -0.013523
v -0.041243 0.436366 -0.013690
v -0.041183 0.436329 -0.013586
v -0.041200 0.436343 -0.013648
v -0.040739 0.437912 -0.013386
v -0.040762 0.437924 -0.013462
v -0.040684 0.437885 -0.013333
v -0.040748 0.437919 -0.013541
v -0.040613 0.437850 -0.013318
v -0.040700 0.437897 -0.013603
v -0.040544 0.437817 -0.013344
v -0.040631 0.437864 -0.013629
v -0.040496 0.437795 -0.013406
v -0.040560 0.437829 -0.013614
v -0.040482 0.437790 -0.013485
v -0.040505 0.437802 -0.013561
v -0.040103 0.439294 -0.013512
v -0.040071 0.439286 -0.013421
v -0.040090 0.439279 -0.013606
v -0.040004 0.439257 -0.013358
v -0.040037 0.439245 -0.013679
v -0.039919 0.439215 -0.013340
v -0.039957 0.439201 -0.013711
v -0.039839 0.439171 -0.013372
v -0.039872 0.439159 -0.013692
v -0.039785 0.439137 -0.013444
v -0.039804 0.439130 -0.013630
v -0.039773 0.439122 -0.013539
v -0.039456 0.440607 -0.013698
v -0.039445 0.440582 -0.013806
v -0.039415 0.440606 -0.013593
v -0.039334 0.440579 -0.013521
v -0.039386 0.440536 -0.013890
v -0.039233 0.440533 -0.013500
v -0.039294 0.440483 -0.013927
v -0.039142 0.440480 -0.013537
v -0.039194 0.440437 -0.013906
v -0.039082 0.440434 -0.013621
v -0.039113 0.440410 -0.013834
v -0.039072 0.440409 -0.013729
v -0.038841 0.441942 -0.013999
v -0.038790 0.441949 -0.013882
v -0.038832 0.441906 -0.014122
v -0.038694 0.441926 -0.013802
v -0.038765 0.441852 -0.014217
v -0.038577 0.441879 -0.013779
v -0.038660 0.441794 -0.014259
v -0.038471 0.441821 -0.013821
v -0.038543 0.441747 -0.014237
v -0.038405 0.441766 -0.013916
v -0.038446 0.441724 -0.014156
v -0.038396 0.441731 -0.014039
v -0.038275 0.443375 -0.014396
v -0.038266 0.443332 -0.014533
v -0.038215 0.443391 -0.014267
v -0.038103 0.443374 -0.014179
v -0.038191 0.443273 -0.014640
v -0.037968 0.443330 -0.014156
v -0.038070 0.443214 -0.014689
v -0.037847 0.443271 -0.014205
v -0.037935 0.443170 -0.014667
v -0.037772 0.443212 -0.014312
v -0.037823 0.443154 -0.014579
v -0.037763 0.443169 -0.014449
v -0.037775 0.444987 -0.014870
v -0.037765 0.444940 -0.015021
v -0.037707 0.445010 -0.014727
v -0.037579 0.445001 -0.014633
v -0.037680 0.444881 -0.015142
v -0.037426 0.444964 -0.014611
v -0.037542 0.444825 -0.015199
v -0.037288 0.444908 -0.014668
v -0.037389 0.444788 -0.015177
v -0.037203 0.444848 -0.014789
v -0.037261 0.444779 -0.015083
v -0.037193 0.444801 -0.014940
v -0.037357 0.446859 -0.015401
v -0.037345 0.446811 -0.015569
v -0.037282 0.446887 -0.015246
v -0.037139 0.446886 -0.015144
v -0.037249 0.446755 -0.015704
v -0.036968 0.446858 -0.015124
v -0.037095 0.446706 -0.015770
v -0.036813 0.446809 -0.015190
v -0.036923 0.446678 -0.015750
v -0.037038 0.449072 -0.015972
v -0.036955 0.449103 -0.015803
v -0.037024 0.449025 -0.016157
v -0.036717 0.446753 -0.015325
v -0.036799 0.449110 -0.015695
v -0.036781 0.446677 -0.015648
v -0.036917 0.448976 -0.016307
v -0.036705 0.446705 -0.015493
v -0.036610 0.449092 -0.015676
v -0.036747 0.448936 -0.016383
v -0.036835 0.451713 -0.016566
v -0.036746 0.451747 -0.016383
v -0.036819 0.451667 -0.016767
v -0.036440 0.449052 -0.015751
v -0.036575 0.451761 -0.016267
v -0.036558 0.448918 -0.016364
v -0.036703 0.451622 -0.016931
v -0.036333 0.449003 -0.015902
v -0.036370 0.451750 -0.016249
v -0.036717 0.453922 -0.017051
v -0.036702 0.453874 -0.017254
v -0.036626 0.453961 -0.016866
v -0.036402 0.448925 -0.016255
v -0.036518 0.451590 -0.017016
v -0.036453 0.453979 -0.016748
v -0.036319 0.448956 -0.016086
v -0.036584 0.453828 -0.017422
v -0.036624 0.455801 -0.017517
v -0.036608 0.455745 -0.017723
v -0.036531 0.455847 -0.017331
v -0.036185 0.451718 -0.016333
v -0.036354 0.455869 -0.017213
v -0.036540 0.457414 -0.017990
v -0.036488 0.455693 -0.017891
v -0.036524 0.457346 -0.018196
v -0.036445 0.457469 -0.017803
v -0.036244 0.453971 -0.016731
v -0.036395 0.453797 -0.017508
v -0.036312 0.451579 -0.016998
v -0.036265 0.457496 -0.017684
v -0.036452 0.458827 -0.018494
v -0.036403 0.457284 -0.018364
v -0.036437 0.458745 -0.018698
v -0.036355 0.458894 -0.018308
v -0.036296 0.455658 -0.017978
v -0.036069 0.451673 -0.016498
v -0.036142 0.455863 -0.017195
v -0.036172 0.458927 -0.018189
v -0.036346 0.460110 -0.019054
v -0.036315 0.458670 -0.018865
v -0.036333 0.460011 -0.019255
v -0.036246 0.460188 -0.018870
v -0.036142 0.451592 -0.016881
v -0.036186 0.453790 -0.017490
v -0.036209 0.457243 -0.018451
v -0.036055 0.453941 -0.016817
v -0.036049 0.457489 -0.017666
v -0.036060 0.460226 -0.018751
v -0.036208 0.461326 -0.019695
v -0.036106 0.461416 -0.019512
v -0.036053 0.451627 -0.016699
v -0.036210 0.459920 -0.019418
v -0.036118 0.458620 -0.018950
v -0.036197 0.461212 -0.019891
v -0.036084 0.455652 -0.017960
v -0.035952 0.458918 -0.018169
v -0.035950 0.455828 -0.017282
v -0.035917 0.461458 -0.019393
v -0.035993 0.457236 -0.018433
v -0.036073 0.461105 -0.020050
v -0.036010 0.459860 -0.019500
v -0.036026 0.462542 -0.020439
v -0.035921 0.462641 -0.020258
v -0.035937 0.453895 -0.016984
v -0.036013 0.453808 -0.017373
v -0.035838 0.460214 -0.018730
v -0.036015 0.462416 -0.020632
v -0.035855 0.457449 -0.017753
v -0.035898 0.458611 -0.018931
v -0.035728 0.462685 -0.020138
v -0.035908 0.455674 -0.017842
v -0.035922 0.453846 -0.017188
v -0.035830 0.455776 -0.017450
v -0.035755 0.458869 -0.018255
v -0.035691 0.461440 -0.019370
v -0.035872 0.461033 -0.020128
v -0.035892 0.462295 -0.020785
v -0.035784 0.463824 -0.021310
v -0.035677 0.463928 -0.021129
v -0.035788 0.459847 -0.019479
v -0.035775 0.463688 -0.021501
v -0.035813 0.457264 -0.018314
v -0.035733 0.457386 -0.017922
v -0.035638 0.460154 -0.018812
v -0.035815 0.455720 -0.017656
v -0.035716 0.458644 -0.018812
v -0.035500 0.462662 -0.020111
v -0.035689 0.462212 -0.020859
v -0.035652 0.463557 -0.021651
v -0.035481 0.463973 -0.021008
v -0.035646 0.461016 -0.020104
v -0.035633 0.458793 -0.018422
v -0.035718 0.457319 -0.018127
v -0.035490 0.461369 -0.019448
v -0.035601 0.459885 -0.019361
v -0.035471 0.465238 -0.022331
v -0.035462 0.465096 -0.022522
v -0.035361 0.465346 -0.022149
v -0.035515 0.460062 -0.018975
v -0.035618 0.458711 -0.018626
v -0.035250 0.463945 -0.020977
v -0.035502 0.459964 -0.019176
v -0.035367 0.461261 -0.019606
v -0.035461 0.462190 -0.020832
v -0.035457 0.461058 -0.019985
v -0.035297 0.462580 -0.020185
v -0.035447 0.463465 -0.021720
v -0.035338 0.464958 -0.022671
v -0.035163 0.465389 -0.022025
v -0.035355 0.461148 -0.019803
v -0.035268 0.462234 -0.020712
v -0.035173 0.462459 -0.020338
v -0.035216 0.463438 -0.021690
v -0.035046 0.463854 -0.021046
v -0.035132 0.464860 -0.022737
v -0.034929 0.465358 -0.021991
v -0.035071 0.466853 -0.023527
v -0.035063 0.466708 -0.023720
v -0.034960 0.466961 -0.023342
v -0.035163 0.462332 -0.020531
v -0.034760 0.467004 -0.023215
v -0.034938 0.466565 -0.023869
v -0.034922 0.463723 -0.021197
v -0.035021 0.463482 -0.021568
v -0.034723 0.465260 -0.022058
v -0.034898 0.464828 -0.022704
v -0.034913 0.463587 -0.021387
v -0.034523 0.466969 -0.023178
v -0.034729 0.466462 -0.023934
v -0.034573 0.468736 -0.024923
v -0.034564 0.468589 -0.025119
v -0.034461 0.468845 -0.024734
v -0.034599 0.465121 -0.022206
v -0.034700 0.464872 -0.022579
v -0.034258 0.468886 -0.024602
v -0.034590 0.464980 -0.022397
v -0.034315 0.466867 -0.023244
v -0.034437 0.468444 -0.025270
v -0.034493 0.466427 -0.023898
v -0.034018 0.468848 -0.024564
v -0.034189 0.466724 -0.023392
v -0.034226 0.468338 -0.025334
v -0.034292 0.466470 -0.023770
v -0.034181 0.466578 -0.023585
v -0.033961 0.470956 -0.026542
v -0.033952 0.470809 -0.026742
v -0.033848 0.471064 -0.026349
v -0.033807 0.468743 -0.024629
v -0.033987 0.468301 -0.025296
v -0.033643 0.471103 -0.026214
v -0.033823 0.470662 -0.026896
v -0.033680 0.468597 -0.024780
v -0.033784 0.468342 -0.025165
v -0.033400 0.471064 -0.026174
v -0.033609 0.470554 -0.026961
v -0.033672 0.468450 -0.024976
v -0.033186 0.470956 -0.026240
v -0.033366 0.470515 -0.026921
v -0.033057 0.470809 -0.026393
v -0.033161 0.470554 -0.026786
v -0.033048 0.470662 -0.026593
v -0.049791 0.422460 -0.008648
v -0.051086 0.420003 -0.009200
v -0.051094 0.420017 -0.009255
v -0.049755 0.422430 -0.008601
v -0.051055 0.419977 -0.009159
v -0.049798 0.422480 -0.008711
v -0.051077 0.420016 -0.009310
v -0.049774 0.422486 -0.008772
v -0.051038 0.420000 -0.009349
v -0.049700 0.422399 -0.008583
v -0.051008 0.419948 -0.009143
v -0.049726 0.422475 -0.008816
v -0.050988 0.419974 -0.009363
v -0.049641 0.422374 -0.008598
v -0.050959 0.419921 -0.009157
v -0.049667 0.422450 -0.008830
v -0.050942 0.419944 -0.009348
v -0.049593 0.422363 -0.008642
v -0.050920 0.419906 -0.009197
v -0.049612 0.422419 -0.008812
v -0.050910 0.419919 -0.009307
v -0.049569 0.422368 -0.008703
v -0.050902 0.419905 -0.009251
v -0.049576 0.422389 -0.008765
v -0.048907 0.424555 -0.007959
v -0.048867 0.424520 -0.007907
v -0.048912 0.424583 -0.008028
v -0.048882 0.424597 -0.008094
v -0.048803 0.424489 -0.007884
v -0.048824 0.424593 -0.008141
v -0.048733 0.424468 -0.007899
v -0.048675 0.424464 -0.007945
v -0.048754 0.424573 -0.008155
v -0.048691 0.424541 -0.008133
v -0.048645 0.424478 -0.008012
v -0.048651 0.424506 -0.008080
v -0.048367 0.426360 -0.007178
v -0.048322 0.426322 -0.007119
v -0.048372 0.426396 -0.007252
v -0.048250 0.426292 -0.007092
v -0.048335 0.426421 -0.007322
v -0.048268 0.426427 -0.007370
v -0.048169 0.426278 -0.007104
v -0.048187 0.426413 -0.007382
v -0.048756 0.437274 -0.002777
v -0.048709 0.435395 -0.003110
v -0.048758 0.437279 -0.002918
v -0.048628 0.439480 -0.002843
v -0.048644 0.435419 -0.003224
v -0.048690 0.437282 -0.003042
v -0.048632 0.439467 -0.002992
v -0.048706 0.435372 -0.002979
v -0.048683 0.437268 -0.002656
v -0.048551 0.439483 -0.002714
v -0.048102 0.426284 -0.007152
v -0.048066 0.426309 -0.007222
v -0.048115 0.426383 -0.007355
v -0.048549 0.433744 -0.003520
v -0.048637 0.435356 -0.002866
v -0.048545 0.433706 -0.003402
v -0.048490 0.433783 -0.003623
v -0.048559 0.437263 -0.002587
v -0.048419 0.439476 -0.002642
v -0.048531 0.435436 -0.003291
v -0.048561 0.439448 -0.003123
v -0.048568 0.437282 -0.003115
v -0.048070 0.426345 -0.007296
v -0.048480 0.433680 -0.003298
v -0.048521 0.435351 -0.002802
v -0.048384 0.433814 -0.003682
v -0.048258 0.442058 -0.003220
v -0.048264 0.442028 -0.003376
v -0.048175 0.442069 -0.003086
v -0.048344 0.432253 -0.004103
v -0.048339 0.432206 -0.003996
v -0.048291 0.432301 -0.004194
v -0.048418 0.437259 -0.002590
v -0.048370 0.433673 -0.003239
v -0.048388 0.435358 -0.002803
v -0.048397 0.435444 -0.003293
v -0.048260 0.433827 -0.003682
v -0.048270 0.439459 -0.002644
v -0.048434 0.439427 -0.003199
v -0.048427 0.437279 -0.003118
v -0.048192 0.441988 -0.003511
v -0.048037 0.442058 -0.003009
v -0.048278 0.432172 -0.003904
v -0.048193 0.432337 -0.004247
v -0.048296 0.437259 -0.002663
v -0.048143 0.439439 -0.002721
v -0.048285 0.439411 -0.003202
v -0.048281 0.435438 -0.003228
v -0.048303 0.437273 -0.003049
v -0.048061 0.441947 -0.003589
v -0.047881 0.442028 -0.003010
v -0.048077 0.432350 -0.004246
v -0.048246 0.433686 -0.003238
v -0.048274 0.435376 -0.002870
v -0.048151 0.433819 -0.003622
v -0.048105 0.427951 -0.006348
v -0.048056 0.427911 -0.006283
v -0.048110 0.427995 -0.006428
v -0.048175 0.432161 -0.003850
v -0.048068 0.428031 -0.006501
v -0.048160 0.430848 -0.004810
v -0.048155 0.430798 -0.004715
v -0.048111 0.430897 -0.004893
v -0.047975 0.427884 -0.006250
v -0.047884 0.427878 -0.006259
v -0.047992 0.428048 -0.006548
v -0.048097 0.430759 -0.004633
v -0.048021 0.430931 -0.004941
v -0.048141 0.433716 -0.003298
v -0.048059 0.432175 -0.003849
v -0.047975 0.432339 -0.004192
v -0.048228 0.437262 -0.002787
v -0.048210 0.435399 -0.002984
v -0.048212 0.435422 -0.003115
v -0.048085 0.433793 -0.003519
v -0.048072 0.439420 -0.002851
v -0.048153 0.439403 -0.003129
v -0.048230 0.437267 -0.002928
v -0.047905 0.441918 -0.003590
v -0.047750 0.441988 -0.003088
v -0.047808 0.427896 -0.006306
v -0.047901 0.428042 -0.006557
v -0.048061 0.429454 -0.005600
v -0.048056 0.429405 -0.005514
v -0.048015 0.429498 -0.005677
v -0.048001 0.430742 -0.004586
v -0.047913 0.430941 -0.004942
v -0.048082 0.433755 -0.003400
v -0.047962 0.432210 -0.003901
v -0.047913 0.432305 -0.004099
v -0.048076 0.439407 -0.003001
v -0.047767 0.441907 -0.003513
v -0.047677 0.441947 -0.003223
v -0.047767 0.427931 -0.006379
v -0.047771 0.427975 -0.006459
v -0.047821 0.428016 -0.006524
v -0.048002 0.429364 -0.005441
v -0.047913 0.429342 -0.005401
v -0.047932 0.429525 -0.005724
v -0.047894 0.430752 -0.004586
v -0.047817 0.430925 -0.004895
v -0.047908 0.432258 -0.003993
v -0.047684 0.441918 -0.003379
v -0.047832 0.429529 -0.005727
v -0.047814 0.429345 -0.005405
v -0.047759 0.430886 -0.004813
v -0.047803 0.430786 -0.004635
v -0.047730 0.429372 -0.005451
v -0.047744 0.429507 -0.005688
v -0.047754 0.430835 -0.004717
v -0.047685 0.429416 -0.005528
v -0.047690 0.429465 -0.005615
v -0.056228 0.434285 0.001287
v -0.057373 0.433887 0.001765
v -0.057365 0.433880 0.001779
v -0.056246 0.434313 0.001272
v -0.057381 0.433902 0.001757
v -0.056210 0.434270 0.001315
v -0.057359 0.433881 0.001796
v -0.056198 0.434272 0.001349
v -0.057355 0.433891 0.001810
v -0.056195 0.434291 0.001380
v -0.057356 0.433906 0.001819
v -0.056260 0.434346 0.001275
v -0.057386 0.433919 0.001757
v -0.056201 0.434321 0.001399
v -0.057361 0.433924 0.001820
v -0.056266 0.434376 0.001295
v -0.057386 0.433935 0.001766
v -0.056215 0.434354 0.001402
v -0.057368 0.433938 0.001812
v -0.056262 0.434395 0.001326
v -0.057383 0.433945 0.001781
v -0.056250 0.434397 0.001360
v -0.057376 0.433946 0.001798
v -0.056233 0.434382 0.001388
v -0.055196 0.434929 0.000851
v -0.055170 0.434882 0.000844
v -0.055211 0.434971 0.000882
v -0.055209 0.434997 0.000930
v -0.055192 0.434999 0.000981
v -0.055164 0.434978 0.001023
v -0.055138 0.434843 0.000864
v -0.055133 0.434938 0.001043
v -0.055111 0.434822 0.000906
v -0.055093 0.434824 0.000957
v -0.055092 0.434850 0.001005
v -0.055106 0.434891 0.001036
v -0.054214 0.435728 0.000566
v -0.054213 0.435696 0.000501
v -0.054192 0.435731 0.000635
v -0.054189 0.435643 0.000457
v -0.054152 0.435704 0.000689
v -0.054148 0.435585 0.000447
v -0.054105 0.435655 0.000714
v -0.054102 0.435535 0.000472
v -0.054065 0.435596 0.000703
v -0.054062 0.435509 0.000526
v -0.054040 0.435544 0.000659
v -0.054039 0.435512 0.000594
v -0.053270 0.436565 0.000207
v -0.053267 0.436526 0.000125
v -0.053241 0.436569 0.000292
v -0.053233 0.436464 0.000069
v -0.053188 0.436539 0.000359
v -0.053176 0.436395 0.000054
v -0.053124 0.436481 0.000388
v -0.053113 0.436337 0.000083
v -0.053068 0.436412 0.000373
v -0.053060 0.436307 0.000150
v -0.053034 0.436350 0.000317
v -0.053031 0.436311 0.000235
v -0.052366 0.437485 -0.000174
v -0.052363 0.437438 -0.000272
v -0.052329 0.437492 -0.000072
v -0.052319 0.437366 -0.000340
v -0.052262 0.437459 0.000006
v -0.052181 0.437395 0.000040
v -0.052248 0.437287 -0.000360
v -0.052167 0.437222 -0.000327
v -0.052110 0.437315 0.000020
v -0.052100 0.437189 -0.000249
v -0.052066 0.437243 -0.000049
v -0.052063 0.437197 -0.000147
v -0.051497 0.438465 -0.000602
v -0.051494 0.438409 -0.000716
v -0.051450 0.438478 -0.000485
v -0.051443 0.438325 -0.000796
v -0.051366 0.438444 -0.000397
v -0.051268 0.438373 -0.000360
v -0.051357 0.438235 -0.000820
v -0.051259 0.438164 -0.000783
v -0.051182 0.438284 -0.000384
v -0.051176 0.438131 -0.000694
v -0.051131 0.438200 -0.000464
v -0.051129 0.438144 -0.000578
v -0.050653 0.439484 -0.001106
v -0.050654 0.439415 -0.001233
v -0.050593 0.439505 -0.000976
v -0.050598 0.439317 -0.001323
v -0.050493 0.439472 -0.000877
v -0.050498 0.439216 -0.001352
v -0.050377 0.439395 -0.000837
v -0.050383 0.439138 -0.001312
v -0.050278 0.439294 -0.000866
v -0.050282 0.439106 -0.001214
v -0.050221 0.439196 -0.000956
v -0.050223 0.439127 -0.001083
v -0.049827 0.440517 -0.001712
v -0.049835 0.440432 -0.001850
v -0.049753 0.440549 -0.001570
v -0.049776 0.440317 -0.001949
v -0.049634 0.440519 -0.001463
v -0.049665 0.440202 -0.001981
v -0.049501 0.440436 -0.001420
v -0.049532 0.440119 -0.001938
v -0.049390 0.440322 -0.001452
v -0.049412 0.440089 -0.001831
v -0.049330 0.440206 -0.001551
v -0.049339 0.440121 -0.001689
v -0.049012 0.441543 -0.002446
v -0.049030 0.441438 -0.002593
v -0.048921 0.441589 -0.002297
v -0.048970 0.441302 -0.002697
v -0.048782 0.441563 -0.002184
v -0.048849 0.441172 -0.002730
v -0.048632 0.441473 -0.002138
v -0.048699 0.441082 -0.002684
v -0.048511 0.441343 -0.002171
v -0.048560 0.441057 -0.002571
v -0.048452 0.441207 -0.002275
v -0.048470 0.441103 -0.002421
v -0.048200 0.442537 -0.003338
v -0.048231 0.442409 -0.003487
v -0.048091 0.442599 -0.003184
v -0.048174 0.442250 -0.003592
v -0.047931 0.442579 -0.003067
v -0.048045 0.442102 -0.003625
v -0.047765 0.442481 -0.003018
v -0.047879 0.442005 -0.003576
v -0.047636 0.442333 -0.003050
v -0.047719 0.441984 -0.003458
v -0.047579 0.442174 -0.003155
v -0.047610 0.442046 -0.003305
v -0.047424 0.443331 -0.004570
v -0.047364 0.443155 -0.004683
v -0.047389 0.443472 -0.004409
v -0.047268 0.443541 -0.004243
v -0.047094 0.443519 -0.004115
v -0.047224 0.442992 -0.004717
v -0.046913 0.443412 -0.004061
v -0.047043 0.442886 -0.004663
v -0.046773 0.443250 -0.004095
v -0.046869 0.442864 -0.004536
v -0.046713 0.443074 -0.004208
v -0.046748 0.442933 -0.004369
v -0.047332 0.443537 -0.004472
v -0.047361 0.443402 -0.004641
v -0.047216 0.443600 -0.004299
v -0.047295 0.443232 -0.004759
v -0.047183 0.443710 -0.004632
v -0.047209 0.443577 -0.004803
v -0.047068 0.443771 -0.004456
v -0.047153 0.443071 -0.004796
v -0.047142 0.443409 -0.004924
v -0.047045 0.443574 -0.004167
v -0.046957 0.443977 -0.004869
v -0.046982 0.443846 -0.005042
v -0.046898 0.443744 -0.004323
v -0.046844 0.444037 -0.004692
v -0.046997 0.443250 -0.004962
v -0.046972 0.442964 -0.004741
v -0.046912 0.443680 -0.005166
v -0.046865 0.443466 -0.004112
v -0.046673 0.444010 -0.004559
v -0.046716 0.443637 -0.004269
v -0.046816 0.443143 -0.004908
v -0.046766 0.443523 -0.005206
v -0.046801 0.442938 -0.004609
v -0.046673 0.444325 -0.005166
v -0.046696 0.444196 -0.005342
v -0.046560 0.444383 -0.004988
v -0.046722 0.443306 -0.004149
v -0.046623 0.444032 -0.005468
v -0.046490 0.443904 -0.004506
v -0.046571 0.443478 -0.004308
v -0.046389 0.444357 -0.004855
v -0.046645 0.443116 -0.004775
v -0.046686 0.443001 -0.004436
v -0.046583 0.443417 -0.005153
v -0.046657 0.443135 -0.004267
v -0.046475 0.443877 -0.005511
v -0.046504 0.443310 -0.004429
v -0.046343 0.443746 -0.004546
v -0.046530 0.443178 -0.004600
v -0.046204 0.444252 -0.004802
v -0.046345 0.444740 -0.005506
v -0.046366 0.444614 -0.005684
v -0.046234 0.444797 -0.005326
v -0.046412 0.443390 -0.005020
v -0.046291 0.444453 -0.005813
v -0.046290 0.443772 -0.005458
v -0.046273 0.443580 -0.004669
v -0.046062 0.444771 -0.005192
v -0.046298 0.443450 -0.004843
v -0.046055 0.444096 -0.004845
v -0.046140 0.444301 -0.005858
v -0.046119 0.443745 -0.005325
v -0.045875 0.444667 -0.005141
v -0.045992 0.445209 -0.005869
v -0.046010 0.445087 -0.006050
v -0.045983 0.443933 -0.004971
v -0.045881 0.445265 -0.005687
v -0.046006 0.443804 -0.005147
v -0.045953 0.444197 -0.005807
v -0.045931 0.444930 -0.006183
v -0.045709 0.445238 -0.005553
v -0.045724 0.444514 -0.005186
v -0.045777 0.444781 -0.006231
v -0.045781 0.444171 -0.005674
v -0.045649 0.444354 -0.005315
v -0.045520 0.445136 -0.005504
v -0.045670 0.444228 -0.005494
v -0.045629 0.445718 -0.006237
v -0.045644 0.445600 -0.006422
v -0.045520 0.445771 -0.006053
v -0.045589 0.444679 -0.006181
v -0.045561 0.445448 -0.006559
v -0.045366 0.444987 -0.005552
v -0.045347 0.445745 -0.005919
v -0.045416 0.444652 -0.006048
v -0.045403 0.445304 -0.006611
v -0.045288 0.444830 -0.005684
v -0.045156 0.445646 -0.005872
v -0.045306 0.444708 -0.005866
v -0.045273 0.446253 -0.006592
v -0.045284 0.446141 -0.006782
v -0.045167 0.446303 -0.006406
v -0.045212 0.445205 -0.006563
v -0.045197 0.445996 -0.006924
v -0.044998 0.445501 -0.005923
v -0.044993 0.446277 -0.006272
v -0.045039 0.445178 -0.006429
v -0.045034 0.445858 -0.006980
v -0.044916 0.445350 -0.006060
v -0.044799 0.446182 -0.006227
v -0.044931 0.445231 -0.006245
v -0.044943 0.446799 -0.006916
v -0.044948 0.446695 -0.007112
v -0.044839 0.446844 -0.006726
v -0.044840 0.445763 -0.006935
v -0.044855 0.446561 -0.007260
v -0.044665 0.446818 -0.006592
v -0.044637 0.446043 -0.006283
v -0.044667 0.445736 -0.006801
v -0.044686 0.446431 -0.007321
v -0.044549 0.445898 -0.006424
v -0.044467 0.446728 -0.006550
v -0.044560 0.445786 -0.006614
v -0.044654 0.447340 -0.007190
v -0.044653 0.447249 -0.007392
v -0.044553 0.447378 -0.006996
v -0.044551 0.447129 -0.007548
v -0.044489 0.446341 -0.007279
v -0.044378 0.447353 -0.006862
v -0.044299 0.446599 -0.006612
v -0.044375 0.447012 -0.007616
v -0.044314 0.446315 -0.007145
v -0.044176 0.447271 -0.006824
v -0.044423 0.447858 -0.007396
v -0.044414 0.447786 -0.007606
v -0.044327 0.447885 -0.007197
v -0.044205 0.446464 -0.006760
v -0.044210 0.446360 -0.006955
v -0.044301 0.447689 -0.007771
v -0.044152 0.447861 -0.007064
v -0.044172 0.446930 -0.007578
v -0.044000 0.447154 -0.006892
v -0.044263 0.448347 -0.007521
v -0.044247 0.448295 -0.007737
v -0.044171 0.448364 -0.007319
v -0.044116 0.447593 -0.007847
v -0.043943 0.447791 -0.007030
v -0.043994 0.448341 -0.007185
v -0.043998 0.446905 -0.007444
v -0.043898 0.447034 -0.007048
v -0.044126 0.448223 -0.007909
v -0.044154 0.448786 -0.007598
v -0.044062 0.448801 -0.007396
v -0.044136 0.448742 -0.007816
v -0.043897 0.446943 -0.007250
v -0.043908 0.447523 -0.007814
v -0.043758 0.447695 -0.007107
v -0.043780 0.448286 -0.007156
v -0.043884 0.448783 -0.007264
v -0.044032 0.449320 -0.007700
v -0.043939 0.449339 -0.007499
v -0.044012 0.448680 -0.007990
v -0.044014 0.449273 -0.007917
v -0.043932 0.448149 -0.007991
v -0.043760 0.449325 -0.007367
v -0.043907 0.449915 -0.007820
v -0.043813 0.449937 -0.007619
v -0.043890 0.449212 -0.008091
v -0.043816 0.448618 -0.008075
v -0.043889 0.449866 -0.008036
v -0.043732 0.447499 -0.007680
v -0.043646 0.447598 -0.007272
v -0.043668 0.448737 -0.007236
v -0.043587 0.448213 -0.007238
v -0.043719 0.448094 -0.007962
v -0.043633 0.449928 -0.007488
v -0.043636 0.447526 -0.007482
v -0.043543 0.449283 -0.007340
v -0.043765 0.449805 -0.008211
v -0.043694 0.449152 -0.008177
v -0.043785 0.450552 -0.007955
v -0.043767 0.450502 -0.008171
v -0.043690 0.450578 -0.007755
v -0.043827 0.455768 -0.009612
v -0.043801 0.455177 -0.009405
v -0.043784 0.455096 -0.009612
v -0.043730 0.455829 -0.009421
v -0.043810 0.455699 -0.009823
v -0.043776 0.456507 -0.009840
v -0.043680 0.456557 -0.009646
v -0.043600 0.448571 -0.008047
v -0.043509 0.450574 -0.007625
v -0.043665 0.454704 -0.009427
v -0.043707 0.455267 -0.009225
v -0.043685 0.454798 -0.009227
v -0.043659 0.455045 -0.009789
v -0.043760 0.456441 -0.010052
v -0.043685 0.455640 -0.009997
v -0.043466 0.448140 -0.007411
v -0.043472 0.448674 -0.007321
v -0.043415 0.449890 -0.007462
v -0.043643 0.450441 -0.008346
v -0.043568 0.449748 -0.008297
v -0.043672 0.451211 -0.008103
v -0.043656 0.451159 -0.008318
v -0.043577 0.451242 -0.007904
v -0.043542 0.454659 -0.009608
v -0.043664 0.457388 -0.010102
v -0.043635 0.456377 -0.010225
v -0.043648 0.457322 -0.010314
v -0.043569 0.457432 -0.009906
v -0.043542 0.448072 -0.007828
v -0.043546 0.455866 -0.009302
v -0.043497 0.456576 -0.009521
v -0.043598 0.454915 -0.009059
v -0.043525 0.455341 -0.009119
v -0.043449 0.448089 -0.007627
v -0.043347 0.449223 -0.007425
v -0.043477 0.449109 -0.008150
v -0.043291 0.450540 -0.007600
v -0.043532 0.451099 -0.008493
v -0.043446 0.450386 -0.008432
v -0.043396 0.451243 -0.007775
v -0.043577 0.451874 -0.008260
v -0.043560 0.451819 -0.008475
v -0.043481 0.451910 -0.008063
v -0.043534 0.454417 -0.009272
v -0.043410 0.454371 -0.009451
v -0.043553 0.454507 -0.009069
v -0.043461 0.455037 -0.009890
v -0.043350 0.454675 -0.009719
v -0.043485 0.455607 -0.010089
v -0.043524 0.457253 -0.010485
v -0.043435 0.456331 -0.010312
v -0.043387 0.457444 -0.009778
v -0.043502 0.458389 -0.010402
v -0.043486 0.458321 -0.010613
v -0.043407 0.458432 -0.010205
v -0.043422 0.448553 -0.007915
v -0.043463 0.454617 -0.008897
v -0.043427 0.455026 -0.008970
v -0.043348 0.448613 -0.007495
v -0.043218 0.449832 -0.007548
v -0.043350 0.449710 -0.008270
v -0.043436 0.451760 -0.008650
v -0.043333 0.451048 -0.008580
v -0.043298 0.451918 -0.007935
v -0.043504 0.452520 -0.008424
v -0.043488 0.452462 -0.008639
v -0.043407 0.452563 -0.008228
v -0.043466 0.454071 -0.009129
v -0.043342 0.454020 -0.009307
v -0.043482 0.454147 -0.008921
v -0.043216 0.454382 -0.009560
v -0.043324 0.455868 -0.009285
v -0.043306 0.455380 -0.009116
v -0.043276 0.456561 -0.009499
v -0.043325 0.457199 -0.010570
v -0.043362 0.458248 -0.010783
v -0.043225 0.458440 -0.010077
v -0.043330 0.448568 -0.007712
v -0.043298 0.449096 -0.008018
v -0.043223 0.449161 -0.007600
v -0.043093 0.450485 -0.007686
v -0.043227 0.450352 -0.008407
v -0.043176 0.451215 -0.007751
v -0.043364 0.452404 -0.008814
v -0.043237 0.451713 -0.008738
v -0.043224 0.452579 -0.008104
v -0.043460 0.453129 -0.008592
v -0.043445 0.453066 -0.008805
v -0.043363 0.453181 -0.008399
v -0.043179 0.453208 -0.008277
v -0.043452 0.453679 -0.008759
v -0.043436 0.453611 -0.008971
v -0.043320 0.453010 -0.008981
v -0.043354 0.453743 -0.008570
v -0.043311 0.453557 -0.009147
v -0.043386 0.454230 -0.008738
v -0.043143 0.454008 -0.009406
v -0.043288 0.454717 -0.008803
v -0.043217 0.455099 -0.008982
v -0.043242 0.455076 -0.009887
v -0.043140 0.454749 -0.009732
v -0.043263 0.455609 -0.010072
v -0.043214 0.456316 -0.010290
v -0.043167 0.457419 -0.009753
v -0.043299 0.459487 -0.010744
v -0.043283 0.459416 -0.010955
v -0.043203 0.459531 -0.010548
v -0.043022 0.459538 -0.010419
v -0.043078 0.451895 -0.007913
v -0.043204 0.454295 -0.008629
v -0.043006 0.458410 -0.010050
v -0.043205 0.449115 -0.007816
v -0.043170 0.449700 -0.008140
v -0.043094 0.449771 -0.007722
v -0.042978 0.451163 -0.007838
v -0.043114 0.451019 -0.008556
v -0.043003 0.452564 -0.008083
v -0.043164 0.452362 -0.008903
v -0.043120 0.452975 -0.009072
v -0.043170 0.453786 -0.008452
v -0.043111 0.453531 -0.009241
v -0.043003 0.454446 -0.009568
v -0.043075 0.454781 -0.008811
v -0.043123 0.455835 -0.009376
v -0.043108 0.455372 -0.009217
v -0.043076 0.456516 -0.009586
v -0.042968 0.457366 -0.009838
v -0.043165 0.458188 -0.010866
v -0.043105 0.457174 -0.010545
v -0.043160 0.459338 -0.011123
v -0.043063 0.460656 -0.011133
v -0.043048 0.460581 -0.011342
v -0.042967 0.460704 -0.010938
v -0.043061 0.455150 -0.009781
v -0.043079 0.455645 -0.009952
v -0.043077 0.449723 -0.007939
v -0.042969 0.450425 -0.007861
v -0.043046 0.450348 -0.008277
v -0.043017 0.451690 -0.008716
v -0.042957 0.453203 -0.008259
v -0.042983 0.454326 -0.008623
v -0.042923 0.454040 -0.009400
v -0.042969 0.454859 -0.009642
v -0.043025 0.455115 -0.009094
v -0.043031 0.456336 -0.010165
v -0.042803 0.459505 -0.010392
v -0.042785 0.460711 -0.010809
v -0.042879 0.451848 -0.008001
v -0.042943 0.452347 -0.008883
v -0.042948 0.453796 -0.008439
v -0.042808 0.458350 -0.010133
v -0.042963 0.459274 -0.011205
v -0.042946 0.458158 -0.010840
v -0.042927 0.460498 -0.011509
v -0.042952 0.450375 -0.008077
v -0.042854 0.451103 -0.008013
v -0.042932 0.451020 -0.008428
v -0.042803 0.452522 -0.008172
v -0.042898 0.452970 -0.009054
v -0.042889 0.453541 -0.009228
v -0.042828 0.454546 -0.009474
v -0.042881 0.454792 -0.008920
v -0.042966 0.455240 -0.009600
v -0.042882 0.454977 -0.009475
v -0.042998 0.455776 -0.009551
v -0.042983 0.455321 -0.009394
v -0.042982 0.455706 -0.009762
v -0.042951 0.456451 -0.009759
v -0.042844 0.457296 -0.010009
v -0.042923 0.457186 -0.010417
v -0.042805 0.461871 -0.011571
v -0.042708 0.461923 -0.011377
v -0.042791 0.461790 -0.011778
v -0.042834 0.451698 -0.008589
v -0.042902 0.455071 -0.009274
v -0.042935 0.456385 -0.009971
v -0.042567 0.460676 -0.010781
v -0.042837 0.451051 -0.008229
v -0.042755 0.451789 -0.008176
v -0.042759 0.452363 -0.008758
v -0.042757 0.453168 -0.008350
v -0.042748 0.453770 -0.008533
v -0.042784 0.454315 -0.008722
v -0.042740 0.454105 -0.009291
v -0.042705 0.453584 -0.009111
v -0.042738 0.454656 -0.009302
v -0.042827 0.457231 -0.010221
v -0.042764 0.458166 -0.010711
v -0.042685 0.458277 -0.010303
v -0.042745 0.459240 -0.011177
v -0.042606 0.459440 -0.010473
v -0.042730 0.460430 -0.011589
v -0.042671 0.461702 -0.011943
v -0.042526 0.461933 -0.011249
v -0.042679 0.452464 -0.008348
v -0.042714 0.452998 -0.008933
v -0.042758 0.454746 -0.009099
v -0.042738 0.451734 -0.008391
v -0.042644 0.454187 -0.009108
v -0.042669 0.458209 -0.010515
v -0.042632 0.453112 -0.008526
v -0.042484 0.459362 -0.010642
v -0.042371 0.460607 -0.010861
v -0.042533 0.463105 -0.012061
v -0.042435 0.463164 -0.011870
v -0.042660 0.454264 -0.008899
v -0.042308 0.461896 -0.011221
v -0.042521 0.463017 -0.012265
v -0.042663 0.452406 -0.008562
v -0.042623 0.453716 -0.008710
v -0.042608 0.453648 -0.008921
v -0.042564 0.459247 -0.011048
v -0.042512 0.460394 -0.011561
v -0.042475 0.461629 -0.012021
v -0.042617 0.453049 -0.008739
v -0.042252 0.463176 -0.011743
v -0.042468 0.459291 -0.010852
v -0.042402 0.462922 -0.012427
v -0.042249 0.460524 -0.011028
v -0.042331 0.460401 -0.011432
v -0.042113 0.461824 -0.011300
v -0.042235 0.460449 -0.011237
v -0.042258 0.461593 -0.011993
v -0.042208 0.462846 -0.012504
v -0.042034 0.463140 -0.011715
v -0.042258 0.464332 -0.012606
v -0.042248 0.464234 -0.012806
v -0.042157 0.464398 -0.012419
v -0.041974 0.464416 -0.012294
v -0.042130 0.464132 -0.012965
v -0.041992 0.461736 -0.011465
v -0.042076 0.461602 -0.011865
v -0.041840 0.463064 -0.011792
v -0.041979 0.461654 -0.011671
v -0.041990 0.462810 -0.012476
v -0.041756 0.464380 -0.012266
v -0.041988 0.465524 -0.013209
v -0.041980 0.465416 -0.013404
v -0.041885 0.465600 -0.013027
v -0.041937 0.464053 -0.013041
v -0.041700 0.465624 -0.012906
v -0.041721 0.462969 -0.011954
v -0.041865 0.465305 -0.013559
v -0.041807 0.462822 -0.012349
v -0.041562 0.464300 -0.012342
v -0.041709 0.462881 -0.012158
v -0.041719 0.464017 -0.013012
v -0.041482 0.465590 -0.012879
v -0.041732 0.466656 -0.013874
v -0.041728 0.466535 -0.014061
v -0.041627 0.466744 -0.013699
v -0.041672 0.465222 -0.013632
v -0.041440 0.466776 -0.013583
v -0.041614 0.466415 -0.014210
v -0.041445 0.464198 -0.012501
v -0.041535 0.464035 -0.012888
v -0.041289 0.465506 -0.012952
v -0.041435 0.464101 -0.012701
v -0.041454 0.465187 -0.013605
v -0.041221 0.466744 -0.013556
v -0.041423 0.466327 -0.014281
v -0.041173 0.465396 -0.013107
v -0.041268 0.465212 -0.013484
v -0.041030 0.466656 -0.013627
v -0.041166 0.465288 -0.013301
v -0.041204 0.466294 -0.014255
v -0.040916 0.466535 -0.013776
v -0.041017 0.466327 -0.014139
v -0.040912 0.466415 -0.013963
v -0.062452 0.481041 -0.002131
v -0.062548 0.481707 -0.002135
v -0.062558 0.481707 -0.002136
v -0.062473 0.481037 -0.002133
v -0.062568 0.481706 -0.002131
v -0.062435 0.481044 -0.002120
v -0.062539 0.481708 -0.002129
v -0.062491 0.481033 -0.002124
v -0.062574 0.481707 -0.002123
v -0.062426 0.481046 -0.002101
v -0.062534 0.481709 -0.002120
v -0.062503 0.481031 -0.002106
v -0.062575 0.481707 -0.002112
v -0.062427 0.481046 -0.002079
v -0.062535 0.481710 -0.002109
v -0.062504 0.481030 -0.002085
v -0.062570 0.481709 -0.002103
v -0.062439 0.481043 -0.002062
v -0.062541 0.481711 -0.002101
v -0.062495 0.481032 -0.002066
v -0.062561 0.481710 -0.002097
v -0.062457 0.481039 -0.002053
v -0.062551 0.481710 -0.002096
v -0.062478 0.481035 -0.002054
v -0.062325 0.480348 -0.002175
v -0.062298 0.480358 -0.002189
v -0.062341 0.480340 -0.002149
v -0.062343 0.480337 -0.002118
v -0.062329 0.480339 -0.002089
v -0.062268 0.480367 -0.002186
v -0.062304 0.480345 -0.002071
v -0.062242 0.480374 -0.002168
v -0.062229 0.480375 -0.002140
v -0.062230 0.480372 -0.002108
v -0.062247 0.480365 -0.002082
v -0.062274 0.480355 -0.002069
v -0.062075 0.479651 -0.002278
v -0.062041 0.479669 -0.002296
v -0.062095 0.479637 -0.002244
v -0.062097 0.479630 -0.002202
v -0.062078 0.479632 -0.002164
v -0.062045 0.479643 -0.002140
v -0.062002 0.479685 -0.002292
v -0.062006 0.479659 -0.002136
v -0.061969 0.479695 -0.002268
v -0.061950 0.479697 -0.002230
v -0.061972 0.479676 -0.002154
v -0.061951 0.479690 -0.002188
v -0.061773 0.478923 -0.002383
v -0.061749 0.478945 -0.002425
v -0.061773 0.478912 -0.002331
v -0.061750 0.478914 -0.002284
v -0.061708 0.478971 -0.002446
v -0.061709 0.478929 -0.002253
v -0.061661 0.478994 -0.002440
v -0.061662 0.478953 -0.002248
v -0.061621 0.479009 -0.002410
v -0.061622 0.478979 -0.002269
v -0.061597 0.479011 -0.002363
v -0.061598 0.479000 -0.002311
v -0.061380 0.478200 -0.002558
v -0.061379 0.478185 -0.002496
v -0.061353 0.478229 -0.002607
v -0.061352 0.478188 -0.002439
v -0.061307 0.478264 -0.002632
v -0.061304 0.478208 -0.002402
v -0.061252 0.478296 -0.002625
v -0.061250 0.478239 -0.002395
v -0.061205 0.478316 -0.002588
v -0.061203 0.478274 -0.002420
v -0.061177 0.478318 -0.002531
v -0.061176 0.478303 -0.002469
v -0.060925 0.477470 -0.002761
v -0.060923 0.477451 -0.002690
v -0.060895 0.477507 -0.002819
v -0.060891 0.477454 -0.002624
v -0.060843 0.477551 -0.002846
v -0.060836 0.477479 -0.002580
v -0.060781 0.477591 -0.002837
v -0.060775 0.477519 -0.002571
v -0.060727 0.477616 -0.002794
v -0.060722 0.477563 -0.002598
v -0.060695 0.477619 -0.002727
v -0.060693 0.477600 -0.002656
v -0.060414 0.476734 -0.002986
v -0.060411 0.476711 -0.002905
v -0.060382 0.476778 -0.003051
v -0.060374 0.476716 -0.002829
v -0.060324 0.476831 -0.003082
v -0.060314 0.476746 -0.002778
v -0.060255 0.476880 -0.003070
v -0.060245 0.476794 -0.002767
v -0.060195 0.476910 -0.003020
v -0.060187 0.476847 -0.002798
v -0.060158 0.476914 -0.002944
v -0.060155 0.476891 -0.002862
v -0.059854 0.475993 -0.003224
v -0.059850 0.475967 -0.003132
v -0.059819 0.476044 -0.003296
v -0.059810 0.475973 -0.003046
v -0.059756 0.476107 -0.003330
v -0.059681 0.476163 -0.003316
v -0.059743 0.476009 -0.002989
v -0.059668 0.476066 -0.002976
v -0.059614 0.476199 -0.003259
v -0.059605 0.476128 -0.003010
v -0.059574 0.476205 -0.003173
v -0.059570 0.476179 -0.003082
v -0.059253 0.475249 -0.003467
v -0.059249 0.475220 -0.003365
v -0.059215 0.475307 -0.003547
v -0.059205 0.475227 -0.003269
v -0.059146 0.475378 -0.003584
v -0.059065 0.475443 -0.003568
v -0.059132 0.475269 -0.003205
v -0.058992 0.475485 -0.003504
v -0.059051 0.475335 -0.003189
v -0.058982 0.475406 -0.003227
v -0.058948 0.475493 -0.003408
v -0.058945 0.475464 -0.003307
v -0.058617 0.474503 -0.003707
v -0.058613 0.474471 -0.003596
v -0.058576 0.474567 -0.003795
v -0.058566 0.474481 -0.003490
v -0.058502 0.474646 -0.003836
v -0.058414 0.474720 -0.003818
v -0.058488 0.474529 -0.003418
v -0.058336 0.474769 -0.003746
v -0.058400 0.474603 -0.003400
v -0.058289 0.474778 -0.003641
v -0.058326 0.474683 -0.003441
v -0.058285 0.474747 -0.003529
v -0.057953 0.473755 -0.003938
v -0.057950 0.473722 -0.003816
v -0.057908 0.473825 -0.004034
v -0.057901 0.473735 -0.003700
v -0.057828 0.473913 -0.004078
v -0.057818 0.473790 -0.003621
v -0.057734 0.473995 -0.004058
v -0.057651 0.474050 -0.003979
v -0.057724 0.473872 -0.003601
v -0.057643 0.473960 -0.003645
v -0.057601 0.474063 -0.003863
v -0.057599 0.474030 -0.003741
v -0.057263 0.473003 -0.004153
v -0.057261 0.472968 -0.004020
v -0.057217 0.473080 -0.004256
v -0.057210 0.472984 -0.003893
v -0.057134 0.473180 -0.004302
v -0.057125 0.473049 -0.003807
v -0.057037 0.473274 -0.004279
v -0.057028 0.473143 -0.003784
v -0.056951 0.473338 -0.004193
v -0.056945 0.473242 -0.003830
v -0.056901 0.473355 -0.004066
v -0.056898 0.473319 -0.003934
v -0.056879 0.472655 -0.004255
v -0.056875 0.472618 -0.004119
v -0.056838 0.472740 -0.004359
v -0.056827 0.472638 -0.003988
v -0.056762 0.472851 -0.004404
v -0.056748 0.472712 -0.003897
v -0.056673 0.472957 -0.004378
v -0.056659 0.472818 -0.003870
v -0.056594 0.473030 -0.004287
v -0.056584 0.472928 -0.003915
v -0.056546 0.473051 -0.004156
v -0.056415 0.472329 -0.004365
v -0.056409 0.472289 -0.004226
v -0.056380 0.472421 -0.004471
v -0.056543 0.473013 -0.004020
v -0.056314 0.472542 -0.004514
v -0.056364 0.472313 -0.004090
v -0.056234 0.472659 -0.004484
v -0.056292 0.472395 -0.003995
v -0.056162 0.472741 -0.004389
v -0.056212 0.472512 -0.003965
v -0.056146 0.472633 -0.004009
v -0.056117 0.472765 -0.004253
v -0.056111 0.472726 -0.004114
v -0.055894 0.472024 -0.004479
v -0.055887 0.471982 -0.004336
v -0.055864 0.472122 -0.004586
v -0.055803 0.472250 -0.004630
v -0.055845 0.472009 -0.004197
v -0.055730 0.472375 -0.004597
v -0.055777 0.472097 -0.004097
v -0.055662 0.472463 -0.004498
v -0.055703 0.472222 -0.004065
v -0.055619 0.472490 -0.004358
v -0.055643 0.472350 -0.004108
v -0.055612 0.472448 -0.004215
v -0.055332 0.471733 -0.004594
v -0.055325 0.471691 -0.004448
v -0.055304 0.471835 -0.004703
v -0.055247 0.471969 -0.004747
v -0.055283 0.471719 -0.004304
v -0.055177 0.472100 -0.004712
v -0.055219 0.471811 -0.004202
v -0.055112 0.472192 -0.004610
v -0.055149 0.471942 -0.004167
v -0.055071 0.472221 -0.004466
v -0.055092 0.472077 -0.004211
v -0.055063 0.472179 -0.004320
v -0.054744 0.471451 -0.004708
v -0.054737 0.471408 -0.004558
v -0.054716 0.471556 -0.004819
v -0.054660 0.471695 -0.004863
v -0.054697 0.471438 -0.004410
v -0.054591 0.471830 -0.004828
v -0.054633 0.471534 -0.004304
v -0.054528 0.471926 -0.004722
v -0.054565 0.471669 -0.004269
v -0.054488 0.471956 -0.004574
v -0.054509 0.471808 -0.004313
v -0.054480 0.471913 -0.004424
v -0.054146 0.471173 -0.004816
v -0.054140 0.471129 -0.004663
v -0.054116 0.471280 -0.004931
v -0.054059 0.471422 -0.004976
v -0.054099 0.471161 -0.004512
v -0.053990 0.471561 -0.004939
v -0.054036 0.471259 -0.004403
v -0.053926 0.471660 -0.004831
v -0.053966 0.471398 -0.004366
v -0.053886 0.471692 -0.004679
v -0.053909 0.471541 -0.004411
v -0.053880 0.471648 -0.004526
v -0.053553 0.470894 -0.004918
v -0.053549 0.470850 -0.004761
v -0.053520 0.471003 -0.005036
v -0.053460 0.471147 -0.005082
v -0.053509 0.470883 -0.004605
v -0.053387 0.471289 -0.005045
v -0.053443 0.470984 -0.004494
v -0.053322 0.471389 -0.004934
v -0.053371 0.471125 -0.004457
v -0.053281 0.471422 -0.004779
v -0.053310 0.471270 -0.004503
v -0.053277 0.471378 -0.004621
v -0.052982 0.470610 -0.005009
v -0.052981 0.470567 -0.004848
v -0.052944 0.470719 -0.005130
v -0.052877 0.470864 -0.005178
v -0.052940 0.470600 -0.004689
v -0.052799 0.471007 -0.005141
v -0.052872 0.470702 -0.004576
v -0.052730 0.471109 -0.005027
v -0.052793 0.470845 -0.004538
v -0.052726 0.470991 -0.004586
v -0.052690 0.471143 -0.004869
v -0.052688 0.471100 -0.004707
v -0.052450 0.470317 -0.005087
v -0.052453 0.470275 -0.004921
v -0.052404 0.470425 -0.005212
v -0.052412 0.470310 -0.004759
v -0.052327 0.470569 -0.005262
v -0.052338 0.470412 -0.004643
v -0.052240 0.470711 -0.005225
v -0.052250 0.470555 -0.004606
v -0.052166 0.470813 -0.005109
v -0.052173 0.470699 -0.004656
v -0.052125 0.470848 -0.004947
v -0.052128 0.470806 -0.004781
v -0.051974 0.470014 -0.005148
v -0.051983 0.469974 -0.004978
v -0.051917 0.470117 -0.005277
v -0.051940 0.470010 -0.004812
v -0.051826 0.470256 -0.005330
v -0.051858 0.470110 -0.004695
v -0.051726 0.470395 -0.005293
v -0.051758 0.470249 -0.004658
v -0.051644 0.470495 -0.005176
v -0.051668 0.470388 -0.004711
v -0.051602 0.470531 -0.005010
v -0.051610 0.470491 -0.004840
v -0.051572 0.469698 -0.005191
v -0.051588 0.469664 -0.005016
v -0.051499 0.469792 -0.005323
v -0.051544 0.469699 -0.004847
v -0.051389 0.469921 -0.005379
v -0.051451 0.469794 -0.004728
v -0.051272 0.470051 -0.005343
v -0.051333 0.469924 -0.004692
v -0.051178 0.470146 -0.005224
v -0.051224 0.470053 -0.004748
v -0.051134 0.470181 -0.005055
v -0.051151 0.470147 -0.004880
v -0.051257 0.469368 -0.005211
v -0.051280 0.469340 -0.005033
v -0.051168 0.469450 -0.005348
v -0.051231 0.469373 -0.004860
v -0.051037 0.469563 -0.005406
v -0.051124 0.469458 -0.004740
v -0.050899 0.469677 -0.005370
v -0.050986 0.469572 -0.004704
v -0.050947 0.468936 -0.005229
v -0.050971 0.468909 -0.005050
v -0.050851 0.469007 -0.005366
v -0.050792 0.469761 -0.005250
v -0.050916 0.468933 -0.004878
v -0.050855 0.469684 -0.004762
v -0.050707 0.469102 -0.005425
v -0.050743 0.469794 -0.005077
v -0.050767 0.469766 -0.004899
v -0.050797 0.469001 -0.004759
v -0.050555 0.469197 -0.005390
v -0.050645 0.469095 -0.004724
v -0.050682 0.468464 -0.005271
v -0.050703 0.468432 -0.005093
v -0.050583 0.468531 -0.005409
v -0.050641 0.468443 -0.004922
v -0.050436 0.469265 -0.005271
v -0.050433 0.468615 -0.005469
v -0.050501 0.469191 -0.004783
v -0.050512 0.468496 -0.004804
v -0.050380 0.469289 -0.005099
v -0.050404 0.469261 -0.004920
v -0.050440 0.467951 -0.005347
v -0.050458 0.467911 -0.005170
v -0.050273 0.468695 -0.005436
v -0.050343 0.468020 -0.005484
v -0.050390 0.467911 -0.005001
v -0.050352 0.468575 -0.004771
v -0.050190 0.468100 -0.005545
v -0.050144 0.468747 -0.005318
v -0.050255 0.467951 -0.004884
v -0.050202 0.468659 -0.004831
v -0.050203 0.467402 -0.005464
v -0.050216 0.467352 -0.005289
v -0.050108 0.467477 -0.005600
v -0.050025 0.468169 -0.005513
v -0.050082 0.468759 -0.005147
v -0.050103 0.468726 -0.004969
v -0.050144 0.467341 -0.005123
v -0.049957 0.467558 -0.005661
v -0.050090 0.468020 -0.004853
v -0.049890 0.468209 -0.005397
v -0.050005 0.467373 -0.005008
v -0.049950 0.466820 -0.005633
v -0.049958 0.466760 -0.005461
v -0.049860 0.466906 -0.005766
v -0.049938 0.468100 -0.004914
v -0.049789 0.467623 -0.005630
v -0.049882 0.466740 -0.005297
v -0.049822 0.468209 -0.005228
v -0.049711 0.466993 -0.005825
v -0.049840 0.468169 -0.005051
v -0.049838 0.467437 -0.004977
v -0.049651 0.467654 -0.005516
v -0.049741 0.466767 -0.005184
v -0.049660 0.466213 -0.005861
v -0.049663 0.466141 -0.005694
v -0.049576 0.466311 -0.005990
v -0.049544 0.467059 -0.005793
v -0.049686 0.467518 -0.005038
v -0.049583 0.466114 -0.005533
v -0.049578 0.467644 -0.005349
v -0.049432 0.466409 -0.006045
v -0.049574 0.466832 -0.005153
v -0.049591 0.467594 -0.005174
v -0.049403 0.467086 -0.005681
v -0.049442 0.466139 -0.005420
v -0.049267 0.466479 -0.006012
v -0.049425 0.466920 -0.005212
v -0.049313 0.465587 -0.006158
v -0.049310 0.465504 -0.005996
v -0.049236 0.465698 -0.006280
v -0.049327 0.467066 -0.005516
v -0.049226 0.465471 -0.005837
v -0.049099 0.465808 -0.006329
v -0.049277 0.466210 -0.005387
v -0.049335 0.467005 -0.005345
v -0.049126 0.466505 -0.005899
v -0.049086 0.465498 -0.005724
v -0.048938 0.465886 -0.006292
v -0.049133 0.466307 -0.005442
v -0.049046 0.466478 -0.005738
v -0.048887 0.464948 -0.006530
v -0.048877 0.464855 -0.006373
v -0.048818 0.465072 -0.006644
v -0.049049 0.466405 -0.005571
v -0.048925 0.465576 -0.005687
v -0.048798 0.465912 -0.006180
v -0.048791 0.464818 -0.006217
v -0.048689 0.465194 -0.006687
v -0.048788 0.465685 -0.005737
v -0.048715 0.465880 -0.006021
v -0.048535 0.465281 -0.006645
v -0.048652 0.464847 -0.006103
v -0.048711 0.465796 -0.005859
v -0.048396 0.465310 -0.006530
v -0.048497 0.464935 -0.006061
v -0.048361 0.464303 -0.006985
v -0.048344 0.464202 -0.006834
v -0.048302 0.464438 -0.007092
v -0.048182 0.464572 -0.007125
v -0.048256 0.464162 -0.006680
v -0.048369 0.465057 -0.006103
v -0.048310 0.465273 -0.006374
v -0.048035 0.464668 -0.007077
v -0.048300 0.465180 -0.006217
v -0.048120 0.464195 -0.006563
v -0.047899 0.464700 -0.006961
v -0.047973 0.464291 -0.006515
v -0.047811 0.464661 -0.006806
v -0.047714 0.463656 -0.007530
v -0.047665 0.463802 -0.007629
v -0.047853 0.464424 -0.006549
v -0.047691 0.463549 -0.007385
v -0.047601 0.463508 -0.007232
v -0.047556 0.463945 -0.007654
v -0.047794 0.464560 -0.006655
v -0.047417 0.464049 -0.007599
v -0.047469 0.463544 -0.007112
v -0.047284 0.464086 -0.007479
v -0.047330 0.463648 -0.007057
v -0.047195 0.464044 -0.007326
v -0.047221 0.463792 -0.007083
v -0.047171 0.463937 -0.007181
v -0.046927 0.463015 -0.008173
v -0.046887 0.463168 -0.008264
v -0.046898 0.462902 -0.008032
v -0.046788 0.463320 -0.008281
v -0.046807 0.462860 -0.007880
v -0.046657 0.463430 -0.008219
v -0.046679 0.462900 -0.007757
v -0.046529 0.463470 -0.008096
v -0.046548 0.463011 -0.007695
v -0.046438 0.463428 -0.007943
v -0.046449 0.463163 -0.007712
v -0.046409 0.463315 -0.007803
v -0.045978 0.462382 -0.008920
v -0.045947 0.462541 -0.009004
v -0.045944 0.462266 -0.008784
v -0.045858 0.462700 -0.009013
v -0.045852 0.462223 -0.008632
v -0.045735 0.462816 -0.008945
v -0.045728 0.462266 -0.008505
v -0.045612 0.462858 -0.008818
v -0.045605 0.462382 -0.008438
v -0.045520 0.462816 -0.008666
v -0.045516 0.462541 -0.008447
v -0.045485 0.462700 -0.008530
v -0.077149 0.476658 0.005449
v -0.078653 0.477964 0.005576
v -0.078664 0.477949 0.005584
v -0.077132 0.476677 0.005451
v -0.078641 0.477979 0.005578
v -0.077164 0.476641 0.005459
v -0.078671 0.477940 0.005600
v -0.077174 0.476629 0.005480
v -0.078671 0.477937 0.005619
v -0.077174 0.476626 0.005505
v -0.078665 0.477943 0.005637
v -0.077166 0.476633 0.005528
v -0.078655 0.477955 0.005648
v -0.077152 0.476648 0.005543
v -0.078642 0.477970 0.005650
v -0.077117 0.476692 0.005466
v -0.078630 0.477990 0.005589
v -0.077109 0.476698 0.005489
v -0.078624 0.477996 0.005607
v -0.077110 0.476696 0.005515
v -0.078625 0.477993 0.005627
v -0.077119 0.476684 0.005535
v -0.078631 0.477984 0.005642
v -0.077135 0.476666 0.005546
v -0.075859 0.475363 0.005367
v -0.075839 0.475383 0.005354
v -0.075871 0.475349 0.005393
v -0.075873 0.475346 0.005424
v -0.075863 0.475354 0.005453
v -0.075816 0.475405 0.005357
v -0.075844 0.475372 0.005471
v -0.075821 0.475394 0.005474
v -0.075798 0.475422 0.005375
v -0.075787 0.475431 0.005404
v -0.075789 0.475428 0.005435
v -0.075801 0.475414 0.005461
v -0.074717 0.474119 0.005299
v -0.074692 0.474142 0.005283
v -0.074733 0.474104 0.005329
v -0.074734 0.474100 0.005366
v -0.074722 0.474110 0.005400
v -0.074699 0.474129 0.005422
v -0.074664 0.474166 0.005287
v -0.074671 0.474154 0.005426
v -0.074640 0.474186 0.005309
v -0.074628 0.474195 0.005343
v -0.074630 0.474192 0.005380
v -0.074646 0.474177 0.005410
v -0.073725 0.472895 0.005281
v -0.073706 0.472911 0.005245
v -0.073728 0.472891 0.005324
v -0.073676 0.472937 0.005227
v -0.073713 0.472902 0.005363
v -0.073685 0.472923 0.005388
v -0.073642 0.472964 0.005231
v -0.073652 0.472951 0.005393
v -0.073615 0.472986 0.005257
v -0.073600 0.472996 0.005296
v -0.073602 0.472993 0.005339
v -0.073621 0.472976 0.005374
v -0.072817 0.471724 0.005238
v -0.072795 0.471743 0.005198
v -0.072820 0.471720 0.005287
v -0.072760 0.471771 0.005178
v -0.072803 0.471732 0.005332
v -0.072771 0.471756 0.005361
v -0.072721 0.471800 0.005182
v -0.072732 0.471786 0.005365
v -0.072689 0.471824 0.005211
v -0.072672 0.471836 0.005256
v -0.072697 0.471814 0.005345
v -0.072675 0.471832 0.005305
v -0.071977 0.470595 0.005193
v -0.071953 0.470616 0.005148
v -0.071980 0.470591 0.005248
v -0.071961 0.470603 0.005299
v -0.071913 0.470647 0.005125
v -0.071924 0.470630 0.005331
v -0.071869 0.470680 0.005130
v -0.071880 0.470663 0.005336
v -0.071832 0.470706 0.005162
v -0.071813 0.470719 0.005213
v -0.071816 0.470714 0.005268
v -0.071841 0.470694 0.005313
v -0.071173 0.469510 0.005137
v -0.071147 0.469533 0.005087
v -0.071176 0.469504 0.005198
v -0.071155 0.469518 0.005253
v -0.071103 0.469568 0.005062
v -0.071114 0.469547 0.005289
v -0.071055 0.469605 0.005067
v -0.071065 0.469584 0.005295
v -0.071014 0.469634 0.005103
v -0.071022 0.469618 0.005269
v -0.070992 0.469648 0.005158
v -0.070995 0.469642 0.005219
v -0.070374 0.468470 0.005060
v -0.070346 0.468498 0.005005
v -0.070376 0.468463 0.005127
v -0.070352 0.468477 0.005188
v -0.070299 0.468538 0.004978
v -0.070307 0.468510 0.005227
v -0.070247 0.468580 0.004984
v -0.070255 0.468552 0.005233
v -0.070203 0.468612 0.005023
v -0.070209 0.468592 0.005205
v -0.070179 0.468627 0.005084
v -0.070181 0.468619 0.005151
v -0.069546 0.467479 0.004954
v -0.069518 0.467511 0.004895
v -0.069546 0.467469 0.005026
v -0.069520 0.467484 0.005093
v -0.069470 0.467558 0.004865
v -0.069473 0.467521 0.005135
v -0.069416 0.467606 0.004872
v -0.069419 0.467569 0.005143
v -0.069369 0.467643 0.004915
v -0.069371 0.467616 0.005113
v -0.069342 0.467659 0.004981
v -0.069343 0.467649 0.005054
v -0.068658 0.466538 0.004810
v -0.068631 0.466577 0.004746
v -0.068656 0.466525 0.004888
v -0.068628 0.466542 0.004959
v -0.068584 0.466632 0.004715
v -0.068579 0.466584 0.005006
v -0.068528 0.466688 0.004723
v -0.068524 0.466640 0.005014
v -0.068480 0.466730 0.004769
v -0.068477 0.466695 0.004982
v -0.068451 0.466747 0.004841
v -0.068450 0.466734 0.004919
v -0.067678 0.465652 0.004618
v -0.067674 0.465636 0.004701
v -0.067654 0.465698 0.004551
v -0.067643 0.465654 0.004779
v -0.067609 0.465762 0.004518
v -0.067594 0.465701 0.004829
v -0.067554 0.465827 0.004528
v -0.067540 0.465766 0.004839
v -0.067505 0.465874 0.004578
v -0.067495 0.465830 0.004806
v -0.067475 0.465893 0.004655
v -0.067471 0.465876 0.004739
v -0.066575 0.464824 0.004370
v -0.066568 0.464804 0.004459
v -0.066555 0.464877 0.004300
v -0.066514 0.464951 0.004266
v -0.066535 0.464824 0.004541
v -0.066462 0.465025 0.004278
v -0.066486 0.464877 0.004596
v -0.066413 0.465079 0.004333
v -0.066434 0.464951 0.004608
v -0.066393 0.465025 0.004574
v -0.066381 0.465098 0.004415
v -0.066373 0.465079 0.004504
usemtl Superior_medial_genicular_vein_rMaterial0
f 1 2 3
f 4 5 2
f 4 2 1
f 6 3 7
f 1 3 6
f 8 7 9
f 6 7 8
f 10 11 5
f 10 5 4
f 12 9 13
f 8 9 12
f 14 15 11
f 14 11 10
f 16 13 17
f 12 13 16
f 18 19 15
f 18 15 14
f 20 17 21
f 16 17 20
f 22 23 19
f 22 19 18
f 24 21 23
f 24 23 22
f 20 21 24
f 25 26 27
f 27 28 29
f 27 26 28
f 30 31 25
f 25 31 26
f 29 32 33
f 29 28 32
f 34 35 30
f 30 35 31
f 33 36 37
f 33 32 36
f 38 39 34
f 34 39 35
f 37 40 41
f 37 36 40
f 42 43 38
f 38 43 39
f 41 44 45
f 41 40 44
f 46 47 42
f 42 47 43
f 45 48 46
f 45 44 48
f 46 48 47
f 31 49 26
f 26 50 28
f 26 49 50
f 35 51 31
f 31 51 49
f 52 1 6
f 53 4 1
f 53 1 52
f 54 6 8
f 52 6 54
f 55 8 12
f 54 8 55
f 56 10 4
f 56 4 53
f 57 12 16
f 55 12 57
f 58 14 10
f 58 10 56
f 59 16 20
f 57 16 59
f 60 18 14
f 60 14 58
f 61 20 24
f 59 20 61
f 62 22 18
f 62 18 60
f 63 24 22
f 63 22 62
f 61 24 63
f 28 64 32
f 28 50 64
f 39 65 35
f 35 65 51
f 32 66 36
f 32 64 66
f 43 67 39
f 39 67 65
f 36 68 40
f 36 66 68
f 47 69 43
f 43 69 67
f 40 70 44
f 40 68 70
f 48 71 47
f 47 71 69
f 44 72 48
f 44 70 72
f 48 72 71
f 51 73 49
f 49 74 50
f 49 73 74
f 75 52 54
f 76 53 52
f 76 52 75
f 77 54 55
f 75 54 77
f 78 55 57
f 77 55 78
f 79 56 53
f 79 53 76
f 80 58 56
f 80 56 79
f 81 60 58
f 81 58 80
f 65 82 51
f 51 82 73
f 83 57 59
f 78 57 83
f 84 59 61
f 83 59 84
f 85 61 63
f 84 61 85
f 86 62 60
f 86 60 81
f 87 63 62
f 85 63 87
f 87 62 86
f 50 88 64
f 50 74 88
f 67 89 65
f 65 89 82
f 64 90 66
f 64 88 90
f 69 91 67
f 67 91 89
f 66 92 68
f 66 90 92
f 71 93 69
f 69 93 91
f 68 94 70
f 68 92 94
f 72 95 71
f 71 95 93
f 70 96 72
f 70 94 96
f 72 96 95
f 97 75 77
f 98 77 78
f 97 77 98
f 99 76 75
f 99 75 97
f 100 78 83
f 98 78 100
f 101 79 76
f 101 76 99
f 102 83 84
f 100 83 102
f 103 80 79
f 103 79 101
f 104 84 85
f 102 84 104
f 105 81 80
f 105 80 103
f 106 85 87
f 104 85 106
f 107 86 81
f 107 81 105
f 108 87 86
f 106 87 108
f 108 86 107
f 82 109 73
f 73 110 74
f 73 109 110
f 89 111 82
f 82 111 109
f 74 112 88
f 74 110 112
f 91 113 89
f 89 113 111
f 88 114 90
f 88 112 114
f 93 115 91
f 91 115 113
f 90 116 92
f 90 114 116
f 95 117 93
f 93 117 115
f 92 118 94
f 92 116 118
f 96 119 95
f 95 119 117
f 94 120 96
f 94 118 120
f 96 120 119
f 121 97 98
f 122 98 100
f 121 98 122
f 123 99 97
f 123 97 121
f 124 100 102
f 122 100 124
f 125 101 99
f 125 99 123
f 126 102 104
f 124 102 126
f 127 103 101
f 127 101 125
f 128 104 106
f 126 104 128
f 129 105 103
f 129 103 127
f 130 106 108
f 128 106 130
f 131 107 105
f 131 105 129
f 132 108 107
f 130 108 132
f 132 107 131
f 111 133 109
f 109 134 110
f 109 133 134
f 113 135 111
f 111 135 133
f 110 136 112
f 110 134 136
f 115 137 113
f 113 137 135
f 138 121 122
f 139 122 124
f 138 122 139
f 140 123 121
f 140 121 138
f 141 124 126
f 139 124 141
f 142 125 123
f 142 123 140
f 143 127 125
f 143 125 142
f 144 126 128
f 141 126 144
f 145 128 130
f 144 128 145
f 146 129 127
f 146 127 143
f 147 130 132
f 145 130 147
f 148 131 129
f 148 129 146
f 149 132 131
f 147 132 149
f 149 131 148
f 112 150 114
f 112 136 150
f 117 151 115
f 115 151 137
f 114 152 116
f 114 150 152
f 119 153 117
f 117 153 151
f 116 154 118
f 116 152 154
f 120 155 119
f 119 155 153
f 118 156 120
f 118 154 156
f 120 156 155
f 157 138 139
f 158 139 141
f 157 139 158
f 159 140 138
f 159 138 157
f 160 141 144
f 158 141 160
f 161 142 140
f 161 140 159
f 162 144 145
f 160 144 162
f 163 143 142
f 163 142 161
f 164 145 147
f 162 145 164
f 165 146 143
f 165 143 163
f 166 147 149
f 164 147 166
f 167 148 146
f 167 146 165
f 168 149 148
f 166 149 168
f 168 148 167
f 135 169 133
f 133 170 134
f 133 169 170
f 137 171 135
f 135 171 169
f 134 172 136
f 134 170 172
f 151 173 137
f 137 173 171
f 174 157 158
f 175 158 160
f 174 158 175
f 176 159 157
f 176 157 174
f 177 160 162
f 175 160 177
f 178 161 159
f 178 159 176
f 179 162 164
f 177 162 179
f 180 163 161
f 180 161 178
f 181 164 166
f 179 164 181
f 182 165 163
f 182 163 180
f 183 166 168
f 181 166 183
f 184 167 165
f 184 165 182
f 185 168 167
f 183 168 185
f 185 167 184
f 136 186 150
f 136 172 186
f 153 187 151
f 151 187 173
f 150 188 152
f 150 186 188
f 155 189 153
f 153 189 187
f 152 190 154
f 152 188 190
f 156 191 155
f 155 191 189
f 154 192 156
f 154 190 192
f 156 192 191
f 193 174 175
f 194 175 177
f 193 175 194
f 195 176 174
f 195 174 193
f 196 177 179
f 194 177 196
f 197 178 176
f 197 176 195
f 198 179 181
f 196 179 198
f 199 180 178
f 199 178 197
f 200 181 183
f 198 181 200
f 201 182 180
f 201 180 199
f 202 183 185
f 200 183 202
f 203 184 182
f 203 182 201
f 204 185 184
f 202 185 204
f 204 184 203
f 169 205 170
f 171 206 169
f 169 206 205
f 170 207 172
f 170 205 207
f 173 208 171
f 171 208 206
f 209 199 197
f 210 197 195
f 209 197 210
f 211 201 199
f 211 199 209
f 212 195 193
f 210 195 212
f 213 203 201
f 213 201 211
f 214 193 194
f 212 193 214
f 215 204 203
f 215 203 213
f 216 194 196
f 214 194 216
f 217 196 198
f 216 196 217
f 218 202 204
f 219 200 202
f 219 202 218
f 218 204 215
f 172 220 186
f 172 207 220
f 187 221 173
f 173 221 208
f 222 198 200
f 217 198 222
f 222 200 219
f 186 223 188
f 186 220 223
f 189 224 187
f 187 224 221
f 188 225 190
f 188 223 225
f 191 226 189
f 189 226 224
f 190 227 192
f 190 225 227
f 192 228 191
f 191 228 226
f 192 227 228
f 229 209 210
f 230 210 212
f 229 210 230
f 231 211 209
f 231 209 229
f 232 212 214
f 230 212 232
f 233 213 211
f 233 211 231
f 234 214 216
f 232 214 234
f 235 215 213
f 235 213 233
f 236 216 217
f 234 216 236
f 237 218 215
f 237 215 235
f 238 217 222
f 236 217 238
f 239 219 218
f 239 218 237
f 240 222 219
f 238 222 240
f 240 219 239
f 206 241 205
f 208 242 206
f 206 242 241
f 205 243 207
f 205 241 243
f 221 244 208
f 208 244 242
f 207 245 220
f 207 243 245
f 224 246 221
f 221 246 244
f 220 247 223
f 220 245 247
f 226 248 224
f 224 248 246
f 249 229 230
f 250 230 232
f 249 230 250
f 251 231 229
f 251 229 249
f 252 232 234
f 250 232 252
f 253 233 231
f 253 231 251
f 254 234 236
f 252 234 254
f 255 235 233
f 255 233 253
f 223 256 225
f 223 247 256
f 257 236 238
f 254 236 257
f 258 237 235
f 258 235 255
f 259 238 240
f 257 238 259
f 260 239 237
f 260 237 258
f 261 240 239
f 259 240 261
f 261 239 260
f 228 262 226
f 226 262 248
f 225 263 227
f 225 256 263
f 227 264 228
f 228 264 262
f 227 263 264
f 265 249 250
f 266 250 252
f 265 250 266
f 267 251 249
f 267 249 265
f 268 252 254
f 266 252 268
f 269 253 251
f 269 251 267
f 270 254 257
f 268 254 270
f 271 255 253
f 271 253 269
f 272 257 259
f 270 257 272
f 273 258 255
f 273 255 271
f 242 274 241
f 241 275 243
f 241 274 275
f 244 276 242
f 242 276 274
f 277 259 261
f 272 259 277
f 278 260 258
f 278 258 273
f 279 261 260
f 277 261 279
f 279 260 278
f 243 280 245
f 243 275 280
f 246 281 244
f 244 281 276
f 245 282 247
f 245 280 282
f 248 283 246
f 246 283 281
f 247 284 256
f 247 282 284
f 262 285 248
f 248 285 283
f 256 286 263
f 256 284 286
f 264 287 262
f 262 287 285
f 263 288 264
f 263 286 288
f 264 288 287
f 274 289 275
f 276 290 274
f 274 290 289
f 275 291 280
f 275 289 291
f 281 292 276
f 276 292 290
f 280 293 282
f 280 291 293
f 283 294 281
f 281 294 292
f 282 295 284
f 282 293 295
f 285 296 283
f 283 296 294
f 284 297 286
f 284 295 297
f 287 298 285
f 285 298 296
f 286 299 288
f 286 297 299
f 288 300 287
f 287 300 298
f 288 299 300
f 301 265 266
f 302 266 268
f 301 266 302
f 303 267 265
f 303 265 301
f 304 268 270
f 302 268 304
f 305 269 267
f 305 267 303
f 306 270 272
f 304 270 306
f 307 271 269
f 307 269 305
f 308 272 277
f 306 272 308
f 309 273 271
f 309 271 307
f 310 277 279
f 308 277 310
f 311 278 273
f 311 273 309
f 312 279 278
f 310 279 312
f 312 278 311
f 290 313 289
f 292 314 290
f 290 314 313
f 289 315 291
f 289 313 315
f 294 316 292
f 292 316 314
f 291 317 293
f 291 315 317
f 296 318 294
f 294 318 316
f 293 319 295
f 293 317 319
f 298 320 296
f 296 320 318
f 295 321 297
f 295 319 321
f 300 322 298
f 298 322 320
f 297 323 299
f 297 321 323
f 299 324 300
f 299 323 324
f 300 324 322
f 325 302 304
f 326 301 302
f 326 302 325
f 327 304 306
f 325 304 327
f 328 303 301
f 328 301 326
f 329 306 308
f 327 306 329
f 330 305 303
f 330 303 328
f 331 308 310
f 329 308 331
f 332 307 305
f 332 305 330
f 333 310 312
f 331 310 333
f 334 309 307
f 334 307 332
f 335 312 311
f 333 312 335
f 336 311 309
f 336 309 334
f 335 311 336
f 314 337 313
f 313 338 315
f 313 337 338
f 316 339 314
f 314 339 337
f 315 340 317
f 315 338 340
f 318 341 316
f 316 341 339
f 317 342 319
f 317 340 342
f 320 343 318
f 318 343 341
f 319 344 321
f 319 342 344
f 322 345 320
f 320 345 343
f 321 346 323
f 321 344 346
f 324 347 322
f 322 347 345
f 323 348 324
f 323 346 348
f 324 348 347
f 349 325 327
f 350 327 329
f 349 327 350
f 351 326 325
f 351 325 349
f 352 329 331
f 350 329 352
f 353 328 326
f 353 326 351
f 354 331 333
f 352 331 354
f 355 330 328
f 355 328 353
f 356 333 335
f 354 333 356
f 357 332 330
f 357 330 355
f 358 335 336
f 356 335 358
f 359 334 332
f 359 332 357
f 360 336 334
f 358 336 360
f 360 334 359
f 339 361 337
f 337 362 338
f 337 361 362
f 341 363 339
f 339 363 361
f 338 364 340
f 338 362 364
f 343 365 341
f 341 365 363
f 340 366 342
f 340 364 366
f 345 367 343
f 343 367 365
f 342 368 344
f 342 366 368
f 347 369 345
f 345 369 367
f 344 370 346
f 344 368 370
f 348 371 347
f 347 371 369
f 346 372 348
f 346 370 372
f 361 373 362
f 363 374 361
f 361 374 373
f 348 372 371
f 362 375 364
f 362 373 375
f 365 376 363
f 363 376 374
f 364 377 366
f 364 375 377
f 367 378 365
f 365 378 376
f 366 379 368
f 366 377 379
f 369 380 367
f 367 380 378
f 381 349 350
f 382 350 352
f 381 350 382
f 383 351 349
f 383 349 381
f 384 352 354
f 382 352 384
f 385 353 351
f 385 351 383
f 386 354 356
f 384 354 386
f 368 387 370
f 368 379 387
f 388 355 353
f 388 353 385
f 389 356 358
f 386 356 389
f 371 390 369
f 369 390 380
f 391 357 355
f 391 355 388
f 392 358 360
f 389 358 392
f 370 393 372
f 370 387 393
f 394 359 357
f 394 357 391
f 395 360 359
f 392 360 395
f 395 359 394
f 372 396 371
f 371 396 390
f 372 393 396
f 374 397 373
f 376 398 374
f 374 398 397
f 373 399 375
f 373 397 399
f 378 400 376
f 376 400 398
f 375 401 377
f 375 399 401
f 380 402 378
f 378 402 400
f 377 403 379
f 377 401 403
f 390 404 380
f 380 404 402
f 379 405 387
f 379 403 405
f 396 406 390
f 390 406 404
f 387 407 393
f 387 405 407
f 408 382 384
f 409 381 382
f 409 382 408
f 393 410 396
f 396 410 406
f 393 407 410
f 411 384 386
f 408 384 411
f 412 383 381
f 412 381 409
f 413 386 389
f 411 386 413
f 414 385 383
f 414 383 412
f 415 389 392
f 413 389 415
f 416 388 385
f 416 385 414
f 417 392 395
f 415 392 417
f 418 391 388
f 418 388 416
f 419 395 394
f 417 395 419
f 420 394 391
f 420 391 418
f 419 394 420
f 398 421 397
f 400 422 398
f 398 422 421
f 397 423 399
f 397 421 423
f 399 424 401
f 399 423 424
f 402 425 400
f 400 425 422
f 401 426 403
f 401 424 426
f 404 427 402
f 402 427 425
f 403 428 405
f 403 426 428
f 406 429 404
f 404 429 427
f 410 430 406
f 406 430 429
f 405 431 407
f 405 428 431
f 432 408 411
f 433 409 408
f 433 408 432
f 434 411 413
f 432 411 434
f 407 435 410
f 410 435 430
f 407 431 435
f 436 412 409
f 436 409 433
f 437 413 415
f 434 413 437
f 438 414 412
f 438 412 436
f 439 415 417
f 437 415 439
f 440 416 414
f 440 414 438
f 441 417 419
f 439 417 441
f 442 418 416
f 442 416 440
f 443 419 420
f 441 419 443
f 444 420 418
f 444 418 442
f 443 420 444
f 422 445 421
f 425 446 422
f 422 446 445
f 421 447 423
f 421 445 447
f 423 448 424
f 423 447 448
f 427 449 425
f 425 449 446
f 424 450 426
f 424 448 450
f 429 451 427
f 427 451 449
f 452 432 434
f 453 433 432
f 453 432 452
f 454 434 437
f 452 434 454
f 455 436 433
f 455 433 453
f 430 456 429
f 429 456 451
f 426 457 428
f 426 450 457
f 458 437 439
f 454 437 458
f 459 438 436
f 459 436 455
f 428 460 431
f 428 457 460
f 461 439 441
f 458 439 461
f 435 462 430
f 430 462 456
f 463 440 438
f 463 438 459
f 431 464 435
f 435 464 462
f 431 460 464
f 465 441 443
f 461 441 465
f 466 442 440
f 466 440 463
f 467 443 444
f 465 443 467
f 468 444 442
f 468 442 466
f 467 444 468
f 469 452 454
f 470 453 452
f 470 452 469
f 471 454 458
f 469 454 471
f 472 455 453
f 472 453 470
f 446 473 445
f 449 474 446
f 446 474 473
f 445 475 447
f 445 473 475
f 476 458 461
f 471 458 476
f 477 459 455
f 477 455 472
f 451 478 449
f 449 478 474
f 447 479 448
f 447 475 479
f 480 463 459
f 480 459 477
f 481 461 465
f 476 461 481
f 456 482 451
f 451 482 478
f 448 483 450
f 448 479 483
f 484 466 463
f 484 463 480
f 485 465 467
f 481 465 485
f 486 468 466
f 486 466 484
f 487 467 468
f 485 467 487
f 487 468 486
f 462 488 456
f 456 488 482
f 450 489 457
f 450 483 489
f 464 490 462
f 462 490 488
f 457 491 460
f 457 489 491
f 492 470 469
f 493 469 471
f 492 469 493
f 494 472 470
f 494 470 492
f 495 471 476
f 493 471 495
f 496 477 472
f 496 472 494
f 460 497 464
f 464 497 490
f 460 491 497
f 498 476 481
f 495 476 498
f 499 480 477
f 499 477 496
f 500 481 485
f 498 481 500
f 501 484 480
f 501 480 499
f 502 485 487
f 500 485 502
f 503 486 484
f 503 484 501
f 504 487 486
f 502 487 504
f 504 486 503
f 505 492 493
f 506 494 492
f 506 492 505
f 507 493 495
f 505 493 507
f 508 496 494
f 508 494 506
f 474 509 473
f 478 510 474
f 474 510 509
f 473 511 475
f 473 509 511
f 512 495 498
f 507 495 512
f 513 499 496
f 513 496 508
f 482 514 478
f 478 514 510
f 475 515 479
f 475 511 515
f 488 516 482
f 482 516 514
f 517 498 500
f 512 498 517
f 518 501 499
f 518 499 513
f 479 519 483
f 479 515 519
f 490 520 488
f 488 520 516
f 521 500 502
f 517 500 521
f 522 503 501
f 522 501 518
f 483 523 489
f 483 519 523
f 524 502 504
f 521 502 524
f 525 504 503
f 524 504 525
f 526 506 505
f 527 505 507
f 526 505 527
f 525 503 522
f 528 508 506
f 528 506 526
f 497 529 490
f 490 529 520
f 489 530 491
f 489 523 530
f 531 507 512
f 527 507 531
f 532 513 508
f 532 508 528
f 491 533 497
f 497 533 529
f 491 530 533
f 534 512 517
f 531 512 534
f 535 518 513
f 535 513 532
f 536 517 521
f 534 517 536
f 537 522 518
f 537 518 535
f 538 526 527
f 539 528 526
f 539 526 538
f 540 521 524
f 536 521 540
f 541 525 522
f 541 522 537
f 542 527 531
f 538 527 542
f 543 532 528
f 543 528 539
f 544 524 525
f 540 524 544
f 544 525 541
f 545 531 534
f 542 531 545
f 510 546 509
f 514 547 510
f 510 547 546
f 509 548 511
f 509 546 548
f 516 549 514
f 514 549 547
f 550 535 532
f 550 532 543
f 511 551 515
f 511 548 551
f 552 534 536
f 545 534 552
f 520 553 516
f 516 553 549
f 515 554 519
f 515 551 554
f 555 537 535
f 555 535 550
f 529 556 520
f 520 556 553
f 557 536 540
f 552 536 557
f 519 558 523
f 519 554 558
f 533 559 529
f 529 559 556
f 560 541 537
f 560 537 555
f 523 561 530
f 523 558 561
f 562 540 544
f 557 540 562
f 530 563 533
f 533 563 559
f 530 561 563
f 564 544 541
f 564 541 560
f 562 544 564
f 565 538 542
f 566 539 538
f 566 538 565
f 567 542 545
f 565 542 567
f 568 543 539
f 568 539 566
f 569 545 552
f 567 545 569
f 570 550 543
f 570 543 568
f 571 552 557
f 569 552 571
f 572 555 550
f 572 550 570
f 573 557 562
f 571 557 573
f 549 574 547
f 547 575 546
f 547 574 575
f 553 576 549
f 549 576 574
f 577 560 555
f 577 555 572
f 546 578 548
f 546 575 578
f 579 562 564
f 573 562 579
f 556 580 553
f 553 580 576
f 548 581 551
f 548 578 581
f 582 564 560
f 582 560 577
f 583 565 567
f 584 566 565
f 584 565 583
f 579 564 582
f 585 567 569
f 583 567 585
f 586 568 566
f 586 566 584
f 559 587 556
f 556 587 580
f 551 588 554
f 551 581 588
f 589 569 571
f 585 569 589
f 563 590 559
f 559 590 587
f 591 570 568
f 591 568 586
f 554 592 558
f 554 588 592
f 593 571 573
f 589 571 593
f 561 594 563
f 563 594 590
f 558 595 561
f 558 592 595
f 561 595 594
f 596 572 570
f 596 570 591
f 597 573 579
f 593 573 597
f 598 577 572
f 598 572 596
f 599 579 582
f 597 579 599
f 600 583 585
f 601 584 583
f 601 583 600
f 602 582 577
f 599 582 602
f 602 577 598
f 603 585 589
f 600 585 603
f 604 586 584
f 604 584 601
f 605 589 593
f 603 589 605
f 606 591 586
f 606 586 604
f 576 607 574
f 574 608 575
f 574 607 608
f 580 609 576
f 576 609 607
f 610 593 597
f 605 593 610
f 575 611 578
f 575 608 611
f 587 612 580
f 580 612 609
f 613 596 591
f 613 591 606
f 578 614 581
f 578 611 614
f 615 597 599
f 610 597 615
f 590 616 587
f 587 616 612
f 617 598 596
f 617 596 613
f 581 618 588
f 581 614 618
f 594 619 590
f 590 619 616
f 620 599 602
f 615 599 620
f 621 600 603
f 622 601 600
f 622 600 621
f 623 603 605
f 621 603 623
f 624 602 598
f 624 598 617
f 620 602 624
f 588 625 592
f 588 618 625
f 626 604 601
f 626 601 622
f 595 627 594
f 594 627 619
f 628 605 610
f 623 605 628
f 592 629 595
f 592 625 629
f 595 629 627
f 630 606 604
f 630 604 626
f 631 610 615
f 628 610 631
f 632 613 606
f 632 606 630
f 633 615 620
f 631 615 633
f 634 617 613
f 634 613 632
f 635 621 623
f 636 622 621
f 636 621 635
f 637 620 624
f 633 620 637
f 638 623 628
f 635 623 638
f 639 624 617
f 639 617 634
f 637 624 639
f 640 626 622
f 640 622 636
f 609 641 607
f 612 642 609
f 609 642 641
f 607 643 608
f 607 641 643
f 644 628 631
f 638 628 644
f 616 645 612
f 612 645 642
f 608 646 611
f 608 643 646
f 647 630 626
f 647 626 640
f 619 648 616
f 616 648 645
f 649 631 633
f 644 631 649
f 611 650 614
f 611 646 650
f 627 651 619
f 619 651 648
f 652 632 630
f 652 630 647
f 653 633 637
f 649 633 653
f 614 654 618
f 614 650 654
f 629 655 627
f 627 655 651
f 656 634 632
f 656 632 652
f 618 657 625
f 618 654 657
f 658 635 638
f 659 636 635
f 659 635 658
f 660 638 644
f 658 638 660
f 625 661 629
f 629 661 655
f 662 637 639
f 653 637 662
f 625 657 661
f 663 640 636
f 663 636 659
f 664 639 634
f 664 634 656
f 662 639 664
f 665 644 649
f 660 644 665
f 666 647 640
f 666 640 663
f 667 649 653
f 665 649 667
f 668 652 647
f 668 647 666
f 669 653 662
f 667 653 669
f 645 670 642
f 642 671 641
f 642 670 671
f 672 658 660
f 673 659 658
f 673 658 672
f 648 674 645
f 645 674 670
f 675 660 665
f 672 660 675
f 641 676 643
f 641 671 676
f 677 656 652
f 677 652 668
f 678 662 664
f 669 662 678
f 679 663 659
f 679 659 673
f 680 665 667
f 675 665 680
f 651 681 648
f 648 681 674
f 682 664 656
f 682 656 677
f 678 664 682
f 643 683 646
f 643 676 683
f 684 666 663
f 684 663 679
f 655 685 651
f 651 685 681
f 686 667 669
f 680 667 686
f 646 687 650
f 646 683 687
f 661 688 655
f 655 688 685
f 689 668 666
f 689 666 684
f 690 669 678
f 686 669 690
f 650 691 654
f 650 687 691
f 692 672 675
f 693 675 680
f 692 675 693
f 694 673 672
f 694 672 692
f 657 695 661
f 661 695 688
f 654 696 657
f 654 691 696
f 697 677 668
f 697 668 689
f 657 696 695
f 698 678 682
f 690 678 698
f 699 680 686
f 693 680 699
f 700 679 673
f 700 673 694
f 701 682 677
f 701 677 697
f 698 682 701
f 702 686 690
f 699 686 702
f 703 684 679
f 703 679 700
f 704 690 698
f 702 690 704
f 705 689 684
f 705 684 703
f 674 706 670
f 670 707 671
f 670 706 707
f 708 692 693
f 709 693 699
f 708 693 709
f 710 694 692
f 710 692 708
f 681 711 674
f 674 711 706
f 671 712 676
f 671 707 712
f 713 699 702
f 709 699 713
f 685 714 681
f 681 714 711
f 715 700 694
f 715 694 710
f 716 698 701
f 704 698 716
f 717 697 689
f 717 689 705
f 676 718 683
f 676 712 718
f 719 701 697
f 716 701 719
f 719 697 717
f 720 702 704
f 713 702 720
f 688 721 685
f 685 721 714
f 722 703 700
f 722 700 715
f 683 723 687
f 683 718 723
f 711 724 706
f 706 725 707
f 706 724 725
f 714 726 711
f 711 726 724
f 727 704 716
f 720 704 727
f 728 708 709
f 729 709 713
f 728 709 729
f 730 705 703
f 730 703 722
f 731 710 708
f 731 708 728
f 707 732 712
f 707 725 732
f 695 733 688
f 688 733 721
f 734 713 720
f 729 713 734
f 721 735 714
f 714 735 726
f 687 736 691
f 687 723 736
f 737 715 710
f 737 710 731
f 712 738 718
f 712 732 738
f 696 739 695
f 695 739 733
f 740 716 719
f 727 716 740
f 741 717 705
f 741 705 730
f 691 742 696
f 691 736 742
f 696 742 739
f 743 720 727
f 734 720 743
f 733 744 721
f 721 744 735
f 745 719 717
f 740 719 745
f 745 717 741
f 746 722 715
f 746 715 737
f 718 747 723
f 718 738 747
f 724 748 725
f 726 749 724
f 724 749 748
f 750 728 729
f 751 729 734
f 750 729 751
f 752 731 728
f 752 728 750
f 725 753 732
f 725 748 753
f 735 754 726
f 726 754 749
f 755 727 740
f 743 727 755
f 739 756 733
f 733 756 744
f 757 734 743
f 751 734 757
f 758 730 722
f 758 722 746
f 723 759 736
f 723 747 759
f 760 737 731
f 760 731 752
f 732 761 738
f 732 753 761
f 744 762 735
f 735 762 754
f 742 763 739
f 739 763 756
f 764 740 745
f 755 740 764
f 736 765 742
f 736 759 765
f 757 743 766
f 766 743 755
f 767 741 730
f 767 730 758
f 742 765 763
f 738 768 747
f 738 761 768
f 769 745 741
f 764 745 769
f 769 741 767
f 770 750 751
f 771 751 757
f 770 751 771
f 772 746 737
f 772 737 760
f 749 773 748
f 754 774 749
f 749 774 773
f 756 775 744
f 744 775 762
f 776 752 750
f 776 750 770
f 748 777 753
f 748 773 777
f 778 757 766
f 771 757 778
f 766 755 779
f 779 755 764
f 762 780 754
f 754 780 774
f 781 760 752
f 781 752 776
f 747 782 759
f 747 768 782
f 763 783 756
f 756 783 775
f 784 758 746
f 784 746 772
f 753 785 761
f 753 777 785
f 786 766 779
f 778 766 786
f 775 787 762
f 762 787 780
f 788 764 769
f 779 764 788
f 759 789 765
f 759 782 789
f 765 790 763
f 763 790 783
f 791 767 758
f 791 758 784
f 792 772 760
f 792 760 781
f 765 789 790
f 761 793 768
f 761 785 793
f 774 794 773
f 780 795 774
f 774 795 794
f 796 769 767
f 788 769 796
f 796 767 791
f 773 797 777
f 773 794 797
f 775 798 787
f 783 798 775
f 799 779 788
f 786 779 799
f 787 800 780
f 780 800 795
f 801 770 771
f 802 771 778
f 801 771 802
f 803 776 770
f 803 770 801
f 804 784 772
f 804 772 792
f 777 805 785
f 777 797 805
f 768 806 782
f 768 793 806
f 787 807 800
f 798 807 787
f 808 778 786
f 802 778 808
f 790 809 783
f 783 809 798
f 810 788 796
f 799 788 810
f 795 811 794
f 800 812 795
f 795 812 811
f 813 781 776
f 813 776 803
f 814 791 784
f 814 784 804
f 782 815 789
f 782 806 815
f 794 816 797
f 794 811 816
f 807 817 800
f 800 817 812
f 789 818 790
f 790 818 809
f 819 796 791
f 810 796 819
f 785 820 793
f 785 805 820
f 808 786 821
f 821 786 799
f 819 791 814
f 789 815 818
f 798 822 807
f 809 822 798
f 823 801 802
f 824 802 808
f 823 802 824
f 825 792 781
f 825 781 813
f 807 826 817
f 822 826 807
f 827 803 801
f 827 801 823
f 817 828 812
f 812 829 811
f 812 828 829
f 797 830 805
f 797 816 830
f 817 831 828
f 826 831 817
f 824 808 832
f 832 808 821
f 793 833 806
f 793 820 833
f 821 799 834
f 834 799 810
f 811 829 835
f 811 835 816
f 809 836 822
f 818 836 809
f 837 803 827
f 837 813 803
f 831 838 828
f 828 838 839
f 828 839 829
f 840 823 824
f 840 824 838
f 838 824 832
f 826 841 831
f 831 840 838
f 841 840 831
f 842 823 840
f 842 827 823
f 822 843 826
f 843 841 826
f 836 843 822
f 844 804 792
f 844 792 825
f 838 832 839
f 841 842 840
f 805 845 820
f 805 830 845
f 806 846 815
f 806 833 846
f 815 847 818
f 818 847 836
f 832 821 848
f 848 821 834
f 829 839 849
f 829 849 835
f 839 832 848
f 816 835 850
f 816 850 830
f 815 846 847
f 851 810 819
f 834 810 851
f 839 848 849
f 852 827 842
f 852 837 827
f 853 842 841
f 843 853 841
f 854 813 837
f 854 825 813
f 853 852 842
f 855 814 804
f 855 804 844
f 836 856 843
f 856 853 843
f 847 856 836
f 857 819 814
f 851 819 857
f 820 858 833
f 820 845 858
f 857 814 855
f 848 834 859
f 849 848 859
f 835 849 860
f 835 860 850
f 859 834 851
f 830 850 861
f 830 861 845
f 849 859 860
f 862 837 852
f 862 854 837
f 863 852 853
f 856 863 853
f 864 844 825
f 864 825 854
f 846 865 847
f 847 865 856
f 863 862 852
f 833 866 846
f 833 858 866
f 846 866 865
f 865 863 856
f 859 851 867
f 867 851 857
f 860 859 867
f 850 860 868
f 850 868 861
f 845 869 858
f 845 861 869
f 870 855 844
f 870 844 864
f 871 854 862
f 871 864 854
f 860 867 868
f 865 872 863
f 872 862 863
f 873 857 855
f 867 857 873
f 866 872 865
f 873 855 870
f 872 871 862
f 858 874 866
f 858 869 874
f 868 867 873
f 866 874 872
f 861 868 875
f 861 875 869
f 876 864 871
f 876 870 864
f 874 871 872
f 868 873 875
f 874 876 871
f 875 873 870
f 875 870 876
f 869 876 874
f 869 875 876
f 877 878 879
f 880 881 878
f 880 878 877
f 882 879 883
f 877 879 882
f 884 885 881
f 884 881 880
f 886 883 887
f 882 883 886
f 888 889 885
f 888 885 884
f 890 887 891
f 886 887 890
f 892 893 889
f 892 889 888
f 894 891 895
f 890 891 894
f 896 897 893
f 896 893 892
f 898 895 899
f 894 895 898
f 900 899 897
f 900 897 896
f 898 899 900
f 901 888 884
f 902 884 880
f 901 884 902
f 903 892 888
f 903 888 901
f 904 896 892
f 904 892 903
f 905 900 896
f 905 896 904
f 906 880 877
f 902 880 906
f 907 898 900
f 907 900 905
f 908 877 882
f 906 877 908
f 909 886 890
f 910 882 886
f 910 886 909
f 911 890 894
f 909 890 911
f 912 894 898
f 911 894 912
f 912 898 907
f 908 882 910
f 913 903 901
f 914 904 903
f 914 903 913
f 915 901 902
f 916 902 906
f 915 902 916
f 913 901 915
f 917 905 904
f 917 904 914
f 918 906 908
f 916 906 918
f 919 907 905
f 919 905 917
f 920 908 910
f 918 908 920
f 921 912 907
f 921 907 919
f 922 910 909
f 920 910 922
f 923 911 912
f 924 909 911
f 924 911 923
f 923 912 921
f 922 909 924
f 925 913 915
f 926 915 916
f 925 915 926
f 927 914 913
f 927 913 925
f 928 916 918
f 926 916 928
f 929 917 914
f 929 914 927
f 930 918 920
f 928 918 930
f 931 919 917
f 931 917 929
f 932 920 922
f 930 920 932
f 933 921 919
f 933 919 931
f 934 922 924
f 932 922 934
f 935 923 921
f 935 921 933
f 936 924 923
f 934 924 936
f 936 923 935
f 937 926 928
f 938 925 926
f 938 926 937
f 939 928 930
f 937 928 939
f 940 927 925
f 940 925 938
f 941 930 932
f 939 930 941
f 942 929 927
f 942 927 940
f 943 932 934
f 941 932 943
f 944 931 929
f 944 929 942
f 945 934 936
f 943 934 945
f 946 933 931
f 946 931 944
f 947 936 935
f 945 936 947
f 948 935 933
f 948 933 946
f 947 935 948
f 949 937 939
f 950 939 941
f 949 939 950
f 951 938 937
f 951 937 949
f 952 940 938
f 952 938 951
f 953 941 943
f 950 941 953
f 954 942 940
f 954 940 952
f 955 943 945
f 953 943 955
f 956 944 942
f 956 942 954
f 957 945 947
f 955 945 957
f 958 946 944
f 958 944 956
f 959 947 948
f 957 947 959
f 960 948 946
f 960 946 958
f 959 948 960
f 961 949 950
f 962 951 949
f 962 949 961
f 963 950 953
f 961 950 963
f 964 952 951
f 964 951 962
f 965 953 955
f 963 953 965
f 966 954 952
f 966 952 964
f 967 955 957
f 965 955 967
f 968 956 954
f 968 954 966
f 969 957 959
f 967 957 969
f 970 958 956
f 970 956 968
f 971 959 960
f 969 959 971
f 972 960 958
f 971 960 972
f 972 958 970
f 973 961 963
f 974 963 965
f 973 963 974
f 975 962 961
f 975 961 973
f 976 964 962
f 976 962 975
f 977 965 967
f 974 965 977
f 978 966 964
f 978 964 976
f 979 967 969
f 977 967 979
f 980 968 966
f 980 966 978
f 981 969 971
f 979 969 981
f 982 970 968
f 982 968 980
f 983 971 972
f 981 971 983
f 984 972 970
f 983 972 984
f 984 970 982
f 985 973 974
f 986 974 977
f 985 974 986
f 987 975 973
f 987 973 985
f 988 976 975
f 988 975 987
f 989 977 979
f 986 977 989
f 990 978 976
f 990 976 988
f 991 979 981
f 989 979 991
f 992 980 978
f 992 978 990
f 993 981 983
f 991 981 993
f 994 982 980
f 994 980 992
f 995 983 984
f 993 983 995
f 996 984 982
f 995 984 996
f 996 982 994
f 997 985 986
f 998 986 989
f 997 986 998
f 999 987 985
f 999 985 997
f 1000 988 987
f 1000 987 999
f 1001 989 991
f 998 989 1001
f 1002 990 988
f 1002 988 1000
f 1003 991 993
f 1001 991 1003
f 1004 992 990
f 1004 990 1002
f 1005 993 995
f 1003 993 1005
f 1006 997 998
f 1007 999 997
f 1007 997 1006
f 1008 998 1001
f 1006 998 1008
f 1009 994 992
f 1009 992 1004
f 1010 1000 999
f 1010 999 1007
f 1011 995 996
f 1005 995 1011
f 1012 1001 1003
f 1008 1001 1012
f 1013 996 994
f 1013 994 1009
f 1011 996 1013
f 1014 1002 1000
f 1014 1000 1010
f 1015 1003 1005
f 1012 1003 1015
f 1016 1006 1008
f 1017 1007 1006
f 1017 1006 1016
f 1018 1008 1012
f 1016 1008 1018
f 1019 1004 1002
f 1019 1002 1014
f 1020 1010 1007
f 1020 1007 1017
f 1021 1005 1011
f 1015 1005 1021
f 1018 1012 1022
f 1022 1012 1015
f 1023 1009 1004
f 1023 1004 1019
f 1024 1014 1010
f 1024 1010 1020
f 1025 1016 1018
f 1026 1018 1022
f 1025 1018 1026
f 1027 1017 1016
f 1027 1016 1025
f 1028 1011 1013
f 1021 1011 1028
f 1022 1015 1029
f 1029 1015 1021
f 1030 1017 1027
f 1030 1020 1017
f 1031 1013 1009
f 1028 1013 1031
f 1031 1009 1023
f 1026 1022 1032
f 1032 1022 1029
f 1033 1025 1026
f 1033 1026 1034
f 1034 1026 1032
f 1035 1027 1025
f 1035 1025 1033
f 1036 1019 1014
f 1036 1014 1024
f 1037 1027 1035
f 1037 1030 1027
f 1038 1033 1034
f 1034 1032 1039
f 1038 1034 1040
f 1040 1034 1039
f 1041 1035 1033
f 1041 1033 1038
f 1042 1020 1030
f 1042 1024 1020
f 1032 1029 1043
f 1039 1032 1043
f 1029 1021 1044
f 1044 1021 1028
f 1043 1029 1044
f 1045 1035 1041
f 1045 1037 1035
f 1046 1038 1040
f 1040 1039 1047
f 1046 1040 1048
f 1048 1040 1047
f 1049 1041 1038
f 1049 1038 1046
f 1039 1043 1050
f 1047 1039 1050
f 1051 1023 1019
f 1051 1019 1036
f 1052 1030 1037
f 1052 1042 1030
f 1053 1041 1049
f 1053 1045 1041
f 1054 1046 1048
f 1048 1047 1055
f 1054 1048 1056
f 1056 1048 1055
f 1057 1049 1046
f 1057 1046 1054
f 1058 1028 1031
f 1044 1028 1058
f 1043 1044 1059
f 1050 1043 1059
f 1055 1047 1060
f 1047 1050 1060
f 1061 1024 1042
f 1061 1036 1024
f 1062 1037 1045
f 1062 1052 1037
f 1063 1049 1057
f 1063 1053 1049
f 1064 1054 1056
f 1065 1057 1054
f 1065 1054 1064
f 1066 1031 1023
f 1058 1031 1066
f 1066 1023 1051
f 1059 1044 1058
f 1056 1055 1067
f 1055 1060 1068
f 1067 1055 1068
f 1069 1056 1067
f 1064 1056 1069
f 1060 1050 1070
f 1050 1059 1070
f 1071 1045 1053
f 1071 1062 1045
f 1072 1042 1052
f 1072 1061 1042
f 1073 1057 1065
f 1073 1063 1057
f 1068 1060 1074
f 1060 1070 1074
f 1069 1067 1075
f 1067 1068 1076
f 1075 1067 1076
f 1077 1064 1069
f 1078 1065 1064
f 1078 1064 1077
f 1079 1051 1036
f 1079 1036 1061
f 1059 1058 1080
f 1070 1059 1080
f 1081 1053 1063
f 1081 1071 1053
f 1082 1069 1075
f 1077 1069 1082
f 1080 1058 1066
f 1083 1052 1062
f 1083 1072 1052
f 1076 1068 1084
f 1068 1074 1084
f 1085 1073 1065
f 1085 1065 1078
f 1070 1080 1086
f 1074 1070 1086
f 1087 1066 1051
f 1080 1066 1087
f 1087 1051 1079
f 1088 1061 1072
f 1088 1079 1061
f 1089 1062 1071
f 1089 1083 1062
f 1090 1063 1073
f 1090 1081 1063
f 1075 1076 1091
f 1082 1075 1092
f 1092 1075 1091
f 1093 1077 1082
f 1094 1078 1077
f 1094 1077 1093
f 1086 1080 1087
f 1076 1084 1095
f 1091 1076 1095
f 1096 1082 1092
f 1093 1082 1096
f 1074 1086 1097
f 1084 1074 1097
f 1098 1072 1083
f 1098 1088 1072
f 1099 1071 1081
f 1099 1089 1071
f 1100 1087 1079
f 1100 1079 1088
f 1086 1087 1100
f 1097 1086 1100
f 1084 1097 1101
f 1095 1084 1101
f 1102 1073 1085
f 1102 1090 1073
f 1092 1091 1103
f 1096 1092 1104
f 1104 1092 1103
f 1105 1085 1078
f 1105 1078 1094
f 1091 1095 1106
f 1103 1091 1106
f 1107 1083 1089
f 1107 1098 1083
f 1108 1100 1088
f 1108 1088 1098
f 1109 1099 1081
f 1109 1081 1090
f 1097 1100 1108
f 1101 1097 1108
f 1095 1101 1110
f 1106 1095 1110
f 1111 1093 1096
f 1112 1096 1104
f 1111 1096 1112
f 1113 1094 1093
f 1113 1093 1111
f 1114 1107 1089
f 1114 1089 1099
f 1115 1108 1098
f 1101 1108 1115
f 1115 1098 1107
f 1110 1101 1115
f 1116 1102 1085
f 1116 1085 1105
f 1117 1115 1107
f 1117 1107 1114
f 1118 1114 1099
f 1118 1099 1109
f 1103 1106 1119
f 1106 1110 1120
f 1119 1106 1120
f 1121 1109 1090
f 1121 1090 1102
f 1104 1103 1122
f 1122 1103 1119
f 1123 1104 1122
f 1112 1104 1123
f 1124 1105 1094
f 1124 1094 1113
f 1110 1115 1117
f 1120 1110 1117
f 1125 1117 1114
f 1125 1114 1118
f 1120 1117 1125
f 1119 1120 1126
f 1126 1120 1125
f 1127 1118 1109
f 1127 1109 1121
f 1122 1119 1128
f 1128 1119 1126
f 1129 1121 1102
f 1129 1102 1116
f 1123 1122 1130
f 1130 1122 1128
f 1131 1116 1105
f 1131 1105 1124
f 1132 1111 1112
f 1133 1112 1123
f 1132 1112 1133
f 1134 1113 1111
f 1134 1111 1132
f 1135 1125 1118
f 1126 1125 1135
f 1135 1118 1127
f 1136 1124 1113
f 1136 1113 1134
f 1137 1123 1130
f 1133 1123 1137
f 1138 1127 1121
f 1138 1121 1129
f 1128 1126 1139
f 1139 1126 1135
f 1140 1129 1116
f 1140 1116 1131
f 1130 1128 1141
f 1141 1128 1139
f 1142 1135 1127
f 1139 1135 1142
f 1142 1127 1138
f 1143 1131 1124
f 1143 1124 1136
f 1137 1130 1144
f 1144 1130 1141
f 1145 1132 1133
f 1146 1133 1137
f 1145 1133 1146
f 1147 1134 1132
f 1147 1132 1145
f 1148 1138 1129
f 1148 1129 1140
f 1149 1139 1142
f 1141 1139 1149
f 1150 1136 1134
f 1150 1134 1147
f 1151 1142 1138
f 1149 1142 1151
f 1151 1138 1148
f 1152 1140 1131
f 1152 1131 1143
f 1153 1137 1144
f 1146 1137 1153
f 1144 1141 1154
f 1154 1141 1149
f 1155 1143 1136
f 1155 1136 1150
f 1156 1148 1140
f 1156 1140 1152
f 1157 1144 1154
f 1153 1144 1157
f 1158 1149 1151
f 1154 1149 1158
f 1159 1151 1148
f 1158 1151 1159
f 1159 1148 1156
f 1160 1145 1146
f 1161 1146 1153
f 1160 1146 1161
f 1162 1147 1145
f 1162 1145 1160
f 1163 1152 1143
f 1163 1143 1155
f 1164 1154 1158
f 1157 1154 1164
f 1165 1150 1147
f 1165 1147 1162
f 1166 1153 1157
f 1161 1153 1166
f 1167 1156 1152
f 1167 1152 1163
f 1168 1158 1159
f 1164 1158 1168
f 1169 1155 1150
f 1169 1150 1165
f 1170 1157 1164
f 1166 1157 1170
f 1171 1159 1156
f 1168 1159 1171
f 1171 1156 1167
f 1172 1163 1155
f 1172 1155 1169
f 1173 1164 1168
f 1170 1164 1173
f 1174 1167 1163
f 1174 1163 1172
f 1175 1168 1171
f 1173 1168 1175
f 1176 1171 1167
f 1175 1171 1176
f 1176 1167 1174
f 1177 1178 1179
f 1180 1181 1178
f 1180 1178 1177
f 1182 1179 1183
f 1184 1183 1185
f 1182 1183 1184
f 1177 1179 1182
f 1186 1187 1181
f 1186 1181 1180
f 1188 1185 1189
f 1184 1185 1188
f 1190 1191 1187
f 1190 1187 1186
f 1192 1189 1193
f 1188 1189 1192
f 1194 1195 1191
f 1194 1191 1190
f 1196 1193 1197
f 1192 1193 1196
f 1198 1199 1195
f 1200 1197 1199
f 1200 1199 1198
f 1198 1195 1194
f 1196 1197 1200
f 1201 1177 1182
f 1202 1180 1177
f 1202 1177 1201
f 1203 1182 1184
f 1201 1182 1203
f 1204 1184 1188
f 1203 1184 1204
f 1205 1186 1180
f 1205 1180 1202
f 1206 1188 1192
f 1204 1188 1206
f 1207 1190 1186
f 1207 1186 1205
f 1208 1194 1190
f 1208 1190 1207
f 1209 1192 1196
f 1206 1192 1209
f 1210 1196 1200
f 1209 1196 1210
f 1211 1198 1194
f 1212 1200 1198
f 1212 1198 1211
f 1211 1194 1208
f 1210 1200 1212
f 1213 1201 1203
f 1214 1202 1201
f 1214 1201 1213
f 1215 1203 1204
f 1213 1203 1215
f 1216 1205 1202
f 1216 1202 1214
f 1217 1204 1206
f 1215 1204 1217
f 1218 1206 1209
f 1217 1206 1218
f 1219 1207 1205
f 1219 1205 1216
f 1220 1209 1210
f 1218 1209 1220
f 1221 1222 1223
f 1224 1221 1223
f 1223 1222 1225
f 1223 1225 1226
f 1227 1223 1226
f 1224 1223 1227
f 1221 1228 1222
f 1229 1228 1221
f 1230 1229 1221
f 1230 1221 1224
f 1231 1208 1207
f 1231 1207 1219
f 1232 1211 1208
f 1232 1208 1231
f 1233 1210 1212
f 1220 1210 1233
f 1228 1234 1222
f 1229 1235 1228
f 1235 1236 1228
f 1228 1236 1234
f 1222 1237 1225
f 1222 1234 1237
f 1238 1235 1229
f 1239 1238 1229
f 1239 1229 1230
f 1226 1225 1240
f 1227 1226 1241
f 1226 1240 1242
f 1241 1226 1242
f 1243 1212 1211
f 1243 1211 1232
f 1233 1212 1243
f 1235 1244 1236
f 1238 1245 1235
f 1245 1244 1235
f 1225 1246 1240
f 1225 1237 1246
f 1247 1224 1227
f 1248 1227 1241
f 1247 1227 1248
f 1249 1230 1224
f 1249 1224 1247
f 1236 1250 1234
f 1244 1251 1236
f 1236 1251 1250
f 1234 1252 1237
f 1234 1250 1252
f 1253 1245 1238
f 1245 1254 1244
f 1253 1255 1245
f 1255 1254 1245
f 1242 1240 1256
f 1240 1246 1257
f 1240 1257 1256
f 1258 1253 1238
f 1258 1238 1239
f 1241 1242 1259
f 1259 1242 1260
f 1242 1256 1260
f 1261 1241 1259
f 1248 1241 1261
f 1262 1239 1230
f 1262 1230 1249
f 1254 1263 1244
f 1244 1263 1251
f 1237 1264 1246
f 1237 1252 1264
f 1265 1255 1253
f 1266 1265 1253
f 1266 1253 1258
f 1259 1260 1267
f 1260 1256 1268
f 1260 1268 1269
f 1267 1260 1269
f 1270 1259 1267
f 1261 1259 1270
f 1271 1258 1239
f 1271 1239 1262
f 1246 1272 1257
f 1246 1264 1272
f 1255 1273 1254
f 1274 1273 1255
f 1265 1274 1255
f 1256 1257 1275
f 1256 1275 1268
f 1276 1213 1215
f 1277 1214 1213
f 1277 1213 1276
f 1278 1215 1217
f 1276 1215 1278
f 1254 1279 1263
f 1273 1279 1254
f 1280 1217 1218
f 1278 1217 1280
f 1251 1281 1250
f 1263 1282 1251
f 1251 1282 1281
f 1250 1283 1252
f 1250 1281 1283
f 1284 1216 1214
f 1284 1214 1277
f 1285 1219 1216
f 1285 1216 1284
f 1286 1218 1220
f 1280 1218 1286
f 1263 1287 1282
f 1279 1287 1263
f 1252 1288 1264
f 1252 1283 1288
f 1274 1289 1273
f 1273 1290 1279
f 1289 1290 1273
f 1257 1291 1275
f 1257 1272 1291
f 1292 1274 1265
f 1293 1289 1274
f 1292 1293 1274
f 1269 1268 1294
f 1268 1275 1295
f 1268 1295 1294
f 1296 1292 1265
f 1296 1265 1266
f 1267 1269 1297
f 1269 1294 1298
f 1297 1269 1298
f 1299 1267 1297
f 1270 1267 1299
f 1300 1266 1258
f 1300 1258 1271
f 1301 1231 1219
f 1301 1219 1285
f 1302 1220 1233
f 1286 1220 1302
f 1282 1303 1281
f 1282 1304 1303
f 1287 1304 1282
f 1281 1303 1305
f 1281 1305 1283
f 1279 1306 1287
f 1290 1306 1279
f 1264 1307 1272
f 1264 1288 1307
f 1293 1308 1289
f 1289 1309 1290
f 1308 1309 1289
f 1275 1310 1295
f 1275 1291 1310
f 1298 1294 1293
f 1294 1308 1293
f 1298 1293 1292
f 1294 1295 1308
f 1311 1298 1292
f 1297 1298 1311
f 1311 1292 1296
f 1312 1297 1311
f 1299 1297 1312
f 1313 1296 1266
f 1313 1266 1300
f 1314 1232 1231
f 1314 1231 1301
f 1315 1243 1232
f 1315 1232 1314
f 1316 1233 1243
f 1316 1243 1315
f 1302 1233 1316
f 1317 1277 1276
f 1318 1277 1317
f 1318 1284 1277
f 1304 1276 1278
f 1317 1276 1304
f 1303 1278 1280
f 1304 1278 1303
f 1303 1280 1305
f 1305 1280 1286
f 1287 1317 1304
f 1306 1317 1287
f 1283 1305 1319
f 1283 1319 1288
f 1290 1320 1306
f 1309 1320 1290
f 1272 1321 1291
f 1272 1307 1321
f 1295 1322 1308
f 1308 1322 1309
f 1295 1310 1322
f 1323 1311 1296
f 1312 1311 1323
f 1323 1296 1313
f 1305 1286 1319
f 1288 1319 1324
f 1288 1324 1307
f 1319 1286 1302
f 1306 1318 1317
f 1320 1318 1306
f 1325 1285 1284
f 1325 1284 1318
f 1291 1326 1310
f 1291 1321 1326
f 1309 1327 1320
f 1322 1327 1309
f 1319 1302 1324
f 1328 1301 1285
f 1328 1285 1325
f 1324 1302 1316
f 1320 1325 1318
f 1327 1325 1320
f 1307 1324 1329
f 1307 1329 1321
f 1310 1330 1322
f 1322 1330 1327
f 1310 1326 1330
f 1324 1316 1329
f 1331 1314 1301
f 1331 1301 1328
f 1329 1316 1315
f 1327 1328 1325
f 1330 1328 1327
f 1321 1329 1332
f 1321 1332 1326
f 1332 1315 1314
f 1332 1314 1331
f 1329 1315 1332
f 1326 1331 1330
f 1330 1331 1328
f 1326 1332 1331
f 1333 1334 1335
f 1336 1337 1334
f 1336 1334 1333
f 1338 1335 1339
f 1333 1335 1338
f 1340 1339 1341
f 1338 1339 1340
f 1342 1341 1343
f 1340 1341 1342
f 1344 1345 1337
f 1344 1337 1336
f 1346 1343 1347
f 1342 1343 1346
f 1348 1349 1345
f 1348 1345 1344
f 1350 1347 1351
f 1346 1347 1350
f 1352 1353 1349
f 1352 1349 1348
f 1354 1355 1353
f 1354 1353 1352
f 1356 1351 1355
f 1356 1355 1354
f 1350 1351 1356
f 1357 1344 1336
f 1358 1336 1333
f 1357 1336 1358
f 1359 1348 1344
f 1359 1344 1357
f 1360 1352 1348
f 1360 1348 1359
f 1361 1354 1352
f 1361 1352 1360
f 1362 1356 1354
f 1362 1354 1361
f 1363 1333 1338
f 1358 1333 1363
f 1364 1350 1356
f 1364 1356 1362
f 1365 1338 1340
f 1363 1338 1365
f 1366 1340 1342
f 1365 1340 1366
f 1367 1342 1346
f 1366 1342 1367
f 1368 1346 1350
f 1367 1346 1368
f 1368 1350 1364
f 1369 1360 1359
f 1370 1359 1357
f 1369 1359 1370
f 1371 1361 1360
f 1371 1360 1369
f 1372 1357 1358
f 1370 1357 1372
f 1373 1362 1361
f 1373 1361 1371
f 1374 1358 1363
f 1372 1358 1374
f 1375 1364 1362
f 1375 1362 1373
f 1376 1363 1365
f 1374 1363 1376
f 1377 1368 1364
f 1377 1364 1375
f 1378 1365 1366
f 1376 1365 1378
f 1379 1367 1368
f 1379 1368 1377
f 1380 1366 1367
f 1378 1366 1380
f 1380 1367 1379
f 1381 1369 1370
f 1382 1370 1372
f 1381 1370 1382
f 1383 1371 1369
f 1383 1369 1381
f 1384 1372 1374
f 1382 1372 1384
f 1385 1373 1371
f 1385 1371 1383
f 1386 1374 1376
f 1384 1374 1386
f 1387 1375 1373
f 1387 1373 1385
f 1388 1376 1378
f 1386 1376 1388
f 1389 1377 1375
f 1389 1375 1387
f 1390 1378 1380
f 1388 1378 1390
f 1391 1379 1377
f 1391 1377 1389
f 1392 1380 1379
f 1390 1380 1392
f 1392 1379 1391
f 1393 1381 1382
f 1394 1382 1384
f 1393 1382 1394
f 1395 1383 1381
f 1395 1381 1393
f 1396 1384 1386
f 1394 1384 1396
f 1397 1385 1383
f 1397 1383 1395
f 1398 1387 1385
f 1398 1385 1397
f 1399 1386 1388
f 1396 1386 1399
f 1400 1388 1390
f 1399 1388 1400
f 1401 1389 1387
f 1401 1387 1398
f 1402 1390 1392
f 1400 1390 1402
f 1403 1391 1389
f 1403 1389 1401
f 1404 1392 1391
f 1402 1392 1404
f 1404 1391 1403
f 1405 1393 1394
f 1406 1394 1396
f 1405 1394 1406
f 1407 1395 1393
f 1407 1393 1405
f 1408 1396 1399
f 1406 1396 1408
f 1409 1397 1395
f 1409 1395 1407
f 1410 1398 1397
f 1410 1397 1409
f 1411 1399 1400
f 1408 1399 1411
f 1412 1400 1402
f 1411 1400 1412
f 1413 1401 1398
f 1413 1398 1410
f 1414 1402 1404
f 1412 1402 1414
f 1415 1403 1401
f 1415 1401 1413
f 1416 1404 1403
f 1414 1404 1416
f 1416 1403 1415
f 1417 1405 1406
f 1418 1406 1408
f 1417 1406 1418
f 1419 1407 1405
f 1419 1405 1417
f 1420 1408 1411
f 1418 1408 1420
f 1421 1409 1407
f 1421 1407 1419
f 1422 1411 1412
f 1420 1411 1422
f 1423 1410 1409
f 1423 1409 1421
f 1424 1412 1414
f 1422 1412 1424
f 1425 1413 1410
f 1425 1410 1423
f 1426 1414 1416
f 1424 1414 1426
f 1427 1415 1413
f 1427 1413 1425
f 1428 1416 1415
f 1426 1416 1428
f 1428 1415 1427
f 1429 1417 1418
f 1430 1418 1420
f 1429 1418 1430
f 1431 1419 1417
f 1431 1417 1429
f 1432 1420 1422
f 1430 1420 1432
f 1433 1421 1419
f 1433 1419 1431
f 1434 1422 1424
f 1432 1422 1434
f 1435 1423 1421
f 1435 1421 1433
f 1436 1424 1426
f 1434 1424 1436
f 1437 1425 1423
f 1437 1423 1435
f 1438 1426 1428
f 1436 1426 1438
f 1439 1427 1425
f 1439 1425 1437
f 1440 1428 1427
f 1438 1428 1440
f 1440 1427 1439
f 1441 1429 1430
f 1442 1430 1432
f 1441 1430 1442
f 1443 1431 1429
f 1443 1429 1441
f 1444 1432 1434
f 1442 1432 1444
f 1445 1433 1431
f 1445 1431 1443
f 1446 1434 1436
f 1444 1434 1446
f 1447 1435 1433
f 1447 1433 1445
f 1448 1436 1438
f 1446 1436 1448
f 1449 1437 1435
f 1449 1435 1447
f 1450 1438 1440
f 1448 1438 1450
f 1451 1439 1437
f 1451 1437 1449
f 1452 1440 1439
f 1450 1440 1452
f 1452 1439 1451
f 1453 1441 1442
f 1454 1442 1444
f 1453 1442 1454
f 1455 1443 1441
f 1455 1441 1453
f 1456 1444 1446
f 1454 1444 1456
f 1457 1445 1443
f 1457 1443 1455
f 1458 1446 1448
f 1456 1446 1458
f 1459 1447 1445
f 1459 1445 1457
f 1460 1448 1450
f 1458 1448 1460
f 1461 1449 1447
f 1461 1447 1459
f 1462 1450 1452
f 1460 1450 1462
f 1463 1451 1449
f 1463 1449 1461
f 1464 1452 1451
f 1462 1452 1464
f 1464 1451 1463
f 1465 1454 1456
f 1466 1456 1458
f 1465 1456 1466
f 1467 1453 1454
f 1467 1454 1465
f 1468 1455 1453
f 1468 1453 1467
f 1469 1457 1455
f 1469 1455 1468
f 1470 1458 1460
f 1466 1458 1470
f 1471 1459 1457
f 1471 1457 1469
f 1472 1460 1462
f 1470 1460 1472
f 1473 1461 1459
f 1473 1459 1471
f 1474 1462 1464
f 1472 1462 1474
f 1475 1463 1461
f 1475 1461 1473
f 1476 1464 1463
f 1474 1464 1476
f 1476 1463 1475
f 1477 1467 1465
f 1478 1465 1466
f 1477 1465 1478
f 1479 1467 1477
f 1479 1468 1467
f 1478 1466 1480
f 1480 1466 1470
f 1481 1477 1478
f 1482 1478 1480
f 1481 1478 1482
f 1483 1479 1477
f 1483 1477 1481
f 1480 1470 1484
f 1482 1480 1485
f 1485 1480 1484
f 1486 1468 1479
f 1486 1469 1468
f 1484 1470 1472
f 1487 1481 1482
f 1488 1482 1485
f 1487 1482 1488
f 1489 1479 1483
f 1489 1486 1479
f 1490 1483 1481
f 1490 1481 1487
f 1485 1484 1491
f 1484 1472 1492
f 1491 1484 1492
f 1493 1485 1491
f 1488 1485 1493
f 1494 1469 1486
f 1494 1471 1469
f 1495 1489 1483
f 1495 1483 1490
f 1492 1472 1474
f 1496 1486 1489
f 1496 1494 1486
f 1491 1492 1497
f 1493 1491 1498
f 1498 1491 1497
f 1492 1474 1499
f 1497 1492 1499
f 1500 1487 1488
f 1501 1488 1493
f 1500 1488 1501
f 1502 1490 1487
f 1502 1487 1500
f 1503 1471 1494
f 1503 1473 1471
f 1504 1493 1498
f 1501 1493 1504
f 1505 1496 1489
f 1505 1489 1495
f 1499 1474 1476
f 1506 1503 1494
f 1506 1494 1496
f 1507 1495 1490
f 1507 1490 1502
f 1497 1499 1508
f 1499 1476 1509
f 1508 1499 1509
f 1498 1497 1510
f 1510 1497 1508
f 1511 1475 1473
f 1511 1473 1503
f 1504 1498 1512
f 1512 1498 1510
f 1509 1476 1475
f 1509 1475 1511
f 1513 1511 1503
f 1513 1503 1506
f 1514 1506 1496
f 1514 1496 1505
f 1515 1509 1511
f 1508 1509 1515
f 1516 1505 1495
f 1516 1495 1507
f 1517 1500 1501
f 1518 1501 1504
f 1517 1501 1518
f 1519 1502 1500
f 1519 1500 1517
f 1515 1511 1513
f 1510 1508 1520
f 1520 1508 1515
f 1521 1504 1512
f 1518 1504 1521
f 1512 1510 1522
f 1522 1510 1520
f 1523 1513 1506
f 1523 1506 1514
f 1524 1507 1502
f 1524 1502 1519
f 1525 1515 1513
f 1520 1515 1525
f 1525 1513 1523
f 1526 1514 1505
f 1526 1505 1516
f 1527 1512 1522
f 1521 1512 1527
f 1528 1520 1525
f 1522 1520 1528
f 1529 1516 1507
f 1529 1507 1524
f 1530 1517 1518
f 1531 1518 1521
f 1530 1518 1531
f 1532 1523 1514
f 1532 1514 1526
f 1533 1519 1517
f 1533 1517 1530
f 1534 1525 1523
f 1528 1525 1534
f 1527 1522 1535
f 1535 1522 1528
f 1536 1521 1527
f 1531 1521 1536
f 1534 1523 1532
f 1537 1524 1519
f 1537 1519 1533
f 1538 1526 1516
f 1538 1516 1529
f 1539 1527 1535
f 1536 1527 1539
f 1540 1528 1534
f 1535 1528 1540
f 1541 1532 1526
f 1541 1526 1538
f 1542 1529 1524
f 1542 1524 1537
f 1543 1534 1532
f 1540 1534 1543
f 1544 1530 1531
f 1545 1531 1536
f 1544 1531 1545
f 1543 1532 1541
f 1546 1533 1530
f 1546 1530 1544
f 1547 1535 1540
f 1539 1535 1547
f 1548 1536 1539
f 1545 1536 1548
f 1549 1538 1529
f 1549 1529 1542
f 1550 1537 1533
f 1550 1533 1546
f 1551 1540 1543
f 1547 1540 1551
f 1552 1539 1547
f 1548 1539 1552
f 1553 1541 1538
f 1553 1538 1549
f 1554 1542 1537
f 1554 1537 1550
f 1555 1543 1541
f 1551 1543 1555
f 1555 1541 1553
f 1556 1544 1545
f 1557 1545 1548
f 1556 1545 1557
f 1558 1546 1544
f 1558 1544 1556
f 1559 1547 1551
f 1552 1547 1559
f 1560 1548 1552
f 1557 1548 1560
f 1561 1549 1542
f 1561 1542 1554
f 1562 1550 1546
f 1562 1546 1558
f 1563 1551 1555
f 1559 1551 1563
f 1564 1552 1559
f 1560 1552 1564
f 1565 1553 1549
f 1565 1549 1561
f 1566 1554 1550
f 1566 1550 1562
f 1567 1555 1553
f 1563 1555 1567
f 1567 1553 1565
f 1568 1556 1557
f 1569 1557 1560
f 1568 1557 1569
f 1570 1558 1556
f 1570 1556 1568
f 1571 1559 1563
f 1564 1559 1571
f 1572 1560 1564
f 1569 1560 1572
f 1573 1562 1558
f 1573 1558 1570
f 1574 1561 1554
f 1574 1554 1566
f 1575 1563 1567
f 1571 1563 1575
f 1572 1564 1576
f 1576 1564 1571
f 1577 1565 1561
f 1577 1561 1574
f 1578 1566 1562
f 1578 1562 1573
f 1579 1567 1565
f 1575 1567 1579
f 1580 1568 1569
f 1581 1569 1572
f 1580 1569 1581
f 1582 1570 1568
f 1582 1568 1580
f 1579 1565 1577
f 1583 1572 1576
f 1581 1572 1583
f 1576 1571 1584
f 1584 1571 1575
f 1585 1573 1570
f 1585 1570 1582
f 1586 1574 1566
f 1586 1566 1578
f 1583 1576 1587
f 1587 1576 1584
f 1588 1575 1579
f 1584 1575 1588
f 1589 1578 1573
f 1589 1573 1585
f 1590 1580 1581
f 1591 1581 1583
f 1590 1581 1591
f 1592 1582 1580
f 1592 1580 1590
f 1593 1577 1574
f 1593 1574 1586
f 1594 1579 1577
f 1588 1579 1594
f 1594 1577 1593
f 1591 1583 1595
f 1595 1583 1587
f 1596 1585 1582
f 1596 1582 1592
f 1587 1584 1597
f 1597 1584 1588
f 1598 1586 1578
f 1598 1578 1589
f 1599 1590 1591
f 1600 1591 1595
f 1599 1591 1600
f 1601 1592 1590
f 1601 1590 1599
f 1595 1587 1602
f 1602 1587 1597
f 1603 1589 1585
f 1603 1585 1596
f 1604 1596 1592
f 1604 1592 1601
f 1605 1588 1594
f 1597 1588 1605
f 1606 1593 1586
f 1606 1586 1598
f 1600 1595 1607
f 1607 1595 1602
f 1608 1599 1600
f 1609 1601 1599
f 1609 1599 1608
f 1608 1600 1610
f 1610 1600 1607
f 1611 1594 1593
f 1605 1594 1611
f 1611 1593 1606
f 1602 1597 1612
f 1612 1597 1605
f 1613 1598 1589
f 1613 1589 1603
f 1614 1596 1604
f 1614 1603 1596
f 1615 1601 1609
f 1615 1604 1601
f 1616 1608 1610
f 1617 1609 1608
f 1617 1608 1616
f 1610 1607 1618
f 1616 1610 1619
f 1619 1610 1618
f 1607 1602 1620
f 1620 1602 1612
f 1618 1607 1620
f 1621 1609 1617
f 1621 1615 1609
f 1622 1616 1619
f 1623 1617 1616
f 1623 1616 1622
f 1619 1618 1624
f 1618 1620 1625
f 1624 1618 1625
f 1626 1619 1624
f 1622 1619 1626
f 1627 1605 1611
f 1612 1605 1627
f 1628 1606 1598
f 1628 1598 1613
f 1629 1604 1615
f 1629 1614 1604
f 1630 1613 1603
f 1630 1603 1614
f 1620 1612 1631
f 1625 1620 1631
f 1632 1617 1623
f 1632 1621 1617
f 1633 1611 1606
f 1627 1611 1633
f 1633 1606 1628
f 1631 1612 1627
f 1634 1615 1621
f 1634 1629 1615
f 1626 1624 1635
f 1624 1625 1636
f 1635 1624 1636
f 1637 1622 1626
f 1638 1626 1635
f 1637 1626 1638
f 1639 1623 1622
f 1639 1622 1637
f 1640 1641 1642
f 1643 1641 1640
f 1640 1642 1644
f 1645 1640 1644
f 1646 1640 1645
f 1646 1643 1640
f 1625 1631 1647
f 1636 1625 1647
f 1648 1632 1623
f 1648 1623 1639
f 1641 1649 1642
f 1643 1650 1641
f 1650 1651 1641
f 1641 1651 1649
f 1644 1642 1652
f 1645 1644 1653
f 1653 1644 1654
f 1644 1652 1654
f 1655 1628 1613
f 1655 1613 1630
f 1656 1614 1629
f 1656 1630 1614
f 1657 1621 1632
f 1657 1634 1621
f 1638 1635 1658
f 1635 1636 1659
f 1658 1635 1659
f 1660 1637 1638
f 1661 1638 1658
f 1660 1638 1661
f 1662 1639 1637
f 1662 1637 1660
f 1642 1649 1663
f 1642 1663 1652
f 1664 1645 1653
f 1653 1654 1665
f 1666 1653 1665
f 1664 1653 1666
f 1667 1646 1645
f 1667 1645 1664
f 1631 1627 1668
f 1668 1627 1633
f 1669 1650 1643
f 1670 1643 1646
f 1670 1669 1643
f 1647 1631 1668
f 1650 1671 1651
f 1672 1671 1650
f 1669 1672 1650
f 1673 1633 1628
f 1668 1633 1673
f 1673 1628 1655
f 1674 1629 1634
f 1674 1656 1629
f 1636 1647 1675
f 1659 1636 1675
f 1676 1657 1632
f 1676 1632 1648
f 1661 1658 1677
f 1658 1659 1678
f 1677 1658 1678
f 1679 1639 1662
f 1679 1648 1639
f 1680 1660 1661
f 1681 1661 1677
f 1680 1661 1681
f 1682 1662 1660
f 1682 1660 1680
f 1651 1683 1649
f 1649 1683 1684
f 1649 1684 1663
f 1671 1685 1651
f 1651 1685 1683
f 1654 1652 1686
f 1652 1663 1687
f 1652 1687 1686
f 1665 1654 1688
f 1654 1686 1688
f 1666 1665 1689
f 1689 1665 1690
f 1665 1688 1690
f 1691 1646 1667
f 1691 1670 1646
f 1692 1664 1666
f 1693 1666 1689
f 1692 1666 1693
f 1694 1667 1664
f 1694 1664 1692
f 1647 1668 1695
f 1675 1647 1695
f 1671 1696 1685
f 1672 1697 1671
f 1697 1696 1671
f 1695 1668 1673
f 1698 1655 1630
f 1698 1630 1656
f 1699 1634 1657
f 1699 1674 1634
f 1659 1675 1700
f 1678 1659 1700
f 1681 1677 1701
f 1677 1678 1702
f 1701 1677 1702
f 1703 1662 1682
f 1703 1679 1662
f 1704 1680 1681
f 1705 1681 1701
f 1704 1681 1705
f 1706 1682 1680
f 1706 1680 1704
f 1685 1707 1683
f 1683 1707 1708
f 1683 1708 1684
f 1685 1709 1707
f 1696 1709 1685
f 1663 1684 1710
f 1663 1710 1687
f 1711 1672 1669
f 1712 1697 1672
f 1711 1712 1672
f 1713 1669 1670
f 1713 1711 1669
f 1689 1690 1714
f 1693 1689 1715
f 1715 1689 1714
f 1716 1667 1694
f 1716 1691 1667
f 1717 1673 1655
f 1695 1673 1717
f 1717 1655 1698
f 1675 1695 1718
f 1718 1695 1717
f 1719 1698 1656
f 1719 1656 1674
f 1700 1675 1718
f 1720 1657 1676
f 1720 1699 1657
f 1678 1700 1721
f 1702 1678 1721
f 1722 1648 1679
f 1722 1676 1648
f 1705 1701 1723
f 1701 1702 1724
f 1723 1701 1724
f 1725 1682 1706
f 1725 1703 1682
f 1726 1704 1705
f 1726 1705 1727
f 1727 1705 1723
f 1728 1706 1704
f 1728 1704 1726
f 1729 1706 1728
f 1729 1725 1706
f 1730 1726 1727
f 1730 1727 1731
f 1731 1727 1732
f 1727 1723 1732
f 1733 1726 1730
f 1733 1728 1726
f 1709 1730 1731
f 1709 1731 1707
f 1707 1731 1734
f 1731 1732 1734
f 1735 1730 1709
f 1735 1733 1730
f 1707 1734 1708
f 1696 1735 1709
f 1684 1708 1736
f 1684 1736 1710
f 1697 1737 1696
f 1737 1735 1696
f 1738 1737 1697
f 1712 1738 1697
f 1688 1686 1739
f 1686 1687 1740
f 1686 1740 1739
f 1690 1688 1741
f 1688 1739 1741
f 1714 1690 1742
f 1690 1741 1742
f 1743 1670 1691
f 1743 1713 1670
f 1744 1692 1693
f 1745 1693 1715
f 1744 1693 1745
f 1746 1694 1692
f 1746 1692 1744
f 1747 1716 1694
f 1747 1694 1746
f 1748 1679 1703
f 1748 1722 1679
f 1749 1733 1735
f 1737 1749 1735
f 1750 1691 1716
f 1750 1743 1691
f 1751 1717 1698
f 1718 1717 1751
f 1751 1698 1719
f 1700 1718 1752
f 1752 1718 1751
f 1753 1719 1674
f 1753 1674 1699
f 1721 1700 1752
f 1754 1676 1722
f 1754 1720 1676
f 1702 1721 1755
f 1724 1702 1755
f 1756 1703 1725
f 1756 1748 1703
f 1732 1723 1757
f 1723 1724 1757
f 1734 1732 1758
f 1732 1757 1758
f 1759 1728 1733
f 1759 1729 1728
f 1708 1734 1760
f 1734 1758 1760
f 1749 1759 1733
f 1708 1760 1736
f 1687 1710 1761
f 1687 1761 1740
f 1762 1749 1737
f 1738 1762 1737
f 1763 1712 1711
f 1764 1738 1712
f 1763 1764 1712
f 1765 1711 1713
f 1765 1763 1711
f 1766 1713 1743
f 1766 1765 1713
f 1715 1714 1767
f 1714 1742 1768
f 1767 1714 1768
f 1745 1715 1769
f 1769 1715 1767
f 1770 1744 1745
f 1771 1745 1769
f 1770 1745 1771
f 1772 1746 1744
f 1772 1744 1770
f 1741 1739 1773
f 1742 1741 1774
f 1741 1773 1774
f 1775 1751 1719
f 1752 1751 1775
f 1775 1719 1753
f 1776 1753 1699
f 1776 1699 1720
f 1721 1752 1777
f 1755 1721 1777
f 1757 1724 1778
f 1724 1755 1778
f 1779 1725 1729
f 1779 1756 1725
f 1780 1759 1749
f 1762 1780 1749
f 1710 1736 1781
f 1710 1781 1761
f 1739 1740 1782
f 1739 1782 1773
f 1783 1762 1738
f 1764 1783 1738
f 1742 1774 1784
f 1768 1742 1784
f 1785 1716 1747
f 1785 1750 1716
f 1786 1747 1746
f 1786 1746 1772
f 1777 1752 1775
f 1787 1722 1748
f 1787 1754 1722
f 1758 1757 1788
f 1757 1778 1788
f 1789 1729 1759
f 1789 1779 1729
f 1780 1789 1759
f 1790 1766 1743
f 1790 1743 1750
f 1769 1767 1791
f 1767 1768 1792
f 1791 1767 1792
f 1771 1769 1793
f 1793 1769 1791
f 1794 1775 1753
f 1777 1775 1794
f 1794 1753 1776
f 1795 1776 1720
f 1795 1720 1754
f 1755 1777 1796
f 1778 1755 1796
f 1797 1748 1756
f 1797 1787 1748
f 1760 1758 1798
f 1758 1788 1798
f 1736 1760 1799
f 1760 1798 1799
f 1736 1799 1781
f 1740 1761 1800
f 1740 1800 1782
f 1783 1801 1762
f 1801 1780 1762
f 1774 1773 1802
f 1773 1782 1803
f 1773 1803 1802
f 1804 1764 1763
f 1805 1783 1764
f 1804 1805 1764
f 1784 1774 1806
f 1774 1802 1806
f 1807 1763 1765
f 1807 1804 1763
f 1808 1807 1765
f 1808 1765 1766
f 1768 1784 1809
f 1792 1768 1809
f 1810 1770 1771
f 1811 1772 1770
f 1811 1770 1810
f 1796 1777 1794
f 1812 1771 1793
f 1810 1771 1812
f 1778 1796 1813
f 1788 1778 1813
f 1805 1814 1783
f 1814 1801 1783
f 1784 1806 1815
f 1809 1784 1815
f 1816 1785 1747
f 1816 1747 1786
f 1817 1794 1776
f 1796 1794 1817
f 1817 1776 1795
f 1813 1796 1817
f 1818 1754 1787
f 1818 1795 1754
f 1798 1788 1819
f 1788 1813 1819
f 1820 1756 1779
f 1820 1797 1756
f 1821 1779 1789
f 1821 1820 1779
f 1822 1789 1780
f 1822 1821 1789
f 1761 1781 1823
f 1781 1799 1824
f 1781 1824 1823
f 1801 1822 1780
f 1761 1823 1800
f 1782 1825 1803
f 1782 1800 1825
f 1806 1802 1805
f 1802 1814 1805
f 1802 1803 1814
f 1806 1805 1804
f 1815 1806 1804
f 1815 1804 1807
f 1826 1815 1807
f 1809 1815 1826
f 1826 1807 1808
f 1792 1809 1827
f 1827 1809 1826
f 1828 1808 1766
f 1828 1766 1790
f 1791 1792 1829
f 1829 1792 1827
f 1830 1790 1750
f 1830 1750 1785
f 1793 1791 1831
f 1831 1791 1829
f 1812 1793 1832
f 1832 1793 1831
f 1833 1786 1772
f 1833 1772 1811
f 1834 1787 1797
f 1834 1818 1787
f 1799 1798 1835
f 1798 1819 1835
f 1799 1835 1824
f 1814 1836 1801
f 1836 1822 1801
f 1803 1836 1814
f 1803 1825 1836
f 1837 1817 1795
f 1837 1795 1818
f 1813 1817 1837
f 1819 1813 1837
f 1800 1823 1838
f 1800 1838 1825
f 1839 1826 1808
f 1827 1826 1839
f 1839 1808 1828
f 1840 1797 1820
f 1840 1834 1797
f 1841 1828 1790
f 1841 1790 1830
f 1842 1830 1785
f 1842 1785 1816
f 1843 1810 1812
f 1844 1811 1810
f 1844 1810 1843
f 1845 1821 1822
f 1836 1845 1822
f 1846 1816 1786
f 1846 1786 1833
f 1847 1812 1832
f 1843 1812 1847
f 1848 1837 1818
f 1819 1837 1848
f 1848 1818 1834
f 1835 1819 1848
f 1849 1820 1821
f 1849 1840 1820
f 1845 1849 1821
f 1823 1824 1850
f 1823 1850 1838
f 1825 1845 1836
f 1825 1838 1845
f 1829 1827 1851
f 1851 1827 1839
f 1831 1829 1852
f 1852 1829 1851
f 1832 1831 1853
f 1853 1831 1852
f 1824 1835 1854
f 1835 1848 1854
f 1824 1854 1850
f 1855 1833 1811
f 1855 1811 1844
f 1854 1848 1834
f 1854 1834 1840
f 1838 1849 1845
f 1856 1839 1828
f 1851 1839 1856
f 1856 1828 1841
f 1857 1832 1853
f 1847 1832 1857
f 1838 1850 1849
f 1850 1854 1840
f 1850 1840 1849
f 1858 1841 1830
f 1858 1830 1842
f 1859 1851 1856
f 1852 1851 1859
f 1860 1842 1816
f 1860 1816 1846
f 1861 1856 1841
f 1859 1856 1861
f 1861 1841 1858
f 1853 1852 1862
f 1862 1852 1859
f 1857 1853 1863
f 1863 1853 1862
f 1864 1846 1833
f 1864 1833 1855
f 1865 1843 1847
f 1866 1847 1857
f 1865 1847 1866
f 1867 1844 1843
f 1867 1843 1865
f 1868 1855 1844
f 1868 1844 1867
f 1866 1857 1869
f 1869 1857 1863
f 1870 1858 1842
f 1870 1842 1860
f 1862 1859 1871
f 1871 1859 1861
f 1872 1860 1846
f 1872 1846 1864
f 1873 1861 1858
f 1873 1858 1870
f 1863 1862 1874
f 1874 1862 1871
f 1875 1864 1855
f 1875 1855 1868
f 1876 1865 1866
f 1877 1866 1869
f 1876 1866 1877
f 1878 1867 1865
f 1878 1865 1876
f 1871 1861 1873
f 1869 1863 1879
f 1879 1863 1874
f 1880 1868 1867
f 1880 1867 1878
f 1881 1870 1860
f 1881 1860 1872
f 1877 1869 1882
f 1882 1869 1879
f 1883 1871 1873
f 1874 1871 1883
f 1884 1872 1864
f 1884 1864 1875
f 1885 1873 1870
f 1883 1873 1885
f 1885 1870 1881
f 1879 1874 1886
f 1886 1874 1883
f 1887 1875 1868
f 1887 1868 1880
f 1888 1876 1877
f 1889 1877 1882
f 1888 1877 1889
f 1890 1878 1876
f 1890 1876 1888
f 1882 1879 1891
f 1891 1879 1886
f 1892 1880 1878
f 1892 1878 1890
f 1889 1882 1893
f 1893 1882 1891
f 1894 1881 1872
f 1894 1872 1884
f 1895 1883 1885
f 1886 1883 1895
f 1896 1884 1875
f 1896 1875 1887
f 1897 1885 1881
f 1895 1885 1897
f 1897 1881 1894
f 1891 1886 1898
f 1898 1886 1895
f 1899 1887 1880
f 1899 1880 1892
f 1893 1891 1900
f 1900 1891 1898
f 1901 1894 1884
f 1901 1884 1896
f 1902 1895 1897
f 1898 1895 1902
f 1903 1896 1887
f 1903 1887 1899
f 1904 1897 1894
f 1902 1897 1904
f 1904 1894 1901
f 1900 1898 1905
f 1905 1898 1902
f 1906 1901 1896
f 1906 1896 1903
f 1905 1902 1907
f 1907 1902 1904
f 1908 1904 1901
f 1907 1904 1908
f 1908 1901 1906
f 1909 1910 1911
f 1912 1911 1913
f 1909 1911 1912
f 1914 1915 1910
f 1914 1910 1909
f 1916 1913 1917
f 1912 1913 1916
f 1918 1919 1915
f 1918 1915 1914
f 1920 1917 1921
f 1916 1917 1920
f 1922 1923 1919
f 1922 1919 1918
f 1924 1921 1925
f 1920 1921 1924
f 1926 1927 1923
f 1926 1923 1922
f 1928 1925 1929
f 1924 1925 1928
f 1930 1931 1927
f 1930 1927 1926
f 1932 1929 1931
f 1928 1929 1932
f 1932 1931 1930
f 1933 1916 1920
f 1934 1912 1916
f 1934 1916 1933
f 1935 1920 1924
f 1933 1920 1935
f 1936 1924 1928
f 1935 1924 1936
f 1937 1928 1932
f 1936 1928 1937
f 1938 1909 1912
f 1938 1912 1934
f 1939 1932 1930
f 1937 1932 1939
f 1940 1914 1909
f 1940 1909 1938
f 1941 1918 1914
f 1941 1914 1940
f 1942 1922 1918
f 1942 1918 1941
f 1943 1926 1922
f 1943 1922 1942
f 1944 1930 1926
f 1944 1926 1943
f 1939 1930 1944
f 1945 1933 1935
f 1946 1934 1933
f 1946 1933 1945
f 1947 1935 1936
f 1945 1935 1947
f 1948 1936 1937
f 1947 1936 1948
f 1949 1937 1939
f 1948 1937 1949
f 1950 1939 1944
f 1949 1939 1950
f 1951 1938 1934
f 1951 1934 1946
f 1952 1944 1943
f 1950 1944 1952
f 1953 1940 1938
f 1953 1938 1951
f 1954 1941 1940
f 1954 1940 1953
f 1955 1943 1942
f 1952 1943 1955
f 1956 1942 1941
f 1956 1941 1954
f 1955 1942 1956
f 1957 1947 1948
f 1958 1945 1947
f 1958 1947 1957
f 1959 1948 1949
f 1957 1948 1959
f 1960 1949 1950
f 1959 1949 1960
f 1961 1946 1945
f 1961 1945 1958
f 1962 1950 1952
f 1960 1950 1962
f 1963 1951 1946
f 1963 1946 1961
f 1964 1952 1955
f 1962 1952 1964
f 1965 1953 1951
f 1965 1951 1963
f 1966 1955 1956
f 1964 1955 1966
f 1967 1954 1953
f 1967 1953 1965
f 1968 1956 1954
f 1968 1954 1967
f 1966 1956 1968
f 1969 1957 1959
f 1970 1959 1960
f 1969 1959 1970
f 1971 1958 1957
f 1971 1957 1969
f 1972 1960 1962
f 1970 1960 1972
f 1973 1961 1958
f 1973 1958 1971
f 1974 1962 1964
f 1972 1962 1974
f 1975 1963 1961
f 1975 1961 1973
f 1976 1964 1966
f 1974 1964 1976
f 1977 1965 1963
f 1977 1963 1975
f 1978 1966 1968
f 1976 1966 1978
f 1979 1967 1965
f 1979 1965 1977
f 1980 1968 1967
f 1978 1968 1980
f 1980 1967 1979
f 1981 1969 1970
f 1982 1970 1972
f 1981 1970 1982
f 1983 1971 1969
f 1983 1969 1981
f 1984 1972 1974
f 1982 1972 1984
f 1985 1973 1971
f 1985 1971 1983
f 1986 1974 1976
f 1984 1974 1986
f 1987 1975 1973
f 1987 1973 1985
f 1988 1976 1978
f 1986 1976 1988
f 1989 1977 1975
f 1989 1975 1987
f 1990 1978 1980
f 1988 1978 1990
f 1991 1979 1977
f 1991 1977 1989
f 1992 1980 1979
f 1990 1980 1992
f 1992 1979 1991
f 1993 1981 1982
f 1994 1982 1984
f 1993 1982 1994
f 1995 1983 1981
f 1995 1981 1993
f 1996 1984 1986
f 1994 1984 1996
f 1997 1985 1983
f 1997 1983 1995
f 1998 1986 1988
f 1996 1986 1998
f 1999 1987 1985
f 1999 1985 1997
f 2000 1988 1990
f 1998 1988 2000
f 2001 1989 1987
f 2001 1987 1999
f 2002 1990 1992
f 2000 1990 2002
f 2003 1991 1989
f 2003 1989 2001
f 2004 1992 1991
f 2002 1992 2004
f 2004 1991 2003
f 2005 1993 1994
f 2006 1994 1996
f 2005 1994 2006
f 2007 1995 1993
f 2007 1993 2005
f 2008 1996 1998
f 2006 1996 2008
f 2009 1997 1995
f 2009 1995 2007
f 2010 1999 1997
f 2010 1997 2009
f 2011 1998 2000
f 2008 1998 2011
f 2012 2000 2002
f 2011 2000 2012
f 2013 2001 1999
f 2013 1999 2010
f 2014 2002 2004
f 2012 2002 2014
f 2015 2003 2001
f 2015 2001 2013
f 2016 2004 2003
f 2014 2004 2016
f 2016 2003 2015
f 2017 2005 2006
f 2018 2006 2008
f 2017 2006 2018
f 2019 2007 2005
f 2019 2005 2017
f 2020 2008 2011
f 2018 2008 2020
f 2021 2009 2007
f 2021 2007 2019
f 2022 2010 2009
f 2022 2009 2021
f 2023 2011 2012
f 2020 2011 2023
f 2024 2013 2010
f 2024 2010 2022
f 2025 2012 2014
f 2023 2012 2025
f 2026 2014 2016
f 2025 2014 2026
f 2027 2015 2013
f 2027 2013 2024
f 2028 2016 2015
f 2026 2016 2028
f 2028 2015 2027
f 2029 2017 2018
f 2030 2018 2020
f 2029 2018 2030
f 2031 2019 2017
f 2031 2017 2029
f 2032 2020 2023
f 2030 2020 2032
f 2033 2021 2019
f 2033 2019 2031
f 2034 2022 2021
f 2034 2021 2033
f 2035 2023 2025
f 2032 2023 2035
f 2036 2024 2022
f 2036 2022 2034
f 2037 2025 2026
f 2035 2025 2037
f 2038 2027 2024
f 2038 2024 2036
f 2039 2026 2028
f 2037 2026 2039
f 2040 2028 2027
f 2039 2028 2040
f 2040 2027 2038
f 2041 2029 2030
f 2042 2030 2032
f 2041 2030 2042
f 2043 2031 2029
f 2043 2029 2041
f 2044 2032 2035
f 2042 2032 2044
f 2045 2033 2031
f 2045 2031 2043
f 2046 2035 2037
f 2044 2035 2046
f 2047 2034 2033
f 2047 2033 2045
f 2048 2036 2034
f 2048 2034 2047
f 2049 2037 2039
f 2046 2037 2049
f 2050 2039 2040
f 2049 2039 2050
f 2051 2038 2036
f 2051 2036 2048
f 2052 2040 2038
f 2050 2040 2052
f 2052 2038 2051
f 2053 2041 2042
f 2054 2042 2044
f 2053 2042 2054
f 2055 2043 2041
f 2055 2041 2053
f 2056 2044 2046
f 2054 2044 2056
f 2057 2045 2043
f 2057 2043 2055
f 2058 2046 2049
f 2056 2046 2058
f 2059 2047 2045
f 2059 2045 2057
f 2060 2049 2050
f 2058 2049 2060
f 2061 2048 2047
f 2061 2047 2059
f 2062 2050 2052
f 2060 2050 2062
f 2063 2051 2048
f 2063 2048 2061
f 2064 2052 2051
f 2062 2052 2064
f 2064 2051 2063
f 2065 2053 2054
f 2066 2054 2056
f 2065 2054 2066
f 2067 2055 2053
f 2067 2053 2065
f 2068 2056 2058
f 2066 2056 2068
f 2069 2057 2055
f 2069 2055 2067
f 2070 2058 2060
f 2068 2058 2070
f 2071 2059 2057
f 2071 2057 2069
f 2072 2060 2062
f 2070 2060 2072
f 2073 2061 2059
f 2073 2059 2071
f 2074 2062 2064
f 2072 2062 2074
f 2075 2063 2061
f 2075 2061 2073
f 2076 2065 2066
f 2077 2066 2068
f 2076 2066 2077
f 2078 2067 2065
f 2078 2065 2076
f 2079 2064 2063
f 2074 2064 2079
f 2079 2063 2075
f 2080 2069 2067
f 2080 2067 2078
f 2081 2068 2070
f 2077 2068 2081
f 2082 2071 2069
f 2082 2069 2080
f 2083 2070 2072
f 2081 2070 2083
f 2084 2073 2071
f 2084 2071 2082
f 2085 2072 2074
f 2083 2072 2085
f 2086 2074 2079
f 2085 2074 2086
f 2087 2075 2073
f 2087 2073 2084
f 2088 2079 2075
f 2086 2079 2088
f 2088 2075 2087
f 2089 2076 2077
f 2090 2077 2081
f 2089 2077 2090
f 2091 2078 2076
f 2091 2076 2089
f 2092 2080 2078
f 2092 2078 2091
f 2093 2081 2083
f 2090 2081 2093
f 2094 2082 2080
f 2094 2080 2092
f 2095 2083 2085
f 2093 2083 2095
f 2096 2084 2082
f 2096 2082 2094
f 2097 2085 2086
f 2095 2085 2097
f 2098 2087 2084
f 2098 2084 2096
f 2099 2086 2088
f 2097 2086 2099
f 2100 2088 2087
f 2099 2088 2100
f 2100 2087 2098
f 2101 2089 2090
f 2102 2090 2093
f 2101 2090 2102
f 2103 2091 2089
f 2103 2089 2101
f 2104 2092 2091
f 2104 2091 2103
f 2105 2093 2095
f 2102 2093 2105
f 2106 2094 2092
f 2106 2092 2104
f 2107 2095 2097
f 2105 2095 2107
f 2108 2096 2094
f 2108 2094 2106
f 2109 2097 2099
f 2107 2097 2109
f 2110 2098 2096
f 2110 2096 2108
f 2111 2099 2100
f 2109 2099 2111
f 2112 2100 2098
f 2111 2100 2112
f 2112 2098 2110
f 2113 2101 2102
f 2114 2102 2105
f 2113 2102 2114
f 2115 2103 2101
f 2115 2101 2113
f 2116 2104 2103
f 2116 2103 2115
f 2117 2105 2107
f 2114 2105 2117
f 2118 2106 2104
f 2118 2104 2116
f 2119 2107 2109
f 2117 2107 2119
f 2120 2108 2106
f 2120 2106 2118
f 2121 2109 2111
f 2119 2109 2121
f 2122 2110 2108
f 2122 2108 2120
f 2123 2111 2112
f 2121 2111 2123
f 2124 2112 2110
f 2123 2112 2124
f 2124 2110 2122
f 2125 2113 2114
f 2126 2114 2117
f 2125 2114 2126
f 2127 2115 2113
f 2127 2113 2125
f 2128 2116 2115
f 2128 2115 2127
f 2129 2117 2119
f 2126 2117 2129
f 2130 2118 2116
f 2130 2116 2128
f 2131 2119 2121
f 2129 2119 2131
f 2132 2120 2118
f 2132 2118 2130
f 2133 2121 2123
f 2131 2121 2133
f 2134 2122 2120
f 2134 2120 2132
f 2135 2123 2124
f 2133 2123 2135
f 2136 2124 2122
f 2135 2124 2136
f 2136 2122 2134
f 2137 2125 2126
f 2138 2126 2129
f 2137 2126 2138
f 2139 2127 2125
f 2139 2125 2137
f 2140 2128 2127
f 2140 2127 2139
f 2141 2129 2131
f 2138 2129 2141
f 2142 2130 2128
f 2142 2128 2140
f 2143 2131 2133
f 2141 2131 2143
f 2144 2132 2130
f 2144 2130 2142
f 2145 2133 2135
f 2143 2133 2145
f 2146 2134 2132
f 2146 2132 2144
f 2147 2135 2136
f 2145 2135 2147
f 2148 2136 2134
f 2147 2136 2148
f 2148 2134 2146
f 2149 2137 2138
f 2150 2138 2141
f 2149 2138 2150
f 2151 2139 2137
f 2151 2137 2149
f 2152 2140 2139
f 2152 2139 2151
f 2153 2141 2143
f 2150 2141 2153
f 2154 2142 2140
f 2154 2140 2152
f 2155 2143 2145
f 2153 2143 2155
f 2156 2144 2142
f 2156 2142 2154
f 2157 2145 2147
f 2155 2145 2157
f 2158 2147 2148
f 2157 2147 2158
f 2159 2146 2144
f 2159 2144 2156
f 2160 2148 2146
f 2158 2148 2160
f 2160 2146 2159
f 2161 2149 2150
f 2162 2150 2153
f 2161 2150 2162
f 2163 2151 2149
f 2163 2149 2161
f 2164 2153 2155
f 2162 2153 2164
f 2165 2152 2151
f 2165 2151 2163
f 2166 2155 2157
f 2164 2155 2166
f 2167 2154 2152
f 2167 2152 2165
f 2168 2157 2158
f 2166 2157 2168
f 2169 2156 2154
f 2169 2154 2167
f 2170 2158 2160
f 2168 2158 2170
f 2171 2159 2156
f 2171 2156 2169
f 2172 2160 2159
f 2170 2160 2172
f 2172 2159 2171
f 2173 2161 2162
f 2174 2162 2164
f 2173 2162 2174
f 2175 2163 2161
f 2175 2161 2173
f 2176 2164 2166
f 2174 2164 2176
f 2177 2165 2163
f 2177 2163 2175
f 2178 2166 2168
f 2176 2166 2178
f 2179 2167 2165
f 2179 2165 2177
f 2180 2168 2170
f 2178 2168 2180
f 2181 2169 2167
f 2181 2167 2179
f 2182 2170 2172
f 2180 2170 2182
f 2183 2171 2169
f 2183 2169 2181
f 2184 2172 2171
f 2182 2172 2184
f 2184 2171 2183
f 2185 2173 2174
f 2186 2174 2176
f 2185 2174 2186
f 2187 2175 2173
f 2187 2173 2185
f 2188 2176 2178
f 2186 2176 2188
f 2189 2177 2175
f 2189 2175 2187
f 2190 2178 2180
f 2188 2178 2190
f 2191 2179 2177
f 2191 2177 2189
f 2192 2180 2182
f 2190 2180 2192
f 2193 2181 2179
f 2193 2179 2191
f 2194 2182 2184
f 2192 2182 2194
f 2195 2183 2181
f 2195 2181 2193
f 2196 2184 2183
f 2194 2184 2196
f 2196 2183 2195
f 2197 2185 2186
f 2198 2186 2188
f 2197 2186 2198
f 2199 2187 2185
f 2199 2185 2197
f 2200 2188 2190
f 2198 2188 2200
f 2201 2189 2187
f 2201 2187 2199
f 2202 2190 2192
f 2200 2190 2202
f 2203 2191 2189
f 2203 2189 2201
f 2204 2192 2194
f 2202 2192 2204
f 2205 2197 2198
f 2206 2198 2200
f 2205 2198 2206
f 2207 2199 2197
f 2207 2197 2205
f 2208 2193 2191
f 2208 2191 2203
f 2209 2200 2202
f 2206 2200 2209
f 2210 2194 2196
f 2204 2194 2210
f 2211 2201 2199
f 2211 2199 2207
f 2212 2195 2193
f 2212 2193 2208
f 2213 2196 2195
f 2210 2196 2213
f 2214 2202 2204
f 2209 2202 2214
f 2213 2195 2212
f 2215 2203 2201
f 2215 2201 2211
f 2216 2204 2210
f 2214 2204 2216
f 2217 2205 2206
f 2218 2206 2209
f 2217 2206 2218
f 2219 2207 2205
f 2219 2205 2217
f 2220 2209 2214
f 2218 2209 2220
f 2221 2208 2203
f 2221 2203 2215
f 2222 2211 2207
f 2222 2207 2219
f 2223 2210 2213
f 2216 2210 2223
f 2220 2214 2224
f 2224 2214 2216
f 2225 2212 2208
f 2225 2208 2221
f 2226 2213 2212
f 2223 2213 2226
f 2226 2212 2225
f 2227 2217 2218
f 2228 2218 2220
f 2227 2218 2228
f 2229 2215 2211
f 2229 2211 2222
f 2230 2219 2217
f 2230 2217 2227
f 2231 2220 2224
f 2228 2220 2231
f 2224 2216 2232
f 2232 2216 2223
f 2233 2222 2219
f 2233 2219 2230
f 2234 2221 2215
f 2234 2215 2229
f 2231 2224 2235
f 2235 2224 2232
f 2236 2223 2226
f 2232 2223 2236
f 2237 2227 2228
f 2238 2228 2231
f 2237 2228 2238
f 2239 2230 2227
f 2239 2227 2237
f 2240 2229 2222
f 2240 2222 2233
f 2241 2225 2221
f 2241 2221 2234
f 2242 2226 2225
f 2236 2226 2242
f 2243 2231 2235
f 2238 2231 2243
f 2242 2225 2241
f 2244 2233 2230
f 2244 2230 2239
f 2235 2232 2245
f 2245 2232 2236
f 2246 2234 2229
f 2246 2229 2240
f 2243 2235 2247
f 2247 2235 2245
f 2248 2237 2238
f 2249 2238 2243
f 2248 2238 2249
f 2250 2239 2237
f 2250 2237 2248
f 2251 2236 2242
f 2245 2236 2251
f 2252 2240 2233
f 2252 2233 2244
f 2253 2243 2247
f 2249 2243 2253
f 2254 2241 2234
f 2254 2234 2246
f 2255 2244 2239
f 2255 2239 2250
f 2256 2242 2241
f 2251 2242 2256
f 2247 2245 2257
f 2257 2245 2251
f 2256 2241 2254
f 2258 2246 2240
f 2258 2240 2252
f 2253 2247 2259
f 2259 2247 2257
f 2260 2248 2249
f 2261 2249 2253
f 2260 2249 2261
f 2262 2250 2248
f 2262 2248 2260
f 2263 2252 2244
f 2263 2244 2255
f 2257 2251 2264
f 2264 2251 2256
f 2265 2253 2259
f 2261 2253 2265
f 2266 2254 2246
f 2266 2246 2258
f 2267 2255 2250
f 2267 2250 2262
f 2259 2257 2268
f 2268 2257 2264
f 2269 2256 2254
f 2264 2256 2269
f 2269 2254 2266
f 2270 2258 2252
f 2270 2252 2263
f 2265 2259 2271
f 2271 2259 2268
f 2272 2263 2255
f 2272 2255 2267
f 2268 2264 2273
f 2273 2264 2269
f 2274 2260 2261
f 2275 2261 2265
f 2274 2261 2275
f 2276 2262 2260
f 2276 2260 2274
f 2277 2266 2258
f 2277 2258 2270
f 2278 2265 2271
f 2275 2265 2278
f 2279 2267 2262
f 2279 2262 2276
f 2271 2268 2280
f 2280 2268 2273
f 2281 2269 2266
f 2273 2269 2281
f 2281 2266 2277
f 2282 2270 2263
f 2282 2263 2272
f 2283 2271 2280
f 2278 2271 2283
f 2284 2272 2267
f 2284 2267 2279
f 2285 2273 2281
f 2280 2273 2285
f 2286 2277 2270
f 2286 2270 2282
f 2287 2274 2275
f 2288 2275 2278
f 2287 2275 2288
f 2289 2276 2274
f 2289 2274 2287
f 2290 2281 2277
f 2285 2281 2290
f 2290 2277 2286
f 2291 2280 2285
f 2283 2280 2291
f 2292 2282 2272
f 2292 2272 2284
f 2293 2278 2283
f 2288 2278 2293
f 2294 2279 2276
f 2294 2276 2289
f 2295 2285 2290
f 2291 2285 2295
f 2296 2286 2282
f 2296 2282 2292
f 2297 2284 2279
f 2297 2279 2294
f 2298 2283 2291
f 2293 2283 2298
f 2299 2290 2286
f 2295 2290 2299
f 2299 2286 2296
f 2300 2292 2284
f 2300 2284 2297
f 2301 2291 2295
f 2298 2291 2301
f 2302 2287 2288
f 2303 2288 2293
f 2302 2288 2303
f 2304 2289 2287
f 2304 2287 2302
f 2305 2294 2289
f 2305 2289 2304
f 2306 2293 2298
f 2303 2293 2306
f 2307 2295 2299
f 2301 2295 2307
f 2308 2296 2292
f 2308 2292 2300
f 2309 2297 2294
f 2309 2294 2305
f 2310 2299 2296
f 2307 2299 2310
f 2310 2296 2308
f 2311 2298 2301
f 2306 2298 2311
f 2312 2300 2297
f 2312 2297 2309
f 2313 2301 2307
f 2311 2301 2313
f 2314 2308 2300
f 2314 2300 2312
f 2315 2302 2303
f 2316 2304 2302
f 2316 2302 2315
f 2317 2307 2310
f 2313 2307 2317
f 2318 2303 2306
f 2315 2303 2318
f 2319 2306 2311
f 2318 2306 2319
f 2320 2305 2304
f 2320 2304 2316
f 2321 2310 2308
f 2317 2310 2321
f 2321 2308 2314
f 2322 2309 2305
f 2322 2305 2320
f 2323 2311 2313
f 2319 2311 2323
f 2324 2312 2309
f 2324 2309 2322
f 2325 2313 2317
f 2323 2313 2325
f 2326 2314 2312
f 2326 2312 2324
f 2327 2317 2321
f 2325 2317 2327
f 2328 2321 2314
f 2327 2321 2328
f 2328 2314 2326
f 2329 2315 2318
f 2330 2316 2315
f 2330 2315 2329
f 2331 2318 2319
f 2329 2318 2331
f 2332 2320 2316
f 2332 2316 2330
f 2333 2319 2323
f 2331 2319 2333
f 2334 2322 2320
f 2334 2320 2332
f 2335 2323 2325
f 2333 2323 2335
f 2336 2324 2322
f 2336 2322 2334
f 2337 2325 2327
f 2335 2325 2337
f 2338 2326 2324
f 2338 2324 2336
f 2339 2327 2328
f 2337 2327 2339
f 2340 2328 2326
f 2340 2326 2338
f 2339 2328 2340
f 2341 2329 2331
f 2342 2330 2329
f 2342 2329 2341
f 2343 2331 2333
f 2341 2331 2343
f 2344 2332 2330
f 2344 2330 2342
f 2345 2333 2335
f 2343 2333 2345
f 2346 2334 2332
f 2346 2332 2344
f 2347 2335 2337
f 2345 2335 2347
f 2348 2336 2334
f 2348 2334 2346
f 2349 2337 2339
f 2347 2337 2349
f 2350 2338 2336
f 2350 2336 2348
f 2351 2339 2340
f 2349 2339 2351
f 2352 2340 2338
f 2352 2338 2350
f 2351 2340 2352
f 2353 2354 2355
f 2356 2357 2354
f 2356 2354 2353
f 2358 2355 2359
f 2353 2355 2358
f 2360 2359 2361
f 2358 2359 2360
f 2362 2361 2363
f 2360 2361 2362
f 2364 2363 2365
f 2362 2363 2364
f 2366 2365 2367
f 2364 2365 2366
f 2368 2369 2357
f 2368 2357 2356
f 2370 2371 2369
f 2370 2369 2368
f 2372 2373 2371
f 2372 2371 2370
f 2374 2375 2373
f 2374 2373 2372
f 2376 2367 2375
f 2376 2375 2374
f 2366 2367 2376
f 2377 2358 2360
f 2378 2353 2358
f 2378 2358 2377
f 2379 2360 2362
f 2377 2360 2379
f 2380 2362 2364
f 2379 2362 2380
f 2381 2364 2366
f 2380 2364 2381
f 2382 2356 2353
f 2382 2353 2378
f 2383 2366 2376
f 2381 2366 2383
f 2384 2376 2374
f 2383 2376 2384
f 2385 2368 2356
f 2385 2356 2382
f 2386 2370 2368
f 2386 2368 2385
f 2387 2372 2370
f 2387 2370 2386
f 2388 2374 2372
f 2388 2372 2387
f 2384 2374 2388
f 2389 2377 2379
f 2390 2378 2377
f 2390 2377 2389
f 2391 2379 2380
f 2389 2379 2391
f 2392 2380 2381
f 2391 2380 2392
f 2393 2381 2383
f 2392 2381 2393
f 2394 2383 2384
f 2393 2383 2394
f 2395 2382 2378
f 2395 2378 2390
f 2396 2384 2388
f 2394 2384 2396
f 2397 2385 2382
f 2397 2382 2395
f 2398 2386 2385
f 2398 2385 2397
f 2399 2387 2386
f 2399 2386 2398
f 2400 2388 2387
f 2400 2387 2399
f 2396 2388 2400
f 2401 2391 2392
f 2402 2389 2391
f 2402 2391 2401
f 2403 2392 2393
f 2401 2392 2403
f 2404 2390 2389
f 2404 2389 2402
f 2405 2393 2394
f 2403 2393 2405
f 2406 2394 2396
f 2405 2394 2406
f 2407 2395 2390
f 2407 2390 2404
f 2408 2396 2400
f 2406 2396 2408
f 2409 2397 2395
f 2409 2395 2407
f 2410 2398 2397
f 2410 2397 2409
f 2411 2399 2398
f 2411 2398 2410
f 2412 2400 2399
f 2412 2399 2411
f 2408 2400 2412
f 2413 2401 2403
f 2414 2402 2401
f 2414 2401 2413
f 2415 2403 2405
f 2413 2403 2415
f 2416 2404 2402
f 2416 2402 2414
f 2417 2405 2406
f 2415 2405 2417
f 2418 2406 2408
f 2417 2406 2418
f 2419 2407 2404
f 2419 2404 2416
f 2420 2408 2412
f 2418 2408 2420
f 2421 2409 2407
f 2421 2407 2419
f 2422 2410 2409
f 2422 2409 2421
f 2423 2412 2411
f 2420 2412 2423
f 2424 2411 2410
f 2424 2410 2422
f 2423 2411 2424
f 2425 2413 2415
f 2426 2414 2413
f 2426 2413 2425
f 2427 2415 2417
f 2425 2415 2427
f 2428 2417 2418
f 2427 2417 2428
f 2429 2416 2414
f 2429 2414 2426
f 2430 2418 2420
f 2428 2418 2430
f 2431 2419 2416
f 2431 2416 2429
f 2432 2420 2423
f 2430 2420 2432
f 2433 2421 2419
f 2433 2419 2431
f 2434 2422 2421
f 2434 2421 2433
f 2435 2424 2422
f 2435 2422 2434
f 2436 2423 2424
f 2436 2424 2435
f 2432 2423 2436
f 2437 2425 2427
f 2438 2426 2425
f 2438 2425 2437
f 2439 2427 2428
f 2437 2427 2439
f 2440 2428 2430
f 2439 2428 2440
f 2441 2429 2426
f 2441 2426 2438
f 2442 2430 2432
f 2440 2430 2442
f 2443 2431 2429
f 2443 2429 2441
f 2444 2432 2436
f 2442 2432 2444
f 2445 2433 2431
f 2445 2431 2443
f 2446 2436 2435
f 2444 2436 2446
f 2447 2434 2433
f 2447 2433 2445
f 2448 2435 2434
f 2448 2434 2447
f 2446 2435 2448
f 2449 2437 2439
f 2450 2438 2437
f 2450 2437 2449
f 2451 2439 2440
f 2449 2439 2451
f 2452 2440 2442
f 2451 2440 2452
f 2453 2441 2438
f 2453 2438 2450
f 2454 2442 2444
f 2452 2442 2454
f 2455 2443 2441
f 2455 2441 2453
f 2456 2444 2446
f 2454 2444 2456
f 2457 2445 2443
f 2457 2443 2455
f 2458 2446 2448
f 2456 2446 2458
f 2459 2447 2445
f 2459 2445 2457
f 2460 2448 2447
f 2460 2447 2459
f 2458 2448 2460
f 2461 2449 2451
f 2462 2450 2449
f 2462 2449 2461
f 2463 2451 2452
f 2461 2451 2463
f 2464 2452 2454
f 2463 2452 2464
f 2465 2453 2450
f 2465 2450 2462
f 2466 2454 2456
f 2464 2454 2466
f 2467 2455 2453
f 2467 2453 2465
f 2468 2456 2458
f 2466 2456 2468
f 2469 2457 2455
f 2469 2455 2467
f 2470 2458 2460
f 2468 2458 2470
f 2471 2459 2457
f 2471 2457 2469
f 2472 2460 2459
f 2472 2459 2471
f 2470 2460 2472
f 2473 2461 2463
f 2474 2462 2461
f 2474 2461 2473
f 2475 2463 2464
f 2473 2463 2475
f 2476 2464 2466
f 2475 2464 2476
f 2477 2465 2462
f 2477 2462 2474
f 2478 2466 2468
f 2476 2466 2478
f 2479 2467 2465
f 2479 2465 2477
f 2480 2468 2470
f 2478 2468 2480
f 2481 2469 2467
f 2481 2467 2479
f 2482 2470 2472
f 2480 2470 2482
f 2483 2471 2469
f 2483 2469 2481
f 2484 2472 2471
f 2484 2471 2483
f 2482 2472 2484
f 2485 2473 2475
f 2486 2475 2476
f 2485 2475 2486
f 2487 2474 2473
f 2487 2473 2485
f 2488 2476 2478
f 2486 2476 2488
f 2489 2477 2474
f 2489 2474 2487
f 2490 2478 2480
f 2488 2478 2490
f 2491 2479 2477
f 2491 2477 2489
f 2492 2480 2482
f 2490 2480 2492
f 2493 2481 2479
f 2493 2479 2491
f 2494 2482 2484
f 2492 2482 2494
f 2495 2483 2481
f 2495 2481 2493
f 2496 2484 2483
f 2494 2484 2496
f 2496 2483 2495
f 2497 2485 2486
f 2498 2486 2488
f 2497 2486 2498
f 2499 2487 2485
f 2499 2485 2497
f 2500 2489 2487
f 2500 2487 2499
f 2501 2488 2490
f 2498 2488 2501
f 2502 2491 2489
f 2502 2489 2500
f 2503 2490 2492
f 2501 2490 2503
f 2504 2493 2491
f 2504 2491 2502
f 2505 2492 2494
f 2503 2492 2505
f 2506 2494 2496
f 2505 2494 2506
f 2507 2495 2493
f 2507 2493 2504
f 2508 2496 2495
f 2506 2496 2508
f 2508 2495 2507
