# 
# Wavefront OBJ file
# Created with Kaydara FBX
# 
mtllib c:\users\tjvan\onedrive\documenten\fontys\minor\nx\.mtlmodels\tibia.r.obj

g Tibia_r
v -0.114522 0.418491 -0.036447
v -0.113755 0.417285 -0.029847
v -0.113623 0.421057 -0.035176
v -0.113185 0.414961 -0.038640
v -0.112834 0.419040 -0.043508
v -0.113251 0.420640 -0.028247
v -0.113426 0.414172 -0.032018
v -0.111935 0.412549 -0.026317
v -0.112505 0.415882 -0.023401
v -0.112264 0.423381 -0.027633
v -0.113163 0.422241 -0.041995
v -0.112483 0.424302 -0.041140
v -0.112878 0.423381 -0.034452
v -0.110422 0.413909 -0.039057
v -0.110948 0.409545 -0.030089
v -0.111255 0.411782 -0.035154
v -0.111760 0.419851 -0.021406
v -0.110247 0.416935 -0.042960
v -0.108032 0.420596 -0.047828
v -0.108536 0.425683 -0.047038
v -0.108536 0.423271 -0.047718
v -0.111562 0.426297 -0.040614
v -0.112220 0.425398 -0.034299
v -0.110137 0.413711 -0.017897
v -0.109019 0.418250 -0.014937
v -0.111255 0.425464 -0.027786
v -0.110729 0.423293 -0.020857
v -0.109589 0.425925 -0.020989
v -0.111299 0.427438 -0.034408
v -0.110071 0.410071 -0.021647
v -0.110290 0.427854 -0.040087
v -0.106563 0.428775 -0.044560
v -0.107966 0.427657 -0.046117
v -0.110466 0.427503 -0.028115
v -0.108580 0.428709 -0.028685
v -0.108076 0.428402 -0.039561
v -0.109063 0.428139 -0.034430
v -0.108076 0.408646 -0.034781
v -0.107703 0.411935 -0.038728
v -0.109304 0.407287 -0.025791
v -0.107440 0.422592 -0.014301
v -0.108514 0.427745 -0.021669
v -0.108098 0.414764 -0.041885
v -0.105116 0.429499 -0.043245
v -0.104940 0.415751 -0.044802
v -0.106585 0.418119 -0.046578
v -0.107221 0.410620 -0.013490
v -0.103252 0.416014 -0.010135
v -0.106979 0.404721 -0.023226
v -0.107199 0.407374 -0.018336
v -0.105160 0.427986 -0.015573
v -0.105971 0.425661 -0.014850
v -0.107089 0.405971 -0.031317
v -0.105532 0.403362 -0.028707
v -0.106892 0.428380 -0.034430
v -0.106607 0.429345 -0.022721
v -0.106453 0.428446 -0.029146
v -0.104787 0.428687 -0.023686
v -0.102484 0.424565 -0.049911
v -0.102199 0.422197 -0.049713
v -0.102353 0.428731 -0.048880
v -0.102550 0.426670 -0.049669
v -0.104217 0.412374 -0.042346
v -0.103822 0.405664 -0.036776
v -0.104239 0.408800 -0.039473
v -0.105773 0.428885 -0.038947
v -0.101103 0.425157 -0.010771
v -0.102638 0.421561 -0.009719
v -0.104217 0.406585 -0.011012
v -0.104962 0.401652 -0.021406
v -0.104655 0.403998 -0.016253
v -0.102857 0.402792 -0.034255
v -0.103690 0.428534 -0.029869
v -0.103910 0.429170 -0.038004
v -0.104195 0.428644 -0.034693
v -0.103142 0.429630 -0.017459
v -0.100796 0.416628 -0.047301
v -0.101629 0.419654 -0.048902
v -0.101629 0.429937 -0.047345
v -0.103515 0.429915 -0.041622
v -0.104436 0.400117 -0.027019
v -0.098691 0.429630 -0.013424
v -0.100116 0.427701 -0.011451
v -0.099941 0.431034 -0.043661
v -0.100796 0.430770 -0.045657
v -0.102726 0.398516 -0.020265
v -0.102002 0.428709 -0.025133
v -0.101498 0.429060 -0.019038
v -0.099108 0.428929 -0.021121
v -0.101147 0.402923 -0.010004
v -0.102002 0.400665 -0.015244
v -0.102506 0.399875 -0.032588
v -0.102550 0.397069 -0.025747
v -0.101344 0.396521 -0.031339
v -0.099678 0.409501 -0.042762
v -0.099195 0.406454 -0.040329
v -0.100599 0.410664 -0.008096
v -0.100116 0.413054 -0.045459
v -0.100950 0.429586 -0.035790
v -0.101958 0.429959 -0.039539
v -0.098384 0.429411 -0.027172
v -0.100007 0.429323 -0.031317
v -0.098888 0.430968 -0.040986
v -0.097266 0.421956 -0.006408
v -0.096871 0.413339 -0.004741
v -0.097968 0.417877 -0.005574
v -0.098647 0.400117 -0.036996
v -0.098757 0.403252 -0.038180
v -0.100621 0.395402 -0.019476
v -0.095863 0.425091 -0.007986
v -0.100226 0.393056 -0.030045
v -0.100401 0.394196 -0.024717
v -0.096608 0.425442 -0.051270
v -0.096477 0.427459 -0.051336
v -0.098187 0.396696 -0.035812
v -0.095928 0.430485 -0.049055
v -0.096301 0.429455 -0.050568
v -0.096542 0.420596 -0.050064
v -0.096520 0.423271 -0.050766
v -0.100292 0.396981 -0.014389
v -0.097704 0.430748 -0.037215
v -0.096235 0.417702 -0.048288
v -0.097156 0.429279 -0.015749
v -0.098143 0.406103 -0.006890
v -0.098647 0.399240 -0.009280
v -0.095512 0.402068 -0.006671
v -0.095512 0.431143 -0.047301
v -0.099678 0.390732 -0.023818
v -0.098713 0.393429 -0.013665
v -0.099152 0.392004 -0.018687
v -0.099020 0.390052 -0.029036
v -0.097310 0.393319 -0.034342
v -0.100116 0.088777 -0.030768
v -0.099722 0.090247 -0.030023
v -0.098253 0.088975 -0.033816
v -0.097069 0.087133 -0.027852
v -0.099437 0.087199 -0.031733
v -0.095709 0.414676 -0.045547
v -0.094744 0.427328 -0.009280
v -0.096455 0.430595 -0.033158
v -0.094744 0.431538 -0.042499
v -0.095117 0.431472 -0.045174
v -0.099217 0.092023 -0.029738
v -0.098340 0.090334 -0.033531
v -0.097397 0.088756 -0.027129
v -0.098603 0.387311 -0.023028
v -0.095271 0.411343 -0.043091
v -0.098538 0.086300 -0.031843
v -0.098033 0.087747 -0.033882
v -0.096718 0.085839 -0.028685
v -0.098362 0.091979 -0.033334
v -0.098099 0.094720 -0.033027
v -0.098231 0.094742 -0.029519
v -0.097397 0.091058 -0.026493
v -0.094086 0.404480 -0.039736
v -0.094722 0.407769 -0.041513
v -0.097726 0.388605 -0.018095
v -0.095841 0.429521 -0.023686
v -0.095314 0.429236 -0.018117
v -0.098340 0.386588 -0.028071
v -0.096104 0.386478 -0.032676
v -0.096477 0.389986 -0.033465
v -0.096959 0.395578 -0.008622
v -0.097244 0.389943 -0.013139
v -0.095906 0.391631 -0.008315
v -0.092354 0.429257 -0.013534
v -0.093560 0.429148 -0.011188
v -0.093670 0.400994 -0.038618
v -0.097573 0.383080 -0.027326
v -0.096718 0.385031 -0.017547
v -0.097507 0.383891 -0.022392
v -0.097156 0.085225 -0.033268
v -0.094372 0.084304 -0.032018
v -0.095753 0.084589 -0.030154
v -0.094722 0.430595 -0.029365
v -0.092354 0.430463 -0.026273
v -0.096367 0.089874 -0.035877
v -0.096082 0.093865 -0.035285
v -0.096213 0.091540 -0.035527
v -0.095797 0.382773 -0.031711
v -0.096126 0.086782 -0.036206
v -0.096586 0.088492 -0.036272
v -0.096981 0.098074 -0.029716
v -0.097069 0.094150 -0.026427
v -0.095665 0.097636 -0.026975
v -0.093122 0.394021 -0.037039
v -0.093341 0.397551 -0.037632
v -0.095139 0.408997 -0.003448
v -0.093363 0.404568 -0.002527
v -0.097288 0.097899 -0.032851
v -0.091346 0.419061 -0.003996
v -0.091192 0.415422 -0.002899
v -0.092837 0.431516 -0.034935
v -0.094021 0.431494 -0.038859
v -0.097025 0.379505 -0.026558
v -0.096827 0.380317 -0.021778
v -0.094613 0.089918 -0.024015
v -0.094393 0.087286 -0.024760
v -0.096213 0.101495 -0.033180
v -0.095139 0.100596 -0.035855
v -0.095665 0.096978 -0.035417
v -0.090732 0.422285 -0.005202
v -0.096104 0.386303 -0.012701
v -0.094898 0.084589 -0.035527
v -0.090929 0.429345 -0.016143
v -0.093473 0.084370 -0.027172
v -0.093933 0.085686 -0.025725
v -0.093516 0.096671 -0.024585
v -0.094284 0.093229 -0.023883
v -0.096257 0.376677 -0.021164
v -0.096564 0.375800 -0.025747
v -0.095051 0.375296 -0.029957
v -0.095271 0.379067 -0.030790
v -0.095556 0.101692 -0.030396
v -0.093078 0.393714 -0.004873
v -0.093823 0.397792 -0.006145
v -0.095950 0.381369 -0.017042
v -0.092420 0.084041 -0.028992
v -0.095183 0.382488 -0.012350
v -0.091148 0.423425 -0.051051
v -0.090403 0.427569 -0.051577
v -0.090754 0.425640 -0.051380
v -0.094679 0.087966 -0.039320
v -0.096104 0.372050 -0.024958
v -0.094788 0.371458 -0.029080
v -0.091455 0.420838 -0.050218
v -0.091499 0.418009 -0.048661
v -0.092946 0.390293 -0.036535
v -0.091148 0.431604 -0.031317
v -0.094569 0.091146 -0.038947
v -0.094788 0.089589 -0.039276
v -0.090052 0.429279 -0.051138
v -0.095753 0.372949 -0.020507
v -0.095249 0.377664 -0.016582
v -0.094810 0.373848 -0.016034
v -0.091214 0.414786 -0.046665
v -0.094262 0.105617 -0.030988
v -0.095073 0.105508 -0.033619
v -0.092990 0.085160 -0.038552
v -0.094152 0.086475 -0.039079
v -0.095643 0.368235 -0.024147
v -0.094876 0.387750 -0.008118
v -0.093823 0.383650 -0.008140
v -0.092881 0.382773 -0.035132
v -0.092661 0.386741 -0.035505
v -0.094306 0.093163 -0.038662
v -0.089811 0.431450 -0.048376
v -0.089920 0.430639 -0.050042
v -0.089065 0.427152 -0.007636
v -0.089877 0.424806 -0.006473
v -0.092595 0.429586 -0.021121
v -0.091302 0.084261 -0.030900
v -0.095358 0.369156 -0.019827
v -0.090776 0.411365 -0.044955
v -0.093560 0.099851 -0.038837
v -0.093911 0.096255 -0.038640
v -0.094328 0.101385 -0.027786
v -0.095336 0.365319 -0.019081
v -0.095292 0.364420 -0.023357
v -0.094086 0.363784 -0.027370
v -0.094459 0.367599 -0.028203
v -0.092990 0.105332 -0.028488
v -0.094525 0.366042 -0.014828
v -0.094525 0.369967 -0.015463
v -0.095073 0.360561 -0.022677
v -0.095292 0.361372 -0.018402
v -0.089043 0.429455 -0.019432
v -0.094942 0.357381 -0.017875
v -0.094547 0.357908 -0.013841
v -0.094591 0.362008 -0.014258
v -0.093823 0.359969 -0.026734
v -0.092464 0.379133 -0.033970
v -0.094284 0.378606 -0.012043
v -0.093758 0.374638 -0.011692
v -0.094569 0.104696 -0.036491
v -0.089372 0.406936 -0.000926
v -0.090315 0.411343 -0.002000
v -0.089789 0.431691 -0.046293
v -0.093692 0.108928 -0.036864
v -0.093714 0.109498 -0.034057
v -0.094832 0.356723 -0.022063
v -0.092179 0.371305 -0.032369
v -0.092354 0.375208 -0.033180
v -0.094635 0.352821 -0.021625
v -0.094722 0.353325 -0.017503
v -0.092705 0.084348 -0.034386
v -0.092574 0.384571 -0.004588
v -0.092683 0.389197 -0.004610
v -0.093385 0.352360 -0.025769
v -0.093626 0.356175 -0.026208
v -0.092683 0.088010 -0.043157
v -0.092793 0.089545 -0.043179
v -0.089920 0.431801 -0.043639
v -0.094657 0.349225 -0.017261
v -0.094613 0.349531 -0.013315
v -0.094547 0.353720 -0.013534
v -0.090205 0.407966 -0.043333
v -0.094591 0.345080 -0.017086
v -0.094657 0.345322 -0.013183
v -0.093692 0.349707 -0.009631
v -0.094569 0.341134 -0.013095
v -0.093670 0.341243 -0.009543
v -0.093780 0.345475 -0.009543
v -0.094437 0.348830 -0.021318
v -0.094262 0.344795 -0.021143
v -0.090052 0.088646 -0.022020
v -0.094459 0.340958 -0.016976
v -0.093692 0.358193 -0.010004
v -0.093275 0.366525 -0.010859
v -0.093538 0.362403 -0.010398
v -0.092661 0.093031 -0.043091
v -0.092705 0.091146 -0.043113
v -0.093056 0.108292 -0.039583
v -0.093494 0.103841 -0.039320
v -0.094262 0.336836 -0.016889
v -0.094415 0.336945 -0.013030
v -0.093604 0.353961 -0.009806
v -0.093429 0.370625 -0.011297
v -0.093889 0.336704 -0.020901
v -0.094065 0.340739 -0.021011
v -0.092047 0.367424 -0.031602
v -0.092990 0.344554 -0.025155
v -0.093166 0.348501 -0.025374
v -0.094262 0.332779 -0.012964
v -0.093451 0.332845 -0.009587
v -0.093560 0.337033 -0.009565
v -0.089613 0.084633 -0.024147
v -0.089745 0.086431 -0.023050
v -0.090403 0.084743 -0.033422
v -0.092113 0.100486 -0.025616
v -0.091061 0.104653 -0.026251
v -0.090337 0.095575 -0.022239
v -0.090447 0.091869 -0.021471
v -0.092946 0.379505 -0.008052
v -0.092552 0.375296 -0.007723
v -0.093231 0.109718 -0.031360
v -0.094174 0.332736 -0.016823
v -0.094108 0.328591 -0.016801
v -0.094174 0.328591 -0.012920
v -0.094086 0.324381 -0.013008
v -0.093451 0.324403 -0.009521
v -0.093451 0.328635 -0.009543
v -0.093670 0.328613 -0.020748
v -0.093780 0.332692 -0.020792
v -0.092267 0.086607 -0.042982
v -0.093999 0.324447 -0.016889
v -0.093867 0.320325 -0.017064
v -0.093955 0.320237 -0.013183
v -0.091740 0.359771 -0.030418
v -0.091872 0.363587 -0.030922
v -0.088999 0.401520 -0.040219
v -0.089635 0.404590 -0.041863
v -0.092859 0.336573 -0.025046
v -0.092902 0.340541 -0.025067
v -0.089087 0.431933 -0.036404
v -0.089811 0.431823 -0.040131
v -0.093385 0.320478 -0.020945
v -0.093538 0.324557 -0.020792
v -0.093780 0.316115 -0.013402
v -0.093231 0.316049 -0.009828
v -0.093363 0.320215 -0.009609
v -0.092113 0.099609 -0.042828
v -0.092486 0.096101 -0.042982
v -0.093714 0.316268 -0.017283
v -0.092749 0.400095 -0.001101
v -0.091324 0.395205 -0.000904
v -0.093560 0.312234 -0.017503
v -0.093582 0.312059 -0.013644
v -0.092902 0.328657 -0.024914
v -0.092859 0.332604 -0.024980
v -0.092793 0.349729 -0.006561
v -0.092727 0.341265 -0.006780
v -0.092881 0.345475 -0.006561
v -0.092530 0.113489 -0.034277
v -0.092135 0.113686 -0.031558
v -0.093056 0.312475 -0.021318
v -0.093231 0.316444 -0.021143
v -0.092595 0.113160 -0.036886
v -0.092661 0.358302 -0.006693
v -0.091477 0.352141 -0.029541
v -0.091631 0.355978 -0.030001
v -0.092661 0.354005 -0.006627
v -0.093363 0.308024 -0.013907
v -0.092946 0.307892 -0.010420
v -0.093078 0.311971 -0.010113
v -0.093341 0.308243 -0.017700
v -0.092749 0.332889 -0.007131
v -0.092771 0.337077 -0.006978
v -0.088232 0.428731 -0.009631
v -0.092859 0.320742 -0.025024
v -0.092902 0.324710 -0.024914
v -0.092464 0.366832 -0.007066
v -0.092661 0.362578 -0.006737
v -0.091806 0.108249 -0.042368
v -0.091806 0.103468 -0.042455
v -0.089328 0.083098 -0.026010
v -0.092881 0.324425 -0.007131
v -0.092837 0.328679 -0.007153
v -0.092486 0.371064 -0.007329
v -0.093144 0.304231 -0.017897
v -0.093209 0.304011 -0.014148
v -0.092749 0.316027 -0.007307
v -0.092793 0.320215 -0.007153
v -0.092771 0.304472 -0.021625
v -0.092902 0.308484 -0.021471
v -0.088824 0.397990 -0.039144
v -0.092179 0.109498 -0.028707
v -0.091192 0.113577 -0.028795
v -0.092683 0.312716 -0.025309
v -0.092749 0.316751 -0.025199
v -0.093078 0.299977 -0.014411
v -0.092859 0.299779 -0.010947
v -0.092924 0.303836 -0.010662
v -0.091061 0.344401 -0.028817
v -0.091280 0.348304 -0.029124
v -0.092968 0.300218 -0.018117
v -0.088605 0.390754 -0.038048
v -0.088627 0.394372 -0.038531
v -0.092859 0.296205 -0.018402
v -0.092902 0.295964 -0.014740
v -0.092595 0.307783 -0.007767
v -0.092661 0.311883 -0.007548
v -0.092595 0.112875 -0.039561
v -0.091236 0.084896 -0.037632
v -0.091170 0.085532 -0.042434
v -0.089723 0.085247 -0.041688
v -0.092508 0.296425 -0.022020
v -0.092639 0.300437 -0.021800
v -0.092310 0.380097 -0.004697
v -0.092530 0.375690 -0.004654
v -0.092420 0.299604 -0.008206
v -0.092552 0.303704 -0.007965
v -0.092705 0.291908 -0.015135
v -0.092683 0.295723 -0.011297
v -0.092442 0.291667 -0.011714
v -0.092595 0.304691 -0.025484
v -0.092639 0.308726 -0.025418
v -0.090754 0.328635 -0.028620
v -0.090666 0.320917 -0.028554
v -0.090688 0.324798 -0.028576
v -0.090797 0.336485 -0.028707
v -0.090885 0.340432 -0.028729
v -0.092420 0.324469 -0.005399
v -0.092245 0.349685 -0.004697
v -0.092091 0.341243 -0.005070
v -0.092288 0.345431 -0.004851
v -0.088627 0.387070 -0.037259
v -0.088999 0.379440 -0.036426
v -0.088758 0.383299 -0.036689
v -0.092727 0.292171 -0.018753
v -0.090754 0.332538 -0.028685
v -0.092223 0.332911 -0.005333
v -0.092354 0.328701 -0.005399
v -0.091126 0.091299 -0.047849
v -0.091061 0.088032 -0.047630
v -0.091192 0.089589 -0.047762
v -0.092354 0.316005 -0.005355
v -0.092376 0.320237 -0.005355
v -0.092179 0.337077 -0.005180
v -0.090644 0.312892 -0.028598
v -0.090644 0.316926 -0.028576
v -0.088999 0.396192 0.001968
v -0.089372 0.402331 0.001837
v -0.092552 0.288092 -0.019125
v -0.092135 0.288334 -0.022612
v -0.092332 0.292390 -0.022283
v -0.092486 0.287829 -0.015573
v -0.092091 0.291447 -0.009061
v -0.092223 0.295526 -0.008578
v -0.091499 0.385163 -0.001650
v -0.091236 0.390228 -0.001123
v -0.090929 0.096715 -0.047499
v -0.091082 0.093404 -0.047849
v -0.092157 0.307717 -0.005596
v -0.092288 0.311839 -0.005443
v -0.091872 0.358280 -0.004675
v -0.092003 0.353961 -0.004675
v -0.092025 0.366898 -0.004654
v -0.091828 0.362600 -0.004675
v -0.092574 0.300657 -0.025550
v -0.092420 0.296600 -0.025572
v -0.090666 0.304823 -0.028620
v -0.090644 0.308835 -0.028598
v -0.092047 0.117546 -0.039035
v -0.091258 0.117743 -0.040833
v -0.091784 0.112985 -0.041820
v -0.091938 0.117480 -0.036711
v -0.089548 0.430420 -0.023818
v -0.087618 0.430069 -0.022085
v -0.090666 0.296797 -0.028773
v -0.090688 0.300810 -0.028663
v -0.092574 0.371239 -0.004610
v -0.091433 0.375888 -0.002285
v -0.091455 0.366919 -0.002614
v -0.091850 0.371349 -0.002285
v -0.092267 0.283751 -0.016012
v -0.092288 0.284036 -0.019542
v -0.091762 0.299473 -0.006035
v -0.091960 0.303617 -0.005772
v -0.091740 0.117546 -0.034321
v -0.090863 0.100399 -0.047038
v -0.092201 0.287588 -0.012174
v -0.091960 0.283488 -0.012613
v -0.088758 0.083471 -0.027743
v -0.092245 0.292587 -0.025747
v -0.092091 0.324469 -0.003842
v -0.091982 0.316005 -0.003776
v -0.092025 0.320237 -0.003820
v -0.091872 0.332933 -0.003755
v -0.092091 0.328723 -0.003820
v -0.089131 0.375427 -0.035724
v -0.087355 0.428797 -0.012218
v -0.088912 0.431428 -0.028247
v -0.086478 0.430946 -0.025550
v -0.092069 0.288509 -0.025923
v -0.091148 0.380470 -0.002022
v -0.092113 0.279980 -0.019958
v -0.091872 0.284299 -0.022941
v -0.091740 0.280243 -0.023313
v -0.091368 0.307695 -0.003974
v -0.091718 0.311817 -0.003798
v -0.091784 0.349597 -0.003009
v -0.091718 0.341199 -0.003448
v -0.091762 0.345365 -0.003250
v -0.090688 0.086629 -0.047411
v -0.092069 0.279673 -0.016406
v -0.090534 0.288706 -0.029102
v -0.090600 0.292741 -0.028927
v -0.091455 0.291250 -0.006934
v -0.091521 0.295372 -0.006452
v -0.091828 0.287369 -0.009565
v -0.091477 0.283312 -0.010048
v -0.089438 0.113138 -0.026383
v -0.090337 0.108906 -0.026339
v -0.091762 0.337077 -0.003601
v -0.088802 0.367709 -0.034014
v -0.089043 0.371546 -0.034956
v -0.091214 0.117611 -0.031733
v -0.088495 0.103907 -0.024410
v -0.089548 0.099631 -0.023401
v -0.091872 0.275616 -0.016801
v -0.091938 0.275923 -0.020353
v -0.091565 0.324469 -0.002461
v -0.091433 0.332911 -0.002329
v -0.091653 0.328723 -0.002329
v -0.091696 0.279431 -0.013008
v -0.091521 0.275353 -0.013359
v -0.091806 0.284518 -0.026230
v -0.091499 0.121821 -0.036360
v -0.091609 0.122041 -0.038289
v -0.091302 0.316005 -0.002395
v -0.091565 0.320215 -0.002373
v -0.091477 0.358280 -0.002746
v -0.091587 0.353917 -0.002856
v -0.090951 0.299385 -0.004390
v -0.091148 0.303551 -0.004149
v -0.091170 0.121668 -0.034233
v -0.091718 0.271889 -0.020748
v -0.091653 0.276208 -0.023708
v -0.091499 0.272174 -0.024103
v -0.091675 0.271582 -0.017174
v -0.091740 0.280462 -0.026493
v -0.088736 0.359947 -0.033202
v -0.088868 0.363828 -0.033685
v -0.090666 0.366963 -0.000773
v -0.090118 0.375909 -0.000049
v -0.090666 0.371393 -0.000422
v -0.091148 0.283115 -0.007943
v -0.091346 0.287150 -0.007438
v -0.091631 0.362578 -0.002658
v -0.090754 0.109060 -0.045152
v -0.090907 0.104565 -0.046249
v -0.090359 0.280593 -0.029497
v -0.090425 0.284650 -0.029277
v -0.089986 0.118247 -0.042565
v -0.090403 0.113664 -0.043815
v -0.091477 0.349531 -0.001365
v -0.091368 0.341134 -0.001913
v -0.091346 0.337033 -0.002132
v -0.091368 0.345278 -0.001672
v -0.090556 0.121602 -0.031843
v -0.091631 0.276405 -0.026778
v -0.091455 0.267569 -0.017547
v -0.091631 0.267898 -0.021143
v -0.090578 0.307695 -0.002614
v -0.090929 0.311839 -0.002505
v -0.091696 0.263885 -0.021559
v -0.091565 0.264126 -0.024804
v -0.091675 0.259873 -0.021998
v -0.091148 0.259588 -0.018424
v -0.091236 0.263578 -0.017963
v -0.090907 0.275199 -0.010727
v -0.091148 0.279256 -0.010442
v -0.091477 0.255948 -0.025484
v -0.091609 0.255816 -0.022436
v -0.091543 0.260048 -0.025155
v -0.091324 0.271297 -0.013687
v -0.091126 0.267262 -0.014038
v -0.091455 0.272371 -0.027107
v -0.090271 0.324469 -0.001693
v -0.090140 0.332889 -0.001628
v -0.090249 0.328701 -0.001693
v -0.091477 0.268161 -0.024453
v -0.090140 0.272481 -0.029935
v -0.090249 0.276537 -0.029716
v -0.088627 0.352163 -0.032501
v -0.088649 0.356066 -0.032808
v -0.091236 0.358258 -0.000860
v -0.090929 0.362644 -0.000751
v -0.091236 0.126338 -0.037741
v -0.090929 0.122304 -0.040022
v -0.090512 0.126601 -0.039364
v -0.091521 0.251760 -0.022853
v -0.091126 0.255597 -0.018884
v -0.091368 0.353873 -0.001145
v -0.091302 0.264280 -0.027699
v -0.089920 0.316071 -0.001737
v -0.090140 0.320259 -0.001781
v -0.091236 0.256057 -0.028313
v -0.091258 0.260180 -0.027962
v -0.091280 0.251825 -0.025813
v -0.091302 0.247681 -0.023160
v -0.091039 0.247528 -0.019783
v -0.090863 0.247747 -0.026054
v -0.091082 0.251562 -0.019366
v -0.090754 0.291096 -0.005224
v -0.090710 0.295241 -0.004785
v -0.091170 0.126097 -0.035943
v -0.089285 0.385382 0.000784
v -0.086544 0.420289 -0.050853
v -0.086631 0.417680 -0.049450
v -0.091346 0.268336 -0.027414
v -0.089833 0.349510 -0.000509
v -0.086171 0.422657 -0.051599
v -0.091368 0.227509 -0.024826
v -0.091346 0.223408 -0.025418
v -0.091192 0.227092 -0.021756
v -0.090469 0.223715 -0.028115
v -0.091280 0.231543 -0.024300
v -0.090710 0.231784 -0.027194
v -0.090644 0.227772 -0.027633
v -0.089986 0.341134 -0.001079
v -0.089920 0.345256 -0.000882
v -0.089416 0.358214 -0.000180
v -0.089635 0.353851 -0.000290
v -0.091148 0.222992 -0.022392
v -0.090885 0.218891 -0.023138
v -0.091017 0.219308 -0.026076
v -0.089986 0.264346 -0.030308
v -0.090052 0.268424 -0.030111
v -0.090644 0.286996 -0.005728
v -0.090052 0.337011 -0.001386
v -0.084219 0.419829 -0.003075
v -0.083825 0.422745 -0.004303
v -0.090797 0.271121 -0.010968
v -0.088013 0.084019 -0.029847
v -0.091148 0.243625 -0.023335
v -0.090600 0.243691 -0.026295
v -0.091148 0.231170 -0.021208
v -0.091082 0.235249 -0.020792
v -0.091104 0.235556 -0.023861
v -0.091126 0.251891 -0.028707
v -0.090885 0.247769 -0.029080
v -0.088386 0.344357 -0.031865
v -0.088517 0.348260 -0.032150
v -0.089811 0.256123 -0.030681
v -0.089920 0.260245 -0.030483
v -0.089504 0.085269 -0.036820
v -0.090973 0.130329 -0.035614
v -0.090973 0.130548 -0.037325
v -0.090907 0.263249 -0.014433
v -0.089197 0.390535 0.001749
v -0.090315 0.117589 -0.028992
v -0.089811 0.121536 -0.029190
v -0.086763 0.414128 -0.048463
v -0.090183 0.089391 -0.052388
v -0.089898 0.087659 -0.052125
v -0.090337 0.226675 -0.018884
v -0.084417 0.412483 -0.001036
v -0.084570 0.416386 -0.001628
v -0.089570 0.085510 -0.046841
v -0.090907 0.125878 -0.033992
v -0.090841 0.130110 -0.033729
v -0.090030 0.218519 -0.020375
v -0.090249 0.222597 -0.019564
v -0.090490 0.234876 -0.017854
v -0.090403 0.230776 -0.018336
v -0.091082 0.239590 -0.023554
v -0.091017 0.243428 -0.020090
v -0.090688 0.255246 -0.015354
v -0.090754 0.259259 -0.014871
v -0.090951 0.279102 -0.008381
v -0.090447 0.278971 -0.006583
v -0.090490 0.282984 -0.006210
v -0.090403 0.299297 -0.002768
v -0.090512 0.303529 -0.002636
v -0.089811 0.380470 0.000346
v -0.085601 0.424784 -0.051402
v -0.087530 0.432042 -0.032873
v -0.085403 0.431889 -0.029716
v -0.090140 0.094171 -0.052235
v -0.090162 0.091453 -0.052432
v -0.089306 0.247922 -0.031426
v -0.089591 0.252023 -0.030988
v -0.090578 0.262964 -0.011561
v -0.090710 0.267021 -0.011232
v -0.090381 0.235709 -0.026756
v -0.091039 0.239349 -0.020419
v -0.090337 0.239700 -0.026427
v -0.090622 0.251233 -0.015880
v -0.091039 0.151028 -0.036119
v -0.090995 0.146927 -0.036447
v -0.090907 0.146840 -0.034825
v -0.090205 0.151116 -0.037719
v -0.090929 0.155128 -0.035790
v -0.090819 0.155018 -0.034101
v -0.090863 0.150918 -0.034496
v -0.090556 0.243099 -0.016955
v -0.090534 0.238998 -0.017415
v -0.090556 0.247177 -0.016428
v -0.090425 0.215339 -0.026800
v -0.090205 0.219703 -0.028663
v -0.090008 0.215712 -0.029343
v -0.090973 0.142849 -0.036733
v -0.090205 0.142937 -0.038267
v -0.090183 0.147037 -0.038004
v -0.090973 0.134648 -0.037061
v -0.090951 0.134495 -0.035395
v -0.090052 0.134802 -0.038552
v -0.090183 0.130745 -0.038859
v -0.090973 0.138749 -0.036908
v -0.090973 0.138639 -0.035263
v -0.090951 0.142739 -0.035088
v -0.090754 0.138508 -0.033422
v -0.090162 0.138880 -0.038443
v -0.090797 0.134341 -0.033531
v -0.090666 0.146708 -0.033027
v -0.090710 0.142630 -0.033268
v -0.090710 0.275068 -0.008732
v -0.090008 0.101824 -0.050525
v -0.090008 0.097811 -0.051555
v -0.089263 0.126908 -0.040986
v -0.089745 0.122676 -0.041776
v -0.090797 0.159228 -0.035373
v -0.090183 0.159360 -0.036974
v -0.090205 0.155238 -0.037368
v -0.089219 0.307739 -0.001847
v -0.089548 0.311905 -0.001781
v -0.088714 0.366919 -0.000115
v -0.089065 0.362578 -0.000202
v -0.085316 0.428622 -0.018731
v -0.086368 0.428556 -0.015069
v -0.089591 0.110573 -0.047674
v -0.089986 0.106209 -0.049231
v -0.090425 0.129912 -0.031558
v -0.090381 0.125702 -0.031777
v -0.090644 0.270990 -0.008995
v -0.090425 0.214879 -0.024037
v -0.090644 0.243713 -0.028948
v -0.088188 0.336463 -0.031799
v -0.088276 0.340432 -0.031777
v -0.090534 0.154843 -0.032259
v -0.090600 0.150787 -0.032676
v -0.090732 0.159097 -0.033685
v -0.090359 0.138332 -0.031229
v -0.090403 0.134144 -0.031360
v -0.090622 0.163175 -0.033202
v -0.090666 0.163329 -0.034913
v -0.085601 0.407616 -0.045131
v -0.086259 0.410817 -0.046775
v -0.090425 0.258908 -0.011955
v -0.090227 0.295065 -0.003097
v -0.089767 0.286843 -0.004281
v -0.090030 0.290899 -0.003667
v -0.087530 0.328613 -0.031426
v -0.087903 0.332494 -0.031558
v -0.090337 0.162978 -0.031295
v -0.090447 0.158921 -0.031799
v -0.083452 0.425135 -0.005355
v -0.090271 0.146555 -0.030900
v -0.090337 0.142476 -0.031097
v -0.090337 0.227925 -0.030440
v -0.090490 0.235885 -0.029650
v -0.090359 0.231938 -0.030374
v -0.090622 0.266867 -0.009258
v -0.090403 0.274958 -0.006934
v -0.089504 0.086190 -0.051730
v -0.088232 0.084896 -0.050941
v -0.090205 0.250817 -0.013139
v -0.090337 0.254851 -0.012481
v -0.088451 0.296797 -0.031448
v -0.088429 0.304735 -0.031470
v -0.088451 0.300766 -0.031470
v -0.087881 0.320610 -0.030681
v -0.087048 0.324864 -0.031317
v -0.090534 0.167429 -0.034430
v -0.090030 0.167561 -0.036075
v -0.090140 0.163460 -0.036535
v -0.087815 0.375778 0.000521
v -0.088407 0.371283 0.000346
v -0.089986 0.223956 -0.030856
v -0.090447 0.239722 -0.029234
v -0.088561 0.239853 -0.031931
v -0.088934 0.243844 -0.031733
v -0.090271 0.266714 -0.007438
v -0.090425 0.270880 -0.007197
v -0.088407 0.312760 -0.031558
v -0.088429 0.308704 -0.031492
v -0.088386 0.316817 -0.031645
v -0.090490 0.167254 -0.032676
v -0.090271 0.262745 -0.009609
v -0.090183 0.154646 -0.030154
v -0.090227 0.150611 -0.030571
v -0.088386 0.288728 -0.031602
v -0.088451 0.292785 -0.031492
v -0.090074 0.258645 -0.010026
v -0.089920 0.242726 -0.014455
v -0.090030 0.246782 -0.013819
v -0.090359 0.171332 -0.032106
v -0.090359 0.171507 -0.033904
v -0.089679 0.234525 -0.015463
v -0.089811 0.238626 -0.014981
v -0.089021 0.303551 -0.001803
v -0.090118 0.171157 -0.030133
v -0.090249 0.167056 -0.030746
v -0.088210 0.231960 -0.032259
v -0.088320 0.235907 -0.032128
v -0.089570 0.282852 -0.004763
v -0.086039 0.095158 -0.020638
v -0.084877 0.088580 -0.021471
v -0.085338 0.091453 -0.020397
v -0.089964 0.162737 -0.028992
v -0.090096 0.158680 -0.029606
v -0.089416 0.274871 -0.005465
v -0.089460 0.278883 -0.005158
v -0.089789 0.129671 -0.029058
v -0.090096 0.210954 -0.024892
v -0.089504 0.210559 -0.022129
v -0.089701 0.214506 -0.021252
v -0.090096 0.211349 -0.027545
v -0.089328 0.266648 -0.005947
v -0.089416 0.270792 -0.005728
v -0.088210 0.280637 -0.031799
v -0.088298 0.284672 -0.031689
v -0.086938 0.085730 -0.035746
v -0.087421 0.084896 -0.032435
v -0.088188 0.118905 -0.044275
v -0.088868 0.114783 -0.045876
v -0.089745 0.138113 -0.028663
v -0.089789 0.133903 -0.028839
v -0.089416 0.226325 -0.016494
v -0.089504 0.230425 -0.015946
v -0.088692 0.294999 -0.002373
v -0.088868 0.299275 -0.001935
v -0.084395 0.428271 -0.051073
v -0.085031 0.426626 -0.051292
v -0.089723 0.125549 -0.029190
v -0.090205 0.175586 -0.033334
v -0.090227 0.175432 -0.031492
v -0.089855 0.175739 -0.035154
v -0.089942 0.171661 -0.035636
v -0.088100 0.228057 -0.032391
v -0.087114 0.112546 -0.024388
v -0.087793 0.108249 -0.024585
v -0.089635 0.146314 -0.028203
v -0.089723 0.142257 -0.028444
v -0.089789 0.250488 -0.011166
v -0.089964 0.254566 -0.010552
v -0.087903 0.121339 -0.026822
v -0.088517 0.117304 -0.026558
v -0.084504 0.407857 -0.000422
v -0.089877 0.262592 -0.007877
v -0.089855 0.258447 -0.008271
v -0.088714 0.324535 -0.001452
v -0.089679 0.170872 -0.027786
v -0.089811 0.166793 -0.028400
v -0.089109 0.218212 -0.017919
v -0.089306 0.222268 -0.017152
v -0.087991 0.272502 -0.031996
v -0.088100 0.276559 -0.031887
v -0.088605 0.332889 -0.001343
v -0.088692 0.328723 -0.001452
v -0.089548 0.154339 -0.027370
v -0.089570 0.150326 -0.027852
v -0.090074 0.179489 -0.030812
v -0.089986 0.175213 -0.029409
v -0.089855 0.179270 -0.028642
v -0.088890 0.143046 -0.039342
v -0.088890 0.151203 -0.038772
v -0.088912 0.159426 -0.038026
v -0.088912 0.155325 -0.038443
v -0.090052 0.179642 -0.032742
v -0.089504 0.216063 -0.031821
v -0.089657 0.220010 -0.031251
v -0.088429 0.091738 -0.056225
v -0.088407 0.087001 -0.056116
v -0.088429 0.089391 -0.056313
v -0.088868 0.134999 -0.039824
v -0.089065 0.131009 -0.040329
v -0.088868 0.147103 -0.039057
v -0.088868 0.139012 -0.039605
v -0.088473 0.098864 -0.054625
v -0.088627 0.094939 -0.055875
v -0.088802 0.167648 -0.037259
v -0.088890 0.163548 -0.037632
v -0.088320 0.316159 -0.001277
v -0.088561 0.320325 -0.001474
v -0.089306 0.162386 -0.026230
v -0.089504 0.158351 -0.026800
v -0.089920 0.207380 -0.028247
v -0.089964 0.207007 -0.025681
v -0.089877 0.211721 -0.030023
v -0.089811 0.207687 -0.030637
v -0.089920 0.183677 -0.032106
v -0.089920 0.183501 -0.030089
v -0.089767 0.183830 -0.034101
v -0.089789 0.179796 -0.034628
v -0.087772 0.264324 -0.032172
v -0.087881 0.268402 -0.032084
v -0.088342 0.341177 -0.001145
v -0.088473 0.337055 -0.001255
v -0.084132 0.429937 -0.050305
v -0.089328 0.242397 -0.012438
v -0.089548 0.246453 -0.011846
v -0.088495 0.290855 -0.002987
v -0.088386 0.102986 -0.053134
v -0.087640 0.111669 -0.049757
v -0.088232 0.107328 -0.051467
v -0.089153 0.178941 -0.026273
v -0.089438 0.174928 -0.027085
v -0.087750 0.220229 -0.032983
v -0.087925 0.224132 -0.032654
v -0.089811 0.203104 -0.026405
v -0.089306 0.202731 -0.023708
v -0.089416 0.206634 -0.022941
v -0.089789 0.254303 -0.008776
v -0.089570 0.250181 -0.009368
v -0.088671 0.175783 -0.036535
v -0.088714 0.171727 -0.036886
v -0.089767 0.187470 -0.029343
v -0.089679 0.183260 -0.027830
v -0.089394 0.187185 -0.027019
v -0.089789 0.187689 -0.031470
v -0.089789 0.203433 -0.028883
v -0.087508 0.256189 -0.032369
v -0.087684 0.260267 -0.032238
v -0.088100 0.349575 -0.000575
v -0.088232 0.345322 -0.000816
v -0.085272 0.432240 -0.040921
v -0.084921 0.432327 -0.044056
v -0.089241 0.207950 -0.032961
v -0.089372 0.212028 -0.032435
v -0.089043 0.258272 -0.006605
v -0.089109 0.262482 -0.006320
v -0.088736 0.170477 -0.025089
v -0.089021 0.166442 -0.025681
v -0.089701 0.199486 -0.029519
v -0.089635 0.199201 -0.027107
v -0.089745 0.203674 -0.031207
v -0.089153 0.234240 -0.013337
v -0.089263 0.238319 -0.012898
v -0.086653 0.385360 0.002034
v -0.087180 0.380426 0.001179
v -0.084395 0.432568 -0.046775
v -0.083912 0.431384 -0.049319
v -0.084965 0.432481 -0.037566
v -0.088057 0.129452 -0.026602
v -0.088232 0.137806 -0.026098
v -0.088188 0.133618 -0.026383
v -0.088649 0.183896 -0.035658
v -0.088692 0.179840 -0.036119
v -0.089701 0.187843 -0.033465
v -0.089701 0.191636 -0.030812
v -0.089679 0.191812 -0.032873
v -0.089701 0.199727 -0.031755
v -0.088451 0.250027 -0.008030
v -0.088824 0.254084 -0.007175
v -0.089657 0.191395 -0.028576
v -0.088035 0.282808 -0.004040
v -0.088254 0.286799 -0.003557
v -0.084592 0.086366 -0.022458
v -0.087180 0.127193 -0.041885
v -0.088013 0.123203 -0.043223
v -0.088890 0.199925 -0.033904
v -0.089087 0.203915 -0.033443
v -0.088210 0.085138 -0.046095
v -0.088188 0.085532 -0.040899
v -0.086653 0.085160 -0.045218
v -0.087859 0.125395 -0.026800
v -0.088144 0.145985 -0.025462
v -0.088210 0.141928 -0.025791
v -0.088605 0.191943 -0.034737
v -0.088583 0.187931 -0.035198
v -0.089679 0.195561 -0.030154
v -0.089613 0.195298 -0.027830
v -0.089657 0.195780 -0.032325
v -0.088714 0.210230 -0.019520
v -0.088868 0.214199 -0.018731
v -0.088561 0.186812 -0.024607
v -0.088846 0.182909 -0.025462
v -0.089153 0.194969 -0.025331
v -0.089241 0.191088 -0.026186
v -0.088714 0.195934 -0.034299
v -0.087684 0.216282 -0.033531
v -0.089197 0.198850 -0.024497
v -0.087530 0.358171 -0.000444
v -0.087903 0.353873 -0.000619
v -0.085009 0.404436 -0.043618
v -0.084504 0.082660 -0.025309
v -0.084461 0.084633 -0.023664
v -0.086829 0.248076 -0.032654
v -0.087201 0.252154 -0.032479
v -0.088013 0.153988 -0.024563
v -0.088079 0.149997 -0.025067
v -0.089285 0.246124 -0.010004
v -0.085425 0.103534 -0.022787
v -0.086237 0.099215 -0.021625
v -0.088912 0.242112 -0.010574
v -0.087925 0.311971 -0.001189
v -0.087925 0.085335 -0.055546
v -0.087772 0.162035 -0.023511
v -0.087947 0.158001 -0.023993
v -0.088956 0.226018 -0.014367
v -0.089021 0.230140 -0.013819
v -0.087859 0.274827 -0.004807
v -0.087903 0.278839 -0.004456
v -0.088144 0.178502 -0.023752
v -0.088451 0.174490 -0.024453
v -0.088539 0.202359 -0.021055
v -0.088627 0.206283 -0.020287
v -0.087728 0.266626 -0.005333
v -0.087815 0.270748 -0.005070
v -0.087443 0.208147 -0.034496
v -0.087596 0.212248 -0.034057
v -0.085469 0.397091 0.003065
v -0.084921 0.403296 0.002297
v -0.088539 0.217905 -0.015770
v -0.088824 0.221961 -0.015003
v -0.087684 0.242002 -0.009302
v -0.088035 0.245993 -0.008732
v -0.088407 0.234021 -0.011473
v -0.088714 0.238077 -0.010990
v -0.088407 0.194575 -0.022743
v -0.088429 0.190693 -0.023664
v -0.087399 0.303551 -0.001167
v -0.087596 0.307783 -0.001123
v -0.088473 0.198456 -0.021866
v -0.085952 0.390951 0.002604
v -0.085118 0.375931 -0.036842
v -0.087465 0.258250 -0.005969
v -0.087574 0.262460 -0.005640
v -0.087114 0.200034 -0.035329
v -0.087267 0.204069 -0.034913
v -0.087004 0.135153 -0.040350
v -0.087048 0.131162 -0.040942
v -0.086566 0.366788 0.000039
v -0.087048 0.362468 -0.000137
v -0.082619 0.428249 -0.009192
v -0.083057 0.426999 -0.007087
v -0.085360 0.368147 -0.036119
v -0.085294 0.372028 -0.036513
v -0.087333 0.170038 -0.022458
v -0.087552 0.166048 -0.022984
v -0.088057 0.225798 -0.012503
v -0.088166 0.229921 -0.011977
v -0.084526 0.383452 -0.037719
v -0.084811 0.379725 -0.037083
v -0.084110 0.398034 -0.040899
v -0.084526 0.401279 -0.042192
v -0.086083 0.240007 -0.033071
v -0.086434 0.244020 -0.032851
v -0.087289 0.159492 -0.038728
v -0.087333 0.151313 -0.039539
v -0.087333 0.155413 -0.039144
v -0.083298 0.430968 -0.026668
v -0.087180 0.143178 -0.039956
v -0.087092 0.167670 -0.037895
v -0.087201 0.163592 -0.038267
v -0.086324 0.119716 -0.046227
v -0.086719 0.115638 -0.047608
v -0.087092 0.139165 -0.040153
v -0.087289 0.147234 -0.039824
v -0.088035 0.209967 -0.017283
v -0.088166 0.213936 -0.016560
v -0.087245 0.299231 -0.001408
v -0.085557 0.360298 -0.035263
v -0.085579 0.364244 -0.036097
v -0.087750 0.186330 -0.022085
v -0.087881 0.182427 -0.022962
v -0.087618 0.217685 -0.013863
v -0.087903 0.221720 -0.013117
v -0.086938 0.250006 -0.007285
v -0.087245 0.254084 -0.006583
v -0.084132 0.083800 -0.028773
v -0.084395 0.083142 -0.026844
v -0.084329 0.387202 -0.038377
v -0.086894 0.175783 -0.037237
v -0.086982 0.171727 -0.037544
v -0.086960 0.192009 -0.036075
v -0.087004 0.196044 -0.035702
v -0.087201 0.233933 -0.010135
v -0.087421 0.237990 -0.009741
v -0.086807 0.324579 -0.001036
v -0.086894 0.183918 -0.036711
v -0.086894 0.179862 -0.036974
v -0.086829 0.290811 -0.002527
v -0.087070 0.294956 -0.001891
v -0.086675 0.332911 -0.001079
v -0.086807 0.328745 -0.001101
v -0.085601 0.352294 -0.034606
v -0.085535 0.356285 -0.034913
v -0.085689 0.095619 -0.058374
v -0.087859 0.202030 -0.018687
v -0.087925 0.205998 -0.017985
v -0.083934 0.394591 -0.039758
v -0.084110 0.390951 -0.039013
v -0.086916 0.187975 -0.036382
v -0.086631 0.320435 -0.000926
v -0.085820 0.121120 -0.024519
v -0.086434 0.116888 -0.024278
v -0.085338 0.344423 -0.033860
v -0.085535 0.348347 -0.034233
v -0.085754 0.103578 -0.054691
v -0.085645 0.099544 -0.056445
v -0.087750 0.194158 -0.020287
v -0.087815 0.198083 -0.019476
v -0.086346 0.341221 -0.000926
v -0.086500 0.337077 -0.000970
v -0.086916 0.177976 -0.021274
v -0.087114 0.174007 -0.021910
v -0.085425 0.296600 -0.033115
v -0.085469 0.288619 -0.033027
v -0.085469 0.292631 -0.033049
v -0.085360 0.304472 -0.033224
v -0.085360 0.300547 -0.033202
v -0.085382 0.089457 -0.059427
v -0.084307 0.086804 -0.059295
v -0.085601 0.092220 -0.058988
v -0.087728 0.190233 -0.021164
v -0.085513 0.312431 -0.033487
v -0.085447 0.308397 -0.033356
v -0.085316 0.375602 0.000719
v -0.086017 0.371151 0.000412
v -0.085447 0.320500 -0.033772
v -0.085513 0.316510 -0.033619
v -0.085667 0.232047 -0.033531
v -0.085820 0.235994 -0.033312
v -0.085886 0.312080 -0.000553
v -0.086324 0.316268 -0.000729
v -0.085382 0.280528 -0.033049
v -0.085425 0.284562 -0.033027
v -0.085360 0.336529 -0.033948
v -0.085272 0.340498 -0.033816
v -0.086368 0.282786 -0.003601
v -0.086587 0.286777 -0.003119
v -0.086719 0.084502 -0.050108
v -0.086719 0.084019 -0.054427
v -0.085162 0.083559 -0.053507
v -0.085184 0.112152 -0.051445
v -0.085623 0.107854 -0.053112
v -0.085995 0.137499 -0.023949
v -0.085995 0.349619 -0.000838
v -0.086193 0.345387 -0.000773
v -0.082202 0.428753 -0.011714
v -0.085974 0.145656 -0.023116
v -0.085995 0.141599 -0.023554
v -0.086083 0.086124 -0.039956
v -0.085754 0.129298 -0.024497
v -0.085930 0.133399 -0.024278
v -0.087136 0.209748 -0.015376
v -0.087267 0.213717 -0.014696
v -0.086894 0.225689 -0.011078
v -0.087048 0.229811 -0.010574
v -0.085425 0.224242 -0.033948
v -0.085557 0.228144 -0.033750
v -0.085250 0.272437 -0.033093
v -0.085316 0.276493 -0.033071
v -0.085842 0.153681 -0.022195
v -0.085908 0.149668 -0.022677
v -0.086302 0.241958 -0.008315
v -0.086609 0.245971 -0.007877
v -0.085557 0.127654 -0.043596
v -0.085908 0.123729 -0.044802
v -0.085667 0.161706 -0.021252
v -0.085776 0.157694 -0.021713
v -0.083847 0.085357 -0.058550
v -0.086982 0.201767 -0.016669
v -0.087048 0.205779 -0.016012
v -0.085360 0.220339 -0.034211
v -0.086478 0.217554 -0.012372
v -0.086719 0.221588 -0.011670
v -0.086171 0.274783 -0.004434
v -0.086215 0.278795 -0.004040
v -0.085403 0.328482 -0.033970
v -0.085425 0.332494 -0.033992
v -0.085250 0.358105 -0.000816
v -0.085732 0.353873 -0.000970
v -0.086785 0.185826 -0.019739
v -0.086829 0.181923 -0.020529
v -0.085075 0.264280 -0.033137
v -0.085162 0.268358 -0.033115
v -0.085601 0.125242 -0.024651
v -0.086894 0.193763 -0.018117
v -0.086938 0.197754 -0.017371
v -0.086017 0.266626 -0.005070
v -0.086127 0.270748 -0.004763
v -0.084307 0.112152 -0.022809
v -0.084789 0.107898 -0.023028
v -0.086829 0.189773 -0.018906
v -0.085294 0.212357 -0.035000
v -0.085316 0.216392 -0.034584
v -0.084724 0.256255 -0.033224
v -0.084943 0.260267 -0.033158
v -0.085009 0.429806 -0.022568
v -0.085206 0.208279 -0.035329
v -0.085579 0.307827 -0.000466
v -0.085732 0.258294 -0.005838
v -0.085886 0.262482 -0.005377
v -0.085447 0.169666 -0.020331
v -0.085557 0.165697 -0.020792
v -0.081895 0.432634 -0.031053
v -0.083869 0.432897 -0.034321
v -0.083737 0.084831 -0.031229
v -0.085908 0.233867 -0.009039
v -0.086061 0.237946 -0.008688
v -0.085316 0.299166 -0.001079
v -0.085425 0.303507 -0.000597
v -0.085667 0.151488 -0.040416
v -0.085513 0.159601 -0.039473
v -0.085645 0.155545 -0.039956
v -0.085645 0.143397 -0.041162
v -0.085667 0.147410 -0.040811
v -0.084855 0.200122 -0.036031
v -0.085031 0.204200 -0.035680
v -0.086127 0.209572 -0.013709
v -0.086259 0.213563 -0.013073
v -0.085272 0.250071 -0.007066
v -0.085535 0.254150 -0.006452
v -0.085162 0.167714 -0.038531
v -0.085338 0.163658 -0.038991
v -0.084066 0.248251 -0.033400
v -0.084439 0.252264 -0.033246
v -0.083737 0.385228 0.002407
v -0.084483 0.380317 0.001267
v -0.085425 0.177581 -0.019147
v -0.085403 0.173634 -0.019805
v -0.085360 0.135460 -0.041929
v -0.085513 0.139407 -0.041513
v -0.084943 0.290811 -0.002592
v -0.085140 0.294934 -0.001825
v -0.085360 0.131557 -0.042609
v -0.085952 0.201547 -0.014893
v -0.086017 0.205582 -0.014301
v -0.085557 0.225623 -0.009938
v -0.085732 0.229745 -0.009456
v -0.085403 0.324469 -0.033904
v -0.084044 0.366569 0.000192
v -0.084658 0.362293 -0.000246
v -0.084811 0.192053 -0.036667
v -0.084789 0.196087 -0.036360
v -0.084987 0.175827 -0.037763
v -0.085053 0.171771 -0.038092
v -0.082970 0.086651 -0.038881
v -0.083386 0.086059 -0.034671
v -0.085842 0.193456 -0.016187
v -0.085886 0.197513 -0.015507
v -0.084855 0.183940 -0.037237
v -0.084833 0.187996 -0.036974
v -0.084899 0.179884 -0.037478
v -0.085513 0.185453 -0.017700
v -0.085425 0.181506 -0.018446
v -0.085732 0.189422 -0.016911
v -0.084351 0.328767 -0.001189
v -0.084176 0.320522 -0.001014
v -0.084351 0.324645 -0.001123
v -0.084197 0.332911 -0.001145
v -0.082158 0.412856 -0.050327
v -0.082860 0.083208 -0.056642
v -0.083342 0.084217 -0.057848
v -0.085118 0.084348 -0.049121
v -0.083627 0.083427 -0.052432
v -0.084000 0.120308 -0.047959
v -0.084636 0.116383 -0.049735
v -0.085140 0.217466 -0.011166
v -0.085360 0.221501 -0.010530
v -0.084811 0.085708 -0.044363
v -0.083255 0.084589 -0.047981
v -0.082641 0.415948 -0.052037
v -0.084636 0.242002 -0.007943
v -0.084943 0.246037 -0.007592
v -0.084526 0.282808 -0.003776
v -0.084724 0.286799 -0.003250
v -0.082838 0.418886 -0.053682
v -0.083737 0.341265 -0.001014
v -0.083956 0.337077 -0.001079
v -0.083408 0.120900 -0.022480
v -0.083803 0.116515 -0.022568
v -0.083298 0.240204 -0.033838
v -0.083693 0.244239 -0.033619
v -0.081413 0.428600 -0.018731
v -0.081764 0.428950 -0.014893
v -0.083825 0.316378 -0.000904
v -0.084746 0.209485 -0.012394
v -0.084921 0.213454 -0.011802
v -0.081610 0.409677 -0.048902
v -0.081281 0.095948 -0.019783
v -0.081807 0.103819 -0.020879
v -0.081807 0.099719 -0.020134
v -0.084307 0.274783 -0.004566
v -0.084373 0.278795 -0.004171
v -0.083452 0.349685 -0.001233
v -0.083627 0.345475 -0.001058
v -0.082071 0.421364 -0.053616
v -0.084219 0.266670 -0.005268
v -0.084307 0.270748 -0.004939
v -0.084197 0.233889 -0.008491
v -0.084395 0.237990 -0.008228
v -0.084439 0.201460 -0.013600
v -0.084614 0.205494 -0.012986
v -0.082553 0.375317 0.000828
v -0.083408 0.370910 0.000477
v -0.083584 0.137302 -0.021888
v -0.083562 0.145415 -0.021055
v -0.083605 0.141358 -0.021471
v -0.082114 0.397310 0.002824
v -0.083035 0.390951 0.002977
v -0.083320 0.129211 -0.022414
v -0.083474 0.133245 -0.022195
v -0.083101 0.128027 -0.045174
v -0.083364 0.124102 -0.046315
v -0.083474 0.153440 -0.020244
v -0.083518 0.149427 -0.020638
v -0.084132 0.193347 -0.014893
v -0.084285 0.197403 -0.014236
v -0.083934 0.258382 -0.006035
v -0.084088 0.262526 -0.005596
v -0.083211 0.307805 -0.000926
v -0.083474 0.312146 -0.000816
v -0.082728 0.232179 -0.034211
v -0.082948 0.236170 -0.034036
v -0.083408 0.161487 -0.019432
v -0.083430 0.157474 -0.019827
v -0.082619 0.103666 -0.055480
v -0.083737 0.185343 -0.016362
v -0.083956 0.189334 -0.015573
v -0.083869 0.225645 -0.009368
v -0.084044 0.229767 -0.008951
v -0.082575 0.358017 -0.001386
v -0.083123 0.353851 -0.001408
v -0.082443 0.099719 -0.057300
v -0.081457 0.092220 -0.059821
v -0.082092 0.095969 -0.059208
v -0.083035 0.151729 -0.041622
v -0.082991 0.143704 -0.042762
v -0.083035 0.147695 -0.042214
v -0.082816 0.159777 -0.040482
v -0.082970 0.155742 -0.041052
v -0.082356 0.112086 -0.052388
v -0.082641 0.107788 -0.053857
v -0.083233 0.125110 -0.022546
v -0.082816 0.352360 -0.036316
v -0.080185 0.403691 -0.045920
v -0.080865 0.406673 -0.047367
v -0.081281 0.423337 -0.053090
v -0.082246 0.360517 -0.036557
v -0.081698 0.368389 -0.036952
v -0.081983 0.364486 -0.036667
v -0.083386 0.169490 -0.018665
v -0.083408 0.165500 -0.019059
v -0.082531 0.224307 -0.034518
v -0.082597 0.228232 -0.034364
v -0.083496 0.250181 -0.007241
v -0.083737 0.254237 -0.006605
v -0.082421 0.344576 -0.034956
v -0.082663 0.348435 -0.035812
v -0.082443 0.356460 -0.036469
v -0.082838 0.135789 -0.043639
v -0.082904 0.139714 -0.043223
v -0.082641 0.312080 -0.034935
v -0.082641 0.320150 -0.035241
v -0.082706 0.316115 -0.035110
v -0.082290 0.288378 -0.033904
v -0.082202 0.296293 -0.034342
v -0.082246 0.292346 -0.034123
v -0.082312 0.304143 -0.034671
v -0.082465 0.308068 -0.034825
v -0.083496 0.177406 -0.017700
v -0.083584 0.181353 -0.017064
v -0.082224 0.280374 -0.033531
v -0.082290 0.284365 -0.033663
v -0.083101 0.299166 -0.001693
v -0.083123 0.303463 -0.001189
v -0.082685 0.328328 -0.035439
v -0.082685 0.336529 -0.035417
v -0.082706 0.332450 -0.035461
v -0.083430 0.173459 -0.018248
v -0.082597 0.324228 -0.035307
v -0.080514 0.087418 -0.058616
v -0.080930 0.089391 -0.059515
v -0.082882 0.131886 -0.044253
v -0.082641 0.216414 -0.034956
v -0.082553 0.220382 -0.034715
v -0.083386 0.217510 -0.010574
v -0.083649 0.221545 -0.009960
v -0.082224 0.300218 -0.034518
v -0.079812 0.089084 -0.020901
v -0.080426 0.092242 -0.019827
v -0.082553 0.167846 -0.039473
v -0.082685 0.163811 -0.039978
v -0.082728 0.212423 -0.035417
v -0.082180 0.272349 -0.033400
v -0.082180 0.276362 -0.033487
v -0.081917 0.429126 -0.023138
v -0.081040 0.375909 -0.037610
v -0.081391 0.372226 -0.037237
v -0.082509 0.340541 -0.035088
v -0.080338 0.433380 -0.041337
v -0.079878 0.432744 -0.043968
v -0.082575 0.204354 -0.036184
v -0.082728 0.208388 -0.035834
v -0.082246 0.082879 -0.055261
v -0.082027 0.264280 -0.033224
v -0.082114 0.268293 -0.033312
v -0.082904 0.290855 -0.003097
v -0.083035 0.294956 -0.002351
v -0.082487 0.175937 -0.038574
v -0.082487 0.171880 -0.039013
v -0.082378 0.200275 -0.036535
v -0.080645 0.425157 -0.052586
v -0.080426 0.434147 -0.038684
v -0.082904 0.242134 -0.008250
v -0.083211 0.246146 -0.007789
v -0.081742 0.256320 -0.033027
v -0.081917 0.260267 -0.033115
v -0.082926 0.209529 -0.011824
v -0.083123 0.213475 -0.011166
v -0.079330 0.407747 -0.000531
v -0.080601 0.403362 0.002122
v -0.082487 0.184028 -0.037829
v -0.082487 0.179971 -0.038158
v -0.079527 0.086738 -0.022195
v -0.082378 0.192141 -0.037193
v -0.082465 0.188084 -0.037522
v -0.082114 0.086322 -0.043267
v -0.080273 0.383365 -0.038684
v -0.080667 0.379637 -0.038004
v -0.081128 0.112152 -0.021274
v -0.081457 0.107942 -0.021296
v -0.082312 0.196197 -0.036886
v -0.082597 0.282830 -0.004369
v -0.082750 0.286843 -0.003798
v -0.080974 0.366349 -0.000444
v -0.081764 0.362139 -0.000816
v -0.081303 0.120484 -0.049362
v -0.081851 0.116361 -0.050831
v -0.082597 0.201481 -0.012920
v -0.082772 0.205516 -0.012372
v -0.078343 0.412001 -0.001408
v -0.077795 0.415860 -0.002658
v -0.079746 0.400643 -0.044560
v -0.079395 0.084962 -0.023445
v -0.079527 0.083033 -0.026602
v -0.079352 0.083405 -0.024300
v -0.080580 0.385031 0.002210
v -0.081500 0.379900 0.001639
v -0.081172 0.248427 -0.033180
v -0.081522 0.252374 -0.032983
v -0.082399 0.234021 -0.009083
v -0.082619 0.238099 -0.008688
v -0.079944 0.426692 -0.051577
v -0.079330 0.431626 -0.046468
v -0.082443 0.274805 -0.005333
v -0.082487 0.278839 -0.004873
v -0.081676 0.328745 -0.002066
v -0.081676 0.324666 -0.002044
v -0.079746 0.390600 -0.040657
v -0.079988 0.386983 -0.039693
v -0.082378 0.266736 -0.006123
v -0.082421 0.270770 -0.005728
v -0.082246 0.193369 -0.014038
v -0.082443 0.197403 -0.013490
v -0.077049 0.419960 -0.003689
v -0.081237 0.337033 -0.001978
v -0.081522 0.332867 -0.002044
v -0.081259 0.316400 -0.001825
v -0.081544 0.320566 -0.001957
v -0.079702 0.084743 -0.030681
v -0.079637 0.083690 -0.028378
v -0.079198 0.429762 -0.048398
v -0.079330 0.428249 -0.050218
v -0.079549 0.394131 -0.041798
v -0.079549 0.397485 -0.043201
v -0.082071 0.258535 -0.007000
v -0.082246 0.262635 -0.006539
v -0.082071 0.225820 -0.009916
v -0.082224 0.229921 -0.009477
v -0.081895 0.185343 -0.015288
v -0.082049 0.189356 -0.014696
v -0.080974 0.341243 -0.001891
v -0.079834 0.434564 -0.035461
v -0.080229 0.085927 -0.057826
v -0.076962 0.422811 -0.004851
v -0.080448 0.120813 -0.021318
v -0.080799 0.116427 -0.021274
v -0.081764 0.250378 -0.008206
v -0.081895 0.254435 -0.007570
v -0.080316 0.240445 -0.033794
v -0.080755 0.244458 -0.033487
v -0.081566 0.217707 -0.011122
v -0.081851 0.221742 -0.010508
v -0.081632 0.083427 -0.051007
v -0.080558 0.349641 -0.002088
v -0.080777 0.345453 -0.001913
v -0.080645 0.137302 -0.020551
v -0.080711 0.145305 -0.019739
v -0.080711 0.141314 -0.020112
v -0.081544 0.177428 -0.016516
v -0.081720 0.181375 -0.015902
v -0.080843 0.153330 -0.018862
v -0.080733 0.149318 -0.019323
v -0.080338 0.129233 -0.021143
v -0.080492 0.133289 -0.020879
v -0.080887 0.307805 -0.001957
v -0.081040 0.312146 -0.001847
v -0.076962 0.425333 -0.005728
v -0.080996 0.161421 -0.018117
v -0.080930 0.157365 -0.018489
v -0.081237 0.169468 -0.017437
v -0.081391 0.173459 -0.017064
v -0.081106 0.165478 -0.017766
v -0.079308 0.374945 0.000170
v -0.080229 0.370603 -0.000202
v -0.079615 0.086234 -0.034014
v -0.080448 0.128290 -0.046907
v -0.080821 0.124409 -0.048025
v -0.079834 0.083405 -0.056445
v -0.079988 0.084633 -0.057124
v -0.078453 0.429696 -0.023752
v -0.079922 0.430727 -0.027940
v -0.080799 0.085116 -0.046841
v -0.079308 0.083932 -0.049801
v -0.080273 0.125088 -0.021296
v -0.081500 0.242309 -0.009390
v -0.081632 0.246344 -0.008842
v -0.081040 0.209704 -0.012240
v -0.081281 0.213695 -0.011692
v -0.080843 0.299187 -0.002746
v -0.080821 0.303463 -0.002198
v -0.079549 0.357929 -0.002329
v -0.080163 0.353785 -0.002329
v -0.077049 0.428073 -0.009543
v -0.077049 0.427459 -0.007263
v -0.079900 0.152014 -0.043069
v -0.079944 0.143967 -0.044253
v -0.079922 0.148002 -0.043661
v -0.080799 0.290943 -0.004171
v -0.080843 0.295021 -0.003426
v -0.078694 0.396586 0.002670
v -0.079922 0.390666 0.002802
v -0.078825 0.086804 -0.042346
v -0.079417 0.087067 -0.038202
v -0.079724 0.160062 -0.041929
v -0.079834 0.156027 -0.042477
v -0.079724 0.232376 -0.034364
v -0.079944 0.236411 -0.034101
v -0.079988 0.136030 -0.045262
v -0.079966 0.139977 -0.044824
v -0.080097 0.132127 -0.045854
v -0.078211 0.417987 -0.055875
v -0.077817 0.420180 -0.055063
v -0.079505 0.352426 -0.036733
v -0.080623 0.201657 -0.013183
v -0.080843 0.205691 -0.012723
v -0.080645 0.282896 -0.005509
v -0.080711 0.286908 -0.004873
v -0.080009 0.208520 -0.036009
v -0.079922 0.204507 -0.036557
v -0.079834 0.216457 -0.035110
v -0.079988 0.212467 -0.035439
v -0.079702 0.311949 -0.035154
v -0.079922 0.319974 -0.035834
v -0.079834 0.315918 -0.035483
v -0.080075 0.328197 -0.036184
v -0.080207 0.336485 -0.036689
v -0.080163 0.332319 -0.036491
v -0.079439 0.168109 -0.040855
v -0.079571 0.164074 -0.041359
v -0.080009 0.344532 -0.036513
v -0.079659 0.348479 -0.036820
v -0.079352 0.103666 -0.056138
v -0.079352 0.111910 -0.052958
v -0.079505 0.107744 -0.054581
v -0.078803 0.413624 -0.054976
v -0.081128 0.234196 -0.010267
v -0.081303 0.238253 -0.009872
v -0.079593 0.224395 -0.034715
v -0.079615 0.228386 -0.034540
v -0.079966 0.324074 -0.035987
v -0.079681 0.220426 -0.034891
v -0.080119 0.340585 -0.036579
v -0.079242 0.176178 -0.039802
v -0.079308 0.172143 -0.040329
v -0.079308 0.184247 -0.038728
v -0.079264 0.180212 -0.039298
v -0.080667 0.274871 -0.006649
v -0.080623 0.278905 -0.006123
v -0.079483 0.192316 -0.037741
v -0.079374 0.188281 -0.038202
v -0.079308 0.304011 -0.034496
v -0.079483 0.307980 -0.034869
v -0.078387 0.096013 -0.059142
v -0.078979 0.099741 -0.057848
v -0.080053 0.193588 -0.014082
v -0.080360 0.197600 -0.013644
v -0.078913 0.360451 -0.037105
v -0.079220 0.356438 -0.036820
v -0.080667 0.266823 -0.007548
v -0.080689 0.270858 -0.007109
v -0.079593 0.196372 -0.037368
v -0.079746 0.200451 -0.036996
v -0.079220 0.288202 -0.033356
v -0.079132 0.280265 -0.033005
v -0.079176 0.284233 -0.033158
v -0.080426 0.082638 -0.053879
v -0.080360 0.258689 -0.008403
v -0.080558 0.262767 -0.007986
v -0.079220 0.296118 -0.033860
v -0.079220 0.292171 -0.033597
v -0.080623 0.226040 -0.011034
v -0.080908 0.230118 -0.010618
v -0.079220 0.300043 -0.034145
v -0.077203 0.428950 -0.015310
v -0.077071 0.428819 -0.011977
v -0.079132 0.272283 -0.032895
v -0.079132 0.276274 -0.032917
v -0.076655 0.408273 -0.051445
v -0.077707 0.410992 -0.052849
v -0.079089 0.264302 -0.032786
v -0.079154 0.268293 -0.032851
v -0.077400 0.422065 -0.054515
v -0.079659 0.185541 -0.014937
v -0.079878 0.189553 -0.014564
v -0.078058 0.368169 -0.037675
v -0.078496 0.364376 -0.037368
v -0.078847 0.256408 -0.032610
v -0.079001 0.260333 -0.032698
v -0.077597 0.429148 -0.019345
v -0.080141 0.250576 -0.009587
v -0.080207 0.254610 -0.008973
v -0.076523 0.430968 -0.028861
v -0.078102 0.433051 -0.032216
v -0.078387 0.120286 -0.050020
v -0.078935 0.116142 -0.051489
v -0.079988 0.217970 -0.012153
v -0.080316 0.222005 -0.011561
v -0.077422 0.104411 -0.019630
v -0.076523 0.096759 -0.018994
v -0.077049 0.100508 -0.019432
v -0.077970 0.366349 -0.002110
v -0.078650 0.362074 -0.002022
v -0.079308 0.177581 -0.016034
v -0.079483 0.181528 -0.015420
v -0.079132 0.324601 -0.003579
v -0.078891 0.332779 -0.003557
v -0.079089 0.328679 -0.003601
v -0.078168 0.083077 -0.052169
v -0.080075 0.242485 -0.010705
v -0.080119 0.246519 -0.010157
v -0.078935 0.316356 -0.003404
v -0.079067 0.320500 -0.003491
v -0.078343 0.248558 -0.032873
v -0.078650 0.252483 -0.032610
v -0.078584 0.336924 -0.003491
v -0.077488 0.384658 0.001004
v -0.078299 0.379571 0.000631
v -0.077378 0.089720 -0.058769
v -0.077729 0.092395 -0.059580
v -0.077532 0.112480 -0.020090
v -0.077532 0.108380 -0.019849
v -0.078891 0.169644 -0.016845
v -0.079132 0.173634 -0.016472
v -0.077071 0.375537 -0.038355
v -0.077597 0.371897 -0.038026
v -0.079768 0.234372 -0.011561
v -0.079944 0.238428 -0.011144
v -0.079352 0.209967 -0.013337
v -0.079659 0.213980 -0.012766
v -0.078475 0.161553 -0.017568
v -0.078672 0.165631 -0.017196
v -0.078738 0.307783 -0.003535
v -0.078803 0.312102 -0.003404
v -0.077861 0.345343 -0.003448
v -0.078211 0.341134 -0.003426
v -0.077159 0.087703 -0.057760
v -0.078102 0.153440 -0.018424
v -0.078277 0.157496 -0.018007
v -0.079176 0.226303 -0.012416
v -0.079505 0.230337 -0.011955
v -0.075646 0.405401 -0.050218
v -0.078782 0.201920 -0.014258
v -0.079067 0.205955 -0.013819
v -0.078760 0.299231 -0.004325
v -0.078825 0.291031 -0.005728
v -0.078782 0.295087 -0.004961
v -0.077466 0.128224 -0.047828
v -0.077861 0.124277 -0.048727
v -0.078738 0.303463 -0.003842
v -0.077751 0.085598 -0.045832
v -0.077356 0.120966 -0.020375
v -0.077444 0.116668 -0.020287
v -0.077488 0.349510 -0.003623
v -0.077554 0.240643 -0.033531
v -0.077948 0.244633 -0.033180
v -0.077839 0.145436 -0.019257
v -0.077948 0.149427 -0.018884
v -0.077663 0.137499 -0.019871
v -0.077751 0.141468 -0.019608
v -0.078847 0.283005 -0.007131
v -0.078847 0.287018 -0.006452
v -0.078782 0.266955 -0.009127
v -0.078913 0.275002 -0.008293
v -0.078913 0.270990 -0.008776
v -0.076063 0.382751 -0.039780
v -0.076501 0.379155 -0.038947
v -0.076984 0.423820 -0.053528
v -0.078891 0.278993 -0.007745
v -0.074265 0.406300 -0.000400
v -0.076479 0.401915 0.001354
v -0.078453 0.258842 -0.010004
v -0.078584 0.262920 -0.009499
v -0.077400 0.129408 -0.020156
v -0.077554 0.133486 -0.020024
v -0.075931 0.093097 -0.018950
v -0.075339 0.433555 -0.039473
v -0.075251 0.433467 -0.036754
v -0.078124 0.193895 -0.015135
v -0.078453 0.197907 -0.014696
v -0.074900 0.433270 -0.041710
v -0.078475 0.218299 -0.013578
v -0.078825 0.222312 -0.012964
v -0.077312 0.125242 -0.020265
v -0.077027 0.085993 -0.056861
v -0.076304 0.374879 -0.001825
v -0.077291 0.370603 -0.002154
v -0.078387 0.250729 -0.011144
v -0.078365 0.254786 -0.010574
v -0.077444 0.336375 -0.037390
v -0.074703 0.399612 -0.047038
v -0.074966 0.402594 -0.048595
v -0.077619 0.328043 -0.036754
v -0.077663 0.332165 -0.037193
v -0.076260 0.357798 -0.003820
v -0.076940 0.353632 -0.003755
v -0.078453 0.242638 -0.012262
v -0.078453 0.246673 -0.011714
v -0.077093 0.344423 -0.036447
v -0.077203 0.340520 -0.036842
v -0.077093 0.136139 -0.046512
v -0.077225 0.132193 -0.047126
v -0.077159 0.208586 -0.035943
v -0.077356 0.082616 -0.054362
v -0.076984 0.084392 -0.056028
v -0.077005 0.216523 -0.035220
v -0.077093 0.212554 -0.035461
v -0.075251 0.389899 -0.041929
v -0.075646 0.386369 -0.040679
v -0.077071 0.144165 -0.045328
v -0.077071 0.140152 -0.045942
v -0.077356 0.319908 -0.036031
v -0.077488 0.323965 -0.036491
v -0.077005 0.232552 -0.034233
v -0.077203 0.236608 -0.033882
v -0.078124 0.234613 -0.013205
v -0.078343 0.238626 -0.012745
v -0.075997 0.426977 -0.050831
v -0.076501 0.425376 -0.052279
v -0.076962 0.152212 -0.044122
v -0.077049 0.148199 -0.044714
v -0.077071 0.200626 -0.037193
v -0.077137 0.204617 -0.036557
v -0.075493 0.395183 0.000850
v -0.076611 0.390118 0.001749
v -0.077597 0.185891 -0.015990
v -0.077861 0.189882 -0.015573
v -0.074922 0.430880 -0.046907
v -0.074813 0.432875 -0.044210
v -0.076764 0.160259 -0.042982
v -0.076874 0.156246 -0.043552
v -0.077071 0.311993 -0.035132
v -0.077269 0.315940 -0.035373
v -0.074484 0.432152 -0.033619
v -0.075295 0.089940 -0.020178
v -0.076896 0.196570 -0.037719
v -0.075207 0.083932 -0.028620
v -0.075821 0.086168 -0.033685
v -0.075580 0.084809 -0.030637
v -0.076874 0.224527 -0.034825
v -0.076940 0.220514 -0.035022
v -0.077707 0.210296 -0.014806
v -0.078080 0.214309 -0.014214
v -0.076479 0.352163 -0.036996
v -0.076830 0.348282 -0.036623
v -0.076896 0.228539 -0.034562
v -0.076479 0.168328 -0.041820
v -0.076633 0.164294 -0.042390
v -0.074747 0.396499 -0.045416
v -0.074944 0.393319 -0.043464
v -0.074615 0.084239 -0.024432
v -0.074791 0.083471 -0.026668
v -0.074769 0.085905 -0.023489
v -0.075010 0.087243 -0.021581
v -0.075756 0.103688 -0.056138
v -0.076172 0.111932 -0.053331
v -0.076085 0.107788 -0.054734
v -0.077532 0.226632 -0.014126
v -0.077839 0.230622 -0.013665
v -0.077093 0.177932 -0.016757
v -0.077356 0.181901 -0.016384
v -0.076435 0.188479 -0.038662
v -0.076655 0.192513 -0.038158
v -0.076655 0.304033 -0.034430
v -0.076852 0.308024 -0.034891
v -0.075668 0.087155 -0.037807
v -0.076304 0.184466 -0.039254
v -0.076501 0.084458 -0.048617
v -0.076282 0.176397 -0.040570
v -0.076348 0.172363 -0.041228
v -0.076260 0.180432 -0.039912
v -0.076457 0.288202 -0.033005
v -0.076501 0.296074 -0.033641
v -0.076501 0.292127 -0.033268
v -0.076545 0.300043 -0.033926
v -0.075624 0.359969 -0.037610
v -0.076041 0.356066 -0.037303
v -0.075514 0.428644 -0.048968
v -0.076370 0.280287 -0.032588
v -0.076413 0.284233 -0.032786
v -0.076413 0.272305 -0.032325
v -0.076413 0.264346 -0.032347
v -0.076413 0.268314 -0.032369
v -0.076435 0.169973 -0.017218
v -0.076786 0.173963 -0.017020
v -0.076370 0.276296 -0.032369
v -0.076567 0.324469 -0.005596
v -0.076216 0.332626 -0.005574
v -0.076435 0.328547 -0.005596
v -0.077049 0.202249 -0.015770
v -0.077378 0.206262 -0.015310
v -0.076501 0.316247 -0.005399
v -0.076589 0.320391 -0.005531
v -0.076260 0.256496 -0.032216
v -0.076348 0.260399 -0.032281
v -0.075186 0.099741 -0.057563
v -0.075471 0.120155 -0.050437
v -0.075887 0.116076 -0.051862
v -0.076698 0.275134 -0.010267
v -0.076457 0.267130 -0.011122
v -0.076611 0.271143 -0.010705
v -0.076720 0.283137 -0.009127
v -0.076698 0.279146 -0.009719
v -0.076677 0.291162 -0.007723
v -0.076720 0.287150 -0.008491
v -0.074374 0.086037 -0.044845
v -0.075186 0.086914 -0.041600
v -0.076830 0.218650 -0.015288
v -0.077181 0.222641 -0.014674
v -0.076435 0.307739 -0.005487
v -0.076457 0.312015 -0.005355
v -0.073848 0.417110 -0.057870
v -0.074988 0.412703 -0.056445
v -0.076523 0.299275 -0.006298
v -0.076589 0.295197 -0.006978
v -0.076457 0.303463 -0.005816
v -0.075887 0.161860 -0.017678
v -0.076150 0.165938 -0.017415
v -0.075843 0.248668 -0.032566
v -0.076085 0.252571 -0.032281
v -0.074966 0.366327 -0.004281
v -0.075514 0.362030 -0.003908
v -0.076194 0.259039 -0.012109
v -0.076304 0.263096 -0.011582
v -0.075405 0.340936 -0.005487
v -0.075865 0.336770 -0.005531
v -0.074330 0.367577 -0.037982
v -0.074988 0.363850 -0.037851
v -0.076435 0.194224 -0.016648
v -0.076742 0.198236 -0.016209
v -0.076150 0.242923 -0.014630
v -0.076150 0.250948 -0.013402
v -0.076172 0.246936 -0.014038
v -0.074922 0.429433 -0.024892
v -0.073848 0.092593 -0.058813
v -0.074484 0.096211 -0.058725
v -0.076150 0.255005 -0.012723
v -0.075843 0.234942 -0.015617
v -0.076041 0.238932 -0.015157
v -0.071392 0.415027 -0.001957
v -0.072686 0.410488 -0.001101
v -0.074287 0.384154 -0.000663
v -0.075295 0.379374 -0.001255
v -0.075405 0.153703 -0.018380
v -0.075624 0.157781 -0.017985
v -0.074944 0.345146 -0.005531
v -0.074550 0.083274 -0.052673
v -0.075493 0.083712 -0.050744
v -0.075997 0.210625 -0.016516
v -0.076413 0.214659 -0.015946
v -0.074988 0.145743 -0.019169
v -0.075186 0.149712 -0.018818
v -0.075229 0.240752 -0.033268
v -0.075536 0.244743 -0.032917
v -0.074594 0.128070 -0.048266
v -0.074966 0.124102 -0.049165
v -0.075909 0.186242 -0.017481
v -0.076172 0.190233 -0.017086
v -0.075273 0.227026 -0.016538
v -0.075580 0.230973 -0.016056
v -0.074177 0.420004 -0.056927
v -0.069638 0.420004 -0.003952
v -0.073344 0.084918 -0.047433
v -0.074681 0.137828 -0.019717
v -0.074835 0.141775 -0.019476
v -0.073146 0.409984 -0.056379
v -0.074922 0.328065 -0.035614
v -0.075076 0.336200 -0.035702
v -0.074944 0.332122 -0.035790
v -0.073168 0.374813 -0.038925
v -0.073738 0.371239 -0.038311
v -0.072774 0.429170 -0.016165
v -0.073673 0.429016 -0.020331
v -0.074287 0.129781 -0.019827
v -0.074484 0.133837 -0.019805
v -0.073673 0.113182 -0.019454
v -0.072817 0.105223 -0.018950
v -0.073300 0.109169 -0.019257
v -0.074835 0.319974 -0.035154
v -0.074703 0.324031 -0.035483
v -0.073892 0.353413 -0.005925
v -0.074440 0.349290 -0.005706
v -0.074067 0.121427 -0.019849
v -0.073914 0.117282 -0.019761
v -0.073760 0.423030 -0.054713
v -0.073936 0.421605 -0.055962
v -0.073760 0.090115 -0.057717
v -0.075295 0.202556 -0.017459
v -0.075624 0.206590 -0.017020
v -0.075317 0.178283 -0.018270
v -0.075624 0.182252 -0.017897
v -0.074177 0.125615 -0.019761
v -0.073256 0.374857 -0.004303
v -0.074352 0.370581 -0.004544
v -0.074659 0.312234 -0.034540
v -0.074900 0.316137 -0.034737
v -0.074287 0.136139 -0.046972
v -0.074374 0.132105 -0.047564
v -0.074769 0.232683 -0.033992
v -0.074966 0.236740 -0.033619
v -0.074462 0.344116 -0.035461
v -0.074900 0.340213 -0.035483
v -0.074637 0.219067 -0.017590
v -0.074966 0.223057 -0.017064
v -0.073826 0.086300 -0.055568
v -0.073738 0.088142 -0.056620
v -0.074703 0.208652 -0.035877
v -0.074725 0.200736 -0.037127
v -0.074747 0.204705 -0.036469
v -0.074594 0.216589 -0.035307
v -0.074637 0.212620 -0.035527
v -0.074396 0.144252 -0.045854
v -0.074308 0.140218 -0.046424
v -0.071743 0.428929 -0.010245
v -0.072160 0.429257 -0.012745
v -0.071458 0.097285 -0.018314
v -0.072203 0.101298 -0.018555
v -0.074462 0.152300 -0.044626
v -0.074440 0.148287 -0.045240
v -0.071436 0.427920 -0.008030
v -0.073958 0.084589 -0.054559
v -0.071261 0.425683 -0.006890
v -0.070778 0.423359 -0.005574
v -0.074528 0.224614 -0.034737
v -0.074550 0.220602 -0.035066
v -0.073212 0.357579 -0.006145
v -0.074396 0.192689 -0.038377
v -0.074615 0.196723 -0.037785
v -0.074594 0.228649 -0.034364
v -0.074374 0.160369 -0.043420
v -0.074440 0.156334 -0.044012
v -0.074133 0.304187 -0.034189
v -0.074374 0.308243 -0.034364
v -0.073431 0.351702 -0.035987
v -0.073958 0.347931 -0.035636
v -0.074550 0.170345 -0.018753
v -0.074966 0.174336 -0.018555
v -0.074681 0.194509 -0.018336
v -0.074966 0.198543 -0.017919
v -0.074308 0.283291 -0.011407
v -0.074308 0.291294 -0.010091
v -0.074308 0.287281 -0.010749
v -0.074243 0.275331 -0.012503
v -0.074287 0.279300 -0.011977
v -0.074199 0.188632 -0.038881
v -0.069419 0.405116 -0.052695
v -0.071107 0.408273 -0.054669
v -0.074221 0.168438 -0.042148
v -0.074287 0.164403 -0.042784
v -0.074023 0.267328 -0.013446
v -0.074133 0.271340 -0.012986
v -0.072094 0.393582 -0.001606
v -0.073081 0.389087 -0.000553
v -0.074177 0.299341 -0.008732
v -0.074265 0.295306 -0.009412
v -0.073826 0.324294 -0.007877
v -0.073870 0.316115 -0.007658
v -0.073870 0.320237 -0.007789
v -0.073914 0.296140 -0.033575
v -0.073914 0.300152 -0.033992
v -0.071173 0.093908 -0.018577
v -0.071502 0.430332 -0.025901
v -0.073059 0.431099 -0.029979
v -0.073936 0.288290 -0.032851
v -0.073958 0.292237 -0.033115
v -0.072116 0.381742 -0.041162
v -0.072598 0.378278 -0.039912
v -0.073409 0.424368 -0.053265
v -0.072927 0.399678 0.000236
v -0.070164 0.403778 -0.001079
v -0.073936 0.307673 -0.007767
v -0.074045 0.303441 -0.008162
v -0.073870 0.311905 -0.007614
v -0.073431 0.332407 -0.007899
v -0.073673 0.328350 -0.007921
v -0.073936 0.210976 -0.018599
v -0.074287 0.215032 -0.018095
v -0.074045 0.264411 -0.031909
v -0.073958 0.272349 -0.031887
v -0.074023 0.268358 -0.031799
v -0.073848 0.280374 -0.032391
v -0.073892 0.284343 -0.032632
v -0.073892 0.276340 -0.032128
v -0.074155 0.176529 -0.040789
v -0.074199 0.172472 -0.041469
v -0.074001 0.256562 -0.031887
v -0.074023 0.260487 -0.031931
v -0.074111 0.180563 -0.040109
v -0.074089 0.184598 -0.039451
v -0.073848 0.259281 -0.014608
v -0.073914 0.263315 -0.013994
v -0.072905 0.111998 -0.052739
v -0.074111 0.186527 -0.019169
v -0.074374 0.190518 -0.018753
v -0.073870 0.243252 -0.017415
v -0.073892 0.251233 -0.016099
v -0.073914 0.247243 -0.016823
v -0.073716 0.162276 -0.019059
v -0.074155 0.166333 -0.018906
v -0.073848 0.255246 -0.015310
v -0.072116 0.103863 -0.055568
v -0.072664 0.107963 -0.054099
v -0.073673 0.248756 -0.032303
v -0.073892 0.252659 -0.031996
v -0.073541 0.235315 -0.018402
v -0.073760 0.239283 -0.017941
v -0.072335 0.359311 -0.036513
v -0.072927 0.355518 -0.036228
v -0.072423 0.427284 -0.049472
v -0.073037 0.425442 -0.051621
v -0.070976 0.090904 -0.019739
v -0.072510 0.120001 -0.050152
v -0.072817 0.116033 -0.051424
v -0.072598 0.340695 -0.007855
v -0.073059 0.336529 -0.007855
v -0.071897 0.087199 -0.037346
v -0.071699 0.085050 -0.030812
v -0.072028 0.086234 -0.033685
v -0.071041 0.388671 -0.043552
v -0.071502 0.385272 -0.042214
v -0.072883 0.154185 -0.019410
v -0.073278 0.158220 -0.019213
v -0.073563 0.178634 -0.020024
v -0.073848 0.182581 -0.019608
v -0.073300 0.202885 -0.019564
v -0.073585 0.206919 -0.019059
v -0.071261 0.084568 -0.028729
v -0.072927 0.227421 -0.019235
v -0.073278 0.231368 -0.018818
v -0.073190 0.240840 -0.033027
v -0.073431 0.244831 -0.032654
v -0.071787 0.366108 -0.006693
v -0.072489 0.361811 -0.006364
v -0.071414 0.429257 -0.047718
v -0.072445 0.084304 -0.049450
v -0.070405 0.433577 -0.039912
v -0.069002 0.433818 -0.042675
v -0.071502 0.383759 -0.004149
v -0.072445 0.379330 -0.004281
v -0.071107 0.432963 -0.037675
v -0.071392 0.086979 -0.040877
v -0.070274 0.096496 -0.057585
v -0.071195 0.100026 -0.056905
v -0.072247 0.146160 -0.019893
v -0.072532 0.150173 -0.019652
v -0.073037 0.335915 -0.033794
v -0.070800 0.088536 -0.021669
v -0.070910 0.366810 -0.036908
v -0.071655 0.363082 -0.036689
v -0.069550 0.414106 -0.058155
v -0.071918 0.127983 -0.048222
v -0.072182 0.123948 -0.049033
v -0.072730 0.170740 -0.020529
v -0.073190 0.174687 -0.020331
v -0.072796 0.194816 -0.020463
v -0.072993 0.198850 -0.020002
v -0.072335 0.219418 -0.020178
v -0.072598 0.223430 -0.019673
v -0.072796 0.232771 -0.033772
v -0.072993 0.236806 -0.033400
v -0.069068 0.401761 -0.051314
v -0.073431 0.328087 -0.033443
v -0.073344 0.332012 -0.033619
v -0.071546 0.348961 -0.008140
v -0.072094 0.344861 -0.007943
v -0.069704 0.395249 -0.047499
v -0.070603 0.391872 -0.045613
v -0.073300 0.320215 -0.033005
v -0.072686 0.312475 -0.032873
v -0.073059 0.316356 -0.032873
v -0.071940 0.343589 -0.033838
v -0.072510 0.339774 -0.033860
v -0.071699 0.138244 -0.020178
v -0.071984 0.142191 -0.020090
v -0.070186 0.431582 -0.045437
v -0.070800 0.085401 -0.024760
v -0.070954 0.084611 -0.026756
v -0.070888 0.087177 -0.023686
v -0.072730 0.200802 -0.037018
v -0.072642 0.208695 -0.035855
v -0.072730 0.204749 -0.036382
v -0.073278 0.324118 -0.033334
v -0.069221 0.398472 -0.049362
v -0.072510 0.216655 -0.035285
v -0.072554 0.212664 -0.035570
v -0.072489 0.192798 -0.038399
v -0.072642 0.196833 -0.037697
v -0.072510 0.224702 -0.034518
v -0.072620 0.228737 -0.034145
v -0.070998 0.085138 -0.052936
v -0.071590 0.084085 -0.051270
v -0.072489 0.220667 -0.034913
v -0.071217 0.130263 -0.020244
v -0.071436 0.134276 -0.020244
v -0.069638 0.431384 -0.031229
v -0.070756 0.431911 -0.034693
v -0.072094 0.152409 -0.044933
v -0.071875 0.144318 -0.046051
v -0.071984 0.148375 -0.045547
v -0.072160 0.160456 -0.043661
v -0.072138 0.156422 -0.044297
v -0.070954 0.353062 -0.008359
v -0.070712 0.086344 -0.043925
v -0.071721 0.136139 -0.047082
v -0.071765 0.132061 -0.047608
v -0.072445 0.186812 -0.021384
v -0.072598 0.190803 -0.020901
v -0.071962 0.304450 -0.032830
v -0.072269 0.308528 -0.032939
v -0.070647 0.374616 -0.007504
v -0.071173 0.370340 -0.007066
v -0.071787 0.140240 -0.046578
v -0.072050 0.283510 -0.014104
v -0.071984 0.291447 -0.012766
v -0.072028 0.287479 -0.013446
v -0.072225 0.168503 -0.042302
v -0.072182 0.164469 -0.042982
v -0.071918 0.211327 -0.021143
v -0.072094 0.215383 -0.020616
v -0.072094 0.275550 -0.015288
v -0.072072 0.279519 -0.014718
v -0.071765 0.299407 -0.011429
v -0.071897 0.295416 -0.012109
v -0.072247 0.172538 -0.041622
v -0.072269 0.184664 -0.039583
v -0.072357 0.188742 -0.039013
v -0.070691 0.122106 -0.020046
v -0.070932 0.126185 -0.020112
v -0.071524 0.422504 -0.058462
v -0.070537 0.420553 -0.059273
v -0.071809 0.162737 -0.020879
v -0.072291 0.166749 -0.020726
v -0.072247 0.180629 -0.040241
v -0.072269 0.176594 -0.040921
v -0.072028 0.267591 -0.016319
v -0.072094 0.271582 -0.015814
v -0.071875 0.264455 -0.031339
v -0.071436 0.307563 -0.010376
v -0.071611 0.303441 -0.010837
v -0.071897 0.256627 -0.031558
v -0.071875 0.260530 -0.031558
v -0.071677 0.272371 -0.031580
v -0.071831 0.268380 -0.031339
v -0.071721 0.288509 -0.031645
v -0.071962 0.296469 -0.031996
v -0.071853 0.292478 -0.031777
v -0.070515 0.351066 -0.034386
v -0.071261 0.347339 -0.033970
v -0.069857 0.114235 -0.019410
v -0.070362 0.118116 -0.020024
v -0.071962 0.251584 -0.018928
v -0.071809 0.243625 -0.020309
v -0.071918 0.247594 -0.019673
v -0.071940 0.259588 -0.017459
v -0.071984 0.263578 -0.016845
v -0.072006 0.300437 -0.032369
v -0.071677 0.248821 -0.032018
v -0.071831 0.252746 -0.031689
v -0.071524 0.280506 -0.031580
v -0.071524 0.276427 -0.031624
v -0.071611 0.284540 -0.031580
v -0.071239 0.315940 -0.010245
v -0.071304 0.311752 -0.010179
v -0.071129 0.324052 -0.010486
v -0.071195 0.320018 -0.010398
v -0.070120 0.090729 -0.056204
v -0.069989 0.093294 -0.057168
v -0.072050 0.178941 -0.022327
v -0.072269 0.182866 -0.021866
v -0.071962 0.255575 -0.018160
v -0.069178 0.418755 -0.059427
v -0.066437 0.416957 -0.058155
v -0.070691 0.086826 -0.054033
v -0.070384 0.088668 -0.055151
v -0.071458 0.235687 -0.021318
v -0.071655 0.239656 -0.020857
v -0.070888 0.425135 -0.055590
v -0.071458 0.423951 -0.057124
v -0.069265 0.373892 -0.038618
v -0.070077 0.370428 -0.037544
v -0.070778 0.332165 -0.010552
v -0.070998 0.328087 -0.010530
v -0.068564 0.429543 -0.017327
v -0.070011 0.429850 -0.021537
v -0.071546 0.203214 -0.022217
v -0.071721 0.207270 -0.021647
v -0.071348 0.240884 -0.032764
v -0.071502 0.244875 -0.032391
v -0.071524 0.327999 -0.031360
v -0.069178 0.084809 -0.048222
v -0.069923 0.085335 -0.046336
v -0.071041 0.335564 -0.031448
v -0.071480 0.331793 -0.031339
v -0.068344 0.106363 -0.018621
v -0.069156 0.110332 -0.018928
v -0.071414 0.320303 -0.031010
v -0.070844 0.154690 -0.021230
v -0.071304 0.158702 -0.021055
v -0.071063 0.227750 -0.022173
v -0.071239 0.231719 -0.021756
v -0.071502 0.324140 -0.031207
v -0.069550 0.361394 -0.008951
v -0.070274 0.357206 -0.008622
v -0.071348 0.171047 -0.022962
v -0.071743 0.174994 -0.022699
v -0.065121 0.411563 -0.057234
v -0.069528 0.392245 -0.005268
v -0.070888 0.388123 -0.004500
v -0.071239 0.312563 -0.030659
v -0.071283 0.316444 -0.030812
v -0.070055 0.340410 -0.010662
v -0.070449 0.336266 -0.010552
v -0.070011 0.426034 -0.054121
v -0.071283 0.195123 -0.023357
v -0.071392 0.199157 -0.022765
v -0.071019 0.232815 -0.033531
v -0.071173 0.236849 -0.033137
v -0.069178 0.358543 -0.035132
v -0.069835 0.354816 -0.034781
v -0.069879 0.397573 -0.002417
v -0.066568 0.401410 -0.002527
v -0.069660 0.112371 -0.051928
v -0.069616 0.120067 -0.049582
v -0.069726 0.116208 -0.050678
v -0.070888 0.200846 -0.036886
v -0.070756 0.208717 -0.035812
v -0.070844 0.204770 -0.036250
v -0.066437 0.412483 -0.003031
v -0.067840 0.408076 -0.001715
v -0.068476 0.104477 -0.054296
v -0.069243 0.108468 -0.053243
v -0.070756 0.192842 -0.038267
v -0.070866 0.196877 -0.037566
v -0.070756 0.224746 -0.034277
v -0.070866 0.228780 -0.033926
v -0.070998 0.187141 -0.024453
v -0.071173 0.191132 -0.023927
v -0.070734 0.219747 -0.022984
v -0.070888 0.223759 -0.022590
v -0.067862 0.380953 -0.040548
v -0.068498 0.377400 -0.039627
v -0.070647 0.216699 -0.035088
v -0.070669 0.212686 -0.035461
v -0.069945 0.146664 -0.021515
v -0.070384 0.150677 -0.021406
v -0.069528 0.342997 -0.031624
v -0.070296 0.339270 -0.031580
v -0.070669 0.220711 -0.034693
v -0.068827 0.365626 -0.009368
v -0.069485 0.383145 -0.008447
v -0.070164 0.379023 -0.007986
v -0.068081 0.428578 -0.050218
v -0.068980 0.427087 -0.052344
v -0.070581 0.184707 -0.039605
v -0.070625 0.188786 -0.038969
v -0.070384 0.163131 -0.023335
v -0.070888 0.167100 -0.023160
v -0.070471 0.172560 -0.041578
v -0.070515 0.176594 -0.040921
v -0.070581 0.179204 -0.025352
v -0.070778 0.183173 -0.024936
v -0.070844 0.304669 -0.030483
v -0.071063 0.308638 -0.030615
v -0.070537 0.180651 -0.040241
v -0.070296 0.164469 -0.042828
v -0.070405 0.168503 -0.042192
v -0.065318 0.097351 -0.018511
v -0.067270 0.102284 -0.018402
v -0.069353 0.128005 -0.047871
v -0.069463 0.123992 -0.048617
v -0.070164 0.160478 -0.043442
v -0.066634 0.428863 -0.011429
v -0.067336 0.429279 -0.013819
v -0.069901 0.152453 -0.044626
v -0.070033 0.156466 -0.044034
v -0.070449 0.211634 -0.023840
v -0.070581 0.215712 -0.023379
v -0.070537 0.275835 -0.018380
v -0.070603 0.267876 -0.019345
v -0.070603 0.271845 -0.018884
v -0.069090 0.348589 -0.011100
v -0.069616 0.344510 -0.010859
v -0.070384 0.283795 -0.017261
v -0.070427 0.279804 -0.017832
v -0.068454 0.086453 -0.033772
v -0.070296 0.291732 -0.016012
v -0.070362 0.287786 -0.016648
v -0.070230 0.296710 -0.030242
v -0.070515 0.300700 -0.030352
v -0.069200 0.138705 -0.021800
v -0.069550 0.142652 -0.021691
v -0.069594 0.144340 -0.045701
v -0.069748 0.148397 -0.045131
v -0.070625 0.259895 -0.020375
v -0.070581 0.263863 -0.019827
v -0.070647 0.251913 -0.021625
v -0.070647 0.255904 -0.020989
v -0.070471 0.243954 -0.022919
v -0.070581 0.247922 -0.022283
v -0.067796 0.086958 -0.040263
v -0.068279 0.087243 -0.037018
v -0.069989 0.256649 -0.030812
v -0.070055 0.299626 -0.014762
v -0.070208 0.295679 -0.015376
v -0.069945 0.264455 -0.030483
v -0.069967 0.260552 -0.030593
v -0.069967 0.288706 -0.029979
v -0.070077 0.292719 -0.030111
v -0.069857 0.248843 -0.031360
v -0.069945 0.252768 -0.031053
v -0.069792 0.272415 -0.030308
v -0.069857 0.268380 -0.030374
v -0.069331 0.136183 -0.046753
v -0.069463 0.140262 -0.046205
v -0.069309 0.132083 -0.047301
v -0.070120 0.171310 -0.025901
v -0.070405 0.175257 -0.025703
v -0.066239 0.428183 -0.009302
v -0.070296 0.203521 -0.024936
v -0.070427 0.207577 -0.024388
v -0.067928 0.085510 -0.028685
v -0.068169 0.085686 -0.030988
v -0.070252 0.235994 -0.023971
v -0.070427 0.239985 -0.023511
v -0.067467 0.365779 -0.036053
v -0.068366 0.362205 -0.035483
v -0.069901 0.280593 -0.030001
v -0.069945 0.284672 -0.029935
v -0.069638 0.307563 -0.013775
v -0.069835 0.303595 -0.014214
v -0.068476 0.084546 -0.049932
v -0.069835 0.276471 -0.030154
v -0.069353 0.327780 -0.028335
v -0.067160 0.423798 -0.059953
v -0.069660 0.240862 -0.032084
v -0.069748 0.244875 -0.031733
v -0.069572 0.320106 -0.028181
v -0.069485 0.323965 -0.028269
v -0.066349 0.387662 -0.043442
v -0.067226 0.384461 -0.041710
v -0.068257 0.431034 -0.027260
v -0.068542 0.335191 -0.028532
v -0.069090 0.331530 -0.028400
v -0.067796 0.425398 -0.059536
v -0.068520 0.130811 -0.021910
v -0.068893 0.134758 -0.021910
v -0.066108 0.426341 -0.007921
v -0.067182 0.086453 -0.043091
v -0.069835 0.195452 -0.026208
v -0.070077 0.199464 -0.025528
v -0.069309 0.155128 -0.023642
v -0.069835 0.159141 -0.023467
v -0.069419 0.315698 -0.013622
v -0.069485 0.311620 -0.013578
v -0.069726 0.312431 -0.028093
v -0.069638 0.316247 -0.028115
v -0.067752 0.350452 -0.032303
v -0.068673 0.346725 -0.031843
v -0.069923 0.227991 -0.024695
v -0.070077 0.232004 -0.024344
v -0.067336 0.100443 -0.055195
v -0.069200 0.323811 -0.013797
v -0.069331 0.319777 -0.013731
v -0.066217 0.093689 -0.019081
v -0.069463 0.187426 -0.027436
v -0.069638 0.191417 -0.026844
v -0.069353 0.232815 -0.032895
v -0.069506 0.236849 -0.032501
v -0.067423 0.374024 -0.010223
v -0.068103 0.369836 -0.009784
v -0.068520 0.433687 -0.037851
v -0.069682 0.304757 -0.028006
v -0.069770 0.308616 -0.028049
v -0.067445 0.086979 -0.052586
v -0.067884 0.085401 -0.051511
v -0.068717 0.331902 -0.013709
v -0.068980 0.327846 -0.013775
v -0.067138 0.089063 -0.021866
v -0.066678 0.091080 -0.020265
v -0.067599 0.086212 -0.025221
v -0.067774 0.085730 -0.026822
v -0.067840 0.356680 -0.011626
v -0.068520 0.352623 -0.011363
v -0.067445 0.122940 -0.021384
v -0.068037 0.126842 -0.021691
v -0.067423 0.087593 -0.023774
v -0.069200 0.163438 -0.026076
v -0.069682 0.167363 -0.026010
v -0.069156 0.200780 -0.036404
v -0.069638 0.219988 -0.025396
v -0.069792 0.224000 -0.025046
v -0.066744 0.390886 -0.009127
v -0.068301 0.387136 -0.008754
v -0.068081 0.428139 -0.056664
v -0.068191 0.426911 -0.058813
v -0.069112 0.192820 -0.037763
v -0.069200 0.196811 -0.037061
v -0.069178 0.224724 -0.033597
v -0.069243 0.228780 -0.033246
v -0.069046 0.208695 -0.035198
v -0.069156 0.204727 -0.035724
v -0.069112 0.179423 -0.028356
v -0.069287 0.183414 -0.027940
v -0.065669 0.424302 -0.006824
v -0.067752 0.433270 -0.035636
v -0.069024 0.216677 -0.034364
v -0.069002 0.212664 -0.034759
v -0.069068 0.220689 -0.033970
v -0.069901 0.252176 -0.023730
v -0.070033 0.260136 -0.022765
v -0.069945 0.256167 -0.023182
v -0.068958 0.184642 -0.039057
v -0.069024 0.188720 -0.038443
v -0.070055 0.268095 -0.022042
v -0.069879 0.276077 -0.021296
v -0.070011 0.272086 -0.021691
v -0.064595 0.394262 -0.047433
v -0.065450 0.391039 -0.045174
v -0.069375 0.211897 -0.026186
v -0.069506 0.215953 -0.025747
v -0.069616 0.244217 -0.024914
v -0.069770 0.248208 -0.024322
v -0.070011 0.264104 -0.022370
v -0.068871 0.176507 -0.040329
v -0.068914 0.180563 -0.039693
v -0.066371 0.422285 -0.059975
v -0.069287 0.296885 -0.027808
v -0.069485 0.300854 -0.027896
v -0.068761 0.168416 -0.041556
v -0.068827 0.172450 -0.040964
v -0.068125 0.340081 -0.013863
v -0.068432 0.336003 -0.013731
v -0.069112 0.203784 -0.027216
v -0.069265 0.207840 -0.026668
v -0.069309 0.236214 -0.025879
v -0.069485 0.240226 -0.025440
v -0.069660 0.284124 -0.020353
v -0.069792 0.280089 -0.020836
v -0.068629 0.164403 -0.042105
v -0.068783 0.171486 -0.028839
v -0.068936 0.175432 -0.028642
v -0.067270 0.434388 -0.038991
v -0.066963 0.088734 -0.053682
v -0.068301 0.147103 -0.023971
v -0.068849 0.151116 -0.023818
v -0.066174 0.115287 -0.020704
v -0.066853 0.119058 -0.021033
v -0.069463 0.292105 -0.019323
v -0.069572 0.288136 -0.019849
v -0.067248 0.342603 -0.028729
v -0.068015 0.338897 -0.028554
v -0.066327 0.093821 -0.055283
v -0.066503 0.096934 -0.055502
v -0.067095 0.360780 -0.011955
v -0.069200 0.299955 -0.018292
v -0.069331 0.296030 -0.018796
v -0.066766 0.429893 -0.047871
v -0.068257 0.156444 -0.043113
v -0.068454 0.160412 -0.042609
v -0.065867 0.382093 -0.011210
v -0.066788 0.378102 -0.010815
v -0.066546 0.090948 -0.054647
v -0.068739 0.195693 -0.028510
v -0.068914 0.199727 -0.027808
v -0.069024 0.228166 -0.026646
v -0.069156 0.232201 -0.026273
v -0.068914 0.288772 -0.027764
v -0.069090 0.292851 -0.027764
v -0.065516 0.372884 -0.037785
v -0.066437 0.369288 -0.036996
v -0.069331 0.268227 -0.024212
v -0.068015 0.152453 -0.043683
v -0.069375 0.260311 -0.024804
v -0.069375 0.264258 -0.024497
v -0.069156 0.276252 -0.023686
v -0.069243 0.272239 -0.023971
v -0.064726 0.429718 -0.018818
v -0.066678 0.430814 -0.022809
v -0.068827 0.256606 -0.029080
v -0.068893 0.264411 -0.028598
v -0.068914 0.260509 -0.028817
v -0.068717 0.248778 -0.029826
v -0.068761 0.252724 -0.029409
v -0.069221 0.252418 -0.025638
v -0.069309 0.256364 -0.025177
v -0.068695 0.280615 -0.028028
v -0.068761 0.284716 -0.027852
v -0.066481 0.085664 -0.045481
v -0.066853 0.395709 -0.005487
v -0.063696 0.399305 -0.006101
v -0.068717 0.272393 -0.028356
v -0.068783 0.268358 -0.028444
v -0.068213 0.155457 -0.026361
v -0.068695 0.159448 -0.026186
v -0.068717 0.276471 -0.028247
v -0.068914 0.307739 -0.017568
v -0.069046 0.303858 -0.017875
v -0.066130 0.357951 -0.033049
v -0.066897 0.354246 -0.032742
v -0.068827 0.220141 -0.027326
v -0.068936 0.224154 -0.026997
v -0.069024 0.284387 -0.022962
v -0.069090 0.280287 -0.023313
v -0.068893 0.244436 -0.026734
v -0.069068 0.248449 -0.026186
v -0.068520 0.312059 -0.024804
v -0.068717 0.304603 -0.024914
v -0.068695 0.308331 -0.024870
v -0.067599 0.144340 -0.044692
v -0.067818 0.148418 -0.044166
v -0.068586 0.240774 -0.030659
v -0.068629 0.244787 -0.030242
v -0.066283 0.113051 -0.050766
v -0.066700 0.120330 -0.048639
v -0.066568 0.116646 -0.049582
v -0.067972 0.163636 -0.028948
v -0.068454 0.167539 -0.028905
v -0.068257 0.187624 -0.029847
v -0.068498 0.191658 -0.029212
v -0.068059 0.319733 -0.024760
v -0.068279 0.315852 -0.024782
v -0.064770 0.416847 -0.004083
v -0.064726 0.422197 -0.006210
v -0.061898 0.419500 -0.006254
v -0.065560 0.431735 -0.028576
v -0.066766 0.432503 -0.032457
v -0.067182 0.348150 -0.014411
v -0.067708 0.344116 -0.014104
v -0.068871 0.292500 -0.022305
v -0.068958 0.288465 -0.022634
v -0.067336 0.139165 -0.024278
v -0.067818 0.143112 -0.024125
v -0.068542 0.212094 -0.028115
v -0.068695 0.216129 -0.027699
v -0.068366 0.232705 -0.031492
v -0.068476 0.236740 -0.031075
v -0.068542 0.236389 -0.027655
v -0.068695 0.240424 -0.027216
v -0.068651 0.296841 -0.025067
v -0.068695 0.300766 -0.024980
v -0.068586 0.315567 -0.017305
v -0.068761 0.311620 -0.017371
v -0.067665 0.327583 -0.024804
v -0.067840 0.323680 -0.024804
v -0.066985 0.128070 -0.046885
v -0.066853 0.124145 -0.047652
v -0.067204 0.136183 -0.045744
v -0.067380 0.140284 -0.045218
v -0.062819 0.401915 -0.052037
v -0.063367 0.405905 -0.054910
v -0.068827 0.260421 -0.026778
v -0.068739 0.268314 -0.026317
v -0.068827 0.264346 -0.026515
v -0.068695 0.300371 -0.021647
v -0.068783 0.296469 -0.021976
v -0.068081 0.323614 -0.017349
v -0.068366 0.319579 -0.017349
v -0.067051 0.132105 -0.046293
v -0.068629 0.252593 -0.027457
v -0.068761 0.256518 -0.027085
v -0.067840 0.179533 -0.030725
v -0.068037 0.183589 -0.030330
v -0.068147 0.204003 -0.029146
v -0.068344 0.208038 -0.028598
v -0.064880 0.105573 -0.052673
v -0.065779 0.109367 -0.051818
v -0.068191 0.224614 -0.032194
v -0.068279 0.228649 -0.031821
v -0.068586 0.276384 -0.025988
v -0.068651 0.272327 -0.026186
v -0.063477 0.397705 -0.049998
v -0.068037 0.200626 -0.035110
v -0.067994 0.192623 -0.036491
v -0.068037 0.196636 -0.035812
v -0.065253 0.084765 -0.048814
v -0.065867 0.085160 -0.047235
v -0.065077 0.420531 -0.059471
v -0.064222 0.107678 -0.019717
v -0.065275 0.111538 -0.020178
v -0.067994 0.208586 -0.033838
v -0.068059 0.204595 -0.034408
v -0.068301 0.228342 -0.028400
v -0.068410 0.232376 -0.028049
v -0.068542 0.284606 -0.025440
v -0.068564 0.280484 -0.025681
v -0.068586 0.288706 -0.025265
v -0.068629 0.292785 -0.025155
v -0.067029 0.335191 -0.024892
v -0.067402 0.331420 -0.024826
v -0.068015 0.216567 -0.032939
v -0.068081 0.220602 -0.032566
v -0.068388 0.244633 -0.028466
v -0.068542 0.248624 -0.027962
v -0.068498 0.308002 -0.021230
v -0.068607 0.304231 -0.021406
v -0.067862 0.184444 -0.037785
v -0.067906 0.188545 -0.037171
v -0.067994 0.212576 -0.033356
v -0.064683 0.433073 -0.040679
v -0.065011 0.430924 -0.045328
v -0.062950 0.430507 -0.042894
v -0.067445 0.331661 -0.017240
v -0.067774 0.327627 -0.017283
v -0.067270 0.428885 -0.055085
v -0.067533 0.171551 -0.031360
v -0.067665 0.175520 -0.031075
v -0.068103 0.220295 -0.029102
v -0.068213 0.224307 -0.028751
v -0.067774 0.176288 -0.039013
v -0.067796 0.180366 -0.038421
v -0.067752 0.195912 -0.030440
v -0.067950 0.199947 -0.029760
v -0.066371 0.131316 -0.024278
v -0.066875 0.135240 -0.024322
v -0.067029 0.147476 -0.026712
v -0.067665 0.151444 -0.026537
v -0.067665 0.168196 -0.040131
v -0.067708 0.172231 -0.039605
v -0.065406 0.369068 -0.012788
v -0.066261 0.364924 -0.012350
v -0.068037 0.315589 -0.021033
v -0.068301 0.311752 -0.021099
v -0.066963 0.155698 -0.029168
v -0.067445 0.159689 -0.029014
v -0.067840 0.212269 -0.029891
v -0.067994 0.216282 -0.029475
v -0.068169 0.236586 -0.029387
v -0.068257 0.240599 -0.028948
v -0.065494 0.350233 -0.029387
v -0.066349 0.346396 -0.029036
v -0.067402 0.160281 -0.041052
v -0.067555 0.164228 -0.040592
v -0.065867 0.356066 -0.014915
v -0.066590 0.352097 -0.014674
v -0.065187 0.433884 -0.036645
v -0.067314 0.187843 -0.031843
v -0.067511 0.191877 -0.031163
v -0.063959 0.380163 -0.039583
v -0.064683 0.376545 -0.038596
v -0.068059 0.232552 -0.029804
v -0.065340 0.086804 -0.033860
v -0.067073 0.156334 -0.041556
v -0.066897 0.163702 -0.031645
v -0.067336 0.167604 -0.031558
v -0.066656 0.339686 -0.017393
v -0.067073 0.335696 -0.017261
v -0.067950 0.228495 -0.030154
v -0.067445 0.323548 -0.021033
v -0.067730 0.319536 -0.021011
v -0.064222 0.365012 -0.034101
v -0.065297 0.361547 -0.033400
v -0.067511 0.204200 -0.031032
v -0.067643 0.208235 -0.030418
v -0.064573 0.385711 -0.011495
v -0.065143 0.087177 -0.036842
v -0.067862 0.224461 -0.030483
v -0.067774 0.220448 -0.030856
v -0.062907 0.427920 -0.059778
v -0.062643 0.426407 -0.060392
v -0.065099 0.085927 -0.028883
v -0.065253 0.086190 -0.031185
v -0.064573 0.373103 -0.013315
v -0.067708 0.216436 -0.031229
v -0.062687 0.429871 -0.057037
v -0.063060 0.429126 -0.058813
v -0.066086 0.429630 -0.053331
v -0.064200 0.430376 -0.051051
v -0.067423 0.200429 -0.033509
v -0.067555 0.208410 -0.032172
v -0.067489 0.204420 -0.032808
v -0.065055 0.123575 -0.023861
v -0.065735 0.127435 -0.024081
v -0.067073 0.179686 -0.033005
v -0.067138 0.183765 -0.032457
v -0.067423 0.192382 -0.034935
v -0.067423 0.196416 -0.034211
v -0.066393 0.148353 -0.042565
v -0.066700 0.152365 -0.042061
v -0.065998 0.342734 -0.025199
v -0.066700 0.338963 -0.024958
v -0.067621 0.212423 -0.031645
v -0.067314 0.196175 -0.032435
v -0.067402 0.200188 -0.031689
v -0.067402 0.184203 -0.036206
v -0.067402 0.188325 -0.035592
v -0.064639 0.085116 -0.050305
v -0.067182 0.327539 -0.021011
v -0.063784 0.405598 -0.003184
v -0.061986 0.410137 -0.004697
v -0.065932 0.139560 -0.027085
v -0.066459 0.143507 -0.026909
v -0.066108 0.144296 -0.043026
v -0.064639 0.086870 -0.039802
v -0.067358 0.176024 -0.037368
v -0.067380 0.180103 -0.036798
v -0.064661 0.086190 -0.025594
v -0.064858 0.085971 -0.027041
v -0.066941 0.331508 -0.020989
v -0.067292 0.167977 -0.038377
v -0.067336 0.171990 -0.037895
v -0.065560 0.347602 -0.017897
v -0.066152 0.343655 -0.017612
v -0.065845 0.147739 -0.029650
v -0.066437 0.151729 -0.029409
v -0.066985 0.171573 -0.033882
v -0.067029 0.175608 -0.033509
v -0.066897 0.160084 -0.039188
v -0.067160 0.164008 -0.038772
v -0.067204 0.188084 -0.033838
v -0.067248 0.192141 -0.033158
v -0.063433 0.088273 -0.052103
v -0.064047 0.086585 -0.051138
v -0.065932 0.155852 -0.032040
v -0.066393 0.159777 -0.031799
v -0.063762 0.088558 -0.023028
v -0.064288 0.087374 -0.024453
v -0.067204 0.183984 -0.034474
v -0.066678 0.335411 -0.021011
v -0.065560 0.136161 -0.044012
v -0.065801 0.140240 -0.043530
v -0.067182 0.175805 -0.035570
v -0.067182 0.179884 -0.035044
v -0.061701 0.097263 -0.053046
v -0.063586 0.101714 -0.053353
v -0.066897 0.167626 -0.034167
v -0.066612 0.163723 -0.034430
v -0.067073 0.167780 -0.036426
v -0.067138 0.171749 -0.036053
v -0.062972 0.428709 -0.015398
v -0.063038 0.103688 -0.019586
v -0.063323 0.431713 -0.038202
v -0.062402 0.387333 -0.041885
v -0.063235 0.383759 -0.040636
v -0.063170 0.085839 -0.044736
v -0.064003 0.086453 -0.042434
v -0.066897 0.163811 -0.036754
v -0.066524 0.159908 -0.037083
v -0.061898 0.423381 -0.059887
v -0.062293 0.424784 -0.060392
v -0.064069 0.364091 -0.015573
v -0.065033 0.360078 -0.015200
v -0.066524 0.156159 -0.039605
v -0.066086 0.152212 -0.040043
v -0.066261 0.339270 -0.021143
v -0.065077 0.128136 -0.045021
v -0.065297 0.132105 -0.044495
v -0.066196 0.159820 -0.034671
v -0.063937 0.357776 -0.030045
v -0.064726 0.354048 -0.029738
v -0.064683 0.131754 -0.027063
v -0.065340 0.135657 -0.027129
v -0.063213 0.116120 -0.023028
v -0.064134 0.119848 -0.023511
v -0.064200 0.120571 -0.046556
v -0.064748 0.124255 -0.045679
v -0.064573 0.394503 -0.009609
v -0.062621 0.380777 -0.014345
v -0.063718 0.377006 -0.013907
v -0.062008 0.430113 -0.048266
v -0.063849 0.432568 -0.033619
v -0.063038 0.389241 -0.011911
v -0.061196 0.392705 -0.012525
v -0.065647 0.148243 -0.040482
v -0.065691 0.343151 -0.021384
v -0.061942 0.091913 -0.020485
v -0.063038 0.090049 -0.021713
v -0.064091 0.432086 -0.024059
v -0.061986 0.428205 -0.013161
v -0.064310 0.355386 -0.018446
v -0.064946 0.351505 -0.018182
v -0.063060 0.113708 -0.048288
v -0.063740 0.117019 -0.047323
v -0.062468 0.093382 -0.053265
v -0.062863 0.090488 -0.052936
v -0.066108 0.156005 -0.037434
v -0.065669 0.152080 -0.037785
v -0.064726 0.139845 -0.030133
v -0.065275 0.143792 -0.029935
v -0.065516 0.151883 -0.032347
v -0.065099 0.147914 -0.032720
v -0.062227 0.372248 -0.035834
v -0.063170 0.368564 -0.034956
v -0.062402 0.415575 -0.056818
v -0.063148 0.418908 -0.058002
v -0.059552 0.418382 -0.056072
v -0.065779 0.155917 -0.034913
v -0.061196 0.421627 -0.059032
v -0.065143 0.346571 -0.025506
v -0.064332 0.350452 -0.025791
v -0.063038 0.368125 -0.016034
v -0.061262 0.427788 -0.010990
v -0.065055 0.347054 -0.021713
v -0.064814 0.140174 -0.041425
v -0.065231 0.144209 -0.040964
v -0.065362 0.151971 -0.035241
v -0.060429 0.425333 -0.008359
v -0.060845 0.426824 -0.009302
v -0.062051 0.430200 -0.053485
v -0.062402 0.430069 -0.055721
v -0.062534 0.085138 -0.046380
v -0.061218 0.384286 -0.014740
v -0.064419 0.136118 -0.041841
v -0.060889 0.107481 -0.050590
v -0.062139 0.110551 -0.049406
v -0.063411 0.124036 -0.026844
v -0.064047 0.127873 -0.026953
v -0.065209 0.148112 -0.038180
v -0.064814 0.144121 -0.038574
v -0.061459 0.431341 -0.025901
v -0.063257 0.431647 -0.029826
v -0.064968 0.148024 -0.035592
v -0.059968 0.393736 -0.046643
v -0.061394 0.390535 -0.044012
v -0.062380 0.086453 -0.033860
v -0.062139 0.086541 -0.036623
v -0.064091 0.135942 -0.030198
v -0.063455 0.132017 -0.030154
v -0.061065 0.099741 -0.019717
v -0.060648 0.093865 -0.020265
v -0.058258 0.095882 -0.020989
v -0.063718 0.128180 -0.042653
v -0.064069 0.132105 -0.042258
v -0.061766 0.364814 -0.031163
v -0.062972 0.361306 -0.030461
v -0.061130 0.108775 -0.022349
v -0.062314 0.112415 -0.022743
v -0.064661 0.143945 -0.033071
v -0.064134 0.139999 -0.033356
v -0.061437 0.084282 -0.048858
v -0.061964 0.084370 -0.047696
v -0.062402 0.085642 -0.029124
v -0.062468 0.086015 -0.031317
v -0.064354 0.140086 -0.038969
v -0.064617 0.144033 -0.035987
v -0.062424 0.430683 -0.035044
v -0.061635 0.086146 -0.039364
v -0.064376 0.350957 -0.021998
v -0.057425 0.411869 -0.054669
v -0.056723 0.415312 -0.053989
v -0.060538 0.420070 -0.057651
v -0.063564 0.359311 -0.018753
v -0.062578 0.363236 -0.019147
v -0.060012 0.429192 -0.045613
v -0.063718 0.354816 -0.022239
v -0.061898 0.085335 -0.026010
v -0.062117 0.085510 -0.027414
v -0.061218 0.413799 -0.006649
v -0.062512 0.120769 -0.043661
v -0.063301 0.124365 -0.043069
v -0.063586 0.354268 -0.026054
v -0.062841 0.358017 -0.026295
v -0.058521 0.421057 -0.008600
v -0.059705 0.423469 -0.008206
v -0.061591 0.430990 -0.020156
v -0.059047 0.429499 -0.017371
v -0.060473 0.379637 -0.037697
v -0.061350 0.375975 -0.036711
v -0.064222 0.140021 -0.036294
v -0.060999 0.375844 -0.017240
v -0.062008 0.372028 -0.016582
v -0.062117 0.398056 -0.010245
v -0.063893 0.136074 -0.039298
v -0.063433 0.132105 -0.039539
v -0.063806 0.136030 -0.036513
v -0.060802 0.086914 -0.024190
v -0.061613 0.085686 -0.024804
v -0.059683 0.105113 -0.022020
v -0.063542 0.136030 -0.033509
v -0.062534 0.120308 -0.026668
v -0.061415 0.116668 -0.026361
v -0.062907 0.132127 -0.033553
v -0.062907 0.128224 -0.039824
v -0.060670 0.085598 -0.049582
v -0.062841 0.128158 -0.030089
v -0.062205 0.124365 -0.030023
v -0.060977 0.085467 -0.041644
v -0.063279 0.132083 -0.036667
v -0.061372 0.403362 -0.007241
v -0.060845 0.114015 -0.044911
v -0.061591 0.117348 -0.044363
v -0.062994 0.358631 -0.022502
v -0.059815 0.379418 -0.017897
v -0.060034 0.401695 -0.011561
v -0.059004 0.104280 -0.051489
v -0.062008 0.362424 -0.022897
v -0.057754 0.402309 -0.050963
v -0.058631 0.397749 -0.049055
v -0.058784 0.089019 -0.051029
v -0.059815 0.087133 -0.050371
v -0.057206 0.406717 -0.053200
v -0.061679 0.429301 -0.040241
v -0.060495 0.428139 -0.037149
v -0.062249 0.124518 -0.040131
v -0.061372 0.120944 -0.040460
v -0.062709 0.128246 -0.036754
v -0.062271 0.128290 -0.033531
v -0.060999 0.430156 -0.031580
v -0.059267 0.429871 -0.028269
v -0.058587 0.386785 -0.040394
v -0.059464 0.383189 -0.038969
v -0.059727 0.083625 -0.044802
v -0.060275 0.084502 -0.043464
v -0.059596 0.372050 -0.032917
v -0.060604 0.368410 -0.031974
v -0.057666 0.429345 -0.057541
v -0.058762 0.089260 -0.022502
v -0.059903 0.088098 -0.023269
v -0.057863 0.101539 -0.022042
v -0.061481 0.367139 -0.019695
v -0.060407 0.370954 -0.020375
v -0.059749 0.387728 -0.015266
v -0.058214 0.391061 -0.016099
v -0.061876 0.361657 -0.026668
v -0.060736 0.365319 -0.027260
v -0.057578 0.428512 -0.015222
v -0.062051 0.124496 -0.036886
v -0.057227 0.426758 -0.060063
v -0.057337 0.428600 -0.059186
v -0.061635 0.124540 -0.033509
v -0.058433 0.429981 -0.053748
v -0.057929 0.429762 -0.055940
v -0.061394 0.120681 -0.029957
v -0.060231 0.117129 -0.029804
v -0.060407 0.083822 -0.029606
v -0.060385 0.084611 -0.033926
v -0.060451 0.084239 -0.031624
v -0.057732 0.091321 -0.051380
v -0.055298 0.418755 -0.053375
v -0.060231 0.113094 -0.026054
v -0.059025 0.109542 -0.025769
v -0.057184 0.425048 -0.060019
v -0.061130 0.120922 -0.036996
v -0.060166 0.084809 -0.036250
v -0.058477 0.107985 -0.046512
v -0.059881 0.110858 -0.045569
v -0.059749 0.083647 -0.026712
v -0.060144 0.083625 -0.028049
v -0.059201 0.396170 -0.013446
v -0.059617 0.429959 -0.051182
v -0.060889 0.366196 -0.023511
v -0.059376 0.374660 -0.021164
v -0.060034 0.407440 -0.008907
v -0.059157 0.410685 -0.010705
v -0.056614 0.427832 -0.013249
v -0.059289 0.082748 -0.046008
v -0.059815 0.416408 -0.008820
v -0.057491 0.418491 -0.010618
v -0.057403 0.422263 -0.057936
v -0.057271 0.423600 -0.059142
v -0.056372 0.100399 -0.051709
v -0.056328 0.093623 -0.051424
v -0.053039 0.096101 -0.050218
v -0.056701 0.427613 -0.039539
v -0.058083 0.428358 -0.042697
v -0.059157 0.083493 -0.040175
v -0.059683 0.084326 -0.038487
v -0.060802 0.120922 -0.033487
v -0.058521 0.084480 -0.024432
v -0.059420 0.083800 -0.025484
v -0.060275 0.117567 -0.040833
v -0.059091 0.114322 -0.041271
v -0.058916 0.430705 -0.022699
v -0.055429 0.429915 -0.020507
v -0.059771 0.369923 -0.024300
v -0.057447 0.083581 -0.048266
v -0.058412 0.082638 -0.047762
v -0.056328 0.394043 -0.044319
v -0.057622 0.390403 -0.042105
v -0.057666 0.379396 -0.035000
v -0.058565 0.375712 -0.033926
v -0.058587 0.382948 -0.018599
v -0.057359 0.386369 -0.019476
v -0.057666 0.413317 -0.012262
v -0.056372 0.394306 -0.017042
v -0.059530 0.117502 -0.033465
v -0.059859 0.117524 -0.037149
v -0.055780 0.097899 -0.022919
v -0.059025 0.427613 -0.033575
v -0.057008 0.427986 -0.030593
v -0.059617 0.368959 -0.028093
v -0.055846 0.427306 -0.011539
v -0.057227 0.090663 -0.022085
v -0.058499 0.372598 -0.029058
v -0.057863 0.420553 -0.056532
v -0.059179 0.081739 -0.030242
v -0.059069 0.082484 -0.034342
v -0.059179 0.082134 -0.032172
v -0.054772 0.424192 -0.010091
v -0.055122 0.426166 -0.010179
v -0.059113 0.083011 -0.035834
v -0.058587 0.082616 -0.041666
v -0.058499 0.114235 -0.037390
v -0.058982 0.113621 -0.029672
v -0.058105 0.114147 -0.033487
v -0.058587 0.081279 -0.027282
v -0.058982 0.081432 -0.028642
v -0.058258 0.404984 -0.013161
v -0.056942 0.399503 -0.014455
v -0.054794 0.402638 -0.015880
v -0.056986 0.429323 -0.048222
v -0.054728 0.428512 -0.045196
v -0.057578 0.085708 -0.024782
v -0.057973 0.111143 -0.041776
v -0.056548 0.108117 -0.042346
v -0.056285 0.084787 -0.048990
v -0.058324 0.378278 -0.021998
v -0.057271 0.381808 -0.022941
v -0.058675 0.373585 -0.025177
v -0.056175 0.389723 -0.020551
v -0.057096 0.081147 -0.043925
v -0.057951 0.081805 -0.042850
v -0.058609 0.082309 -0.036996
v -0.057710 0.106056 -0.025638
v -0.053873 0.421473 -0.054647
v -0.055890 0.386741 -0.037653
v -0.056701 0.383036 -0.036294
v -0.058126 0.081322 -0.026208
v -0.057600 0.377203 -0.026120
v -0.056986 0.429740 -0.025331
v -0.058148 0.079897 -0.030966
v -0.058258 0.081059 -0.035154
v -0.058214 0.080401 -0.033005
v -0.058126 0.081585 -0.038399
v -0.057600 0.080906 -0.039473
v -0.056372 0.408010 -0.014696
v -0.054355 0.410488 -0.015858
v -0.057732 0.110178 -0.029562
v -0.056460 0.106845 -0.029541
v -0.055517 0.426867 -0.036382
v -0.056570 0.105113 -0.047323
v -0.054114 0.101736 -0.047389
v -0.057863 0.079459 -0.029453
v -0.054750 0.429630 -0.023335
v -0.053588 0.087878 -0.050174
v -0.055057 0.086146 -0.049735
v -0.056416 0.086651 -0.024344
v -0.054947 0.087593 -0.023818
v -0.057337 0.376195 -0.030089
v -0.053719 0.402419 -0.048266
v -0.054991 0.398143 -0.046446
v -0.057732 0.080138 -0.036075
v -0.057206 0.078910 -0.027457
v -0.057447 0.079064 -0.028356
v -0.056219 0.385250 -0.023993
v -0.056241 0.379812 -0.031207
v -0.056416 0.082068 -0.025221
v -0.055758 0.082835 -0.025528
v -0.054728 0.422109 -0.011012
v -0.057206 0.111011 -0.037697
v -0.053851 0.429411 -0.053309
v -0.055035 0.429477 -0.050853
v -0.056197 0.080665 -0.044802
v -0.056504 0.380733 -0.027150
v -0.055451 0.092395 -0.022809
v -0.057556 0.079152 -0.033794
v -0.057052 0.077683 -0.030593
v -0.057359 0.078340 -0.031755
v -0.056745 0.110858 -0.033531
v -0.052996 0.427723 -0.041995
v -0.055934 0.107854 -0.038004
v -0.056679 0.080467 -0.040416
v -0.056855 0.077266 -0.029935
v -0.056263 0.102635 -0.025747
v -0.052886 0.422657 -0.056357
v -0.057227 0.079239 -0.036908
v -0.057030 0.078077 -0.034518
v -0.051899 0.089808 -0.049691
v -0.055978 0.415400 -0.013687
v -0.052294 0.428227 -0.057015
v -0.052996 0.429016 -0.055305
v -0.053544 0.394153 -0.041293
v -0.054903 0.390469 -0.039254
v -0.053456 0.429257 -0.017832
v -0.056877 0.077332 -0.032676
v -0.054136 0.416957 -0.014893
v -0.054859 0.419873 -0.012481
v -0.053105 0.080796 -0.047082
v -0.055101 0.080401 -0.045920
v -0.052557 0.406739 -0.050064
v -0.051790 0.414895 -0.050766
v -0.052316 0.411343 -0.050766
v -0.051833 0.426846 -0.058199
v -0.051899 0.424960 -0.058528
v -0.052316 0.423535 -0.057695
v -0.056570 0.077244 -0.035088
v -0.056394 0.078713 -0.037632
v -0.053127 0.089084 -0.024103
v -0.054750 0.076279 -0.028642
v -0.054925 0.079678 -0.026624
v -0.053895 0.077222 -0.028159
v -0.055408 0.107657 -0.033641
v -0.055649 0.080116 -0.041052
v -0.054552 0.079809 -0.041578
v -0.056614 0.076630 -0.032369
v -0.056482 0.076279 -0.032303
v -0.054837 0.428424 -0.027918
v -0.054158 0.426626 -0.033180
v -0.052491 0.427174 -0.030418
v -0.051987 0.428622 -0.047871
v -0.054267 0.397288 -0.018117
v -0.052075 0.400226 -0.019454
v -0.055166 0.383343 -0.032457
v -0.053851 0.386807 -0.033882
v -0.055232 0.076762 -0.035570
v -0.051220 0.427832 -0.014367
v -0.052294 0.428753 -0.015968
v -0.055035 0.105113 -0.042872
v -0.053281 0.101934 -0.043091
v -0.055451 0.384242 -0.028335
v -0.054223 0.075336 -0.032216
v -0.055079 0.103600 -0.029672
v -0.054114 0.104499 -0.033838
v -0.054662 0.083778 -0.025638
v -0.055276 0.078713 -0.037982
v -0.054969 0.393034 -0.021756
v -0.053237 0.396148 -0.023006
v -0.052711 0.405489 -0.017393
v -0.050474 0.408120 -0.018511
v -0.054487 0.099259 -0.026251
v -0.055013 0.388627 -0.025155
v -0.054048 0.387596 -0.029584
v -0.053500 0.391850 -0.026383
v -0.052447 0.412681 -0.016648
v -0.050759 0.414939 -0.017196
v -0.054509 0.104806 -0.038311
v -0.053566 0.094259 -0.024300
v -0.052513 0.095816 -0.027129
v -0.054333 0.080336 -0.026778
v -0.053324 0.081125 -0.026515
v -0.051833 0.427043 -0.038816
v -0.051417 0.090882 -0.025550
v -0.051022 0.428907 -0.022962
v -0.049663 0.428775 -0.020901
v -0.050737 0.418250 -0.050919
v -0.054202 0.078998 -0.038136
v -0.054092 0.076762 -0.035812
v -0.050627 0.426275 -0.013424
v -0.053324 0.079722 -0.042148
v -0.053522 0.100399 -0.029957
v -0.051483 0.082660 -0.048156
v -0.052908 0.101736 -0.038531
v -0.052404 0.390886 -0.030988
v -0.051943 0.398077 -0.043157
v -0.051833 0.395052 -0.027743
v -0.053324 0.084611 -0.025089
v -0.052579 0.390315 -0.035592
v -0.051044 0.422548 -0.013687
v -0.051987 0.418141 -0.015573
v -0.051680 0.420487 -0.014477
v -0.052404 0.428665 -0.025067
v -0.050189 0.427613 -0.027721
v -0.050540 0.424390 -0.013205
v -0.051899 0.081892 -0.026339
v -0.053127 0.079524 -0.038333
v -0.052491 0.101495 -0.034014
v -0.051461 0.097219 -0.030374
v -0.053018 0.077880 -0.027896
v -0.051088 0.399020 -0.024234
v -0.052886 0.075424 -0.032150
v -0.050781 0.426604 -0.035724
v -0.051395 0.097789 -0.046907
v -0.052754 0.077156 -0.036140
v -0.051154 0.076148 -0.031821
v -0.049246 0.420684 -0.052476
v -0.048829 0.428205 -0.052081
v -0.050167 0.428534 -0.050218
v -0.048698 0.406125 -0.046271
v -0.050299 0.402046 -0.044736
v -0.049816 0.084414 -0.047564
v -0.050496 0.092308 -0.028159
v -0.051000 0.393714 -0.037456
v -0.049246 0.397310 -0.039188
v -0.050584 0.098360 -0.034211
v -0.051833 0.079897 -0.042565
v -0.051548 0.078801 -0.027896
v -0.051636 0.085795 -0.024914
v -0.050321 0.082879 -0.026427
v -0.050781 0.098666 -0.042828
v -0.051351 0.077946 -0.036097
v -0.051899 0.079941 -0.038465
v -0.050277 0.080467 -0.042719
v -0.050321 0.091869 -0.048134
v -0.049158 0.093711 -0.045657
v -0.049685 0.077441 -0.031273
v -0.049728 0.427810 -0.044517
v -0.048281 0.427262 -0.040964
v -0.047689 0.427745 -0.053572
v -0.050452 0.098886 -0.038552
v -0.047097 0.422855 -0.055151
v -0.048062 0.421824 -0.053989
v -0.049926 0.403143 -0.020989
v -0.047645 0.406147 -0.022261
v -0.049838 0.426846 -0.032961
v -0.046790 0.413602 -0.019717
v -0.048457 0.410773 -0.019257
v -0.050781 0.394196 -0.032501
v -0.048259 0.427832 -0.025681
v -0.047865 0.410291 -0.047170
v -0.047426 0.427416 -0.017832
v -0.048435 0.428468 -0.019257
v -0.048084 0.420114 -0.016757
v -0.049356 0.417483 -0.017327
v -0.047273 0.427679 -0.046556
v -0.050321 0.078932 -0.035899
v -0.050649 0.080336 -0.038421
v -0.050277 0.079831 -0.028159
v -0.047865 0.088273 -0.044911
v -0.048654 0.086366 -0.046578
v -0.046505 0.424762 -0.055677
v -0.049553 0.397968 -0.028883
v -0.048742 0.397420 -0.033970
v -0.046746 0.426517 -0.055063
v -0.046396 0.417329 -0.048178
v -0.047207 0.413887 -0.047849
v -0.049180 0.087615 -0.026142
v -0.048018 0.084019 -0.027436
v -0.048786 0.078976 -0.031229
v -0.048523 0.081476 -0.042434
v -0.049487 0.093689 -0.031075
v -0.048216 0.095180 -0.042390
v -0.046944 0.425815 -0.017042
v -0.048654 0.401980 -0.025506
v -0.047426 0.401169 -0.030330
v -0.046922 0.424039 -0.016648
v -0.047317 0.422131 -0.016560
v -0.046768 0.427942 -0.024125
v -0.047996 0.095531 -0.038509
v -0.047426 0.426977 -0.037653
v -0.049378 0.081257 -0.038202
v -0.048742 0.094785 -0.034606
v -0.047229 0.090181 -0.031689
v -0.048084 0.089063 -0.028883
v -0.049136 0.080007 -0.035329
v -0.049268 0.081125 -0.028291
v -0.048237 0.082660 -0.028466
v -0.047404 0.401125 -0.040592
v -0.047952 0.080621 -0.031141
v -0.048194 0.427218 -0.030483
v -0.045453 0.427394 -0.048134
v -0.046308 0.405226 -0.026756
v -0.046790 0.427152 -0.032479
v -0.047010 0.427043 -0.034562
v -0.047404 0.083844 -0.041644
v -0.045343 0.427788 -0.022721
v -0.046681 0.400840 -0.035373
v -0.046790 0.091102 -0.035285
v -0.047624 0.081476 -0.035154
v -0.048128 0.082726 -0.037873
v -0.045519 0.416759 -0.019937
v -0.044905 0.419478 -0.049406
v -0.047229 0.085817 -0.029979
v -0.047031 0.091957 -0.041710
v -0.047163 0.090115 -0.043289
v -0.046681 0.091409 -0.038947
v -0.044422 0.409172 -0.042806
v -0.045519 0.405050 -0.041710
v -0.047426 0.085971 -0.040942
v -0.045080 0.404568 -0.031404
v -0.045562 0.409370 -0.023226
v -0.044466 0.427109 -0.038662
v -0.045365 0.427328 -0.042609
v -0.046330 0.427284 -0.028729
v -0.047119 0.082857 -0.030790
v -0.047602 0.084831 -0.037281
v -0.046505 0.086694 -0.032786
v -0.044532 0.419478 -0.019937
v -0.043545 0.420925 -0.050305
v -0.042405 0.426473 -0.050503
v -0.043896 0.426999 -0.049362
v -0.043962 0.408712 -0.027611
v -0.047031 0.083778 -0.033992
v -0.047075 0.087572 -0.036382
v -0.047119 0.088405 -0.039846
v -0.044247 0.426780 -0.021515
v -0.043501 0.423359 -0.020178
v -0.043830 0.421495 -0.020002
v -0.043479 0.412922 -0.043683
v -0.041747 0.424499 -0.051226
v -0.042383 0.422307 -0.050897
v -0.044356 0.427174 -0.035088
v -0.043545 0.425201 -0.020572
v -0.043764 0.412768 -0.023642
v -0.042690 0.416277 -0.024081
v -0.044948 0.427240 -0.031909
v -0.044576 0.427284 -0.027457
v -0.044641 0.404546 -0.036469
v -0.041725 0.419018 -0.044758
v -0.042734 0.416299 -0.044429
v -0.043041 0.427262 -0.031119
v -0.041703 0.418952 -0.024125
v -0.043238 0.427196 -0.043683
v -0.041374 0.426889 -0.044473
v -0.042273 0.427065 -0.039079
v -0.042997 0.427174 -0.026361
v -0.041594 0.426341 -0.025331
v -0.042734 0.408427 -0.037566
v -0.042843 0.408295 -0.032347
v -0.042295 0.427174 -0.034913
v -0.041089 0.421035 -0.024234
v -0.041352 0.412418 -0.038289
v -0.042361 0.412483 -0.028291
v -0.041440 0.412374 -0.033158
v -0.039576 0.426407 -0.045218
v -0.041177 0.416014 -0.028817
v -0.040300 0.420465 -0.045306
v -0.040826 0.424675 -0.024651
v -0.040738 0.422833 -0.024322
v -0.040344 0.426911 -0.039408
v -0.041243 0.427152 -0.030352
v -0.040541 0.416079 -0.039057
v -0.040081 0.418645 -0.029124
v -0.039291 0.422109 -0.045525
v -0.040695 0.416101 -0.033860
v -0.040344 0.426955 -0.034671
v -0.038919 0.424061 -0.045481
v -0.039927 0.418733 -0.039539
v -0.038677 0.420399 -0.039758
v -0.039576 0.426166 -0.029628
v -0.038590 0.424521 -0.029190
v -0.038458 0.422504 -0.028948
v -0.038897 0.420553 -0.028948
v -0.039664 0.418776 -0.034233
v -0.038546 0.425968 -0.034496
v -0.038655 0.425815 -0.039649
v -0.038655 0.420574 -0.034342
v -0.037888 0.424105 -0.039758
v -0.037954 0.422241 -0.039802
v -0.037581 0.422307 -0.034342
v -0.037735 0.424324 -0.034364
usemtl Tibia_rMaterial0
f 1 2 3
f 1 4 2
f 5 1 3
f 5 4 1
f 3 2 6
f 4 7 2
f 7 8 2
f 2 9 6
f 2 8 9
f 3 6 10
f 11 5 3
f 11 3 12
f 12 3 13
f 13 3 10
f 4 14 7
f 7 15 8
f 16 15 7
f 14 16 7
f 6 9 17
f 6 17 10
f 18 4 5
f 18 14 4
f 19 5 11
f 20 11 12
f 21 11 20
f 21 19 11
f 12 13 22
f 13 10 23
f 22 13 23
f 19 18 5
f 9 8 24
f 9 25 17
f 9 24 25
f 20 12 22
f 10 26 23
f 17 27 10
f 10 28 26
f 27 28 10
f 23 29 22
f 23 26 29
f 8 15 30
f 8 30 24
f 17 25 27
f 31 22 29
f 31 32 22
f 33 20 22
f 32 33 22
f 26 34 29
f 34 35 29
f 36 31 29
f 35 37 29
f 37 36 29
f 16 38 15
f 14 39 16
f 39 38 16
f 26 28 34
f 15 40 30
f 15 38 40
f 27 41 28
f 25 41 27
f 28 42 34
f 34 42 35
f 43 14 18
f 43 39 14
f 36 44 31
f 44 32 31
f 45 43 18
f 46 18 19
f 46 45 18
f 24 30 47
f 24 48 25
f 47 48 24
f 40 49 30
f 30 50 47
f 30 49 50
f 28 51 42
f 41 52 28
f 52 51 28
f 38 53 40
f 53 54 40
f 40 54 49
f 35 55 37
f 37 55 36
f 25 48 41
f 42 56 35
f 57 55 35
f 56 58 35
f 58 57 35
f 59 21 20
f 60 19 21
f 59 60 21
f 33 61 20
f 62 59 20
f 61 62 20
f 42 51 56
f 45 39 43
f 39 63 38
f 38 64 53
f 63 65 38
f 65 64 38
f 55 66 36
f 66 44 36
f 60 46 19
f 32 61 33
f 63 39 45
f 41 67 52
f 48 68 41
f 68 67 41
f 47 50 69
f 47 69 48
f 49 70 50
f 50 70 71
f 50 71 69
f 53 72 54
f 64 72 53
f 49 54 70
f 57 73 55
f 55 74 66
f 75 74 55
f 73 75 55
f 51 76 56
f 56 76 58
f 77 45 46
f 78 46 60
f 78 77 46
f 44 79 32
f 79 61 32
f 58 73 57
f 52 67 51
f 66 80 44
f 74 80 66
f 54 81 70
f 54 72 81
f 51 82 76
f 67 83 51
f 83 82 51
f 80 84 44
f 85 79 44
f 84 85 44
f 70 86 71
f 70 81 86
f 77 63 45
f 87 73 58
f 76 88 58
f 89 87 58
f 88 89 58
f 69 71 90
f 71 86 91
f 71 91 90
f 72 92 81
f 81 93 86
f 81 94 93
f 92 94 81
f 95 65 63
f 65 96 64
f 95 96 65
f 69 97 48
f 90 97 69
f 98 63 77
f 98 95 63
f 75 99 74
f 73 99 75
f 74 100 80
f 99 100 74
f 64 96 72
f 87 101 73
f 102 99 73
f 101 102 73
f 100 103 80
f 80 103 84
f 104 68 48
f 97 105 48
f 106 104 48
f 48 105 106
f 76 82 88
f 72 107 92
f 96 108 72
f 108 107 72
f 86 93 109
f 86 109 91
f 68 110 67
f 104 110 68
f 94 111 93
f 93 112 109
f 93 111 112
f 62 113 59
f 61 114 62
f 114 113 62
f 92 115 94
f 107 115 92
f 113 60 59
f 79 116 61
f 117 114 61
f 116 117 61
f 118 78 60
f 60 113 119
f 119 118 60
f 91 120 90
f 91 109 120
f 89 101 87
f 99 121 100
f 100 121 103
f 122 77 78
f 118 122 78
f 85 116 79
f 88 123 89
f 82 123 88
f 94 115 111
f 124 97 90
f 90 120 125
f 125 126 90
f 126 124 90
f 67 110 83
f 102 121 99
f 122 98 77
f 84 127 85
f 127 116 85
f 112 128 109
f 120 109 129
f 109 128 130
f 109 130 129
f 97 124 105
f 111 131 112
f 112 131 128
f 120 129 125
f 111 132 131
f 115 132 111
f 133 134 135
f 133 136 134
f 137 133 135
f 137 136 133
f 138 95 98
f 138 98 122
f 83 139 82
f 110 139 83
f 101 140 102
f 140 121 102
f 103 141 84
f 142 127 84
f 141 142 84
f 134 143 144
f 134 145 143
f 135 134 144
f 134 136 145
f 128 146 130
f 128 131 146
f 147 96 95
f 147 95 138
f 148 137 149
f 148 150 137
f 149 137 135
f 150 136 137
f 144 143 151
f 151 143 152
f 143 153 152
f 143 154 153
f 145 154 143
f 96 155 108
f 156 96 147
f 156 155 96
f 130 157 129
f 130 146 157
f 158 101 89
f 123 159 89
f 159 158 89
f 131 160 146
f 131 161 160
f 132 162 131
f 162 161 131
f 103 121 141
f 108 155 107
f 125 129 163
f 129 157 164
f 129 164 165
f 163 129 165
f 82 166 123
f 139 167 82
f 167 166 82
f 163 126 125
f 107 168 115
f 155 168 107
f 160 169 146
f 157 146 170
f 146 169 171
f 146 171 170
f 172 148 149
f 172 173 148
f 174 150 148
f 173 174 148
f 175 140 101
f 158 176 101
f 176 175 101
f 144 151 177
f 151 152 178
f 177 151 179
f 179 151 178
f 135 144 177
f 160 180 169
f 161 180 160
f 181 149 135
f 182 135 177
f 182 181 135
f 153 183 152
f 154 184 153
f 184 185 153
f 153 185 183
f 115 186 132
f 168 187 115
f 187 186 115
f 124 188 105
f 126 189 124
f 189 188 124
f 152 183 190
f 152 190 178
f 181 172 149
f 191 104 106
f 105 192 106
f 106 192 191
f 157 170 164
f 140 193 121
f 121 194 141
f 121 193 194
f 169 195 171
f 169 180 195
f 171 195 196
f 171 196 170
f 197 154 145
f 145 136 198
f 198 197 145
f 154 197 184
f 132 186 162
f 183 199 190
f 190 199 200
f 178 190 201
f 190 200 201
f 202 110 104
f 202 104 191
f 164 170 203
f 164 203 165
f 204 172 181
f 204 173 172
f 123 205 159
f 166 205 123
f 150 206 136
f 136 207 198
f 136 206 207
f 184 208 185
f 197 209 184
f 209 208 184
f 196 195 210
f 195 211 210
f 195 212 211
f 180 213 195
f 213 212 195
f 214 199 183
f 183 185 214
f 165 215 163
f 216 126 163
f 215 216 163
f 105 188 192
f 170 196 217
f 196 210 217
f 174 218 150
f 218 206 150
f 203 170 219
f 170 217 219
f 119 113 220
f 114 221 113
f 113 222 220
f 221 222 113
f 223 182 177
f 223 181 182
f 211 224 210
f 211 225 224
f 212 225 211
f 226 118 119
f 227 122 118
f 226 227 118
f 220 226 119
f 162 228 161
f 186 228 162
f 117 221 114
f 175 229 140
f 229 193 140
f 177 179 230
f 231 223 177
f 231 177 230
f 116 232 117
f 232 221 117
f 210 224 233
f 217 210 234
f 210 233 235
f 234 210 235
f 236 138 122
f 227 236 122
f 179 178 230
f 237 199 214
f 199 238 200
f 238 199 237
f 239 204 181
f 240 181 223
f 240 239 181
f 224 241 233
f 224 225 241
f 165 203 242
f 203 219 243
f 242 203 243
f 161 244 180
f 228 245 161
f 245 244 161
f 178 201 246
f 230 178 246
f 217 234 219
f 127 247 116
f 248 232 116
f 247 248 116
f 242 215 165
f 110 249 139
f 250 110 202
f 250 249 110
f 159 251 158
f 251 176 158
f 180 244 213
f 173 252 174
f 252 218 174
f 233 241 253
f 233 253 235
f 254 147 138
f 236 254 138
f 201 200 255
f 246 201 256
f 201 255 256
f 185 257 214
f 185 208 257
f 253 241 258
f 241 259 258
f 241 260 259
f 225 261 241
f 261 260 241
f 257 262 214
f 214 262 237
f 216 189 126
f 142 247 127
f 253 258 263
f 235 253 264
f 264 253 263
f 258 265 266
f 258 266 263
f 259 265 258
f 267 251 159
f 205 267 159
f 266 265 268
f 266 268 269
f 270 266 269
f 263 266 270
f 259 271 265
f 260 271 259
f 213 272 212
f 244 272 213
f 254 156 147
f 219 234 273
f 234 235 274
f 273 234 274
f 219 273 243
f 200 238 275
f 200 275 255
f 189 276 188
f 188 277 192
f 188 276 277
f 141 278 142
f 278 247 142
f 238 279 275
f 280 238 237
f 238 280 279
f 265 281 268
f 265 271 281
f 212 282 225
f 272 283 212
f 283 282 212
f 281 284 268
f 268 284 285
f 268 285 269
f 286 173 204
f 239 286 204
f 243 287 242
f 288 215 242
f 287 288 242
f 281 289 284
f 271 290 281
f 290 289 281
f 235 264 274
f 291 223 231
f 292 231 230
f 292 291 231
f 225 282 261
f 139 249 167
f 194 293 141
f 293 278 141
f 285 284 294
f 285 294 295
f 296 285 295
f 269 285 296
f 155 156 297
f 297 156 254
f 176 229 175
f 291 240 223
f 295 298 299
f 295 299 300
f 299 298 301
f 299 301 302
f 300 299 303
f 303 299 302
f 284 304 294
f 294 298 295
f 294 305 298
f 304 305 294
f 284 289 304
f 306 197 198
f 306 209 197
f 296 295 300
f 298 307 301
f 298 305 307
f 270 269 308
f 263 270 309
f 310 270 308
f 309 270 310
f 230 246 311
f 312 292 230
f 312 230 311
f 275 279 313
f 255 275 314
f 275 313 314
f 307 315 301
f 301 315 316
f 301 316 302
f 269 296 308
f 317 296 300
f 308 296 317
f 264 263 309
f 274 264 318
f 318 264 309
f 307 319 315
f 305 320 307
f 320 319 307
f 261 321 260
f 282 321 261
f 304 322 305
f 289 323 304
f 323 322 304
f 316 315 324
f 316 324 325
f 302 316 326
f 326 316 325
f 207 327 198
f 328 306 198
f 198 327 328
f 286 329 173
f 329 252 173
f 257 208 330
f 262 257 331
f 331 257 330
f 246 256 311
f 208 209 332
f 332 209 333
f 209 306 333
f 243 273 334
f 273 274 335
f 334 273 335
f 336 280 237
f 237 262 336
f 315 337 324
f 324 338 339
f 324 339 325
f 337 338 324
f 315 319 337
f 305 322 320
f 339 338 340
f 339 340 341
f 342 339 341
f 325 339 342
f 337 343 338
f 319 344 337
f 344 343 337
f 345 239 240
f 345 240 291
f 338 346 340
f 338 343 346
f 346 347 340
f 340 347 348
f 340 348 341
f 260 349 271
f 321 350 260
f 350 349 260
f 168 155 351
f 352 155 297
f 351 155 352
f 320 353 319
f 322 354 320
f 354 353 320
f 193 355 194
f 194 356 293
f 355 356 194
f 346 357 347
f 343 358 346
f 358 357 346
f 348 347 359
f 348 359 360
f 341 348 361
f 361 348 360
f 207 206 327
f 256 255 362
f 311 256 363
f 256 362 363
f 319 353 344
f 347 364 359
f 347 357 364
f 271 349 290
f 334 287 243
f 365 189 216
f 215 366 216
f 366 365 216
f 364 367 359
f 359 367 368
f 359 368 360
f 344 369 343
f 370 369 344
f 353 370 344
f 300 303 371
f 303 302 372
f 371 303 373
f 373 303 372
f 274 318 335
f 280 374 279
f 375 280 336
f 374 280 375
f 364 376 367
f 357 377 364
f 377 376 364
f 279 378 313
f 279 374 378
f 317 300 371
f 308 317 379
f 310 308 379
f 343 369 358
f 302 326 372
f 187 168 351
f 290 380 289
f 349 381 290
f 381 380 290
f 382 317 371
f 379 317 382
f 368 367 383
f 368 383 384
f 360 368 385
f 385 368 384
f 255 314 362
f 367 386 383
f 367 376 386
f 326 325 387
f 388 326 387
f 372 326 388
f 167 389 166
f 249 389 167
f 358 390 357
f 369 391 358
f 391 390 358
f 309 310 392
f 393 310 379
f 392 310 393
f 330 208 332
f 314 313 394
f 362 314 395
f 314 394 395
f 206 218 396
f 206 396 327
f 342 341 397
f 341 361 397
f 325 342 387
f 398 342 397
f 387 342 398
f 318 309 392
f 335 318 399
f 399 318 392
f 357 390 377
f 289 380 323
f 386 400 383
f 383 400 401
f 383 401 384
f 361 360 402
f 397 361 403
f 403 361 402
f 365 276 189
f 386 404 400
f 376 405 386
f 405 404 386
f 186 187 406
f 406 187 351
f 262 407 336
f 407 408 336
f 336 408 375
f 360 385 402
f 377 409 376
f 390 410 377
f 410 409 377
f 401 400 411
f 401 411 412
f 384 401 413
f 413 401 412
f 323 414 322
f 380 415 323
f 415 414 323
f 400 416 411
f 400 404 416
f 228 186 417
f 418 186 406
f 417 186 418
f 416 419 411
f 411 419 420
f 411 420 412
f 385 384 421
f 402 385 422
f 422 385 421
f 288 366 215
f 313 378 423
f 313 423 394
f 376 409 405
f 424 286 239
f 425 239 345
f 426 424 239
f 425 426 239
f 407 262 331
f 322 414 354
f 416 427 419
f 404 428 416
f 428 427 416
f 384 413 421
f 429 287 334
f 335 430 334
f 430 429 334
f 245 228 417
f 413 412 431
f 421 413 432
f 432 413 431
f 420 419 433
f 412 420 434
f 420 433 435
f 434 420 435
f 405 436 404
f 409 437 405
f 437 436 405
f 369 438 391
f 391 439 390
f 438 440 391
f 440 439 391
f 370 438 369
f 354 441 353
f 414 442 354
f 442 441 354
f 397 443 398
f 403 443 397
f 373 444 371
f 372 445 373
f 446 444 373
f 445 446 373
f 244 245 447
f 272 244 448
f 448 244 449
f 449 244 447
f 419 450 433
f 419 427 450
f 412 434 431
f 390 439 410
f 353 441 370
f 441 451 370
f 451 438 370
f 398 452 387
f 443 453 398
f 453 452 398
f 193 229 355
f 454 292 312
f 455 291 292
f 456 292 454
f 456 455 292
f 402 457 403
f 458 443 403
f 457 458 403
f 371 444 382
f 404 436 428
f 387 452 388
f 388 445 372
f 452 459 388
f 459 445 388
f 422 457 402
f 410 460 409
f 439 461 410
f 461 460 410
f 366 462 365
f 463 276 365
f 462 463 365
f 450 464 433
f 450 465 464
f 427 466 450
f 466 465 450
f 424 329 286
f 454 312 311
f 433 464 467
f 433 467 435
f 455 345 291
f 434 435 468
f 431 434 469
f 469 434 468
f 409 460 437
f 287 470 288
f 470 471 288
f 471 366 288
f 311 363 472
f 473 454 311
f 473 311 472
f 421 474 422
f 475 457 422
f 474 475 422
f 382 476 379
f 444 477 382
f 477 476 382
f 379 476 393
f 393 478 392
f 479 478 393
f 476 479 393
f 447 245 417
f 436 480 428
f 480 481 428
f 428 481 427
f 437 482 436
f 483 482 437
f 460 483 437
f 378 484 423
f 423 484 485
f 394 423 486
f 423 485 486
f 374 487 378
f 378 487 484
f 436 482 480
f 432 474 421
f 251 488 176
f 489 488 251
f 267 489 251
f 480 490 481
f 491 490 480
f 482 491 480
f 492 430 399
f 492 493 430
f 478 492 399
f 478 494 492
f 494 495 492
f 495 493 492
f 429 470 287
f 467 464 496
f 464 497 496
f 464 465 497
f 431 498 432
f 499 474 432
f 498 499 432
f 399 430 335
f 500 374 375
f 500 487 374
f 430 493 429
f 427 481 466
f 363 362 501
f 363 501 472
f 435 467 502
f 467 496 503
f 502 467 503
f 392 478 399
f 283 272 448
f 435 502 468
f 252 504 218
f 218 504 396
f 481 505 466
f 481 490 505
f 469 498 431
f 458 506 443
f 443 506 453
f 457 507 458
f 508 506 458
f 507 508 458
f 475 507 457
f 453 509 452
f 506 510 453
f 510 509 453
f 282 283 511
f 511 283 448
f 166 512 205
f 389 512 166
f 513 229 176
f 488 514 176
f 514 513 176
f 505 515 466
f 466 515 465
f 516 470 429
f 493 516 429
f 497 517 496
f 465 518 497
f 497 519 517
f 518 519 497
f 474 520 475
f 521 507 475
f 520 521 475
f 446 522 444
f 445 523 446
f 524 522 446
f 523 524 446
f 525 425 345
f 525 345 455
f 496 517 526
f 496 526 503
f 505 527 515
f 490 528 505
f 528 527 505
f 444 522 477
f 468 529 469
f 530 498 469
f 529 530 469
f 452 509 459
f 468 502 531
f 502 503 532
f 531 502 532
f 408 407 533
f 407 331 534
f 533 407 534
f 459 523 445
f 509 535 459
f 535 523 459
f 321 282 536
f 537 282 511
f 536 282 537
f 499 520 474
f 538 500 375
f 375 408 538
f 465 515 518
f 362 395 501
f 331 330 539
f 330 332 540
f 539 330 540
f 526 517 541
f 517 542 541
f 517 519 542
f 531 529 468
f 506 543 510
f 508 543 506
f 510 544 509
f 543 545 510
f 545 544 510
f 503 526 546
f 526 541 547
f 546 526 547
f 515 548 518
f 515 527 548
f 487 549 484
f 484 549 550
f 484 550 485
f 350 321 536
f 507 551 508
f 552 543 508
f 551 552 508
f 479 494 478
f 477 553 476
f 522 554 477
f 554 553 477
f 521 551 507
f 503 546 532
f 498 555 499
f 556 520 499
f 555 556 499
f 557 487 500
f 549 487 557
f 542 558 541
f 519 559 542
f 542 560 558
f 559 560 542
f 541 558 561
f 541 561 547
f 548 562 518
f 518 562 519
f 509 544 535
f 476 553 479
f 349 350 563
f 564 350 536
f 563 350 564
f 494 565 495
f 495 566 493
f 565 567 495
f 567 566 495
f 532 568 531
f 569 529 531
f 568 569 531
f 553 570 479
f 570 494 479
f 395 394 571
f 501 395 572
f 395 571 572
f 394 486 571
f 548 573 562
f 527 574 548
f 574 573 548
f 485 575 486
f 486 576 571
f 486 575 576
f 524 577 522
f 522 577 554
f 530 555 498
f 535 578 523
f 544 579 535
f 579 578 535
f 523 578 524
f 580 577 524
f 578 580 524
f 581 500 538
f 557 500 581
f 519 562 559
f 562 582 559
f 562 573 582
f 381 349 563
f 561 558 583
f 558 560 584
f 558 584 583
f 520 585 521
f 586 551 521
f 585 586 521
f 587 588 589
f 587 589 590
f 584 588 587
f 584 587 583
f 583 587 591
f 591 587 590
f 546 547 592
f 532 546 593
f 593 546 592
f 589 594 595
f 589 595 590
f 588 596 589
f 596 594 589
f 547 561 597
f 561 583 598
f 597 561 598
f 582 599 559
f 559 599 560
f 543 600 545
f 545 601 544
f 600 602 545
f 602 601 545
f 603 588 584
f 560 603 584
f 582 604 599
f 573 605 582
f 605 604 582
f 380 381 606
f 607 381 563
f 606 381 607
f 553 608 570
f 570 565 494
f 608 609 570
f 609 565 570
f 549 610 550
f 550 611 485
f 610 612 550
f 550 612 611
f 595 594 613
f 595 613 614
f 590 595 614
f 577 615 554
f 554 608 553
f 615 608 554
f 588 616 596
f 603 616 588
f 552 600 543
f 551 617 552
f 618 600 552
f 617 618 552
f 596 619 594
f 616 620 596
f 620 619 596
f 594 621 613
f 613 622 623
f 613 624 622
f 621 624 613
f 614 613 625
f 625 613 623
f 547 597 592
f 529 626 530
f 627 555 530
f 626 627 530
f 549 628 610
f 628 549 557
f 560 599 603
f 470 629 471
f 516 629 470
f 630 227 226
f 631 236 227
f 631 227 630
f 594 619 621
f 599 632 603
f 632 616 603
f 593 568 532
f 580 633 577
f 577 633 615
f 415 380 606
f 583 591 598
f 599 604 632
f 569 626 529
f 634 226 220
f 630 226 634
f 544 601 579
f 493 566 516
f 635 636 637
f 635 638 636
f 639 635 637
f 639 640 635
f 640 641 635
f 641 638 635
f 556 585 520
f 578 642 580
f 579 642 578
f 642 643 580
f 643 633 580
f 615 644 608
f 633 645 615
f 645 644 615
f 637 636 646
f 646 636 647
f 636 648 647
f 636 638 648
f 632 649 616
f 604 650 632
f 650 649 632
f 568 651 569
f 651 626 569
f 601 652 579
f 652 642 579
f 191 192 653
f 654 202 191
f 653 654 191
f 597 598 655
f 592 597 655
f 471 462 366
f 329 656 252
f 656 504 252
f 622 657 623
f 622 658 657
f 624 658 622
f 616 649 620
f 586 617 551
f 659 639 637
f 660 639 659
f 661 639 660
f 661 640 639
f 619 662 621
f 662 663 621
f 621 663 624
f 414 415 664
f 665 415 606
f 664 415 665
f 485 611 575
f 620 666 619
f 649 667 620
f 667 666 620
f 668 329 424
f 426 668 424
f 628 669 610
f 669 670 610
f 610 670 612
f 619 666 662
f 591 590 671
f 598 591 671
f 608 644 609
f 629 672 471
f 672 462 471
f 538 408 673
f 538 674 581
f 674 538 673
f 675 254 236
f 675 236 631
f 676 456 454
f 677 455 456
f 676 677 456
f 673 408 533
f 637 646 678
f 659 637 678
f 277 679 192
f 192 679 680
f 192 680 653
f 681 425 525
f 681 426 425
f 682 628 557
f 682 557 581
f 669 628 683
f 683 628 682
f 646 647 684
f 678 646 685
f 685 646 684
f 660 659 686
f 686 659 687
f 687 659 678
f 657 688 689
f 657 658 688
f 623 657 689
f 590 614 690
f 671 590 691
f 691 590 690
f 692 568 593
f 592 692 593
f 692 693 568
f 694 651 568
f 693 694 568
f 555 695 556
f 696 585 556
f 695 696 556
f 566 697 516
f 697 629 516
f 222 698 220
f 220 698 634
f 229 699 355
f 513 700 229
f 700 699 229
f 701 454 473
f 702 676 454
f 702 454 701
f 662 703 663
f 666 704 662
f 704 703 662
f 614 625 690
f 598 671 705
f 655 598 706
f 706 598 705
f 688 661 660
f 688 707 661
f 707 640 661
f 701 473 472
f 708 688 660
f 708 660 686
f 689 688 708
f 658 709 688
f 709 707 688
f 625 623 710
f 690 625 710
f 677 525 455
f 534 331 539
f 442 414 664
f 711 712 713
f 711 714 712
f 715 711 716
f 715 714 711
f 717 711 713
f 716 711 717
f 689 708 718
f 718 708 719
f 719 708 686
f 623 689 718
f 710 623 720
f 720 623 718
f 648 721 647
f 638 722 648
f 648 723 721
f 722 723 648
f 712 724 713
f 712 725 724
f 726 725 712
f 714 726 712
f 727 670 669
f 728 727 669
f 728 669 683
f 727 729 670
f 670 730 612
f 670 729 730
f 731 727 732
f 732 727 728
f 731 729 727
f 724 731 732
f 733 724 732
f 732 728 734
f 733 732 734
f 724 725 731
f 725 735 731
f 735 729 731
f 713 724 733
f 736 728 683
f 734 728 736
f 713 733 737
f 738 733 734
f 737 733 738
f 739 692 592
f 739 693 692
f 627 695 555
f 472 501 740
f 741 701 472
f 472 740 741
f 612 742 611
f 611 743 575
f 611 742 743
f 744 715 716
f 744 745 715
f 746 714 715
f 745 746 715
f 585 747 586
f 748 617 586
f 747 748 586
f 609 749 565
f 644 750 609
f 750 749 609
f 205 751 267
f 512 752 205
f 752 751 205
f 501 572 740
f 571 753 572
f 572 754 740
f 572 753 754
f 683 682 755
f 756 682 581
f 755 682 756
f 717 713 737
f 671 691 705
f 655 757 592
f 757 739 592
f 647 721 758
f 647 758 684
f 624 663 658
f 663 759 658
f 663 703 759
f 441 442 760
f 761 442 664
f 760 442 761
f 716 717 762
f 763 717 737
f 762 717 763
f 736 683 755
f 764 744 716
f 764 716 762
f 734 736 765
f 766 736 755
f 765 736 766
f 767 744 764
f 768 744 767
f 768 745 744
f 706 757 655
f 451 441 760
f 297 254 769
f 770 254 675
f 769 254 770
f 571 576 753
f 738 734 765
f 691 690 771
f 705 691 771
f 626 772 627
f 651 773 626
f 774 772 626
f 773 774 626
f 438 451 775
f 440 438 775
f 776 451 760
f 775 451 776
f 222 221 698
f 767 764 777
f 778 764 762
f 777 764 778
f 779 250 202
f 654 779 202
f 737 738 780
f 781 738 765
f 780 738 781
f 640 782 641
f 707 783 640
f 783 784 640
f 784 782 640
f 785 757 706
f 705 785 706
f 757 786 739
f 786 693 739
f 772 695 627
f 787 525 677
f 788 681 525
f 787 788 525
f 690 710 789
f 771 690 790
f 790 690 789
f 490 491 791
f 491 482 792
f 791 491 793
f 793 491 792
f 439 440 794
f 794 440 795
f 795 440 775
f 763 737 780
f 796 768 767
f 796 797 768
f 798 745 768
f 797 798 768
f 528 490 791
f 482 483 792
f 461 439 794
f 565 749 567
f 567 799 566
f 749 800 567
f 800 799 567
f 641 801 638
f 782 801 641
f 759 802 658
f 759 803 802
f 703 804 759
f 804 803 759
f 785 805 757
f 806 786 757
f 805 806 757
f 694 773 651
f 483 460 807
f 792 483 808
f 808 483 807
f 460 461 807
f 807 461 809
f 809 461 794
f 810 796 767
f 810 767 777
f 710 720 789
f 811 785 705
f 811 805 785
f 762 763 812
f 813 763 780
f 812 763 813
f 658 802 709
f 527 528 814
f 815 528 791
f 814 528 815
f 771 816 705
f 816 811 705
f 696 747 585
f 581 674 756
f 720 718 817
f 718 719 817
f 789 720 818
f 818 720 817
f 778 762 812
f 819 796 810
f 820 796 819
f 820 797 796
f 719 686 821
f 817 719 822
f 822 719 821
f 574 527 814
f 612 730 742
f 695 823 696
f 823 747 696
f 819 810 824
f 825 810 777
f 824 810 825
f 686 687 821
f 802 783 709
f 802 803 783
f 709 783 707
f 783 826 784
f 803 827 783
f 827 826 783
f 693 828 694
f 828 773 694
f 638 801 722
f 332 333 829
f 306 830 333
f 333 831 829
f 333 830 831
f 777 778 832
f 833 778 812
f 832 778 833
f 786 834 693
f 835 828 693
f 834 835 693
f 755 836 766
f 756 836 755
f 758 721 837
f 758 837 838
f 684 758 839
f 839 758 838
f 721 840 837
f 721 723 840
f 790 816 771
f 806 834 786
f 805 841 806
f 842 834 806
f 841 842 806
f 573 574 843
f 844 574 814
f 843 574 844
f 668 845 329
f 846 656 329
f 845 846 329
f 575 847 576
f 576 848 753
f 576 847 848
f 766 849 765
f 836 850 766
f 850 849 766
f 687 678 851
f 821 687 852
f 852 687 851
f 772 853 695
f 854 823 695
f 853 854 695
f 232 855 221
f 221 856 698
f 855 856 221
f 674 857 756
f 857 836 756
f 765 849 781
f 858 820 819
f 859 858 819
f 859 819 824
f 858 860 820
f 861 797 820
f 860 861 820
f 784 862 782
f 826 862 784
f 605 573 843
f 540 332 829
f 533 534 863
f 534 539 864
f 863 534 864
f 781 865 780
f 849 866 781
f 866 865 781
f 825 777 832
f 678 685 851
f 782 862 801
f 789 867 790
f 868 816 790
f 867 868 790
f 869 674 673
f 673 533 870
f 869 673 870
f 276 871 277
f 277 871 679
f 780 865 813
f 872 805 811
f 816 873 811
f 873 872 811
f 872 841 805
f 600 874 602
f 618 874 600
f 824 825 875
f 876 825 832
f 875 825 876
f 685 684 877
f 851 685 878
f 878 685 877
f 604 605 879
f 880 605 843
f 879 605 880
f 602 881 601
f 874 882 602
f 882 881 602
f 813 883 812
f 865 884 813
f 884 883 813
f 885 858 859
f 886 859 824
f 885 859 887
f 887 859 886
f 774 853 772
f 726 888 725
f 725 888 735
f 746 889 714
f 714 889 726
f 745 890 746
f 890 891 746
f 891 889 746
f 892 858 885
f 892 860 858
f 722 893 723
f 801 894 722
f 894 893 722
f 818 867 789
f 352 297 769
f 895 676 702
f 896 677 676
f 897 676 895
f 897 896 676
f 729 898 730
f 730 899 742
f 730 898 899
f 900 888 726
f 889 900 726
f 812 883 833
f 798 890 745
f 895 702 701
f 729 735 898
f 888 901 735
f 735 901 898
f 902 701 741
f 902 903 701
f 903 895 701
f 797 904 798
f 905 890 798
f 904 905 798
f 650 604 879
f 617 906 618
f 907 874 618
f 906 907 618
f 601 881 652
f 886 824 875
f 566 799 697
f 833 908 832
f 883 909 833
f 909 908 833
f 840 910 837
f 837 910 911
f 837 911 838
f 723 912 840
f 840 913 910
f 912 913 840
f 914 892 885
f 915 914 885
f 915 885 887
f 868 873 816
f 830 306 328
f 914 916 892
f 917 860 892
f 916 917 892
f 649 650 918
f 919 650 879
f 918 650 919
f 652 920 642
f 881 921 652
f 921 920 652
f 248 922 232
f 922 855 232
f 861 904 797
f 684 839 877
f 817 923 818
f 924 867 818
f 923 924 818
f 773 925 774
f 925 853 774
f 926 741 740
f 926 902 741
f 754 926 740
f 723 893 912
f 753 927 754
f 754 928 926
f 927 928 754
f 575 743 847
f 887 886 929
f 930 886 875
f 929 886 930
f 801 931 894
f 862 932 801
f 932 931 801
f 667 649 918
f 642 920 643
f 832 908 876
f 911 910 933
f 911 933 934
f 838 911 935
f 935 911 934
f 936 873 868
f 867 937 868
f 937 936 868
f 860 938 861
f 939 904 861
f 938 939 861
f 940 914 915
f 941 915 887
f 940 915 942
f 942 915 941
f 943 916 914
f 943 914 940
f 910 944 933
f 910 913 944
f 822 923 817
f 666 667 945
f 946 667 918
f 945 667 946
f 748 906 617
f 643 947 633
f 920 948 643
f 948 947 643
f 247 922 248
f 356 949 293
f 293 950 278
f 949 950 293
f 896 787 677
f 912 951 913
f 893 952 912
f 952 951 912
f 873 953 872
f 954 841 872
f 953 954 872
f 779 249 250
f 917 938 860
f 941 887 929
f 936 953 873
f 633 947 645
f 857 674 869
f 876 955 875
f 908 956 876
f 956 955 876
f 944 957 933
f 933 957 958
f 933 958 934
f 913 959 944
f 913 951 959
f 821 960 822
f 961 923 822
f 960 961 822
f 704 666 945
f 697 962 629
f 799 963 697
f 963 962 697
f 278 964 247
f 964 965 247
f 965 922 247
f 355 966 356
f 356 966 949
f 850 836 967
f 967 836 857
f 850 968 849
f 968 850 969
f 969 850 967
f 916 970 917
f 971 938 917
f 970 971 917
f 972 916 943
f 973 943 940
f 974 972 943
f 973 974 943
f 959 975 944
f 944 975 957
f 924 937 867
f 937 976 936
f 977 953 936
f 976 977 936
f 950 964 278
f 972 970 916
f 978 973 940
f 978 940 942
f 828 979 773
f 980 925 773
f 979 980 773
f 328 327 981
f 981 830 328
f 742 982 743
f 743 983 847
f 743 982 983
f 849 968 866
f 959 984 975
f 951 985 959
f 985 984 959
f 986 426 681
f 987 668 426
f 986 988 426
f 988 987 426
f 967 857 989
f 989 857 869
f 866 990 865
f 968 991 866
f 991 990 866
f 974 992 972
f 993 970 972
f 992 993 972
f 994 974 973
f 994 973 995
f 995 973 978
f 957 975 994
f 957 994 995
f 958 957 995
f 975 996 994
f 975 984 996
f 839 838 997
f 877 839 998
f 998 839 997
f 875 955 930
f 942 941 999
f 1000 941 929
f 999 941 1000
f 996 974 994
f 996 992 974
f 852 960 821
f 995 978 1001
f 1002 978 942
f 1001 978 1002
f 984 1003 996
f 1003 992 996
f 894 1004 893
f 931 1004 894
f 865 990 884
f 958 995 1001
f 934 958 1005
f 1005 958 1001
f 645 1006 644
f 947 1007 645
f 1007 1006 645
f 351 352 1008
f 1008 352 769
f 396 1009 327
f 327 1010 981
f 327 1009 1010
f 753 848 927
f 703 704 1011
f 1012 704 945
f 1011 704 1012
f 788 986 681
f 884 1013 883
f 990 1014 884
f 1014 1013 884
f 1015 937 924
f 1015 976 937
f 835 979 828
f 539 540 1016
f 540 829 1017
f 1016 540 1017
f 883 1013 909
f 923 1018 924
f 1018 1015 924
f 747 1019 748
f 1019 906 748
f 488 489 514
f 987 845 668
f 1020 787 896
f 1020 788 787
f 909 1021 908
f 1013 1022 909
f 1022 1021 909
f 838 935 997
f 893 1004 952
f 851 1023 852
f 1024 960 852
f 1023 1024 852
f 834 1025 835
f 1026 979 835
f 1025 1026 835
f 870 533 863
f 930 1027 929
f 955 1028 930
f 1028 1027 930
f 935 934 1029
f 997 935 1030
f 1030 935 1029
f 878 1023 851
f 842 1025 834
f 841 1031 842
f 1032 1025 842
f 1031 1032 842
f 644 1006 750
f 1002 942 999
f 952 1033 951
f 1004 1034 952
f 1034 1033 952
f 276 463 871
f 462 1035 463
f 1035 1036 463
f 463 1036 871
f 396 504 1009
f 961 1018 923
f 954 1031 841
f 908 1021 956
f 934 1005 1029
f 877 1037 878
f 1038 1023 878
f 1037 1038 878
f 804 703 1011
f 1018 1039 1015
f 1040 976 1015
f 1039 1040 1015
f 629 962 672
f 742 899 982
f 960 1041 961
f 1042 1018 961
f 1041 1042 961
f 1001 1002 1043
f 1044 1002 999
f 1043 1002 1044
f 951 1033 985
f 823 1045 747
f 1046 1019 747
f 1045 1046 747
f 1005 1001 1043
f 1029 1005 1047
f 1047 1005 1043
f 672 1035 462
f 962 1048 672
f 1048 1035 672
f 929 1027 1000
f 1024 1041 960
f 537 511 1049
f 511 448 1049
f 998 1037 877
f 953 1050 954
f 1051 1031 954
f 1050 1051 954
f 985 1052 984
f 1033 1053 985
f 1053 1052 985
f 699 966 355
f 898 1054 899
f 899 1055 982
f 899 1054 1055
f 750 1056 749
f 1006 1057 750
f 1057 1056 750
f 249 1058 389
f 1059 249 779
f 1059 1058 249
f 977 1050 953
f 536 537 1060
f 1060 537 1061
f 1061 537 1049
f 751 489 267
f 956 1062 955
f 1021 1063 956
f 1063 1062 956
f 1023 1064 1024
f 1065 1041 1024
f 1064 1065 1024
f 854 1045 823
f 448 449 1066
f 1049 448 1067
f 1067 448 1066
f 406 351 1068
f 1069 351 1008
f 1068 351 1069
f 1038 1064 1023
f 803 804 1070
f 1071 804 1011
f 1070 804 1071
f 890 1072 891
f 891 1073 889
f 1074 1073 891
f 1072 1074 891
f 905 1072 890
f 1042 1039 1018
f 514 1075 513
f 1075 700 513
f 888 1076 901
f 900 1076 888
f 889 1073 900
f 904 1077 905
f 1078 1072 905
f 1077 1078 905
f 984 1052 1003
f 847 1079 848
f 848 1080 927
f 848 1079 1080
f 898 901 1054
f 901 1076 1081
f 901 1081 1054
f 1073 1082 900
f 1082 1076 900
f 997 1083 998
f 1084 1037 998
f 1083 1084 998
f 853 1085 854
f 1085 1045 854
f 564 536 1060
f 563 564 1086
f 1086 564 1087
f 1087 564 1060
f 1000 1088 999
f 1027 1089 1000
f 1089 1088 1000
f 1037 1090 1038
f 1091 1064 1038
f 1090 1091 1038
f 976 1092 977
f 1093 1050 977
f 1092 1093 977
f 418 406 1068
f 939 1077 904
f 656 1094 504
f 504 1095 1009
f 504 1094 1095
f 449 447 1096
f 1066 449 1096
f 955 1062 1028
f 607 563 1086
f 938 1097 939
f 1098 1077 939
f 1097 1098 939
f 1003 1099 992
f 1052 1100 1003
f 1100 1099 1003
f 1030 1083 997
f 1041 1101 1042
f 1102 1039 1042
f 1101 1102 1042
f 874 1103 882
f 907 1103 874
f 749 1056 800
f 971 1097 938
f 970 1104 971
f 1105 1097 971
f 1104 1105 971
f 925 1106 853
f 1107 1085 853
f 1106 1107 853
f 882 1108 881
f 1103 1109 882
f 1109 1108 882
f 993 1104 970
f 606 607 1110
f 1110 607 1111
f 1111 607 1086
f 1112 903 902
f 903 1112 895
f 1029 1113 1030
f 1114 1083 1030
f 1113 1114 1030
f 665 606 1110
f 447 417 1096
f 417 418 1115
f 1115 418 1068
f 992 1099 993
f 881 1108 921
f 1096 417 1116
f 1116 417 1115
f 1099 1117 993
f 1117 1104 993
f 999 1088 1044
f 827 803 1070
f 906 1118 907
f 1118 1103 907
f 1047 1113 1029
f 1084 1090 1037
f 1119 869 870
f 870 863 1120
f 1119 870 1120
f 664 665 1121
f 1122 665 1110
f 1121 665 1122
f 864 539 1016
f 980 1106 925
f 1123 902 926
f 1123 1124 902
f 1124 1112 902
f 1043 1125 1047
f 1126 1113 1047
f 1125 1126 1047
f 921 1127 920
f 1108 1128 921
f 1128 1127 921
f 1028 1129 1027
f 1062 1130 1028
f 1130 1129 1028
f 1040 1092 976
f 815 791 1131
f 814 815 1132
f 1132 815 1133
f 1133 815 1131
f 791 793 1131
f 793 792 1134
f 1131 793 1135
f 1135 793 1134
f 1136 897 895
f 1137 896 897
f 1136 1137 897
f 1112 1138 895
f 1138 1136 895
f 1044 1125 1043
f 1088 1139 1044
f 1139 1125 1044
f 792 808 1134
f 808 807 1140
f 1141 808 1140
f 1134 808 1141
f 1137 1020 896
f 1065 1101 1041
f 807 809 1140
f 800 1142 799
f 1056 1143 800
f 1143 1142 800
f 928 1123 926
f 844 814 1132
f 809 794 1144
f 1140 809 1145
f 1145 809 1144
f 761 664 1121
f 920 1127 948
f 826 827 1146
f 1147 827 1070
f 1146 827 1147
f 1019 1148 906
f 1149 1118 906
f 1148 1149 906
f 843 844 1150
f 1151 844 1132
f 1150 844 1151
f 760 761 1152
f 1152 761 1153
f 1153 761 1121
f 979 1154 980
f 1155 1106 980
f 1154 1155 980
f 1156 986 788
f 1157 788 1020
f 1157 1158 788
f 1158 1156 788
f 927 1159 928
f 928 1160 1123
f 1159 1160 928
f 991 968 1161
f 1161 968 969
f 948 1162 947
f 1127 1163 948
f 1163 1162 948
f 389 1164 512
f 1058 1164 389
f 1156 988 986
f 1165 990 991
f 1166 991 1161
f 1165 991 1166
f 862 826 1146
f 880 843 1150
f 1167 845 987
f 988 1167 987
f 847 983 1079
f 969 967 1168
f 1161 969 1169
f 1169 969 1168
f 776 760 1152
f 1083 1170 1084
f 1171 1090 1084
f 1170 1171 1084
f 1064 1172 1065
f 1173 1101 1065
f 1172 1173 1065
f 1014 990 1165
f 1027 1129 1089
f 932 862 1174
f 1175 862 1146
f 1174 862 1175
f 879 880 1176
f 1177 880 1150
f 1176 880 1177
f 947 1162 1007
f 1014 1178 1013
f 1179 1014 1165
f 1178 1014 1179
f 1168 967 989
f 1091 1172 1064
f 1114 1170 1083
f 1039 1180 1040
f 1181 1092 1040
f 1180 1181 1040
f 1026 1154 979
f 846 1094 656
f 982 1182 983
f 983 1183 1079
f 983 1182 1183
f 1013 1178 1022
f 919 879 1176
f 1022 1184 1021
f 1178 1185 1022
f 1185 1184 1022
f 1186 1157 1020
f 1186 1020 1137
f 1113 1187 1114
f 1188 1170 1114
f 1187 1188 1114
f 931 932 1189
f 1189 932 1174
f 1046 1148 1019
f 989 869 1119
f 1090 1190 1091
f 1191 1172 1091
f 1190 1191 1091
f 1025 1192 1026
f 1193 1154 1026
f 1192 1193 1026
f 775 776 1194
f 1194 776 1195
f 1195 776 1152
f 1007 1196 1006
f 1162 1197 1007
f 1197 1196 1007
f 1089 1198 1088
f 1129 1199 1089
f 1199 1198 1089
f 918 919 1200
f 1201 919 1176
f 1200 919 1201
f 794 795 1144
f 1202 989 1119
f 1168 989 1202
f 1126 1187 1113
f 1032 1192 1025
f 1125 1203 1126
f 1204 1187 1126
f 1203 1204 1126
f 1031 1205 1032
f 1206 1192 1032
f 1205 1206 1032
f 799 1142 963
f 863 864 1207
f 864 1016 1208
f 1207 864 1208
f 1021 1184 1063
f 946 918 1200
f 1088 1198 1139
f 1139 1203 1125
f 1004 931 1189
f 1209 1203 1139
f 1198 1209 1139
f 1051 1205 1031
f 1034 1004 1210
f 1211 1004 1189
f 1210 1004 1211
f 1102 1180 1039
f 945 946 1212
f 1213 946 1200
f 1212 946 1213
f 1080 1159 927
f 1171 1190 1090
f 489 1214 514
f 751 1214 489
f 1033 1034 1215
f 1215 1034 1210
f 1045 1216 1046
f 1216 1148 1046
f 1050 1217 1051
f 1218 1205 1051
f 1217 1218 1051
f 1063 1219 1062
f 1184 1220 1063
f 1220 1219 1063
f 795 775 1194
f 1006 1196 1057
f 700 1221 699
f 699 1222 966
f 1221 1222 699
f 1012 945 1212
f 1093 1217 1050
f 1053 1033 1215
f 845 1223 846
f 1223 1094 846
f 1101 1224 1102
f 1225 1180 1102
f 1224 1225 1102
f 1085 1226 1045
f 1227 1216 1045
f 1226 1227 1045
f 512 1164 752
f 1073 1074 1228
f 1082 1073 1228
f 1074 1072 1229
f 1228 1074 1230
f 1230 1074 1229
f 1062 1219 1130
f 1076 1082 1231
f 1232 1082 1228
f 1231 1082 1232
f 1072 1078 1229
f 1052 1053 1233
f 1234 1053 1215
f 1233 1053 1234
f 1170 1235 1171
f 1236 1190 1171
f 1235 1236 1171
f 1092 1237 1093
f 1238 1217 1093
f 1237 1238 1093
f 1107 1226 1085
f 1078 1077 1239
f 1229 1078 1240
f 1240 1078 1239
f 1173 1224 1101
f 1011 1012 1241
f 1242 1012 1212
f 1241 1012 1242
f 982 1055 1182
f 1081 1076 1231
f 963 1243 962
f 1142 1244 963
f 1244 1243 963
f 1188 1235 1170
f 1120 863 1207
f 1130 1245 1129
f 1219 1246 1130
f 1246 1245 1130
f 1100 1052 1233
f 1054 1081 1247
f 1248 1081 1231
f 1081 1248 1247
f 1077 1098 1239
f 1106 1249 1107
f 1250 1226 1107
f 1249 1250 1107
f 1054 1247 1055
f 1055 1251 1182
f 1055 1247 1251
f 1187 1252 1188
f 1253 1235 1188
f 1252 1253 1188
f 1172 1254 1173
f 1255 1224 1173
f 1254 1255 1173
f 1144 795 1256
f 1256 795 1194
f 1057 1257 1056
f 1196 1258 1057
f 1258 1257 1057
f 1099 1100 1259
f 1260 1100 1233
f 1259 1100 1260
f 1098 1097 1261
f 1239 1098 1262
f 1262 1098 1261
f 1204 1252 1187
f 1117 1099 1259
f 1167 1263 845
f 1264 1223 845
f 1263 1264 845
f 1203 1265 1204
f 1266 1252 1204
f 1265 1266 1204
f 1181 1237 1092
f 1129 1245 1199
f 1104 1117 1267
f 1267 1117 1268
f 1268 1117 1259
f 1097 1105 1261
f 1105 1104 1267
f 1261 1105 1269
f 1269 1105 1267
f 1209 1265 1203
f 1191 1254 1172
f 1199 1270 1198
f 1271 1270 1199
f 1245 1271 1199
f 1198 1270 1209
f 1272 1265 1209
f 1270 1272 1209
f 1071 1011 1241
f 1155 1249 1106
f 1109 1103 1273
f 1103 1118 1274
f 1273 1103 1275
f 1275 1103 1274
f 1108 1109 1276
f 1276 1109 1273
f 1277 675 631
f 770 675 1277
f 1278 1158 1157
f 1279 1157 1186
f 1279 1278 1157
f 1280 988 1156
f 1158 1281 1156
f 1281 1280 1156
f 1079 1282 1080
f 1080 1283 1159
f 1282 1283 1080
f 1190 1284 1191
f 1285 1254 1191
f 1284 1285 1191
f 1128 1108 1276
f 1286 1167 988
f 1280 1287 988
f 1287 1286 988
f 962 1243 1048
f 1118 1149 1274
f 1288 631 630
f 1288 1277 631
f 1180 1289 1181
f 1290 1237 1181
f 1289 1290 1181
f 1154 1291 1155
f 1292 1249 1155
f 1291 1292 1155
f 1056 1257 1143
f 1293 630 634
f 1293 1288 630
f 1127 1128 1294
f 1295 1128 1276
f 1294 1128 1295
f 1236 1284 1190
f 1214 1075 514
f 1296 1119 1120
f 1120 1207 1297
f 1296 1120 1297
f 1070 1071 1298
f 1299 1071 1241
f 1298 1071 1299
f 1193 1291 1154
f 752 1300 751
f 1164 1301 752
f 1301 1300 752
f 1163 1127 1294
f 1079 1183 1282
f 1149 1148 1302
f 1274 1149 1302
f 1225 1289 1180
f 1235 1303 1236
f 1304 1284 1236
f 1303 1304 1236
f 769 770 1305
f 1305 770 1277
f 829 1306 1017
f 1016 1017 1307
f 1017 1308 1307
f 1017 1306 1308
f 1192 1309 1193
f 1310 1291 1193
f 1309 1310 1193
f 1162 1163 1311
f 1312 1163 1294
f 1311 1163 1312
f 1206 1309 1192
f 634 698 1313
f 1313 1293 634
f 1253 1303 1235
f 1205 1314 1206
f 1315 1309 1206
f 1314 1315 1206
f 1286 1263 1167
f 1147 1070 1298
f 1224 1316 1225
f 1317 1289 1225
f 1316 1317 1225
f 829 831 1306
f 1252 1318 1253
f 1319 1303 1253
f 1318 1319 1253
f 1218 1314 1205
f 1143 1320 1142
f 1257 1321 1143
f 1321 1320 1143
f 1166 1161 1322
f 1322 1161 1169
f 1323 1165 1166
f 1324 1166 1322
f 1323 1166 1324
f 1197 1162 1311
f 1179 1165 1323
f 1266 1318 1252
f 1048 1325 1035
f 1243 1326 1048
f 1326 1325 1048
f 1169 1168 1327
f 1322 1169 1328
f 1328 1169 1327
f 1182 1329 1183
f 1183 1330 1282
f 1183 1329 1330
f 1331 1178 1179
f 1332 1179 1323
f 1332 1331 1179
f 1255 1316 1224
f 1265 1333 1266
f 1334 1318 1266
f 1333 1334 1266
f 1217 1335 1218
f 1336 1314 1218
f 1335 1336 1218
f 1148 1216 1337
f 1302 1148 1338
f 1338 1148 1337
f 1331 1185 1178
f 1272 1333 1265
f 1202 1119 1296
f 1146 1147 1339
f 1340 1147 1298
f 1339 1147 1340
f 1185 1341 1184
f 1342 1185 1331
f 1342 1341 1185
f 1343 1124 1123
f 1160 1343 1123
f 1327 1168 1202
f 1270 1344 1272
f 1345 1333 1272
f 1344 1345 1272
f 1254 1346 1255
f 1347 1316 1255
f 1346 1347 1255
f 1238 1335 1217
f 1196 1197 1348
f 1349 1197 1311
f 1348 1197 1349
f 1124 1350 1112
f 1351 1138 1112
f 1350 1352 1112
f 1352 1351 1112
f 1232 1228 1353
f 1231 1232 1354
f 1355 1232 1353
f 1354 1232 1355
f 1228 1230 1353
f 1184 1341 1220
f 1175 1146 1339
f 1343 1350 1124
f 1248 1231 1354
f 1230 1229 1356
f 1353 1230 1357
f 1357 1230 1356
f 1159 1358 1160
f 1160 1359 1343
f 1358 1359 1160
f 1138 1351 1136
f 1360 1202 1296
f 1327 1202 1360
f 1122 1110 1361
f 1110 1111 1361
f 1008 769 1362
f 1363 769 1305
f 1362 769 1363
f 698 856 1364
f 698 1364 1313
f 1216 1227 1337
f 1086 1087 1365
f 1087 1060 1366
f 1365 1087 1367
f 1367 1087 1366
f 1182 1251 1329
f 1220 1368 1219
f 1341 1369 1220
f 1369 1368 1220
f 1285 1346 1254
f 1174 1175 1370
f 1371 1175 1339
f 1370 1175 1371
f 1111 1086 1365
f 1237 1372 1238
f 1373 1335 1238
f 1372 1373 1238
f 1121 1122 1374
f 1375 1122 1361
f 1374 1122 1375
f 1361 1111 1376
f 1376 1111 1365
f 1247 1248 1377
f 1378 1248 1354
f 1377 1248 1378
f 1229 1240 1356
f 1271 1344 1270
f 1140 1145 1379
f 1141 1140 1379
f 1145 1144 1380
f 1379 1145 1381
f 1381 1145 1380
f 1132 1133 1382
f 1151 1132 1382
f 1133 1131 1383
f 1382 1133 1384
f 1384 1133 1383
f 1035 1325 1036
f 1219 1368 1246
f 1134 1141 1385
f 1386 1141 1379
f 1385 1141 1386
f 1144 1256 1380
f 1208 1016 1307
f 1245 1387 1271
f 1246 1387 1245
f 1388 1344 1271
f 1387 1388 1271
f 1189 1174 1370
f 1150 1151 1389
f 1390 1151 1382
f 1389 1151 1390
f 1131 1135 1383
f 1227 1226 1391
f 1337 1227 1392
f 1392 1227 1391
f 1194 1195 1393
f 1195 1152 1394
f 1393 1195 1395
f 1395 1195 1394
f 1396 1387 1246
f 1368 1396 1246
f 1256 1194 1393
f 1397 1256 1393
f 1380 1256 1397
f 1075 1221 700
f 1398 1137 1136
f 1351 1399 1136
f 1399 1398 1136
f 1177 1150 1389
f 1247 1377 1251
f 1251 1400 1329
f 1251 1377 1400
f 1211 1189 1401
f 1401 1189 1402
f 1402 1189 1370
f 1284 1403 1285
f 1404 1346 1285
f 1403 1404 1285
f 1135 1134 1385
f 1405 1135 1385
f 1383 1135 1405
f 1152 1153 1394
f 1060 1061 1366
f 830 1406 831
f 831 1407 1306
f 831 1406 1407
f 1240 1239 1408
f 1356 1240 1409
f 1409 1240 1408
f 1153 1121 1374
f 1210 1211 1410
f 1410 1211 1401
f 1176 1177 1411
f 1412 1177 1389
f 1411 1177 1412
f 1226 1250 1391
f 1142 1320 1244
f 1413 1214 751
f 1300 1413 751
f 1215 1210 1410
f 1061 1049 1414
f 1366 1061 1415
f 1415 1061 1414
f 1290 1372 1237
f 1394 1153 1416
f 1416 1153 1374
f 966 1417 949
f 949 1418 950
f 1417 1418 949
f 1201 1176 1411
f 1258 1196 1348
f 1234 1215 1419
f 1420 1215 1410
f 1419 1215 1420
f 1283 1358 1159
f 1421 1281 1158
f 1278 1421 1158
f 1239 1262 1408
f 1200 1201 1422
f 1423 1201 1411
f 1422 1201 1423
f 1304 1403 1284
f 1250 1249 1424
f 1391 1250 1425
f 1425 1250 1424
f 1281 1287 1280
f 1049 1067 1414
f 1213 1200 1422
f 1262 1261 1426
f 1408 1262 1427
f 1427 1262 1426
f 1233 1234 1428
f 1428 1234 1419
f 856 855 1429
f 856 1429 1364
f 1069 1008 1362
f 1214 1413 1075
f 1261 1269 1426
f 1222 1430 966
f 966 1430 1417
f 1289 1431 1290
f 1432 1372 1290
f 1431 1432 1290
f 1212 1213 1433
f 1434 1213 1422
f 1433 1213 1434
f 1249 1292 1424
f 1303 1435 1304
f 1436 1403 1304
f 1435 1436 1304
f 871 1036 1437
f 1036 1325 1438
f 1036 1438 1437
f 950 1418 964
f 1269 1267 1439
f 1426 1269 1440
f 1440 1269 1439
f 1441 830 981
f 1406 830 1441
f 1267 1268 1439
f 1260 1233 1428
f 1268 1259 1442
f 1439 1268 1443
f 1443 1268 1442
f 1287 1444 1286
f 1444 1263 1286
f 1259 1260 1442
f 1067 1066 1445
f 1414 1067 1446
f 1446 1067 1445
f 1207 1208 1447
f 1208 1307 1448
f 1447 1208 1448
f 1442 1260 1449
f 1449 1260 1428
f 1319 1435 1303
f 1242 1212 1433
f 1292 1291 1450
f 1424 1292 1451
f 1451 1292 1450
f 1257 1258 1452
f 1453 1258 1348
f 1452 1258 1453
f 1282 1454 1283
f 1283 1455 1358
f 1454 1455 1283
f 1317 1431 1289
f 1318 1456 1319
f 1457 1435 1319
f 1456 1457 1319
f 981 1010 1441
f 679 1458 680
f 680 1459 653
f 680 1458 1459
f 1291 1310 1450
f 1066 1096 1445
f 1068 1069 1460
f 1460 1069 1362
f 1010 1009 1461
f 1095 1462 1009
f 1009 1462 1463
f 1009 1463 1461
f 679 871 1458
f 871 1437 1458
f 1244 1464 1243
f 1320 1465 1244
f 1465 1464 1244
f 1010 1461 1441
f 1334 1456 1318
f 1241 1242 1466
f 1467 1242 1433
f 1466 1242 1467
f 1095 1094 1462
f 1316 1468 1317
f 1469 1431 1317
f 1468 1469 1317
f 922 1470 855
f 855 1470 1429
f 964 1471 965
f 1418 1471 964
f 1310 1309 1472
f 1450 1310 1473
f 1473 1310 1472
f 1273 1275 1474
f 1275 1274 1475
f 1474 1275 1475
f 1276 1273 1474
f 1096 1116 1476
f 1445 1096 1477
f 1477 1096 1476
f 1398 1186 1137
f 1297 1207 1447
f 1309 1315 1472
f 1315 1314 1478
f 1472 1315 1479
f 1479 1315 1478
f 1333 1480 1334
f 1481 1456 1334
f 1480 1481 1334
f 1314 1336 1478
f 1482 654 653
f 653 1459 1482
f 1347 1468 1316
f 1295 1276 1483
f 1484 1276 1474
f 1483 1276 1484
f 1274 1302 1485
f 1475 1274 1486
f 1486 1274 1485
f 1223 1487 1094
f 1094 1487 1488
f 1094 1488 1462
f 1345 1480 1333
f 965 1489 922
f 1490 1470 922
f 1489 1490 922
f 1116 1115 1491
f 1476 1116 1491
f 1115 1068 1491
f 1492 1068 1460
f 1491 1068 1492
f 1336 1335 1493
f 1478 1336 1494
f 1494 1336 1493
f 1299 1241 1466
f 1346 1495 1347
f 1496 1468 1347
f 1495 1496 1347
f 1321 1257 1452
f 1330 1454 1282
f 1344 1497 1345
f 1498 1480 1345
f 1497 1498 1345
f 1294 1295 1499
f 1499 1295 1483
f 1335 1373 1493
f 1471 1489 965
f 1404 1495 1346
f 1221 1500 1222
f 1222 1500 1430
f 1501 1279 1186
f 1501 1186 1398
f 1302 1338 1485
f 1502 779 654
f 1502 654 1482
f 1503 1296 1297
f 1297 1447 1504
f 1503 1297 1504
f 1264 1487 1223
f 1388 1497 1344
f 1373 1372 1505
f 1493 1373 1506
f 1506 1373 1505
f 1312 1294 1499
f 1243 1464 1326
f 1298 1299 1507
f 1508 1299 1466
f 1507 1299 1508
f 1403 1509 1404
f 1510 1495 1404
f 1509 1510 1404
f 1511 1287 1281
f 1421 1511 1281
f 1311 1312 1512
f 1513 1312 1499
f 1512 1312 1513
f 1324 1322 1514
f 1515 1323 1324
f 1516 1515 1324
f 1516 1324 1514
f 1514 1322 1328
f 1387 1517 1388
f 1518 1497 1388
f 1517 1518 1388
f 1515 1332 1323
f 1519 1331 1332
f 1520 1519 1332
f 1520 1332 1515
f 1396 1517 1387
f 1372 1432 1505
f 1328 1327 1521
f 1514 1328 1522
f 1522 1328 1521
f 1519 1342 1331
f 1338 1337 1523
f 1485 1338 1524
f 1524 1338 1523
f 1349 1311 1512
f 1525 1059 779
f 1525 779 1502
f 1526 1341 1342
f 1527 1526 1342
f 1527 1342 1519
f 1368 1528 1396
f 1529 1517 1396
f 1528 1529 1396
f 1360 1296 1503
f 1341 1526 1369
f 1369 1528 1368
f 1530 1528 1369
f 1526 1530 1369
f 1320 1321 1531
f 1532 1321 1452
f 1531 1321 1532
f 1263 1533 1264
f 1533 1487 1264
f 1436 1509 1403
f 1329 1534 1330
f 1330 1535 1454
f 1534 1535 1330
f 1536 1278 1279
f 1537 1279 1501
f 1537 1536 1279
f 1521 1327 1360
f 1340 1298 1507
f 1413 1538 1075
f 1539 1221 1075
f 1538 1539 1075
f 1540 1444 1287
f 1511 1541 1287
f 1541 1540 1287
f 1542 1360 1503
f 1521 1360 1542
f 1432 1431 1543
f 1505 1432 1544
f 1544 1432 1543
f 1337 1392 1523
f 1435 1545 1436
f 1546 1509 1436
f 1545 1546 1436
f 1392 1391 1547
f 1523 1392 1548
f 1548 1392 1547
f 1348 1349 1549
f 1550 1349 1512
f 1549 1349 1550
f 1329 1400 1534
f 1391 1425 1547
f 1551 1058 1059
f 1552 1551 1059
f 1552 1059 1525
f 1355 1353 1553
f 1354 1355 1554
f 1554 1355 1555
f 1555 1355 1553
f 1353 1357 1553
f 1425 1424 1556
f 1547 1425 1557
f 1557 1425 1556
f 1325 1326 1558
f 1464 1559 1326
f 1326 1559 1558
f 1378 1354 1554
f 1444 1560 1263
f 1561 1533 1263
f 1560 1561 1263
f 1357 1356 1562
f 1553 1357 1563
f 1563 1357 1562
f 1339 1340 1564
f 1565 1340 1507
f 1564 1340 1565
f 1457 1545 1435
f 1377 1378 1566
f 1566 1378 1567
f 1567 1378 1554
f 1431 1469 1543
f 1424 1451 1556
f 1400 1377 1566
f 1400 1568 1534
f 1568 1400 1566
f 1536 1421 1278
f 1569 1288 1293
f 1570 1293 1313
f 1569 1293 1570
f 1356 1409 1562
f 1375 1361 1571
f 1361 1376 1571
f 1456 1572 1457
f 1573 1545 1457
f 1572 1573 1457
f 1451 1450 1574
f 1556 1451 1575
f 1575 1451 1574
f 1420 1410 1576
f 1419 1420 1577
f 1577 1420 1576
f 1410 1401 1578
f 1576 1410 1579
f 1579 1410 1578
f 1371 1339 1564
f 1379 1381 1580
f 1381 1380 1581
f 1582 1381 1581
f 1580 1381 1582
f 1393 1395 1583
f 1395 1394 1584
f 1585 1395 1584
f 1583 1395 1585
f 1409 1408 1586
f 1562 1409 1587
f 1587 1409 1586
f 1397 1393 1583
f 1394 1416 1584
f 1374 1375 1588
f 1588 1375 1589
f 1589 1375 1571
f 1359 1590 1343
f 1358 1591 1359
f 1359 1592 1590
f 1591 1592 1359
f 1401 1402 1578
f 1386 1379 1580
f 1380 1397 1581
f 1277 1288 1593
f 1593 1288 1569
f 1590 1350 1343
f 1469 1468 1594
f 1543 1469 1595
f 1595 1469 1594
f 1058 1551 1164
f 1481 1572 1456
f 1370 1371 1596
f 1597 1371 1564
f 1596 1371 1597
f 1450 1473 1574
f 1598 1397 1583
f 1581 1397 1598
f 1428 1419 1577
f 1453 1348 1549
f 1408 1427 1586
f 1402 1370 1596
f 1578 1402 1599
f 1599 1402 1596
f 1465 1320 1531
f 1416 1374 1588
f 1584 1416 1600
f 1600 1416 1588
f 1427 1426 1601
f 1586 1427 1602
f 1602 1427 1601
f 1426 1440 1601
f 1440 1439 1603
f 1604 1440 1603
f 1601 1440 1604
f 1439 1443 1603
f 1473 1472 1605
f 1606 1473 1605
f 1574 1473 1606
f 1443 1442 1607
f 1608 1443 1607
f 1603 1443 1608
f 1385 1386 1609
f 1610 1386 1580
f 1609 1386 1610
f 1350 1611 1352
f 1590 1612 1350
f 1612 1611 1350
f 1480 1613 1481
f 1614 1572 1481
f 1613 1614 1481
f 1472 1479 1605
f 1376 1365 1615
f 1571 1376 1616
f 1616 1376 1615
f 1479 1478 1617
f 1618 1479 1617
f 1605 1479 1618
f 1468 1496 1594
f 1442 1449 1607
f 1449 1428 1619
f 1620 1428 1577
f 1619 1428 1620
f 1478 1494 1617
f 1455 1591 1358
f 1607 1449 1619
f 1405 1385 1609
f 1390 1382 1621
f 1389 1390 1622
f 1623 1390 1621
f 1622 1390 1623
f 1382 1384 1621
f 1624 1511 1421
f 1624 1421 1536
f 1498 1613 1480
f 1494 1493 1625
f 1617 1494 1626
f 1626 1494 1625
f 1384 1383 1627
f 1621 1384 1628
f 1628 1384 1627
f 1365 1367 1615
f 1496 1495 1629
f 1594 1496 1630
f 1630 1496 1629
f 1412 1389 1622
f 1383 1405 1627
f 1631 1405 1609
f 1627 1405 1631
f 1164 1632 1301
f 1633 1632 1164
f 1551 1633 1164
f 1411 1412 1634
f 1423 1411 1634
f 1634 1412 1635
f 1635 1412 1622
f 1305 1277 1636
f 1637 1277 1593
f 1636 1277 1637
f 1540 1560 1444
f 1422 1423 1638
f 1639 1423 1634
f 1638 1423 1639
f 1325 1558 1438
f 1352 1611 1351
f 1495 1510 1629
f 1493 1506 1625
f 1364 1640 1313
f 1313 1640 1570
f 1497 1641 1498
f 1642 1613 1498
f 1641 1642 1498
f 1434 1422 1638
f 1367 1366 1643
f 1615 1367 1644
f 1644 1367 1643
f 1433 1434 1645
f 1646 1434 1638
f 1645 1434 1646
f 1300 1647 1413
f 1647 1538 1413
f 1518 1641 1497
f 1506 1505 1648
f 1625 1506 1649
f 1649 1506 1648
f 1539 1650 1221
f 1651 1500 1221
f 1650 1651 1221
f 1454 1652 1455
f 1455 1653 1591
f 1652 1653 1455
f 1510 1509 1654
f 1629 1510 1655
f 1655 1510 1654
f 1307 1308 1656
f 1306 1657 1308
f 1308 1658 1656
f 1308 1657 1658
f 1307 1656 1448
f 1505 1544 1648
f 1452 1453 1659
f 1660 1453 1549
f 1659 1453 1660
f 1301 1647 1300
f 1632 1647 1301
f 1467 1433 1645
f 1517 1661 1518
f 1662 1641 1518
f 1661 1662 1518
f 1366 1415 1643
f 1474 1475 1663
f 1475 1486 1663
f 1484 1474 1664
f 1665 1474 1663
f 1664 1474 1665
f 1666 1511 1624
f 1541 1511 1666
f 1544 1543 1667
f 1648 1544 1668
f 1668 1544 1667
f 1363 1305 1636
f 1509 1546 1654
f 1529 1661 1517
f 1486 1485 1669
f 1663 1486 1670
f 1670 1486 1669
f 1466 1467 1671
f 1672 1467 1645
f 1671 1467 1672
f 1483 1484 1673
f 1673 1484 1664
f 1543 1595 1667
f 1464 1465 1674
f 1675 1465 1531
f 1674 1465 1675
f 1676 1399 1351
f 1611 1677 1351
f 1677 1676 1351
f 1447 1448 1678
f 1448 1679 1678
f 1448 1656 1679
f 1528 1680 1529
f 1681 1661 1529
f 1680 1681 1529
f 1415 1414 1682
f 1643 1415 1683
f 1683 1415 1682
f 1535 1652 1454
f 1595 1594 1684
f 1667 1595 1685
f 1685 1595 1684
f 1306 1407 1657
f 1546 1545 1686
f 1654 1546 1687
f 1687 1546 1686
f 1364 1429 1640
f 1485 1524 1669
f 1530 1680 1528
f 1499 1483 1673
f 1508 1466 1671
f 1504 1447 1678
f 1594 1630 1684
f 1688 1530 1526
f 1689 1680 1530
f 1689 1530 1688
f 1545 1573 1686
f 1524 1523 1690
f 1669 1524 1691
f 1691 1524 1690
f 1414 1446 1682
f 1688 1526 1527
f 1513 1499 1692
f 1693 1499 1673
f 1692 1499 1693
f 1532 1452 1659
f 1399 1694 1398
f 1676 1694 1399
f 1695 1527 1519
f 1696 1688 1527
f 1696 1527 1695
f 1630 1629 1697
f 1684 1630 1698
f 1698 1630 1697
f 1523 1548 1690
f 1362 1363 1699
f 1699 1363 1636
f 1695 1519 1520
f 1573 1572 1700
f 1686 1573 1701
f 1701 1573 1700
f 1547 1557 1702
f 1557 1556 1703
f 1704 1557 1703
f 1702 1557 1704
f 1548 1547 1702
f 1535 1534 1705
f 1652 1535 1706
f 1706 1535 1705
f 1707 1548 1702
f 1690 1548 1707
f 1708 1540 1541
f 1708 1560 1540
f 1709 1503 1504
f 1504 1678 1710
f 1709 1504 1710
f 1556 1575 1703
f 1512 1513 1711
f 1711 1513 1692
f 1507 1508 1712
f 1713 1508 1671
f 1712 1508 1713
f 1714 1520 1515
f 1715 1695 1520
f 1715 1520 1714
f 1714 1515 1516
f 1716 1516 1514
f 1717 1714 1516
f 1717 1516 1716
f 1575 1574 1718
f 1719 1575 1718
f 1703 1575 1719
f 1618 1617 1720
f 1605 1618 1721
f 1721 1618 1722
f 1722 1618 1720
f 1617 1626 1720
f 1606 1605 1721
f 1446 1445 1723
f 1682 1446 1724
f 1724 1446 1723
f 1716 1514 1522
f 1574 1606 1718
f 1429 1470 1725
f 1429 1725 1640
f 1572 1614 1700
f 1629 1655 1697
f 1726 1606 1721
f 1718 1606 1726
f 1437 1438 1727
f 1438 1558 1728
f 1438 1728 1727
f 1559 1464 1674
f 1626 1625 1729
f 1720 1626 1730
f 1730 1626 1729
f 1550 1512 1711
f 1694 1501 1398
f 1522 1521 1731
f 1732 1716 1522
f 1732 1522 1731
f 1542 1503 1709
f 1534 1568 1705
f 1666 1624 1536
f 1407 1406 1733
f 1407 1733 1657
f 1430 1734 1417
f 1500 1735 1430
f 1430 1735 1734
f 1614 1613 1736
f 1700 1614 1737
f 1737 1614 1736
f 1625 1649 1729
f 1731 1521 1542
f 1417 1738 1418
f 1734 1738 1417
f 1655 1654 1739
f 1697 1655 1740
f 1740 1655 1739
f 1565 1507 1712
f 1731 1542 1741
f 1741 1542 1709
f 1445 1477 1723
f 1742 1537 1501
f 1501 1694 1742
f 1531 1532 1743
f 1744 1532 1659
f 1743 1532 1744
f 1649 1648 1745
f 1729 1649 1746
f 1746 1649 1745
f 1585 1584 1747
f 1584 1600 1747
f 1460 1362 1748
f 1749 1362 1699
f 1748 1362 1749
f 1583 1585 1750
f 1750 1585 1751
f 1751 1585 1747
f 1549 1550 1752
f 1753 1550 1711
f 1752 1550 1753
f 1648 1668 1745
f 1668 1667 1754
f 1755 1668 1754
f 1745 1668 1755
f 1600 1588 1756
f 1747 1600 1757
f 1757 1600 1756
f 1568 1566 1758
f 1705 1568 1759
f 1759 1568 1758
f 1667 1685 1754
f 1598 1583 1750
f 1613 1642 1736
f 1576 1579 1760
f 1577 1576 1760
f 1588 1589 1756
f 1761 1536 1537
f 1762 1761 1537
f 1762 1537 1742
f 1566 1567 1758
f 1579 1578 1763
f 1760 1579 1764
f 1764 1579 1763
f 1654 1687 1739
f 1477 1476 1765
f 1723 1477 1766
f 1766 1477 1765
f 1567 1554 1767
f 1758 1567 1768
f 1768 1567 1767
f 1581 1598 1769
f 1770 1598 1750
f 1769 1598 1770
f 1554 1555 1767
f 1564 1565 1771
f 1772 1565 1712
f 1771 1565 1772
f 1685 1684 1773
f 1754 1685 1774
f 1774 1685 1773
f 1490 1775 1470
f 1470 1776 1725
f 1470 1775 1776
f 1555 1553 1777
f 1767 1555 1778
f 1778 1555 1777
f 1620 1577 1779
f 1780 1577 1760
f 1779 1577 1780
f 1582 1581 1769
f 1558 1559 1781
f 1782 1559 1674
f 1559 1782 1781
f 1538 1650 1539
f 1553 1563 1777
f 1642 1641 1783
f 1736 1642 1784
f 1784 1642 1783
f 1418 1785 1471
f 1786 1785 1418
f 1738 1786 1418
f 1761 1666 1536
f 1563 1562 1787
f 1777 1563 1788
f 1788 1563 1787
f 1578 1599 1763
f 1580 1582 1789
f 1790 1582 1769
f 1789 1582 1790
f 1651 1791 1500
f 1500 1791 1735
f 1792 1406 1441
f 1406 1792 1733
f 1684 1698 1773
f 1619 1620 1793
f 1793 1620 1779
f 1476 1491 1765
f 1492 1460 1748
f 1562 1587 1787
f 1597 1564 1771
f 1488 1487 1794
f 1533 1795 1487
f 1487 1795 1796
f 1487 1796 1794
f 1610 1580 1789
f 1599 1596 1797
f 1763 1599 1798
f 1798 1599 1797
f 1641 1662 1783
f 1687 1686 1799
f 1739 1687 1800
f 1800 1687 1799
f 1589 1571 1801
f 1756 1589 1802
f 1802 1589 1801
f 1488 1794 1462
f 1561 1795 1533
f 1596 1597 1797
f 1803 1597 1771
f 1797 1597 1803
f 1607 1619 1793
f 1587 1586 1804
f 1787 1587 1805
f 1805 1587 1804
f 1660 1549 1752
f 1491 1492 1806
f 1765 1491 1807
f 1807 1491 1806
f 1806 1492 1748
f 1463 1462 1808
f 1462 1794 1809
f 1462 1809 1808
f 1461 1810 1441
f 1811 1792 1441
f 1441 1810 1811
f 1592 1812 1590
f 1592 1591 1813
f 1814 1592 1813
f 1812 1592 1814
f 1698 1697 1815
f 1773 1698 1816
f 1816 1698 1815
f 1571 1616 1801
f 1662 1661 1817
f 1783 1662 1818
f 1818 1662 1817
f 1608 1607 1819
f 1820 1607 1793
f 1819 1607 1820
f 1609 1610 1821
f 1822 1610 1789
f 1821 1610 1822
f 1586 1602 1804
f 1560 1823 1561
f 1823 1795 1561
f 1461 1463 1810
f 1603 1608 1824
f 1824 1608 1819
f 1463 1808 1810
f 1812 1612 1590
f 1591 1653 1813
f 1686 1701 1799
f 1437 1727 1458
f 1489 1775 1490
f 1471 1785 1489
f 1825 1541 1666
f 1825 1708 1541
f 1602 1601 1826
f 1804 1602 1827
f 1827 1602 1826
f 1661 1681 1817
f 1604 1603 1824
f 1631 1609 1821
f 1675 1531 1743
f 1601 1604 1826
f 1828 1604 1824
f 1826 1604 1828
f 1621 1628 1829
f 1623 1621 1829
f 1628 1627 1830
f 1831 1628 1830
f 1829 1628 1831
f 1627 1631 1830
f 1832 1631 1821
f 1830 1631 1832
f 1616 1615 1833
f 1801 1616 1834
f 1834 1616 1833
f 1835 1775 1489
f 1785 1835 1489
f 1697 1740 1815
f 1622 1623 1836
f 1837 1623 1829
f 1836 1623 1837
f 1639 1634 1838
f 1638 1639 1839
f 1839 1639 1840
f 1840 1639 1838
f 1681 1680 1841
f 1817 1681 1842
f 1842 1681 1841
f 1634 1635 1838
f 1635 1622 1836
f 1838 1635 1843
f 1843 1635 1836
f 1665 1663 1844
f 1663 1670 1844
f 1646 1638 1839
f 1664 1665 1845
f 1846 1665 1844
f 1845 1665 1846
f 1701 1700 1847
f 1799 1701 1848
f 1848 1701 1847
f 1670 1669 1849
f 1844 1670 1850
f 1850 1670 1849
f 1645 1646 1851
f 1852 1646 1839
f 1851 1646 1852
f 1612 1853 1611
f 1812 1853 1612
f 1653 1652 1854
f 1813 1653 1855
f 1855 1653 1854
f 1669 1691 1849
f 1721 1722 1856
f 1722 1720 1857
f 1856 1722 1858
f 1858 1722 1857
f 1726 1721 1856
f 1615 1644 1833
f 1841 1680 1689
f 1718 1726 1859
f 1859 1726 1860
f 1860 1726 1856
f 1673 1664 1845
f 1672 1645 1851
f 1719 1718 1859
f 1703 1719 1861
f 1862 1719 1859
f 1861 1719 1862
f 1863 1560 1708
f 1864 1823 1560
f 1864 1560 1863
f 1740 1739 1865
f 1815 1740 1866
f 1866 1740 1865
f 1704 1703 1861
f 1691 1690 1867
f 1849 1691 1868
f 1868 1691 1867
f 1593 1569 1869
f 1637 1593 1870
f 1870 1593 1869
f 1700 1737 1847
f 1720 1730 1857
f 1702 1704 1871
f 1872 1704 1861
f 1871 1704 1872
f 1707 1702 1871
f 1690 1707 1867
f 1873 1707 1871
f 1867 1707 1873
f 1558 1781 1728
f 1874 1689 1688
f 1875 1841 1689
f 1875 1689 1874
f 1671 1672 1876
f 1877 1672 1851
f 1876 1672 1877
f 1659 1660 1878
f 1879 1660 1752
f 1878 1660 1879
f 1730 1729 1880
f 1857 1730 1881
f 1881 1730 1880
f 1693 1673 1882
f 1883 1673 1845
f 1882 1673 1883
f 1644 1643 1884
f 1833 1644 1885
f 1885 1644 1884
f 1874 1688 1696
f 1739 1800 1865
f 1737 1736 1886
f 1847 1737 1887
f 1887 1737 1886
f 1755 1754 1888
f 1754 1774 1888
f 1745 1755 1889
f 1890 1755 1888
f 1889 1755 1890
f 1729 1746 1880
f 1647 1891 1538
f 1891 1650 1538
f 1611 1892 1677
f 1853 1893 1611
f 1893 1892 1611
f 1652 1706 1854
f 1746 1745 1889
f 1880 1746 1894
f 1894 1746 1889
f 1774 1773 1895
f 1888 1774 1896
f 1896 1774 1895
f 1713 1671 1876
f 1459 1458 1897
f 1458 1727 1898
f 1458 1898 1897
f 1674 1675 1899
f 1900 1675 1743
f 1899 1675 1900
f 1901 1696 1695
f 1902 1874 1696
f 1902 1696 1901
f 1692 1693 1903
f 1903 1693 1882
f 1869 1569 1570
f 1904 1666 1761
f 1905 1825 1666
f 1905 1666 1904
f 1736 1784 1886
f 1773 1816 1895
f 1901 1695 1715
f 1650 1791 1651
f 1800 1799 1906
f 1865 1800 1907
f 1907 1800 1906
f 1643 1683 1884
f 1744 1659 1878
f 1908 1715 1714
f 1909 1901 1715
f 1909 1715 1908
f 1712 1713 1910
f 1911 1713 1876
f 1910 1713 1911
f 1706 1705 1912
f 1854 1706 1913
f 1913 1706 1912
f 1784 1783 1914
f 1886 1784 1915
f 1915 1784 1914
f 1711 1692 1903
f 1908 1714 1717
f 1816 1815 1916
f 1895 1816 1917
f 1917 1816 1916
f 1570 1640 1918
f 1918 1869 1570
f 1482 1459 1919
f 1459 1897 1919
f 1920 1708 1825
f 1863 1708 1920
f 1921 1717 1716
f 1922 1908 1717
f 1922 1717 1921
f 1677 1892 1676
f 1799 1848 1906
f 1636 1637 1923
f 1923 1637 1870
f 1921 1716 1732
f 1751 1924 1750
f 1747 1925 1751
f 1925 1926 1751
f 1926 1924 1751
f 1750 1924 1770
f 1783 1818 1914
f 1683 1682 1927
f 1884 1683 1928
f 1928 1683 1927
f 1632 1929 1647
f 1930 1891 1647
f 1929 1930 1647
f 1931 1732 1731
f 1932 1921 1732
f 1932 1732 1931
f 1772 1712 1910
f 1678 1679 1933
f 1656 1934 1679
f 1679 1935 1933
f 1679 1934 1935
f 1678 1933 1710
f 1815 1866 1916
f 1770 1936 1769
f 1924 1937 1770
f 1937 1936 1770
f 1753 1711 1938
f 1939 1711 1903
f 1938 1711 1939
f 1782 1674 1899
f 1705 1759 1912
f 1940 1709 1710
f 1940 1710 1941
f 1933 1941 1710
f 1757 1925 1747
f 1656 1658 1934
f 1931 1731 1741
f 1725 1942 1640
f 1640 1943 1918
f 1640 1942 1943
f 1944 1694 1676
f 1892 1944 1676
f 1848 1847 1945
f 1906 1848 1946
f 1946 1848 1945
f 1904 1761 1762
f 1741 1709 1940
f 1818 1817 1947
f 1914 1818 1948
f 1948 1818 1947
f 1769 1936 1790
f 1949 1931 1741
f 1949 1741 1940
f 1743 1744 1950
f 1951 1744 1878
f 1950 1744 1951
f 1790 1952 1789
f 1936 1953 1790
f 1953 1952 1790
f 1759 1758 1954
f 1912 1759 1955
f 1955 1759 1954
f 1771 1772 1956
f 1957 1772 1910
f 1956 1772 1957
f 1756 1958 1757
f 1959 1925 1757
f 1958 1959 1757
f 1633 1929 1632
f 1866 1865 1960
f 1916 1866 1961
f 1961 1866 1960
f 1742 1694 1962
f 1962 1694 1963
f 1963 1694 1944
f 1780 1760 1964
f 1760 1764 1964
f 1779 1780 1965
f 1965 1780 1966
f 1966 1780 1964
f 1758 1768 1954
f 1817 1842 1947
f 1764 1763 1967
f 1964 1764 1968
f 1968 1764 1967
f 1802 1958 1756
f 1768 1767 1969
f 1970 1768 1969
f 1954 1768 1970
f 1767 1778 1969
f 1793 1779 1965
f 1789 1952 1822
f 1682 1724 1927
f 1971 1633 1551
f 1972 1929 1633
f 1972 1633 1971
f 1657 1973 1658
f 1658 1974 1934
f 1658 1973 1974
f 1778 1777 1975
f 1976 1778 1975
f 1969 1778 1976
f 1847 1887 1945
f 1919 1502 1482
f 1971 1551 1552
f 1977 1552 1525
f 1977 1971 1552
f 1978 1762 1742
f 1962 1978 1742
f 1763 1798 1967
f 1803 1771 1956
f 1978 1904 1762
f 1725 1776 1942
f 1777 1788 1975
f 1979 1525 1502
f 1980 1979 1502
f 1980 1502 1919
f 1979 1977 1525
f 1798 1797 1981
f 1967 1798 1982
f 1982 1798 1981
f 1752 1753 1983
f 1983 1753 1938
f 1820 1793 1984
f 1985 1793 1965
f 1984 1793 1985
f 1797 1803 1981
f 1986 1803 1956
f 1981 1803 1986
f 1788 1787 1987
f 1975 1788 1988
f 1988 1788 1987
f 1822 1989 1821
f 1952 1990 1822
f 1990 1989 1822
f 1865 1907 1960
f 1801 1991 1802
f 1992 1958 1802
f 1991 1992 1802
f 1842 1841 1993
f 1947 1842 1994
f 1994 1842 1993
f 1787 1805 1987
f 1887 1886 1995
f 1945 1887 1996
f 1996 1887 1995
f 1862 1859 1997
f 1859 1860 1997
f 1861 1862 1998
f 1999 1862 1997
f 1998 1862 1999
f 1860 1856 2000
f 1856 1858 2000
f 1997 1860 2001
f 2001 1860 2000
f 1872 1861 1998
f 1819 1820 2002
f 2002 1820 1984
f 1821 1989 1832
f 1699 1636 2003
f 2004 1636 1923
f 2003 1636 2004
f 1805 1804 2005
f 1987 1805 2006
f 2006 1805 2005
f 1858 1857 2007
f 2000 1858 2008
f 2008 1858 2007
f 1781 1782 2009
f 2010 1782 1899
f 2009 1782 2010
f 1871 1872 2011
f 2012 1872 1998
f 2011 1872 2012
f 1844 1850 2013
f 1850 1849 2014
f 2015 1850 2014
f 2013 1850 2015
f 1846 1844 2013
f 1832 2016 1830
f 1989 2017 1832
f 2017 2016 1832
f 1733 2018 1657
f 1657 2018 1973
f 1873 1871 2011
f 1891 2019 1650
f 2020 1791 1650
f 2019 2020 1650
f 1920 1825 1905
f 1830 2016 1831
f 1831 2021 1829
f 2022 2021 1831
f 2016 2022 1831
f 1849 1868 2014
f 1724 1723 2023
f 1927 1724 2024
f 2024 1724 2023
f 1776 1775 2025
f 1776 2025 1942
f 1804 1827 2005
f 1834 1991 1801
f 1728 1781 2026
f 1727 1728 2027
f 1728 2026 2027
f 1857 1881 2007
f 1829 2021 1837
f 1867 1873 2028
f 2029 1873 2011
f 2028 1873 2029
f 1868 1867 2028
f 2030 1868 2028
f 2014 1868 2030
f 1841 1875 1993
f 1824 1819 2002
f 1886 1915 1995
f 1845 1846 2031
f 2032 1846 2013
f 2031 1846 2032
f 1907 1906 2033
f 1960 1907 2034
f 2034 1907 2033
f 1840 2035 1839
f 1839 2035 1852
f 1838 2036 1840
f 2037 2035 1840
f 2036 2037 1840
f 1843 2036 1838
f 1837 2038 1836
f 2021 2039 1837
f 2039 2038 1837
f 1836 2038 1843
f 2040 2036 1843
f 2038 2040 1843
f 1827 1826 2041
f 2005 1827 2042
f 2042 1827 2041
f 1852 2043 1851
f 2035 2044 1852
f 2044 2043 1852
f 1828 1824 2045
f 2046 1824 2002
f 2045 1824 2046
f 1881 1880 2047
f 2007 1881 2048
f 2048 1881 2047
f 1900 1743 1950
f 1826 1828 2041
f 2041 1828 2045
f 1851 2043 1877
f 1879 1752 1983
f 1883 1845 2031
f 1880 1894 2047
f 1813 2049 1814
f 1855 2049 1813
f 1915 1914 2050
f 1995 1915 2051
f 2051 1915 2050
f 1890 1888 2052
f 1889 1890 2053
f 2053 1890 2054
f 2054 1890 2052
f 2055 1875 1874
f 1993 1875 2056
f 2056 1875 2055
f 1888 1896 2052
f 1894 1889 2053
f 2057 1894 2053
f 2047 1894 2057
f 1814 2058 1812
f 2049 2059 1814
f 2059 2058 1814
f 1877 2060 1876
f 2043 2061 1877
f 2061 2060 1877
f 1723 1766 2023
f 1896 1895 2062
f 2052 1896 2063
f 2063 1896 2062
f 1833 2064 1834
f 2065 1991 1834
f 2064 2065 1834
f 1906 1946 2033
f 1835 2066 1775
f 1775 2067 2025
f 1775 2066 2067
f 1792 2068 1733
f 1733 2068 2018
f 1914 1948 2050
f 1854 2069 1855
f 2070 2049 1855
f 2069 2070 1855
f 2055 1874 1902
f 1882 1883 2071
f 2072 1883 2031
f 2071 1883 2072
f 1895 1917 2062
f 1876 2060 1911
f 1823 2073 1795
f 1796 1795 2074
f 1795 2073 2075
f 1795 2075 2074
f 1812 2058 1853
f 2073 1823 1864
f 1766 1765 2076
f 2023 1766 2077
f 2077 1766 2076
f 1749 1699 2003
f 2078 1902 1901
f 2079 2055 1902
f 2079 1902 2078
f 1948 1947 2080
f 2050 1948 2081
f 2081 1948 2080
f 1946 1945 2082
f 2033 1946 2083
f 2083 1946 2082
f 1885 2064 1833
f 1794 1796 2084
f 1796 2074 2084
f 1917 1916 2085
f 2062 1917 2086
f 2086 1917 2085
f 1911 2087 1910
f 2060 2088 1911
f 2088 2087 1911
f 1878 1879 2089
f 2090 1879 1983
f 2089 1879 2090
f 1785 2091 1835
f 2091 2066 1835
f 2092 1905 1904
f 2092 1920 1905
f 1781 2009 2026
f 1913 2069 1854
f 2078 1901 1909
f 1903 1882 2071
f 1735 2093 1734
f 1734 2094 1738
f 2093 2094 1734
f 1947 1994 2080
f 2068 1792 1811
f 1945 1996 2082
f 1899 1900 2095
f 2096 1900 1950
f 2095 1900 2096
f 1916 1961 2085
f 1765 1807 2076
f 1791 2097 1735
f 1735 2097 2093
f 1910 2087 1957
f 1794 2084 1809
f 2098 1864 1863
f 2098 2073 1864
f 1853 2099 1893
f 2058 2100 1853
f 2100 2099 1853
f 2101 1909 1908
f 2102 2078 1909
f 2102 1909 2101
f 1925 2103 1926
f 1959 2103 1925
f 1811 1810 2104
f 2104 2068 1811
f 2101 1908 1922
f 1884 2105 1885
f 2106 2064 1885
f 2105 2106 1885
f 1869 2107 1870
f 1870 2107 1923
f 1912 2108 1913
f 2109 2069 1913
f 2108 2109 1913
f 1994 1993 2110
f 2080 1994 2111
f 2111 1994 2110
f 1996 1995 2112
f 2082 1996 2113
f 2113 1996 2112
f 1961 1960 2114
f 2085 1961 2115
f 2115 1961 2114
f 1957 2116 1956
f 2087 2117 1957
f 2117 2116 1957
f 1951 1878 2089
f 1748 1749 2118
f 2118 1749 2003
f 1926 2119 1924
f 2120 2119 1926
f 2103 2120 1926
f 1939 1903 2121
f 2122 1903 2071
f 2121 1903 2122
f 1807 1806 2123
f 2076 1807 2124
f 2124 1807 2123
f 1924 2119 1937
f 1930 2019 1891
f 1786 2091 1785
f 1936 2125 1953
f 1953 2126 1952
f 2125 2127 1953
f 2127 2126 1953
f 1958 2128 1959
f 2129 2103 1959
f 2128 2129 1959
f 1738 2094 1786
f 2130 1922 1921
f 2131 2101 1922
f 2131 1922 2130
f 1937 2125 1936
f 2132 2091 1786
f 2094 2132 1786
f 1808 1809 2133
f 1809 2084 2134
f 1809 2134 2133
f 1808 2133 1810
f 1810 2133 2135
f 1810 2135 2104
f 1956 2116 1986
f 1966 2136 1965
f 1964 2137 1966
f 2138 2136 1966
f 2137 2138 1966
f 1806 1748 2123
f 1965 2136 1985
f 1968 2137 1964
f 2119 2139 1937
f 2139 2125 1937
f 2123 1748 2140
f 2140 1748 2118
f 2130 1921 1932
f 1995 2051 2112
f 1952 2126 1990
f 1967 2141 1968
f 2142 2137 1968
f 2141 2142 1968
f 1960 2034 2114
f 1985 2143 1984
f 2136 2144 1985
f 2144 2143 1985
f 1955 2108 1912
f 1982 2141 1967
f 1986 2145 1981
f 2116 2146 1986
f 2146 2145 1986
f 2147 1904 1978
f 2148 2092 1904
f 2148 1904 2147
f 1993 2056 2110
f 1981 2145 1982
f 2149 2141 1982
f 2145 2149 1982
f 1893 2099 1892
f 2150 1932 1931
f 2151 2130 1932
f 2151 1932 2150
f 2020 2152 1791
f 1791 2153 2097
f 2152 2153 1791
f 1975 2154 1976
f 1988 2154 1975
f 1992 2128 1958
f 1976 2155 1969
f 2154 2156 1976
f 2156 2155 1976
f 1987 2157 1988
f 2157 2158 1988
f 2158 2154 1988
f 1938 1939 2159
f 2159 1939 2121
f 1969 2155 1970
f 1984 2143 2002
f 2160 1863 1920
f 2160 2098 1863
f 1954 2161 1955
f 2162 2108 1955
f 2161 2162 1955
f 2006 2157 1987
f 2051 2050 2163
f 2112 2051 2164
f 2164 2051 2163
f 1990 2165 1989
f 2126 2166 1990
f 2166 2165 1990
f 1950 1951 2167
f 2168 1951 2089
f 2167 1951 2168
f 1928 2105 1884
f 1970 2161 1954
f 2155 2169 1970
f 2169 2161 1970
f 1999 1997 2170
f 1997 2001 2170
f 1998 1999 2171
f 2172 1999 2170
f 2171 1999 2172
f 2012 1998 2171
f 2150 1931 1949
f 2005 2173 2006
f 2173 2174 2006
f 2174 2157 2006
f 2034 2033 2175
f 2114 2034 2176
f 2176 2034 2175
f 2001 2000 2177
f 2178 2001 2177
f 2170 2001 2178
f 2010 1899 2095
f 2011 2012 2179
f 2180 2012 2171
f 2179 2012 2180
f 1727 2027 1898
f 2000 2008 2177
f 2042 2173 2005
f 2041 2181 2042
f 2181 2173 2042
f 2002 2182 2046
f 2143 2183 2002
f 2183 2182 2002
f 2184 1949 1940
f 2185 2150 1949
f 2184 2185 1949
f 2029 2011 2179
f 1943 2186 1918
f 1918 2187 1869
f 1918 2186 2187
f 2056 2055 2188
f 2110 2056 2189
f 2189 2056 2188
f 2045 2190 2041
f 2191 2181 2041
f 2190 2191 2041
f 2008 2007 2192
f 2177 2008 2193
f 2193 2008 2192
f 1989 2165 2017
f 2046 2190 2045
f 2050 2081 2163
f 2182 2190 2046
f 1941 2184 1940
f 2035 2194 2044
f 2037 2194 2035
f 2028 2029 2195
f 2196 2029 2179
f 2195 2029 2196
f 2044 2197 2043
f 2198 2197 2044
f 2194 2198 2044
f 2007 2048 2192
f 2036 2199 2037
f 2200 2194 2037
f 2199 2200 2037
f 2043 2197 2061
f 2147 1978 1962
f 2040 2199 2036
f 2022 2201 2021
f 2016 2202 2022
f 2202 2203 2022
f 2203 2201 2022
f 1991 2204 1992
f 2205 2128 1992
f 2204 2205 1992
f 2033 2083 2175
f 2021 2201 2039
f 2030 2028 2195
f 1943 1942 2186
f 1933 2206 1941
f 2207 2184 1941
f 2206 2207 1941
f 2053 2054 2208
f 2054 2052 2209
f 2208 2054 2210
f 2210 2054 2209
f 2048 2047 2211
f 2192 2048 2212
f 2212 2048 2211
f 2017 2202 2016
f 2213 2202 2017
f 2165 2213 2017
f 2057 2053 2208
f 2061 2214 2060
f 2197 2215 2061
f 2215 2214 2061
f 2038 2216 2040
f 2217 2199 2040
f 2216 2217 2040
f 2039 2216 2038
f 2201 2218 2039
f 2218 2216 2039
f 1983 1938 2159
f 2052 2063 2209
f 2014 2030 2219
f 2220 2030 2195
f 2219 2030 2220
f 2015 2014 2219
f 2013 2015 2221
f 2222 2015 2219
f 2221 2015 2222
f 1892 2223 1944
f 2099 2224 1892
f 2224 2223 1892
f 2081 2080 2225
f 2163 2081 2226
f 2226 2081 2225
f 2047 2057 2211
f 2227 2057 2208
f 2211 2057 2227
f 2187 2228 1869
f 2229 2107 1869
f 2228 2229 1869
f 1962 1963 2230
f 2230 2147 1962
f 2032 2013 2221
f 1944 2231 1963
f 2223 2231 1944
f 2063 2062 2232
f 2209 2063 2233
f 2233 2063 2232
f 2025 2234 1942
f 1942 2235 2186
f 1942 2234 2235
f 1963 2231 2230
f 1927 2236 1928
f 2237 2105 1928
f 2236 2237 1928
f 2188 2055 2079
f 1935 2206 1933
f 2060 2214 2088
f 2031 2032 2238
f 2239 2032 2221
f 2238 2032 2239
f 1929 2240 1930
f 2241 2019 1930
f 2240 2241 1930
f 2083 2082 2242
f 2175 2083 2243
f 2243 2083 2242
f 2080 2111 2225
f 2062 2086 2232
f 2088 2244 2087
f 2214 2245 2088
f 2245 2244 2088
f 2120 2246 2119
f 2119 2246 2139
f 2072 2031 2238
f 2065 2204 1991
f 2025 2067 2234
f 2247 1920 2092
f 2248 2160 1920
f 2248 1920 2247
f 2103 2249 2120
f 2250 2246 2120
f 2249 2250 2120
f 1934 2251 1935
f 1935 2252 2206
f 2251 2252 1935
f 2082 2113 2242
f 2139 2253 2125
f 2125 2253 2127
f 2254 2079 2078
f 2255 2188 2079
f 2255 2079 2254
f 2086 2085 2256
f 2232 2086 2257
f 2257 2086 2256
f 2246 2258 2139
f 2258 2253 2139
f 2096 1950 2167
f 2090 1983 2259
f 2260 1983 2159
f 2259 1983 2260
f 2111 2110 2261
f 2225 2111 2262
f 2262 2111 2261
f 2087 2244 2117
f 2024 2236 1927
f 1923 2263 2004
f 2107 2263 1923
f 2009 2010 2264
f 2265 2010 2095
f 2264 2010 2265
f 2127 2266 2126
f 2253 2267 2127
f 2267 2266 2127
f 2071 2072 2268
f 2269 2072 2238
f 2268 2072 2269
f 2019 2152 2020
f 2129 2249 2103
f 2067 2066 2270
f 2067 2270 2234
f 2113 2112 2271
f 2242 2113 2272
f 2272 2113 2271
f 2117 2273 2116
f 2244 2274 2117
f 2274 2273 2117
f 2085 2115 2256
f 2064 2275 2065
f 2276 2204 2065
f 2275 2276 2065
f 2026 2009 2277
f 2027 2026 2278
f 2026 2277 2278
f 2049 2070 2279
f 2059 2049 2279
f 2254 2078 2102
f 1934 1974 2251
f 2069 2280 2070
f 2279 2070 2281
f 2070 2280 2281
f 2112 2164 2271
f 2116 2273 2146
f 2240 1929 1972
f 2110 2189 2261
f 2138 2282 2136
f 2136 2282 2144
f 2137 2283 2138
f 2284 2282 2138
f 2283 2284 2138
f 2126 2266 2166
f 1897 1898 2285
f 1898 2027 2286
f 1898 2286 2285
f 2287 2058 2059
f 2059 2279 2288
f 2287 2059 2288
f 2144 2289 2143
f 2282 2290 2144
f 2290 2289 2144
f 2142 2283 2137
f 2146 2291 2145
f 2273 2292 2146
f 2292 2291 2146
f 2164 2163 2293
f 2271 2164 2294
f 2294 2164 2293
f 2115 2114 2295
f 2256 2115 2296
f 2296 2115 2295
f 2122 2071 2268
f 2023 2297 2024
f 2298 2236 2024
f 2297 2298 2024
f 2141 2299 2142
f 2300 2283 2142
f 2299 2300 2142
f 2301 2102 2101
f 2302 2254 2102
f 2302 2102 2301
f 2109 2280 2069
f 2149 2299 2141
f 2145 2291 2149
f 2128 2303 2129
f 2304 2249 2129
f 2303 2304 2129
f 2143 2289 2183
f 2291 2305 2149
f 2305 2299 2149
f 2089 2090 2306
f 2306 2090 2259
f 2247 2092 2148
f 2163 2226 2293
f 2095 2096 2307
f 2308 2096 2167
f 2307 2096 2308
f 2091 2309 2066
f 2066 2310 2270
f 2066 2309 2310
f 2183 2311 2182
f 2289 2312 2183
f 2312 2311 2183
f 2114 2176 2295
f 2106 2275 2064
f 2189 2188 2313
f 2261 2189 2314
f 2314 2189 2313
f 2191 2315 2181
f 2190 2316 2191
f 2316 2315 2191
f 2226 2225 2317
f 2293 2226 2318
f 2318 2226 2317
f 2182 2311 2190
f 2166 2319 2165
f 2266 2320 2166
f 2320 2319 2166
f 2301 2101 2131
f 2181 2315 2173
f 2311 2321 2190
f 2321 2316 2190
f 2173 2322 2174
f 2315 2323 2173
f 2323 2322 2173
f 1973 2324 1974
f 1974 2325 2251
f 1974 2324 2325
f 2108 2326 2109
f 2327 2280 2109
f 2326 2327 2109
f 2174 2328 2157
f 2322 2328 2174
f 2157 2328 2158
f 2329 1972 1971
f 2330 2240 1972
f 2330 1972 2329
f 2158 2331 2154
f 2328 2332 2158
f 2332 2331 2158
f 2100 2058 2287
f 2077 2297 2023
f 2154 2331 2156
f 2176 2175 2333
f 2295 2176 2334
f 2334 2176 2333
f 2177 2193 2335
f 2193 2192 2336
f 2337 2193 2336
f 2335 2193 2337
f 2178 2177 2335
f 2121 2122 2338
f 2339 2122 2268
f 2338 2122 2339
f 2277 2009 2264
f 2170 2178 2340
f 2341 2178 2335
f 2340 2178 2341
f 2225 2262 2317
f 2172 2170 2340
f 2075 2073 2342
f 2075 2342 2074
f 2192 2212 2336
f 2171 2172 2343
f 2344 2172 2340
f 2343 2172 2344
f 2213 2345 2202
f 2165 2319 2213
f 2319 2346 2213
f 2346 2345 2213
f 2347 2131 2130
f 2348 2301 2131
f 2348 2131 2347
f 2156 2349 2155
f 2331 2350 2156
f 2350 2349 2156
f 2212 2211 2351
f 2352 2212 2351
f 2336 2212 2352
f 2180 2171 2343
f 2227 2208 2353
f 2208 2210 2353
f 2211 2227 2351
f 2354 2227 2353
f 2351 2227 2354
f 2202 2345 2203
f 2205 2303 2128
f 2162 2326 2108
f 2175 2243 2333
f 2210 2209 2355
f 2353 2210 2356
f 2356 2210 2355
f 2357 2073 2098
f 2073 2358 2342
f 2358 2073 2357
f 2198 2359 2197
f 2197 2359 2215
f 2179 2180 2360
f 2361 2180 2343
f 2360 2180 2361
f 2155 2349 2169
f 2194 2362 2198
f 2363 2359 2198
f 2362 2363 2198
f 2200 2362 2194
f 2203 2364 2201
f 2345 2365 2203
f 2365 2364 2203
f 2215 2366 2214
f 2359 2367 2215
f 2367 2366 2215
f 2199 2368 2200
f 2369 2362 2200
f 2368 2369 2200
f 2188 2255 2313
f 2209 2233 2355
f 2169 2370 2161
f 2349 2371 2169
f 2371 2370 2169
f 2168 2089 2306
f 2161 2370 2162
f 2372 2326 2162
f 2370 2372 2162
f 2196 2179 2360
f 2262 2261 2373
f 2317 2262 2374
f 2374 2262 2373
f 2375 1971 1977
f 2329 1971 2375
f 2243 2242 2376
f 2333 2243 2377
f 2377 2243 2376
f 2201 2364 2218
f 2084 2074 2378
f 2074 2342 2379
f 2074 2379 2378
f 2347 2130 2151
f 2214 2366 2245
f 2217 2368 2199
f 2233 2232 2380
f 2355 2233 2381
f 2381 2233 2380
f 2105 2382 2106
f 2383 2275 2106
f 2382 2383 2106
f 2218 2384 2216
f 2364 2385 2218
f 2385 2384 2218
f 2195 2196 2386
f 2387 2196 2360
f 2386 2196 2387
f 2388 2148 2147
f 2388 2247 2148
f 2242 2272 2376
f 2159 2121 2338
f 2216 2384 2217
f 2384 2389 2217
f 2389 2368 2217
f 2246 2390 2258
f 2250 2390 2246
f 2186 2235 2391
f 2186 2391 2187
f 2245 2392 2244
f 2366 2393 2245
f 2393 2392 2245
f 2258 2394 2253
f 2395 2394 2258
f 2390 2395 2258
f 2265 2095 2307
f 2076 2396 2077
f 2397 2297 2077
f 2396 2397 2077
f 2241 2398 2019
f 2398 2152 2019
f 2249 2399 2250
f 2400 2390 2250
f 2399 2400 2250
f 1973 2018 2324
f 2232 2257 2380
f 2235 2234 2401
f 2235 2401 2391
f 2402 2151 2150
f 2403 2347 2151
f 2402 2403 2151
f 2220 2195 2386
f 2404 1977 1979
f 2375 1977 2404
f 2253 2394 2267
f 2132 2309 2091
f 2405 2098 2160
f 2357 2098 2405
f 2272 2271 2406
f 2376 2272 2407
f 2407 2272 2406
f 1897 2285 1919
f 2261 2314 2373
f 2244 2392 2274
f 2408 2255 2254
f 2313 2255 2409
f 2409 2255 2408
f 2219 2220 2410
f 2411 2220 2386
f 2410 2220 2411
f 2271 2294 2406
f 2267 2412 2266
f 2413 2412 2267
f 2394 2413 2267
f 2084 2378 2134
f 2204 2414 2205
f 2415 2303 2205
f 2414 2415 2205
f 2404 1979 1980
f 2257 2256 2416
f 2380 2257 2417
f 2417 2257 2416
f 2266 2412 2320
f 2222 2219 2410
f 2185 2402 2150
f 2099 2100 2418
f 2418 2100 2287
f 2221 2222 2419
f 2420 2222 2410
f 2419 2222 2420
f 2018 2068 2421
f 2018 2421 2324
f 2294 2293 2422
f 2406 2294 2423
f 2423 2294 2422
f 2274 2424 2273
f 2392 2425 2274
f 2425 2424 2274
f 2167 2168 2426
f 2427 2168 2306
f 2426 2168 2427
f 2239 2221 2419
f 2004 2263 2003
f 2097 2153 2428
f 2097 2428 2093
f 2256 2296 2416
f 2320 2429 2319
f 2412 2430 2320
f 2430 2429 2320
f 2304 2399 2249
f 2124 2396 2076
f 2273 2424 2292
f 2431 2147 2230
f 2432 2388 2147
f 2432 2147 2431
f 2293 2318 2422
f 2238 2239 2433
f 2434 2239 2419
f 2433 2239 2434
f 2435 2068 2104
f 2436 2068 2435
f 2068 2436 2421
f 2133 2134 2437
f 2134 2378 2438
f 2134 2438 2437
f 2260 2159 2439
f 2440 2159 2338
f 2439 2159 2440
f 2441 2185 2184
f 2442 2402 2185
f 2441 2442 2185
f 2237 2382 2105
f 2133 2437 2135
f 2104 2135 2435
f 2135 2437 2443
f 2135 2443 2435
f 2314 2313 2444
f 2373 2314 2445
f 2445 2314 2444
f 2282 2446 2290
f 2284 2446 2282
f 2296 2295 2447
f 2416 2296 2448
f 2448 2296 2447
f 2264 2265 2449
f 2450 2265 2307
f 2449 2265 2450
f 2270 2451 2234
f 2234 2451 2452
f 2234 2452 2401
f 2290 2453 2289
f 2446 2454 2290
f 2454 2453 2290
f 2292 2455 2291
f 2424 2456 2292
f 2456 2455 2292
f 2408 2254 2302
f 2283 2457 2284
f 2458 2446 2284
f 2457 2458 2284
f 2319 2429 2346
f 2318 2317 2459
f 2422 2318 2460
f 2460 2318 2459
f 2269 2238 2433
f 2461 1980 1919
f 2461 2404 1980
f 2289 2453 2312
f 2300 2457 2283
f 2291 2455 2305
f 2153 2152 2462
f 2153 2462 2428
f 2295 2334 2447
f 2405 2160 2248
f 2230 2231 2431
f 2207 2441 2184
f 2299 2463 2300
f 2464 2457 2300
f 2463 2464 2300
f 2305 2463 2299
f 2455 2465 2305
f 2465 2463 2305
f 2353 2466 2354
f 2356 2466 2353
f 2354 2467 2351
f 2468 2467 2354
f 2466 2468 2354
f 2308 2167 2426
f 2312 2469 2311
f 2453 2470 2312
f 2470 2469 2312
f 2351 2467 2352
f 2336 2471 2337
f 2352 2471 2336
f 2337 2472 2335
f 2471 2473 2337
f 2473 2472 2337
f 2123 2474 2124
f 2475 2396 2124
f 2474 2475 2124
f 2317 2374 2459
f 2311 2469 2321
f 2334 2333 2476
f 2447 2334 2477
f 2477 2334 2476
f 2355 2478 2356
f 2479 2466 2356
f 2478 2479 2356
f 2480 2471 2352
f 2467 2480 2352
f 2321 2481 2316
f 2469 2482 2321
f 2482 2481 2321
f 2335 2472 2341
f 2483 2228 2187
f 2187 2391 2483
f 2316 2481 2315
f 2346 2484 2345
f 2429 2485 2346
f 2485 2484 2346
f 2276 2414 2204
f 2315 2486 2323
f 2481 2487 2315
f 2487 2486 2315
f 2381 2478 2355
f 2333 2377 2476
f 2268 2269 2488
f 2489 2269 2433
f 2488 2269 2489
f 2377 2376 2490
f 2476 2377 2491
f 2491 2377 2490
f 2380 2492 2381
f 2493 2478 2381
f 2492 2493 2381
f 2341 2494 2340
f 2472 2495 2341
f 2495 2494 2341
f 2323 2496 2322
f 2486 2496 2323
f 2374 2373 2497
f 2459 2374 2498
f 2498 2374 2497
f 2093 2499 2094
f 2428 2499 2093
f 2231 2223 2500
f 2231 2500 2431
f 2501 2302 2301
f 2502 2408 2302
f 2502 2302 2501
f 2313 2409 2444
f 2340 2494 2344
f 2206 2503 2207
f 2504 2441 2207
f 2503 2504 2207
f 2344 2505 2343
f 2494 2506 2344
f 2506 2505 2344
f 2322 2496 2328
f 2376 2407 2490
f 2343 2505 2361
f 2303 2507 2304
f 2508 2399 2304
f 2507 2508 2304
f 2224 2099 2509
f 2510 2099 2418
f 2509 2099 2510
f 2259 2260 2511
f 2511 2260 2439
f 2417 2492 2380
f 2345 2484 2365
f 2361 2512 2360
f 2505 2513 2361
f 2513 2512 2361
f 2094 2514 2132
f 2514 2309 2132
f 2328 2515 2332
f 2496 2516 2328
f 2516 2515 2328
f 2307 2308 2517
f 2518 2308 2426
f 2517 2308 2518
f 2027 2278 2286
f 2223 2224 2509
f 2500 2223 2519
f 2519 2223 2509
f 2373 2445 2497
f 2407 2406 2520
f 2490 2407 2521
f 2521 2407 2520
f 2416 2522 2417
f 2523 2492 2417
f 2522 2523 2417
f 2365 2524 2364
f 2484 2525 2365
f 2525 2524 2365
f 2236 2526 2237
f 2527 2382 2237
f 2526 2527 2237
f 2480 2528 2471
f 2471 2528 2473
f 2360 2512 2387
f 2339 2268 2488
f 2332 2529 2331
f 2515 2529 2332
f 2467 2530 2480
f 2468 2530 2467
f 2530 2531 2480
f 2531 2528 2480
f 2473 2532 2472
f 2528 2533 2473
f 2533 2532 2473
f 2270 2310 2451
f 2534 2241 2240
f 2535 2398 2241
f 2535 2241 2534
f 2363 2536 2359
f 2359 2536 2367
f 2362 2537 2363
f 2537 2538 2363
f 2538 2536 2363
f 2364 2524 2385
f 2501 2301 2348
f 2367 2539 2366
f 2536 2540 2367
f 2540 2539 2367
f 2466 2541 2468
f 2542 2530 2468
f 2541 2542 2468
f 2369 2537 2362
f 2385 2543 2384
f 2524 2544 2385
f 2544 2543 2385
f 2545 2248 2247
f 2545 2405 2248
f 2448 2522 2416
f 2331 2529 2350
f 2479 2541 2466
f 2384 2543 2389
f 2472 2532 2495
f 2546 2277 2264
f 2547 2277 2546
f 2277 2547 2278
f 2252 2503 2206
f 2366 2539 2393
f 2368 2548 2369
f 2549 2537 2369
f 2548 2549 2369
f 2409 2408 2550
f 2444 2409 2551
f 2551 2409 2550
f 2406 2423 2520
f 2389 2548 2368
f 2552 2548 2389
f 2543 2552 2389
f 2387 2553 2386
f 2512 2554 2387
f 2554 2553 2387
f 2275 2555 2276
f 2556 2414 2276
f 2555 2556 2276
f 2447 2557 2448
f 2558 2522 2448
f 2557 2558 2448
f 2495 2559 2494
f 2532 2560 2495
f 2560 2559 2495
f 2478 2561 2479
f 2562 2541 2479
f 2561 2562 2479
f 2430 2412 2563
f 2429 2430 2564
f 2564 2430 2565
f 2565 2430 2563
f 2350 2566 2349
f 2529 2567 2350
f 2567 2566 2350
f 2393 2568 2392
f 2539 2569 2393
f 2569 2568 2393
f 2279 2281 2570
f 2281 2280 2571
f 2281 2571 2572
f 2570 2281 2572
f 2412 2413 2563
f 2140 2474 2123
f 2445 2444 2573
f 2497 2445 2574
f 2574 2445 2573
f 2485 2429 2564
f 2288 2279 2570
f 2392 2568 2425
f 2494 2559 2506
f 2423 2422 2575
f 2520 2423 2576
f 2576 2423 2575
f 2477 2557 2447
f 2386 2553 2411
f 2413 2394 2577
f 2563 2413 2578
f 2578 2413 2577
f 2285 2579 1919
f 2580 2461 1919
f 2579 2581 1919
f 1919 2581 2580
f 2398 2582 2152
f 2152 2583 2462
f 2582 2583 2152
f 2280 2327 2571
f 2493 2561 2478
f 2338 2339 2584
f 2585 2339 2488
f 2584 2339 2585
f 2349 2566 2371
f 2506 2586 2505
f 2559 2587 2506
f 2587 2586 2506
f 2394 2395 2577
f 2588 2348 2347
f 2589 2501 2348
f 2588 2589 2348
f 2306 2259 2511
f 2107 2229 2263
f 2415 2507 2303
f 2546 2264 2449
f 2476 2590 2477
f 2591 2557 2477
f 2590 2591 2477
f 2425 2592 2424
f 2568 2593 2425
f 2593 2592 2425
f 2492 2594 2493
f 2595 2561 2493
f 2594 2595 2493
f 2484 2485 2596
f 2597 2485 2564
f 2596 2485 2597
f 2411 2598 2410
f 2553 2599 2411
f 2599 2598 2411
f 2395 2390 2600
f 2577 2395 2601
f 2601 2395 2600
f 2450 2307 2517
f 2327 2326 2602
f 2327 2602 2603
f 2571 2327 2603
f 2371 2604 2370
f 2566 2605 2371
f 2605 2604 2371
f 2422 2460 2575
f 2505 2586 2513
f 2410 2598 2420
f 2003 2606 2118
f 2263 2607 2003
f 2607 2606 2003
f 2491 2590 2476
f 2530 2608 2531
f 2542 2608 2530
f 2531 2609 2528
f 2608 2610 2531
f 2610 2609 2531
f 2326 2372 2602
f 2424 2592 2456
f 2390 2400 2600
f 2370 2604 2372
f 2528 2609 2533
f 2513 2611 2512
f 2586 2612 2513
f 2612 2611 2513
f 2420 2613 2419
f 2598 2614 2420
f 2614 2613 2420
f 2604 2615 2372
f 2372 2615 2602
f 2550 2408 2502
f 2523 2594 2492
f 2541 2616 2542
f 2617 2608 2542
f 2616 2617 2542
f 2460 2459 2618
f 2575 2460 2619
f 2619 2460 2618
f 2525 2484 2596
f 2490 2620 2491
f 2621 2590 2491
f 2620 2621 2491
f 2298 2526 2236
f 2622 2287 2288
f 2288 2570 2623
f 2622 2288 2623
f 2456 2624 2455
f 2592 2625 2456
f 2625 2624 2456
f 2533 2626 2532
f 2609 2627 2533
f 2627 2626 2533
f 2562 2616 2541
f 2118 2606 2140
f 2628 2474 2140
f 2606 2628 2140
f 2403 2588 2347
f 2444 2551 2573
f 2446 2629 2454
f 2454 2630 2453
f 2629 2631 2454
f 2631 2630 2454
f 2512 2611 2554
f 2419 2613 2434
f 2632 2247 2388
f 2633 2545 2247
f 2633 2247 2632
f 2455 2624 2465
f 2383 2555 2275
f 2228 2634 2229
f 2634 2228 2483
f 2251 2635 2252
f 2252 2636 2503
f 2635 2636 2252
f 2458 2629 2446
f 2457 2637 2458
f 2638 2629 2458
f 2637 2638 2458
f 2522 2639 2523
f 2640 2594 2523
f 2639 2640 2523
f 2532 2626 2560
f 2459 2498 2618
f 2453 2630 2470
f 2521 2620 2490
f 2560 2641 2559
f 2626 2642 2560
f 2642 2641 2560
f 2524 2525 2643
f 2644 2525 2596
f 2643 2525 2644
f 2400 2399 2645
f 2600 2400 2646
f 2646 2400 2645
f 2440 2338 2584
f 2465 2647 2463
f 2624 2648 2465
f 2648 2647 2465
f 2561 2649 2562
f 2650 2616 2562
f 2649 2650 2562
f 2464 2637 2457
f 2554 2651 2553
f 2611 2652 2554
f 2652 2651 2554
f 2470 2653 2469
f 2630 2654 2470
f 2654 2653 2470
f 2463 2647 2464
f 2558 2639 2522
f 2559 2641 2587
f 2647 2655 2464
f 2655 2637 2464
f 2499 2656 2094
f 2657 2514 2094
f 2658 2657 2094
f 2656 2658 2094
f 2434 2659 2433
f 2613 2660 2434
f 2660 2659 2434
f 2310 2661 2451
f 2310 2309 2661
f 2469 2653 2482
f 2587 2644 2586
f 2643 2644 2587
f 2641 2643 2587
f 2498 2497 2662
f 2618 2498 2663
f 2663 2498 2662
f 2557 2664 2558
f 2665 2639 2558
f 2664 2665 2558
f 2482 2666 2481
f 2653 2667 2482
f 2667 2666 2482
f 2520 2668 2521
f 2669 2620 2521
f 2668 2669 2521
f 2538 2537 2610
f 2536 2538 2617
f 2608 2538 2610
f 2617 2538 2608
f 2544 2524 2643
f 2553 2651 2599
f 2670 2403 2402
f 2671 2588 2403
f 2670 2671 2403
f 2595 2649 2561
f 2537 2549 2610
f 2481 2666 2487
f 2586 2644 2612
f 2672 2502 2501
f 2673 2550 2502
f 2672 2673 2502
f 2487 2674 2486
f 2666 2675 2487
f 2675 2674 2487
f 2591 2664 2557
f 2540 2536 2617
f 2610 2549 2609
f 2427 2306 2676
f 2677 2306 2511
f 2676 2306 2677
f 2497 2574 2662
f 2609 2549 2627
f 2549 2548 2627
f 2612 2597 2611
f 2596 2597 2612
f 2644 2596 2612
f 2486 2674 2496
f 2616 2540 2617
f 2539 2540 2650
f 2650 2540 2616
f 2543 2544 2642
f 2641 2544 2643
f 2642 2544 2641
f 2599 2678 2598
f 2651 2679 2599
f 2679 2678 2599
f 2576 2668 2520
f 2569 2539 2650
f 2548 2552 2627
f 2552 2543 2642
f 2627 2552 2626
f 2626 2552 2642
f 2597 2564 2652
f 2564 2565 2652
f 2433 2659 2489
f 2551 2550 2680
f 2573 2551 2681
f 2681 2551 2680
f 2590 2682 2591
f 2683 2664 2591
f 2682 2683 2591
f 2594 2684 2595
f 2685 2649 2595
f 2684 2685 2595
f 2611 2597 2652
f 2652 2565 2651
f 2565 2563 2679
f 2651 2565 2679
f 2414 2686 2415
f 2687 2507 2415
f 2686 2687 2415
f 2496 2688 2516
f 2674 2689 2496
f 2689 2688 2496
f 2568 2569 2685
f 2649 2569 2650
f 2685 2569 2649
f 2593 2568 2685
f 2598 2678 2614
f 2534 2240 2330
f 2621 2682 2590
f 2640 2684 2594
f 2399 2508 2645
f 2442 2670 2402
f 2563 2578 2679
f 2439 2440 2690
f 2691 2440 2584
f 2690 2440 2691
f 2462 2692 2428
f 2428 2692 2499
f 2575 2693 2576
f 2694 2668 2576
f 2693 2694 2576
f 2297 2695 2298
f 2696 2526 2298
f 2695 2696 2298
f 2632 2388 2432
f 2418 2287 2622
f 2592 2593 2697
f 2684 2593 2685
f 2697 2593 2684
f 2342 2358 2698
f 2342 2698 2379
f 2516 2699 2515
f 2688 2699 2516
f 2574 2573 2700
f 2662 2574 2701
f 2701 2574 2700
f 2489 2702 2488
f 2659 2703 2489
f 2703 2702 2489
f 2639 2704 2640
f 2697 2684 2640
f 2704 2697 2640
f 2625 2592 2697
f 2614 2705 2613
f 2678 2706 2614
f 2706 2705 2614
f 2382 2707 2383
f 2708 2555 2383
f 2707 2708 2383
f 2325 2635 2251
f 2620 2709 2621
f 2710 2682 2621
f 2709 2710 2621
f 2589 2672 2501
f 2665 2704 2639
f 2679 2578 2678
f 2449 2450 2711
f 2711 2450 2517
f 2712 2358 2357
f 2358 2712 2698
f 2624 2625 2713
f 2704 2625 2697
f 2713 2625 2704
f 2578 2577 2706
f 2678 2578 2706
f 2515 2699 2529
f 2619 2693 2575
f 2582 2398 2535
f 2550 2673 2680
f 2664 2714 2665
f 2713 2704 2665
f 2714 2713 2665
f 2648 2624 2713
f 2452 2451 2715
f 2401 2452 2716
f 2452 2715 2716
f 2378 2379 2717
f 2379 2698 2718
f 2379 2718 2717
f 2669 2709 2620
f 2488 2702 2585
f 2683 2714 2664
f 2426 2427 2719
f 2719 2427 2676
f 2647 2648 2720
f 2714 2648 2713
f 2720 2648 2714
f 2613 2705 2660
f 2661 2721 2451
f 2451 2722 2715
f 2451 2721 2722
f 2309 2723 2661
f 2514 2724 2309
f 2309 2724 2723
f 2629 2638 2725
f 2638 2637 2726
f 2727 2638 2726
f 2725 2638 2727
f 2577 2601 2706
f 2728 2442 2441
f 2729 2670 2442
f 2728 2729 2442
f 2618 2730 2619
f 2731 2693 2619
f 2730 2731 2619
f 2631 2629 2725
f 2630 2631 2732
f 2732 2631 2733
f 2733 2631 2725
f 2529 2734 2567
f 2699 2735 2529
f 2735 2734 2529
f 2655 2647 2720
f 2508 2507 2736
f 2645 2508 2737
f 2737 2508 2736
f 2654 2630 2732
f 2637 2655 2726
f 2738 2655 2720
f 2726 2655 2738
f 2682 2738 2683
f 2720 2714 2683
f 2738 2720 2683
f 2573 2681 2700
f 2668 2739 2669
f 2740 2709 2669
f 2739 2740 2669
f 2378 2717 2438
f 2653 2654 2741
f 2742 2654 2732
f 2741 2654 2742
f 2743 2432 2431
f 2743 2632 2432
f 2667 2653 2741
f 2397 2695 2297
f 2663 2730 2618
f 2710 2738 2682
f 2706 2601 2705
f 2601 2600 2744
f 2705 2601 2744
f 2511 2439 2690
f 2278 2745 2286
f 2286 2746 2285
f 2286 2745 2746
f 2747 2589 2588
f 2748 2672 2589
f 2747 2748 2589
f 2567 2749 2566
f 2734 2749 2567
f 2750 2357 2405
f 2750 2712 2357
f 2666 2667 2751
f 2752 2667 2741
f 2751 2667 2752
f 2401 2716 2391
f 2437 2438 2753
f 2438 2717 2754
f 2438 2754 2753
f 2675 2666 2751
f 2705 2744 2660
f 2660 2755 2659
f 2744 2755 2660
f 2694 2739 2668
f 2556 2686 2414
f 2462 2583 2692
f 2674 2675 2756
f 2757 2675 2751
f 2756 2675 2757
f 2585 2758 2584
f 2702 2759 2585
f 2759 2758 2585
f 2673 2672 2760
f 2680 2673 2761
f 2761 2673 2760
f 2689 2674 2756
f 2662 2762 2663
f 2763 2730 2663
f 2762 2763 2663
f 2600 2646 2744
f 2726 2738 2710
f 2727 2726 2710
f 2709 2727 2710
f 2437 2753 2443
f 2566 2749 2605
f 2688 2689 2764
f 2765 2689 2756
f 2764 2689 2765
f 2701 2762 2662
f 2693 2766 2694
f 2767 2739 2694
f 2766 2767 2694
f 2740 2727 2709
f 2725 2727 2740
f 2527 2707 2382
f 2431 2500 2768
f 2769 2743 2431
f 2769 2431 2768
f 2504 2728 2441
f 2681 2680 2770
f 2700 2681 2771
f 2771 2681 2770
f 2659 2755 2703
f 2435 2443 2772
f 2443 2753 2773
f 2443 2773 2772
f 2732 2733 2767
f 2742 2732 2767
f 2733 2725 2740
f 2739 2733 2740
f 2767 2733 2739
f 2518 2426 2719
f 2699 2688 2764
f 2741 2742 2774
f 2752 2741 2774
f 2766 2742 2767
f 2774 2742 2766
f 2744 2646 2755
f 2646 2645 2775
f 2755 2646 2775
f 2605 2776 2604
f 2749 2777 2605
f 2777 2776 2605
f 2751 2752 2778
f 2779 2752 2774
f 2778 2752 2779
f 2757 2751 2778
f 2510 2418 2780
f 2781 2418 2622
f 2780 2418 2781
f 2671 2747 2588
f 2782 2762 2701
f 2700 2783 2701
f 2783 2782 2701
f 2756 2757 2784
f 2785 2757 2778
f 2784 2757 2785
f 2786 2330 2329
f 2786 2534 2330
f 2731 2766 2693
f 2765 2756 2784
f 2324 2787 2325
f 2325 2787 2635
f 2661 2723 2721
f 2692 2788 2499
f 2499 2788 2656
f 2507 2687 2736
f 2396 2789 2397
f 2790 2695 2397
f 2789 2790 2397
f 2604 2776 2615
f 2774 2766 2731
f 2779 2774 2731
f 2791 2405 2545
f 2792 2750 2405
f 2792 2405 2791
f 2778 2779 2763
f 2785 2778 2763
f 2730 2779 2731
f 2763 2779 2730
f 2584 2758 2691
f 2793 2765 2784
f 2764 2765 2794
f 2794 2765 2793
f 2483 2391 2795
f 2391 2716 2796
f 2391 2796 2795
f 2772 2436 2435
f 2784 2785 2782
f 2762 2785 2763
f 2782 2785 2762
f 2677 2511 2797
f 2798 2511 2690
f 2797 2511 2798
f 2799 2699 2764
f 2735 2699 2800
f 2800 2699 2799
f 2793 2784 2782
f 2755 2775 2703
f 2775 2801 2703
f 2703 2801 2702
f 2602 2615 2802
f 2615 2776 2803
f 2615 2803 2802
f 2672 2748 2760
f 2645 2737 2775
f 2602 2802 2603
f 2500 2519 2768
f 2680 2761 2770
f 2799 2764 2794
f 2771 2783 2700
f 2783 2793 2782
f 2804 2793 2783
f 2794 2793 2804
f 2555 2805 2556
f 2806 2686 2556
f 2805 2806 2556
f 2807 2671 2670
f 2808 2747 2671
f 2807 2808 2671
f 2503 2809 2504
f 2810 2728 2504
f 2809 2810 2504
f 2571 2603 2811
f 2603 2802 2812
f 2603 2812 2811
f 2813 2546 2449
f 2547 2546 2813
f 2517 2518 2814
f 2815 2518 2719
f 2814 2518 2815
f 2657 2816 2514
f 2816 2724 2514
f 2817 2583 2582
f 2583 2817 2692
f 2818 2449 2711
f 2813 2449 2819
f 2819 2449 2818
f 2572 2571 2811
f 2734 2735 2820
f 2820 2735 2800
f 2775 2737 2801
f 2801 2737 2821
f 2737 2736 2821
f 2421 2436 2822
f 2823 2436 2772
f 2822 2436 2823
f 2824 2582 2535
f 2824 2535 2534
f 2702 2801 2759
f 2825 2329 2375
f 2825 2786 2329
f 2804 2783 2771
f 2691 2826 2690
f 2758 2827 2691
f 2827 2826 2691
f 2570 2572 2828
f 2572 2811 2829
f 2828 2572 2829
f 2278 2547 2745
f 2519 2509 2830
f 2768 2519 2831
f 2831 2519 2830
f 2832 2799 2794
f 2833 2799 2832
f 2800 2799 2833
f 2832 2794 2804
f 2509 2510 2780
f 2791 2545 2633
f 2834 2748 2747
f 2760 2748 2835
f 2835 2748 2834
f 2770 2761 2836
f 2761 2760 2837
f 2836 2761 2837
f 2526 2838 2527
f 2839 2707 2527
f 2838 2839 2527
f 2285 2746 2579
f 2229 2840 2263
f 2634 2841 2229
f 2841 2842 2229
f 2842 2840 2229
f 2749 2734 2820
f 2843 2804 2771
f 2770 2843 2771
f 2729 2807 2670
f 2844 2634 2483
f 2795 2844 2483
f 2736 2687 2845
f 2687 2686 2846
f 2845 2687 2846
f 2475 2789 2396
f 2830 2509 2780
f 2623 2570 2828
f 2801 2821 2759
f 2676 2677 2847
f 2847 2677 2797
f 2848 2375 2404
f 2848 2825 2375
f 2421 2822 2324
f 2843 2832 2804
f 2636 2809 2503
f 2821 2849 2759
f 2759 2849 2758
f 2708 2805 2555
f 2777 2749 2850
f 2851 2749 2820
f 2850 2749 2851
f 2852 2832 2843
f 2833 2832 2852
f 2853 2404 2461
f 2854 2848 2404
f 2854 2404 2853
f 2820 2800 2833
f 2724 2855 2723
f 2723 2856 2721
f 2723 2855 2856
f 2736 2845 2821
f 2808 2834 2747
f 2836 2843 2770
f 2857 2633 2632
f 2857 2791 2633
f 2690 2826 2798
f 2711 2517 2858
f 2858 2517 2814
f 2760 2835 2837
f 2776 2777 2859
f 2859 2777 2850
f 2860 2622 2623
f 2623 2828 2861
f 2860 2623 2861
f 2852 2843 2836
f 2862 2729 2728
f 2863 2807 2729
f 2862 2863 2729
f 2821 2845 2849
f 2864 2820 2833
f 2864 2833 2852
f 2853 2461 2580
f 2851 2820 2865
f 2865 2820 2864
f 2776 2859 2803
f 2758 2849 2827
f 2866 2582 2824
f 2867 2817 2582
f 2867 2582 2866
f 2868 2852 2836
f 2837 2868 2836
f 2696 2838 2526
f 2686 2806 2846
f 2474 2869 2475
f 2870 2789 2475
f 2869 2870 2475
f 2719 2676 2847
f 2868 2864 2852
f 2698 2871 2718
f 2712 2872 2698
f 2698 2872 2871
f 2873 2834 2808
f 2874 2808 2807
f 2874 2873 2808
f 2324 2875 2787
f 2822 2876 2324
f 2877 2875 2324
f 2876 2877 2324
f 2802 2803 2878
f 2803 2859 2879
f 2803 2879 2878
f 2707 2880 2708
f 2881 2805 2708
f 2880 2881 2708
f 2635 2882 2636
f 2636 2883 2809
f 2882 2883 2636
f 2837 2835 2884
f 2835 2834 2885
f 2884 2835 2885
f 2886 2632 2743
f 2887 2857 2632
f 2887 2632 2886
f 2717 2718 2888
f 2718 2889 2888
f 2718 2871 2889
f 2850 2851 2890
f 2890 2851 2865
f 2891 2864 2868
f 2865 2864 2891
f 2817 2892 2692
f 2692 2892 2788
f 2893 2712 2750
f 2872 2712 2893
f 2849 2845 2894
f 2845 2846 2894
f 2263 2895 2607
f 2840 2896 2263
f 2896 2895 2263
f 2717 2888 2754
f 2884 2868 2837
f 2802 2878 2812
f 2897 2841 2634
f 2844 2897 2634
f 2810 2862 2728
f 2849 2894 2827
f 2826 2898 2798
f 2798 2899 2797
f 2898 2899 2798
f 2658 2900 2657
f 2900 2816 2657
f 2891 2868 2884
f 2894 2901 2827
f 2827 2901 2826
f 2781 2622 2860
f 2753 2754 2902
f 2754 2888 2903
f 2754 2903 2902
f 2859 2850 2890
f 2890 2865 2891
f 2746 2904 2579
f 2579 2904 2581
f 2811 2812 2905
f 2812 2878 2906
f 2812 2906 2905
f 2834 2873 2885
f 2846 2806 2907
f 2806 2805 2908
f 2907 2806 2908
f 2581 2909 2580
f 2910 2853 2580
f 2580 2909 2910
f 2911 2824 2534
f 2912 2534 2786
f 2911 2534 2912
f 2863 2874 2807
f 2695 2913 2696
f 2914 2838 2696
f 2913 2914 2696
f 2656 2788 2658
f 2753 2902 2773
f 2915 2891 2884
f 2885 2915 2884
f 2886 2743 2769
f 2893 2750 2792
f 2915 2890 2891
f 2628 2869 2474
f 2815 2719 2916
f 2917 2719 2847
f 2916 2719 2917
f 2818 2711 2858
f 2918 2547 2813
f 2918 2813 2819
f 2919 2859 2890
f 2879 2859 2920
f 2920 2859 2919
f 2846 2907 2894
f 2894 2907 2901
f 2921 2890 2915
f 2919 2890 2921
f 2826 2901 2898
f 2772 2773 2922
f 2773 2902 2923
f 2773 2923 2922
f 2787 2924 2635
f 2924 2882 2635
f 2925 2915 2885
f 2921 2915 2925
f 2839 2880 2707
f 2811 2905 2829
f 2724 2816 2855
f 2926 2862 2810
f 2809 2927 2810
f 2927 2926 2810
f 2885 2873 2925
f 2925 2873 2928
f 2873 2874 2928
f 2866 2824 2911
f 2878 2879 2929
f 2879 2920 2929
f 2797 2899 2847
f 2769 2768 2930
f 2930 2886 2769
f 2931 2874 2863
f 2932 2863 2862
f 2932 2931 2863
f 2933 2792 2791
f 2933 2893 2792
f 2790 2913 2695
f 2805 2881 2908
f 2934 2919 2921
f 2920 2919 2934
f 2892 2817 2867
f 2934 2921 2925
f 2745 2547 2935
f 2745 2935 2746
f 2772 2922 2823
f 2828 2829 2936
f 2829 2905 2937
f 2829 2937 2936
f 2878 2929 2906
f 2901 2907 2938
f 2901 2938 2898
f 2814 2815 2939
f 2939 2815 2916
f 2940 2547 2918
f 2935 2547 2940
f 2941 2780 2781
f 2941 2781 2860
f 2907 2908 2938
f 2938 2942 2898
f 2898 2942 2899
f 2928 2934 2925
f 2606 2943 2628
f 2944 2869 2628
f 2943 2944 2628
f 2874 2931 2928
f 2768 2831 2945
f 2768 2946 2930
f 2946 2768 2945
f 2929 2920 2934
f 2926 2932 2862
f 2607 2943 2606
f 2947 2943 2607
f 2895 2947 2607
f 2788 2948 2658
f 2892 2949 2788
f 2788 2949 2948
f 2906 2929 2950
f 2905 2906 2951
f 2906 2950 2951
f 2952 2929 2934
f 2953 2934 2928
f 2952 2934 2953
f 2954 2892 2867
f 2955 2867 2866
f 2954 2867 2955
f 2789 2956 2790
f 2957 2913 2790
f 2956 2957 2790
f 2883 2927 2809
f 2958 2791 2857
f 2959 2933 2791
f 2959 2791 2958
f 2838 2960 2839
f 2961 2880 2839
f 2960 2961 2839
f 2841 2897 2842
f 2861 2828 2936
f 2722 2962 2715
f 2722 2721 2962
f 2822 2823 2963
f 2823 2922 2964
f 2823 2964 2963
f 2875 2965 2787
f 2787 2965 2924
f 2899 2966 2847
f 2847 2967 2917
f 2966 2967 2847
f 2968 2818 2858
f 2819 2818 2969
f 2969 2818 2968
f 2908 2970 2938
f 2938 2970 2942
f 2908 2881 2970
f 2970 2881 2971
f 2881 2880 2971
f 2972 2786 2825
f 2912 2786 2972
f 2948 2900 2658
f 2973 2929 2952
f 2929 2973 2950
f 2928 2931 2953
f 2716 2715 2974
f 2715 2962 2975
f 2715 2975 2974
f 2831 2830 2945
f 2953 2931 2976
f 2976 2931 2932
f 2976 2952 2953
f 2973 2952 2976
f 2856 2977 2721
f 2721 2977 2978
f 2721 2978 2962
f 2716 2974 2796
f 2858 2814 2939
f 2899 2942 2966
f 2958 2857 2887
f 2979 2932 2926
f 2927 2980 2926
f 2980 2979 2926
f 2905 2951 2937
f 2888 2889 2981
f 2871 2982 2889
f 2889 2983 2981
f 2889 2982 2983
f 2830 2780 2984
f 2945 2830 2984
f 2949 2892 2954
f 2888 2981 2903
f 2870 2956 2789
f 2842 2985 2840
f 2840 2985 2896
f 2856 2855 2977
f 2871 2872 2982
f 2883 2986 2927
f 2882 2987 2883
f 2987 2986 2883
f 2796 2988 2795
f 2796 2974 2988
f 2950 2973 2989
f 2950 2989 2951
f 2914 2960 2838
f 2979 2976 2932
f 2990 2872 2893
f 2872 2990 2982
f 2991 2860 2861
f 2861 2936 2992
f 2992 2991 2861
f 2902 2903 2993
f 2903 2981 2994
f 2903 2994 2993
f 2995 2918 2819
f 2940 2918 2995
f 2989 2973 2976
f 2855 2816 2996
f 2855 2996 2977
f 2942 2970 2997
f 2942 2997 2966
f 2917 2998 2916
f 2967 2998 2917
f 2816 2900 2996
f 2935 2999 2746
f 2746 3000 2904
f 2999 3000 2746
f 3001 2825 2848
f 2972 2825 3001
f 3002 2887 2886
f 3002 2958 2887
f 2876 2822 2963
f 2902 2993 2923
f 2904 3003 2581
f 3003 3004 2581
f 2581 3004 2909
f 3005 2844 2795
f 3006 3005 2795
f 2795 2988 3006
f 2970 2971 2997
f 2880 2961 2971
f 3007 2780 2941
f 2780 3008 2984
f 2780 3007 3009
f 3008 2780 3009
f 2949 3010 2948
f 2948 3011 2900
f 3010 3011 2948
f 3012 2893 2933
f 3013 2990 2893
f 3013 2893 3012
f 3014 2976 2979
f 3014 2989 2976
f 2922 2923 3015
f 2923 2993 3016
f 2923 3016 3015
f 2951 3017 2937
f 2937 3018 2936
f 2937 3017 3018
f 3019 2866 2911
f 3020 2911 2912
f 3019 2911 3020
f 2997 3021 2966
f 2966 3021 2967
f 2955 2866 3019
f 3022 2886 2930
f 3023 3002 2886
f 3023 2886 3022
f 2986 2980 2927
f 2980 3014 2979
f 2869 3024 2870
f 3025 2956 2870
f 3024 3025 2870
f 2951 2989 3017
f 2999 2935 2940
f 2913 3026 2914
f 3027 2960 2914
f 3026 3027 2914
f 3001 2848 2854
f 3028 2858 2939
f 2968 2858 3029
f 3029 2858 3028
f 2904 3030 3003
f 3000 3030 2904
f 2995 2819 3031
f 3031 2819 2969
f 3005 2897 2844
f 2924 2987 2882
f 3032 2989 3014
f 2989 3033 3017
f 3033 2989 3032
f 2877 3034 2875
f 2875 3034 2965
f 2916 2998 2939
f 3035 2949 2954
f 3036 2954 2955
f 3036 3035 2954
f 3012 2933 2959
f 2991 2941 2860
f 2971 3037 2997
f 2997 3037 3021
f 3018 2992 2936
f 3038 2854 2853
f 3038 3001 2854
f 2922 3015 2964
f 3032 3014 2980
f 2971 2961 3037
f 2930 2946 3022
f 3039 2876 2963
f 2876 3039 2877
f 3037 2961 3040
f 2961 2960 3040
f 2897 3041 2842
f 3041 2897 3005
f 2949 3035 3010
f 2957 3026 2913
f 2981 2983 3042
f 2982 3043 2983
f 2983 3044 3042
f 2983 3043 3044
f 3045 2853 2910
f 3046 3038 2853
f 3046 2853 3045
f 2981 3042 2994
f 2967 3021 2998
f 2990 3047 2982
f 2982 3047 3043
f 3048 2959 2958
f 3048 3012 2959
f 3017 3033 3049
f 3017 3049 3018
f 2986 3050 2980
f 2987 3050 2986
f 3051 3032 2980
f 3050 3051 2980
f 3047 2990 3013
f 2993 2994 3052
f 2994 3042 3053
f 2994 3053 3052
f 3054 2999 2940
f 3055 2940 2995
f 3054 2940 3056
f 3056 2940 3055
f 3000 2999 3054
f 2996 2900 3057
f 2900 3011 3058
f 3057 2900 3058
f 2944 3024 2869
f 3059 2963 2964
f 2964 3015 3059
f 3018 3060 2992
f 3061 2991 2992
f 3060 3061 2992
f 3051 3033 3032
f 3033 3051 3049
f 3062 2946 2945
f 2946 3062 3022
f 2998 3063 2939
f 2939 3064 3028
f 3063 3064 2939
f 3003 3030 3004
f 3021 3037 3065
f 3021 3065 2998
f 2993 3052 3016
f 2969 2968 3066
f 3066 2968 3029
f 3067 2958 3002
f 3068 3048 2958
f 3068 2958 3067
f 2910 2909 3045
f 3069 3013 3012
f 3069 3047 3013
f 3070 2987 2924
f 2965 3070 2924
f 3037 3040 3065
f 2996 3057 2977
f 2960 3027 3040
f 3041 3071 2842
f 3071 2985 2842
f 2956 3072 2957
f 3073 3026 2957
f 3072 3073 2957
f 3016 3052 3074
f 3016 3074 3015
f 3065 3075 2998
f 2998 3075 3063
f 3067 3002 3023
f 3076 2955 3019
f 3076 3036 2955
f 3055 2995 3031
f 3042 3044 3077
f 3042 3077 3053
f 3043 3078 3044
f 3044 3078 3079
f 3044 3079 3077
f 3080 3069 3012
f 3081 3012 3048
f 3080 3012 3081
f 3082 3000 3054
f 3030 3000 3083
f 3083 3000 3082
f 3043 3047 3078
f 3078 3047 3069
f 3049 3060 3018
f 3020 2912 2972
f 3084 3050 2987
f 3085 3084 2987
f 3070 3085 2987
f 3086 3035 3036
f 3010 3035 3086
f 3087 2941 2991
f 3087 3088 2941
f 3088 3007 2941
f 3053 3089 3052
f 3053 3077 3089
f 3050 3084 3051
f 3090 3076 3019
f 3090 3019 3020
f 2945 2984 3091
f 3092 3062 2945
f 3092 2945 3091
f 3059 3093 2963
f 3094 3039 2963
f 3093 3094 2963
f 3040 3095 3065
f 3065 3095 3075
f 2943 3096 2944
f 3097 3024 2944
f 3096 3097 2944
f 3078 3069 3098
f 3098 3069 3080
f 3074 3052 3099
f 3052 3089 3100
f 3052 3100 3099
f 3081 3048 3068
f 3028 3101 3029
f 3064 3101 3028
f 3025 3072 2956
f 3040 3027 3095
f 3027 3026 3102
f 3095 3027 3102
f 3015 3074 3103
f 3015 3104 3059
f 3103 3104 3015
f 2909 3004 3105
f 2909 3105 3045
f 3051 3106 3049
f 3049 3106 3060
f 3061 3087 2991
f 2978 2977 3107
f 2977 3057 3108
f 2977 3108 3107
f 3109 3023 3022
f 3109 3067 3023
f 3075 3110 3063
f 3063 3110 3064
f 3079 3078 3098
f 3039 3111 2877
f 2877 3111 3034
f 3082 3054 3056
f 3079 3112 3077
f 3112 3079 3098
f 3031 2969 3066
f 3089 3077 3113
f 3077 3112 3114
f 3077 3114 3113
f 3074 3099 3103
f 3098 3080 3081
f 3051 3084 3115
f 3051 3115 3106
f 3011 3010 3116
f 3058 3011 3116
f 3106 3117 3060
f 3060 3117 3061
f 3118 3081 3068
f 3118 3068 3067
f 2978 3107 2962
f 3100 3089 3119
f 3089 3113 3119
f 2965 3120 3070
f 3034 3120 2965
f 3121 3041 3005
f 3071 3041 3121
f 2947 3096 2943
f 3122 3098 3081
f 3112 3098 3123
f 3123 3098 3122
f 2984 3008 3124
f 2984 3124 3091
f 3084 3085 3115
f 3120 3085 3070
f 3026 3073 3102
f 3030 3125 3004
f 3125 3030 3083
f 2975 2962 3126
f 2962 3107 3127
f 2962 3127 3126
f 3024 3128 3025
f 3129 3072 3025
f 3128 3129 3025
f 3122 3081 3118
f 3075 3095 3110
f 3104 3093 3059
f 3130 2972 3001
f 3130 3020 2972
f 3114 3112 3131
f 3131 3112 3123
f 3125 3132 3004
f 3004 3133 3105
f 3004 3132 3133
f 3100 3119 3099
f 3022 3062 3134
f 3135 3109 3022
f 3135 3022 3134
f 2895 3136 2947
f 2896 3137 2895
f 3138 3136 2895
f 3137 3138 2895
f 3121 3005 3006
f 3114 3131 3113
f 3029 3101 3066
f 3095 3102 3110
f 2974 2975 3139
f 2975 3126 3139
f 3064 3110 3101
f 2988 3140 3006
f 3141 3121 3006
f 3006 3140 3141
f 3123 3122 3142
f 3143 3122 3118
f 3142 3122 3143
f 3144 3111 3039
f 3094 3144 3039
f 2974 3139 2988
f 3099 3119 3145
f 3103 3099 3146
f 3146 3099 3147
f 3099 3145 3147
f 3115 3148 3106
f 3106 3148 3117
f 3136 3096 2947
f 2988 3139 3140
f 3149 3118 3067
f 3150 3067 3109
f 3149 3067 3150
f 3113 3131 3151
f 3119 3113 3152
f 3113 3151 3152
f 3131 3123 3142
f 3153 3036 3076
f 3154 3086 3036
f 3155 3036 3153
f 3154 3036 3155
f 3108 3057 3156
f 3057 3058 3156
f 3153 3076 3090
f 3157 3055 3031
f 3056 3055 3158
f 3158 3055 3157
f 3151 3131 3142
f 3119 3152 3145
f 3115 3085 3148
f 2985 3137 2896
f 3102 3073 3159
f 3073 3072 3160
f 3159 3073 3160
f 3010 3086 3116
f 3143 3118 3149
f 3151 3142 3161
f 3152 3151 3161
f 3162 3001 3038
f 3163 3130 3001
f 3163 3001 3162
f 3142 3143 3161
f 3164 3087 3061
f 3164 3165 3087
f 3165 3088 3087
f 3117 3164 3061
f 3102 3159 3110
f 3110 3166 3101
f 3110 3159 3166
f 3152 3161 3167
f 3145 3152 3167
f 3120 3168 3085
f 3148 3085 3169
f 3085 3168 3169
f 3146 3104 3103
f 3104 3170 3093
f 3093 3170 3094
f 3171 3143 3149
f 3161 3143 3171
f 3007 3088 3009
f 3172 3031 3066
f 3173 3031 3172
f 3157 3031 3173
f 3174 3082 3056
f 3083 3082 3175
f 3175 3082 3174
f 3008 3009 3124
f 3097 3128 3024
f 3134 3062 3092
f 3176 3120 3034
f 3168 3120 3176
f 3101 3177 3066
f 3166 3178 3101
f 3101 3178 3177
f 3150 3109 3135
f 3177 3179 3066
f 3066 3179 3172
f 3180 3125 3083
f 3132 3125 3181
f 3181 3125 3180
f 3148 3182 3117
f 3117 3182 3164
f 3072 3129 3160
f 3162 3038 3046
f 3111 3183 3034
f 3034 3184 3176
f 3183 3184 3034
f 3185 3104 3146
f 3186 3170 3104
f 3185 3186 3104
f 3171 3149 3150
f 3086 3154 3187
f 3116 3086 3187
f 3111 3188 3183
f 3144 3188 3111
f 3159 3160 3166
f 3166 3160 3178
f 3189 3090 3020
f 3190 3020 3130
f 3189 3020 3190
f 3169 3182 3148
f 3191 2985 3071
f 2985 3191 3137
f 3161 3171 3192
f 3192 3171 3150
f 3167 3161 3193
f 3193 3161 3192
f 3194 3046 3045
f 3194 3162 3046
f 3195 3150 3135
f 3195 3135 3134
f 3196 3168 3176
f 3169 3168 3196
f 3197 3092 3091
f 3134 3092 3197
f 3182 3198 3164
f 3198 3165 3164
f 3108 3156 3107
f 3178 3199 3177
f 3177 3199 3179
f 3096 3200 3097
f 3200 3128 3097
f 3179 3201 3172
f 3172 3201 3173
f 3170 3202 3094
f 3202 3144 3094
f 3147 3185 3146
f 3160 3129 3203
f 3129 3128 3203
f 3105 3133 3204
f 3132 3205 3133
f 3133 3205 3206
f 3133 3206 3204
f 3207 3153 3090
f 3155 3153 3208
f 3208 3153 3207
f 3174 3056 3158
f 3105 3204 3045
f 3045 3204 3209
f 3209 3194 3045
f 3145 3167 3147
f 3207 3090 3189
f 3058 3116 3156
f 3186 3210 3170
f 3170 3210 3202
f 3192 3150 3211
f 3211 3150 3195
f 3212 3182 3169
f 3198 3182 3212
f 3176 3213 3196
f 3184 3213 3176
f 3180 3083 3175
f 3214 3185 3147
f 3214 3186 3185
f 3215 3157 3173
f 3158 3157 3215
f 3167 3193 3216
f 3147 3167 3216
f 3193 3192 3211
f 3217 3154 3155
f 3187 3154 3217
f 3205 3132 3181
f 3165 3218 3088
f 3088 3218 3009
f 3212 3169 3196
f 3219 3193 3211
f 3216 3193 3219
f 3178 3160 3199
f 3220 3214 3147
f 3216 3220 3147
f 3221 3071 3121
f 3221 3191 3071
f 3160 3203 3199
f 3127 3107 3222
f 3107 3156 3223
f 3107 3223 3222
f 3136 3224 3096
f 3225 3200 3096
f 3224 3225 3096
f 3124 3226 3091
f 3197 3091 3226
f 3183 3227 3184
f 3188 3227 3183
f 3203 3128 3228
f 3128 3200 3229
f 3228 3128 3229
f 3212 3196 3230
f 3196 3213 3230
f 3179 3199 3201
f 3190 3130 3163
f 3195 3231 3211
f 3231 3195 3134
f 3232 3186 3214
f 3232 3210 3186
f 3202 3233 3144
f 3210 3234 3202
f 3234 3233 3202
f 3198 3235 3165
f 3235 3218 3165
f 3173 3201 3215
f 3211 3236 3219
f 3211 3231 3237
f 3237 3236 3211
f 3233 3188 3144
f 3238 3231 3134
f 3238 3134 3197
f 3009 3239 3124
f 3218 3240 3009
f 3009 3240 3239
f 3241 3232 3214
f 3220 3241 3214
f 3156 3116 3242
f 3116 3187 3243
f 3242 3116 3243
f 3126 3127 3244
f 3127 3222 3244
f 3212 3245 3198
f 3245 3235 3198
f 3219 3236 3216
f 3236 3220 3216
f 3246 3121 3141
f 3247 3221 3121
f 3247 3121 3246
f 3248 3174 3158
f 3175 3174 3249
f 3249 3174 3248
f 3203 3228 3199
f 3138 3224 3136
f 3184 3227 3213
f 3230 3245 3212
f 3250 3217 3155
f 3250 3155 3208
f 3181 3180 3251
f 3252 3180 3175
f 3251 3180 3252
f 3199 3253 3201
f 3199 3228 3253
f 3254 3207 3189
f 3208 3207 3254
f 3137 3255 3138
f 3255 3224 3138
f 3141 3140 3246
f 3126 3244 3139
f 3256 3163 3162
f 3257 3190 3163
f 3257 3163 3256
f 3248 3158 3215
f 3206 3205 3258
f 3259 3205 3181
f 3205 3259 3258
f 3223 3156 3260
f 3156 3242 3260
f 3200 3225 3229
f 3237 3231 3238
f 3261 3236 3237
f 3262 3261 3237
f 3262 3237 3238
f 3263 3210 3232
f 3210 3263 3234
f 3239 3264 3124
f 3124 3265 3226
f 3264 3265 3124
f 3140 3139 3266
f 3140 3266 3246
f 3201 3267 3215
f 3253 3268 3201
f 3201 3268 3267
f 3139 3244 3269
f 3139 3269 3266
f 3187 3217 3243
f 3191 3270 3137
f 3271 3255 3137
f 3270 3271 3137
f 3206 3258 3204
f 3233 3272 3188
f 3234 3273 3233
f 3273 3272 3233
f 3274 3263 3232
f 3241 3274 3232
f 3275 3238 3197
f 3226 3275 3197
f 3213 3276 3230
f 3213 3227 3276
f 3188 3272 3227
f 3235 3277 3218
f 3218 3277 3240
f 3236 3261 3220
f 3278 3162 3194
f 3256 3162 3278
f 3261 3241 3220
f 3279 3248 3215
f 3267 3280 3215
f 3215 3280 3279
f 3209 3204 3281
f 3204 3258 3282
f 3204 3282 3281
f 3283 3189 3190
f 3254 3189 3283
f 3228 3229 3253
f 3245 3284 3235
f 3284 3277 3235
f 3253 3229 3268
f 3217 3250 3285
f 3243 3217 3285
f 3259 3181 3251
f 3270 3191 3221
f 3286 3261 3262
f 3275 3262 3238
f 3286 3262 3275
f 3278 3194 3209
f 3287 3245 3230
f 3230 3276 3287
f 3281 3278 3209
f 3276 3227 3288
f 3227 3272 3289
f 3227 3289 3288
f 3252 3175 3249
f 3284 3245 3287
f 3274 3241 3261
f 3290 3261 3286
f 3290 3274 3261
f 3263 3291 3234
f 3291 3292 3234
f 3292 3273 3234
f 3239 3240 3264
f 3229 3225 3293
f 3225 3224 3293
f 3291 3263 3294
f 3294 3263 3274
f 3295 3250 3208
f 3295 3208 3254
f 3222 3223 3296
f 3223 3260 3296
f 3297 3248 3279
f 3249 3248 3297
f 3298 3250 3295
f 3285 3250 3299
f 3299 3250 3298
f 3265 3300 3226
f 3300 3275 3226
f 3242 3243 3260
f 3301 3190 3257
f 3283 3190 3301
f 3268 3302 3267
f 3267 3302 3280
f 3287 3276 3303
f 3276 3288 3303
f 3304 3290 3286
f 3300 3286 3275
f 3305 3304 3286
f 3305 3286 3300
f 3258 3259 3306
f 3306 3259 3251
f 3292 3291 3294
f 3268 3229 3302
f 3229 3293 3302
f 3307 3221 3247
f 3307 3270 3221
f 3289 3272 3308
f 3272 3273 3308
f 3277 3309 3240
f 3240 3310 3264
f 3240 3309 3310
f 3304 3274 3290
f 3222 3296 3244
f 3294 3274 3304
f 3311 3284 3287
f 3303 3311 3287
f 3224 3255 3312
f 3293 3224 3313
f 3313 3224 3312
f 3264 3314 3265
f 3265 3314 3300
f 3280 3315 3279
f 3279 3315 3297
f 3316 3252 3249
f 3251 3252 3316
f 3301 3257 3256
f 3243 3285 3317
f 3260 3243 3318
f 3318 3243 3317
f 3319 3295 3254
f 3319 3254 3283
f 3273 3292 3308
f 3320 3292 3294
f 3308 3292 3320
f 3309 3277 3284
f 3298 3295 3319
f 3321 3304 3305
f 3305 3314 3321
f 3314 3305 3300
f 3289 3308 3322
f 3288 3289 3322
f 3258 3323 3282
f 3323 3258 3306
f 3324 3247 3246
f 3324 3307 3247
f 3311 3309 3284
f 3320 3294 3304
f 3310 3314 3264
f 3255 3271 3312
f 3269 3244 3325
f 3244 3296 3326
f 3244 3326 3325
f 3327 3249 3297
f 3316 3249 3327
f 3328 3304 3321
f 3328 3320 3304
f 3321 3314 3329
f 3329 3328 3321
f 3310 3330 3314
f 3314 3330 3329
f 3280 3302 3315
f 3285 3299 3317
f 3331 3256 3278
f 3331 3301 3256
f 3293 3313 3302
f 3281 3282 3332
f 3282 3323 3333
f 3282 3333 3332
f 3260 3318 3296
f 3308 3320 3328
f 3322 3308 3328
f 3288 3322 3303
f 3334 3271 3270
f 3312 3271 3334
f 3309 3330 3310
f 3329 3330 3303
f 3330 3309 3311
f 3330 3311 3303
f 3266 3335 3246
f 3336 3324 3246
f 3246 3335 3336
f 3322 3328 3329
f 3303 3322 3329
f 3299 3298 3337
f 3317 3299 3337
f 3332 3278 3281
f 3338 3331 3278
f 3338 3278 3332
f 3339 3251 3316
f 3306 3251 3340
f 3340 3251 3339
f 3341 3298 3319
f 3337 3298 3341
f 3342 3319 3283
f 3342 3283 3301
f 3266 3269 3335
f 3269 3325 3335
f 3302 3313 3343
f 3302 3343 3315
f 3344 3270 3307
f 3345 3334 3270
f 3345 3270 3344
f 3341 3319 3346
f 3346 3319 3342
f 3297 3315 3327
f 3339 3316 3327
f 3313 3312 3343
f 3323 3306 3347
f 3347 3306 3340
f 3296 3318 3348
f 3326 3296 3349
f 3296 3348 3349
f 3318 3317 3350
f 3348 3318 3350
f 3351 3342 3301
f 3352 3301 3331
f 3351 3301 3352
f 3343 3353 3315
f 3315 3354 3327
f 3315 3353 3354
f 3337 3341 3355
f 3355 3341 3346
f 3344 3307 3324
f 3343 3312 3353
f 3346 3342 3351
f 3333 3323 3356
f 3356 3323 3347
f 3317 3337 3355
f 3350 3317 3355
f 3312 3334 3357
f 3353 3312 3357
f 3352 3331 3338
f 3358 3339 3327
f 3354 3359 3327
f 3327 3359 3358
f 3325 3326 3360
f 3326 3349 3360
f 3333 3356 3332
f 3340 3339 3361
f 3361 3339 3358
f 3362 3324 3336
f 3362 3344 3324
f 3363 3338 3332
f 3363 3352 3338
f 3332 3356 3364
f 3364 3363 3332
f 3334 3345 3357
f 3348 3350 3365
f 3349 3348 3365
f 3366 3346 3351
f 3355 3346 3366
f 3366 3351 3352
f 3353 3357 3354
f 3354 3357 3359
f 3367 3345 3344
f 3357 3345 3367
f 3347 3340 3368
f 3368 3340 3361
f 3325 3360 3335
f 3336 3335 3369
f 3369 3362 3336
f 3359 3370 3358
f 3358 3370 3361
f 3350 3355 3365
f 3371 3355 3366
f 3365 3355 3371
f 3335 3360 3372
f 3335 3372 3369
f 3373 3367 3344
f 3374 3344 3362
f 3373 3344 3374
f 3356 3347 3368
f 3375 3366 3352
f 3376 3352 3363
f 3375 3352 3376
f 3359 3357 3370
f 3349 3365 3360
f 3357 3367 3370
f 3371 3366 3375
f 3361 3370 3368
f 3364 3356 3377
f 3378 3356 3368
f 3377 3356 3378
f 3376 3363 3364
f 3377 3376 3364
f 3367 3373 3370
f 3370 3379 3368
f 3370 3373 3379
f 3365 3371 3380
f 3360 3365 3381
f 3381 3365 3380
f 3380 3371 3375
f 3374 3362 3369
f 3379 3382 3368
f 3368 3382 3378
f 3379 3373 3374
f 3382 3379 3374
f 3380 3375 3376
f 3372 3360 3383
f 3360 3381 3383
f 3369 3372 3384
f 3384 3374 3369
f 3372 3383 3384
f 3378 3382 3385
f 3377 3378 3385
f 3382 3374 3385
f 3385 3374 3384
f 3381 3380 3386
f 3383 3381 3386
f 3386 3380 3376
f 3385 3376 3377
f 3386 3376 3385
f 3384 3383 3385
f 3383 3386 3385
