# 
# Wavefront OBJ file
# Created with Kaydara FBX
# 
mtllib c:\users\tjvan\onedrive\documenten\fontys\minor\nx\.mtlmodels\tributary_veins_of_great_and_small_saphenous_veins.r.obj

g Tributary_veins_of_Great_and_small_saphenous_veins_r
v -0.135750 0.288836 -0.057501
v -0.135754 0.289197 -0.059775
v -0.135725 0.289344 -0.059749
v -0.135700 0.288691 -0.057524
v -0.135721 0.288987 -0.057480
v -0.135584 0.288520 -0.055171
v -0.135532 0.288372 -0.055194
v -0.135545 0.289732 -0.061918
v -0.135705 0.289055 -0.059797
v -0.135573 0.289589 -0.061948
v -0.135626 0.289456 -0.059726
v -0.135619 0.289104 -0.057467
v -0.135554 0.288675 -0.055155
v -0.135448 0.289840 -0.061887
v -0.135583 0.288591 -0.057543
v -0.135413 0.288271 -0.055219
v -0.135590 0.288956 -0.059810
v -0.135524 0.289451 -0.061970
v -0.135482 0.289504 -0.059713
v -0.135451 0.288796 -0.055151
v -0.135472 0.289155 -0.057465
v -0.135309 0.289885 -0.061864
v -0.135278 0.288260 -0.052821
v -0.135225 0.288108 -0.052844
v -0.135431 0.288563 -0.057554
v -0.135258 0.288243 -0.055239
v -0.135413 0.289353 -0.061977
v -0.135441 0.288927 -0.059809
v -0.135250 0.290173 -0.064111
v -0.135275 0.290043 -0.064143
v -0.135249 0.288419 -0.052810
v -0.135162 0.290271 -0.064078
v -0.135104 0.288005 -0.052873
v -0.135230 0.289917 -0.064166
v -0.135333 0.289475 -0.059712
v -0.135302 0.288849 -0.055159
v -0.135320 0.289126 -0.057475
v -0.135164 0.289855 -0.061855
v -0.135284 0.288614 -0.057552
v -0.135109 0.288296 -0.055247
v -0.135144 0.288543 -0.052815
v -0.135268 0.289323 -0.061968
v -0.135298 0.288975 -0.059795
v -0.135034 0.290312 -0.064054
v -0.134947 0.287977 -0.052901
v -0.135128 0.289827 -0.064173
v -0.135219 0.289376 -0.059725
v -0.135052 0.289757 -0.061862
v -0.135147 0.288821 -0.055179
v -0.135203 0.289026 -0.057495
v -0.134993 0.288598 -0.052833
v -0.135182 0.288730 -0.057539
v -0.135128 0.289368 -0.061945
v -0.135198 0.289087 -0.059773
v -0.134901 0.290284 -0.064044
v -0.134796 0.288033 -0.052919
v -0.134857 0.288067 -0.050489
v -0.134802 0.287912 -0.050510
v -0.134828 0.288229 -0.050484
v -0.135006 0.288416 -0.055243
v -0.134995 0.289799 -0.064163
v -0.134986 0.290661 -0.066202
v -0.135009 0.290544 -0.066235
v -0.134907 0.290750 -0.066170
v -0.134679 0.287806 -0.050543
v -0.135169 0.289234 -0.059747
v -0.135004 0.289619 -0.061884
v -0.134968 0.290430 -0.066259
v -0.135027 0.288720 -0.055204
v -0.135153 0.288881 -0.057518
v -0.135032 0.289476 -0.061915
v -0.134976 0.288571 -0.055227
v -0.134723 0.288357 -0.050497
v -0.134836 0.288571 -0.052861
v -0.134799 0.290195 -0.064052
v -0.134791 0.290786 -0.066148
v -0.134868 0.289840 -0.064139
v -0.134874 0.290349 -0.066269
v -0.134520 0.287779 -0.050577
v -0.134691 0.288157 -0.052924
v -0.134754 0.290068 -0.064075
v -0.134714 0.288467 -0.052890
v -0.134779 0.289938 -0.064107
v -0.134670 0.290761 -0.066140
v -0.134661 0.288316 -0.052913
v -0.134570 0.288414 -0.050525
v -0.134753 0.290324 -0.066262
v -0.134762 0.291098 -0.068241
v -0.134724 0.290996 -0.068267
v -0.134742 0.291202 -0.068208
v -0.134670 0.291282 -0.068176
v -0.134367 0.287836 -0.050605
v -0.134576 0.290681 -0.066150
v -0.134566 0.291315 -0.068155
v -0.134638 0.290361 -0.066240
v -0.134640 0.290925 -0.068278
v -0.134342 0.287952 -0.048210
v -0.134286 0.287794 -0.048229
v -0.134314 0.288118 -0.048212
v -0.134410 0.288386 -0.050559
v -0.134161 0.287686 -0.048264
v -0.134262 0.287963 -0.050618
v -0.134535 0.290567 -0.066175
v -0.134457 0.291292 -0.068149
v -0.134558 0.290450 -0.066208
v -0.134531 0.290902 -0.068273
v -0.134505 0.291803 -0.070136
v -0.134522 0.291712 -0.070170
v -0.134442 0.291873 -0.070105
v -0.134209 0.288249 -0.048234
v -0.134287 0.288281 -0.050592
v -0.134489 0.291623 -0.070196
v -0.134232 0.288126 -0.050613
v -0.133999 0.287658 -0.048305
v -0.134373 0.291221 -0.068161
v -0.134349 0.291902 -0.070085
v -0.134427 0.290935 -0.068252
v -0.134413 0.291560 -0.070209
v -0.134055 0.288308 -0.048271
v -0.134355 0.291015 -0.068220
v -0.134336 0.291119 -0.068187
v -0.134253 0.291882 -0.070081
v -0.133845 0.287717 -0.048341
v -0.134317 0.291540 -0.070204
v -0.134264 0.292469 -0.071998
v -0.134279 0.292390 -0.072030
v -0.134209 0.292529 -0.071968
v -0.134249 0.292314 -0.072056
v -0.134177 0.291819 -0.070093
v -0.134129 0.292554 -0.071948
v -0.134224 0.291569 -0.070184
v -0.133893 0.288280 -0.048312
v -0.134183 0.292259 -0.072069
v -0.133740 0.287848 -0.048364
v -0.134144 0.291730 -0.070120
v -0.133758 0.287927 -0.046022
v -0.133699 0.287765 -0.046037
v -0.134161 0.291638 -0.070153
v -0.134044 0.292536 -0.071944
v -0.133731 0.288097 -0.046032
v -0.134098 0.292242 -0.072065
v -0.133571 0.287656 -0.046073
v -0.133768 0.288172 -0.048347
v -0.134020 0.293139 -0.073831
v -0.134007 0.293206 -0.073800
v -0.133712 0.288014 -0.048365
v -0.133978 0.292482 -0.071957
v -0.133994 0.293074 -0.073856
v -0.133961 0.293256 -0.073771
v -0.134018 0.292266 -0.072046
v -0.133626 0.288230 -0.046064
v -0.133892 0.293276 -0.073753
v -0.133948 0.292405 -0.071983
v -0.133937 0.293028 -0.073868
v -0.133408 0.287627 -0.046120
v -0.133963 0.292326 -0.072016
v -0.133819 0.293261 -0.073749
v -0.133864 0.293013 -0.073865
v -0.133472 0.288290 -0.046110
v -0.133762 0.293215 -0.073762
v -0.133795 0.293034 -0.073846
v -0.133733 0.293964 -0.075581
v -0.133723 0.294018 -0.075553
v -0.133253 0.287688 -0.046165
v -0.133711 0.293911 -0.075604
v -0.133685 0.294058 -0.075526
v -0.133737 0.293150 -0.073787
v -0.133749 0.293084 -0.073818
v -0.133628 0.294074 -0.075509
v -0.133664 0.293873 -0.075615
v -0.133308 0.288262 -0.046157
v -0.133567 0.294061 -0.075505
v -0.133603 0.293860 -0.075612
v -0.133148 0.287821 -0.046198
v -0.133520 0.294024 -0.075517
v -0.133546 0.293876 -0.075594
v -0.133122 0.287991 -0.046208
v -0.133126 0.288003 -0.043962
v -0.133065 0.287839 -0.043971
v -0.133102 0.288176 -0.043982
v -0.133180 0.288152 -0.046193
v -0.133507 0.293916 -0.075568
v -0.133498 0.293970 -0.075539
v -0.133400 0.294911 -0.077264
v -0.133407 0.294869 -0.077289
v -0.133370 0.294942 -0.077241
v -0.133390 0.294827 -0.077309
v -0.132934 0.287727 -0.044006
v -0.133324 0.294954 -0.077225
v -0.133352 0.294797 -0.077318
v -0.132999 0.288312 -0.044025
v -0.133276 0.294944 -0.077222
v -0.133303 0.294787 -0.077315
v -0.132769 0.287698 -0.044059
v -0.133238 0.294914 -0.077231
v -0.133258 0.294799 -0.077300
v -0.133220 0.294872 -0.077251
v -0.133227 0.294830 -0.077276
v -0.132843 0.288373 -0.044080
v -0.132613 0.287759 -0.044114
v -0.133031 0.295860 -0.078964
v -0.133018 0.295829 -0.078980
v -0.133026 0.295891 -0.078943
v -0.133004 0.295913 -0.078924
v -0.132970 0.295921 -0.078911
v -0.132989 0.295807 -0.078987
v -0.132934 0.295913 -0.078908
v -0.132678 0.288344 -0.044133
v -0.132953 0.295799 -0.078984
v -0.132905 0.295891 -0.078916
v -0.132510 0.287895 -0.044157
v -0.132919 0.295807 -0.078971
v -0.132892 0.295860 -0.078932
v -0.132897 0.295830 -0.078952
v -0.132547 0.288232 -0.044168
v -0.132486 0.288067 -0.044177
v -0.132470 0.288193 -0.042065
v -0.132405 0.288027 -0.042066
v -0.132450 0.288368 -0.042098
v -0.132270 0.287913 -0.042099
v -0.132593 0.296943 -0.080614
v -0.132584 0.296923 -0.080625
v -0.132590 0.296962 -0.080599
v -0.132575 0.296977 -0.080585
v -0.132349 0.288505 -0.042155
v -0.132553 0.296982 -0.080576
v -0.132565 0.296908 -0.080630
v -0.132529 0.296976 -0.080573
v -0.132541 0.296902 -0.080627
v -0.132103 0.287883 -0.042157
v -0.132510 0.296961 -0.080578
v -0.132519 0.296907 -0.080618
v -0.132504 0.296921 -0.080604
v -0.132501 0.296941 -0.080590
v -0.132194 0.288566 -0.042221
v -0.131948 0.287944 -0.042223
v -0.132027 0.288536 -0.042278
v -0.131847 0.288081 -0.042280
v -0.132082 0.298122 -0.082248
v -0.132077 0.298112 -0.082254
v -0.132080 0.298131 -0.082241
v -0.132073 0.298138 -0.082233
v -0.132062 0.298140 -0.082228
v -0.132067 0.298104 -0.082257
v -0.131893 0.288422 -0.042312
v -0.132056 0.298101 -0.082255
v -0.132050 0.298137 -0.082226
v -0.132041 0.298130 -0.082229
v -0.131827 0.288256 -0.042313
v -0.132045 0.298104 -0.082250
v -0.132037 0.298110 -0.082243
v -0.132036 0.298120 -0.082235
v -0.131812 0.288509 -0.040369
v -0.131741 0.288341 -0.040358
v -0.131798 0.288684 -0.040419
v -0.131602 0.288226 -0.040387
v -0.131701 0.288820 -0.040493
v -0.131433 0.288195 -0.040449
v -0.131548 0.288880 -0.040571
v -0.131280 0.288255 -0.040528
v -0.131379 0.288849 -0.040634
v -0.131183 0.288391 -0.040602
v -0.131240 0.288734 -0.040663
v -0.131168 0.288566 -0.040652
v -0.131175 0.288962 -0.038910
v -0.131094 0.288797 -0.038881
v -0.131170 0.289133 -0.038982
v -0.130949 0.288682 -0.038903
v -0.131080 0.289265 -0.039078
v -0.130779 0.288649 -0.038970
v -0.130930 0.289322 -0.039172
v -0.130629 0.288706 -0.039064
v -0.130760 0.289289 -0.039240
v -0.130539 0.288838 -0.039160
v -0.130615 0.289174 -0.039262
v -0.130534 0.289009 -0.039233
v -0.130584 0.289563 -0.037732
v -0.130491 0.289405 -0.037682
v -0.130590 0.289725 -0.037829
v -0.130338 0.289294 -0.037693
v -0.130509 0.289849 -0.037947
v -0.130165 0.289260 -0.037762
v -0.130363 0.289901 -0.038055
v -0.130018 0.289312 -0.037870
v -0.130190 0.289867 -0.038124
v -0.129937 0.289435 -0.037989
v -0.130036 0.289756 -0.038136
v -0.129997 0.290393 -0.036593
v -0.129891 0.290239 -0.036525
v -0.130013 0.290551 -0.036712
v -0.129944 0.289598 -0.038086
v -0.129935 0.290672 -0.036849
v -0.129725 0.290132 -0.036524
v -0.129784 0.290722 -0.036968
v -0.129541 0.290099 -0.036592
v -0.129600 0.290689 -0.037036
v -0.129390 0.290150 -0.036710
v -0.129433 0.290582 -0.037035
v -0.129312 0.290270 -0.036847
v -0.129480 0.291333 -0.035509
v -0.129502 0.291489 -0.035644
v -0.129364 0.291183 -0.035424
v -0.129328 0.290429 -0.036966
v -0.129424 0.291609 -0.035794
v -0.129184 0.291080 -0.035413
v -0.129267 0.291661 -0.035919
v -0.128989 0.291050 -0.035479
v -0.129072 0.291632 -0.035984
v -0.128832 0.291103 -0.035603
v -0.129017 0.292371 -0.034465
v -0.129044 0.292525 -0.034615
v -0.128891 0.292225 -0.034367
v -0.128892 0.291528 -0.035973
v -0.128965 0.292644 -0.034778
v -0.128754 0.291223 -0.035753
v -0.128699 0.292125 -0.034347
v -0.128776 0.291379 -0.035889
v -0.128801 0.292698 -0.034909
v -0.128494 0.292098 -0.034411
v -0.128596 0.292671 -0.034973
v -0.128594 0.293489 -0.033457
v -0.128625 0.293641 -0.033621
v -0.128330 0.292152 -0.034542
v -0.128459 0.293345 -0.033347
v -0.128545 0.293760 -0.033795
v -0.128405 0.292571 -0.034954
v -0.128257 0.293248 -0.033321
v -0.128251 0.292272 -0.034705
v -0.128278 0.292425 -0.034855
v -0.128375 0.293815 -0.033933
v -0.128042 0.293223 -0.033385
v -0.128197 0.294670 -0.032480
v -0.128232 0.294821 -0.032656
v -0.128159 0.293790 -0.033997
v -0.128055 0.294527 -0.032360
v -0.128151 0.294941 -0.032841
v -0.127871 0.293278 -0.033523
v -0.127843 0.294430 -0.032329
v -0.127957 0.293693 -0.033971
v -0.127974 0.294996 -0.032986
v -0.127791 0.293397 -0.033697
v -0.127823 0.293549 -0.033861
v -0.127618 0.294407 -0.032394
v -0.127814 0.295895 -0.031529
v -0.127852 0.296048 -0.031715
v -0.127665 0.295751 -0.031401
v -0.127749 0.294972 -0.033051
v -0.127769 0.296168 -0.031910
v -0.127442 0.294462 -0.032538
v -0.127444 0.295654 -0.031366
v -0.127538 0.294876 -0.033019
v -0.127586 0.296223 -0.032062
v -0.127360 0.294581 -0.032724
v -0.127211 0.295630 -0.031433
v -0.127432 0.297148 -0.030598
v -0.127472 0.297303 -0.030793
v -0.127395 0.294733 -0.032899
v -0.127276 0.297000 -0.030464
v -0.127387 0.297425 -0.030998
v -0.127353 0.296199 -0.032129
v -0.127047 0.296900 -0.030427
v -0.127028 0.295685 -0.031585
v -0.127198 0.297479 -0.031157
v -0.127132 0.296102 -0.032095
v -0.126944 0.295805 -0.031780
v -0.126805 0.296874 -0.030498
v -0.127036 0.298410 -0.029682
v -0.126875 0.298256 -0.029543
v -0.127079 0.298570 -0.029885
v -0.126982 0.295958 -0.031967
v -0.126990 0.298693 -0.030099
v -0.126956 0.297453 -0.031228
v -0.126638 0.298150 -0.029507
v -0.126616 0.296929 -0.030657
v -0.126796 0.298747 -0.030266
v -0.126727 0.297353 -0.031191
v -0.126389 0.298120 -0.029582
v -0.126614 0.299663 -0.028775
v -0.126657 0.299830 -0.028985
v -0.126530 0.297050 -0.030862
v -0.126449 0.299501 -0.028635
v -0.126571 0.297205 -0.031057
v -0.126567 0.299957 -0.029207
v -0.126546 0.298717 -0.030341
v -0.126205 0.299386 -0.028600
v -0.126194 0.298174 -0.029749
v -0.126366 0.300010 -0.029382
v -0.126309 0.298611 -0.030305
v -0.126152 0.300891 -0.027873
v -0.126195 0.301067 -0.028087
v -0.125949 0.299351 -0.028682
v -0.126106 0.298298 -0.029963
v -0.125983 0.300716 -0.027733
v -0.126148 0.298458 -0.030166
v -0.126101 0.301198 -0.028316
v -0.126110 0.299974 -0.029463
v -0.125735 0.300590 -0.027703
v -0.125749 0.299403 -0.028857
v -0.125896 0.301249 -0.028500
v -0.125867 0.299859 -0.029429
v -0.125658 0.299530 -0.029079
v -0.125473 0.300547 -0.027792
v -0.125636 0.302075 -0.026969
v -0.125677 0.302263 -0.027185
v -0.125701 0.299697 -0.029288
v -0.125466 0.301884 -0.026832
v -0.125634 0.301205 -0.028589
v -0.125580 0.302399 -0.027421
v -0.125214 0.301743 -0.026810
v -0.125267 0.300597 -0.027976
v -0.125370 0.302447 -0.027614
v -0.125385 0.301079 -0.028559
v -0.125173 0.300728 -0.028205
v -0.124948 0.301690 -0.026908
v -0.125216 0.300904 -0.028419
v -0.125055 0.303190 -0.026064
v -0.125093 0.303393 -0.026279
v -0.125103 0.302393 -0.027713
v -0.124886 0.302982 -0.025932
v -0.124990 0.303538 -0.026519
v -0.124738 0.301737 -0.027102
v -0.124632 0.302826 -0.025918
v -0.124851 0.302252 -0.027691
v -0.124775 0.303585 -0.026720
v -0.124640 0.301873 -0.027338
v -0.124682 0.302062 -0.027553
v -0.124361 0.302763 -0.026025
v -0.124503 0.303522 -0.026828
v -0.124144 0.304704 -0.024717
v -0.124175 0.304919 -0.024922
v -0.123981 0.304485 -0.024593
v -0.124067 0.305074 -0.025155
v -0.124145 0.302810 -0.026226
v -0.123730 0.304321 -0.024585
v -0.124250 0.303366 -0.026814
v -0.123847 0.305126 -0.025352
v -0.124043 0.302955 -0.026466
v -0.124081 0.303158 -0.026681
v -0.123459 0.304257 -0.024694
v -0.123576 0.305062 -0.025461
v -0.123239 0.304309 -0.024891
v -0.123325 0.304898 -0.025453
v -0.123385 0.305892 -0.023500
v -0.123408 0.306122 -0.023692
v -0.123131 0.304464 -0.025124
v -0.123228 0.305662 -0.023386
v -0.123162 0.304679 -0.025329
v -0.123291 0.306289 -0.023912
v -0.122980 0.305494 -0.023383
v -0.123066 0.306350 -0.024102
v -0.122706 0.305431 -0.023490
v -0.122792 0.306287 -0.024209
v -0.122481 0.305492 -0.023679
v -0.122758 0.306802 -0.022401
v -0.122771 0.307046 -0.022577
v -0.122608 0.306560 -0.022301
v -0.122544 0.306118 -0.024205
v -0.122645 0.307227 -0.022782
v -0.122364 0.305659 -0.023900
v -0.122363 0.306386 -0.022304
v -0.122387 0.305888 -0.024092
v -0.122413 0.307297 -0.022961
v -0.122087 0.306325 -0.022409
v -0.122137 0.307236 -0.023066
v -0.122246 0.307473 -0.021414
v -0.122249 0.307732 -0.021570
v -0.122105 0.307220 -0.021330
v -0.121855 0.306395 -0.022587
v -0.122112 0.307927 -0.021756
v -0.121863 0.307039 -0.021341
v -0.121892 0.307062 -0.023069
v -0.121728 0.306576 -0.022792
v -0.121873 0.308006 -0.021922
v -0.121742 0.306820 -0.022969
v -0.121584 0.306981 -0.021443
v -0.121833 0.307947 -0.020532
v -0.121700 0.307683 -0.020467
v -0.121825 0.308220 -0.020664
v -0.121594 0.307947 -0.022024
v -0.121461 0.307497 -0.020487
v -0.121677 0.308428 -0.020828
v -0.121345 0.307060 -0.021609
v -0.121208 0.307254 -0.021795
v -0.121181 0.307440 -0.020585
v -0.121352 0.307767 -0.022035
v -0.121429 0.308515 -0.020979
v -0.121501 0.308266 -0.019746
v -0.121376 0.307992 -0.019701
v -0.121481 0.308550 -0.019853
v -0.121210 0.307513 -0.021951
v -0.121141 0.307802 -0.019731
v -0.121323 0.308768 -0.019993
v -0.120933 0.307527 -0.020737
v -0.121148 0.308458 -0.021078
v -0.121232 0.308470 -0.019046
v -0.121114 0.308190 -0.019020
v -0.121203 0.308762 -0.019130
v -0.120858 0.307746 -0.019826
v -0.121067 0.308862 -0.020129
v -0.120785 0.307735 -0.020901
v -0.120909 0.308272 -0.021098
v -0.120882 0.307996 -0.019059
v -0.121035 0.308987 -0.019248
v -0.121008 0.308599 -0.018421
v -0.120894 0.308315 -0.018408
v -0.120776 0.308008 -0.021033
v -0.120973 0.308895 -0.018489
v -0.120603 0.307840 -0.019962
v -0.120596 0.307941 -0.019152
v -0.120784 0.308806 -0.020225
v -0.120664 0.308120 -0.018453
v -0.120774 0.309085 -0.019371
v -0.120800 0.309124 -0.018594
v -0.120811 0.308694 -0.017858
v -0.120698 0.308409 -0.017847
v -0.120776 0.308992 -0.017926
v -0.120444 0.308059 -0.020103
v -0.120549 0.308616 -0.020254
v -0.120467 0.308213 -0.017894
v -0.120377 0.308065 -0.018546
v -0.120335 0.308040 -0.019274
v -0.120622 0.308797 -0.017346
v -0.120503 0.308514 -0.017319
v -0.120602 0.309221 -0.018031
v -0.120534 0.309225 -0.018708
v -0.120424 0.308343 -0.020209
v -0.120489 0.309030 -0.019464
v -0.120594 0.309090 -0.017434
v -0.120269 0.308318 -0.017361
v -0.120180 0.308158 -0.017988
v -0.120167 0.308265 -0.019393
v -0.120112 0.308166 -0.018659
v -0.120256 0.308837 -0.019503
v -0.120422 0.308951 -0.016876
v -0.120289 0.308680 -0.016817
v -0.120428 0.309316 -0.017560
v -0.120414 0.309231 -0.017008
v -0.120336 0.309322 -0.018146
v -0.120248 0.309170 -0.018800
v -0.120048 0.308488 -0.016845
v -0.119983 0.308262 -0.017461
v -0.120139 0.308557 -0.019477
v -0.120196 0.309204 -0.016454
v -0.120040 0.308957 -0.016353
v -0.120265 0.309442 -0.017176
v -0.120216 0.309452 -0.016638
v -0.120167 0.309414 -0.017690
v -0.119938 0.308395 -0.018764
v -0.119914 0.308259 -0.018103
v -0.119765 0.308428 -0.016954
v -0.119789 0.308776 -0.016364
v -0.120017 0.308975 -0.018846
v -0.120049 0.309267 -0.018240
v -0.120015 0.309530 -0.017335
v -0.120095 0.309633 -0.016858
v -0.119740 0.308488 -0.018208
v -0.119722 0.308360 -0.017591
v -0.119904 0.308691 -0.018833
v -0.119511 0.308709 -0.016483
v -0.119818 0.309071 -0.018287
v -0.119881 0.309357 -0.017789
v -0.119864 0.309699 -0.017054
v -0.119733 0.309470 -0.017444
v -0.119556 0.308586 -0.017717
v -0.119516 0.308516 -0.017114
v -0.119705 0.308786 -0.018276
v -0.119280 0.308776 -0.016678
v -0.119647 0.309162 -0.017831
v -0.119586 0.309633 -0.017173
v -0.119367 0.308728 -0.017282
v -0.119528 0.308879 -0.017805
v -0.119492 0.309279 -0.017472
v -0.119336 0.309452 -0.017184
v -0.119159 0.308957 -0.016898
v -0.119359 0.309007 -0.017413
v -0.119179 0.309204 -0.017083
v -0.062001 0.054349 -0.087300
v -0.062300 0.054274 -0.087587
v -0.061995 0.054336 -0.087302
v -0.061994 0.054321 -0.087299
v -0.062011 0.054357 -0.087293
v -0.061998 0.054310 -0.087291
v -0.062022 0.054359 -0.087283
v -0.062008 0.054304 -0.087281
v -0.062031 0.054353 -0.087273
v -0.062019 0.054305 -0.087271
v -0.062035 0.054341 -0.087265
v -0.062028 0.054314 -0.087264
v -0.062035 0.054327 -0.087262
v -0.061690 0.054481 -0.086986
v -0.061677 0.054457 -0.086988
v -0.061711 0.054497 -0.086974
v -0.061674 0.054431 -0.086980
v -0.061732 0.054499 -0.086957
v -0.061681 0.054409 -0.086964
v -0.061748 0.054489 -0.086937
v -0.061698 0.054398 -0.086945
v -0.061756 0.054467 -0.086921
v -0.061719 0.054401 -0.086927
v -0.061753 0.054440 -0.086914
v -0.061739 0.054416 -0.086916
v -0.061353 0.054558 -0.086614
v -0.061343 0.054589 -0.086638
v -0.061377 0.054542 -0.086585
v -0.061409 0.054546 -0.086559
v -0.061440 0.054568 -0.086544
v -0.061349 0.054627 -0.086652
v -0.061462 0.054603 -0.086543
v -0.061371 0.054662 -0.086651
v -0.061468 0.054641 -0.086556
v -0.061402 0.054684 -0.086636
v -0.061434 0.054688 -0.086610
v -0.061458 0.054672 -0.086581
v -0.061135 0.054757 -0.086154
v -0.061093 0.054729 -0.086172
v -0.061166 0.054802 -0.086154
v -0.061176 0.054852 -0.086174
v -0.061163 0.054892 -0.086208
v -0.061132 0.054913 -0.086246
v -0.061051 0.054725 -0.086205
v -0.061089 0.054909 -0.086279
v -0.061019 0.054746 -0.086244
v -0.061006 0.054786 -0.086278
v -0.061017 0.054836 -0.086297
v -0.061047 0.054880 -0.086298
v -0.060870 0.055028 -0.085753
v -0.060831 0.054973 -0.085750
v -0.060884 0.055088 -0.085779
v -0.060869 0.055138 -0.085821
v -0.060777 0.054938 -0.085772
v -0.060829 0.055164 -0.085869
v -0.060724 0.054934 -0.085812
v -0.060775 0.055160 -0.085909
v -0.060684 0.054960 -0.085860
v -0.060722 0.055125 -0.085931
v -0.060669 0.055010 -0.085903
v -0.060683 0.055070 -0.085928
v -0.060467 0.055162 -0.085363
v -0.060402 0.055157 -0.085410
v -0.060532 0.055203 -0.085339
v -0.060579 0.055268 -0.085342
v -0.060596 0.055340 -0.085374
v -0.060578 0.055399 -0.085425
v -0.060531 0.055431 -0.085481
v -0.060466 0.055426 -0.085528
v -0.060354 0.055189 -0.085467
v -0.060401 0.055385 -0.085553
v -0.060336 0.055249 -0.085518
v -0.060353 0.055321 -0.085549
v -0.060298 0.055510 -0.084928
v -0.060243 0.055435 -0.084923
v -0.060318 0.055594 -0.084965
v -0.060297 0.055664 -0.085023
v -0.060166 0.055389 -0.084951
v -0.060240 0.055701 -0.085088
v -0.060090 0.055384 -0.085004
v -0.060164 0.055696 -0.085141
v -0.060033 0.055421 -0.085069
v -0.060087 0.055650 -0.085169
v -0.060012 0.055491 -0.085127
v -0.060032 0.055575 -0.085163
v -0.060033 0.055744 -0.084515
v -0.060054 0.055840 -0.084555
v -0.059969 0.055658 -0.084509
v -0.059882 0.055606 -0.084540
v -0.060029 0.055921 -0.084620
v -0.059963 0.055965 -0.084691
v -0.059793 0.055601 -0.084599
v -0.059874 0.055960 -0.084750
v -0.059727 0.055645 -0.084670
v -0.059786 0.055908 -0.084781
v -0.059787 0.055958 -0.084107
v -0.059809 0.056067 -0.084149
v -0.059701 0.055726 -0.084735
v -0.059723 0.055823 -0.084775
v -0.059717 0.055861 -0.084102
v -0.059778 0.056160 -0.084218
v -0.059618 0.055802 -0.084136
v -0.059702 0.056212 -0.084295
v -0.059517 0.055798 -0.084200
v -0.059601 0.056208 -0.084359
v -0.059567 0.056140 -0.083710
v -0.059588 0.056264 -0.083752
v -0.059440 0.055850 -0.084276
v -0.059409 0.055943 -0.084345
v -0.059432 0.056052 -0.084388
v -0.059502 0.056149 -0.084393
v -0.059491 0.056030 -0.083708
v -0.059381 0.055966 -0.083745
v -0.059550 0.056370 -0.083822
v -0.059461 0.056430 -0.083902
v -0.059266 0.055963 -0.083813
v -0.059377 0.056278 -0.083332
v -0.059297 0.056156 -0.083335
v -0.059347 0.056427 -0.083969
v -0.059395 0.056418 -0.083368
v -0.059347 0.056539 -0.083434
v -0.059178 0.056022 -0.083892
v -0.059177 0.056085 -0.083377
v -0.059237 0.056362 -0.084007
v -0.059139 0.056129 -0.083962
v -0.059161 0.056253 -0.084004
v -0.059245 0.056608 -0.083512
v -0.059223 0.056363 -0.082976
v -0.059237 0.056519 -0.083004
v -0.059048 0.056083 -0.083446
v -0.059139 0.056228 -0.082986
v -0.059116 0.056607 -0.083582
v -0.059177 0.056655 -0.083062
v -0.058946 0.056152 -0.083524
v -0.059008 0.056150 -0.083031
v -0.058996 0.056536 -0.083623
v -0.058695 0.056572 -0.081767
v -0.058611 0.056436 -0.081778
v -0.058706 0.056731 -0.081789
v -0.059059 0.056733 -0.083135
v -0.058897 0.056273 -0.083590
v -0.058864 0.056151 -0.083100
v -0.058916 0.056413 -0.083627
v -0.058642 0.056869 -0.081839
v -0.058477 0.056358 -0.081820
v -0.058915 0.056734 -0.083203
v -0.058746 0.056230 -0.083173
v -0.058519 0.056950 -0.081903
v -0.058328 0.056360 -0.081882
v -0.058784 0.056656 -0.083248
v -0.058686 0.056365 -0.083231
v -0.058700 0.056521 -0.083259
v -0.058370 0.056952 -0.081965
v -0.058205 0.056441 -0.081946
v -0.058236 0.056875 -0.082007
v -0.058141 0.056580 -0.081996
v -0.058152 0.056738 -0.082018
v -0.058212 0.056780 -0.080501
v -0.058125 0.056642 -0.080509
v -0.058224 0.056940 -0.080524
v -0.058158 0.057080 -0.080572
v -0.057988 0.056565 -0.080545
v -0.058032 0.057163 -0.080632
v -0.057835 0.056568 -0.080601
v -0.057879 0.057166 -0.080688
v -0.057709 0.056651 -0.080661
v -0.057741 0.057089 -0.080725
v -0.057775 0.057010 -0.079210
v -0.057788 0.057171 -0.079238
v -0.057643 0.056791 -0.080709
v -0.057685 0.056873 -0.079212
v -0.057655 0.056951 -0.080732
v -0.057722 0.057312 -0.079287
v -0.057544 0.056796 -0.079242
v -0.057388 0.056800 -0.079294
v -0.057594 0.057396 -0.079345
v -0.057260 0.056884 -0.079352
v -0.057438 0.057400 -0.079397
v -0.057383 0.057288 -0.077925
v -0.057290 0.057151 -0.077918
v -0.057297 0.057323 -0.079427
v -0.057399 0.057449 -0.077960
v -0.057333 0.057591 -0.078015
v -0.057194 0.057025 -0.079401
v -0.057145 0.057075 -0.077942
v -0.057207 0.057186 -0.079429
v -0.057204 0.057675 -0.078074
v -0.056987 0.057080 -0.077989
v -0.057046 0.057680 -0.078122
v -0.056858 0.057165 -0.078048
v -0.057036 0.057639 -0.076675
v -0.056939 0.057504 -0.076657
v -0.057055 0.057798 -0.076723
v -0.056992 0.057939 -0.076786
v -0.056791 0.057430 -0.076672
v -0.056901 0.057604 -0.078145
v -0.056792 0.057307 -0.078103
v -0.056808 0.057467 -0.078138
v -0.056862 0.058023 -0.076849
v -0.056630 0.057436 -0.076717
v -0.056734 0.058089 -0.075491
v -0.056632 0.057959 -0.075458
v -0.056701 0.058029 -0.076894
v -0.056757 0.058243 -0.075555
v -0.056500 0.057521 -0.076780
v -0.056696 0.058380 -0.075632
v -0.056480 0.057888 -0.075463
v -0.056553 0.057955 -0.076910
v -0.056437 0.057661 -0.076844
v -0.056567 0.058463 -0.075702
v -0.056456 0.057820 -0.076891
v -0.056317 0.057894 -0.075507
v -0.056475 0.058664 -0.074403
v -0.056504 0.058808 -0.074488
v -0.056368 0.058543 -0.074350
v -0.056405 0.058469 -0.075746
v -0.056447 0.058937 -0.074583
v -0.056188 0.057977 -0.075577
v -0.056212 0.058477 -0.074345
v -0.056252 0.058398 -0.075751
v -0.056319 0.059015 -0.074663
v -0.056127 0.058114 -0.075654
v -0.056047 0.058484 -0.074388
v -0.056260 0.059391 -0.073441
v -0.056147 0.059284 -0.073367
v -0.056295 0.059518 -0.073551
v -0.056151 0.058268 -0.075718
v -0.056242 0.059631 -0.073668
v -0.056155 0.059022 -0.074706
v -0.055987 0.059227 -0.073350
v -0.055919 0.058563 -0.074468
v -0.056115 0.059701 -0.073761
v -0.056088 0.060296 -0.072638
v -0.056128 0.060397 -0.072773
v -0.055998 0.058957 -0.074701
v -0.055970 0.060212 -0.072544
v -0.056080 0.060487 -0.072912
v -0.055821 0.059234 -0.073394
v -0.055862 0.058691 -0.074563
v -0.055891 0.058835 -0.074649
v -0.055950 0.059708 -0.073804
v -0.055806 0.060167 -0.072515
v -0.055960 0.061404 -0.072027
v -0.056004 0.061472 -0.072182
v -0.055955 0.060543 -0.073018
v -0.055837 0.061347 -0.071917
v -0.055959 0.061532 -0.072339
v -0.055695 0.059304 -0.073486
v -0.055789 0.059651 -0.073787
v -0.055874 0.062737 -0.071643
v -0.055921 0.062769 -0.071809
v -0.055639 0.060173 -0.072560
v -0.055788 0.060549 -0.073063
v -0.055669 0.061317 -0.071880
v -0.055835 0.061570 -0.072457
v -0.055748 0.062709 -0.071522
v -0.055878 0.062798 -0.071977
v -0.055642 0.059418 -0.073603
v -0.055830 0.064313 -0.071514
v -0.055879 0.064326 -0.071684
v -0.055676 0.059545 -0.073713
v -0.055703 0.064299 -0.071391
v -0.055836 0.064335 -0.071856
v -0.055754 0.062815 -0.072102
v -0.055677 0.066651 -0.071406
v -0.055724 0.066674 -0.071573
v -0.055514 0.060229 -0.072666
v -0.055578 0.062693 -0.071481
v -0.055667 0.061574 -0.072504
v -0.055552 0.066624 -0.071286
v -0.055712 0.064337 -0.071984
v -0.055681 0.066687 -0.071742
v -0.055501 0.061321 -0.071926
v -0.055623 0.060504 -0.073035
v -0.055531 0.064289 -0.071348
v -0.055585 0.062816 -0.072150
v -0.055327 0.068776 -0.071055
v -0.055370 0.068822 -0.071216
v -0.055465 0.060319 -0.072806
v -0.055505 0.060420 -0.072940
v -0.055408 0.062694 -0.071529
v -0.055499 0.061543 -0.072467
v -0.055384 0.066601 -0.071245
v -0.055559 0.066687 -0.071869
v -0.055542 0.064333 -0.072033
v -0.055209 0.068726 -0.070941
v -0.055326 0.068850 -0.071380
v -0.055378 0.061358 -0.072044
v -0.055360 0.064284 -0.071397
v -0.055415 0.062800 -0.072109
v -0.055392 0.066673 -0.071918
v -0.055369 0.064322 -0.071990
v -0.055045 0.068684 -0.070904
v -0.055205 0.068854 -0.071504
v -0.055216 0.066588 -0.071294
v -0.055332 0.061419 -0.072201
v -0.055376 0.061486 -0.072356
v -0.055285 0.062711 -0.071654
v -0.055237 0.064286 -0.071525
v -0.055289 0.062772 -0.071988
v -0.055242 0.062740 -0.071822
v -0.055095 0.066587 -0.071420
v -0.055223 0.066650 -0.071877
v -0.055242 0.064308 -0.071867
v -0.054882 0.068662 -0.070954
v -0.055042 0.068832 -0.071553
v -0.054827 0.070772 -0.070470
v -0.054864 0.070837 -0.070623
v -0.054714 0.070703 -0.070363
v -0.054817 0.070879 -0.070780
v -0.055193 0.064295 -0.071697
v -0.055052 0.066600 -0.071590
v -0.055099 0.066623 -0.071757
v -0.054762 0.068666 -0.071077
v -0.054879 0.068790 -0.071516
v -0.054557 0.070648 -0.070331
v -0.054697 0.070888 -0.070900
v -0.054717 0.068694 -0.071241
v -0.054760 0.068739 -0.071402
v -0.054397 0.070621 -0.070381
v -0.054537 0.070862 -0.070951
v -0.054277 0.070631 -0.070501
v -0.054380 0.070807 -0.070918
v -0.054219 0.072723 -0.069660
v -0.054251 0.072801 -0.069805
v -0.054112 0.072642 -0.069560
v -0.054201 0.072854 -0.069955
v -0.054230 0.070673 -0.070659
v -0.054267 0.070737 -0.070811
v -0.053960 0.072580 -0.069532
v -0.054081 0.072870 -0.070070
v -0.053802 0.072552 -0.069582
v -0.053924 0.072842 -0.070120
v -0.053683 0.072568 -0.069697
v -0.053772 0.072780 -0.070092
v -0.053632 0.072621 -0.069847
v -0.053665 0.072699 -0.069992
v -0.053546 0.074712 -0.068634
v -0.053576 0.074798 -0.068772
v -0.053444 0.074626 -0.068539
v -0.053523 0.074859 -0.068915
v -0.053294 0.074562 -0.068512
v -0.053403 0.074880 -0.069026
v -0.053139 0.074537 -0.068561
v -0.053248 0.074856 -0.069074
v -0.053019 0.074558 -0.068671
v -0.053099 0.074791 -0.069047
v -0.052967 0.074620 -0.068815
v -0.052996 0.074705 -0.068952
v -0.052853 0.076823 -0.067400
v -0.052880 0.076912 -0.067533
v -0.052752 0.076737 -0.067308
v -0.052827 0.076978 -0.067671
v -0.052605 0.076675 -0.067280
v -0.052707 0.077005 -0.067776
v -0.052451 0.076655 -0.067325
v -0.052553 0.076985 -0.067821
v -0.052331 0.076682 -0.067431
v -0.052406 0.076923 -0.067794
v -0.052278 0.076748 -0.067569
v -0.052305 0.076837 -0.067701
v -0.052181 0.079140 -0.065966
v -0.052208 0.079228 -0.066096
v -0.052081 0.079057 -0.065874
v -0.052154 0.079297 -0.066229
v -0.051936 0.079001 -0.065844
v -0.052035 0.079329 -0.066330
v -0.051782 0.078987 -0.065885
v -0.051881 0.079315 -0.066371
v -0.051663 0.079018 -0.065986
v -0.051735 0.079258 -0.066341
v -0.051609 0.079087 -0.066119
v -0.051636 0.079175 -0.066249
v -0.051574 0.081746 -0.064339
v -0.051600 0.081831 -0.064468
v -0.051475 0.081669 -0.064246
v -0.051547 0.081901 -0.064598
v -0.051330 0.081620 -0.064213
v -0.051429 0.081937 -0.064694
v -0.051178 0.081612 -0.064249
v -0.051277 0.081929 -0.064730
v -0.051059 0.081648 -0.064345
v -0.051132 0.081880 -0.064697
v -0.051006 0.081718 -0.064475
v -0.051033 0.081802 -0.064604
v -0.051075 0.084724 -0.062528
v -0.051101 0.084804 -0.062656
v -0.050976 0.084655 -0.062432
v -0.051049 0.084873 -0.062784
v -0.050833 0.084614 -0.062395
v -0.050932 0.084912 -0.062876
v -0.050682 0.084612 -0.062427
v -0.050781 0.084911 -0.062908
v -0.050565 0.084652 -0.062519
v -0.050638 0.084870 -0.062871
v -0.050727 0.088157 -0.060540
v -0.050754 0.088231 -0.060669
v -0.050630 0.088095 -0.060442
v -0.050513 0.084720 -0.062646
v -0.050703 0.088298 -0.060795
v -0.050539 0.084800 -0.062775
v -0.050488 0.088063 -0.060401
v -0.050587 0.088340 -0.060883
v -0.050339 0.088068 -0.060429
v -0.050438 0.088346 -0.060911
v -0.050575 0.092127 -0.058385
v -0.050601 0.092195 -0.058514
v -0.050479 0.092074 -0.058284
v -0.050551 0.092260 -0.058638
v -0.050224 0.088110 -0.060517
v -0.050661 0.096717 -0.056070
v -0.050687 0.096779 -0.056199
v -0.050638 0.096841 -0.056322
v -0.050567 0.096672 -0.055968
v -0.050296 0.088313 -0.060870
v -0.050339 0.092050 -0.058240
v -0.050437 0.092304 -0.058724
v -0.050526 0.096886 -0.056405
v -0.050172 0.088177 -0.060643
v -0.050430 0.096655 -0.055921
v -0.050199 0.088251 -0.060772
v -0.050291 0.092315 -0.058747
v -0.050383 0.096903 -0.056425
v -0.050193 0.092061 -0.058264
v -0.050286 0.096672 -0.055941
v -0.050151 0.092291 -0.058703
v -0.050245 0.096886 -0.056378
v -0.050079 0.092105 -0.058349
v -0.050175 0.096717 -0.056024
v -0.050055 0.092237 -0.058603
v -0.050151 0.096841 -0.056276
v -0.050029 0.092169 -0.058473
v -0.050125 0.096779 -0.056147
v -0.068349 0.612837 0.045314
v -0.067991 0.610965 0.044735
v -0.068393 0.612854 0.044930
v -0.067845 0.611053 0.044381
v -0.068242 0.612901 0.044576
v -0.068121 0.612854 0.045626
v -0.067941 0.610926 0.045122
v -0.067544 0.611164 0.044155
v -0.067935 0.612965 0.044349
v -0.067710 0.610945 0.045439
v -0.067770 0.612901 0.045783
v -0.067406 0.609096 0.044414
v -0.067350 0.609039 0.044804
v -0.067268 0.609215 0.044060
v -0.067168 0.611270 0.044118
v -0.067555 0.613029 0.044308
v -0.066974 0.609364 0.043837
v -0.067360 0.611017 0.045601
v -0.067390 0.612965 0.045742
v -0.067116 0.609058 0.045125
v -0.066818 0.611342 0.044279
v -0.067204 0.613076 0.044465
v -0.066602 0.609504 0.043804
v -0.066683 0.607246 0.043995
v -0.066552 0.607388 0.043641
v -0.066983 0.611122 0.045564
v -0.067084 0.613029 0.045515
v -0.066622 0.607175 0.044387
v -0.066767 0.609150 0.045292
v -0.066264 0.607564 0.043420
v -0.066587 0.611361 0.044596
v -0.066976 0.613093 0.044777
v -0.066253 0.609595 0.043971
v -0.066385 0.607196 0.044713
v -0.066682 0.611234 0.045338
v -0.066932 0.613076 0.045162
v -0.065896 0.607727 0.043392
v -0.066395 0.609289 0.045259
v -0.066537 0.611321 0.044983
v -0.066019 0.609615 0.044292
v -0.066036 0.607301 0.044885
v -0.065866 0.605411 0.043506
v -0.065739 0.605569 0.043151
v -0.066101 0.609438 0.045036
v -0.065801 0.605332 0.043902
v -0.065547 0.607833 0.043564
v -0.065964 0.609558 0.044682
v -0.065454 0.605763 0.042932
v -0.065560 0.605352 0.044232
v -0.065668 0.607464 0.044857
v -0.065087 0.605942 0.042907
v -0.065310 0.607853 0.043890
v -0.065380 0.607641 0.044636
v -0.065210 0.605467 0.044408
v -0.065248 0.607783 0.044282
v -0.064737 0.606056 0.043083
v -0.064996 0.603589 0.042976
v -0.064871 0.603755 0.042618
v -0.064928 0.603504 0.043375
v -0.064586 0.603960 0.042398
v -0.064843 0.605645 0.044383
v -0.064684 0.603524 0.043710
v -0.064496 0.606077 0.043413
v -0.064217 0.604147 0.042374
v -0.064558 0.605839 0.044164
v -0.064431 0.605998 0.043809
v -0.064331 0.603643 0.043889
v -0.063863 0.604266 0.042554
v -0.064116 0.601776 0.042430
v -0.063989 0.601946 0.042068
v -0.064046 0.601689 0.042835
v -0.063700 0.602153 0.041844
v -0.063962 0.603830 0.043866
v -0.063620 0.604286 0.042888
v -0.063798 0.601709 0.043173
v -0.063326 0.602341 0.041820
v -0.063676 0.604034 0.043646
v -0.063551 0.604201 0.043288
v -0.063440 0.601829 0.043354
v -0.062967 0.602461 0.042002
v -0.063265 0.599973 0.041896
v -0.063134 0.600139 0.041527
v -0.063195 0.599888 0.042306
v -0.062837 0.600340 0.041299
v -0.063066 0.602017 0.043330
v -0.062720 0.602480 0.042340
v -0.062944 0.599906 0.042649
v -0.062455 0.600524 0.041272
v -0.062776 0.602224 0.043107
v -0.062650 0.602394 0.042745
v -0.062578 0.600022 0.042831
v -0.062089 0.600640 0.041454
v -0.062485 0.598179 0.041400
v -0.062346 0.598334 0.041022
v -0.062417 0.598099 0.041817
v -0.062039 0.598521 0.040787
v -0.062195 0.600205 0.042804
v -0.061837 0.600657 0.041796
v -0.062162 0.598115 0.042163
v -0.061644 0.598691 0.040755
v -0.061899 0.600406 0.042576
v -0.061768 0.600572 0.042207
v -0.061786 0.598222 0.042345
v -0.061816 0.596396 0.040968
v -0.061667 0.596530 0.040581
v -0.061269 0.598798 0.040937
v -0.061752 0.596326 0.041393
v -0.061346 0.596693 0.040335
v -0.061392 0.598392 0.042314
v -0.061492 0.596339 0.041743
v -0.061014 0.598814 0.041283
v -0.060937 0.596840 0.040298
v -0.061085 0.598579 0.042078
v -0.060946 0.598734 0.041701
v -0.061297 0.594626 0.040626
v -0.061137 0.594729 0.040228
v -0.061237 0.594571 0.041059
v -0.060800 0.594853 0.039972
v -0.061106 0.596431 0.041923
v -0.060551 0.596932 0.040478
v -0.060972 0.594580 0.041413
v -0.061346 0.579537 0.040253
v -0.061366 0.576561 0.039573
v -0.061398 0.579570 0.039827
v -0.061199 0.576602 0.039182
v -0.061294 0.582267 0.040443
v -0.061347 0.582295 0.040013
v -0.061230 0.579599 0.039432
v -0.060697 0.596577 0.041885
v -0.061314 0.576523 0.039995
v -0.061219 0.573282 0.039239
v -0.061087 0.579509 0.040596
v -0.061168 0.573239 0.039657
v -0.061057 0.576497 0.040335
v -0.061054 0.573335 0.038853
v -0.061033 0.582237 0.040789
v -0.061187 0.584700 0.040576
v -0.060924 0.584669 0.040925
v -0.061177 0.582314 0.039614
v -0.061240 0.584723 0.040143
v -0.060965 0.592870 0.040397
v -0.060795 0.592929 0.039989
v -0.060375 0.594965 0.039927
v -0.060291 0.596944 0.040828
v -0.060931 0.569747 0.038816
v -0.060768 0.569813 0.038435
v -0.060858 0.576634 0.038927
v -0.060886 0.579617 0.039174
v -0.061070 0.584733 0.039740
v -0.061054 0.586821 0.040663
v -0.061109 0.586839 0.040226
v -0.060908 0.592838 0.040839
v -0.060914 0.573217 0.039995
v -0.060879 0.569699 0.039229
v -0.060717 0.573384 0.038602
v -0.060831 0.582318 0.039353
v -0.060789 0.586790 0.041014
v -0.060443 0.592999 0.039723
v -0.060937 0.586841 0.039819
v -0.060926 0.588612 0.040714
v -0.060981 0.588626 0.040273
v -0.060574 0.594649 0.041590
v -0.060691 0.579493 0.040764
v -0.060634 0.582213 0.040958
v -0.060721 0.584725 0.039476
v -0.060375 0.596740 0.041640
v -0.060435 0.569878 0.038188
v -0.060665 0.576492 0.040502
v -0.060658 0.588585 0.041069
v -0.060522 0.584639 0.041095
v -0.060226 0.596874 0.041253
v -0.060470 0.565970 0.038292
v -0.060311 0.566048 0.037916
v -0.060627 0.569681 0.039564
v -0.060525 0.573222 0.040161
v -0.060384 0.586756 0.041185
v -0.060808 0.588622 0.039863
v -0.060586 0.586825 0.039552
v -0.060831 0.590053 0.040741
v -0.060561 0.590034 0.041099
v -0.060887 0.590062 0.040296
v -0.060854 0.591113 0.040305
v -0.060640 0.592841 0.041196
v -0.060798 0.591100 0.040754
v -0.060678 0.591129 0.039889
v -0.059977 0.595034 0.040105
v -0.060418 0.565916 0.038701
v -0.059983 0.566131 0.037674
v -0.060434 0.576650 0.038877
v -0.060298 0.573415 0.038554
v -0.060459 0.579618 0.039122
v -0.060400 0.582307 0.039300
v -0.060249 0.588551 0.041241
v -0.060713 0.590059 0.039883
v -0.060454 0.588602 0.039594
v -0.060525 0.591093 0.041114
v -0.060318 0.591143 0.039617
v -0.060003 0.593062 0.039671
v -0.060021 0.569926 0.038142
v -0.060287 0.584703 0.039421
v -0.060356 0.590043 0.039612
v -0.060243 0.569698 0.039731
v -0.060169 0.565902 0.039034
v -0.060264 0.579495 0.040711
v -0.060241 0.576507 0.040451
v -0.060203 0.582202 0.040904
v -0.060088 0.584617 0.041040
v -0.060148 0.590010 0.041273
v -0.060231 0.592879 0.041372
v -0.060150 0.594761 0.041545
v -0.060149 0.586796 0.039497
v -0.060109 0.591095 0.041290
v -0.059713 0.595042 0.040458
v -0.060106 0.573253 0.040113
v -0.059947 0.586727 0.041130
v -0.059809 0.561963 0.037656
v -0.059756 0.561904 0.038061
v -0.059653 0.562055 0.037285
v -0.059574 0.566195 0.037630
v -0.060042 0.576644 0.039044
v -0.059909 0.573420 0.038721
v -0.060063 0.579602 0.039290
v -0.060014 0.588571 0.039539
v -0.059869 0.591152 0.039561
v -0.060001 0.582283 0.039468
v -0.059809 0.588520 0.041185
v -0.059595 0.593099 0.039847
v -0.059812 0.594885 0.041290
v -0.059331 0.562155 0.037048
v -0.059911 0.590020 0.039556
v -0.059789 0.565931 0.039201
v -0.059828 0.569745 0.039685
v -0.059636 0.569942 0.038309
v -0.059920 0.579512 0.040453
v -0.059900 0.576540 0.040197
v -0.059857 0.582206 0.040643
v -0.059885 0.584673 0.039591
v -0.059704 0.589987 0.041217
v -0.059791 0.592941 0.041320
v -0.059652 0.594988 0.040891
v -0.059739 0.584610 0.040776
v -0.059510 0.561894 0.038391
v -0.059744 0.586761 0.039668
v -0.059660 0.591104 0.041234
v -0.059768 0.573302 0.039862
v -0.059596 0.586711 0.040864
v -0.059785 0.576619 0.039384
v -0.059804 0.579574 0.039632
v -0.059194 0.566224 0.037797
v -0.059655 0.573398 0.039058
v -0.059740 0.582253 0.039814
v -0.059605 0.588538 0.039711
v -0.059453 0.591153 0.039737
v -0.058928 0.562236 0.037008
v -0.059326 0.593103 0.040204
v -0.059455 0.588500 0.040916
v -0.059384 0.569924 0.038644
v -0.059752 0.579541 0.040058
v -0.059733 0.576581 0.039806
v -0.059687 0.582225 0.040244
v -0.059499 0.589996 0.039730
v -0.059622 0.584642 0.039939
v -0.059568 0.584619 0.040373
v -0.059381 0.565995 0.039157
v -0.059495 0.569810 0.039439
v -0.058910 0.557713 0.036892
v -0.058764 0.557837 0.036531
v -0.059347 0.589971 0.040946
v -0.059439 0.593011 0.041054
v -0.058854 0.557636 0.037289
v -0.059136 0.561935 0.038559
v -0.059603 0.573355 0.039476
v -0.059424 0.586713 0.040457
v -0.059478 0.586731 0.040019
v -0.059300 0.591118 0.040962
v -0.059269 0.593070 0.040646
v -0.058454 0.557977 0.036304
v -0.059333 0.569876 0.039057
v -0.058945 0.566210 0.038130
v -0.058554 0.562278 0.037176
v -0.059283 0.588497 0.040506
v -0.059338 0.588511 0.040065
v -0.059180 0.591147 0.040097
v -0.058610 0.557628 0.037617
v -0.059053 0.566078 0.038915
v -0.059228 0.589976 0.040087
v -0.059173 0.589967 0.040532
v -0.058733 0.562017 0.038519
v -0.058893 0.566156 0.038539
v -0.058063 0.558094 0.036272
v -0.059124 0.591134 0.040546
v -0.058308 0.562268 0.037506
v -0.058244 0.557691 0.037788
v -0.058411 0.562117 0.038282
v -0.058513 0.556611 0.036575
v -0.058386 0.556788 0.036232
v -0.057697 0.558157 0.036442
v -0.058256 0.562209 0.037911
v -0.058446 0.556503 0.036961
v -0.058100 0.556989 0.036024
v -0.057854 0.557808 0.037755
v -0.058203 0.556494 0.037286
v -0.057454 0.558150 0.036770
v -0.057859 0.555396 0.036054
v -0.057754 0.555613 0.035729
v -0.057780 0.555265 0.036427
v -0.057731 0.557157 0.036007
v -0.057544 0.557948 0.037528
v -0.057493 0.555857 0.035542
v -0.057398 0.558073 0.037168
v -0.057850 0.556587 0.037465
v -0.057538 0.555254 0.036751
v -0.057145 0.556063 0.035541
v -0.057378 0.557250 0.036185
v -0.057011 0.554109 0.035377
v -0.056920 0.554346 0.035066
v -0.057481 0.556756 0.037448
v -0.057198 0.555367 0.036937
v -0.056924 0.553965 0.035742
v -0.056676 0.554613 0.034892
v -0.056805 0.556176 0.035727
v -0.057135 0.557241 0.036511
v -0.056683 0.553954 0.036063
v -0.057194 0.556956 0.037240
v -0.056345 0.554839 0.034902
v -0.056851 0.555574 0.036935
v -0.057068 0.557133 0.036897
v -0.056563 0.556166 0.036050
v -0.056352 0.554078 0.036253
v -0.056589 0.555818 0.036748
v -0.056014 0.554963 0.035093
v -0.056484 0.556035 0.036424
v -0.056015 0.552771 0.034582
v -0.055935 0.553020 0.034281
v -0.055923 0.552620 0.034940
v -0.055703 0.553300 0.034116
v -0.056020 0.554304 0.036263
v -0.055772 0.554951 0.035413
v -0.055683 0.552608 0.035258
v -0.055382 0.553537 0.034133
v -0.055776 0.554571 0.036089
v -0.055686 0.554808 0.035778
v -0.055359 0.552738 0.035452
v -0.055058 0.553666 0.034327
v -0.054847 0.551668 0.033412
v -0.054920 0.551412 0.033706
v -0.055038 0.552975 0.035469
v -0.054818 0.553654 0.034645
v -0.054624 0.551956 0.033255
v -0.054824 0.551258 0.034059
v -0.054806 0.553255 0.035305
v -0.054726 0.553504 0.035003
v -0.054585 0.551245 0.034375
v -0.054311 0.552199 0.033276
v -0.054266 0.551378 0.034570
v -0.053993 0.552332 0.033472
v -0.053954 0.551621 0.034592
v -0.053753 0.552320 0.033788
v -0.053706 0.550326 0.032499
v -0.053774 0.550067 0.032788
v -0.053490 0.550619 0.032347
v -0.053676 0.549909 0.033136
v -0.053658 0.552165 0.034140
v -0.053731 0.551909 0.034434
v -0.053183 0.550865 0.032372
v -0.053438 0.549896 0.033450
v -0.052869 0.551000 0.032568
v -0.053123 0.550031 0.033645
v -0.052631 0.550988 0.032882
v -0.052817 0.550278 0.033670
v -0.052563 0.549030 0.031582
v -0.052628 0.548768 0.031866
v -0.052533 0.550830 0.033230
v -0.052601 0.550571 0.033518
v -0.052352 0.549325 0.031434
v -0.052528 0.548609 0.032210
v -0.052050 0.549573 0.031461
v -0.052291 0.548596 0.032522
v -0.051739 0.549709 0.031656
v -0.051980 0.548732 0.032717
v -0.051502 0.549695 0.031968
v -0.051678 0.548980 0.032745
v -0.051468 0.547816 0.030700
v -0.051530 0.547553 0.030981
v -0.051402 0.549537 0.032312
v -0.051466 0.549275 0.032596
v -0.051260 0.548110 0.030554
v -0.051430 0.547394 0.031322
v -0.050961 0.548359 0.030582
v -0.051194 0.547380 0.031631
v -0.050653 0.548494 0.030777
v -0.050885 0.547516 0.031825
v -0.050416 0.548481 0.031086
v -0.050586 0.547764 0.031854
v -0.050472 0.546719 0.029892
v -0.050533 0.546458 0.030171
v -0.050316 0.548321 0.031427
v -0.050265 0.547013 0.029748
v -0.050378 0.548059 0.031708
v -0.050432 0.546299 0.030509
v -0.049968 0.547259 0.029775
v -0.050197 0.546285 0.030816
v -0.049661 0.547393 0.029969
v -0.049890 0.546419 0.031009
v -0.049425 0.547379 0.030275
v -0.049593 0.546665 0.031037
v -0.049625 0.545778 0.029200
v -0.049687 0.545520 0.029479
v -0.049417 0.546067 0.029054
v -0.049588 0.545363 0.029815
v -0.049325 0.547220 0.030613
v -0.049386 0.546958 0.030892
v -0.049119 0.546309 0.029080
v -0.049353 0.545347 0.030119
v -0.048812 0.546440 0.029270
v -0.049045 0.545478 0.030309
v -0.048981 0.545032 0.028665
v -0.049049 0.544783 0.028947
v -0.048577 0.546424 0.029574
v -0.048766 0.545309 0.028514
v -0.048952 0.544629 0.029283
v -0.048747 0.545720 0.030335
v -0.048462 0.545540 0.028532
v -0.048477 0.546266 0.029910
v -0.048540 0.546009 0.030189
v -0.048716 0.544611 0.029583
v -0.048151 0.545664 0.028716
v -0.048597 0.544530 0.028335
v -0.048682 0.544307 0.028630
v -0.048405 0.544734 0.029767
v -0.048362 0.544774 0.028164
v -0.048592 0.544163 0.028970
v -0.047915 0.545646 0.029017
v -0.048038 0.544973 0.028163
v -0.048101 0.544965 0.029786
v -0.048353 0.544138 0.029263
v -0.048260 0.543565 0.028250
v -0.048168 0.543745 0.027962
v -0.048183 0.543443 0.028571
v -0.047931 0.543935 0.027785
v -0.047819 0.545491 0.029352
v -0.047887 0.545242 0.029634
v -0.047714 0.545074 0.028332
v -0.048028 0.544239 0.029433
v -0.047957 0.543412 0.028839
v -0.047613 0.544084 0.027765
v -0.047712 0.542295 0.027670
v -0.047622 0.542450 0.027400
v -0.047642 0.542187 0.027968
v -0.047397 0.542609 0.027229
v -0.047475 0.545049 0.028626
v -0.047705 0.544438 0.029432
v -0.047643 0.543480 0.028982
v -0.047299 0.544153 0.027908
v -0.047433 0.542154 0.028213
v -0.047098 0.542731 0.027204
v -0.047385 0.544905 0.028966
v -0.047470 0.544682 0.029261
v -0.047070 0.540621 0.026935
v -0.046986 0.540759 0.026686
v -0.047325 0.543629 0.028963
v -0.047073 0.544121 0.028176
v -0.047007 0.540523 0.027208
v -0.047139 0.542206 0.028340
v -0.046779 0.540899 0.026528
v -0.046804 0.542782 0.027330
v -0.047088 0.543819 0.028785
v -0.046996 0.543999 0.028497
v -0.046814 0.540491 0.027431
v -0.046503 0.541005 0.026502
v -0.046840 0.542327 0.028314
v -0.046595 0.542750 0.027575
v -0.046544 0.540534 0.027545
v -0.046233 0.541047 0.026616
v -0.046615 0.542487 0.028143
v -0.046359 0.538659 0.026082
v -0.046283 0.538783 0.025856
v -0.046525 0.542642 0.027873
v -0.046301 0.538570 0.026329
v -0.046094 0.538908 0.025711
v -0.046268 0.540639 0.027519
v -0.046127 0.538539 0.026530
v -0.046041 0.541015 0.026839
v -0.045844 0.539002 0.025687
v -0.046061 0.540780 0.027360
v -0.045978 0.540917 0.027111
v -0.045881 0.538576 0.026632
v -0.045598 0.539038 0.025789
v -0.045599 0.536516 0.025144
v -0.045531 0.536628 0.024941
v -0.045547 0.536436 0.025364
v -0.045363 0.536741 0.024812
v -0.045631 0.538670 0.026608
v -0.045424 0.539008 0.025991
v -0.045390 0.536407 0.025545
v -0.045138 0.536825 0.024790
v -0.045442 0.538795 0.026464
v -0.045366 0.538919 0.026238
v -0.045170 0.536439 0.025636
v -0.044918 0.536857 0.024882
v -0.044945 0.536523 0.025614
v -0.044810 0.534300 0.024153
v -0.044751 0.534401 0.023975
v -0.044761 0.536829 0.025062
v -0.044764 0.534227 0.024347
v -0.044602 0.534503 0.023861
v -0.044777 0.536636 0.025485
v -0.044709 0.536748 0.025283
v -0.044625 0.534201 0.024507
v -0.044404 0.534578 0.023843
v -0.044430 0.534230 0.024587
v -0.044209 0.534606 0.023923
v -0.044232 0.534305 0.024569
v -0.044070 0.534581 0.024083
v -0.044012 0.532115 0.023141
v -0.043961 0.532206 0.022988
v -0.044083 0.534406 0.024455
v -0.043971 0.532050 0.023310
v -0.043833 0.532297 0.022891
v -0.044024 0.534507 0.024277
v -0.043849 0.532026 0.023448
v -0.043661 0.532365 0.022875
v -0.043680 0.532052 0.023518
v -0.043492 0.532390 0.022946
v -0.043508 0.532119 0.023503
v -0.043370 0.532367 0.023084
v -0.043380 0.532210 0.023405
v -0.043330 0.532301 0.023252
v -0.043222 0.530067 0.022141
v -0.043180 0.530148 0.022013
v -0.043186 0.530008 0.022283
v -0.043073 0.530229 0.021932
v -0.043083 0.529987 0.022399
v -0.042928 0.530289 0.021920
v -0.042939 0.530010 0.022460
v -0.042784 0.530312 0.021981
v -0.042794 0.530070 0.022448
v -0.042681 0.530291 0.022097
v -0.042687 0.530152 0.022367
v -0.042645 0.530233 0.022239
v -0.042460 0.528259 0.021183
v -0.042428 0.528331 0.021080
v -0.042429 0.528207 0.021298
v -0.042342 0.528403 0.021016
v -0.042344 0.528189 0.021393
v -0.042224 0.528457 0.021009
v -0.042226 0.528209 0.021444
v -0.042106 0.528477 0.021060
v -0.042108 0.528263 0.021437
v -0.042021 0.528459 0.021155
v -0.042022 0.528335 0.021373
v -0.041990 0.528407 0.021270
v -0.041745 0.526797 0.020298
v -0.041723 0.526860 0.020222
v -0.041718 0.526751 0.020385
v -0.041658 0.526924 0.020176
v -0.041650 0.526735 0.020460
v -0.041568 0.526972 0.020174
v -0.041559 0.526754 0.020501
v -0.041477 0.526990 0.020216
v -0.041469 0.526801 0.020499
v -0.041409 0.526975 0.020290
v -0.041405 0.526865 0.020453
v -0.041383 0.526929 0.020377
v -0.041093 0.525784 0.019517
v -0.041084 0.525840 0.019470
v -0.041070 0.525744 0.019575
v -0.041043 0.525896 0.019445
v -0.041019 0.525730 0.019627
v -0.040983 0.525939 0.019450
v -0.040955 0.525747 0.019660
v -0.040919 0.525956 0.019483
v -0.040895 0.525790 0.019665
v -0.040868 0.525943 0.019536
v -0.040854 0.525847 0.019641
v -0.040845 0.525903 0.019593
v -0.040529 0.525375 0.018855
v -0.040524 0.525332 0.018870
v -0.040515 0.525420 0.018854
v -0.040502 0.525302 0.018897
v -0.040487 0.525453 0.018868
v -0.040468 0.525292 0.018927
v -0.040451 0.525467 0.018894
v -0.040432 0.525305 0.018953
v -0.040417 0.525457 0.018924
v -0.040403 0.525339 0.018967
v -0.040395 0.525426 0.018951
v -0.040390 0.525383 0.018966
v -0.072086 0.184895 -0.019172
v -0.072042 0.182352 -0.019430
v -0.072107 0.184897 -0.019327
v -0.072053 0.187608 -0.019200
v -0.071983 0.182363 -0.019571
v -0.072047 0.184900 -0.019471
v -0.072074 0.187603 -0.019358
v -0.072021 0.182343 -0.019279
v -0.071991 0.184894 -0.019049
v -0.071955 0.187610 -0.019073
v -0.071900 0.179982 -0.019637
v -0.071844 0.180001 -0.019774
v -0.071928 0.182339 -0.019159
v -0.071880 0.179968 -0.019490
v -0.071863 0.182374 -0.019663
v -0.071726 0.180019 -0.019863
v -0.072013 0.187595 -0.019505
v -0.071923 0.184902 -0.019566
v -0.071808 0.187607 -0.019012
v -0.071847 0.184893 -0.018989
v -0.071921 0.190451 -0.019552
v -0.071887 0.187586 -0.019602
v -0.071859 0.190432 -0.019702
v -0.071899 0.190466 -0.019391
v -0.071799 0.190471 -0.019263
v -0.071649 0.190465 -0.019200
v -0.071704 0.177804 -0.019917
v -0.071789 0.179961 -0.019372
v -0.071684 0.177785 -0.019774
v -0.071650 0.177829 -0.020049
v -0.071787 0.182341 -0.019100
v -0.071769 0.184903 -0.019587
v -0.071712 0.182381 -0.019683
v -0.071731 0.190412 -0.019800
v -0.071729 0.187580 -0.019623
v -0.071603 0.193451 -0.019779
v -0.071626 0.193427 -0.019942
v -0.071501 0.193460 -0.019647
v -0.071535 0.177853 -0.020136
v -0.071579 0.180032 -0.019882
v -0.071692 0.184894 -0.019010
v -0.071650 0.187600 -0.019033
v -0.071565 0.193395 -0.020093
v -0.071651 0.179965 -0.019315
v -0.071595 0.177777 -0.019659
v -0.071636 0.182348 -0.019120
v -0.071488 0.190450 -0.019221
v -0.071348 0.193451 -0.019583
v -0.071571 0.182383 -0.019625
v -0.071625 0.184902 -0.019527
v -0.071476 0.175834 -0.020239
v -0.071423 0.175864 -0.020368
v -0.071392 0.177870 -0.020154
v -0.071441 0.180035 -0.019825
v -0.071570 0.190397 -0.019821
v -0.071581 0.187577 -0.019562
v -0.071435 0.193363 -0.020192
v -0.071456 0.175812 -0.020100
v -0.071524 0.187592 -0.019130
v -0.071569 0.184896 -0.019105
v -0.071312 0.175892 -0.020452
v -0.071504 0.179978 -0.019334
v -0.071461 0.177783 -0.019603
v -0.071360 0.190430 -0.019319
v -0.071184 0.193427 -0.019603
v -0.071516 0.182359 -0.019213
v -0.071478 0.182379 -0.019504
v -0.071530 0.184901 -0.019403
v -0.071369 0.175803 -0.019988
v -0.071258 0.177875 -0.020098
v -0.071350 0.180029 -0.019707
v -0.071509 0.184899 -0.019249
v -0.071463 0.187584 -0.019277
v -0.071420 0.190392 -0.019759
v -0.071484 0.187579 -0.019435
v -0.071272 0.193339 -0.020212
v -0.071236 0.174088 -0.020574
v -0.071216 0.174064 -0.020439
v -0.071185 0.174121 -0.020699
v -0.071317 0.177800 -0.019621
v -0.071238 0.175809 -0.019933
v -0.071172 0.175912 -0.020469
v -0.071387 0.179996 -0.019424
v -0.071458 0.182370 -0.019353
v -0.071330 0.180015 -0.019560
v -0.071320 0.190397 -0.019630
v -0.071298 0.190411 -0.019469
v -0.071054 0.193395 -0.019702
v -0.071077 0.174152 -0.020780
v -0.071169 0.177867 -0.019983
v -0.071118 0.193330 -0.020147
v -0.071041 0.175919 -0.020414
v -0.071203 0.177824 -0.019707
v -0.071131 0.174054 -0.020330
v -0.070941 0.174174 -0.020796
v -0.071098 0.175829 -0.019950
v -0.071149 0.177848 -0.019840
v -0.071016 0.193339 -0.020016
v -0.070993 0.193363 -0.019853
v -0.070954 0.175910 -0.020302
v -0.071007 0.172583 -0.020891
v -0.070988 0.172557 -0.020759
v -0.070958 0.172616 -0.021012
v -0.071003 0.174061 -0.020276
v -0.070853 0.172648 -0.021091
v -0.070814 0.174181 -0.020742
v -0.070987 0.175858 -0.020034
v -0.070934 0.175887 -0.020163
v -0.070905 0.172547 -0.020653
v -0.070867 0.174083 -0.020292
v -0.070721 0.172671 -0.021106
v -0.070811 0.171334 -0.021159
v -0.070793 0.171311 -0.021031
v -0.070763 0.171365 -0.021277
v -0.070780 0.172555 -0.020600
v -0.070760 0.174115 -0.020373
v -0.070729 0.174171 -0.020633
v -0.070661 0.171396 -0.021354
v -0.070596 0.172679 -0.021054
v -0.070709 0.174147 -0.020498
v -0.070712 0.171301 -0.020927
v -0.070648 0.172578 -0.020616
v -0.070670 0.170362 -0.021348
v -0.070622 0.170385 -0.021465
v -0.070532 0.171418 -0.021369
v -0.070513 0.172669 -0.020947
v -0.070652 0.170344 -0.021222
v -0.070522 0.170408 -0.021541
v -0.070590 0.171308 -0.020876
v -0.070543 0.172610 -0.020695
v -0.070574 0.170337 -0.021121
v -0.070411 0.171425 -0.021318
v -0.070494 0.172643 -0.020816
v -0.070605 0.169685 -0.021428
v -0.070589 0.169682 -0.021305
v -0.070557 0.169691 -0.021544
v -0.070396 0.170425 -0.021556
v -0.070461 0.171330 -0.020891
v -0.070513 0.169680 -0.021206
v -0.070458 0.169696 -0.021620
v -0.070456 0.170342 -0.021071
v -0.070330 0.171415 -0.021215
v -0.070359 0.171361 -0.020968
v -0.070397 0.169682 -0.021158
v -0.070334 0.169700 -0.021636
v -0.070277 0.170431 -0.021507
v -0.070311 0.171392 -0.021087
v -0.070329 0.170359 -0.021087
v -0.070199 0.170423 -0.021406
v -0.070274 0.169686 -0.021174
v -0.070219 0.169701 -0.021588
v -0.070229 0.170382 -0.021163
v -0.070175 0.169691 -0.021250
v -0.070143 0.169700 -0.021489
v -0.070181 0.170406 -0.021280
v -0.070127 0.169696 -0.021365
v -0.077171 0.449913 0.017375
v -0.077883 0.450286 0.017607
v -0.077882 0.450273 0.017630
v -0.077164 0.449938 0.017357
v -0.077876 0.450306 0.017592
v -0.077170 0.449898 0.017402
v -0.077875 0.450272 0.017655
v -0.077160 0.449897 0.017432
v -0.077863 0.450283 0.017676
v -0.077146 0.449910 0.017456
v -0.077850 0.450303 0.017687
v -0.077151 0.449966 0.017355
v -0.077865 0.450330 0.017590
v -0.077129 0.449933 0.017468
v -0.077839 0.450327 0.017684
v -0.077134 0.449990 0.017367
v -0.077852 0.450350 0.017601
v -0.077116 0.449961 0.017465
v -0.077832 0.450348 0.017670
v -0.077120 0.450003 0.017391
v -0.077840 0.450361 0.017621
v -0.077109 0.449986 0.017448
v -0.077833 0.450360 0.017647
v -0.077110 0.450001 0.017421
v -0.076487 0.449539 0.017154
v -0.076489 0.449558 0.017123
v -0.076475 0.449537 0.017188
v -0.076482 0.449587 0.017103
v -0.076457 0.449551 0.017216
v -0.076466 0.449619 0.017100
v -0.076447 0.449646 0.017114
v -0.076438 0.449578 0.017230
v -0.076422 0.449611 0.017227
v -0.076429 0.449661 0.017142
v -0.076415 0.449640 0.017207
v -0.076418 0.449658 0.017176
v -0.075829 0.449193 0.016889
v -0.075833 0.449214 0.016854
v -0.075815 0.449190 0.016927
v -0.075825 0.449248 0.016831
v -0.075794 0.449206 0.016958
v -0.075808 0.449285 0.016828
v -0.075771 0.449236 0.016974
v -0.075785 0.449315 0.016844
v -0.075754 0.449273 0.016971
v -0.075764 0.449331 0.016875
v -0.075746 0.449307 0.016948
v -0.075750 0.449328 0.016913
v -0.075198 0.448879 0.016568
v -0.075193 0.448855 0.016607
v -0.075190 0.448917 0.016543
v -0.075170 0.448959 0.016539
v -0.075176 0.448851 0.016649
v -0.075145 0.448992 0.016557
v -0.075151 0.448869 0.016684
v -0.075120 0.449010 0.016591
v -0.075126 0.448902 0.016701
v -0.075106 0.448944 0.016697
v -0.075098 0.448982 0.016673
v -0.075103 0.449006 0.016634
v -0.074581 0.448550 0.016267
v -0.074574 0.448523 0.016309
v -0.074572 0.448592 0.016240
v -0.074550 0.448638 0.016235
v -0.074554 0.448518 0.016356
v -0.074521 0.448675 0.016255
v -0.074526 0.448536 0.016394
v -0.074493 0.448693 0.016292
v -0.074497 0.448573 0.016413
v -0.074473 0.448688 0.016339
v -0.074475 0.448619 0.016409
v -0.074466 0.448661 0.016381
v -0.073976 0.448222 0.015952
v -0.073968 0.448192 0.015999
v -0.073967 0.448268 0.015923
v -0.073942 0.448318 0.015918
v -0.073945 0.448186 0.016049
v -0.073910 0.448358 0.015938
v -0.073913 0.448205 0.016090
v -0.073878 0.448378 0.015980
v -0.073881 0.448246 0.016111
v -0.073855 0.448372 0.016030
v -0.073856 0.448296 0.016106
v -0.073847 0.448342 0.016076
v -0.073380 0.447891 0.015626
v -0.073371 0.447858 0.015676
v -0.073370 0.447942 0.015593
v -0.073343 0.447996 0.015588
v -0.073345 0.447851 0.015730
v -0.073307 0.448039 0.015610
v -0.073309 0.447872 0.015774
v -0.073271 0.448061 0.015654
v -0.073273 0.447916 0.015797
v -0.073246 0.448054 0.015709
v -0.073246 0.447970 0.015791
v -0.073236 0.448021 0.015759
v -0.072788 0.447555 0.015288
v -0.072778 0.447519 0.015342
v -0.072777 0.447609 0.015253
v -0.072748 0.447667 0.015247
v -0.072749 0.447511 0.015400
v -0.072708 0.447714 0.015270
v -0.072710 0.447533 0.015448
v -0.072669 0.447737 0.015318
v -0.072670 0.447580 0.015471
v -0.072640 0.447729 0.015376
v -0.072641 0.447638 0.015465
v -0.072630 0.447693 0.015430
v -0.072196 0.447208 0.014941
v -0.072184 0.447267 0.014903
v -0.072185 0.447169 0.014999
v -0.072152 0.447329 0.014896
v -0.072154 0.447161 0.015061
v -0.072109 0.447379 0.014921
v -0.072111 0.447185 0.015112
v -0.072066 0.447403 0.014971
v -0.072068 0.447234 0.015137
v -0.072036 0.447297 0.015130
v -0.072024 0.447355 0.015092
v -0.072035 0.447394 0.015034
v -0.071600 0.446848 0.014585
v -0.071589 0.446807 0.014647
v -0.071587 0.446910 0.014544
v -0.071552 0.446977 0.014536
v -0.071555 0.446798 0.014714
v -0.071505 0.447030 0.014562
v -0.071509 0.446823 0.014768
v -0.071458 0.447055 0.014616
v -0.071462 0.446876 0.014794
v -0.071427 0.446942 0.014786
v -0.071413 0.447004 0.014745
v -0.071425 0.447045 0.014683
v -0.070996 0.446471 0.014222
v -0.070984 0.446427 0.014289
v -0.070981 0.446537 0.014179
v -0.070942 0.446607 0.014169
v -0.070948 0.446417 0.014360
v -0.070899 0.446444 0.014418
v -0.070848 0.446500 0.014445
v -0.070892 0.446663 0.014197
v -0.070842 0.446689 0.014254
v -0.070806 0.446679 0.014326
v -0.070810 0.446570 0.014436
v -0.070794 0.446636 0.014392
v -0.070381 0.446074 0.013856
v -0.070369 0.446028 0.013927
v -0.070363 0.446143 0.013808
v -0.070321 0.446216 0.013797
v -0.070331 0.446018 0.014003
v -0.070265 0.446274 0.013826
v -0.070277 0.446045 0.014063
v -0.070211 0.446302 0.013886
v -0.070221 0.446103 0.014091
v -0.070179 0.446177 0.014080
v -0.070173 0.446291 0.013961
v -0.070161 0.446245 0.014032
v -0.070064 0.445833 0.013648
v -0.070052 0.445784 0.013726
v -0.070042 0.445907 0.013595
v -0.069992 0.445984 0.013581
v -0.070009 0.445772 0.013808
v -0.069948 0.445800 0.013872
v -0.069928 0.446046 0.013610
v -0.069867 0.446074 0.013674
v -0.069884 0.445861 0.013901
v -0.069834 0.445939 0.013887
v -0.069813 0.446012 0.013834
v -0.069824 0.446062 0.013756
v -0.069618 0.445465 0.013345
v -0.069605 0.445411 0.013430
v -0.069593 0.445543 0.013286
v -0.069537 0.445625 0.013270
v -0.069559 0.445398 0.013518
v -0.069465 0.445690 0.013299
v -0.069490 0.445427 0.013587
v -0.069396 0.445719 0.013368
v -0.069418 0.445491 0.013616
v -0.069349 0.445705 0.013456
v -0.069362 0.445573 0.013600
v -0.069337 0.445652 0.013541
v -0.069068 0.444986 0.012962
v -0.069040 0.445070 0.012898
v -0.069055 0.444929 0.013054
v -0.068978 0.445157 0.012879
v -0.069004 0.444914 0.013149
v -0.068898 0.445225 0.012910
v -0.068929 0.444944 0.013222
v -0.068823 0.445255 0.012983
v -0.068849 0.445012 0.013253
v -0.068772 0.445240 0.013078
v -0.068787 0.445099 0.013234
v -0.068759 0.445183 0.013170
v -0.068440 0.444418 0.012516
v -0.068409 0.444506 0.012447
v -0.068426 0.444357 0.012615
v -0.068341 0.444599 0.012425
v -0.068371 0.444340 0.012716
v -0.068254 0.444670 0.012457
v -0.068289 0.444371 0.012793
v -0.068172 0.444701 0.012534
v -0.068203 0.444442 0.012825
v -0.068117 0.444684 0.012636
v -0.068135 0.444535 0.012804
v -0.068103 0.444623 0.012734
v -0.067759 0.443777 0.012021
v -0.067745 0.443712 0.012127
v -0.067725 0.443870 0.011947
v -0.067685 0.443693 0.012235
v -0.067651 0.443968 0.011923
v -0.067557 0.444043 0.011956
v -0.067597 0.443726 0.012316
v -0.067469 0.444075 0.012038
v -0.067503 0.443801 0.012349
v -0.067429 0.443898 0.012326
v -0.067409 0.444056 0.012145
v -0.067395 0.443992 0.012251
v -0.067051 0.443083 0.011494
v -0.067013 0.443181 0.011414
v -0.067036 0.443014 0.011607
v -0.066933 0.443283 0.011388
v -0.066972 0.442993 0.011721
v -0.066832 0.443361 0.011422
v -0.066877 0.443027 0.011807
v -0.066737 0.443395 0.011508
v -0.066775 0.443105 0.011841
v -0.066673 0.443374 0.011622
v -0.066695 0.443207 0.011814
v -0.066658 0.443305 0.011734
v -0.066340 0.442354 0.010951
v -0.066324 0.442281 0.011070
v -0.066299 0.442457 0.010865
v -0.066212 0.442563 0.010835
v -0.066256 0.442259 0.011190
v -0.066103 0.442644 0.010870
v -0.066154 0.442293 0.011280
v -0.066001 0.442678 0.010960
v -0.066045 0.442374 0.011315
v -0.065932 0.442655 0.011080
v -0.065958 0.442480 0.011285
v -0.065917 0.442583 0.011199
v -0.065652 0.441609 0.010406
v -0.065607 0.441716 0.010314
v -0.065636 0.441533 0.010532
v -0.065513 0.441826 0.010281
v -0.065563 0.441509 0.010658
v -0.065396 0.441909 0.010316
v -0.065453 0.441543 0.010752
v -0.065286 0.441943 0.010409
v -0.065335 0.441625 0.010787
v -0.065213 0.441918 0.010536
v -0.065242 0.441735 0.010754
v -0.065197 0.441842 0.010662
v -0.065013 0.440868 0.009876
v -0.064963 0.440979 0.009777
v -0.064996 0.440789 0.010009
v -0.064862 0.441091 0.009740
v -0.064918 0.440762 0.010141
v -0.064735 0.441175 0.009775
v -0.064800 0.440794 0.010238
v -0.064616 0.441207 0.009871
v -0.064673 0.440878 0.010272
v -0.064539 0.441181 0.010003
v -0.064571 0.440990 0.010235
v -0.064522 0.441101 0.010137
v -0.064447 0.440150 0.009377
v -0.064430 0.440067 0.009517
v -0.064393 0.440263 0.009271
v -0.064282 0.440376 0.009229
v -0.064347 0.440037 0.009655
v -0.064144 0.440459 0.009261
v -0.064220 0.440068 0.009753
v -0.064017 0.440489 0.009360
v -0.064082 0.440150 0.009786
v -0.063934 0.440459 0.009498
v -0.063971 0.440263 0.009744
v -0.063917 0.440376 0.009638
v -0.063981 0.439476 0.008925
v -0.063921 0.439589 0.008811
v -0.063965 0.439390 0.009074
v -0.063799 0.439699 0.008762
v -0.063876 0.439356 0.009216
v -0.063649 0.439778 0.008791
v -0.063738 0.439382 0.009315
v -0.063511 0.439804 0.008890
v -0.063588 0.439460 0.009344
v -0.063639 0.438864 0.008538
v -0.063623 0.438777 0.008694
v -0.063571 0.438975 0.008414
v -0.063466 0.439571 0.009294
v -0.063422 0.439769 0.009032
v -0.063406 0.439684 0.009180
v -0.063438 0.439079 0.008355
v -0.063528 0.438738 0.008841
v -0.063274 0.439150 0.008378
v -0.063379 0.438756 0.008939
v -0.063056 0.437586 0.007789
v -0.062985 0.437689 0.007661
v -0.063125 0.439168 0.008476
v -0.063042 0.437502 0.007947
v -0.063215 0.438827 0.008961
v -0.062846 0.437784 0.007596
v -0.062945 0.437460 0.008093
v -0.063030 0.439129 0.008623
v -0.063082 0.438932 0.008903
v -0.062678 0.437845 0.007613
v -0.063014 0.439042 0.008779
v -0.062792 0.437471 0.008187
v -0.062526 0.437856 0.007707
v -0.062624 0.437532 0.008204
v -0.062429 0.437814 0.007853
v -0.062486 0.437627 0.008139
v -0.062508 0.436162 0.007003
v -0.062434 0.436259 0.006871
v -0.062494 0.436080 0.007163
v -0.062414 0.437730 0.008011
v -0.062292 0.436347 0.006803
v -0.062397 0.436037 0.007308
v -0.062122 0.436402 0.006816
v -0.062242 0.436043 0.007399
v -0.061967 0.436408 0.006908
v -0.062071 0.436098 0.007413
v -0.061995 0.434630 0.006195
v -0.061983 0.434550 0.006356
v -0.061920 0.434723 0.006061
v -0.061930 0.436186 0.007344
v -0.061870 0.436365 0.007053
v -0.061777 0.434805 0.005989
v -0.061856 0.436283 0.007212
v -0.061885 0.434506 0.006501
v -0.061604 0.434854 0.006000
v -0.061729 0.434509 0.006590
v -0.061448 0.434857 0.006089
v -0.061556 0.434558 0.006601
v -0.061521 0.433026 0.005379
v -0.061444 0.433115 0.005243
v -0.061508 0.432948 0.005541
v -0.061350 0.434813 0.006234
v -0.061299 0.433193 0.005169
v -0.061413 0.434640 0.006529
v -0.061410 0.432903 0.005686
v -0.061337 0.434734 0.006395
v -0.061253 0.432903 0.005774
v -0.061125 0.433238 0.005177
v -0.060968 0.433238 0.005265
v -0.061079 0.432948 0.005782
v -0.061084 0.431384 0.004569
v -0.061072 0.431308 0.004732
v -0.061007 0.431471 0.004431
v -0.060861 0.431545 0.004355
v -0.060870 0.433193 0.005410
v -0.060974 0.431262 0.004876
v -0.060934 0.433025 0.005708
v -0.060816 0.431260 0.004963
v -0.060685 0.431587 0.004362
v -0.060858 0.433115 0.005572
v -0.060527 0.431584 0.004449
v -0.060686 0.429741 0.003778
v -0.060674 0.429666 0.003941
v -0.060608 0.429825 0.003638
v -0.060641 0.431301 0.004970
v -0.060461 0.429896 0.003561
v -0.060576 0.429620 0.004086
v -0.060495 0.431375 0.004894
v -0.060429 0.431539 0.004593
v -0.060418 0.429615 0.004172
v -0.060285 0.429935 0.003566
v -0.060417 0.431462 0.004756
v -0.060327 0.428130 0.003020
v -0.060316 0.428056 0.003184
v -0.060248 0.428213 0.002879
v -0.060241 0.429654 0.004177
v -0.060126 0.429930 0.003653
v -0.060101 0.428281 0.002801
v -0.060217 0.428010 0.003329
v -0.060028 0.429885 0.003797
v -0.060094 0.429725 0.004100
v -0.060058 0.428004 0.003414
v -0.059924 0.428317 0.002805
v -0.060016 0.429809 0.003961
v -0.060008 0.426588 0.002309
v -0.059996 0.426514 0.002474
v -0.059928 0.426668 0.002167
v -0.059898 0.426468 0.002618
v -0.059780 0.426734 0.002087
v -0.059881 0.428040 0.003419
v -0.059765 0.428311 0.002891
v -0.059666 0.428265 0.003035
v -0.059603 0.426768 0.002090
v -0.059734 0.428109 0.003340
v -0.059739 0.426461 0.002704
v -0.059728 0.425148 0.001658
v -0.059717 0.425076 0.001823
v -0.059649 0.425226 0.001515
v -0.059655 0.428191 0.003199
v -0.059619 0.425029 0.001968
v -0.059500 0.425291 0.001434
v -0.059443 0.426762 0.002176
v -0.059561 0.426496 0.002707
v -0.059489 0.423845 0.001080
v -0.059478 0.423774 0.001247
v -0.059409 0.423922 0.000937
v -0.059459 0.425022 0.002053
v -0.059322 0.425323 0.001437
v -0.059413 0.426562 0.002627
v -0.059345 0.426715 0.002320
v -0.059260 0.423985 0.000855
v -0.059334 0.426642 0.002485
v -0.059380 0.423728 0.001392
v -0.059281 0.425054 0.002056
v -0.059162 0.425316 0.001522
v -0.059290 0.422715 0.000590
v -0.059210 0.422791 0.000446
v -0.059081 0.424016 0.000857
v -0.059280 0.422645 0.000757
v -0.059220 0.423720 0.001477
v -0.059063 0.425269 0.001667
v -0.059060 0.422852 0.000364
v -0.059132 0.425119 0.001975
v -0.059181 0.422600 0.000903
v -0.058921 0.424008 0.000942
v -0.059052 0.425197 0.001832
v -0.059132 0.421787 0.000199
v -0.059122 0.421720 0.000367
v -0.059051 0.421862 0.000054
v -0.058882 0.422882 0.000365
v -0.059041 0.423751 0.001478
v -0.058902 0.421923 -0.000028
v -0.059021 0.422592 0.000988
v -0.059024 0.421677 0.000514
v -0.058823 0.423962 0.001087
v -0.059000 0.421122 -0.000068
v -0.058990 0.421058 0.000101
v -0.058919 0.421196 -0.000213
v -0.058892 0.423814 0.001397
v -0.058721 0.422874 0.000450
v -0.058770 0.421259 -0.000295
v -0.058723 0.421955 -0.000026
v -0.058842 0.422622 0.000989
v -0.058812 0.423891 0.001254
v -0.058864 0.421671 0.000600
v -0.058893 0.421020 0.000250
v -0.058828 0.420374 -0.000351
v -0.058819 0.420314 -0.000180
v -0.058747 0.420447 -0.000497
v -0.058903 0.409963 -0.002733
v -0.058475 0.411127 -0.002436
v -0.058893 0.409945 -0.002552
v -0.058381 0.411081 -0.002287
v -0.058801 0.409895 -0.002404
v -0.058827 0.409945 -0.002897
v -0.058482 0.411150 -0.002616
v -0.058735 0.421020 0.000339
v -0.058723 0.420281 -0.000029
v -0.058597 0.420511 -0.000578
v -0.058592 0.421296 -0.000291
v -0.058563 0.421949 0.000060
v -0.058693 0.422683 0.000907
v -0.058623 0.422829 0.000595
v -0.058685 0.421704 0.000602
v -0.058687 0.409895 -0.003001
v -0.058402 0.411146 -0.002778
v -0.058635 0.419556 -0.000642
v -0.058627 0.419498 -0.000470
v -0.058553 0.419625 -0.000789
v -0.058612 0.422759 0.000763
v -0.058226 0.411026 -0.002209
v -0.058651 0.409826 -0.002328
v -0.058420 0.420551 -0.000573
v -0.058565 0.420285 0.000060
v -0.058531 0.419468 -0.000319
v -0.058403 0.419687 -0.000871
v -0.058557 0.421057 0.000342
v -0.058433 0.421296 -0.000203
v -0.058465 0.421907 0.000207
v -0.058519 0.409826 -0.003017
v -0.058255 0.411114 -0.002881
v -0.058535 0.421765 0.000520
v -0.058052 0.410977 -0.002223
v -0.058483 0.409758 -0.002343
v -0.058439 0.418670 -0.000937
v -0.058432 0.418616 -0.000763
v -0.058356 0.418735 -0.001085
v -0.058455 0.421840 0.000375
v -0.058226 0.419726 -0.000866
v -0.058262 0.420555 -0.000483
v -0.058205 0.418793 -0.001168
v -0.058388 0.420324 0.000065
v -0.058374 0.419473 -0.000228
v -0.058407 0.421120 0.000261
v -0.058336 0.421258 -0.000054
v -0.058336 0.418587 -0.000611
v -0.058369 0.409758 -0.002940
v -0.058081 0.411064 -0.002895
v -0.057905 0.410945 -0.002325
v -0.058343 0.409708 -0.002447
v -0.058195 0.412292 -0.002277
v -0.058100 0.412251 -0.002128
v -0.058201 0.412321 -0.002456
v -0.058258 0.417725 -0.001229
v -0.058251 0.417674 -0.001054
v -0.058174 0.417783 -0.001379
v -0.058166 0.420522 -0.000332
v -0.058327 0.421194 0.000116
v -0.058118 0.412330 -0.002617
v -0.058027 0.418828 -0.001165
v -0.058068 0.419731 -0.000776
v -0.058239 0.420389 -0.000016
v -0.058277 0.409708 -0.002792
v -0.057927 0.411009 -0.002817
v -0.057942 0.412209 -0.002048
v -0.058196 0.419512 -0.000224
v -0.058178 0.418591 -0.000522
v -0.058022 0.417834 -0.001464
v -0.057825 0.410940 -0.002488
v -0.058267 0.409690 -0.002612
v -0.058156 0.417645 -0.000903
v -0.058158 0.420461 -0.000161
v -0.057833 0.410964 -0.002668
v -0.057764 0.412177 -0.002060
v -0.057967 0.412316 -0.002717
v -0.058110 0.416725 -0.001513
v -0.058104 0.416678 -0.001338
v -0.058025 0.416777 -0.001665
v -0.057869 0.418832 -0.001075
v -0.058047 0.419574 -0.000306
v -0.057973 0.419701 -0.000624
v -0.058035 0.413436 -0.002082
v -0.057940 0.413399 -0.001932
v -0.058041 0.413470 -0.002261
v -0.057843 0.417864 -0.001462
v -0.058000 0.418626 -0.000518
v -0.057998 0.417646 -0.000814
v -0.058009 0.416649 -0.001186
v -0.057872 0.416819 -0.001753
v -0.057965 0.419643 -0.000452
v -0.057780 0.413369 -0.001851
v -0.057956 0.413491 -0.002420
v -0.058013 0.415678 -0.001784
v -0.058007 0.415636 -0.001607
v -0.057927 0.415721 -0.001938
v -0.057788 0.412284 -0.002729
v -0.057774 0.418803 -0.000923
v -0.057612 0.412164 -0.002159
v -0.057802 0.413495 -0.002517
v -0.057979 0.414553 -0.001857
v -0.057883 0.414519 -0.001707
v -0.057984 0.414591 -0.002035
v -0.057898 0.414624 -0.002191
v -0.057912 0.415604 -0.001456
v -0.057850 0.416644 -0.001099
v -0.057773 0.415753 -0.002029
v -0.057819 0.417675 -0.000812
v -0.057692 0.416841 -0.001754
v -0.057850 0.418684 -0.000601
v -0.057685 0.417865 -0.001374
v -0.057767 0.418749 -0.000750
v -0.057600 0.413353 -0.001860
v -0.057723 0.414499 -0.001623
v -0.057630 0.412242 -0.002649
v -0.057744 0.414642 -0.002285
v -0.057529 0.412173 -0.002320
v -0.057535 0.412201 -0.002500
v -0.057752 0.415593 -0.001370
v -0.057669 0.416666 -0.001099
v -0.057592 0.415764 -0.002032
v -0.057667 0.417726 -0.000897
v -0.057532 0.416836 -0.001666
v -0.057589 0.417836 -0.001222
v -0.057621 0.413479 -0.002525
v -0.057446 0.413357 -0.001957
v -0.057541 0.414498 -0.001629
v -0.057571 0.415604 -0.001373
v -0.057562 0.414641 -0.002291
v -0.057583 0.417785 -0.001047
v -0.057432 0.415753 -0.001946
v -0.057437 0.416806 -0.001514
v -0.057516 0.416708 -0.001187
v -0.057361 0.413378 -0.002115
v -0.057462 0.413449 -0.002444
v -0.057387 0.414516 -0.001723
v -0.057402 0.414621 -0.002207
v -0.057431 0.416759 -0.001339
v -0.057417 0.415636 -0.001464
v -0.057366 0.413412 -0.002294
v -0.057336 0.415721 -0.001795
v -0.057301 0.414549 -0.001879
v -0.057331 0.415679 -0.001618
v -0.057307 0.414588 -0.002057
v -0.079369 0.374964 0.002827
v -0.079477 0.377433 0.003572
v -0.079425 0.377352 0.003868
v -0.079299 0.379913 0.004501
v -0.079262 0.375065 0.002554
v -0.079369 0.377510 0.003291
v -0.079352 0.379984 0.004203
v -0.079317 0.374873 0.003119
v -0.079227 0.377288 0.004098
v -0.079101 0.379844 0.004730
v -0.079006 0.372603 0.001973
v -0.078903 0.372730 0.001709
v -0.079245 0.380037 0.003916
v -0.079025 0.375149 0.002372
v -0.079130 0.377562 0.003100
v -0.078959 0.382530 0.005013
v -0.079013 0.382590 0.004713
v -0.079119 0.374815 0.003352
v -0.078952 0.372501 0.002261
v -0.078762 0.382458 0.005241
v -0.078671 0.372848 0.001539
v -0.078936 0.377259 0.004202
v -0.078811 0.379796 0.004829
v -0.079007 0.380060 0.003718
v -0.078909 0.382622 0.004422
v -0.078720 0.375192 0.002331
v -0.078824 0.377574 0.003050
v -0.078755 0.372451 0.002496
v -0.078829 0.374807 0.003462
v -0.078474 0.382394 0.005338
v -0.078371 0.372925 0.001511
v -0.078366 0.370378 0.001015
v -0.078271 0.370531 0.000763
v -0.078674 0.382618 0.004218
v -0.078702 0.380045 0.003661
v -0.078427 0.385178 0.005398
v -0.078482 0.385227 0.005096
v -0.078309 0.370265 0.001299
v -0.078630 0.377272 0.004152
v -0.078506 0.379782 0.004772
v -0.078229 0.385104 0.005626
v -0.078049 0.370684 0.000609
v -0.078382 0.385239 0.004803
v -0.078469 0.372467 0.002615
v -0.078524 0.374850 0.003421
v -0.078430 0.375184 0.002441
v -0.078533 0.377545 0.003154
v -0.078172 0.382355 0.005276
v -0.078115 0.370224 0.001538
v -0.077944 0.385026 0.005721
v -0.078085 0.372940 0.001630
v -0.078373 0.382579 0.004156
v -0.078412 0.379997 0.003760
v -0.077760 0.370796 0.000595
v -0.078153 0.385211 0.004595
v -0.078391 0.377323 0.003961
v -0.078268 0.379804 0.004574
v -0.078170 0.372544 0.002586
v -0.078286 0.374934 0.003239
v -0.078232 0.375127 0.002674
v -0.078335 0.377481 0.003384
v -0.077937 0.382351 0.005072
v -0.077836 0.370265 0.001668
v -0.077647 0.384965 0.005655
v -0.077721 0.387832 0.005650
v -0.077780 0.387870 0.005348
v -0.077888 0.372891 0.001865
v -0.077524 0.387758 0.005879
v -0.078084 0.382515 0.004252
v -0.078214 0.379929 0.003989
v -0.077481 0.370837 0.000725
v -0.078283 0.377400 0.003680
v -0.078161 0.379858 0.004287
v -0.077855 0.385149 0.004530
v -0.077685 0.387862 0.005052
v -0.078180 0.375035 0.002966
v -0.077937 0.372662 0.002417
v -0.077833 0.382383 0.004781
v -0.077834 0.372788 0.002153
v -0.077242 0.387668 0.005972
v -0.077887 0.382443 0.004481
v -0.077547 0.370378 0.001655
v -0.077417 0.384936 0.005448
v -0.077461 0.387811 0.004843
v -0.077287 0.370796 0.000964
v -0.077570 0.385071 0.004624
v -0.077325 0.370531 0.001501
v -0.077317 0.384948 0.005154
v -0.076950 0.387586 0.005905
v -0.077229 0.370684 0.001248
v -0.077373 0.384997 0.004853
v -0.077169 0.387729 0.004776
v -0.076863 0.390467 0.005764
v -0.076925 0.390493 0.005461
v -0.076666 0.390393 0.005993
v -0.076836 0.390467 0.005165
v -0.076726 0.387534 0.005695
v -0.076887 0.387639 0.004869
v -0.076387 0.390293 0.006086
v -0.076620 0.390393 0.004955
v -0.076631 0.387527 0.005400
v -0.076690 0.387565 0.005097
v -0.076101 0.390193 0.006018
v -0.076334 0.390293 0.004887
v -0.075884 0.390119 0.005807
v -0.075871 0.393057 0.005733
v -0.075938 0.393072 0.005430
v -0.076055 0.390193 0.004979
v -0.075673 0.392986 0.005962
v -0.075857 0.393026 0.005134
v -0.075795 0.390093 0.005511
v -0.075858 0.390120 0.005208
v -0.075398 0.392877 0.006055
v -0.075648 0.392932 0.004924
v -0.075118 0.392759 0.005987
v -0.075369 0.392815 0.004857
v -0.074910 0.392665 0.005777
v -0.075093 0.392705 0.004949
v -0.074839 0.395581 0.005249
v -0.074766 0.395579 0.005551
v -0.074828 0.392619 0.005481
v -0.074896 0.392634 0.005178
v -0.074766 0.395516 0.004954
v -0.074567 0.395510 0.005779
v -0.074295 0.395393 0.005872
v -0.074566 0.395401 0.004746
v -0.074022 0.395260 0.005806
v -0.074294 0.395267 0.004679
v -0.073823 0.395145 0.005597
v -0.074022 0.395150 0.004772
v -0.073750 0.395079 0.005303
v -0.073823 0.395081 0.005001
v -0.073646 0.397994 0.004910
v -0.073566 0.398006 0.005210
v -0.073583 0.397909 0.004618
v -0.073365 0.397942 0.005438
v -0.073394 0.397773 0.004413
v -0.073096 0.397818 0.005532
v -0.073129 0.397624 0.004349
v -0.072832 0.397668 0.005468
v -0.072860 0.397500 0.004443
v -0.072643 0.397533 0.005262
v -0.072659 0.397435 0.004670
v -0.072579 0.397447 0.004970
v -0.072360 0.400318 0.004400
v -0.072269 0.400348 0.004696
v -0.072315 0.400201 0.004116
v -0.072069 0.400282 0.004924
v -0.072149 0.400028 0.003919
v -0.071812 0.400139 0.005023
v -0.071904 0.399845 0.003863
v -0.071567 0.399956 0.004966
v -0.071647 0.399702 0.003962
v -0.071400 0.399783 0.004770
v -0.071446 0.399636 0.004190
v -0.071356 0.399666 0.004486
v -0.071516 0.401349 0.003979
v -0.071414 0.401394 0.004269
v -0.071499 0.401198 0.003708
v -0.071219 0.401321 0.004500
v -0.071367 0.400982 0.003528
v -0.070984 0.401150 0.004610
v -0.071154 0.400759 0.003488
v -0.070772 0.400927 0.004569
v -0.070919 0.400588 0.003598
v -0.070639 0.400711 0.004389
v -0.070167 0.402553 0.003263
v -0.070168 0.402385 0.003002
v -0.070057 0.402605 0.003549
v -0.070724 0.400516 0.003828
v -0.069868 0.402528 0.003783
v -0.070622 0.400561 0.004118
v -0.070060 0.402147 0.002835
v -0.069649 0.402341 0.003901
v -0.069872 0.401902 0.002807
v -0.069461 0.402096 0.003873
v -0.069653 0.401715 0.002926
v -0.069353 0.401857 0.003706
v -0.069464 0.401638 0.003159
v -0.069354 0.401690 0.003445
v -0.068422 0.403899 0.002318
v -0.068432 0.403724 0.002062
v -0.068308 0.403953 0.002602
v -0.068336 0.403476 0.001901
v -0.068122 0.403874 0.002837
v -0.068159 0.403222 0.001879
v -0.067912 0.403681 0.002960
v -0.067949 0.403029 0.002002
v -0.067735 0.403426 0.002938
v -0.067762 0.402949 0.002237
v -0.067639 0.403179 0.002778
v -0.067649 0.403004 0.002521
v -0.066373 0.405358 0.001199
v -0.066388 0.405180 0.000945
v -0.066258 0.405414 0.001482
v -0.066298 0.404928 0.000788
v -0.066072 0.405333 0.001718
v -0.066127 0.404669 0.000770
v -0.065867 0.405137 0.001844
v -0.065922 0.404473 0.000896
v -0.065696 0.404878 0.001825
v -0.065737 0.404392 0.001131
v -0.065606 0.404626 0.001668
v -0.065621 0.404448 0.001414
v -0.064119 0.406895 -0.000034
v -0.064136 0.406715 -0.000287
v -0.064003 0.406952 0.000248
v -0.064050 0.406461 -0.000443
v -0.063819 0.406870 0.000484
v -0.063882 0.406200 -0.000459
v -0.063616 0.406672 0.000611
v -0.063679 0.406002 -0.000332
v -0.063449 0.406411 0.000595
v -0.063495 0.405920 -0.000096
v -0.063362 0.406157 0.000439
v -0.063379 0.405977 0.000187
v -0.061763 0.408469 -0.001323
v -0.061781 0.408289 -0.001575
v -0.061647 0.408526 -0.001040
v -0.061695 0.408034 -0.001730
v -0.061463 0.408444 -0.000804
v -0.061529 0.407772 -0.001746
v -0.061261 0.408246 -0.000676
v -0.061327 0.407574 -0.001619
v -0.061095 0.407984 -0.000692
v -0.061143 0.407492 -0.001382
v -0.061009 0.407729 -0.000847
v -0.061027 0.407549 -0.001100
v -0.059424 0.409862 -0.002858
v -0.059337 0.409607 -0.003013
v -0.059407 0.410041 -0.002605
v -0.059292 0.410097 -0.002322
v -0.059108 0.410015 -0.002085
v -0.059170 0.409346 -0.003030
v -0.058906 0.409817 -0.001958
v -0.058967 0.409148 -0.002902
v -0.058739 0.409556 -0.001974
v -0.058784 0.409066 -0.002666
v -0.058652 0.409301 -0.002130
v -0.058668 0.409122 -0.002383
v -0.057155 0.411569 -0.003820
v -0.057169 0.411391 -0.004074
v -0.057041 0.411624 -0.003536
v -0.057079 0.411139 -0.004232
v -0.056858 0.411542 -0.003299
v -0.056909 0.410880 -0.004249
v -0.056654 0.411345 -0.003173
v -0.056705 0.410683 -0.004123
v -0.056484 0.411085 -0.003191
v -0.056521 0.410601 -0.003886
v -0.056394 0.410833 -0.003348
v -0.056407 0.410656 -0.003603
v -0.055112 0.413010 -0.004905
v -0.055120 0.412837 -0.005163
v -0.055001 0.413063 -0.004620
v -0.055023 0.412589 -0.005324
v -0.054817 0.412981 -0.004384
v -0.054848 0.412334 -0.005345
v -0.054610 0.412787 -0.004259
v -0.054640 0.412140 -0.005220
v -0.054434 0.412532 -0.004280
v -0.054456 0.412058 -0.004984
v -0.054337 0.412284 -0.004441
v -0.054345 0.412111 -0.004699
v -0.053385 0.414321 -0.005799
v -0.053383 0.414155 -0.006062
v -0.053279 0.414370 -0.005511
v -0.053274 0.413917 -0.006229
v -0.053095 0.414289 -0.005275
v -0.053087 0.413671 -0.006256
v -0.052880 0.414100 -0.005155
v -0.052872 0.413482 -0.006135
v -0.052693 0.413853 -0.005181
v -0.052687 0.413401 -0.005899
v -0.052584 0.413615 -0.005348
v -0.052582 0.413450 -0.005611
v -0.052088 0.415447 -0.006436
v -0.052065 0.415300 -0.006709
v -0.051993 0.415486 -0.006143
v -0.051931 0.415085 -0.006888
v -0.051806 0.415407 -0.005908
v -0.051721 0.414860 -0.006926
v -0.051577 0.415231 -0.005794
v -0.051491 0.414684 -0.006812
v -0.051367 0.415006 -0.005832
v -0.051304 0.414605 -0.006577
v -0.051232 0.414791 -0.006011
v -0.051209 0.414644 -0.006284
v -0.051323 0.416337 -0.006759
v -0.051243 0.416358 -0.006459
v -0.051270 0.416226 -0.007044
v -0.051053 0.416283 -0.006226
v -0.051098 0.416055 -0.007238
v -0.050802 0.416132 -0.006121
v -0.050855 0.415869 -0.007290
v -0.050559 0.415946 -0.006172
v -0.050604 0.415719 -0.007185
v -0.050387 0.415775 -0.006367
v -0.049704 0.419061 -0.007214
v -0.049639 0.419065 -0.006930
v -0.050414 0.415644 -0.006952
v -0.049635 0.418988 -0.007489
v -0.049458 0.418998 -0.006711
v -0.050334 0.415664 -0.006652
v -0.049451 0.418864 -0.007679
v -0.049209 0.418878 -0.006616
v -0.049201 0.418724 -0.007734
v -0.048959 0.418738 -0.006671
v -0.048952 0.418604 -0.007640
v -0.048775 0.418614 -0.006862
v -0.048771 0.418537 -0.007421
v -0.048706 0.418541 -0.007136
v -0.048300 0.421864 -0.007500
v -0.048244 0.421858 -0.007232
v -0.048227 0.421813 -0.007759
v -0.048073 0.421797 -0.007027
v -0.048044 0.421719 -0.007939
v -0.047834 0.421697 -0.006940
v -0.047801 0.421607 -0.007993
v -0.047591 0.421585 -0.006994
v -0.047561 0.421507 -0.007905
v -0.047408 0.421491 -0.007174
v -0.047391 0.421446 -0.007700
v -0.047335 0.421440 -0.007433
v -0.047068 0.424690 -0.007367
v -0.047117 0.424705 -0.007617
v -0.046909 0.424634 -0.007176
v -0.047042 0.424674 -0.007858
v -0.046681 0.424552 -0.007095
v -0.046864 0.424607 -0.008027
v -0.046447 0.424466 -0.007146
v -0.046629 0.424521 -0.008078
v -0.047693 0.458707 0.004019
v -0.047763 0.459169 0.004296
v -0.047707 0.458698 0.004029
v -0.047527 0.458035 0.003594
v -0.047753 0.459172 0.004288
v -0.047674 0.458711 0.004018
v -0.047502 0.458042 0.003593
v -0.047768 0.459163 0.004307
v -0.047713 0.458688 0.004044
v -0.047545 0.458022 0.003606
v -0.047766 0.459158 0.004318
v -0.047710 0.458679 0.004061
v -0.047554 0.458007 0.003625
v -0.047757 0.459153 0.004327
v -0.047698 0.458674 0.004075
v -0.047549 0.457995 0.003647
v -0.047745 0.459152 0.004331
v -0.047680 0.458673 0.004082
v -0.047532 0.457988 0.003665
v -0.047741 0.459174 0.004286
v -0.047656 0.458711 0.004025
v -0.047728 0.459172 0.004290
v -0.047644 0.458705 0.004039
v -0.047720 0.459168 0.004299
v -0.047640 0.458696 0.004055
v -0.047718 0.459162 0.004311
v -0.047646 0.458686 0.004071
v -0.047722 0.459157 0.004322
v -0.047661 0.458678 0.004080
v -0.047732 0.459153 0.004329
v -0.047509 0.457988 0.003675
v -0.047479 0.458042 0.003603
v -0.047485 0.457996 0.003674
v -0.047466 0.458008 0.003662
v -0.047462 0.458035 0.003621
v -0.047458 0.458023 0.003643
v -0.046268 0.424399 -0.007315
v -0.046402 0.424439 -0.007997
v -0.047309 0.457162 0.003081
v -0.047303 0.457146 0.003108
v -0.047299 0.457180 0.003057
v -0.047276 0.457197 0.003043
v -0.047283 0.457138 0.003131
v -0.047246 0.457207 0.003042
v -0.047253 0.457139 0.003144
v -0.047216 0.457208 0.003055
v -0.047223 0.457149 0.003143
v -0.047200 0.457165 0.003129
v -0.047190 0.457184 0.003105
v -0.047196 0.457200 0.003078
v -0.046193 0.424368 -0.007557
v -0.046242 0.424383 -0.007806
v -0.046999 0.456193 0.002443
v -0.046992 0.456174 0.002475
v -0.046987 0.456215 0.002415
v -0.046960 0.456236 0.002398
v -0.046968 0.456164 0.002503
v -0.046924 0.456248 0.002398
v -0.046933 0.456165 0.002519
v -0.046889 0.456250 0.002413
v -0.046897 0.456178 0.002518
v -0.046865 0.456240 0.002441
v -0.046870 0.456198 0.002501
v -0.046858 0.456221 0.002473
v -0.046101 0.427543 -0.007340
v -0.046144 0.427565 -0.007572
v -0.045953 0.427492 -0.007163
v -0.046069 0.427552 -0.007796
v -0.046645 0.455142 0.001743
v -0.046636 0.455120 0.001780
v -0.046631 0.455169 0.001710
v -0.046599 0.455193 0.001691
v -0.046608 0.455108 0.001813
v -0.046558 0.455208 0.001690
v -0.046568 0.455110 0.001831
v -0.046517 0.455210 0.001709
v -0.045739 0.427426 -0.007088
v -0.046526 0.455125 0.001831
v -0.046489 0.455198 0.001741
v -0.045897 0.427509 -0.007952
v -0.046494 0.455149 0.001811
v -0.046481 0.455176 0.001779
v -0.045516 0.427363 -0.007135
v -0.045674 0.427445 -0.007999
v -0.046266 0.454051 0.001012
v -0.046256 0.454026 0.001055
v -0.046251 0.454081 0.000974
v -0.046214 0.454109 0.000953
v -0.046224 0.454012 0.001091
v -0.046167 0.454126 0.000952
v -0.046178 0.454015 0.001112
v -0.046121 0.454129 0.000973
v -0.046131 0.454032 0.001112
v -0.046089 0.454116 0.001010
v -0.046095 0.454060 0.001090
v -0.046079 0.454091 0.001053
v -0.045344 0.427319 -0.007291
v -0.045460 0.427380 -0.007924
v -0.045312 0.427329 -0.007747
v -0.045269 0.427307 -0.007515
v -0.045872 0.452933 0.000329
v -0.045836 0.452918 0.000371
v -0.045883 0.452961 0.000281
v -0.045865 0.452995 0.000239
v -0.045825 0.453026 0.000215
v -0.045771 0.453046 0.000214
v -0.045784 0.452921 0.000395
v -0.045720 0.453049 0.000238
v -0.045369 0.430427 -0.007372
v -0.045332 0.430398 -0.007159
v -0.045731 0.452941 0.000394
v -0.045684 0.453034 0.000280
v -0.045297 0.430430 -0.007578
v -0.045196 0.430352 -0.006996
v -0.045690 0.452972 0.000370
v -0.045673 0.453006 0.000328
v -0.044996 0.430300 -0.006926
v -0.045134 0.430407 -0.007721
v -0.045503 0.451883 -0.000364
v -0.045464 0.451867 -0.000318
v -0.045515 0.451914 -0.000417
v -0.045496 0.451952 -0.000464
v -0.045451 0.451986 -0.000491
v -0.045391 0.452008 -0.000492
v -0.045406 0.451870 -0.000291
v -0.045334 0.452011 -0.000465
v -0.044786 0.430257 -0.006968
v -0.045347 0.451892 -0.000292
v -0.045294 0.451995 -0.000419
v -0.044925 0.430364 -0.007763
v -0.045302 0.451926 -0.000319
v -0.045282 0.451964 -0.000366
v -0.044624 0.430234 -0.007111
v -0.045184 0.450952 -0.001052
v -0.045163 0.450994 -0.001104
v -0.045171 0.450918 -0.000993
v -0.045112 0.451031 -0.001134
v -0.044725 0.430312 -0.007693
v -0.045127 0.450901 -0.000943
v -0.045047 0.451054 -0.001135
v -0.045064 0.450904 -0.000914
v -0.044984 0.451058 -0.001106
v -0.044751 0.433240 -0.006831
v -0.044783 0.433273 -0.007025
v -0.044551 0.430237 -0.007317
v -0.044626 0.433197 -0.006682
v -0.044999 0.450927 -0.000915
v -0.044940 0.451040 -0.001056
v -0.044588 0.430266 -0.007530
v -0.044714 0.433289 -0.007212
v -0.044949 0.450965 -0.000945
v -0.044927 0.451006 -0.000996
v -0.044441 0.433158 -0.006617
v -0.044909 0.450117 -0.001592
v -0.044895 0.450081 -0.001527
v -0.044885 0.450161 -0.001649
v -0.044830 0.450201 -0.001683
v -0.044562 0.433283 -0.007341
v -0.044847 0.450062 -0.001472
v -0.044759 0.450225 -0.001684
v -0.044778 0.450065 -0.001441
v -0.044690 0.450228 -0.001653
v -0.044247 0.433132 -0.006654
v -0.044707 0.450089 -0.001442
v -0.044642 0.450209 -0.001598
v -0.044652 0.450129 -0.001476
v -0.044628 0.450173 -0.001533
v -0.044368 0.433257 -0.007378
v -0.044711 0.449453 -0.002004
v -0.044684 0.449497 -0.002068
v -0.044696 0.449415 -0.001933
v -0.044624 0.449537 -0.002106
v -0.044644 0.449394 -0.001873
v -0.044545 0.449561 -0.002109
v -0.044095 0.433126 -0.006783
v -0.044346 0.436048 -0.006363
v -0.044374 0.436086 -0.006538
v -0.044569 0.449396 -0.001840
v -0.044233 0.436010 -0.006228
v -0.044470 0.449563 -0.002076
v -0.044184 0.433218 -0.007313
v -0.044310 0.436112 -0.006705
v -0.044610 0.449002 -0.002257
v -0.044579 0.449044 -0.002328
v -0.044491 0.449420 -0.001843
v -0.044595 0.448965 -0.002178
v -0.044513 0.449080 -0.002373
v -0.044419 0.449542 -0.002016
v -0.044539 0.448943 -0.002113
v -0.044431 0.449460 -0.001882
v -0.044404 0.449505 -0.001945
v -0.044026 0.433142 -0.006969
v -0.044064 0.435981 -0.006168
v -0.044427 0.449100 -0.002380
v -0.044059 0.433175 -0.007163
v -0.044171 0.436120 -0.006820
v -0.044296 0.446634 -0.003334
v -0.044279 0.446595 -0.003236
v -0.044258 0.446677 -0.003424
v -0.044176 0.446711 -0.003483
v -0.044458 0.448943 -0.002079
v -0.044212 0.446570 -0.003157
v -0.044346 0.449099 -0.002346
v -0.044071 0.446728 -0.003494
v -0.044372 0.448963 -0.002086
v -0.044290 0.449077 -0.002281
v -0.044113 0.446565 -0.003117
v -0.043887 0.435968 -0.006200
v -0.043972 0.446724 -0.003455
v -0.044306 0.448999 -0.002131
v -0.044275 0.449041 -0.002202
v -0.043993 0.436108 -0.006851
v -0.044107 0.438807 -0.005763
v -0.044132 0.438846 -0.005918
v -0.044008 0.446582 -0.003129
v -0.044005 0.438771 -0.005641
v -0.043905 0.446698 -0.003376
v -0.044074 0.438881 -0.006066
v -0.044104 0.444139 -0.004308
v -0.044059 0.444181 -0.004417
v -0.043926 0.446617 -0.003187
v -0.043888 0.446659 -0.003278
v -0.044085 0.444098 -0.004192
v -0.043747 0.435977 -0.006314
v -0.043962 0.444213 -0.004490
v -0.043854 0.438751 -0.005586
v -0.044006 0.444069 -0.004098
v -0.043825 0.436079 -0.006791
v -0.043948 0.438900 -0.006166
v -0.043838 0.444226 -0.004505
v -0.044024 0.441496 -0.005036
v -0.044046 0.441537 -0.005172
v -0.043683 0.436003 -0.006481
v -0.043711 0.436040 -0.006656
v -0.043694 0.438750 -0.005612
v -0.043934 0.441464 -0.004929
v -0.043994 0.441576 -0.005300
v -0.043882 0.441603 -0.005387
v -0.043889 0.444061 -0.004054
v -0.043722 0.444218 -0.004461
v -0.043800 0.441450 -0.004879
v -0.043766 0.444074 -0.004069
v -0.043788 0.438899 -0.006192
v -0.043740 0.441611 -0.005407
v -0.043643 0.444189 -0.004367
v -0.043669 0.444106 -0.004141
v -0.043624 0.444148 -0.004251
v -0.043568 0.438769 -0.005713
v -0.043657 0.441458 -0.004900
v -0.043636 0.438878 -0.006137
v -0.043606 0.441597 -0.005357
v -0.043509 0.438803 -0.005860
v -0.043516 0.441565 -0.005250
v -0.043534 0.438843 -0.006015
v -0.043545 0.441484 -0.004986
v -0.043494 0.441524 -0.005114
v -0.081359 0.189658 -0.084233
v -0.082581 0.190611 -0.084267
v -0.082572 0.190612 -0.084032
v -0.081282 0.189739 -0.084439
v -0.082514 0.190700 -0.084473
v -0.081368 0.189674 -0.084000
v -0.082489 0.190703 -0.083832
v -0.081158 0.189894 -0.084562
v -0.082389 0.190856 -0.084597
v -0.081306 0.189781 -0.083801
v -0.082354 0.190860 -0.083721
v -0.081019 0.190082 -0.084569
v -0.082239 0.191037 -0.084604
v -0.081190 0.189952 -0.083691
v -0.082204 0.191041 -0.083728
v -0.080903 0.190253 -0.084459
v -0.082104 0.191193 -0.084492
v -0.081051 0.190140 -0.083698
v -0.082078 0.191197 -0.083851
v -0.080841 0.190360 -0.084260
v -0.082021 0.191285 -0.084293
v -0.080927 0.190295 -0.083821
v -0.082011 0.191286 -0.084058
v -0.080850 0.190376 -0.084027
v -0.080150 0.188826 -0.084060
v -0.080063 0.188899 -0.084264
v -0.080177 0.188854 -0.083830
v -0.080135 0.188975 -0.083636
v -0.079938 0.189054 -0.084386
v -0.080037 0.189157 -0.083528
v -0.079810 0.189248 -0.084395
v -0.079909 0.189351 -0.083537
v -0.079712 0.189430 -0.084287
v -0.079785 0.189506 -0.083659
v -0.079671 0.189551 -0.084092
v -0.079698 0.189579 -0.083862
v -0.078964 0.188099 -0.083770
v -0.079007 0.188137 -0.083545
v -0.078867 0.188166 -0.083970
v -0.078984 0.188269 -0.083356
v -0.078742 0.188319 -0.084092
v -0.078903 0.188460 -0.083253
v -0.078623 0.188518 -0.084103
v -0.078783 0.188659 -0.083263
v -0.078541 0.188709 -0.083999
v -0.078659 0.188812 -0.083385
v -0.078519 0.188841 -0.083810
v -0.078562 0.188879 -0.083585
v -0.077869 0.187508 -0.083167
v -0.077811 0.187462 -0.083386
v -0.077862 0.187648 -0.082983
v -0.077706 0.187523 -0.083583
v -0.077794 0.187846 -0.082885
v -0.077580 0.187675 -0.083703
v -0.077682 0.188048 -0.082898
v -0.077468 0.187877 -0.083716
v -0.077556 0.188199 -0.083018
v -0.077400 0.188075 -0.083618
v -0.077450 0.188261 -0.083215
v -0.077393 0.188215 -0.083434
v -0.076771 0.186950 -0.082717
v -0.076702 0.186898 -0.082931
v -0.076777 0.187097 -0.082540
v -0.076588 0.186955 -0.083123
v -0.076719 0.187298 -0.082446
v -0.076461 0.187105 -0.083242
v -0.076612 0.187502 -0.082460
v -0.076354 0.187309 -0.083257
v -0.076484 0.187652 -0.082580
v -0.076296 0.187511 -0.083163
v -0.076371 0.187709 -0.082772
v -0.076302 0.187657 -0.082985
v -0.075722 0.186448 -0.082219
v -0.075644 0.186392 -0.082427
v -0.075738 0.186599 -0.082046
v -0.075524 0.186445 -0.082615
v -0.075687 0.186803 -0.081956
v -0.075582 0.187007 -0.081971
v -0.075394 0.186594 -0.082732
v -0.075290 0.186797 -0.082748
v -0.075452 0.187155 -0.082089
v -0.075332 0.187208 -0.082277
v -0.075239 0.187001 -0.082657
v -0.075254 0.187152 -0.082485
v -0.074732 0.185987 -0.081693
v -0.074754 0.186139 -0.081524
v -0.074647 0.185927 -0.081896
v -0.074706 0.186344 -0.081436
v -0.074521 0.185977 -0.082080
v -0.074602 0.186547 -0.081451
v -0.074389 0.186123 -0.082195
v -0.074469 0.186693 -0.081566
v -0.074285 0.186326 -0.082211
v -0.074343 0.186743 -0.081750
v -0.074237 0.186531 -0.082122
v -0.074258 0.186684 -0.081954
v -0.073809 0.185550 -0.081161
v -0.073833 0.185703 -0.080995
v -0.073721 0.185489 -0.081362
v -0.073785 0.185907 -0.080906
v -0.073590 0.185536 -0.081542
v -0.073679 0.186107 -0.080920
v -0.073454 0.185679 -0.081654
v -0.073542 0.186250 -0.081032
v -0.073347 0.185879 -0.081668
v -0.073411 0.186298 -0.081212
v -0.073299 0.186084 -0.081579
v -0.073323 0.186237 -0.081413
v -0.072964 0.185122 -0.080647
v -0.072874 0.185061 -0.080845
v -0.072986 0.185274 -0.080480
v -0.072933 0.185475 -0.080389
v -0.072740 0.185106 -0.081022
v -0.072821 0.185671 -0.080399
v -0.072598 0.185245 -0.081130
v -0.072679 0.185811 -0.080507
v -0.072486 0.185442 -0.081141
v -0.072545 0.185856 -0.080684
v -0.072434 0.185643 -0.081050
v -0.072455 0.185794 -0.080883
v -0.072205 0.184691 -0.080171
v -0.072220 0.184838 -0.080001
v -0.072118 0.184631 -0.080370
v -0.072159 0.185032 -0.079905
v -0.071981 0.184674 -0.080545
v -0.072037 0.185222 -0.079909
v -0.071832 0.184808 -0.080648
v -0.071888 0.185357 -0.080011
v -0.071711 0.184998 -0.080652
v -0.071752 0.185400 -0.080186
v -0.071650 0.185193 -0.080555
v -0.071665 0.185340 -0.080385
v -0.071543 0.184241 -0.079757
v -0.071462 0.184186 -0.079959
v -0.071546 0.184379 -0.079579
v -0.071470 0.184562 -0.079474
v -0.071324 0.184227 -0.080131
v -0.071167 0.184354 -0.080228
v -0.071334 0.184741 -0.079469
v -0.071177 0.184869 -0.079566
v -0.071031 0.184534 -0.080223
v -0.071039 0.184910 -0.079738
v -0.070955 0.184717 -0.080117
v -0.070958 0.184855 -0.079940
v -0.070902 0.183702 -0.079622
v -0.070761 0.183740 -0.079792
v -0.070979 0.183754 -0.079419
v -0.070972 0.183883 -0.079237
v -0.070883 0.184055 -0.079124
v -0.070595 0.183859 -0.079883
v -0.070736 0.184223 -0.079111
v -0.070447 0.184027 -0.079870
v -0.070569 0.184342 -0.079202
v -0.069790 0.182587 -0.078665
v -0.069709 0.182531 -0.078863
v -0.069786 0.182716 -0.078486
v -0.070358 0.184199 -0.079757
v -0.070429 0.184380 -0.079372
v -0.070352 0.184328 -0.079575
v -0.069565 0.182563 -0.079026
v -0.069697 0.182885 -0.078375
v -0.069395 0.182675 -0.079112
v -0.069548 0.183047 -0.078360
v -0.069246 0.182838 -0.079097
v -0.069378 0.183160 -0.078445
v -0.069157 0.183006 -0.078986
v -0.069234 0.183192 -0.078609
v -0.069153 0.183136 -0.078807
v -0.068380 0.181215 -0.077623
v -0.068292 0.181152 -0.077813
v -0.068382 0.181350 -0.077452
v -0.068143 0.181178 -0.077970
v -0.068299 0.181521 -0.077345
v -0.067973 0.181286 -0.078052
v -0.068153 0.181682 -0.077331
v -0.067826 0.181447 -0.078038
v -0.067983 0.181790 -0.077414
v -0.067743 0.181618 -0.077931
v -0.067834 0.181816 -0.077571
v -0.067746 0.181753 -0.077760
v -0.066823 0.179702 -0.076331
v -0.066730 0.179634 -0.076512
v -0.066831 0.179841 -0.076166
v -0.066577 0.179654 -0.076663
v -0.066753 0.180014 -0.076064
v -0.066406 0.179758 -0.076742
v -0.066609 0.180173 -0.076050
v -0.066262 0.179918 -0.076728
v -0.066437 0.180277 -0.076129
v -0.066184 0.180090 -0.076626
v -0.066285 0.180297 -0.076280
v -0.066192 0.180229 -0.076462
v -0.065187 0.178106 -0.074820
v -0.065090 0.178032 -0.074993
v -0.065201 0.178248 -0.074663
v -0.065127 0.178421 -0.074564
v -0.064934 0.178047 -0.075137
v -0.064985 0.178579 -0.074551
v -0.064762 0.178147 -0.075212
v -0.064813 0.178678 -0.074626
v -0.064620 0.178304 -0.075199
v -0.064657 0.178693 -0.074770
v -0.064546 0.178477 -0.075101
v -0.064559 0.178620 -0.074943
v -0.063543 0.176482 -0.073123
v -0.063561 0.176628 -0.072973
v -0.063440 0.176403 -0.073287
v -0.063491 0.176801 -0.072879
v -0.063281 0.176413 -0.073423
v -0.063351 0.176957 -0.072866
v -0.063108 0.176508 -0.073494
v -0.063178 0.177051 -0.072936
v -0.062967 0.176663 -0.073481
v -0.063019 0.177061 -0.073073
v -0.062897 0.176836 -0.073387
v -0.062916 0.176982 -0.073237
v -0.061956 0.174888 -0.071272
v -0.061848 0.174803 -0.071426
v -0.061981 0.175037 -0.071131
v -0.061914 0.175212 -0.071042
v -0.061685 0.174806 -0.071553
v -0.061775 0.175364 -0.071028
v -0.061511 0.174896 -0.071619
v -0.061601 0.175454 -0.071094
v -0.061372 0.175048 -0.071605
v -0.061438 0.175457 -0.071221
v -0.061306 0.175223 -0.071516
v -0.061330 0.175372 -0.071375
v -0.060497 0.173380 -0.069300
v -0.060527 0.173534 -0.069170
v -0.060383 0.173288 -0.069442
v -0.060465 0.173709 -0.069086
v -0.060215 0.173284 -0.069558
v -0.060039 0.173368 -0.069616
v -0.060328 0.173859 -0.069072
v -0.060151 0.173943 -0.069131
v -0.059901 0.173518 -0.069602
v -0.059984 0.173939 -0.069246
v -0.059839 0.173693 -0.069519
v -0.059869 0.173847 -0.069388
v -0.059233 0.172015 -0.067240
v -0.059270 0.172174 -0.067124
v -0.059112 0.171915 -0.067366
v -0.059213 0.172351 -0.067048
v -0.058939 0.171902 -0.067467
v -0.059076 0.172498 -0.067032
v -0.058760 0.171980 -0.067517
v -0.058897 0.172575 -0.067081
v -0.058623 0.172126 -0.067501
v -0.058724 0.172563 -0.067182
v -0.058566 0.172303 -0.067425
v -0.058602 0.172463 -0.067308
v -0.058233 0.170849 -0.065127
v -0.058277 0.171016 -0.065028
v -0.058104 0.170740 -0.065230
v -0.058224 0.171195 -0.064962
v -0.057924 0.170717 -0.065311
v -0.058089 0.171339 -0.064944
v -0.057742 0.170787 -0.065347
v -0.057907 0.171408 -0.064981
v -0.057607 0.170930 -0.065330
v -0.057727 0.171385 -0.065062
v -0.057554 0.171110 -0.065263
v -0.057598 0.171276 -0.065165
v -0.057564 0.169940 -0.062993
v -0.057427 0.169820 -0.063065
v -0.057614 0.170115 -0.062921
v -0.057566 0.170296 -0.062867
v -0.057242 0.169786 -0.063117
v -0.057431 0.170437 -0.062847
v -0.057057 0.169847 -0.063135
v -0.057246 0.170498 -0.062865
v -0.056923 0.169987 -0.063115
v -0.057061 0.170464 -0.062917
v -0.057290 0.169342 -0.060874
v -0.057344 0.169524 -0.060838
v -0.056874 0.170169 -0.063061
v -0.056925 0.170343 -0.062989
v -0.057151 0.169212 -0.060902
v -0.057298 0.169708 -0.060802
v -0.057477 0.169109 -0.058800
v -0.057526 0.169292 -0.058808
v -0.057479 0.169475 -0.058794
v -0.057346 0.168974 -0.058774
v -0.057165 0.169844 -0.060777
v -0.057348 0.169610 -0.058763
v -0.056964 0.169168 -0.060914
v -0.057166 0.168925 -0.058736
v -0.056980 0.169898 -0.060769
v -0.057169 0.169659 -0.058724
v -0.056779 0.169221 -0.060906
v -0.056987 0.168974 -0.058696
v -0.056793 0.169853 -0.060781
v -0.056990 0.169610 -0.058685
v -0.056646 0.169358 -0.060881
v -0.056857 0.169109 -0.058666
v -0.056654 0.169723 -0.060809
v -0.056858 0.169475 -0.058659
v -0.056600 0.169542 -0.060845
v -0.056809 0.169292 -0.058652
v -0.086003 0.572408 0.047890
v -0.088925 0.569461 0.047145
v -0.088926 0.569529 0.046939
v -0.085899 0.572282 0.048063
v -0.088850 0.569326 0.047299
v -0.086019 0.572468 0.047660
v -0.088854 0.569512 0.046734
v -0.085737 0.572123 0.048134
v -0.088723 0.569160 0.047358
v -0.085945 0.572444 0.047436
v -0.088728 0.569414 0.046587
v -0.085559 0.571974 0.048082
v -0.088576 0.569008 0.047307
v -0.085800 0.572345 0.047276
v -0.088582 0.569261 0.046536
v -0.085413 0.571874 0.047923
v -0.088450 0.568910 0.047159
v -0.085622 0.572195 0.047224
v -0.088454 0.569095 0.046595
v -0.085339 0.571851 0.047698
v -0.088378 0.568892 0.046955
v -0.085459 0.572036 0.047295
v -0.088380 0.568960 0.046748
v -0.085356 0.571910 0.047468
v -0.083398 0.575737 0.048379
v -0.083268 0.575623 0.048570
v -0.083429 0.575786 0.048127
v -0.083352 0.575756 0.047882
v -0.083072 0.575474 0.048650
v -0.083188 0.575655 0.047710
v -0.082864 0.575330 0.048597
v -0.082980 0.575511 0.047656
v -0.082700 0.575230 0.048424
v -0.082785 0.575362 0.047736
v -0.082623 0.575200 0.048180
v -0.082654 0.575248 0.047928
v -0.081086 0.579360 0.048641
v -0.081130 0.579397 0.048368
v -0.080931 0.579259 0.048849
v -0.081050 0.579360 0.048104
v -0.080705 0.579121 0.048937
v -0.080868 0.579259 0.047918
v -0.080469 0.578983 0.048881
v -0.080632 0.579121 0.047862
v -0.080287 0.578882 0.048696
v -0.080406 0.578983 0.047950
v -0.080207 0.578845 0.048431
v -0.080251 0.578882 0.048158
v -0.079042 0.583189 0.048708
v -0.079097 0.583215 0.048415
v -0.078864 0.583101 0.048932
v -0.079014 0.583170 0.048131
v -0.078610 0.582974 0.049026
v -0.078815 0.583068 0.047932
v -0.078349 0.582842 0.048966
v -0.078553 0.582935 0.047872
v -0.078150 0.582740 0.048767
v -0.078299 0.582808 0.047966
v -0.078066 0.582695 0.048483
v -0.078121 0.582720 0.048190
v -0.077243 0.587135 0.048609
v -0.077307 0.587149 0.048296
v -0.077043 0.587060 0.048847
v -0.077220 0.587097 0.047993
v -0.076764 0.586942 0.048948
v -0.077005 0.586993 0.047780
v -0.076478 0.586815 0.048883
v -0.076719 0.586865 0.047716
v -0.076262 0.586711 0.048671
v -0.076439 0.586748 0.047816
v -0.076176 0.586659 0.048367
v -0.076240 0.586672 0.048054
v -0.075736 0.591112 0.048042
v -0.075663 0.591109 0.048374
v -0.075646 0.591052 0.047720
v -0.075444 0.591045 0.048627
v -0.075140 0.590936 0.048733
v -0.075415 0.590946 0.047494
v -0.074831 0.590812 0.048663
v -0.075106 0.590821 0.047424
v -0.074802 0.590712 0.047530
v -0.074600 0.590705 0.048437
v -0.074510 0.590645 0.048115
v -0.074583 0.590648 0.047783
v -0.074278 0.595022 0.048034
v -0.074360 0.595014 0.047683
v -0.074042 0.594967 0.048301
v -0.074266 0.594946 0.047342
v -0.073714 0.594865 0.048412
v -0.074021 0.594836 0.047102
v -0.073383 0.594742 0.048338
v -0.073690 0.594713 0.047027
v -0.073138 0.594632 0.048097
v -0.073362 0.594611 0.047138
v -0.073126 0.594556 0.047405
v -0.073044 0.594564 0.047756
v -0.073155 0.598767 0.047250
v -0.073065 0.598785 0.047619
v -0.073057 0.598690 0.046889
v -0.072811 0.598738 0.047900
v -0.072797 0.598575 0.046636
v -0.072462 0.598640 0.048016
v -0.072110 0.598517 0.047937
v -0.072446 0.598451 0.046556
v -0.072096 0.598353 0.046672
v -0.071851 0.598401 0.047683
v -0.072096 0.602283 0.046771
v -0.071998 0.602309 0.047160
v -0.071842 0.598306 0.046953
v -0.071753 0.598324 0.047323
v -0.071994 0.602196 0.046392
v -0.071729 0.602268 0.047454
v -0.071358 0.602171 0.047576
v -0.071721 0.602073 0.046125
v -0.071350 0.601945 0.046041
v -0.070987 0.602044 0.047491
v -0.070979 0.601848 0.046162
v -0.070714 0.601920 0.047224
v -0.071157 0.605475 0.046277
v -0.071053 0.605509 0.046684
v -0.071052 0.605377 0.045880
v -0.070768 0.605470 0.046993
v -0.070710 0.601807 0.046457
v -0.070612 0.601834 0.046845
v -0.070767 0.605242 0.045600
v -0.070379 0.605369 0.047121
v -0.070377 0.605106 0.045512
v -0.069989 0.605233 0.047033
v -0.070312 0.608259 0.045797
v -0.070202 0.608299 0.046224
v -0.070206 0.608148 0.045382
v -0.069904 0.608257 0.046548
v -0.069988 0.605005 0.045639
v -0.069704 0.605098 0.046753
v -0.069910 0.607995 0.045091
v -0.069498 0.608145 0.046682
v -0.069703 0.604966 0.045948
v -0.069599 0.605000 0.046356
v -0.069505 0.607842 0.045000
v -0.069092 0.607991 0.046592
v -0.069544 0.610526 0.045365
v -0.069428 0.610569 0.045811
v -0.069433 0.610406 0.044932
v -0.069117 0.610523 0.046151
v -0.069099 0.607729 0.045135
v -0.068797 0.607839 0.046300
v -0.069127 0.610239 0.044628
v -0.068694 0.610399 0.046293
v -0.068801 0.607687 0.045459
v -0.068690 0.607727 0.045885
v -0.068352 0.613907 0.044737
v -0.068237 0.613947 0.045183
v -0.068705 0.610072 0.044534
v -0.068272 0.610232 0.046199
v -0.068239 0.613797 0.044302
v -0.067924 0.613906 0.045522
v -0.067926 0.613646 0.043995
v -0.067497 0.613796 0.045662
v -0.068282 0.609949 0.044676
v -0.067965 0.610066 0.045895
v -0.067971 0.609902 0.045016
v -0.067855 0.609945 0.045462
v -0.067499 0.613495 0.043899
v -0.067070 0.613645 0.045565
v -0.067400 0.617342 0.044199
v -0.067286 0.617379 0.044646
v -0.067072 0.613385 0.044038
v -0.066758 0.613495 0.045258
v -0.067281 0.617250 0.043761
v -0.066970 0.617349 0.044983
v -0.066759 0.613344 0.044377
v -0.066644 0.613385 0.044823
v -0.066961 0.617127 0.043450
v -0.066536 0.617262 0.045119
v -0.066526 0.617005 0.043349
v -0.066101 0.617140 0.045018
v -0.066643 0.620853 0.043740
v -0.066530 0.620884 0.044188
v -0.066521 0.620777 0.043300
v -0.066212 0.620864 0.044524
v -0.066093 0.616918 0.043485
v -0.065781 0.617017 0.044707
v -0.066196 0.620678 0.042986
v -0.065774 0.620796 0.044657
v -0.065776 0.616889 0.043822
v -0.065662 0.616925 0.044269
v -0.066048 0.624427 0.043358
v -0.065936 0.624454 0.043806
v -0.065755 0.620581 0.042882
v -0.065333 0.620699 0.044553
v -0.065923 0.624366 0.042916
v -0.065617 0.624439 0.044141
v -0.065176 0.624387 0.044273
v -0.065595 0.624288 0.042600
v -0.065317 0.620514 0.043015
v -0.065008 0.620600 0.044239
v -0.065583 0.628055 0.043048
v -0.065471 0.628076 0.043496
v -0.065456 0.628007 0.042605
v -0.065152 0.628065 0.043831
v -0.064999 0.620493 0.043351
v -0.064886 0.620524 0.043799
v -0.064732 0.624311 0.044167
v -0.065151 0.624212 0.042493
v -0.064709 0.628024 0.043962
v -0.065125 0.627945 0.042287
v -0.065102 0.631741 0.043254
v -0.065212 0.631725 0.042805
v -0.064782 0.631730 0.043589
v -0.065085 0.631688 0.042362
v -0.064404 0.624232 0.043850
v -0.064710 0.624160 0.042625
v -0.064794 0.635435 0.043076
v -0.064904 0.635426 0.042626
v -0.064263 0.627965 0.043854
v -0.064679 0.627886 0.042179
v -0.064339 0.631697 0.043719
v -0.064753 0.631639 0.042043
v -0.064474 0.635423 0.043411
v -0.064776 0.635398 0.042183
v -0.064391 0.624145 0.042960
v -0.064279 0.624172 0.043409
v -0.064514 0.639149 0.042957
v -0.064624 0.639146 0.042508
v -0.064195 0.639133 0.043292
v -0.064443 0.635359 0.041863
v -0.064305 0.631592 0.041934
v -0.064031 0.635393 0.043541
v -0.064494 0.639126 0.042063
v -0.063933 0.627903 0.043536
v -0.064237 0.627845 0.042310
v -0.063892 0.631649 0.043611
v -0.064227 0.642871 0.042894
v -0.064337 0.642875 0.042444
v -0.063909 0.642848 0.043229
v -0.064161 0.639093 0.041744
v -0.064207 0.642860 0.042000
v -0.063751 0.639102 0.043422
v -0.063995 0.635319 0.041754
v -0.063806 0.627855 0.043093
v -0.063917 0.627834 0.042645
v -0.063583 0.635353 0.043432
v -0.064009 0.646602 0.042432
v -0.063900 0.646590 0.042882
v -0.063862 0.631558 0.042065
v -0.063559 0.631601 0.043292
v -0.063873 0.642830 0.041681
v -0.063879 0.646591 0.041988
v -0.063582 0.646558 0.043217
v -0.063466 0.642813 0.043359
v -0.063713 0.639056 0.041635
v -0.063303 0.639066 0.043313
v -0.063551 0.635289 0.041885
v -0.063498 0.650295 0.042917
v -0.063605 0.650315 0.042467
v -0.063432 0.631564 0.042848
v -0.063543 0.631548 0.042399
v -0.063250 0.635314 0.043113
v -0.063140 0.646514 0.043347
v -0.063181 0.650250 0.043252
v -0.063545 0.646559 0.041669
v -0.063425 0.642792 0.041571
v -0.063475 0.650306 0.042023
v -0.063018 0.642775 0.043250
v -0.063270 0.639025 0.041765
v -0.062988 0.653951 0.042994
v -0.063095 0.653979 0.042545
v -0.062970 0.639032 0.042994
v -0.062740 0.650194 0.043382
v -0.063232 0.635277 0.042219
v -0.063122 0.635286 0.042669
v -0.063142 0.650269 0.041704
v -0.063098 0.646515 0.041559
v -0.062693 0.646470 0.043238
v -0.062672 0.653899 0.043329
v -0.062964 0.653976 0.042101
v -0.062982 0.642756 0.041702
v -0.062684 0.642744 0.042931
v -0.062950 0.639009 0.042100
v -0.062841 0.639012 0.042550
v -0.062233 0.653837 0.043459
v -0.062294 0.650140 0.043273
v -0.062695 0.650216 0.041594
v -0.062630 0.653942 0.041781
v -0.062656 0.646471 0.041690
v -0.062824 0.655269 0.043049
v -0.062930 0.655303 0.042600
v -0.062359 0.646438 0.042919
v -0.062664 0.642733 0.042037
v -0.062508 0.655219 0.043384
v -0.062555 0.642729 0.042486
v -0.062797 0.655313 0.042156
v -0.062711 0.656700 0.043140
v -0.062816 0.656739 0.042691
v -0.062394 0.656655 0.043475
v -0.062683 0.656762 0.042248
v -0.062619 0.658230 0.043260
v -0.062725 0.658273 0.042811
v -0.062462 0.655295 0.041837
v -0.061786 0.653781 0.043350
v -0.062303 0.658183 0.043595
v -0.062591 0.658302 0.042369
v -0.062524 0.659816 0.043400
v -0.062629 0.659865 0.042952
v -0.062338 0.646439 0.042025
v -0.062229 0.646427 0.042475
v -0.062255 0.650159 0.041725
v -0.061961 0.650104 0.042953
v -0.062184 0.653886 0.041672
v -0.062067 0.655167 0.043514
v -0.062346 0.656761 0.041930
v -0.062208 0.659763 0.043735
v -0.062495 0.659896 0.042510
v -0.062397 0.661422 0.043553
v -0.062501 0.661476 0.043105
v -0.062254 0.658309 0.042052
v -0.061952 0.656614 0.043606
v -0.062082 0.661359 0.043886
v -0.062367 0.661505 0.042663
v -0.062158 0.659901 0.042193
v -0.062208 0.663012 0.043708
v -0.062312 0.663071 0.043260
v -0.062014 0.655255 0.041729
v -0.061861 0.658145 0.043726
v -0.061896 0.662933 0.044040
v -0.061831 0.650094 0.042509
v -0.062179 0.663094 0.042818
v -0.062031 0.661502 0.042345
v -0.061938 0.650115 0.042060
v -0.061896 0.656737 0.041823
v -0.061453 0.653747 0.043031
v -0.061766 0.659721 0.043866
v -0.061929 0.664552 0.043857
v -0.062031 0.664618 0.043410
v -0.061744 0.653824 0.041802
v -0.061804 0.658291 0.041945
v -0.061619 0.655127 0.043406
v -0.061641 0.661303 0.044016
v -0.061620 0.664450 0.044186
v -0.061845 0.663075 0.042498
v -0.061900 0.664630 0.042966
v -0.061708 0.659880 0.042085
v -0.061457 0.662855 0.044167
v -0.061503 0.656591 0.043498
v -0.061573 0.655204 0.041859
v -0.061582 0.661468 0.042236
v -0.061523 0.666010 0.043991
v -0.061623 0.666084 0.043545
v -0.061322 0.653744 0.042587
v -0.061411 0.658127 0.043619
v -0.061429 0.653772 0.042137
v -0.061223 0.665877 0.044318
v -0.061454 0.656697 0.041954
v -0.061188 0.664339 0.044311
v -0.061571 0.664585 0.042644
v -0.061497 0.666078 0.043100
v -0.061317 0.659699 0.043758
v -0.061399 0.663019 0.042387
v -0.061361 0.658253 0.042076
v -0.061284 0.655110 0.043087
v -0.061192 0.661269 0.043907
v -0.061266 0.659837 0.042216
v -0.061012 0.662799 0.044056
v -0.061166 0.656590 0.043181
v -0.060805 0.665720 0.044438
v -0.060951 0.667353 0.044100
v -0.061046 0.667436 0.043655
v -0.061257 0.655154 0.042194
v -0.061141 0.661412 0.042366
v -0.061178 0.665995 0.042774
v -0.061131 0.664495 0.042530
v -0.061074 0.658133 0.043302
v -0.060669 0.667178 0.044424
v -0.060931 0.667407 0.043208
v -0.061151 0.655120 0.042643
v -0.061138 0.656651 0.042289
v -0.060749 0.664250 0.044197
v -0.060980 0.659705 0.043441
v -0.060961 0.662941 0.042515
v -0.061033 0.656612 0.042738
v -0.061045 0.658206 0.042411
v -0.060856 0.661267 0.043589
v -0.060950 0.659784 0.042551
v -0.060278 0.666960 0.044539
v -0.060940 0.658162 0.042860
v -0.060677 0.662780 0.043737
v -0.060379 0.665581 0.044320
v -0.060753 0.665857 0.042656
v -0.060635 0.667272 0.042878
v -0.060826 0.661349 0.042699
v -0.060699 0.664384 0.042655
v -0.060845 0.659736 0.042999
v -0.060165 0.668538 0.044174
v -0.060254 0.668633 0.043730
v -0.060419 0.664205 0.043875
v -0.060722 0.661296 0.043147
v -0.060648 0.662862 0.042847
v -0.059918 0.668314 0.044495
v -0.060159 0.668574 0.043281
v -0.060544 0.662803 0.043294
v -0.059881 0.666756 0.044416
v -0.060061 0.665498 0.043994
v -0.060334 0.665700 0.042776
v -0.060238 0.667068 0.042755
v -0.060288 0.664216 0.043431
v -0.060391 0.664282 0.042984
v -0.059577 0.668021 0.044606
v -0.059906 0.668376 0.042947
v -0.059935 0.665493 0.043549
v -0.060035 0.665567 0.043103
v -0.059585 0.666621 0.044086
v -0.059847 0.666850 0.042870
v -0.059235 0.667738 0.044477
v -0.059564 0.668092 0.042819
v -0.059125 0.669505 0.044199
v -0.059202 0.669611 0.043754
v -0.058932 0.669232 0.044518
v -0.059141 0.669520 0.043305
v -0.059470 0.666592 0.043639
v -0.059566 0.666675 0.043194
v -0.058673 0.668864 0.044627
v -0.058958 0.669258 0.042970
v -0.058982 0.667539 0.044144
v -0.059223 0.667799 0.042930
v -0.058887 0.667480 0.043695
v -0.058975 0.667575 0.043250
v -0.058419 0.668500 0.044497
v -0.058704 0.668894 0.042839
v -0.058236 0.668237 0.044162
v -0.058445 0.668526 0.042948
v -0.057815 0.670175 0.044160
v -0.057877 0.670289 0.043716
v -0.057692 0.669866 0.044482
v -0.057860 0.670175 0.043267
v -0.058175 0.668147 0.043712
v -0.058252 0.668252 0.043268
v -0.057770 0.669866 0.042935
v -0.057540 0.669443 0.044594
v -0.057630 0.669443 0.042808
v -0.057400 0.669021 0.044467
v -0.057478 0.669021 0.042920
v -0.057310 0.668712 0.044135
v -0.057293 0.668598 0.043686
v -0.057355 0.668712 0.043242
v -0.090625 0.110711 -0.017581
v -0.090375 0.110631 -0.017579
v -0.090611 0.110751 -0.017738
v -0.090617 0.110751 -0.017423
v -0.090485 0.110629 -0.017458
v -0.090590 0.110863 -0.017307
v -0.090556 0.110702 -0.017331
v -0.090570 0.110830 -0.017230
v -0.090223 0.110461 -0.016947
v -0.090143 0.110382 -0.017065
v -0.090256 0.110707 -0.017660
v -0.090580 0.110863 -0.017853
v -0.090551 0.111015 -0.017264
v -0.090521 0.110978 -0.017184
v -0.090239 0.110591 -0.016849
v -0.090159 0.110836 -0.017679
v -0.090540 0.111015 -0.017894
v -0.090110 0.110985 -0.017633
v -0.090501 0.111168 -0.017851
v -0.090511 0.111168 -0.017306
v -0.090021 0.110376 -0.017174
v -0.090424 0.111108 -0.017203
v -0.090187 0.110737 -0.016799
v -0.090480 0.111280 -0.017421
v -0.090304 0.111183 -0.017284
v -0.090082 0.110861 -0.016810
v -0.090123 0.111113 -0.017532
v -0.090475 0.111280 -0.017736
v -0.090194 0.111185 -0.017404
v -0.090467 0.111320 -0.017578
v -0.089890 0.110444 -0.017242
v -0.089951 0.110929 -0.016879
v -0.089631 0.109984 -0.016457
v -0.089510 0.109979 -0.016566
v -0.089710 0.110061 -0.016337
v -0.089724 0.110190 -0.016237
v -0.089784 0.110568 -0.017253
v -0.089670 0.110334 -0.016185
v -0.089733 0.110715 -0.017204
v -0.089563 0.110457 -0.016194
v -0.089749 0.110844 -0.017106
v -0.089829 0.110923 -0.016988
v -0.089379 0.110046 -0.016634
v -0.089271 0.110169 -0.016644
v -0.089431 0.110525 -0.016262
v -0.089310 0.110519 -0.016371
v -0.089218 0.110314 -0.016591
v -0.089018 0.109512 -0.015565
v -0.088944 0.109438 -0.015690
v -0.089029 0.109637 -0.015461
v -0.089232 0.110442 -0.016492
v -0.088973 0.109781 -0.015406
v -0.088827 0.109436 -0.015803
v -0.088866 0.109903 -0.015415
v -0.088697 0.109505 -0.015874
v -0.088736 0.109973 -0.015486
v -0.088590 0.109628 -0.015883
v -0.088619 0.109970 -0.015599
v -0.088535 0.109771 -0.015828
v -0.088545 0.109896 -0.015724
v -0.088138 0.108814 -0.014684
v -0.088070 0.108745 -0.014815
v -0.088143 0.108936 -0.014575
v -0.088085 0.109077 -0.014518
v -0.087958 0.108747 -0.014933
v -0.087979 0.109201 -0.014528
v -0.087832 0.108819 -0.015008
v -0.087725 0.108942 -0.015018
v -0.087853 0.109273 -0.014602
v -0.087741 0.109274 -0.014721
v -0.087667 0.109084 -0.014961
v -0.087673 0.109205 -0.014852
v -0.086994 0.107905 -0.013882
v -0.086890 0.107912 -0.014007
v -0.087055 0.107969 -0.013744
v -0.087055 0.108086 -0.013631
v -0.086994 0.108225 -0.013572
v -0.086889 0.108349 -0.013583
v -0.086768 0.107988 -0.014085
v -0.086768 0.108425 -0.013661
v -0.086663 0.108113 -0.014096
v -0.086603 0.108252 -0.014037
v -0.086663 0.108432 -0.013786
v -0.086603 0.108369 -0.013923
v -0.085758 0.106975 -0.012798
v -0.085706 0.106918 -0.012942
v -0.085751 0.107087 -0.012679
v -0.085609 0.106931 -0.013072
v -0.085687 0.107224 -0.012618
v -0.085494 0.107012 -0.013155
v -0.085584 0.107349 -0.012631
v -0.085391 0.107137 -0.013167
v -0.085469 0.107430 -0.012713
v -0.085327 0.107275 -0.013106
v -0.085372 0.107443 -0.012844
v -0.085320 0.107387 -0.012988
v -0.084233 0.105833 -0.011894
v -0.084191 0.105783 -0.012044
v -0.084219 0.105939 -0.011771
v -0.084104 0.105804 -0.012180
v -0.084152 0.106074 -0.011708
v -0.083995 0.105890 -0.012267
v -0.084051 0.106201 -0.011722
v -0.083894 0.106017 -0.012281
v -0.083942 0.106286 -0.011809
v -0.083828 0.106152 -0.012217
v -0.083855 0.106307 -0.011945
v -0.083813 0.106258 -0.012095
v -0.082468 0.104543 -0.011084
v -0.082437 0.104501 -0.011239
v -0.082445 0.104643 -0.010958
v -0.082360 0.104530 -0.011380
v -0.082375 0.104775 -0.010893
v -0.082259 0.104621 -0.011470
v -0.082276 0.104904 -0.010908
v -0.082161 0.104750 -0.011485
v -0.082175 0.104995 -0.010998
v -0.082090 0.104882 -0.011420
v -0.082099 0.105024 -0.011139
v -0.082068 0.104982 -0.011294
v -0.080430 0.103072 -0.010577
v -0.080449 0.103105 -0.010418
v -0.080365 0.103109 -0.010722
v -0.080418 0.103199 -0.010289
v -0.080272 0.103205 -0.010815
v -0.080344 0.103329 -0.010223
v -0.080248 0.103459 -0.010239
v -0.080176 0.103336 -0.010830
v -0.080155 0.103556 -0.010331
v -0.080102 0.103466 -0.010764
v -0.080071 0.103560 -0.010635
v -0.080090 0.103593 -0.010476
v -0.078158 0.101495 -0.010107
v -0.078164 0.101519 -0.009946
v -0.078105 0.101540 -0.010255
v -0.078124 0.101607 -0.009815
v -0.078021 0.101643 -0.010349
v -0.078046 0.101734 -0.009748
v -0.077927 0.101775 -0.010366
v -0.077953 0.101867 -0.009764
v -0.077850 0.101903 -0.010299
v -0.077869 0.101969 -0.009859
v -0.077809 0.101990 -0.010168
v -0.077816 0.102015 -0.010007
v -0.075607 0.099770 -0.009881
v -0.075566 0.099823 -0.010029
v -0.075601 0.099786 -0.009719
v -0.075491 0.099932 -0.010125
v -0.075551 0.099867 -0.009586
v -0.075470 0.099992 -0.009519
v -0.075400 0.100066 -0.010141
v -0.075319 0.100191 -0.010074
v -0.075380 0.100126 -0.009536
v -0.075269 0.100272 -0.009942
v -0.075304 0.100235 -0.009631
v -0.075264 0.100288 -0.009780
v -0.091393 0.130998 -0.019007
v -0.092078 0.130484 -0.019412
v -0.092081 0.130593 -0.019500
v -0.091320 0.130888 -0.018957
v -0.092033 0.130357 -0.019379
v -0.091419 0.131091 -0.019110
v -0.092040 0.130652 -0.019619
v -0.091219 0.130790 -0.018975
v -0.091957 0.130244 -0.019409
v -0.091119 0.130730 -0.019054
v -0.091871 0.130176 -0.019496
v -0.091391 0.131142 -0.019238
v -0.091967 0.130647 -0.019738
v -0.091317 0.131138 -0.019359
v -0.091881 0.130579 -0.019824
v -0.091045 0.130726 -0.019174
v -0.091798 0.130171 -0.019614
v -0.091017 0.130777 -0.019303
v -0.091757 0.130230 -0.019734
v -0.091043 0.130870 -0.019406
v -0.091760 0.130339 -0.019822
v -0.091116 0.130980 -0.019455
v -0.091805 0.130466 -0.019855
v -0.091217 0.131078 -0.019438
v -0.090568 0.131733 -0.018525
v -0.090455 0.131647 -0.018536
v -0.090657 0.131830 -0.018583
v -0.090696 0.131910 -0.018695
v -0.090675 0.131954 -0.018829
v -0.090600 0.131949 -0.018951
v -0.090346 0.131595 -0.018612
v -0.090491 0.131897 -0.019027
v -0.090271 0.131590 -0.018734
v -0.090377 0.131811 -0.019038
v -0.090250 0.131634 -0.018868
v -0.090289 0.131715 -0.018980
v -0.089889 0.132915 -0.018153
v -0.089935 0.132988 -0.018269
v -0.089792 0.132828 -0.018090
v -0.089671 0.132750 -0.018097
v -0.089918 0.133027 -0.018407
v -0.089843 0.133022 -0.018530
v -0.089557 0.132702 -0.018172
v -0.089729 0.132974 -0.018606
v -0.089481 0.132697 -0.018295
v -0.089464 0.132736 -0.018433
v -0.089607 0.132896 -0.018613
v -0.089510 0.132809 -0.018550
v -0.089108 0.134190 -0.017724
v -0.089005 0.134109 -0.017658
v -0.089158 0.134257 -0.017844
v -0.089143 0.134293 -0.017985
v -0.089067 0.134288 -0.018110
v -0.088878 0.134036 -0.017663
v -0.088950 0.134242 -0.018185
v -0.088761 0.133991 -0.017738
v -0.088823 0.134170 -0.018190
v -0.088685 0.133985 -0.017863
v -0.088720 0.134089 -0.018123
v -0.088670 0.134021 -0.018004
v -0.088382 0.135653 -0.017429
v -0.088329 0.135590 -0.017307
v -0.088369 0.135687 -0.017573
v -0.088222 0.135513 -0.017238
v -0.088092 0.135443 -0.017242
v -0.088292 0.135681 -0.017699
v -0.088172 0.135637 -0.017774
v -0.087972 0.135400 -0.017317
v -0.088041 0.135568 -0.017778
v -0.087895 0.135394 -0.017443
v -0.087935 0.135491 -0.017710
v -0.087881 0.135427 -0.017587
v -0.087625 0.137111 -0.017034
v -0.087569 0.137050 -0.016909
v -0.087612 0.137143 -0.017180
v -0.087459 0.136975 -0.016839
v -0.087534 0.137136 -0.017308
v -0.087325 0.136908 -0.016842
v -0.087412 0.137094 -0.017384
v -0.087203 0.136865 -0.016918
v -0.087278 0.137026 -0.017387
v -0.087125 0.136859 -0.017046
v -0.087169 0.136952 -0.017317
v -0.087113 0.136891 -0.017192
v -0.086901 0.138566 -0.016668
v -0.086843 0.138507 -0.016541
v -0.086889 0.138596 -0.016816
v -0.086731 0.138434 -0.016470
v -0.086811 0.138589 -0.016946
v -0.086595 0.138367 -0.016472
v -0.086687 0.138547 -0.017022
v -0.086471 0.138325 -0.016549
v -0.086551 0.138480 -0.017025
v -0.086393 0.138318 -0.016678
v -0.086439 0.138407 -0.016953
v -0.086381 0.138348 -0.016826
v -0.086227 0.139954 -0.016340
v -0.086167 0.139896 -0.016211
v -0.086216 0.139984 -0.016490
v -0.086054 0.139824 -0.016138
v -0.086137 0.139975 -0.016621
v -0.085916 0.139757 -0.016141
v -0.086012 0.139932 -0.016698
v -0.085790 0.139714 -0.016218
v -0.085874 0.139866 -0.016701
v -0.085712 0.139706 -0.016349
v -0.085760 0.139793 -0.016628
v -0.085700 0.139735 -0.016499
v -0.085618 0.141213 -0.016057
v -0.085558 0.141155 -0.015927
v -0.085608 0.141241 -0.016209
v -0.085443 0.141082 -0.015853
v -0.085529 0.141231 -0.016342
v -0.085303 0.141014 -0.015856
v -0.085403 0.141186 -0.016421
v -0.085178 0.140969 -0.015934
v -0.085264 0.141118 -0.016423
v -0.085099 0.140959 -0.016067
v -0.085148 0.141046 -0.016350
v -0.085088 0.140987 -0.016220
v -0.085091 0.142279 -0.015829
v -0.085029 0.142220 -0.015698
v -0.085080 0.142306 -0.015983
v -0.084914 0.142145 -0.015623
v -0.085002 0.142294 -0.016118
v -0.084774 0.142074 -0.015627
v -0.084876 0.142245 -0.016198
v -0.084649 0.142025 -0.015707
v -0.084737 0.142174 -0.016202
v -0.084570 0.142013 -0.015842
v -0.084621 0.142098 -0.016128
v -0.084560 0.142039 -0.015996
v -0.084655 0.143096 -0.015663
v -0.084594 0.143034 -0.015531
v -0.084646 0.143121 -0.015820
v -0.084481 0.142952 -0.015457
v -0.084570 0.143103 -0.015957
v -0.084344 0.142871 -0.015462
v -0.084447 0.143045 -0.016040
v -0.084222 0.142814 -0.015545
v -0.084311 0.142965 -0.016045
v -0.084146 0.142795 -0.015683
v -0.084198 0.142882 -0.015971
v -0.084322 0.143602 -0.015568
v -0.084263 0.143536 -0.015435
v -0.084316 0.143623 -0.015727
v -0.084156 0.143442 -0.015362
v -0.084137 0.142820 -0.015839
v -0.084247 0.143593 -0.015868
v -0.084028 0.143346 -0.015370
v -0.084133 0.143520 -0.015955
v -0.083914 0.143273 -0.015456
v -0.084006 0.143424 -0.015962
v -0.082900 0.145231 -0.015354
v -0.082840 0.145165 -0.015219
v -0.082900 0.145245 -0.015515
v -0.082735 0.145066 -0.015146
v -0.082838 0.145204 -0.015659
v -0.083845 0.143243 -0.015598
v -0.083898 0.143330 -0.015890
v -0.083839 0.143263 -0.015756
v -0.082613 0.144960 -0.015155
v -0.082733 0.145119 -0.015747
v -0.082508 0.144875 -0.015244
v -0.082611 0.145013 -0.015757
v -0.082447 0.144834 -0.015388
v -0.082506 0.144914 -0.015684
v -0.082446 0.144848 -0.015549
v -0.081614 0.146683 -0.015279
v -0.081547 0.146623 -0.015142
v -0.081620 0.146690 -0.015442
v -0.081439 0.146525 -0.015069
v -0.081564 0.146642 -0.015588
v -0.081317 0.146416 -0.015078
v -0.081462 0.146551 -0.015677
v -0.081215 0.146326 -0.015167
v -0.081340 0.146442 -0.015687
v -0.081159 0.146278 -0.015313
v -0.081231 0.146345 -0.015613
v -0.081165 0.146285 -0.015476
v -0.080449 0.147986 -0.015320
v -0.080462 0.147985 -0.015485
v -0.080377 0.147931 -0.015182
v -0.080413 0.147929 -0.015632
v -0.080264 0.147836 -0.015108
v -0.080313 0.147833 -0.015722
v -0.080142 0.147725 -0.015117
v -0.080191 0.147723 -0.015731
v -0.080043 0.147629 -0.015208
v -0.079993 0.147574 -0.015355
v -0.080078 0.147628 -0.015657
v -0.080006 0.147573 -0.015519
v -0.079406 0.149152 -0.015456
v -0.079426 0.149144 -0.015621
v -0.079327 0.149104 -0.015318
v -0.079382 0.149081 -0.015769
v -0.079210 0.149011 -0.015243
v -0.079285 0.148980 -0.015860
v -0.079087 0.148899 -0.015252
v -0.079162 0.148868 -0.015869
v -0.078990 0.148798 -0.015343
v -0.079045 0.148776 -0.015795
v -0.078946 0.148735 -0.015491
v -0.078966 0.148727 -0.015656
v -0.078482 0.150196 -0.015665
v -0.078509 0.150180 -0.015830
v -0.078396 0.150154 -0.015526
v -0.078470 0.150110 -0.015978
v -0.078274 0.150064 -0.015452
v -0.078375 0.150004 -0.016069
v -0.078149 0.149952 -0.015462
v -0.078250 0.149892 -0.016079
v -0.078054 0.149847 -0.015553
v -0.078128 0.149803 -0.016004
v -0.078015 0.149777 -0.015701
v -0.078042 0.149761 -0.015866
v -0.077709 0.151105 -0.016090
v -0.077675 0.151128 -0.015925
v -0.077674 0.151029 -0.016238
v -0.077582 0.151093 -0.015787
v -0.077580 0.150920 -0.016329
v -0.077455 0.151008 -0.015713
v -0.077452 0.150809 -0.016339
v -0.077327 0.150896 -0.015723
v -0.077233 0.150788 -0.015815
v -0.077325 0.150724 -0.016265
v -0.077232 0.150688 -0.016128
v -0.077198 0.150711 -0.015963
v -0.077024 0.151933 -0.016378
v -0.076985 0.151963 -0.016214
v -0.076992 0.151852 -0.016526
v -0.076886 0.151934 -0.016077
v -0.076898 0.151742 -0.016618
v -0.076752 0.151854 -0.016005
v -0.076766 0.151633 -0.016630
v -0.076621 0.151744 -0.016016
v -0.076633 0.151553 -0.016557
v -0.076526 0.151634 -0.016108
v -0.076533 0.151524 -0.016420
v -0.076494 0.151554 -0.016256
v -0.076454 0.152676 -0.016673
v -0.076411 0.152711 -0.016509
v -0.076423 0.152593 -0.016822
v -0.076305 0.152689 -0.016374
v -0.076326 0.152484 -0.016916
v -0.076164 0.152615 -0.016304
v -0.076189 0.152378 -0.016929
v -0.076028 0.152510 -0.016317
v -0.076049 0.152305 -0.016859
v -0.075931 0.152401 -0.016411
v -0.075943 0.152282 -0.016723
v -0.075900 0.152318 -0.016559
v -0.075996 0.153346 -0.016953
v -0.075963 0.153264 -0.017104
v -0.075950 0.153384 -0.016789
v -0.075839 0.153369 -0.016655
v -0.075861 0.153160 -0.017201
v -0.075691 0.153303 -0.016587
v -0.075717 0.153062 -0.017218
v -0.075547 0.153205 -0.016604
v -0.075570 0.152996 -0.017151
v -0.075445 0.153101 -0.016701
v -0.075647 0.153954 -0.017196
v -0.075602 0.153992 -0.017030
v -0.075610 0.153879 -0.017352
v -0.075458 0.152980 -0.017017
v -0.075413 0.153019 -0.016852
v -0.075486 0.153982 -0.016897
v -0.075501 0.153786 -0.017454
v -0.075331 0.153926 -0.016833
v -0.075348 0.153700 -0.017477
v -0.075178 0.153841 -0.016855
v -0.075406 0.154510 -0.017382
v -0.075363 0.154541 -0.017212
v -0.075362 0.154451 -0.017544
v -0.075245 0.154535 -0.017079
v -0.075193 0.153645 -0.017413
v -0.075069 0.153748 -0.016958
v -0.075242 0.154378 -0.017654
v -0.075082 0.154493 -0.017019
v -0.075077 0.153635 -0.017280
v -0.075031 0.153672 -0.017113
v -0.075262 0.155047 -0.017495
v -0.075222 0.155069 -0.017321
v -0.075212 0.155003 -0.017662
v -0.075102 0.155063 -0.017187
v -0.075079 0.154313 -0.017683
v -0.074919 0.154427 -0.017048
v -0.075085 0.154949 -0.017778
v -0.074935 0.155030 -0.017129
v -0.075140 0.155555 -0.017575
v -0.075100 0.155574 -0.017401
v -0.075090 0.155512 -0.017743
v -0.074981 0.155565 -0.017266
v -0.074916 0.154271 -0.017623
v -0.074799 0.154355 -0.017158
v -0.074939 0.156232 -0.017702
v -0.074899 0.156253 -0.017528
v -0.074797 0.154265 -0.017490
v -0.074755 0.154296 -0.017320
v -0.074916 0.154899 -0.017811
v -0.074765 0.154980 -0.017162
v -0.074963 0.155458 -0.017858
v -0.074815 0.155531 -0.017207
v -0.074890 0.156184 -0.017868
v -0.074780 0.156243 -0.017393
v -0.074615 0.156203 -0.017333
v -0.074794 0.155407 -0.017891
v -0.074765 0.156123 -0.017983
v -0.074645 0.155480 -0.017240
v -0.074679 0.157035 -0.017864
v -0.074638 0.157057 -0.017690
v -0.074749 0.154867 -0.017753
v -0.074638 0.154926 -0.017277
v -0.074631 0.156984 -0.018030
v -0.074520 0.157046 -0.017555
v -0.074448 0.156145 -0.017365
v -0.074629 0.154861 -0.017618
v -0.074589 0.154883 -0.017444
v -0.074627 0.155373 -0.017832
v -0.074598 0.156065 -0.018014
v -0.074355 0.157004 -0.017495
v -0.074519 0.155426 -0.017356
v -0.074507 0.156920 -0.018144
v -0.074373 0.157937 -0.018056
v -0.074332 0.157960 -0.017882
v -0.074508 0.155364 -0.017698
v -0.074468 0.155383 -0.017523
v -0.074433 0.156026 -0.017954
v -0.074323 0.156084 -0.017479
v -0.074325 0.157885 -0.018221
v -0.074214 0.157949 -0.017747
v -0.074189 0.156943 -0.017526
v -0.074341 0.156858 -0.018175
v -0.074315 0.156015 -0.017819
v -0.074274 0.156036 -0.017645
v -0.074202 0.157819 -0.018335
v -0.074050 0.157906 -0.017687
v -0.074066 0.156878 -0.017640
v -0.074177 0.156816 -0.018114
v -0.074037 0.158910 -0.018269
v -0.073996 0.158935 -0.018095
v -0.073884 0.157843 -0.017717
v -0.074058 0.156805 -0.017979
v -0.074018 0.156828 -0.017806
v -0.074037 0.157755 -0.018365
v -0.073990 0.158858 -0.018434
v -0.073877 0.158924 -0.017960
v -0.073714 0.158880 -0.017900
v -0.073867 0.158790 -0.018547
v -0.073761 0.157776 -0.017830
v -0.073873 0.157712 -0.018305
v -0.073755 0.157701 -0.018170
v -0.073714 0.157724 -0.017996
v -0.073702 0.158726 -0.018578
v -0.073548 0.158817 -0.017930
v -0.073686 0.159926 -0.018496
v -0.073644 0.159951 -0.018323
v -0.073639 0.159873 -0.018661
v -0.073526 0.159941 -0.018188
v -0.073538 0.158683 -0.018517
v -0.073425 0.158749 -0.018043
v -0.073516 0.159805 -0.018774
v -0.073362 0.159898 -0.018128
v -0.073420 0.158672 -0.018382
v -0.073378 0.158696 -0.018209
v -0.073196 0.159834 -0.018158
v -0.073351 0.159742 -0.018805
v -0.073334 0.160956 -0.018730
v -0.073293 0.160981 -0.018557
v -0.073288 0.160902 -0.018895
v -0.073174 0.160972 -0.018422
v -0.073187 0.159699 -0.018744
v -0.073074 0.159767 -0.018271
v -0.073165 0.160835 -0.019008
v -0.073009 0.160930 -0.018362
v -0.073068 0.159689 -0.018610
v -0.073027 0.159714 -0.018436
v -0.072844 0.160867 -0.018393
v -0.072999 0.160772 -0.019039
v -0.072998 0.161968 -0.018962
v -0.072956 0.161995 -0.018789
v -0.072951 0.161915 -0.019128
v -0.072837 0.161987 -0.018655
v -0.072835 0.160730 -0.018979
v -0.072721 0.160800 -0.018506
v -0.072828 0.161849 -0.019241
v -0.072672 0.161947 -0.018596
v -0.072716 0.160721 -0.018844
v -0.072674 0.160747 -0.018671
v -0.072505 0.161886 -0.018627
v -0.072662 0.161788 -0.019272
v -0.072692 0.162935 -0.019186
v -0.072650 0.162962 -0.019014
v -0.072645 0.162882 -0.019352
v -0.072530 0.162957 -0.018880
v -0.072497 0.161748 -0.019212
v -0.072382 0.161820 -0.018740
v -0.072521 0.162818 -0.019465
v -0.072364 0.162920 -0.018821
v -0.072377 0.161740 -0.019078
v -0.072335 0.161767 -0.018905
v -0.072432 0.163825 -0.019393
v -0.072389 0.163853 -0.019221
v -0.072354 0.162760 -0.019497
v -0.072197 0.162862 -0.018852
v -0.072384 0.163773 -0.019559
v -0.072268 0.163851 -0.019088
v -0.072260 0.163713 -0.019674
v -0.072101 0.163819 -0.019030
v -0.072188 0.162723 -0.019438
v -0.072073 0.162798 -0.018966
v -0.072233 0.164606 -0.019576
v -0.072190 0.164637 -0.019404
v -0.072068 0.162718 -0.019304
v -0.072026 0.162745 -0.019132
v -0.072185 0.164557 -0.019742
v -0.072067 0.164640 -0.019272
v -0.072091 0.163659 -0.019706
v -0.071932 0.163765 -0.019063
v -0.072059 0.164502 -0.019858
v -0.071898 0.164615 -0.019216
v -0.071924 0.163627 -0.019648
v -0.071808 0.163705 -0.019177
v -0.072107 0.165261 -0.019728
v -0.072059 0.165210 -0.019894
v -0.072063 0.165296 -0.019557
v -0.071939 0.165305 -0.019427
v -0.071888 0.164455 -0.019892
v -0.071728 0.164569 -0.019250
v -0.071826 0.166685 -0.020119
v -0.071781 0.166727 -0.019951
v -0.071803 0.163624 -0.019515
v -0.071760 0.163653 -0.019343
v -0.071933 0.165156 -0.020010
v -0.071769 0.165286 -0.019372
v -0.071781 0.166622 -0.020282
v -0.071657 0.166738 -0.019821
v -0.071719 0.164431 -0.019836
v -0.071601 0.164514 -0.019366
v -0.071762 0.165114 -0.020046
v -0.071598 0.165244 -0.019408
v -0.071658 0.166555 -0.020394
v -0.071487 0.166713 -0.019764
v -0.071441 0.167940 -0.020578
v -0.071393 0.167990 -0.020412
v -0.071597 0.164434 -0.019704
v -0.071554 0.164465 -0.019532
v -0.071401 0.167861 -0.020735
v -0.071269 0.167999 -0.020282
v -0.071591 0.165095 -0.019991
v -0.071489 0.166502 -0.020427
v -0.071318 0.166660 -0.019797
v -0.071471 0.165190 -0.019524
v -0.071283 0.167776 -0.020840
v -0.071104 0.167965 -0.020222
v -0.071468 0.165104 -0.019860
v -0.071424 0.165138 -0.019689
v -0.071320 0.166478 -0.020370
v -0.071195 0.166594 -0.019909
v -0.071196 0.166488 -0.020240
v -0.071150 0.166531 -0.020072
v -0.071119 0.167706 -0.020867
v -0.070940 0.167895 -0.020248
v -0.070982 0.169048 -0.021084
v -0.070931 0.169105 -0.020921
v -0.070947 0.168957 -0.021235
v -0.070808 0.169114 -0.020790
v -0.070953 0.167671 -0.020807
v -0.070822 0.167809 -0.020354
v -0.070835 0.168857 -0.021334
v -0.070645 0.169071 -0.020727
v -0.070830 0.167680 -0.020676
v -0.070782 0.167731 -0.020510
v -0.070677 0.168774 -0.021354
v -0.070487 0.168988 -0.020747
v -0.070478 0.170048 -0.021621
v -0.070425 0.170110 -0.021461
v -0.070514 0.168731 -0.021291
v -0.070375 0.168888 -0.020846
v -0.070447 0.169948 -0.021768
v -0.070301 0.170118 -0.021330
v -0.070391 0.168739 -0.021160
v -0.070340 0.168797 -0.020997
v -0.070340 0.169838 -0.021861
v -0.070141 0.170070 -0.021264
v -0.070186 0.169747 -0.021877
v -0.069987 0.169979 -0.021279
v -0.070025 0.169699 -0.021811
v -0.069880 0.169869 -0.021373
v -0.069956 0.170978 -0.022173
v -0.069901 0.171043 -0.022015
v -0.069927 0.170874 -0.022317
v -0.069778 0.171051 -0.021884
v -0.069902 0.169707 -0.021680
v -0.069849 0.169770 -0.021520
v -0.069822 0.170760 -0.022409
v -0.069618 0.171002 -0.021817
v -0.069670 0.170665 -0.022423
v -0.069466 0.170907 -0.021831
v -0.069511 0.170616 -0.022355
v -0.069361 0.170793 -0.021922
v -0.069443 0.171878 -0.022726
v -0.069388 0.171944 -0.022567
v -0.069414 0.171775 -0.022870
v -0.069387 0.170625 -0.022225
v -0.069264 0.171954 -0.022438
v -0.069332 0.170690 -0.022066
v -0.069309 0.171662 -0.022962
v -0.069103 0.171906 -0.022372
v -0.069155 0.171569 -0.022977
v -0.068950 0.171813 -0.022386
v -0.068995 0.171521 -0.022911
v -0.068845 0.171700 -0.022479
v -0.068965 0.172788 -0.023265
v -0.068911 0.172852 -0.023105
v -0.068933 0.172690 -0.023412
v -0.068871 0.171532 -0.022781
v -0.068786 0.172864 -0.022977
v -0.068816 0.171597 -0.022623
v -0.068824 0.172584 -0.023508
v -0.068623 0.172821 -0.022913
v -0.068668 0.172498 -0.023527
v -0.068466 0.172735 -0.022932
v -0.068505 0.172455 -0.023464
v -0.068546 0.173747 -0.023776
v -0.068494 0.173807 -0.023615
v -0.068357 0.172629 -0.023029
v -0.068510 0.173659 -0.023929
v -0.068367 0.173822 -0.023488
v -0.068379 0.172468 -0.023335
v -0.068325 0.172531 -0.023176
v -0.068396 0.173566 -0.024032
v -0.068201 0.173788 -0.023429
v -0.068234 0.173492 -0.024057
v -0.068039 0.173714 -0.023455
v -0.068210 0.174796 -0.024249
v -0.068160 0.174850 -0.024085
v -0.068067 0.173458 -0.023999
v -0.068170 0.174722 -0.024408
v -0.068032 0.174868 -0.023959
v -0.067924 0.173621 -0.023557
v -0.067941 0.173473 -0.023871
v -0.068050 0.174647 -0.024519
v -0.067862 0.174846 -0.023906
v -0.067889 0.173532 -0.023710
v -0.067882 0.174591 -0.024552
v -0.067694 0.174789 -0.023939
v -0.067980 0.175977 -0.024671
v -0.067931 0.176022 -0.024504
v -0.067937 0.175920 -0.024836
v -0.067803 0.176044 -0.024380
v -0.067712 0.174568 -0.024499
v -0.067574 0.174714 -0.024050
v -0.067812 0.175867 -0.024955
v -0.067630 0.176036 -0.024331
v -0.067584 0.174587 -0.024373
v -0.067534 0.174640 -0.024209
v -0.067881 0.177333 -0.025030
v -0.067836 0.177295 -0.025200
v -0.067833 0.177370 -0.024861
v -0.067704 0.177395 -0.024738
v -0.067890 0.178936 -0.025143
v -0.067938 0.178908 -0.025314
v -0.067894 0.178887 -0.025487
v -0.067641 0.175831 -0.024995
v -0.067458 0.176001 -0.024372
v -0.067710 0.177265 -0.025325
v -0.067769 0.178880 -0.025616
v -0.067761 0.178965 -0.025020
v -0.067530 0.177402 -0.024693
v -0.067537 0.177251 -0.025372
v -0.067596 0.178887 -0.025666
v -0.067588 0.178985 -0.024978
v -0.067468 0.175823 -0.024947
v -0.067334 0.175947 -0.024491
v -0.067357 0.177388 -0.024740
v -0.067340 0.175845 -0.024823
v -0.067363 0.177258 -0.025327
v -0.067422 0.178908 -0.025624
v -0.067415 0.178993 -0.025028
v -0.067291 0.175890 -0.024656
v -0.067231 0.177358 -0.024864
v -0.067234 0.177283 -0.025204
v -0.067294 0.178936 -0.025501
v -0.067290 0.178985 -0.025157
v -0.067186 0.177320 -0.025034
v -0.067246 0.178965 -0.025330
v -0.093530 0.182949 -0.015869
v -0.094356 0.182360 -0.016429
v -0.094392 0.182528 -0.016555
v -0.093564 0.183117 -0.015992
v -0.094350 0.182639 -0.016732
v -0.093429 0.182768 -0.015831
v -0.094252 0.182179 -0.016389
v -0.093522 0.183226 -0.016168
v -0.094241 0.182662 -0.016913
v -0.093289 0.182621 -0.015888
v -0.094107 0.182034 -0.016445
v -0.093416 0.183247 -0.016349
v -0.094094 0.182591 -0.017050
v -0.093146 0.182549 -0.016026
v -0.093960 0.181963 -0.016582
v -0.093273 0.183175 -0.016487
v -0.093948 0.182445 -0.017105
v -0.093039 0.182570 -0.016207
v -0.093851 0.181986 -0.016763
v -0.093133 0.183028 -0.016544
v -0.093844 0.182265 -0.017065
v -0.092998 0.182679 -0.016383
v -0.093808 0.182096 -0.016940
v -0.093032 0.182847 -0.016506
v -0.092732 0.183490 -0.015347
v -0.092764 0.183657 -0.015469
v -0.092635 0.183308 -0.015312
v -0.092723 0.183765 -0.015643
v -0.092499 0.183161 -0.015371
v -0.092619 0.183785 -0.015824
v -0.092360 0.183087 -0.015509
v -0.092481 0.183712 -0.015962
v -0.092257 0.183107 -0.015690
v -0.092345 0.183564 -0.016021
v -0.092215 0.183215 -0.015864
v -0.092248 0.183382 -0.015985
v -0.091967 0.183982 -0.014865
v -0.091997 0.184149 -0.014984
v -0.091873 0.183800 -0.014831
v -0.091956 0.184256 -0.015156
v -0.091742 0.183651 -0.014892
v -0.091855 0.184275 -0.015337
v -0.091608 0.183576 -0.015031
v -0.091721 0.184200 -0.015476
v -0.091507 0.183595 -0.015211
v -0.091590 0.184051 -0.015537
v -0.091466 0.183702 -0.015384
v -0.091496 0.183869 -0.015503
v -0.091239 0.184424 -0.014421
v -0.091150 0.184241 -0.014390
v -0.091266 0.184590 -0.014538
v -0.091226 0.184697 -0.014709
v -0.091023 0.184091 -0.014453
v -0.090894 0.184015 -0.014593
v -0.091127 0.184714 -0.014888
v -0.090997 0.184638 -0.015028
v -0.090795 0.184032 -0.014772
v -0.090871 0.184488 -0.015091
v -0.090754 0.184138 -0.014943
v -0.090782 0.184305 -0.015060
v -0.090552 0.184814 -0.014016
v -0.090468 0.184630 -0.013988
v -0.090577 0.184980 -0.014131
v -0.090536 0.185086 -0.014300
v -0.090347 0.184479 -0.014053
v -0.090440 0.185102 -0.014479
v -0.090222 0.184402 -0.014194
v -0.090315 0.185025 -0.014620
v -0.090126 0.184418 -0.014373
v -0.090194 0.184874 -0.014685
v -0.090085 0.184524 -0.014542
v -0.090110 0.184691 -0.014656
v -0.089912 0.185151 -0.013652
v -0.089833 0.184966 -0.013626
v -0.089933 0.185318 -0.013763
v -0.089892 0.185423 -0.013930
v -0.089718 0.184814 -0.013693
v -0.089798 0.185438 -0.014109
v -0.089598 0.184735 -0.013835
v -0.089678 0.185359 -0.014251
v -0.089505 0.184750 -0.014014
v -0.089463 0.184856 -0.014181
v -0.089484 0.185023 -0.014292
v -0.089563 0.185207 -0.014318
v -0.089249 0.185248 -0.013305
v -0.089141 0.185094 -0.013375
v -0.089322 0.185433 -0.013327
v -0.089339 0.185601 -0.013435
v -0.089296 0.185706 -0.013600
v -0.089205 0.185721 -0.013778
v -0.089027 0.185014 -0.013518
v -0.089090 0.185640 -0.013921
v -0.088936 0.185028 -0.013696
v -0.088982 0.185487 -0.013991
v -0.088893 0.185133 -0.013861
v -0.088910 0.185301 -0.013969
v -0.088786 0.185661 -0.013042
v -0.088797 0.185829 -0.013146
v -0.088722 0.185474 -0.013024
v -0.088753 0.185935 -0.013308
v -0.088622 0.185319 -0.013097
v -0.088664 0.185948 -0.013485
v -0.088513 0.185237 -0.013242
v -0.088555 0.185866 -0.013630
v -0.088425 0.185250 -0.013419
v -0.088456 0.185711 -0.013703
v -0.088380 0.185355 -0.013581
v -0.088392 0.185524 -0.013685
v -0.088309 0.185831 -0.012797
v -0.088255 0.185642 -0.012785
v -0.088312 0.186001 -0.012896
v -0.088264 0.186107 -0.013055
v -0.088166 0.185485 -0.012863
v -0.088178 0.186119 -0.013232
v -0.088065 0.185402 -0.013009
v -0.088077 0.186036 -0.013378
v -0.087979 0.185415 -0.013185
v -0.087987 0.185879 -0.013455
v -0.087931 0.185520 -0.013344
v -0.087934 0.185690 -0.013443
v -0.087894 0.185943 -0.012593
v -0.087856 0.185752 -0.012588
v -0.087885 0.186115 -0.012685
v -0.087781 0.185593 -0.012672
v -0.087831 0.186221 -0.012839
v -0.087689 0.185508 -0.012821
v -0.087747 0.186233 -0.013015
v -0.087606 0.185520 -0.012997
v -0.087656 0.186148 -0.013164
v -0.087552 0.185626 -0.013151
v -0.087581 0.185989 -0.013248
v -0.087543 0.185798 -0.013243
v -0.087543 0.185995 -0.012427
v -0.087529 0.185803 -0.012434
v -0.087514 0.186168 -0.012509
v -0.087477 0.185642 -0.012527
v -0.087450 0.186274 -0.012657
v -0.087399 0.185556 -0.012682
v -0.087369 0.186286 -0.012831
v -0.087318 0.185568 -0.012857
v -0.087292 0.186200 -0.012986
v -0.087254 0.185675 -0.013004
v -0.087239 0.186040 -0.013079
v -0.087225 0.185847 -0.013086
v -0.087270 0.185793 -0.012319
v -0.087237 0.185634 -0.012420
v -0.087263 0.185984 -0.012303
v -0.087219 0.186155 -0.012377
v -0.087173 0.185549 -0.012579
v -0.087150 0.186260 -0.012521
v -0.087096 0.185561 -0.012754
v -0.087073 0.186272 -0.012695
v -0.087027 0.185667 -0.012897
v -0.086983 0.185838 -0.012971
v -0.085855 0.185656 -0.011731
v -0.085818 0.185495 -0.011832
v -0.085859 0.185848 -0.011719
v -0.087009 0.186187 -0.012854
v -0.085758 0.185409 -0.011994
v -0.086976 0.186028 -0.012955
v -0.085828 0.186021 -0.011799
v -0.085691 0.185422 -0.012174
v -0.085772 0.186128 -0.011950
v -0.085634 0.185529 -0.012325
v -0.085704 0.186141 -0.012130
v -0.085604 0.185702 -0.012405
v -0.085607 0.185894 -0.012393
v -0.085644 0.186055 -0.012293
v -0.084548 0.185770 -0.011293
v -0.084492 0.185609 -0.011388
v -0.084584 0.185962 -0.011291
v -0.084431 0.185523 -0.011552
v -0.084590 0.186133 -0.011384
v -0.084381 0.185534 -0.011740
v -0.084564 0.186238 -0.011546
v -0.084356 0.185639 -0.011902
v -0.084514 0.186249 -0.011734
v -0.084362 0.185810 -0.011995
v -0.084453 0.186163 -0.011898
v -0.084397 0.186002 -0.011993
v -0.083403 0.186292 -0.011029
v -0.083336 0.186107 -0.011024
v -0.083448 0.186454 -0.011130
v -0.083458 0.186550 -0.011302
v -0.083264 0.185949 -0.011117
v -0.083431 0.186555 -0.011497
v -0.083207 0.185861 -0.011283
v -0.083374 0.186466 -0.011663
v -0.083180 0.185865 -0.011478
v -0.083302 0.186308 -0.011756
v -0.083190 0.185961 -0.011649
v -0.083235 0.186124 -0.011751
v -0.082371 0.186952 -0.011050
v -0.082417 0.187034 -0.011225
v -0.082291 0.186805 -0.010945
v -0.082415 0.187027 -0.011423
v -0.082197 0.186630 -0.010938
v -0.082367 0.186933 -0.011592
v -0.082115 0.186475 -0.011031
v -0.082285 0.186778 -0.011685
v -0.082067 0.186381 -0.011199
v -0.082192 0.186603 -0.011678
v -0.082066 0.186374 -0.011398
v -0.082111 0.186455 -0.011573
v -0.081408 0.187659 -0.011329
v -0.081432 0.187637 -0.011526
v -0.081331 0.187595 -0.011155
v -0.081396 0.187534 -0.011695
v -0.081222 0.187463 -0.011051
v -0.081311 0.187379 -0.011789
v -0.081110 0.187297 -0.011046
v -0.081199 0.187214 -0.011784
v -0.081025 0.187142 -0.011140
v -0.081090 0.187081 -0.011681
v -0.080989 0.187040 -0.011309
v -0.081013 0.187017 -0.011507
v -0.080404 0.188394 -0.011627
v -0.080450 0.188356 -0.011820
v -0.080302 0.188347 -0.011458
v -0.080429 0.188242 -0.011985
v -0.080173 0.188227 -0.011360
v -0.080347 0.188083 -0.012080
v -0.080050 0.188066 -0.011357
v -0.080224 0.187922 -0.012077
v -0.079968 0.187908 -0.011451
v -0.080095 0.187802 -0.011978
v -0.079993 0.187755 -0.011810
v -0.079947 0.187794 -0.011617
v -0.079445 0.189149 -0.012318
v -0.079379 0.189203 -0.012133
v -0.079439 0.189023 -0.012478
v -0.079259 0.189169 -0.011971
v -0.079363 0.188857 -0.012570
v -0.079116 0.189057 -0.011878
v -0.079236 0.188697 -0.012568
v -0.078990 0.188897 -0.011876
v -0.079094 0.188585 -0.012475
v -0.078913 0.188732 -0.011968
v -0.078973 0.188552 -0.012313
v -0.078907 0.188605 -0.012128
v -0.078390 0.189980 -0.013034
v -0.078399 0.189841 -0.013186
v -0.078308 0.190047 -0.012858
v -0.078173 0.190023 -0.012704
v -0.078332 0.189667 -0.013272
v -0.078023 0.189915 -0.012613
v -0.078206 0.189504 -0.013269
v -0.077898 0.189752 -0.012611
v -0.078056 0.189396 -0.013179
v -0.077830 0.189577 -0.012697
v -0.077922 0.189372 -0.013025
v -0.077839 0.189438 -0.012848
v -0.077261 0.190811 -0.013979
v -0.077284 0.190660 -0.014120
v -0.077164 0.190887 -0.013812
v -0.077227 0.190476 -0.014197
v -0.077020 0.190870 -0.013664
v -0.077106 0.190308 -0.014190
v -0.076866 0.190762 -0.013574
v -0.076952 0.190201 -0.014101
v -0.076744 0.190594 -0.013568
v -0.076808 0.190183 -0.013953
v -0.076711 0.190260 -0.013786
v -0.076688 0.190410 -0.013645
v -0.076030 0.191601 -0.015161
v -0.076067 0.191441 -0.015291
v -0.075921 0.191686 -0.015004
v -0.076022 0.191248 -0.015358
v -0.075769 0.191672 -0.014860
v -0.075906 0.191073 -0.015344
v -0.075615 0.191563 -0.014769
v -0.075752 0.190965 -0.015253
v -0.075500 0.191389 -0.014756
v -0.075600 0.190951 -0.015109
v -0.075454 0.191196 -0.014822
v -0.075491 0.191035 -0.014952
v -0.074720 0.192146 -0.016708
v -0.074670 0.192314 -0.016591
v -0.074687 0.191944 -0.016763
v -0.074551 0.192404 -0.016442
v -0.074394 0.192392 -0.016301
v -0.074579 0.191764 -0.016739
v -0.074427 0.191653 -0.016645
v -0.074241 0.192281 -0.016207
v -0.074269 0.191641 -0.016504
v -0.074133 0.192101 -0.016183
v -0.074150 0.191731 -0.016355
v -0.074100 0.191899 -0.016238
v -0.073220 0.192736 -0.018377
v -0.073163 0.192908 -0.018266
v -0.073192 0.192530 -0.018426
v -0.073037 0.193001 -0.018121
v -0.073088 0.192346 -0.018398
v -0.072877 0.192990 -0.017982
v -0.072935 0.192234 -0.018301
v -0.072724 0.192877 -0.017885
v -0.072774 0.192222 -0.018162
v -0.072619 0.192694 -0.017857
v -0.072649 0.192315 -0.018017
v -0.072592 0.192488 -0.017905
v -0.072485 0.193025 -0.019196
v -0.072435 0.193191 -0.019082
v -0.072452 0.192827 -0.019251
v -0.072314 0.193281 -0.018938
v -0.072344 0.192650 -0.019230
v -0.072156 0.193271 -0.018804
v -0.072190 0.192542 -0.019141
v -0.072002 0.193163 -0.018714
v -0.072032 0.192531 -0.019006
v -0.071894 0.192986 -0.018694
v -0.071912 0.192621 -0.018862
v -0.071861 0.192788 -0.018748
v -0.071809 0.193396 -0.019955
v -0.071769 0.193553 -0.019833
v -0.071765 0.193209 -0.020021
v -0.071656 0.193638 -0.019687
v -0.071649 0.193043 -0.020013
v -0.071501 0.193629 -0.019556
v -0.071492 0.192941 -0.019934
v -0.071344 0.193527 -0.019476
v -0.071337 0.192931 -0.019803
v -0.071229 0.193360 -0.019469
v -0.071224 0.193016 -0.019657
v -0.071185 0.193173 -0.019535
v -0.071187 0.193839 -0.020655
v -0.071157 0.193986 -0.020525
v -0.071134 0.193665 -0.020732
v -0.071052 0.194066 -0.020378
v -0.071011 0.193509 -0.020735
v -0.070900 0.194057 -0.020252
v -0.070852 0.193414 -0.020664
v -0.070741 0.193962 -0.020181
v -0.070700 0.193405 -0.020538
v -0.070618 0.193806 -0.020184
v -0.070595 0.193485 -0.020391
v -0.070565 0.193632 -0.020261
v -0.070600 0.194478 -0.021159
v -0.070621 0.194342 -0.021295
v -0.070501 0.194552 -0.021010
v -0.070559 0.194181 -0.021381
v -0.070352 0.194544 -0.020888
v -0.070431 0.194037 -0.021394
v -0.070192 0.194456 -0.020825
v -0.070271 0.193949 -0.021331
v -0.070121 0.193941 -0.021209
v -0.070064 0.194312 -0.020839
v -0.070023 0.194015 -0.021060
v -0.070002 0.194151 -0.020925
v -0.070096 0.195017 -0.021732
v -0.070109 0.194893 -0.021873
v -0.070004 0.195085 -0.021583
v -0.070040 0.194745 -0.021967
v -0.069858 0.195078 -0.021464
v -0.069907 0.194614 -0.021989
v -0.069697 0.194997 -0.021409
v -0.069746 0.194534 -0.021933
v -0.069565 0.194866 -0.021431
v -0.069601 0.194527 -0.021815
v -0.069646 0.195593 -0.022243
v -0.069652 0.195481 -0.022388
v -0.069560 0.195654 -0.022093
v -0.069496 0.194718 -0.021524
v -0.069577 0.195347 -0.022488
v -0.069509 0.194594 -0.021665
v -0.069418 0.195647 -0.021978
v -0.069441 0.195228 -0.022518
v -0.069257 0.195575 -0.021929
v -0.069280 0.195156 -0.022468
v -0.069121 0.195456 -0.021958
v -0.069250 0.196193 -0.022690
v -0.069250 0.196093 -0.022837
v -0.069170 0.196247 -0.022540
v -0.069138 0.195149 -0.022353
v -0.069170 0.195974 -0.022943
v -0.069046 0.195323 -0.022059
v -0.069031 0.196241 -0.022429
v -0.069052 0.195210 -0.022203
v -0.069031 0.195868 -0.022979
v -0.068871 0.196176 -0.022385
v -0.068871 0.195804 -0.022935
v -0.068732 0.196070 -0.022421
v -0.068908 0.196805 -0.023071
v -0.068902 0.196718 -0.023220
v -0.068833 0.196852 -0.022922
v -0.068818 0.196615 -0.023331
v -0.068698 0.196846 -0.022813
v -0.068732 0.195797 -0.022824
v -0.068652 0.195951 -0.022527
v -0.068652 0.195852 -0.022674
v -0.068678 0.196522 -0.023372
v -0.068540 0.196789 -0.022774
v -0.068620 0.197417 -0.023384
v -0.068610 0.197344 -0.023535
v -0.068551 0.197456 -0.023236
v -0.068519 0.196465 -0.023333
v -0.068399 0.196696 -0.022816
v -0.068522 0.197257 -0.023649
v -0.068420 0.197450 -0.023131
v -0.068384 0.196459 -0.023225
v -0.068315 0.196593 -0.022926
v -0.068263 0.197401 -0.023096
v -0.068381 0.197178 -0.023694
v -0.068310 0.196506 -0.023076
v -0.068386 0.198018 -0.023628
v -0.068372 0.197960 -0.023780
v -0.068322 0.198048 -0.023482
v -0.068121 0.197322 -0.023142
v -0.068195 0.198041 -0.023379
v -0.068224 0.197129 -0.023660
v -0.068281 0.197889 -0.023896
v -0.068040 0.198001 -0.023348
v -0.068093 0.197123 -0.023555
v -0.068034 0.197235 -0.023255
v -0.068140 0.197825 -0.023945
v -0.068207 0.198593 -0.023802
v -0.068188 0.198552 -0.023953
v -0.068147 0.198613 -0.023657
v -0.068023 0.197162 -0.023407
v -0.067899 0.197937 -0.023398
v -0.068096 0.198500 -0.024071
v -0.068025 0.198606 -0.023557
v -0.067985 0.197784 -0.023915
v -0.067872 0.198574 -0.023530
v -0.068082 0.199132 -0.023904
v -0.068060 0.199110 -0.024054
v -0.068026 0.199140 -0.023762
v -0.067955 0.198452 -0.024123
v -0.067908 0.199132 -0.023665
v -0.067808 0.197866 -0.023514
v -0.067858 0.197778 -0.023812
v -0.067966 0.199079 -0.024171
v -0.067793 0.197808 -0.023665
v -0.067731 0.198526 -0.023582
v -0.067758 0.199110 -0.023640
v -0.067802 0.198420 -0.024095
v -0.067826 0.199048 -0.024224
v -0.067680 0.198413 -0.023995
v -0.067639 0.198474 -0.023699
v -0.067618 0.199079 -0.023693
v -0.067677 0.199025 -0.024199
v -0.067620 0.198433 -0.023850
v -0.067525 0.199048 -0.023810
v -0.067558 0.199017 -0.024102
v -0.067503 0.199025 -0.023960
v -0.104039 0.446059 0.013429
v -0.104408 0.447588 0.013557
v -0.104422 0.447585 0.013555
v -0.104067 0.446052 0.013425
v -0.104435 0.447582 0.013560
v -0.104017 0.446064 0.013447
v -0.104396 0.447590 0.013565
v -0.104093 0.446045 0.013436
v -0.104443 0.447580 0.013572
v -0.104006 0.446065 0.013473
v -0.104391 0.447590 0.013579
v -0.104110 0.446039 0.013459
v -0.104445 0.447579 0.013586
v -0.104009 0.446062 0.013502
v -0.104392 0.447589 0.013593
v -0.104113 0.446036 0.013488
v -0.104439 0.447579 0.013599
v -0.104025 0.446056 0.013525
v -0.104401 0.447587 0.013605
v -0.104102 0.446037 0.013515
v -0.104428 0.447581 0.013608
v -0.104051 0.446049 0.013536
v -0.104414 0.447584 0.013610
v -0.104079 0.446042 0.013532
v -0.103599 0.444559 0.013285
v -0.103640 0.444547 0.013279
v -0.103565 0.444567 0.013312
v -0.103678 0.444533 0.013296
v -0.103703 0.444523 0.013330
v -0.103708 0.444518 0.013373
v -0.103691 0.444520 0.013413
v -0.103657 0.444528 0.013440
v -0.103616 0.444540 0.013445
v -0.103549 0.444568 0.013352
v -0.103553 0.444563 0.013395
v -0.103578 0.444553 0.013429
v -0.103214 0.443058 0.013140
v -0.103164 0.443077 0.013118
v -0.103246 0.443043 0.013185
v -0.103252 0.443035 0.013242
v -0.103230 0.443037 0.013296
v -0.103185 0.443049 0.013331
v -0.103109 0.443095 0.013126
v -0.103065 0.443107 0.013161
v -0.103043 0.443109 0.013215
v -0.103048 0.443102 0.013272
v -0.103081 0.443086 0.013317
v -0.103131 0.443067 0.013339
v -0.102762 0.441608 0.013025
v -0.102722 0.441629 0.012968
v -0.102768 0.441598 0.013096
v -0.102741 0.441600 0.013163
v -0.102660 0.441655 0.012941
v -0.102685 0.441616 0.013207
v -0.102592 0.441679 0.012951
v -0.102618 0.441639 0.013217
v -0.102537 0.441694 0.012995
v -0.102555 0.441665 0.013190
v -0.102509 0.441697 0.013062
v -0.102516 0.441686 0.013134
v -0.102272 0.440230 0.012850
v -0.102224 0.440257 0.012782
v -0.102279 0.440216 0.012935
v -0.102246 0.440219 0.013015
v -0.102179 0.440237 0.013069
v -0.102150 0.440289 0.012750
v -0.102069 0.440318 0.012762
v -0.102098 0.440266 0.013081
v -0.102003 0.440336 0.012815
v -0.102024 0.440298 0.013048
v -0.101969 0.440339 0.012895
v -0.101977 0.440325 0.012980
v -0.101799 0.438919 0.012661
v -0.101808 0.438901 0.012760
v -0.101744 0.438951 0.012581
v -0.101768 0.438902 0.012853
v -0.101690 0.438922 0.012915
v -0.101658 0.438989 0.012544
v -0.101564 0.439022 0.012558
v -0.101595 0.438956 0.012929
v -0.101509 0.438994 0.012892
v -0.101486 0.439043 0.012620
v -0.101454 0.439026 0.012813
v -0.101446 0.439044 0.012713
v -0.101367 0.437685 0.012458
v -0.101376 0.437663 0.012571
v -0.101304 0.437723 0.012368
v -0.101329 0.437662 0.012678
v -0.101206 0.437765 0.012325
v -0.101239 0.437682 0.012748
v -0.101097 0.437802 0.012340
v -0.101130 0.437719 0.012764
v -0.101007 0.437822 0.012411
v -0.101031 0.437762 0.012721
v -0.100960 0.437821 0.012517
v -0.100969 0.437799 0.012630
v -0.100997 0.436541 0.012243
v -0.101006 0.436513 0.012370
v -0.100927 0.436583 0.012141
v -0.100952 0.436508 0.012489
v -0.100815 0.436629 0.012093
v -0.100849 0.436526 0.012567
v -0.100691 0.436665 0.012109
v -0.100725 0.436562 0.012584
v -0.100588 0.436683 0.012188
v -0.100613 0.436608 0.012535
v -0.100712 0.435499 0.012017
v -0.100721 0.435465 0.012158
v -0.100634 0.435545 0.011904
v -0.100534 0.436678 0.012306
v -0.100659 0.435452 0.012288
v -0.100543 0.436650 0.012433
v -0.100839 0.421333 0.005643
v -0.100899 0.423097 0.006411
v -0.100909 0.423020 0.006577
v -0.100883 0.424723 0.007432
v -0.100850 0.421265 0.005815
v -0.100827 0.422951 0.006725
v -0.100801 0.424646 0.007574
v -0.100738 0.421394 0.005501
v -0.100873 0.424807 0.007271
v -0.100799 0.423163 0.006273
v -0.100508 0.435590 0.011848
v -0.100662 0.419478 0.005008
v -0.100767 0.421210 0.005971
v -0.100674 0.419425 0.005186
v -0.100559 0.419533 0.004863
v -0.100800 0.426412 0.008339
v -0.100719 0.426332 0.008479
v -0.100773 0.424874 0.007134
v -0.100790 0.426496 0.008181
v -0.100542 0.435463 0.012373
v -0.100649 0.424597 0.007661
v -0.100673 0.422910 0.006817
v -0.100368 0.435623 0.011866
v -0.100636 0.423200 0.006199
v -0.100573 0.421434 0.005428
v -0.100568 0.426279 0.008562
v -0.100690 0.428120 0.009260
v -0.100609 0.428043 0.009399
v -0.100691 0.426564 0.008046
v -0.100680 0.428203 0.009102
v -0.100592 0.419389 0.005350
v -0.100613 0.421183 0.006069
v -0.100611 0.424908 0.007060
v -0.100393 0.419576 0.004789
v -0.100460 0.427990 0.009482
v -0.100535 0.434575 0.011783
v -0.100544 0.434532 0.011936
v -0.100448 0.434622 0.011658
v -0.100402 0.435495 0.012390
v -0.100337 0.417499 0.004547
v -0.100353 0.417464 0.004731
v -0.100232 0.417545 0.004399
v -0.100468 0.424588 0.007667
v -0.100491 0.422908 0.006827
v -0.100389 0.421441 0.005442
v -0.100453 0.423197 0.006208
v -0.100388 0.426266 0.008567
v -0.100582 0.428267 0.008967
v -0.100530 0.426595 0.007971
v -0.100582 0.429886 0.010155
v -0.100502 0.429815 0.010295
v -0.100573 0.429962 0.009995
v -0.100473 0.434506 0.012077
v -0.100307 0.434661 0.011594
v -0.100251 0.435634 0.011951
v -0.099836 0.415363 0.004302
v -0.100274 0.417450 0.004901
v -0.099856 0.415348 0.004490
v -0.099727 0.415401 0.004151
v -0.100439 0.419379 0.005455
v -0.100429 0.421190 0.006083
v -0.100254 0.419398 0.005473
v -0.100123 0.417461 0.005012
v -0.100065 0.417592 0.004325
v -0.100209 0.419595 0.004808
v -0.099882 0.417625 0.004347
v -0.100327 0.422944 0.006752
v -0.100264 0.421229 0.006009
v -0.100235 0.421413 0.005540
v -0.100055 0.419585 0.004912
v -0.100306 0.424622 0.007593
v -0.100206 0.424690 0.007456
v -0.100227 0.423010 0.006614
v -0.100300 0.423156 0.006300
v -0.100430 0.424899 0.007066
v -0.100278 0.424850 0.007153
v -0.100217 0.423088 0.006448
v -0.100152 0.421358 0.005696
v -0.100228 0.426298 0.008492
v -0.100129 0.426365 0.008357
v -0.100351 0.426583 0.007975
v -0.100282 0.427977 0.009486
v -0.100123 0.428007 0.009411
v -0.100423 0.428297 0.008891
v -0.100245 0.428284 0.008896
v -0.100200 0.426530 0.008059
v -0.100354 0.429767 0.010380
v -0.100177 0.429756 0.010385
v -0.100476 0.430021 0.009859
v -0.100319 0.430050 0.009784
v -0.100280 0.431645 0.011216
v -0.100104 0.431638 0.011223
v -0.100427 0.431683 0.011128
v -0.100507 0.431744 0.010984
v -0.100498 0.431809 0.010822
v -0.100402 0.431863 0.010685
v -0.100246 0.431890 0.010609
v -0.100142 0.430039 0.009789
v -0.100413 0.433675 0.011854
v -0.100267 0.433651 0.011946
v -0.100492 0.433720 0.011706
v -0.100483 0.433774 0.011541
v -0.100388 0.433824 0.011404
v -0.100341 0.434503 0.012166
v -0.100233 0.433855 0.011331
v -0.100184 0.434524 0.012182
v -0.100150 0.434682 0.011609
v -0.100060 0.433859 0.011342
v -0.100276 0.435540 0.012335
v -0.100018 0.434679 0.011699
v -0.100198 0.435586 0.012221
v -0.100189 0.435620 0.012081
v -0.099782 0.415358 0.004664
v -0.100089 0.419441 0.005399
v -0.100163 0.421291 0.005867
v -0.100196 0.424773 0.007295
v -0.100020 0.429784 0.010310
v -0.100094 0.433656 0.011957
v -0.100043 0.434563 0.012118
v -0.099939 0.417494 0.005033
v -0.099635 0.415391 0.004778
v -0.099560 0.415450 0.004078
v -0.099730 0.417636 0.004458
v -0.099986 0.419496 0.005254
v -0.099974 0.419549 0.005076
v -0.100119 0.426450 0.008198
v -0.100025 0.428072 0.009276
v -0.100015 0.428154 0.009118
v -0.100096 0.428231 0.008979
v -0.099923 0.429844 0.010174
v -0.099948 0.431665 0.011147
v -0.100071 0.431883 0.010616
v -0.099994 0.429991 0.009873
v -0.099914 0.433836 0.011434
v -0.099957 0.434611 0.011993
v -0.099948 0.434653 0.011839
v -0.099772 0.417541 0.004960
v -0.099939 0.433687 0.011885
v -0.099378 0.415498 0.004101
v -0.099652 0.417622 0.004628
v -0.099924 0.431844 0.010704
v -0.099667 0.417587 0.004812
v -0.099914 0.429920 0.010014
v -0.099853 0.431718 0.011010
v -0.099835 0.433791 0.011582
v -0.099453 0.415439 0.004801
v -0.099844 0.431784 0.010848
v -0.099845 0.433736 0.011747
v -0.099231 0.415532 0.004215
v -0.099129 0.413040 0.004312
v -0.099155 0.413043 0.004502
v -0.099017 0.413068 0.004160
v -0.099088 0.413076 0.004677
v -0.098849 0.413120 0.004086
v -0.099286 0.415489 0.004728
v -0.099157 0.415542 0.004389
v -0.098946 0.413131 0.004792
v -0.099178 0.415526 0.004577
v -0.098670 0.413182 0.004110
v -0.098767 0.413193 0.004816
v -0.098528 0.413237 0.004225
v -0.098599 0.413245 0.004742
v -0.098461 0.413271 0.004400
v -0.098487 0.413274 0.004590
v -0.098189 0.410494 0.004617
v -0.098221 0.410514 0.004806
v -0.098072 0.410514 0.004465
v -0.098161 0.410568 0.004980
v -0.097904 0.410568 0.004390
v -0.098025 0.410643 0.005094
v -0.097728 0.410643 0.004412
v -0.097849 0.410717 0.005117
v -0.097591 0.410717 0.004526
v -0.097680 0.410772 0.005042
v -0.097531 0.410772 0.004701
v -0.097564 0.410792 0.004889
v -0.108358 0.074291 -0.038247
v -0.108022 0.072887 -0.038300
v -0.108086 0.072892 -0.038601
v -0.107799 0.071546 -0.038726
v -0.108420 0.074286 -0.038552
v -0.107995 0.072931 -0.038893
v -0.107712 0.071598 -0.039013
v -0.108154 0.074323 -0.038015
v -0.107820 0.072917 -0.038070
v -0.107732 0.071524 -0.038429
v -0.108325 0.074310 -0.038846
v -0.107773 0.072994 -0.039097
v -0.107493 0.071665 -0.039215
v -0.108476 0.075206 -0.038240
v -0.108540 0.075204 -0.038544
v -0.108270 0.075218 -0.038008
v -0.108443 0.075213 -0.038839
v -0.108098 0.074356 -0.039053
v -0.107976 0.075237 -0.037911
v -0.107863 0.074374 -0.037918
v -0.108212 0.075230 -0.039046
v -0.107799 0.074412 -0.039115
v -0.107480 0.073063 -0.039158
v -0.108543 0.076409 -0.038535
v -0.108446 0.076408 -0.038830
v -0.108480 0.076405 -0.038231
v -0.108273 0.076397 -0.038000
v -0.107979 0.076388 -0.037902
v -0.108215 0.076403 -0.039037
v -0.107908 0.075250 -0.039109
v -0.107675 0.076379 -0.037966
v -0.107672 0.075257 -0.037974
v -0.108357 0.077819 -0.038822
v -0.108126 0.077800 -0.039029
v -0.107911 0.076394 -0.039101
v -0.108454 0.077825 -0.038527
v -0.108391 0.077818 -0.038223
v -0.108185 0.077800 -0.037991
v -0.107891 0.077775 -0.037894
v -0.107588 0.077751 -0.037958
v -0.108196 0.079397 -0.038816
v -0.107966 0.079371 -0.039023
v -0.107823 0.077776 -0.039092
v -0.108024 0.079375 -0.037985
v -0.107731 0.079341 -0.037888
v -0.108292 0.079407 -0.038521
v -0.108229 0.079399 -0.038217
v -0.107980 0.081088 -0.038815
v -0.107751 0.081057 -0.039022
v -0.107664 0.079336 -0.039086
v -0.107808 0.081066 -0.037985
v -0.107516 0.081027 -0.037888
v -0.108076 0.081102 -0.038520
v -0.108013 0.081094 -0.038216
v -0.107823 0.082852 -0.038527
v -0.107728 0.082836 -0.038822
v -0.107760 0.082845 -0.038223
v -0.107555 0.082816 -0.037991
v -0.108094 0.105238 -0.046333
v -0.107996 0.104978 -0.045979
v -0.108027 0.104780 -0.046117
v -0.107676 0.103997 -0.045079
v -0.108127 0.105047 -0.046477
v -0.107938 0.104613 -0.046270
v -0.107589 0.103836 -0.045248
v -0.108216 0.105437 -0.046931
v -0.108038 0.104883 -0.046630
v -0.108129 0.105279 -0.047088
v -0.107852 0.104789 -0.046750
v -0.107752 0.104523 -0.046396
v -0.107948 0.105403 -0.046237
v -0.107852 0.105154 -0.045894
v -0.107640 0.104188 -0.044925
v -0.108181 0.105617 -0.046778
v -0.108033 0.105770 -0.046668
v -0.108295 0.105915 -0.047448
v -0.108209 0.105761 -0.047606
v -0.107944 0.105184 -0.047206
v -0.108259 0.106088 -0.047290
v -0.108111 0.106233 -0.047174
v -0.108281 0.106307 -0.048169
v -0.108025 0.105666 -0.047722
v -0.108099 0.106213 -0.048283
v -0.107793 0.105657 -0.047765
v -0.107710 0.105179 -0.047253
v -0.108365 0.106459 -0.048010
v -0.107891 0.106311 -0.047132
v -0.107812 0.105855 -0.046633
v -0.108329 0.106627 -0.047849
v -0.108182 0.106767 -0.047730
v -0.108346 0.106894 -0.048755
v -0.108165 0.106801 -0.048869
v -0.107867 0.106202 -0.048323
v -0.107964 0.106841 -0.047685
v -0.108429 0.107043 -0.048596
v -0.108393 0.107207 -0.048435
v -0.108247 0.107343 -0.048314
v -0.108030 0.107414 -0.048267
v -0.108404 0.107496 -0.049344
v -0.108225 0.107403 -0.049457
v -0.107935 0.106788 -0.048907
v -0.107800 0.107401 -0.048305
v -0.107732 0.106829 -0.047725
v -0.108487 0.107642 -0.049186
v -0.108451 0.107804 -0.049024
v -0.108306 0.107937 -0.048903
v -0.108091 0.108006 -0.048854
v -0.108280 0.107995 -0.050025
v -0.107997 0.107390 -0.049494
v -0.108054 0.107981 -0.050062
v -0.107782 0.107459 -0.049446
v -0.107718 0.106859 -0.048860
v -0.108458 0.108086 -0.049913
v -0.107863 0.107992 -0.048891
v -0.108540 0.108231 -0.049755
v -0.108504 0.108390 -0.049594
v -0.108360 0.108520 -0.049473
v -0.108147 0.108588 -0.049424
v -0.108331 0.108549 -0.050552
v -0.108107 0.108536 -0.050588
v -0.107841 0.108049 -0.050013
v -0.108507 0.108639 -0.050440
v -0.107921 0.108574 -0.049460
v -0.108588 0.108781 -0.050282
v -0.108553 0.108938 -0.050122
v -0.108410 0.109067 -0.050001
v -0.108198 0.109134 -0.049952
v -0.108378 0.109039 -0.051012
v -0.108156 0.109027 -0.051050
v -0.107896 0.108603 -0.050540
v -0.108552 0.109127 -0.050900
v -0.107975 0.109121 -0.049989
v -0.108633 0.109267 -0.050743
v -0.108597 0.109422 -0.050584
v -0.108456 0.109550 -0.050464
v -0.108422 0.109438 -0.051384
v -0.108202 0.109429 -0.051424
v -0.107946 0.109094 -0.051003
v -0.108594 0.109522 -0.051271
v -0.108246 0.109617 -0.050417
v -0.108674 0.109660 -0.051114
v -0.108025 0.109606 -0.050454
v -0.107850 0.109518 -0.050567
v -0.107798 0.109031 -0.050101
v -0.108639 0.109813 -0.050956
v -0.108462 0.109714 -0.051640
v -0.108246 0.109715 -0.051689
v -0.107995 0.109499 -0.051380
v -0.108631 0.109790 -0.051520
v -0.108499 0.109942 -0.050839
v -0.108042 0.109794 -0.051655
v -0.107855 0.109627 -0.051264
v -0.107805 0.109223 -0.050883
v -0.108709 0.109923 -0.051361
v -0.108291 0.110012 -0.050795
v -0.108072 0.110003 -0.050835
v -0.107899 0.109919 -0.050949
v -0.108675 0.110077 -0.051207
v -0.108484 0.109817 -0.051733
v -0.108289 0.109860 -0.051822
v -0.108638 0.109860 -0.051583
v -0.108105 0.109980 -0.051828
v -0.107904 0.109928 -0.051545
v -0.108710 0.109980 -0.051414
v -0.108538 0.110212 -0.051097
v -0.108681 0.110143 -0.051270
v -0.108334 0.110290 -0.051063
v -0.107982 0.110143 -0.051749
v -0.108118 0.110292 -0.051112
v -0.107948 0.110216 -0.051232
v -0.108558 0.110306 -0.051191
v -0.107870 0.110083 -0.051391
v -0.107952 0.110306 -0.051605
v -0.108374 0.110425 -0.051197
v -0.108178 0.110469 -0.051286
v -0.108024 0.110425 -0.051436
v -0.107614 0.075269 -0.039012
v -0.107508 0.074463 -0.039017
v -0.107616 0.076384 -0.039003
v -0.107428 0.079307 -0.037952
v -0.107401 0.103750 -0.045386
v -0.107618 0.104791 -0.046807
v -0.107728 0.105500 -0.046214
v -0.107658 0.106302 -0.047175
v -0.107649 0.106276 -0.048278
v -0.107743 0.108483 -0.049573
v -0.107753 0.108732 -0.050419
v -0.107697 0.108180 -0.049892
v -0.107820 0.109781 -0.051106
v -0.107550 0.070216 -0.038920
v -0.107528 0.071537 -0.038203
v -0.107480 0.070178 -0.038629
v -0.107465 0.070279 -0.039204
v -0.107249 0.070350 -0.039403
v -0.107533 0.072975 -0.037973
v -0.107201 0.071729 -0.039276
v -0.107564 0.074430 -0.037980
v -0.107193 0.073120 -0.039061
v -0.107443 0.076373 -0.038173
v -0.107441 0.075274 -0.038181
v -0.107407 0.075281 -0.038780
v -0.107305 0.074495 -0.038785
v -0.107529 0.077751 -0.038995
v -0.107409 0.076376 -0.038772
v -0.107357 0.077733 -0.038165
v -0.107198 0.079281 -0.038159
v -0.107449 0.081016 -0.039086
v -0.107371 0.079302 -0.038989
v -0.107214 0.080986 -0.037951
v -0.107499 0.082800 -0.039029
v -0.107264 0.082773 -0.037894
v -0.107552 0.084600 -0.038544
v -0.107457 0.084581 -0.038839
v -0.107489 0.084594 -0.038240
v -0.107284 0.084565 -0.038008
v -0.107294 0.102907 -0.044323
v -0.107105 0.102826 -0.044472
v -0.107378 0.103054 -0.044133
v -0.107489 0.104360 -0.044827
v -0.107334 0.103228 -0.043953
v -0.107518 0.104532 -0.046463
v -0.107163 0.103762 -0.045457
v -0.107398 0.104887 -0.046784
v -0.107300 0.104639 -0.046453
v -0.107634 0.105261 -0.045883
v -0.107490 0.105264 -0.047218
v -0.107494 0.105502 -0.046270
v -0.107265 0.104466 -0.044811
v -0.107401 0.105270 -0.045950
v -0.107578 0.105849 -0.046680
v -0.107573 0.105735 -0.047723
v -0.107502 0.106416 -0.048159
v -0.107425 0.105880 -0.047608
v -0.107550 0.106735 -0.047840
v -0.107474 0.106208 -0.047291
v -0.107620 0.107308 -0.048419
v -0.107572 0.106995 -0.048739
v -0.107684 0.107900 -0.049004
v -0.107601 0.107753 -0.049163
v -0.107536 0.107159 -0.048578
v -0.107637 0.107592 -0.049324
v -0.107661 0.108338 -0.049731
v -0.107717 0.108889 -0.050258
v -0.107770 0.109378 -0.050724
v -0.107336 0.068908 -0.039179
v -0.107265 0.068855 -0.038893
v -0.107254 0.068982 -0.039458
v -0.107158 0.067628 -0.039496
v -0.107078 0.067712 -0.039769
v -0.107275 0.070175 -0.038407
v -0.107041 0.069057 -0.039654
v -0.107241 0.071582 -0.038107
v -0.106959 0.070411 -0.039464
v -0.107240 0.073044 -0.038035
v -0.106914 0.071774 -0.039181
v -0.107337 0.074476 -0.038187
v -0.106991 0.073151 -0.038831
v -0.107344 0.075283 -0.038476
v -0.107242 0.074500 -0.038481
v -0.107018 0.073107 -0.038239
v -0.107346 0.076372 -0.038468
v -0.107323 0.077733 -0.038764
v -0.107260 0.077726 -0.038460
v -0.107165 0.079278 -0.038758
v -0.107102 0.079270 -0.038454
v -0.107157 0.080976 -0.038989
v -0.106985 0.080954 -0.038158
v -0.107198 0.082755 -0.039092
v -0.106963 0.082727 -0.037958
v -0.107229 0.084542 -0.039046
v -0.106992 0.084520 -0.037911
v -0.107280 0.086287 -0.038573
v -0.107185 0.086265 -0.038868
v -0.107216 0.086283 -0.038269
v -0.107011 0.086255 -0.038037
v -0.107124 0.101967 -0.043259
v -0.107042 0.101833 -0.043466
v -0.107173 0.103383 -0.043832
v -0.107073 0.102125 -0.043059
v -0.106860 0.102834 -0.044540
v -0.106938 0.103868 -0.045441
v -0.107252 0.105053 -0.046687
v -0.107156 0.104815 -0.046367
v -0.107342 0.105417 -0.047108
v -0.107308 0.105408 -0.046391
v -0.107027 0.104477 -0.044882
v -0.107215 0.105180 -0.046077
v -0.107307 0.105597 -0.046955
v -0.107219 0.105244 -0.046544
v -0.107393 0.105755 -0.046798
v -0.107389 0.106053 -0.047449
v -0.107466 0.106584 -0.047999
v -0.107085 0.067561 -0.039216
v -0.107014 0.066383 -0.039865
v -0.106936 0.066477 -0.040133
v -0.107059 0.068837 -0.038676
v -0.106867 0.067791 -0.039963
v -0.106989 0.070208 -0.038314
v -0.106753 0.069113 -0.039716
v -0.106950 0.071646 -0.038169
v -0.106673 0.070444 -0.039371
v -0.106710 0.071787 -0.038955
v -0.106926 0.073146 -0.038530
v -0.106952 0.080949 -0.038757
v -0.106889 0.080941 -0.038453
v -0.106907 0.082712 -0.038995
v -0.106734 0.082692 -0.038165
v -0.106928 0.084494 -0.039109
v -0.106692 0.084472 -0.037975
v -0.106957 0.086223 -0.039075
v -0.106720 0.086210 -0.037940
v -0.107025 0.087853 -0.038617
v -0.106931 0.087827 -0.038912
v -0.106961 0.087853 -0.038313
v -0.106755 0.087829 -0.038081
v -0.106850 0.101758 -0.043624
v -0.106938 0.103477 -0.043801
v -0.106904 0.102264 -0.042919
v -0.106626 0.102928 -0.044510
v -0.106788 0.104039 -0.045343
v -0.107125 0.105013 -0.046229
v -0.106751 0.104231 -0.045189
v -0.106839 0.104391 -0.045020
v -0.106940 0.066303 -0.039592
v -0.106901 0.065179 -0.040281
v -0.106825 0.065281 -0.040543
v -0.106879 0.067529 -0.039005
v -0.106727 0.066559 -0.040324
v -0.106774 0.068859 -0.038586
v -0.106582 0.067843 -0.040025
v -0.106699 0.070268 -0.038375
v -0.106730 0.071713 -0.038370
v -0.106643 0.071765 -0.038658
v -0.106638 0.082675 -0.038460
v -0.106420 0.086160 -0.038004
v -0.106463 0.087785 -0.037984
v -0.106805 0.089238 -0.038678
v -0.106740 0.089245 -0.038374
v -0.106832 0.100647 -0.042680
v -0.106636 0.100576 -0.042846
v -0.106912 0.100770 -0.042459
v -0.106857 0.100913 -0.042242
v -0.106599 0.101762 -0.043691
v -0.106694 0.103485 -0.043870
v -0.106827 0.065086 -0.040015
v -0.106734 0.066257 -0.039387
v -0.106619 0.065367 -0.040730
v -0.106468 0.069135 -0.039626
v -0.106702 0.082683 -0.038764
v -0.106464 0.084433 -0.038182
v -0.106658 0.086173 -0.039138
v -0.106637 0.084449 -0.039012
v -0.106703 0.087783 -0.039118
v -0.106712 0.089207 -0.038972
v -0.106533 0.089226 -0.038143
v -0.106661 0.102347 -0.042877
v -0.106465 0.103083 -0.044388
v -0.106820 0.064022 -0.040737
v -0.106745 0.064133 -0.040993
v -0.106468 0.070441 -0.039149
v -0.106742 0.099495 -0.041735
v -0.106661 0.099382 -0.041968
v -0.106681 0.101037 -0.042088
v -0.105244 0.053234 -0.048440
v -0.105074 0.052590 -0.049246
v -0.105150 0.052770 -0.049397
v -0.105062 0.053125 -0.048309
v -0.104893 0.052475 -0.049124
v -0.105318 0.053408 -0.048603
v -0.105099 0.052967 -0.049536
v -0.105265 0.053599 -0.048754
v -0.104936 0.053129 -0.049626
v -0.105099 0.053757 -0.048852
v -0.104705 0.053212 -0.049643
v -0.105240 0.053829 -0.047515
v -0.104998 0.053815 -0.047447
v -0.104822 0.053109 -0.048244
v -0.105422 0.053933 -0.047654
v -0.105495 0.054101 -0.047827
v -0.105440 0.054287 -0.047988
v -0.105271 0.054441 -0.048093
v -0.104864 0.053839 -0.048871
v -0.105179 0.054556 -0.046679
v -0.104939 0.054636 -0.046703
v -0.104761 0.053896 -0.047468
v -0.105423 0.054567 -0.046750
v -0.105605 0.054668 -0.046896
v -0.105678 0.054831 -0.047078
v -0.105620 0.055012 -0.047247
v -0.105448 0.055163 -0.047358
v -0.105033 0.054522 -0.048114
v -0.105208 0.055244 -0.047381
v -0.104791 0.054509 -0.048046
v -0.104624 0.053823 -0.048807
v -0.105359 0.055312 -0.045950
v -0.105116 0.055392 -0.045974
v -0.105605 0.055322 -0.046023
v -0.104941 0.055540 -0.046090
v -0.104767 0.054787 -0.046813
v -0.105789 0.055419 -0.046174
v -0.105860 0.055578 -0.046363
v -0.105801 0.055755 -0.046540
v -0.105626 0.055904 -0.046655
v -0.105383 0.055984 -0.046680
v -0.104964 0.055232 -0.047310
v -0.105137 0.055974 -0.046607
v -0.104781 0.055131 -0.047164
v -0.104609 0.054404 -0.047907
v -0.105535 0.056065 -0.045265
v -0.105783 0.056074 -0.045340
v -0.105289 0.056144 -0.045291
v -0.105111 0.056290 -0.045412
v -0.105967 0.056168 -0.045496
v -0.105050 0.056464 -0.045594
v -0.104882 0.055718 -0.046267
v -0.106038 0.056324 -0.045692
v -0.105977 0.056498 -0.045874
v -0.105306 0.056715 -0.045946
v -0.104953 0.055876 -0.046456
v -0.105121 0.056620 -0.045790
v -0.104709 0.054969 -0.046982
v -0.105800 0.056644 -0.045995
v -0.105554 0.056723 -0.046021
v -0.105701 0.056796 -0.044634
v -0.105951 0.056804 -0.044710
v -0.105452 0.056874 -0.044661
v -0.105272 0.057019 -0.044786
v -0.106137 0.056896 -0.044871
v -0.105209 0.057190 -0.044974
v -0.106208 0.057049 -0.045072
v -0.105280 0.057342 -0.045176
v -0.106145 0.057220 -0.045260
v -0.105465 0.057435 -0.045336
v -0.105965 0.057365 -0.045385
v -0.105716 0.057443 -0.045413
v -0.105853 0.057486 -0.044063
v -0.106106 0.057494 -0.044141
v -0.105601 0.057564 -0.044093
v -0.105419 0.057706 -0.044221
v -0.106293 0.057585 -0.044305
v -0.105354 0.057875 -0.044415
v -0.106363 0.057735 -0.044511
v -0.105425 0.058025 -0.044621
v -0.106299 0.057904 -0.044705
v -0.105612 0.058116 -0.044785
v -0.106116 0.058046 -0.044833
v -0.105865 0.058124 -0.044863
v -0.105986 0.058117 -0.043562
v -0.106242 0.058125 -0.043640
v -0.105732 0.058193 -0.043593
v -0.105547 0.058334 -0.043726
v -0.106430 0.058215 -0.043807
v -0.105481 0.058500 -0.043924
v -0.106501 0.058363 -0.044018
v -0.105552 0.058648 -0.044135
v -0.106435 0.058530 -0.044217
v -0.105740 0.058738 -0.044302
v -0.106250 0.058670 -0.044349
v -0.105996 0.058746 -0.044381
v -0.106097 0.058669 -0.043137
v -0.106355 0.058679 -0.043215
v -0.105840 0.058744 -0.043171
v -0.105652 0.058881 -0.043308
v -0.106545 0.058769 -0.043385
v -0.105585 0.059045 -0.043512
v -0.106616 0.058915 -0.043600
v -0.105655 0.059192 -0.043727
v -0.106549 0.059079 -0.043804
v -0.105845 0.059282 -0.043897
v -0.106361 0.059217 -0.043941
v -0.106180 0.059125 -0.042798
v -0.106441 0.059137 -0.042875
v -0.105919 0.059195 -0.042836
v -0.106104 0.059291 -0.043975
v -0.105729 0.059329 -0.042978
v -0.106633 0.059228 -0.043045
v -0.105660 0.059490 -0.043187
v -0.106704 0.059374 -0.043265
v -0.105731 0.059636 -0.043406
v -0.106635 0.059536 -0.043473
v -0.106231 0.059466 -0.042551
v -0.105966 0.059525 -0.042597
v -0.106496 0.059487 -0.042622
v -0.105923 0.059727 -0.043577
v -0.105773 0.059650 -0.042748
v -0.106445 0.059669 -0.043616
v -0.106690 0.059583 -0.042792
v -0.106184 0.059739 -0.043654
v -0.105702 0.059806 -0.042963
v -0.106761 0.059729 -0.043014
v -0.106244 0.059678 -0.042402
v -0.105976 0.059719 -0.042461
v -0.105774 0.059952 -0.043185
v -0.106513 0.059715 -0.042464
v -0.105780 0.059827 -0.042625
v -0.106691 0.059886 -0.043229
v -0.106709 0.059819 -0.042630
v -0.105968 0.060049 -0.043355
v -0.105708 0.059973 -0.042850
v -0.106498 0.060010 -0.043380
v -0.106208 0.060613 -0.041822
v -0.105938 0.060645 -0.041888
v -0.106233 0.060070 -0.043426
v -0.106781 0.059964 -0.042856
v -0.106479 0.060655 -0.041882
v -0.105739 0.060741 -0.042061
v -0.105780 0.060118 -0.043076
v -0.106678 0.060758 -0.042051
v -0.105667 0.060876 -0.042296
v -0.106710 0.060110 -0.043081
v -0.105977 0.060223 -0.043242
v -0.106751 0.060896 -0.042284
v -0.105740 0.061014 -0.042530
v -0.106513 0.060218 -0.043245
v -0.106245 0.060259 -0.043304
v -0.106678 0.061031 -0.042519
v -0.105938 0.061117 -0.042699
v -0.106480 0.061127 -0.042693
v -0.106209 0.061159 -0.042759
v -0.105925 0.061657 -0.041324
v -0.106198 0.061622 -0.041260
v -0.105725 0.061750 -0.041502
v -0.106472 0.061655 -0.041325
v -0.105652 0.061877 -0.041744
v -0.106673 0.061747 -0.041502
v -0.105725 0.062004 -0.041987
v -0.106746 0.061874 -0.041745
v -0.105926 0.062096 -0.042164
v -0.106673 0.062001 -0.041987
v -0.106200 0.062129 -0.042229
v -0.106473 0.062095 -0.042164
v -0.106216 0.062696 -0.040721
v -0.105940 0.062734 -0.040785
v -0.106493 0.062721 -0.040791
v -0.105738 0.062825 -0.040965
v -0.106695 0.062802 -0.040976
v -0.105664 0.062945 -0.041215
v -0.106769 0.062918 -0.041227
v -0.105738 0.063060 -0.041466
v -0.106695 0.063037 -0.041476
v -0.105941 0.063141 -0.041651
v -0.106493 0.063128 -0.041657
v -0.106217 0.063166 -0.041721
v -0.106264 0.063831 -0.040211
v -0.105985 0.063873 -0.040274
v -0.106542 0.063848 -0.040286
v -0.105781 0.063961 -0.040458
v -0.106746 0.063917 -0.040478
v -0.105706 0.064072 -0.040714
v -0.105780 0.064176 -0.040973
v -0.105984 0.064246 -0.041165
v -0.106541 0.064221 -0.041177
v -0.106262 0.064262 -0.041240
v -0.106342 0.065021 -0.039737
v -0.106061 0.065066 -0.039799
v -0.106622 0.065028 -0.039816
v -0.105854 0.065151 -0.039987
v -0.105778 0.065254 -0.040249
v -0.105852 0.065346 -0.040515
v -0.106057 0.065404 -0.040714
v -0.106338 0.065411 -0.040793
v -0.106452 0.066259 -0.039304
v -0.106169 0.066308 -0.039366
v -0.105960 0.066390 -0.039557
v -0.105882 0.066483 -0.039824
v -0.105956 0.066564 -0.040098
v -0.106161 0.066609 -0.040303
v -0.106444 0.066607 -0.040386
v -0.106596 0.067540 -0.038918
v -0.106310 0.067593 -0.038980
v -0.106099 0.067671 -0.039174
v -0.106019 0.067756 -0.039447
v -0.106092 0.067823 -0.039727
v -0.106298 0.067855 -0.039938
v -0.106486 0.068915 -0.038648
v -0.106273 0.068990 -0.038844
v -0.106191 0.069064 -0.039123
v -0.106262 0.069117 -0.039409
v -0.106483 0.070339 -0.038574
v -0.106398 0.070402 -0.038858
v -0.106432 0.084420 -0.038781
v -0.106369 0.084414 -0.038477
v -0.106161 0.086100 -0.038810
v -0.106366 0.086128 -0.039041
v -0.106097 0.086097 -0.038506
v -0.106192 0.086119 -0.038211
v -0.105906 0.087664 -0.038853
v -0.106112 0.087689 -0.039085
v -0.105842 0.087665 -0.038550
v -0.106404 0.087732 -0.039182
v -0.105936 0.087691 -0.038255
v -0.106163 0.087735 -0.038048
v -0.105685 0.089053 -0.038914
v -0.105892 0.089072 -0.039146
v -0.105620 0.089061 -0.038611
v -0.106185 0.089111 -0.039242
v -0.105713 0.089092 -0.038316
v -0.106485 0.089160 -0.039179
v -0.105940 0.089138 -0.038110
v -0.106240 0.089187 -0.038046
v -0.105517 0.090209 -0.038995
v -0.105725 0.090214 -0.039225
v -0.105449 0.090229 -0.038693
v -0.106019 0.090243 -0.039321
v -0.105541 0.090269 -0.038399
v -0.106319 0.090289 -0.039258
v -0.105768 0.090318 -0.038192
v -0.106546 0.090338 -0.039051
v -0.106069 0.090363 -0.038129
v -0.106638 0.090378 -0.038757
v -0.106363 0.090392 -0.038225
v -0.106571 0.090398 -0.038455
v -0.105628 0.091056 -0.039326
v -0.105924 0.091067 -0.039420
v -0.105417 0.091073 -0.039099
v -0.105348 0.091114 -0.038799
v -0.106226 0.091104 -0.039355
v -0.105438 0.091168 -0.038507
v -0.106452 0.091156 -0.039149
v -0.105665 0.091220 -0.038301
v -0.106542 0.091210 -0.038857
v -0.105966 0.091257 -0.038236
v -0.106473 0.091251 -0.038557
v -0.106262 0.091268 -0.038330
v -0.105872 0.091938 -0.039579
v -0.105580 0.091945 -0.039490
v -0.106169 0.091965 -0.039513
v -0.105372 0.091984 -0.039271
v -0.106391 0.092018 -0.039311
v -0.105302 0.092044 -0.038980
v -0.106479 0.092084 -0.039027
v -0.105390 0.092110 -0.038696
v -0.106409 0.092145 -0.038736
v -0.105612 0.092164 -0.038494
v -0.106201 0.092184 -0.038517
v -0.105909 0.092191 -0.038429
v -0.105846 0.092972 -0.039819
v -0.106138 0.092993 -0.039754
v -0.105560 0.092991 -0.039735
v -0.106356 0.093048 -0.039556
v -0.105355 0.093045 -0.039524
v -0.106442 0.093122 -0.039279
v -0.105286 0.093119 -0.039242
v -0.106373 0.093196 -0.038997
v -0.105372 0.093193 -0.038965
v -0.106168 0.093250 -0.038786
v -0.105590 0.093248 -0.038767
v -0.105881 0.093269 -0.038702
v -0.106136 0.094147 -0.040074
v -0.105850 0.094131 -0.040140
v -0.106350 0.094203 -0.039881
v -0.105569 0.094160 -0.040060
v -0.106434 0.094285 -0.039612
v -0.105368 0.094226 -0.039857
v -0.106367 0.094370 -0.039339
v -0.105300 0.094311 -0.039584
v -0.106166 0.094435 -0.039135
v -0.105385 0.094392 -0.039315
v -0.105885 0.094464 -0.039056
v -0.105599 0.094449 -0.039121
v -0.106166 0.095390 -0.040474
v -0.105886 0.095378 -0.040540
v -0.106376 0.095448 -0.040286
v -0.105610 0.095416 -0.040465
v -0.106459 0.095537 -0.040025
v -0.105413 0.095493 -0.040269
v -0.106393 0.095633 -0.039761
v -0.105347 0.095588 -0.040006
v -0.106196 0.095710 -0.039565
v -0.105430 0.095677 -0.039745
v -0.105920 0.095747 -0.039490
v -0.105640 0.095735 -0.039556
v -0.106229 0.096689 -0.040953
v -0.105954 0.096680 -0.041018
v -0.106435 0.096749 -0.040769
v -0.105685 0.096726 -0.040948
v -0.106517 0.096845 -0.040517
v -0.105492 0.096814 -0.040761
v -0.106453 0.096952 -0.040263
v -0.105428 0.096920 -0.040507
v -0.106261 0.097039 -0.040076
v -0.105510 0.097017 -0.040255
v -0.105991 0.097085 -0.040006
v -0.105716 0.097077 -0.040071
v -0.106327 0.098008 -0.041508
v -0.106059 0.098003 -0.041574
v -0.106529 0.098072 -0.041330
v -0.105795 0.098058 -0.041509
v -0.106611 0.098176 -0.041087
v -0.105607 0.098157 -0.041332
v -0.106549 0.098293 -0.040844
v -0.105546 0.098274 -0.041089
v -0.106362 0.098392 -0.040666
v -0.105627 0.098378 -0.040845
v -0.106098 0.098447 -0.040602
v -0.105829 0.098442 -0.040667
v -0.106463 0.099316 -0.042140
v -0.106200 0.099314 -0.042206
v -0.105942 0.099377 -0.042147
v -0.105760 0.099488 -0.041980
v -0.106683 0.099625 -0.041504
v -0.105702 0.099617 -0.041749
v -0.106501 0.099736 -0.041337
v -0.105782 0.099731 -0.041516
v -0.106244 0.099799 -0.041278
v -0.105981 0.099797 -0.041344
v -0.106379 0.100578 -0.042912
v -0.106129 0.100650 -0.042861
v -0.105953 0.100775 -0.042706
v -0.105898 0.100918 -0.042489
v -0.105979 0.101041 -0.042268
v -0.106431 0.101110 -0.042037
v -0.106174 0.101111 -0.042103
v -0.106356 0.101845 -0.043649
v -0.106187 0.101984 -0.043509
v -0.106136 0.102142 -0.043309
v -0.106218 0.102276 -0.043102
v -0.106410 0.102351 -0.042944
v -0.106420 0.103257 -0.044209
v -0.106504 0.103404 -0.044019
v -0.104655 0.052457 -0.049063
v -0.104588 0.053191 -0.048263
v -0.104423 0.052540 -0.049081
v -0.104466 0.053193 -0.049582
v -0.104442 0.053714 -0.048675
v -0.104285 0.053079 -0.049460
v -0.104592 0.054051 -0.047573
v -0.104536 0.054236 -0.047734
v -0.104368 0.053540 -0.048512
v -0.104422 0.053349 -0.048362
v -0.104260 0.052702 -0.049171
v -0.104210 0.052899 -0.049310
v -0.108862 0.143796 -0.041664
v -0.108626 0.142591 -0.041489
v -0.108798 0.143761 -0.041855
v -0.108821 0.143844 -0.041470
v -0.108695 0.142654 -0.041305
v -0.108470 0.142565 -0.041623
v -0.108646 0.143748 -0.041991
v -0.108659 0.142738 -0.041119
v -0.108686 0.143892 -0.041324
v -0.108470 0.141668 -0.040790
v -0.108196 0.140814 -0.040149
v -0.108113 0.140705 -0.040312
v -0.107791 0.139946 -0.039563
v -0.108394 0.141579 -0.040965
v -0.107947 0.140658 -0.040438
v -0.107621 0.139893 -0.039684
v -0.108441 0.141784 -0.040618
v -0.108175 0.140958 -0.039993
v -0.107882 0.140070 -0.039411
v -0.108315 0.141898 -0.040494
v -0.108054 0.141096 -0.039885
v -0.107867 0.140233 -0.039269
v -0.108125 0.141977 -0.040452
v -0.107867 0.141193 -0.039854
v -0.107752 0.140391 -0.039176
v -0.108234 0.141541 -0.041095
v -0.108031 0.141566 -0.041146
v -0.107743 0.140688 -0.040492
v -0.108269 0.142584 -0.041671
v -0.107841 0.141645 -0.041103
v -0.107556 0.140785 -0.040462
v -0.108528 0.142820 -0.040982
v -0.108336 0.142878 -0.040930
v -0.108135 0.142897 -0.040977
v -0.107923 0.142002 -0.040503
v -0.108447 0.143761 -0.042036
v -0.108077 0.142642 -0.041619
v -0.108255 0.143796 -0.041977
v -0.107946 0.142724 -0.041481
v -0.107715 0.141758 -0.040980
v -0.108494 0.143927 -0.041266
v -0.108143 0.143927 -0.041447
v -0.107979 0.142871 -0.041111
v -0.108079 0.143892 -0.041637
v -0.107910 0.142808 -0.041295
v -0.107762 0.141964 -0.040633
v -0.108295 0.143940 -0.041311
v -0.108120 0.143844 -0.041832
v -0.107438 0.139276 -0.038747
v -0.107534 0.139410 -0.038603
v -0.107416 0.139926 -0.039744
v -0.107663 0.141223 -0.039909
v -0.107686 0.141875 -0.040807
v -0.107264 0.139219 -0.038867
v -0.107057 0.139256 -0.038930
v -0.107525 0.139586 -0.038473
v -0.107567 0.140501 -0.039157
v -0.107415 0.139757 -0.038392
v -0.107231 0.140037 -0.039724
v -0.107498 0.141176 -0.040035
v -0.107362 0.140534 -0.039216
v -0.107436 0.140923 -0.040354
v -0.107414 0.141067 -0.040198
v -0.107062 0.138669 -0.037894
v -0.106885 0.138610 -0.038013
v -0.107162 0.138809 -0.037753
v -0.107157 0.138994 -0.037630
v -0.107231 0.139877 -0.038382
v -0.107049 0.139173 -0.037557
v -0.106874 0.139376 -0.038920
v -0.107192 0.140482 -0.039338
v -0.107025 0.139914 -0.038445
v -0.107116 0.140194 -0.039632
v -0.107102 0.140357 -0.039490
v -0.106773 0.138241 -0.036889
v -0.106671 0.138098 -0.037030
v -0.106769 0.138431 -0.036767
v -0.106676 0.138649 -0.038081
v -0.106866 0.139300 -0.037553
v -0.106763 0.139547 -0.038839
v -0.106850 0.139857 -0.038565
v -0.106491 0.138039 -0.037152
v -0.106661 0.138615 -0.036696
v -0.106494 0.138776 -0.038077
v -0.106658 0.139339 -0.037620
v -0.106754 0.139723 -0.038709
v -0.105489 0.136363 -0.034642
v -0.105118 0.135702 -0.034001
v -0.104943 0.135663 -0.034156
v -0.104587 0.134907 -0.033624
v -0.105310 0.136315 -0.034785
v -0.104725 0.135710 -0.034235
v -0.104368 0.134958 -0.033707
v -0.105582 0.136493 -0.034471
v -0.105203 0.135816 -0.033811
v -0.104759 0.134936 -0.033459
v -0.105565 0.136670 -0.034318
v -0.105175 0.135976 -0.033638
v -0.104838 0.135038 -0.033256
v -0.105442 0.136846 -0.034225
v -0.105041 0.136137 -0.033527
v -0.104803 0.135186 -0.033070
v -0.105247 0.136975 -0.034216
v -0.104838 0.136258 -0.033509
v -0.104662 0.135340 -0.032951
v -0.105696 0.136914 -0.035511
v -0.105094 0.136361 -0.034863
v -0.105877 0.136969 -0.035377
v -0.105482 0.136959 -0.035587
v -0.104899 0.136489 -0.034854
v -0.104521 0.135831 -0.034217
v -0.105975 0.137108 -0.035221
v -0.105966 0.137294 -0.035084
v -0.105851 0.137478 -0.035004
v -0.105661 0.137610 -0.035002
v -0.106093 0.137482 -0.036309
v -0.106273 0.137539 -0.036182
v -0.105881 0.137525 -0.036382
v -0.105293 0.137091 -0.035584
v -0.106375 0.137682 -0.036036
v -0.105447 0.137654 -0.035077
v -0.105031 0.137021 -0.034294
v -0.105267 0.137600 -0.035211
v -0.104852 0.136973 -0.034438
v -0.104619 0.136306 -0.033589
v -0.105695 0.137657 -0.036382
v -0.105178 0.137275 -0.035504
v -0.104776 0.136666 -0.034761
v -0.106370 0.137872 -0.035909
v -0.105585 0.137844 -0.036310
v -0.105168 0.137461 -0.035368
v -0.104759 0.136843 -0.034609
v -0.106260 0.138058 -0.035837
v -0.105580 0.138034 -0.036183
v -0.106074 0.138191 -0.035837
v -0.106282 0.138081 -0.037222
v -0.105681 0.138176 -0.036037
v -0.105862 0.138234 -0.035910
v -0.106098 0.138211 -0.037222
v -0.105990 0.138396 -0.037152
v -0.105986 0.138585 -0.037030
v -0.106478 0.138746 -0.036696
v -0.106088 0.138728 -0.036889
v -0.106268 0.138787 -0.036767
v -0.106385 0.138955 -0.038004
v -0.106380 0.139140 -0.037881
v -0.106480 0.139280 -0.037740
v -0.103992 0.133480 -0.032461
v -0.103821 0.133455 -0.032629
v -0.104073 0.133586 -0.032261
v -0.104043 0.133745 -0.032082
v -0.104454 0.135459 -0.032930
v -0.103910 0.133914 -0.031973
v -0.104160 0.135077 -0.033686
v -0.104444 0.136267 -0.033744
v -0.104235 0.135510 -0.033013
v -0.104388 0.135993 -0.034107
v -0.104359 0.136152 -0.033934
v -0.103607 0.133517 -0.032721
v -0.104020 0.135231 -0.033567
v -0.103710 0.134048 -0.031963
v -0.103984 0.135379 -0.033381
v -0.104063 0.135481 -0.033179
v -0.103407 0.133651 -0.032711
v -0.103496 0.134110 -0.032055
v -0.103275 0.133820 -0.032602
v -0.103146 0.132343 -0.031141
v -0.103057 0.132226 -0.031332
v -0.103130 0.132521 -0.030978
v -0.103326 0.134085 -0.032223
v -0.103245 0.133979 -0.032423
v -0.102887 0.132202 -0.031502
v -0.103013 0.132712 -0.030889
v -0.102681 0.132276 -0.031604
v -0.102826 0.132866 -0.030896
v -0.102494 0.132429 -0.031611
v -0.102620 0.132940 -0.030997
v -0.102377 0.132620 -0.031521
v -0.102450 0.132915 -0.031167
v -0.102361 0.132798 -0.031358
v -0.102096 0.131282 -0.029935
v -0.102000 0.131158 -0.030119
v -0.102091 0.131472 -0.029785
v -0.101830 0.131134 -0.030290
v -0.101988 0.131679 -0.029712
v -0.101631 0.131216 -0.030401
v -0.101814 0.131845 -0.029733
v -0.101456 0.131383 -0.030422
v -0.101615 0.131927 -0.029844
v -0.101353 0.131589 -0.030348
v -0.101445 0.131903 -0.030014
v -0.101349 0.131779 -0.030199
v -0.100851 0.130229 -0.028850
v -0.100681 0.130206 -0.029022
v -0.100951 0.130357 -0.028670
v -0.100955 0.130556 -0.028530
v -0.100863 0.130771 -0.028467
v -0.100488 0.130293 -0.029140
v -0.100697 0.130946 -0.028500
v -0.100322 0.130468 -0.029172
v -0.100504 0.131034 -0.028617
v -0.100230 0.130684 -0.029110
v -0.100334 0.131010 -0.028789
v -0.100234 0.130882 -0.028970
v -0.099740 0.129525 -0.027371
v -0.099637 0.129395 -0.027549
v -0.099749 0.129728 -0.027237
v -0.099468 0.129373 -0.027723
v -0.099663 0.129948 -0.027181
v -0.099279 0.129463 -0.027846
v -0.099504 0.130128 -0.027220
v -0.099119 0.129643 -0.027885
v -0.099033 0.129864 -0.027830
v -0.099314 0.130219 -0.027343
v -0.099146 0.130196 -0.027517
v -0.099043 0.130066 -0.027695
v -0.098490 0.128741 -0.026065
v -0.098386 0.128611 -0.026244
v -0.098501 0.128945 -0.025932
v -0.098218 0.128589 -0.026420
v -0.098417 0.129168 -0.025879
v -0.098260 0.129350 -0.025921
v -0.098031 0.128682 -0.026545
v -0.098073 0.129443 -0.026047
v -0.097874 0.128864 -0.026588
v -0.097905 0.129421 -0.026223
v -0.097790 0.129087 -0.026535
v -0.097801 0.129291 -0.026402
v -0.097227 0.127963 -0.024777
v -0.097126 0.127834 -0.024959
v -0.097236 0.128166 -0.024641
v -0.097150 0.128389 -0.024586
v -0.096960 0.127813 -0.025137
v -0.096992 0.128571 -0.024628
v -0.096773 0.127907 -0.025264
v -0.096805 0.128664 -0.024755
v -0.096615 0.128089 -0.025305
v -0.096639 0.128644 -0.024933
v -0.096529 0.128311 -0.025251
v -0.096538 0.128514 -0.025114
v -0.095981 0.127148 -0.023532
v -0.095884 0.127022 -0.023719
v -0.095983 0.127348 -0.023389
v -0.095719 0.127003 -0.023900
v -0.095891 0.127566 -0.023328
v -0.095728 0.127746 -0.023366
v -0.095530 0.127096 -0.024026
v -0.095368 0.127276 -0.024063
v -0.095539 0.127839 -0.023492
v -0.095375 0.127820 -0.023673
v -0.095276 0.127494 -0.024003
v -0.095278 0.127694 -0.023859
v -0.094776 0.126256 -0.022356
v -0.094687 0.126135 -0.022551
v -0.094768 0.126447 -0.022203
v -0.094524 0.126117 -0.022734
v -0.094665 0.126659 -0.022131
v -0.094332 0.126208 -0.022857
v -0.094494 0.126833 -0.022161
v -0.094161 0.126382 -0.022887
v -0.094302 0.126924 -0.022284
v -0.094058 0.126594 -0.022816
v -0.094139 0.126906 -0.022468
v -0.094050 0.126785 -0.022662
v -0.093642 0.125244 -0.021274
v -0.093562 0.125132 -0.021478
v -0.093619 0.125424 -0.021106
v -0.093402 0.125117 -0.021665
v -0.093501 0.125622 -0.021021
v -0.093204 0.125203 -0.021784
v -0.093318 0.125786 -0.021040
v -0.093021 0.125367 -0.021803
v -0.093120 0.125873 -0.021158
v -0.092902 0.125566 -0.021717
v -0.092960 0.125857 -0.021345
v -0.092880 0.125745 -0.021549
v -0.092603 0.124074 -0.020310
v -0.092534 0.123975 -0.020526
v -0.092563 0.124234 -0.020126
v -0.092377 0.123963 -0.020716
v -0.092426 0.124412 -0.020023
v -0.092171 0.124042 -0.020828
v -0.092228 0.124561 -0.020029
v -0.091974 0.124190 -0.020834
v -0.092023 0.124640 -0.020142
v -0.091837 0.124369 -0.020731
v -0.091865 0.124628 -0.020332
v -0.091797 0.124529 -0.020547
v -0.091684 0.122705 -0.019488
v -0.091627 0.122623 -0.019714
v -0.091627 0.122840 -0.019287
v -0.091471 0.122614 -0.019906
v -0.091471 0.122989 -0.019167
v -0.091257 0.122681 -0.020012
v -0.091257 0.123115 -0.019159
v -0.091044 0.122807 -0.020004
v -0.090887 0.122957 -0.019884
v -0.091044 0.123182 -0.019265
v -0.090830 0.123091 -0.019684
v -0.090887 0.123173 -0.019457
v -0.091238 0.121813 -0.019368
v -0.091287 0.121878 -0.019135
v -0.091083 0.121805 -0.019559
v -0.091216 0.121982 -0.018923
v -0.090863 0.121855 -0.019658
v -0.091045 0.122098 -0.018789
v -0.090970 0.120961 -0.019110
v -0.091014 0.121010 -0.018874
v -0.090815 0.120951 -0.019299
v -0.090935 0.121085 -0.018654
v -0.090637 0.121951 -0.019637
v -0.090819 0.122194 -0.018769
v -0.091065 0.111903 -0.017732
v -0.091001 0.110856 -0.017412
v -0.090963 0.110782 -0.017629
v -0.090981 0.111960 -0.017522
v -0.090809 0.109959 -0.017287
v -0.090920 0.110938 -0.017210
v -0.090849 0.110044 -0.017076
v -0.091061 0.112954 -0.017962
v -0.091028 0.111845 -0.017956
v -0.091024 0.112911 -0.018190
v -0.090881 0.111803 -0.018132
v -0.090817 0.110737 -0.017803
v -0.090977 0.112992 -0.017746
v -0.091010 0.114011 -0.018124
v -0.090972 0.113979 -0.018354
v -0.090876 0.112874 -0.018369
v -0.090927 0.114034 -0.017904
v -0.090934 0.115067 -0.018235
v -0.090851 0.115081 -0.018013
v -0.090804 0.120063 -0.018922
v -0.090845 0.120099 -0.018684
v -0.090591 0.120982 -0.019392
v -0.090753 0.121166 -0.018510
v -0.090465 0.122066 -0.019503
v -0.090599 0.122244 -0.018867
v -0.090663 0.109915 -0.017461
v -0.090800 0.112001 -0.017381
v -0.090772 0.110148 -0.016885
v -0.090742 0.111007 -0.017078
v -0.090795 0.113014 -0.017600
v -0.090744 0.114042 -0.017754
v -0.090895 0.115043 -0.018468
v -0.090823 0.113946 -0.018535
v -0.090668 0.115080 -0.017862
v -0.090852 0.116115 -0.018315
v -0.090768 0.116125 -0.018092
v -0.090649 0.120050 -0.019110
v -0.090761 0.120149 -0.018461
v -0.090513 0.108942 -0.016796
v -0.090554 0.109033 -0.016589
v -0.090663 0.111787 -0.018214
v -0.090601 0.110733 -0.017889
v -0.090656 0.112852 -0.018450
v -0.090813 0.116096 -0.018550
v -0.090745 0.115014 -0.018650
v -0.090584 0.116122 -0.017940
v -0.090783 0.117149 -0.018383
v -0.090699 0.117160 -0.018158
v -0.090721 0.119121 -0.018788
v -0.090761 0.119148 -0.018550
v -0.090356 0.121048 -0.019362
v -0.090394 0.122171 -0.019291
v -0.090443 0.122236 -0.019058
v -0.090369 0.108900 -0.016970
v -0.090451 0.109925 -0.017552
v -0.090563 0.113014 -0.017562
v -0.090570 0.112016 -0.017346
v -0.090511 0.114033 -0.017715
v -0.090603 0.113922 -0.018616
v -0.090661 0.116071 -0.018733
v -0.090743 0.117131 -0.018619
v -0.090567 0.119107 -0.018975
v -0.090422 0.120065 -0.019198
v -0.090519 0.121231 -0.018481
v -0.090599 0.110243 -0.016764
v -0.090481 0.109148 -0.016404
v -0.090514 0.111044 -0.017051
v -0.090434 0.115066 -0.017822
v -0.090524 0.114990 -0.018731
v -0.090514 0.117161 -0.018005
v -0.090746 0.118162 -0.018455
v -0.090707 0.118142 -0.018692
v -0.090591 0.117110 -0.018803
v -0.090662 0.118180 -0.018230
v -0.090676 0.119179 -0.018325
v -0.090575 0.120200 -0.018311
v -0.090475 0.118191 -0.018077
v -0.090554 0.118124 -0.018878
v -0.090105 0.107775 -0.016186
v -0.090147 0.107869 -0.015982
v -0.090160 0.108919 -0.017065
v -0.090314 0.109258 -0.016292
v -0.090377 0.110303 -0.016746
v -0.090373 0.110770 -0.017861
v -0.090229 0.109985 -0.017534
v -0.090432 0.111801 -0.018180
v -0.090343 0.112993 -0.017643
v -0.090351 0.112000 -0.017428
v -0.090425 0.112853 -0.018412
v -0.090291 0.114009 -0.017796
v -0.090371 0.113913 -0.018577
v -0.090350 0.116107 -0.017899
v -0.090438 0.116049 -0.018815
v -0.090277 0.117151 -0.017965
v -0.090367 0.117092 -0.018886
v -0.090328 0.118114 -0.018962
v -0.090489 0.119206 -0.018173
v -0.090340 0.119107 -0.019060
v -0.090337 0.120238 -0.018276
v -0.090184 0.120103 -0.019163
v -0.090175 0.121129 -0.019218
v -0.090294 0.121263 -0.018573
v -0.089961 0.107735 -0.016360
v -0.090077 0.107991 -0.015802
v -0.089943 0.108994 -0.017054
v -0.090298 0.111039 -0.017136
v -0.090251 0.111843 -0.018039
v -0.090195 0.110839 -0.017729
v -0.090242 0.112875 -0.018266
v -0.090213 0.115041 -0.017903
v -0.090290 0.114975 -0.018691
v -0.090127 0.116085 -0.017982
v -0.090204 0.116034 -0.018775
v -0.090237 0.118191 -0.018037
v -0.090250 0.119222 -0.018135
v -0.090101 0.119124 -0.019022
v -0.090095 0.121204 -0.018999
v -0.090139 0.121253 -0.018763
v -0.089755 0.107759 -0.016456
v -0.090096 0.109333 -0.016281
v -0.089913 0.108109 -0.015694
v -0.090164 0.110313 -0.016837
v -0.090056 0.110080 -0.017414
v -0.090204 0.111958 -0.017605
v -0.090152 0.110994 -0.017311
v -0.090196 0.112956 -0.017822
v -0.090142 0.113976 -0.017977
v -0.090188 0.113921 -0.018427
v -0.090062 0.115013 -0.018085
v -0.090107 0.114975 -0.018540
v -0.090053 0.117133 -0.018048
v -0.090130 0.117082 -0.018846
v -0.090011 0.118181 -0.018122
v -0.090090 0.118115 -0.018922
v -0.090110 0.120253 -0.018364
v -0.089998 0.120154 -0.019014
v -0.089610 0.106501 -0.015485
v -0.089468 0.106461 -0.015658
v -0.089653 0.106597 -0.015283
v -0.089585 0.106723 -0.015106
v -0.089542 0.107840 -0.016450
v -0.089888 0.109352 -0.016375
v -0.089699 0.108191 -0.015687
v -0.089775 0.109104 -0.016941
v -0.089979 0.110184 -0.017222
v -0.089702 0.109220 -0.016757
v -0.090019 0.110269 -0.017011
v -0.090114 0.110921 -0.017528
v -0.090168 0.111900 -0.017828
v -0.090158 0.112912 -0.018050
v -0.090104 0.113944 -0.018207
v -0.090024 0.114989 -0.018318
v -0.090020 0.116031 -0.018623
v -0.089975 0.116060 -0.018165
v -0.089936 0.116041 -0.018399
v -0.089901 0.117112 -0.018233
v -0.089945 0.117083 -0.018693
v -0.089858 0.118163 -0.018307
v -0.089903 0.118125 -0.018770
v -0.090023 0.119223 -0.018220
v -0.089914 0.119151 -0.018870
v -0.089955 0.120241 -0.018552
v -0.089914 0.120205 -0.018790
v -0.089264 0.106488 -0.015756
v -0.089424 0.106845 -0.015002
v -0.089378 0.107958 -0.016342
v -0.089743 0.109310 -0.016549
v -0.089493 0.108215 -0.015784
v -0.089861 0.117094 -0.018469
v -0.089819 0.118143 -0.018544
v -0.089869 0.119208 -0.018407
v -0.089829 0.119182 -0.018645
v -0.089308 0.108080 -0.016162
v -0.089053 0.106574 -0.015752
v -0.089214 0.106932 -0.014998
v -0.089350 0.108174 -0.015958
v -0.089056 0.105166 -0.014723
v -0.088915 0.105126 -0.014895
v -0.089100 0.105263 -0.014523
v -0.089033 0.105392 -0.014349
v -0.088893 0.106697 -0.015648
v -0.088713 0.105155 -0.014993
v -0.089010 0.106959 -0.015096
v -0.088875 0.105518 -0.014247
v -0.088824 0.106823 -0.015471
v -0.088867 0.106919 -0.015269
v -0.088504 0.105244 -0.014991
v -0.088667 0.105607 -0.014246
v -0.088469 0.103819 -0.013929
v -0.088513 0.103918 -0.013731
v -0.088328 0.103779 -0.014100
v -0.088449 0.104049 -0.013560
v -0.088346 0.105370 -0.014890
v -0.088465 0.105636 -0.014344
v -0.088128 0.103809 -0.014199
v -0.088292 0.104177 -0.013461
v -0.088280 0.105499 -0.014716
v -0.088323 0.105596 -0.014516
v -0.087922 0.103900 -0.014198
v -0.088086 0.104268 -0.013460
v -0.087876 0.102509 -0.013134
v -0.087921 0.102609 -0.012938
v -0.087765 0.104029 -0.014099
v -0.087735 0.102469 -0.013304
v -0.087857 0.102742 -0.012769
v -0.087886 0.104298 -0.013559
v -0.087536 0.102500 -0.013403
v -0.087703 0.102873 -0.012672
v -0.087701 0.104160 -0.013928
v -0.087745 0.104259 -0.013730
v -0.087332 0.102593 -0.013403
v -0.087499 0.102966 -0.012673
v -0.087304 0.101287 -0.012369
v -0.087349 0.101388 -0.012175
v -0.087178 0.102723 -0.013306
v -0.087163 0.101246 -0.012537
v -0.087300 0.102996 -0.012772
v -0.087287 0.101523 -0.012009
v -0.087115 0.102856 -0.013137
v -0.086966 0.101277 -0.012636
v -0.087160 0.102956 -0.012942
v -0.087135 0.101656 -0.011914
v -0.086764 0.101371 -0.012638
v -0.086933 0.101750 -0.011916
v -0.086779 0.100200 -0.011663
v -0.086639 0.100158 -0.011830
v -0.086826 0.100303 -0.011473
v -0.086766 0.100441 -0.011310
v -0.086611 0.101503 -0.012543
v -0.086735 0.101781 -0.012015
v -0.086442 0.100188 -0.011928
v -0.086616 0.100576 -0.011217
v -0.086550 0.101639 -0.012376
v -0.086595 0.101740 -0.012183
v -0.086242 0.100284 -0.011931
v -0.086416 0.100671 -0.011220
v -0.086329 0.099298 -0.011048
v -0.086377 0.099405 -0.010861
v -0.086188 0.099253 -0.011212
v -0.086320 0.099547 -0.010702
v -0.086092 0.100419 -0.011839
v -0.086219 0.100702 -0.011318
v -0.085992 0.099283 -0.011309
v -0.086173 0.099685 -0.010613
v -0.086032 0.100557 -0.011675
v -0.086079 0.100660 -0.011485
v -0.085794 0.099381 -0.011314
v -0.085975 0.099783 -0.010618
v -0.085977 0.098627 -0.010550
v -0.086031 0.098743 -0.010372
v -0.085834 0.098576 -0.010708
v -0.085979 0.098894 -0.010221
v -0.085646 0.099519 -0.011224
v -0.085779 0.099813 -0.010715
v -0.085638 0.098605 -0.010804
v -0.085837 0.099039 -0.010138
v -0.085589 0.099661 -0.011065
v -0.085638 0.099768 -0.010879
v -0.085747 0.098229 -0.010189
v -0.085813 0.098367 -0.010033
v -0.085443 0.098705 -0.010811
v -0.085595 0.098163 -0.010331
v -0.085775 0.098540 -0.009905
v -0.085641 0.099140 -0.010145
v -0.085397 0.098186 -0.010422
v -0.085644 0.098702 -0.009840
v -0.085301 0.098850 -0.010728
v -0.085446 0.099168 -0.010241
v -0.085208 0.098294 -0.010436
v -0.085454 0.098809 -0.009855
v -0.085249 0.099001 -0.010577
v -0.085302 0.099118 -0.010399
v -0.085076 0.098455 -0.010371
v -0.085257 0.098833 -0.009945
v -0.085039 0.098629 -0.010243
v -0.085105 0.098767 -0.010087
v -0.109040 0.121152 -0.045969
v -0.108185 0.118851 -0.043998
v -0.109037 0.120998 -0.046115
v -0.108084 0.118747 -0.044151
v -0.108933 0.120886 -0.046262
v -0.108941 0.121305 -0.045862
v -0.108184 0.118995 -0.043843
v -0.107908 0.118711 -0.044263
v -0.108754 0.120845 -0.046369
v -0.108082 0.119140 -0.043729
v -0.108765 0.121417 -0.045822
v -0.107184 0.116385 -0.042083
v -0.107011 0.116353 -0.042198
v -0.107282 0.116481 -0.041924
v -0.107279 0.116616 -0.041763
v -0.107906 0.119248 -0.043686
v -0.107174 0.116755 -0.041643
v -0.107705 0.118753 -0.044303
v -0.108550 0.120886 -0.046408
v -0.107528 0.118861 -0.044260
v -0.108374 0.120998 -0.046368
v -0.107426 0.119007 -0.044146
v -0.108275 0.121152 -0.046261
v -0.107425 0.119151 -0.043991
v -0.108278 0.121305 -0.046114
v -0.107527 0.119255 -0.043837
v -0.108382 0.121417 -0.045968
v -0.107702 0.119290 -0.043726
v -0.108561 0.121458 -0.045861
v -0.106808 0.116395 -0.042238
v -0.106997 0.116859 -0.041596
v -0.106631 0.116499 -0.042191
v -0.106794 0.116900 -0.041636
v -0.106526 0.116637 -0.042072
v -0.106523 0.116772 -0.041910
v -0.106621 0.116869 -0.041751
v -0.106270 0.113834 -0.040065
v -0.106097 0.113805 -0.040182
v -0.106365 0.113925 -0.039902
v -0.106359 0.114052 -0.039736
v -0.106253 0.114183 -0.039611
v -0.105895 0.113845 -0.040220
v -0.106075 0.114282 -0.039561
v -0.105204 0.111102 -0.038223
v -0.105001 0.111140 -0.038260
v -0.104162 0.108313 -0.036364
v -0.105375 0.111130 -0.038106
v -0.104365 0.108279 -0.036330
v -0.104822 0.111233 -0.038206
v -0.103981 0.108400 -0.036307
v -0.105469 0.111216 -0.037940
v -0.104535 0.108307 -0.036213
v -0.105461 0.111337 -0.037770
v -0.104628 0.108389 -0.036046
v -0.105353 0.111461 -0.037641
v -0.104618 0.108505 -0.035872
v -0.105173 0.111554 -0.037587
v -0.104508 0.108621 -0.035739
v -0.105872 0.114323 -0.039600
v -0.104971 0.111592 -0.037624
v -0.104328 0.108708 -0.035682
v -0.105700 0.114294 -0.039716
v -0.104800 0.111564 -0.037741
v -0.104125 0.108742 -0.035716
v -0.105717 0.113944 -0.040171
v -0.105610 0.114075 -0.040046
v -0.104714 0.111357 -0.038077
v -0.105604 0.114203 -0.039880
v -0.104705 0.111478 -0.037907
v -0.103877 0.105480 -0.034228
v -0.103785 0.105400 -0.034396
v -0.103866 0.105590 -0.034051
v -0.103871 0.108517 -0.036173
v -0.103861 0.108632 -0.036000
v -0.103954 0.108714 -0.035832
v -0.103615 0.105370 -0.034510
v -0.103755 0.105699 -0.033914
v -0.103411 0.105399 -0.034541
v -0.103573 0.105779 -0.033853
v -0.103230 0.105479 -0.034480
v -0.103370 0.105807 -0.033884
v -0.103118 0.105588 -0.034343
v -0.103199 0.105778 -0.033998
v -0.103252 0.102523 -0.032493
v -0.103161 0.102444 -0.032661
v -0.103240 0.102627 -0.032314
v -0.103107 0.105698 -0.034166
v -0.102990 0.102412 -0.032773
v -0.103127 0.102728 -0.032173
v -0.102786 0.102434 -0.032800
v -0.102944 0.102800 -0.032107
v -0.102603 0.102505 -0.032734
v -0.102740 0.102822 -0.032134
v -0.102786 0.099554 -0.030850
v -0.102695 0.099475 -0.031017
v -0.102774 0.099653 -0.030669
v -0.102490 0.102606 -0.032593
v -0.102680 0.091005 -0.026368
v -0.103196 0.088332 -0.025171
v -0.103208 0.088253 -0.025358
v -0.102693 0.090922 -0.026554
v -0.103119 0.088161 -0.025517
v -0.102568 0.091064 -0.026208
v -0.103087 0.088376 -0.025005
v -0.102570 0.102789 -0.032246
v -0.102524 0.099437 -0.031127
v -0.102603 0.090835 -0.026715
v -0.102954 0.088080 -0.025604
v -0.102660 0.099745 -0.030524
v -0.102478 0.102710 -0.032414
v -0.102386 0.091081 -0.026116
v -0.102910 0.088373 -0.024905
v -0.102434 0.090769 -0.026809
v -0.102757 0.088032 -0.025596
v -0.102320 0.099451 -0.031149
v -0.102476 0.099806 -0.030453
v -0.102184 0.091053 -0.026117
v -0.102713 0.088325 -0.024897
v -0.102232 0.090741 -0.026810
v -0.102580 0.088030 -0.025496
v -0.102515 0.096607 -0.029307
v -0.102424 0.096527 -0.029473
v -0.102502 0.096700 -0.029125
v -0.102136 0.099512 -0.031077
v -0.102015 0.090987 -0.026211
v -0.102548 0.088244 -0.024984
v -0.102460 0.093806 -0.027688
v -0.102473 0.093717 -0.027872
v -0.102346 0.093877 -0.027533
v -0.102254 0.096482 -0.029578
v -0.102388 0.096783 -0.028975
v -0.102272 0.099819 -0.030475
v -0.102382 0.093635 -0.028036
v -0.102023 0.099604 -0.030932
v -0.102050 0.090758 -0.026718
v -0.102471 0.088074 -0.025330
v -0.101925 0.090900 -0.026372
v -0.102459 0.088152 -0.025142
v -0.102163 0.093912 -0.027449
v -0.102101 0.099782 -0.030584
v -0.101938 0.090817 -0.026558
v -0.102049 0.096485 -0.029595
v -0.102204 0.096832 -0.028897
v -0.102010 0.099703 -0.030751
v -0.102212 0.093581 -0.028137
v -0.101958 0.093901 -0.027459
v -0.101865 0.096534 -0.029517
v -0.101999 0.096834 -0.028914
v -0.102008 0.093570 -0.028146
v -0.101788 0.093847 -0.027559
v -0.101751 0.096616 -0.029367
v -0.101824 0.093605 -0.028062
v -0.101697 0.093764 -0.027723
v -0.101828 0.096790 -0.029019
v -0.101737 0.096710 -0.029185
v -0.101710 0.093676 -0.027907
v -0.109116 0.249617 -0.013393
v -0.109278 0.249148 -0.014406
v -0.109229 0.249400 -0.014502
v -0.109021 0.249382 -0.013289
v -0.109186 0.248903 -0.014321
v -0.109073 0.249851 -0.013531
v -0.109051 0.249593 -0.014584
v -0.108813 0.249209 -0.013244
v -0.108977 0.248732 -0.014271
v -0.108684 0.250027 -0.012261
v -0.108783 0.250254 -0.012379
v -0.108548 0.249143 -0.013272
v -0.108707 0.248680 -0.014269
v -0.108478 0.249852 -0.012221
v -0.108903 0.250021 -0.013663
v -0.108793 0.249675 -0.014630
v -0.108749 0.250471 -0.012542
v -0.108652 0.250081 -0.013756
v -0.108589 0.250620 -0.012708
v -0.108220 0.249774 -0.012269
v -0.108523 0.249623 -0.014627
v -0.108212 0.250798 -0.011245
v -0.108315 0.251019 -0.011370
v -0.108297 0.249203 -0.013365
v -0.108449 0.248761 -0.014315
v -0.108127 0.249373 -0.013498
v -0.108271 0.248954 -0.014397
v -0.108084 0.249606 -0.013635
v -0.108222 0.249207 -0.014493
v -0.107978 0.249815 -0.012392
v -0.108179 0.249842 -0.013740
v -0.108314 0.249452 -0.014577
v -0.107819 0.249964 -0.012558
v -0.107784 0.250181 -0.012721
v -0.108387 0.250015 -0.013784
v -0.107883 0.250408 -0.012839
v -0.107523 0.250561 -0.011410
v -0.107755 0.250534 -0.011268
v -0.107373 0.250695 -0.011596
v -0.108089 0.250584 -0.012879
v -0.108008 0.250621 -0.011207
v -0.108348 0.250662 -0.012831
v -0.108288 0.251224 -0.011550
v -0.107905 0.251384 -0.011878
v -0.107653 0.251298 -0.011939
v -0.108138 0.251357 -0.011736
v -0.107433 0.251482 -0.010211
v -0.107185 0.251388 -0.010279
v -0.107636 0.251662 -0.010246
v -0.107742 0.251878 -0.010376
v -0.107720 0.252073 -0.010567
v -0.107578 0.252195 -0.010766
v -0.107448 0.251120 -0.011901
v -0.107353 0.252212 -0.010920
v -0.107345 0.250899 -0.011776
v -0.106960 0.251405 -0.010434
v -0.107106 0.252118 -0.010989
v -0.106985 0.252583 -0.009276
v -0.106783 0.252402 -0.009242
v -0.107092 0.252796 -0.009409
v -0.107076 0.252984 -0.009606
v -0.106818 0.251527 -0.010633
v -0.106797 0.251722 -0.010823
v -0.106902 0.251938 -0.010953
v -0.106540 0.252303 -0.009317
v -0.106940 0.253098 -0.009814
v -0.106721 0.253106 -0.009977
v -0.106321 0.252311 -0.009480
v -0.106478 0.253006 -0.010052
v -0.106288 0.253528 -0.008348
v -0.106088 0.253346 -0.008315
v -0.106397 0.253739 -0.008483
v -0.106384 0.253922 -0.008684
v -0.106185 0.252424 -0.009688
v -0.106253 0.254029 -0.008898
v -0.106275 0.252826 -0.010018
v -0.106168 0.252613 -0.009885
v -0.105634 0.253244 -0.008564
v -0.105503 0.253350 -0.008778
v -0.105848 0.253242 -0.008394
v -0.105490 0.253534 -0.008979
v -0.105598 0.253745 -0.009114
v -0.105799 0.253926 -0.009147
v -0.106039 0.254030 -0.009068
v -0.104930 0.254167 -0.007702
v -0.104802 0.254269 -0.007920
v -0.105139 0.254170 -0.007528
v -0.104792 0.254448 -0.008125
v -0.105376 0.254278 -0.007445
v -0.104901 0.254658 -0.008261
v -0.105575 0.254461 -0.007476
v -0.105101 0.254841 -0.008292
v -0.105684 0.254671 -0.007612
v -0.105337 0.254949 -0.008209
v -0.105674 0.254850 -0.007817
v -0.105547 0.254952 -0.008035
v -0.104237 0.255045 -0.006911
v -0.104113 0.255143 -0.007133
v -0.104443 0.255052 -0.006734
v -0.104677 0.255163 -0.006648
v -0.104874 0.255348 -0.006677
v -0.104984 0.255557 -0.006813
v -0.104644 0.255825 -0.007418
v -0.104411 0.255714 -0.007504
v -0.104975 0.255735 -0.007019
v -0.104851 0.255832 -0.007241
v -0.104324 0.256362 -0.006101
v -0.104216 0.256153 -0.005967
v -0.104316 0.256539 -0.006308
v -0.104104 0.255320 -0.007339
v -0.104213 0.255529 -0.007475
v -0.104020 0.255966 -0.005940
v -0.103790 0.255851 -0.006028
v -0.104194 0.256634 -0.006532
v -0.103991 0.256623 -0.006712
v -0.103587 0.255841 -0.006208
v -0.103761 0.256509 -0.006800
v -0.103735 0.257051 -0.005493
v -0.103630 0.256839 -0.005361
v -0.103727 0.257228 -0.005699
v -0.103465 0.255936 -0.006432
v -0.103565 0.256322 -0.006774
v -0.103438 0.256648 -0.005337
v -0.103606 0.257322 -0.005923
v -0.103457 0.256112 -0.006639
v -0.103211 0.256531 -0.005429
v -0.103405 0.257309 -0.006106
v -0.103010 0.256517 -0.005611
v -0.103178 0.257191 -0.006197
v -0.103246 0.257588 -0.005004
v -0.103146 0.257370 -0.004878
v -0.103233 0.257769 -0.005206
v -0.102889 0.256611 -0.005835
v -0.102986 0.257000 -0.006174
v -0.102960 0.257173 -0.004860
v -0.103111 0.257865 -0.005428
v -0.102880 0.256788 -0.006041
v -0.102738 0.257050 -0.004956
v -0.102912 0.257849 -0.005612
v -0.102877 0.257944 -0.004643
v -0.102789 0.257715 -0.004528
v -0.102857 0.258132 -0.004837
v -0.102540 0.257035 -0.005140
v -0.102690 0.257727 -0.005708
v -0.102616 0.257507 -0.004523
v -0.102733 0.258229 -0.005058
v -0.102417 0.257130 -0.005363
v -0.102505 0.257530 -0.005691
v -0.102405 0.257375 -0.004629
v -0.102540 0.258209 -0.005246
v -0.102405 0.257312 -0.005564
v -0.102061 0.258549 -0.003926
v -0.101987 0.258313 -0.003823
v -0.102037 0.258739 -0.004115
v -0.101832 0.258094 -0.003833
v -0.102212 0.257354 -0.004818
v -0.102329 0.258077 -0.005352
v -0.101919 0.258832 -0.004337
v -0.101639 0.257950 -0.003952
v -0.102088 0.257451 -0.005038
v -0.101739 0.258802 -0.004535
v -0.102156 0.257868 -0.005347
v -0.102068 0.257639 -0.005232
v -0.101460 0.257921 -0.004150
v -0.101547 0.258659 -0.004654
v -0.101342 0.258013 -0.004373
v -0.101392 0.258439 -0.004664
v -0.101317 0.258203 -0.004561
v -0.101091 0.258850 -0.003169
v -0.100952 0.258624 -0.003189
v -0.101157 0.259089 -0.003266
v -0.101134 0.259276 -0.003453
v -0.101027 0.259362 -0.003681
v -0.100778 0.258472 -0.003320
v -0.100864 0.259324 -0.003888
v -0.100616 0.258433 -0.003527
v -0.100690 0.259171 -0.004019
v -0.100509 0.258519 -0.003755
v -0.100552 0.258945 -0.004039
v -0.100485 0.258706 -0.003942
v -0.100193 0.259579 -0.002666
v -0.100131 0.259340 -0.002573
v -0.100173 0.259763 -0.002853
v -0.100004 0.259111 -0.002599
v -0.100076 0.259843 -0.003085
v -0.099846 0.258953 -0.002738
v -0.099929 0.259798 -0.003299
v -0.099699 0.258907 -0.002951
v -0.099771 0.259639 -0.003437
v -0.099602 0.258987 -0.003183
v -0.099582 0.259171 -0.003371
v -0.099644 0.259410 -0.003464
v -0.099127 0.259805 -0.002032
v -0.099008 0.259575 -0.002062
v -0.099188 0.260041 -0.002124
v -0.099174 0.260221 -0.002313
v -0.099088 0.260296 -0.002548
v -0.098861 0.259413 -0.002205
v -0.098954 0.260245 -0.002766
v -0.098727 0.259362 -0.002423
v -0.098807 0.260083 -0.002909
v -0.098641 0.259437 -0.002658
v -0.098687 0.259853 -0.002938
v -0.098627 0.259617 -0.002846
v -0.098164 0.260496 -0.001639
v -0.098100 0.260263 -0.001547
v -0.098157 0.260670 -0.001830
v -0.097983 0.260034 -0.001577
v -0.098082 0.260740 -0.002067
v -0.097844 0.259871 -0.001721
v -0.097958 0.260686 -0.002288
v -0.097720 0.259817 -0.001942
v -0.097819 0.260523 -0.002432
v -0.097645 0.259887 -0.002179
v -0.097702 0.260294 -0.002462
v -0.097638 0.260061 -0.002370
v -0.097139 0.260963 -0.001210
v -0.097068 0.260736 -0.001115
v -0.097142 0.261131 -0.001403
v -0.096949 0.260511 -0.001143
v -0.097077 0.261195 -0.001642
v -0.096814 0.260348 -0.001287
v -0.096962 0.261139 -0.001863
v -0.096698 0.260292 -0.001509
v -0.096826 0.260976 -0.002007
v -0.096633 0.260356 -0.001748
v -0.096707 0.260751 -0.002036
v -0.096636 0.260525 -0.001941
v -0.096134 0.261462 -0.000835
v -0.096052 0.261243 -0.000736
v -0.096149 0.261622 -0.001031
v -0.095926 0.261025 -0.000761
v -0.096095 0.261681 -0.001271
v -0.095984 0.261623 -0.001492
v -0.095789 0.260865 -0.000903
v -0.095679 0.260807 -0.001123
v -0.095848 0.261463 -0.001633
v -0.095624 0.260866 -0.001364
v -0.095722 0.261245 -0.001658
v -0.095640 0.261026 -0.001560
v -0.095167 0.262012 -0.000512
v -0.095070 0.261805 -0.000409
v -0.095197 0.262163 -0.000711
v -0.095153 0.262215 -0.000952
v -0.094932 0.261596 -0.000429
v -0.095045 0.262157 -0.001171
v -0.094790 0.261442 -0.000567
v -0.094904 0.262002 -0.001309
v -0.094683 0.261383 -0.000786
v -0.094766 0.261793 -0.001330
v -0.094638 0.261436 -0.001028
v -0.094669 0.261586 -0.001227
v -0.094258 0.262633 -0.000240
v -0.094305 0.262770 -0.000442
v -0.094142 0.262441 -0.000132
v -0.094270 0.262815 -0.000684
v -0.093988 0.262246 -0.000147
v -0.094164 0.262757 -0.000901
v -0.093838 0.262101 -0.000280
v -0.094013 0.262612 -0.001035
v -0.093731 0.262043 -0.000497
v -0.093859 0.262417 -0.001049
v -0.093696 0.262089 -0.000739
v -0.093743 0.262225 -0.000941
v -0.093426 0.263341 -0.000018
v -0.093490 0.263461 -0.000223
v -0.093289 0.263171 0.000095
v -0.093464 0.263498 -0.000465
v -0.093116 0.262996 0.000086
v -0.093356 0.263444 -0.000679
v -0.093193 0.263311 -0.000808
v -0.092953 0.262863 -0.000043
v -0.092845 0.262808 -0.000257
v -0.093021 0.263136 -0.000817
v -0.092884 0.262966 -0.000703
v -0.092819 0.262846 -0.000498
v -0.092768 0.264255 -0.000052
v -0.092687 0.264156 0.000156
v -0.092750 0.264284 -0.000293
v -0.092528 0.264013 0.000273
v -0.092638 0.264234 -0.000504
v -0.092336 0.263864 0.000269
v -0.092463 0.264119 -0.000627
v -0.092160 0.263749 0.000146
v -0.092270 0.263970 -0.000631
v -0.092048 0.263699 -0.000065
v -0.092112 0.263827 -0.000514
v -0.092031 0.263728 -0.000306
v -0.092144 0.265187 0.000076
v -0.092052 0.265106 0.000284
v -0.092132 0.265208 -0.000164
v -0.091880 0.264987 0.000403
v -0.092018 0.265164 -0.000372
v -0.091674 0.264861 0.000403
v -0.091834 0.265066 -0.000492
v -0.091490 0.264763 0.000283
v -0.091628 0.264940 -0.000492
v -0.091376 0.264719 0.000075
v -0.091456 0.264821 -0.000373
v -0.092048 0.265374 0.000097
v -0.091951 0.265298 0.000308
v -0.092038 0.265392 -0.000147
v -0.091363 0.264740 -0.000165
v -0.091771 0.265186 0.000431
v -0.091922 0.265347 -0.000358
v -0.091790 0.265597 0.000341
v -0.091606 0.265484 0.000466
v -0.091890 0.265672 0.000126
v -0.091880 0.265688 -0.000122
v -0.091557 0.265066 0.000431
v -0.091731 0.265253 -0.000480
v -0.091389 0.265362 0.000466
v -0.091763 0.265642 -0.000336
v -0.091579 0.265984 0.000378
v -0.091393 0.265870 0.000504
v -0.091673 0.266072 -0.000093
v -0.091570 0.265545 -0.000460
v -0.091556 0.266023 -0.000311
v -0.091682 0.266058 0.000159
v -0.091367 0.264972 0.000310
v -0.091518 0.265133 -0.000480
v -0.091431 0.266522 0.000193
v -0.091326 0.266449 0.000415
v -0.091424 0.266533 -0.000063
v -0.091172 0.265747 0.000505
v -0.091251 0.264927 0.000098
v -0.091197 0.265265 0.000343
v -0.091353 0.265423 -0.000459
v -0.091338 0.265021 -0.000357
v -0.091361 0.265923 -0.000436
v -0.091135 0.266335 0.000543
v -0.091306 0.266481 -0.000285
v -0.091240 0.264945 -0.000146
v -0.091080 0.265219 0.000128
v -0.091170 0.265310 -0.000335
v -0.090977 0.265648 0.000379
v -0.091140 0.265800 -0.000436
v -0.090911 0.266210 0.000544
v -0.091109 0.266378 -0.000412
v -0.091035 0.266981 0.000448
v -0.090841 0.266868 0.000578
v -0.091138 0.267061 -0.000037
v -0.091020 0.267005 -0.000262
v -0.091144 0.267052 0.000223
v -0.091070 0.265235 -0.000120
v -0.090859 0.265598 0.000161
v -0.090954 0.265686 -0.000309
v -0.090714 0.266108 0.000416
v -0.090885 0.266254 -0.000412
v -0.090613 0.266741 0.000579
v -0.090820 0.266900 -0.000391
v -0.090825 0.267640 0.000246
v -0.090821 0.267645 -0.000018
v -0.090712 0.267571 0.000474
v -0.090851 0.265612 -0.000091
v -0.090514 0.267458 0.000607
v -0.090703 0.267585 -0.000246
v -0.090596 0.266055 0.000195
v -0.090695 0.266140 -0.000283
v -0.090414 0.266636 0.000450
v -0.090589 0.266067 -0.000061
v -0.090593 0.266773 -0.000391
v -0.090284 0.267330 0.000607
v -0.090502 0.267476 -0.000378
v -0.090481 0.268274 0.000258
v -0.090480 0.268275 -0.000010
v -0.090365 0.268208 0.000490
v -0.090296 0.266580 0.000225
v -0.090399 0.266659 -0.000260
v -0.090162 0.268095 0.000624
v -0.090362 0.268210 -0.000241
v -0.090290 0.266588 -0.000035
v -0.090082 0.267221 0.000476
v -0.090271 0.267348 -0.000377
v -0.089964 0.267161 0.000248
v -0.090073 0.267235 -0.000245
v -0.089928 0.267966 0.000625
v -0.090158 0.268098 -0.000375
v -0.090118 0.268944 0.000256
v -0.090119 0.268940 -0.000016
v -0.089997 0.268882 0.000491
v -0.089961 0.267166 -0.000016
v -0.089725 0.267854 0.000491
v -0.089924 0.267969 -0.000374
v -0.090002 0.268871 -0.000250
v -0.089791 0.268770 0.000627
v -0.089607 0.267789 0.000260
v -0.089722 0.267856 -0.000240
v -0.089797 0.268755 -0.000386
v -0.089553 0.268639 0.000628
v -0.089741 0.269640 0.000236
v -0.089746 0.269630 -0.000039
v -0.089616 0.269583 0.000474
v -0.089606 0.267790 -0.000008
v -0.089559 0.268623 -0.000385
v -0.089348 0.268523 0.000493
v -0.089630 0.269555 -0.000277
v -0.089405 0.269473 0.000612
v -0.089424 0.269435 -0.000414
v -0.089164 0.269340 0.000613
v -0.089353 0.268512 -0.000249
v -0.089231 0.268454 0.000258
v -0.089358 0.270352 0.000194
v -0.089366 0.270335 -0.000084
v -0.089228 0.270300 0.000435
v -0.089233 0.268450 -0.000014
v -0.089252 0.270253 -0.000325
v -0.089011 0.270192 0.000575
v -0.089182 0.269302 -0.000414
v -0.088958 0.269220 0.000476
v -0.089044 0.270128 -0.000464
v -0.088767 0.270058 0.000576
v -0.088971 0.269192 -0.000276
v -0.088842 0.269145 0.000238
v -0.088972 0.271070 0.000127
v -0.088986 0.271044 -0.000154
v -0.088837 0.271024 0.000371
v -0.088846 0.269134 -0.000037
v -0.088873 0.270954 -0.000398
v -0.088615 0.270919 0.000512
v -0.088800 0.269994 -0.000463
v -0.088559 0.269933 0.000437
v -0.088665 0.270824 -0.000538
v -0.088367 0.270784 0.000513
v -0.088583 0.269886 -0.000324
v -0.088590 0.271787 0.000031
v -0.088607 0.271753 -0.000253
v -0.088449 0.271745 0.000277
v -0.088445 0.269851 0.000196
v -0.088497 0.271655 -0.000499
v -0.088453 0.269834 -0.000082
v -0.088224 0.271641 0.000420
v -0.088417 0.270688 -0.000537
v -0.088159 0.270654 0.000372
v -0.088290 0.271517 -0.000640
v -0.087974 0.271501 0.000421
v -0.087909 0.272981 -0.000165
v -0.087929 0.272944 -0.000451
v -0.088195 0.270584 -0.000396
v -0.088046 0.270564 0.000129
v -0.087768 0.272939 0.000083
v -0.087822 0.272838 -0.000698
v -0.088060 0.270538 -0.000152
v -0.087543 0.272828 0.000228
v -0.088039 0.271377 -0.000639
v -0.087766 0.271363 0.000280
v -0.087617 0.272690 -0.000839
v -0.087296 0.272680 0.000230
v -0.087814 0.271273 -0.000497
v -0.087656 0.271265 0.000034
v -0.087674 0.271231 -0.000250
v -0.087370 0.272542 -0.000837
v -0.087091 0.272532 0.000089
v -0.087165 0.274167 -0.000373
v -0.087186 0.274128 -0.000661
v -0.087025 0.274121 -0.000122
v -0.087145 0.272431 -0.000692
v -0.087083 0.274014 -0.000908
v -0.086984 0.272426 -0.000157
v -0.086803 0.274002 0.000025
v -0.087004 0.272389 -0.000443
v -0.086882 0.273856 -0.001049
v -0.086560 0.273843 0.000029
v -0.086639 0.273696 -0.001045
v -0.086359 0.273685 -0.000111
v -0.086417 0.273578 -0.000898
v -0.086369 0.275336 -0.000596
v -0.086393 0.275294 -0.000886
v -0.086229 0.275288 -0.000343
v -0.086256 0.273571 -0.000359
v -0.086293 0.275172 -0.001134
v -0.086010 0.275162 -0.000193
v -0.086277 0.273532 -0.000647
v -0.086096 0.275005 -0.001274
v -0.085770 0.274993 -0.000188
v -0.085856 0.274836 -0.001269
v -0.085574 0.274825 -0.000328
v -0.085637 0.274710 -0.001119
v -0.085530 0.276485 -0.000839
v -0.085556 0.276439 -0.001130
v -0.085474 0.274704 -0.000576
v -0.085389 0.276436 -0.000583
v -0.085460 0.276311 -0.001379
v -0.085497 0.274662 -0.000866
v -0.085171 0.276305 -0.000431
v -0.085268 0.276134 -0.001519
v -0.084935 0.276128 -0.000424
v -0.085031 0.275956 -0.001512
v -0.084743 0.275951 -0.000564
v -0.084813 0.275825 -0.001360
v -0.084647 0.275822 -0.000813
v -0.084655 0.277613 -0.001105
v -0.084684 0.277563 -0.001398
v -0.084513 0.277564 -0.000847
v -0.084672 0.275776 -0.001104
v -0.084593 0.277426 -0.001647
v -0.084295 0.277429 -0.000694
v -0.084405 0.277240 -0.001786
v -0.084062 0.277243 -0.000685
v -0.084171 0.277055 -0.001777
v -0.083874 0.277058 -0.000824
v -0.083954 0.276920 -0.001624
v -0.083782 0.276921 -0.001073
v -0.083752 0.278716 -0.001399
v -0.083786 0.278660 -0.001693
v -0.083812 0.276871 -0.001366
v -0.083608 0.278668 -0.001140
v -0.083699 0.278516 -0.001942
v -0.083390 0.278530 -0.000984
v -0.083516 0.278321 -0.002080
v -0.083159 0.278338 -0.000974
v -0.083284 0.278129 -0.002070
v -0.082976 0.278143 -0.001112
v -0.083067 0.277991 -0.001915
v -0.082889 0.277999 -0.001362
v -0.082923 0.277943 -0.001655
v -0.082830 0.279791 -0.001725
v -0.082869 0.279729 -0.002019
v -0.082682 0.279746 -0.001464
v -0.082788 0.279577 -0.002269
v -0.082464 0.279605 -0.001307
v -0.082609 0.279374 -0.002406
v -0.082235 0.279407 -0.001296
v -0.082380 0.279176 -0.002394
v -0.082056 0.279205 -0.001433
v -0.082162 0.279035 -0.002237
v -0.081975 0.279052 -0.001682
v -0.082013 0.278990 -0.001976
v -0.081897 0.280836 -0.002087
v -0.081942 0.280768 -0.002382
v -0.081745 0.280794 -0.001826
v -0.081867 0.280606 -0.002630
v -0.081525 0.280653 -0.001668
v -0.081693 0.280395 -0.002766
v -0.081297 0.280449 -0.001655
v -0.081465 0.280192 -0.002753
v -0.081123 0.280239 -0.001791
v -0.081245 0.280050 -0.002595
v -0.081048 0.280077 -0.002039
v -0.081092 0.280008 -0.002333
v -0.080961 0.281848 -0.002490
v -0.081013 0.281772 -0.002783
v -0.080803 0.281811 -0.002228
v -0.080945 0.281601 -0.003030
v -0.080581 0.281669 -0.002069
v -0.080775 0.281382 -0.003165
v -0.080354 0.281461 -0.002055
v -0.080549 0.281174 -0.003151
v -0.080184 0.281242 -0.002189
v -0.080326 0.281032 -0.002991
v -0.080116 0.281072 -0.002436
v -0.080168 0.280995 -0.002730
v -0.080030 0.282825 -0.002936
v -0.080091 0.282739 -0.003229
v -0.079865 0.282793 -0.002676
v -0.080030 0.282558 -0.003474
v -0.079639 0.282652 -0.002516
v -0.079865 0.282332 -0.003606
v -0.079413 0.282440 -0.002501
v -0.079639 0.282120 -0.003591
v -0.079248 0.282213 -0.002633
v -0.079413 0.281979 -0.003431
v -0.079248 0.281947 -0.003171
v -0.079187 0.282033 -0.002879
v -0.079183 0.283666 -0.003721
v -0.079113 0.283762 -0.003432
v -0.079131 0.283475 -0.003964
v -0.078939 0.283737 -0.003173
v -0.078970 0.283241 -0.004094
v -0.078708 0.283598 -0.003014
v -0.078744 0.283025 -0.004077
v -0.078483 0.283382 -0.002998
v -0.078514 0.282886 -0.003918
v -0.078322 0.283148 -0.003128
v -0.078340 0.282861 -0.003659
v -0.078270 0.282957 -0.003370
v -0.078297 0.284551 -0.004266
v -0.078211 0.284663 -0.003984
v -0.078260 0.284344 -0.004500
v -0.078024 0.284650 -0.003731
v -0.078108 0.284097 -0.004625
v -0.077786 0.284515 -0.003574
v -0.077884 0.283877 -0.004606
v -0.077562 0.284295 -0.003555
v -0.077646 0.283742 -0.004449
v -0.077410 0.284048 -0.003680
v -0.077459 0.283729 -0.004196
v -0.077373 0.283841 -0.003914
v -0.077465 0.285331 -0.004910
v -0.077360 0.285461 -0.004638
v -0.077444 0.285106 -0.005134
v -0.077158 0.285460 -0.004392
v -0.077304 0.284845 -0.005251
v -0.076913 0.285328 -0.004237
v -0.077081 0.284619 -0.005229
v -0.076690 0.285102 -0.004215
v -0.076835 0.284487 -0.005074
v -0.076549 0.284841 -0.004332
v -0.076633 0.284486 -0.004828
v -0.076220 0.286438 -0.005996
v -0.076208 0.286202 -0.006214
v -0.076104 0.286577 -0.005729
v -0.076528 0.284615 -0.004556
v -0.075893 0.286582 -0.005487
v -0.076073 0.285932 -0.006327
v -0.075642 0.286452 -0.005332
v -0.075850 0.285701 -0.006303
v -0.075419 0.286221 -0.005308
v -0.075599 0.285571 -0.006149
v -0.075283 0.285951 -0.005421
v -0.075387 0.285576 -0.005906
v -0.075272 0.285715 -0.005639
v -0.074652 0.287800 -0.007432
v -0.074531 0.287945 -0.007167
v -0.074645 0.287558 -0.007649
v -0.074314 0.287953 -0.006925
v -0.074511 0.287283 -0.007760
v -0.074059 0.287823 -0.006770
v -0.074286 0.287049 -0.007735
v -0.073834 0.287589 -0.006745
v -0.074031 0.286918 -0.007581
v -0.073814 0.286927 -0.007339
v -0.073700 0.287313 -0.006856
v -0.073693 0.287071 -0.007073
v -0.072853 0.289350 -0.009129
v -0.072848 0.289103 -0.009346
v -0.072728 0.289498 -0.008863
v -0.072714 0.288824 -0.009457
v -0.072507 0.289508 -0.008620
v -0.072248 0.289377 -0.008465
v -0.072487 0.288587 -0.009431
v -0.072228 0.288456 -0.009276
v -0.072021 0.289141 -0.008440
v -0.072007 0.288466 -0.009033
v -0.071887 0.288861 -0.008551
v -0.071882 0.288614 -0.008768
v -0.070913 0.291017 -0.010994
v -0.070910 0.290766 -0.011212
v -0.070785 0.291168 -0.010727
v -0.070775 0.290483 -0.011324
v -0.070560 0.291179 -0.010484
v -0.070297 0.291048 -0.010328
v -0.070545 0.290244 -0.011298
v -0.070068 0.290809 -0.010302
v -0.070283 0.290113 -0.011142
v -0.070057 0.290124 -0.010899
v -0.069933 0.290526 -0.010414
v -0.069929 0.290276 -0.010632
v -0.068923 0.292731 -0.012938
v -0.068920 0.292477 -0.013158
v -0.068793 0.292885 -0.012670
v -0.068784 0.292192 -0.013270
v -0.068563 0.292898 -0.012424
v -0.068297 0.292766 -0.012268
v -0.068552 0.291950 -0.013245
v -0.068285 0.291819 -0.013088
v -0.068065 0.292525 -0.012243
v -0.068056 0.291831 -0.012843
v -0.067929 0.292239 -0.012355
v -0.067926 0.291985 -0.012575
v -0.066973 0.294424 -0.014869
v -0.066970 0.294168 -0.015091
v -0.066840 0.294581 -0.014599
v -0.066832 0.293879 -0.015205
v -0.066608 0.294594 -0.014352
v -0.066597 0.293636 -0.015180
v -0.066337 0.294462 -0.014196
v -0.066326 0.293504 -0.015024
v -0.066102 0.294220 -0.014171
v -0.066094 0.293518 -0.014777
v -0.065964 0.293931 -0.014285
v -0.065961 0.293675 -0.014507
v -0.065154 0.296026 -0.016697
v -0.065151 0.295767 -0.016921
v -0.065020 0.296184 -0.016424
v -0.065011 0.295476 -0.017037
v -0.064783 0.296200 -0.016177
v -0.064771 0.295233 -0.017014
v -0.064509 0.296068 -0.016020
v -0.064269 0.295824 -0.015997
v -0.064496 0.295101 -0.016857
v -0.064260 0.295116 -0.016610
v -0.064129 0.295533 -0.016113
v -0.064125 0.295274 -0.016337
v -0.063558 0.297466 -0.018329
v -0.063554 0.297205 -0.018556
v -0.063422 0.297626 -0.018054
v -0.063410 0.296914 -0.018676
v -0.063182 0.297643 -0.017806
v -0.063166 0.296670 -0.018655
v -0.062901 0.297512 -0.017650
v -0.062657 0.297268 -0.017629
v -0.062885 0.296539 -0.018500
v -0.062645 0.296556 -0.018251
v -0.062513 0.296977 -0.017749
v -0.062509 0.296716 -0.017976
v -0.062278 0.298672 -0.019672
v -0.062271 0.298411 -0.019904
v -0.062140 0.298834 -0.019394
v -0.061895 0.298853 -0.019146
v -0.062122 0.298121 -0.020030
v -0.061869 0.297879 -0.020014
v -0.061607 0.298725 -0.018994
v -0.061355 0.298484 -0.018979
v -0.061582 0.297752 -0.019862
v -0.061336 0.297771 -0.019614
v -0.061205 0.298194 -0.019104
v -0.061198 0.297933 -0.019337
v -0.061416 0.299561 -0.020621
v -0.061401 0.299305 -0.020865
v -0.061277 0.299724 -0.020341
v -0.061022 0.299751 -0.020097
v -0.061238 0.299026 -0.021005
v -0.060720 0.299634 -0.019957
v -0.060969 0.298797 -0.021005
v -0.060451 0.299405 -0.019957
v -0.060666 0.298680 -0.020865
v -0.061095 0.299980 -0.021024
v -0.061058 0.299761 -0.021303
v -0.060958 0.300140 -0.020737
v -0.060412 0.298707 -0.020621
v -0.060288 0.299126 -0.020097
v -0.060682 0.300198 -0.020518
v -0.060856 0.299542 -0.021498
v -0.060273 0.298870 -0.020341
v -0.060343 0.300140 -0.020426
v -0.060543 0.299381 -0.021559
v -0.060030 0.299980 -0.020487
v -0.060203 0.299323 -0.021467
v -0.059928 0.299381 -0.021249
v -0.059828 0.299761 -0.020682
v -0.059791 0.299542 -0.020961
v -0.109609 0.154755 -0.039604
v -0.109553 0.152689 -0.040480
v -0.109621 0.154827 -0.039811
v -0.109507 0.156965 -0.038775
v -0.109452 0.152746 -0.040669
v -0.109518 0.157046 -0.038977
v -0.109521 0.154890 -0.039996
v -0.109542 0.152632 -0.040266
v -0.109490 0.154695 -0.039430
v -0.109390 0.156890 -0.038609
v -0.109382 0.150446 -0.040998
v -0.109422 0.152589 -0.040085
v -0.109372 0.150405 -0.040780
v -0.109280 0.150491 -0.041189
v -0.109419 0.157112 -0.039159
v -0.109266 0.152787 -0.040782
v -0.109337 0.154928 -0.040109
v -0.109266 0.159214 -0.037823
v -0.109276 0.159302 -0.038019
v -0.109295 0.154662 -0.039336
v -0.109197 0.156840 -0.038522
v -0.109151 0.159128 -0.037663
v -0.109094 0.150527 -0.041304
v -0.109253 0.150377 -0.040596
v -0.109225 0.152573 -0.039985
v -0.109237 0.157143 -0.039273
v -0.109178 0.159369 -0.038198
v -0.109221 0.148123 -0.041365
v -0.109212 0.148095 -0.041146
v -0.109119 0.148155 -0.041559
v -0.109045 0.152801 -0.040790
v -0.109118 0.154930 -0.040120
v -0.108961 0.159068 -0.037581
v -0.109247 0.113954 -0.049374
v -0.109223 0.112479 -0.050135
v -0.109228 0.112609 -0.050387
v -0.109156 0.111431 -0.050998
v -0.109103 0.113846 -0.049162
v -0.109150 0.111300 -0.050740
v -0.109077 0.112373 -0.049917
v -0.109252 0.114082 -0.049620
v -0.109092 0.112728 -0.050605
v -0.109017 0.111561 -0.051217
v -0.109231 0.115663 -0.048491
v -0.109091 0.115556 -0.048286
v -0.109236 0.115788 -0.048732
v -0.109118 0.114195 -0.049835
v -0.109183 0.117536 -0.047528
v -0.109046 0.117429 -0.047328
v -0.109188 0.117657 -0.047763
v -0.109105 0.115896 -0.048943
v -0.109073 0.145751 -0.041609
v -0.109094 0.148078 -0.040959
v -0.109064 0.145734 -0.041388
v -0.108970 0.145773 -0.041804
v -0.109056 0.150372 -0.040493
v -0.108932 0.148182 -0.041675
v -0.109076 0.154664 -0.039347
v -0.109004 0.152587 -0.039992
v -0.108873 0.150544 -0.041311
v -0.108980 0.156830 -0.038538
v -0.108998 0.159396 -0.038313
v -0.109020 0.157134 -0.039289
v -0.108916 0.161467 -0.036784
v -0.108803 0.161373 -0.036629
v -0.108925 0.161559 -0.036975
v -0.109024 0.110624 -0.051411
v -0.109020 0.110497 -0.051143
v -0.109002 0.111202 -0.050512
v -0.108883 0.110761 -0.051631
v -0.109110 0.119498 -0.046524
v -0.108977 0.119394 -0.046329
v -0.109060 0.117760 -0.047971
v -0.109115 0.119616 -0.046754
v -0.108747 0.159049 -0.037601
v -0.108617 0.161305 -0.036552
v -0.108828 0.161627 -0.037152
v -0.108849 0.112805 -0.050730
v -0.108770 0.111653 -0.051338
v -0.108854 0.115493 -0.048171
v -0.108861 0.113787 -0.049042
v -0.108881 0.114263 -0.049961
v -0.108814 0.117366 -0.047216
v -0.108873 0.115958 -0.049069
v -0.109020 0.121478 -0.045522
v -0.108889 0.121376 -0.045331
v -0.108990 0.119715 -0.046958
v -0.109025 0.121592 -0.045747
v -0.108947 0.145725 -0.041201
v -0.108898 0.148078 -0.040856
v -0.108783 0.145794 -0.041920
v -0.108711 0.148198 -0.041682
v -0.108848 0.152785 -0.040690
v -0.108922 0.154897 -0.040026
v -0.108524 0.108902 -0.052173
v -0.108871 0.110416 -0.050901
v -0.108524 0.108794 -0.051904
v -0.108384 0.109028 -0.052392
v -0.108829 0.112319 -0.049791
v -0.108750 0.111163 -0.050375
v -0.108634 0.110873 -0.051746
v -0.108750 0.119330 -0.046221
v -0.108834 0.117819 -0.048095
v -0.108668 0.121314 -0.045226
v -0.108903 0.121688 -0.045946
v -0.108769 0.119770 -0.047080
v -0.108918 0.123402 -0.044561
v -0.108791 0.123304 -0.044375
v -0.108923 0.123512 -0.044782
v -0.108938 0.143372 -0.041753
v -0.108930 0.143363 -0.041532
v -0.108835 0.143387 -0.041948
v -0.108647 0.143402 -0.042065
v -0.108836 0.150389 -0.040500
v -0.108892 0.154702 -0.039460
v -0.108818 0.152628 -0.040106
v -0.108677 0.150538 -0.041208
v -0.108798 0.156862 -0.038652
v -0.108567 0.159076 -0.037716
v -0.108784 0.159377 -0.038333
v -0.108828 0.157084 -0.039201
v -0.108406 0.161279 -0.036575
v -0.108650 0.161651 -0.037267
v -0.108813 0.125197 -0.043684
v -0.108689 0.125103 -0.043502
v -0.108805 0.123603 -0.044977
v -0.108818 0.125302 -0.043900
v -0.108819 0.141029 -0.041821
v -0.108715 0.141037 -0.042016
v -0.108813 0.143361 -0.041344
v -0.108811 0.141025 -0.041599
v -0.108751 0.145728 -0.041097
v -0.108562 0.145807 -0.041928
v -0.108728 0.152742 -0.040508
v -0.108803 0.154837 -0.039852
v -0.108489 0.163687 -0.035696
v -0.108378 0.163589 -0.035545
v -0.108497 0.163782 -0.035884
v -0.108383 0.108732 -0.051659
v -0.108618 0.110402 -0.050748
v -0.108141 0.109138 -0.052504
v -0.108566 0.112818 -0.050730
v -0.108483 0.111684 -0.051328
v -0.108583 0.115494 -0.048177
v -0.108584 0.113792 -0.049046
v -0.108604 0.114268 -0.049964
v -0.108550 0.117363 -0.047224
v -0.108602 0.115959 -0.049075
v -0.108575 0.123242 -0.044273
v -0.108687 0.121739 -0.046067
v -0.108677 0.148093 -0.040863
v -0.108515 0.148197 -0.041579
v -0.108558 0.150511 -0.041023
v -0.108792 0.154765 -0.039645
v -0.108699 0.156928 -0.038834
v -0.108546 0.112332 -0.049790
v -0.108492 0.119325 -0.046229
v -0.108569 0.117816 -0.048102
v -0.108479 0.125043 -0.043402
v -0.108703 0.125388 -0.044092
v -0.108594 0.123651 -0.045096
v -0.108712 0.126790 -0.042932
v -0.108591 0.126700 -0.042753
v -0.108717 0.126888 -0.043144
v -0.108717 0.138762 -0.041837
v -0.108613 0.138766 -0.042032
v -0.108694 0.141027 -0.041411
v -0.108709 0.138762 -0.041615
v -0.108617 0.143367 -0.041240
v -0.108527 0.141048 -0.042133
v -0.108426 0.143414 -0.042072
v -0.108649 0.150425 -0.040614
v -0.108717 0.152685 -0.040295
v -0.108710 0.157009 -0.039035
v -0.108469 0.159143 -0.037895
v -0.108594 0.159317 -0.038251
v -0.108440 0.161626 -0.037290
v -0.108195 0.163515 -0.035473
v -0.108401 0.163850 -0.036058
v -0.108060 0.106997 -0.052561
v -0.108057 0.107088 -0.052829
v -0.107617 0.105194 -0.053400
v -0.107926 0.106948 -0.052317
v -0.107623 0.105118 -0.053134
v -0.107916 0.107195 -0.053049
v -0.107476 0.105285 -0.053619
v -0.108140 0.108734 -0.051503
v -0.108329 0.110458 -0.050726
v -0.107859 0.108799 -0.051477
v -0.107689 0.106953 -0.052163
v -0.107675 0.107290 -0.053163
v -0.107860 0.109202 -0.052478
v -0.107399 0.107348 -0.053140
v -0.108462 0.111194 -0.050365
v -0.108215 0.111286 -0.050486
v -0.108080 0.110570 -0.050841
v -0.108076 0.111415 -0.050705
v -0.107939 0.110708 -0.051061
v -0.107616 0.108909 -0.051589
v -0.108345 0.110929 -0.051724
v -0.108092 0.110915 -0.051571
v -0.107617 0.109204 -0.052322
v -0.108231 0.111645 -0.051191
v -0.107943 0.110834 -0.051329
v -0.107476 0.109143 -0.052077
v -0.108303 0.112409 -0.049916
v -0.108166 0.112528 -0.050133
v -0.108172 0.112658 -0.050385
v -0.108082 0.111547 -0.050963
v -0.108318 0.112764 -0.050603
v -0.108346 0.113860 -0.049172
v -0.108212 0.113973 -0.049387
v -0.108218 0.114100 -0.049633
v -0.108361 0.114208 -0.049844
v -0.108351 0.115556 -0.048302
v -0.108220 0.115664 -0.048513
v -0.108225 0.115788 -0.048754
v -0.108365 0.115896 -0.048959
v -0.108323 0.117421 -0.047348
v -0.108195 0.117525 -0.047555
v -0.108200 0.117646 -0.047791
v -0.108337 0.117752 -0.047991
v -0.108270 0.119380 -0.046352
v -0.108146 0.119480 -0.046555
v -0.108151 0.119597 -0.046785
v -0.108284 0.119702 -0.046981
v -0.108511 0.119765 -0.047088
v -0.108416 0.121307 -0.045235
v -0.108200 0.121359 -0.045355
v -0.108078 0.121454 -0.045555
v -0.108083 0.121568 -0.045780
v -0.108214 0.121670 -0.045971
v -0.108435 0.121732 -0.046076
v -0.108329 0.123235 -0.044282
v -0.108119 0.123283 -0.044400
v -0.108000 0.123374 -0.044596
v -0.108005 0.123484 -0.044816
v -0.108133 0.123583 -0.045003
v -0.108348 0.123644 -0.045105
v -0.108239 0.125035 -0.043412
v -0.108034 0.125080 -0.043528
v -0.107919 0.125166 -0.043720
v -0.107924 0.125271 -0.043936
v -0.108048 0.125365 -0.044118
v -0.108258 0.125425 -0.044218
v -0.108498 0.125433 -0.044209
v -0.108153 0.126634 -0.042665
v -0.107953 0.126675 -0.042780
v -0.108386 0.126643 -0.042656
v -0.107841 0.126756 -0.042969
v -0.108172 0.127001 -0.043457
v -0.107967 0.126944 -0.043360
v -0.108605 0.126968 -0.043333
v -0.108405 0.127010 -0.043448
v -0.108077 0.127963 -0.042083
v -0.107883 0.127998 -0.042197
v -0.108304 0.127973 -0.042073
v -0.108503 0.128025 -0.042169
v -0.108622 0.128107 -0.042346
v -0.108627 0.128196 -0.042556
v -0.108097 0.128293 -0.042866
v -0.107897 0.128241 -0.042769
v -0.107846 0.126854 -0.043181
v -0.108518 0.128268 -0.042742
v -0.108324 0.128303 -0.042856
v -0.108017 0.128968 -0.041700
v -0.107829 0.128993 -0.041814
v -0.108238 0.128976 -0.041691
v -0.108433 0.129016 -0.041788
v -0.108549 0.129076 -0.041967
v -0.108555 0.129142 -0.042179
v -0.108450 0.129194 -0.042367
v -0.108262 0.129219 -0.042480
v -0.108041 0.129211 -0.042490
v -0.107979 0.129967 -0.041478
v -0.107791 0.129981 -0.041594
v -0.108201 0.129970 -0.041470
v -0.108396 0.129991 -0.041572
v -0.108513 0.130022 -0.041757
v -0.108521 0.130056 -0.041976
v -0.108416 0.130084 -0.042170
v -0.108228 0.130098 -0.042286
v -0.108007 0.130095 -0.042294
v -0.107846 0.129171 -0.042392
v -0.107971 0.131272 -0.041357
v -0.107783 0.131280 -0.041474
v -0.108192 0.131271 -0.041349
v -0.108388 0.131277 -0.041453
v -0.108505 0.131289 -0.041641
v -0.108513 0.131302 -0.041862
v -0.108408 0.131314 -0.042057
v -0.108221 0.131322 -0.042174
v -0.107999 0.131323 -0.042182
v -0.107812 0.130075 -0.042192
v -0.108209 0.132837 -0.041300
v -0.108405 0.132836 -0.041405
v -0.107988 0.132841 -0.041308
v -0.107800 0.132846 -0.041425
v -0.108522 0.132837 -0.041593
v -0.108530 0.132840 -0.041814
v -0.108238 0.132851 -0.042127
v -0.108016 0.132855 -0.042134
v -0.107804 0.131317 -0.042078
v -0.108425 0.132846 -0.042009
v -0.108278 0.134632 -0.042122
v -0.108057 0.134638 -0.042130
v -0.107821 0.132856 -0.042030
v -0.108466 0.134628 -0.042005
v -0.108570 0.134625 -0.041810
v -0.108563 0.134626 -0.041588
v -0.108446 0.134630 -0.041400
v -0.108250 0.134635 -0.041296
v -0.108029 0.134641 -0.041303
v -0.107841 0.134646 -0.041421
v -0.108341 0.136621 -0.042138
v -0.108120 0.136629 -0.042145
v -0.107862 0.134644 -0.042025
v -0.108529 0.136616 -0.042021
v -0.108633 0.136613 -0.041825
v -0.108626 0.136615 -0.041604
v -0.108509 0.136620 -0.041416
v -0.108314 0.136628 -0.041312
v -0.108092 0.136636 -0.041319
v -0.107904 0.136641 -0.041436
v -0.108425 0.138774 -0.042150
v -0.108204 0.138784 -0.042157
v -0.107925 0.136637 -0.042041
v -0.108592 0.138767 -0.041427
v -0.108397 0.138775 -0.041323
v -0.108176 0.138784 -0.041331
v -0.107988 0.138792 -0.041448
v -0.108306 0.141059 -0.042141
v -0.108008 0.138792 -0.042053
v -0.108111 0.141067 -0.042037
v -0.107891 0.138796 -0.041865
v -0.107808 0.136642 -0.041853
v -0.108090 0.141057 -0.041432
v -0.107986 0.141065 -0.041627
v -0.107884 0.138797 -0.041643
v -0.108499 0.141035 -0.041307
v -0.108278 0.141046 -0.041315
v -0.108231 0.143420 -0.041968
v -0.107994 0.141069 -0.041849
v -0.108113 0.143418 -0.041781
v -0.108105 0.143409 -0.041559
v -0.108209 0.143394 -0.041364
v -0.108396 0.143379 -0.041247
v -0.108530 0.145742 -0.041104
v -0.108343 0.145763 -0.041221
v -0.108366 0.145811 -0.041824
v -0.108248 0.145802 -0.041636
v -0.108240 0.145785 -0.041416
v -0.108490 0.148120 -0.040979
v -0.108388 0.148152 -0.041173
v -0.108397 0.148180 -0.041392
v -0.108548 0.150470 -0.040806
v -0.108479 0.159231 -0.038091
v -0.108229 0.161304 -0.036690
v -0.108131 0.161371 -0.036867
v -0.108140 0.161464 -0.037058
v -0.108253 0.161557 -0.037213
v -0.107812 0.163506 -0.035612
v -0.107988 0.163484 -0.035497
v -0.107715 0.163574 -0.035787
v -0.107724 0.163670 -0.035975
v -0.107834 0.163768 -0.036125
v -0.108018 0.163842 -0.036198
v -0.108225 0.163872 -0.036173
v -0.107521 0.165625 -0.034406
v -0.107348 0.165645 -0.034521
v -0.107725 0.165659 -0.034380
v -0.107906 0.165736 -0.034450
v -0.108015 0.165837 -0.034597
v -0.108023 0.165935 -0.034781
v -0.107753 0.166022 -0.035069
v -0.107549 0.165989 -0.035095
v -0.107927 0.166002 -0.034954
v -0.107524 0.167882 -0.033524
v -0.107417 0.167779 -0.033380
v -0.107531 0.167979 -0.033706
v -0.107494 0.105079 -0.052894
v -0.107239 0.105369 -0.053733
v -0.107476 0.109035 -0.051808
v -0.107773 0.128070 -0.042383
v -0.107723 0.129045 -0.042001
v -0.107779 0.128159 -0.042593
v -0.107745 0.134648 -0.041837
v -0.107800 0.136644 -0.041632
v -0.107239 0.167700 -0.033312
v -0.107437 0.168047 -0.033877
v -0.107207 0.103262 -0.053892
v -0.107216 0.103198 -0.053630
v -0.107068 0.103341 -0.054109
v -0.107413 0.107011 -0.052140
v -0.107263 0.105086 -0.052742
v -0.106969 0.105421 -0.053712
v -0.107172 0.107107 -0.052254
v -0.107163 0.107353 -0.052986
v -0.107028 0.107304 -0.052742
v -0.107730 0.129111 -0.042213
v -0.107687 0.130009 -0.041788
v -0.107695 0.130043 -0.042006
v -0.107679 0.131292 -0.041669
v -0.107686 0.131306 -0.041890
v -0.107696 0.132851 -0.041621
v -0.107704 0.132855 -0.041842
v -0.107737 0.134649 -0.041616
v -0.107252 0.165713 -0.034693
v -0.107259 0.165810 -0.034878
v -0.107368 0.165911 -0.035025
v -0.107037 0.167665 -0.033339
v -0.107265 0.168065 -0.033992
v -0.107090 0.103166 -0.053394
v -0.106835 0.103414 -0.054222
v -0.106992 0.105139 -0.052721
v -0.106738 0.105428 -0.053561
v -0.107031 0.107214 -0.052475
v -0.106865 0.167683 -0.033453
v -0.106771 0.167751 -0.033624
v -0.107063 0.168030 -0.034018
v -0.106885 0.167951 -0.033950
v -0.106942 0.169681 -0.032374
v -0.106765 0.169601 -0.032307
v -0.107048 0.169782 -0.032517
v -0.107055 0.169879 -0.032697
v -0.106961 0.169945 -0.032866
v -0.106831 0.101332 -0.054314
v -0.106840 0.101277 -0.054057
v -0.106693 0.101401 -0.054527
v -0.106865 0.103175 -0.053246
v -0.106570 0.103461 -0.054202
v -0.106755 0.105222 -0.052835
v -0.106608 0.105389 -0.053320
v -0.106778 0.167848 -0.033806
v -0.106566 0.169566 -0.032334
v -0.106791 0.169963 -0.032979
v -0.106719 0.101251 -0.053825
v -0.106465 0.101466 -0.054639
v -0.106601 0.103222 -0.053226
v -0.106615 0.105313 -0.053055
v -0.106396 0.169583 -0.032448
v -0.106592 0.169928 -0.033006
v -0.106615 0.171502 -0.031612
v -0.106510 0.171403 -0.031470
v -0.106622 0.171596 -0.031791
v -0.106345 0.103470 -0.054054
v -0.106335 0.171326 -0.031403
v -0.106530 0.171661 -0.031959
v -0.105247 0.091276 -0.055514
v -0.104991 0.088408 -0.056318
v -0.105097 0.088461 -0.056507
v -0.104695 0.086151 -0.057502
v -0.105064 0.091265 -0.055398
v -0.104803 0.088391 -0.056200
v -0.104584 0.086080 -0.057315
v -0.105348 0.091311 -0.055703
v -0.105091 0.088536 -0.056716
v -0.104694 0.086256 -0.057705
v -0.105339 0.091361 -0.055914
v -0.104975 0.088614 -0.056891
v -0.104581 0.086368 -0.057869
v -0.105224 0.091413 -0.056091
v -0.104781 0.088672 -0.056983
v -0.104387 0.086455 -0.057952
v -0.105131 0.092054 -0.055239
v -0.105319 0.092057 -0.055361
v -0.104909 0.092073 -0.055226
v -0.104848 0.091280 -0.055386
v -0.105422 0.092081 -0.055558
v -0.105412 0.092119 -0.055778
v -0.105292 0.092161 -0.055962
v -0.105033 0.091451 -0.056186
v -0.105095 0.092196 -0.056061
v -0.104817 0.091467 -0.056173
v -0.104560 0.088697 -0.056968
v -0.105248 0.093115 -0.055067
v -0.105440 0.093112 -0.055193
v -0.105019 0.093140 -0.055053
v -0.105546 0.093130 -0.055397
v -0.105535 0.093164 -0.055624
v -0.105412 0.093206 -0.055814
v -0.105209 0.093244 -0.055915
v -0.104872 0.092214 -0.056048
v -0.105610 0.094411 -0.054999
v -0.105718 0.094428 -0.055210
v -0.105413 0.094419 -0.054869
v -0.105178 0.094447 -0.054854
v -0.104970 0.094489 -0.054958
v -0.104816 0.093178 -0.055154
v -0.105707 0.094462 -0.055443
v -0.105581 0.094507 -0.055638
v -0.105372 0.094549 -0.055742
v -0.104980 0.093268 -0.055901
v -0.105138 0.094577 -0.055727
v -0.104788 0.093272 -0.055775
v -0.104685 0.092211 -0.055927
v -0.105826 0.095916 -0.054774
v -0.105937 0.095933 -0.054989
v -0.105623 0.095925 -0.054640
v -0.105382 0.095957 -0.054624
v -0.105168 0.096004 -0.054730
v -0.105926 0.095970 -0.055230
v -0.105039 0.096052 -0.054930
v -0.104843 0.094533 -0.055153
v -0.105796 0.096019 -0.055430
v -0.105582 0.096065 -0.055536
v -0.105341 0.096097 -0.055520
v -0.104940 0.094584 -0.055597
v -0.105138 0.096106 -0.055386
v -0.104832 0.094568 -0.055387
v -0.104683 0.093254 -0.055571
v -0.106084 0.097585 -0.054507
v -0.106198 0.097604 -0.054729
v -0.105876 0.097595 -0.054370
v -0.105629 0.097631 -0.054353
v -0.105410 0.097682 -0.054462
v -0.106187 0.097645 -0.054975
v -0.105277 0.097736 -0.054666
v -0.106055 0.097699 -0.055180
v -0.105267 0.097778 -0.054912
v -0.105028 0.096090 -0.055170
v -0.105836 0.097751 -0.055288
v -0.105589 0.097786 -0.055271
v -0.105381 0.097796 -0.055134
v -0.106383 0.099377 -0.054194
v -0.106500 0.099399 -0.054420
v -0.106169 0.099388 -0.054052
v -0.105916 0.099427 -0.054035
v -0.105692 0.099485 -0.054145
v -0.106490 0.099446 -0.054672
v -0.105557 0.099545 -0.054354
v -0.106355 0.099507 -0.054881
v -0.105547 0.099593 -0.054606
v -0.106131 0.099564 -0.054992
v -0.105878 0.099604 -0.054974
v -0.105664 0.099614 -0.054833
v -0.106500 0.101261 -0.053680
v -0.106241 0.101305 -0.053661
v -0.106012 0.101369 -0.053774
v -0.105875 0.101438 -0.053987
v -0.105865 0.101493 -0.054244
v -0.105987 0.101519 -0.054476
v -0.106206 0.101509 -0.054621
v -0.106368 0.103295 -0.053339
v -0.106228 0.103375 -0.053556
v -0.106220 0.103439 -0.053818
v -0.106302 0.169650 -0.032617
v -0.106309 0.169747 -0.032797
v -0.106415 0.169848 -0.032939
v -0.105969 0.171309 -0.031541
v -0.106137 0.171291 -0.031429
v -0.105877 0.171373 -0.031709
v -0.105884 0.171468 -0.031888
v -0.105989 0.171567 -0.032030
v -0.106164 0.171644 -0.032097
v -0.106362 0.171679 -0.032071
v -0.105616 0.172825 -0.030771
v -0.105782 0.172806 -0.030660
v -0.105524 0.172887 -0.030938
v -0.105978 0.172837 -0.030636
v -0.105532 0.172976 -0.031117
v -0.106152 0.172909 -0.030705
v -0.105638 0.173070 -0.031260
v -0.106258 0.173002 -0.030847
v -0.105812 0.173141 -0.031328
v -0.106266 0.173091 -0.031026
v -0.106008 0.173172 -0.031304
v -0.106174 0.173154 -0.031194
v -0.105364 0.174100 -0.030172
v -0.105529 0.174080 -0.030064
v -0.105275 0.174158 -0.030339
v -0.105725 0.174102 -0.030043
v -0.105284 0.174238 -0.030520
v -0.105900 0.174162 -0.030116
v -0.105391 0.174318 -0.030667
v -0.106006 0.174242 -0.030263
v -0.105565 0.174377 -0.030740
v -0.106016 0.174321 -0.030444
v -0.105761 0.174400 -0.030720
v -0.105926 0.174379 -0.030612
v -0.105248 0.175098 -0.029785
v -0.105412 0.175074 -0.029679
v -0.105160 0.175149 -0.029952
v -0.105607 0.175084 -0.029663
v -0.105171 0.175213 -0.030137
v -0.105782 0.175125 -0.029743
v -0.105279 0.175274 -0.030290
v -0.105889 0.175186 -0.029895
v -0.105454 0.175315 -0.030369
v -0.105900 0.175251 -0.030080
v -0.105649 0.175325 -0.030353
v -0.105812 0.175301 -0.030248
v -0.105382 0.175860 -0.029446
v -0.105219 0.175884 -0.029551
v -0.105577 0.175862 -0.029433
v -0.105132 0.175929 -0.029719
v -0.105751 0.175891 -0.029515
v -0.105144 0.175982 -0.029907
v -0.105859 0.175938 -0.029671
v -0.105252 0.176030 -0.030062
v -0.105870 0.175991 -0.029858
v -0.105426 0.176058 -0.030145
v -0.105783 0.176036 -0.030027
v -0.105621 0.176061 -0.030132
v -0.105364 0.176654 -0.029237
v -0.105202 0.176678 -0.029341
v -0.105557 0.176655 -0.029225
v -0.105116 0.176719 -0.029510
v -0.105731 0.176679 -0.029308
v -0.105127 0.176766 -0.029698
v -0.105838 0.176721 -0.029464
v -0.105234 0.176808 -0.029854
v -0.105850 0.176768 -0.029652
v -0.105408 0.176832 -0.029937
v -0.105763 0.176809 -0.029820
v -0.105602 0.176833 -0.029925
v -0.105353 0.177464 -0.029044
v -0.105192 0.177486 -0.029148
v -0.105545 0.177463 -0.029032
v -0.105106 0.177524 -0.029317
v -0.105718 0.177485 -0.029116
v -0.105118 0.177568 -0.029504
v -0.105825 0.177522 -0.029272
v -0.105224 0.177605 -0.029661
v -0.105836 0.177566 -0.029460
v -0.105397 0.177626 -0.029744
v -0.105750 0.177604 -0.029628
v -0.105590 0.177626 -0.029732
v -0.105347 0.178285 -0.028864
v -0.105187 0.178306 -0.028968
v -0.105538 0.178284 -0.028852
v -0.105101 0.178342 -0.029136
v -0.105710 0.178303 -0.028935
v -0.105113 0.178382 -0.029323
v -0.105816 0.178338 -0.029092
v -0.105219 0.178417 -0.029479
v -0.105827 0.178378 -0.029279
v -0.105391 0.178436 -0.029562
v -0.105742 0.178414 -0.029447
v -0.105582 0.178435 -0.029550
v -0.105342 0.179112 -0.028692
v -0.105183 0.179133 -0.028795
v -0.105532 0.179111 -0.028680
v -0.105098 0.179167 -0.028963
v -0.105703 0.179130 -0.028763
v -0.105110 0.179206 -0.029149
v -0.105808 0.179163 -0.028919
v -0.105215 0.179239 -0.029305
v -0.105820 0.179202 -0.029105
v -0.105386 0.179257 -0.029388
v -0.105735 0.179236 -0.029272
v -0.105576 0.179256 -0.029376
v -0.105336 0.179942 -0.028524
v -0.105178 0.179961 -0.028627
v -0.105525 0.179942 -0.028513
v -0.105094 0.179995 -0.028794
v -0.105695 0.179960 -0.028595
v -0.105105 0.180033 -0.028979
v -0.105800 0.179993 -0.028750
v -0.105210 0.180065 -0.029134
v -0.105812 0.180031 -0.028935
v -0.105380 0.180084 -0.029216
v -0.105727 0.180064 -0.029102
v -0.105569 0.180083 -0.029205
v -0.105326 0.180769 -0.028358
v -0.105169 0.180788 -0.028460
v -0.105515 0.180770 -0.028346
v -0.105085 0.180821 -0.028626
v -0.105683 0.180789 -0.028427
v -0.105097 0.180859 -0.028810
v -0.105787 0.180823 -0.028581
v -0.105201 0.180892 -0.028963
v -0.105799 0.180861 -0.028765
v -0.105370 0.180912 -0.029045
v -0.105715 0.180894 -0.028931
v -0.105558 0.180913 -0.029033
v -0.105310 0.181589 -0.028188
v -0.105154 0.181607 -0.028290
v -0.105497 0.181591 -0.028175
v -0.105070 0.181640 -0.028454
v -0.105665 0.181613 -0.028256
v -0.105082 0.181680 -0.028637
v -0.105768 0.181649 -0.028408
v -0.105185 0.181715 -0.028789
v -0.105780 0.181689 -0.028591
v -0.105353 0.181737 -0.028870
v -0.105696 0.181722 -0.028755
v -0.105540 0.181740 -0.028858
v -0.105284 0.182397 -0.028011
v -0.105129 0.182414 -0.028112
v -0.105470 0.182402 -0.027998
v -0.105046 0.182448 -0.028275
v -0.105637 0.182427 -0.028077
v -0.105057 0.182491 -0.028457
v -0.105740 0.182466 -0.028228
v -0.105160 0.182530 -0.028607
v -0.105751 0.182508 -0.028409
v -0.105327 0.182555 -0.028687
v -0.105668 0.182542 -0.028572
v -0.105513 0.182559 -0.028674
v -0.105247 0.183189 -0.027823
v -0.105092 0.183205 -0.027924
v -0.105431 0.183196 -0.027810
v -0.105010 0.183241 -0.028086
v -0.105597 0.183226 -0.027888
v -0.105021 0.183287 -0.028265
v -0.105699 0.183269 -0.028036
v -0.105123 0.183330 -0.028414
v -0.105710 0.183315 -0.028215
v -0.105288 0.183360 -0.028492
v -0.105627 0.183351 -0.028377
v -0.105473 0.183367 -0.028478
v -0.105041 0.183975 -0.027722
v -0.104958 0.184013 -0.027882
v -0.105194 0.183959 -0.027621
v -0.105377 0.183970 -0.027607
v -0.105542 0.184005 -0.027683
v -0.104969 0.184064 -0.028059
v -0.105642 0.184054 -0.027829
v -0.105070 0.184113 -0.028205
v -0.105653 0.184105 -0.028006
v -0.105234 0.184148 -0.028281
v -0.105417 0.184159 -0.028267
v -0.105571 0.184143 -0.028166
v -0.104972 0.184719 -0.027502
v -0.105124 0.184704 -0.027402
v -0.104890 0.184760 -0.027660
v -0.105306 0.184719 -0.027386
v -0.104900 0.184817 -0.027834
v -0.105469 0.184760 -0.027460
v -0.104999 0.184873 -0.027977
v -0.105568 0.184817 -0.027603
v -0.105162 0.184914 -0.028051
v -0.105578 0.184873 -0.027777
v -0.105343 0.184929 -0.028035
v -0.105496 0.184914 -0.027935
v -0.104172 0.084409 -0.058842
v -0.104165 0.084275 -0.058649
v -0.104065 0.084553 -0.058993
v -0.104582 0.088416 -0.056185
v -0.104390 0.086062 -0.057195
v -0.104163 0.086496 -0.057930
v -0.104711 0.092108 -0.055325
v -0.104656 0.091319 -0.055481
v -0.104591 0.092150 -0.055509
v -0.104387 0.088474 -0.056277
v -0.104541 0.091370 -0.055657
v -0.104634 0.091455 -0.056057
v -0.104371 0.088680 -0.056850
v -0.104533 0.091420 -0.055868
v -0.104266 0.088627 -0.056661
v -0.104693 0.093220 -0.055344
v -0.104582 0.092188 -0.055730
v -0.104047 0.084187 -0.058467
v -0.103873 0.084669 -0.059061
v -0.104166 0.086102 -0.057173
v -0.103969 0.086478 -0.057809
v -0.104272 0.088552 -0.056451
v -0.103848 0.084169 -0.058344
v -0.103647 0.084725 -0.059030
v -0.103972 0.086190 -0.057255
v -0.103858 0.086407 -0.057622
v -0.103859 0.086301 -0.057420
v -0.103546 0.082874 -0.060093
v -0.103531 0.082718 -0.059912
v -0.103445 0.083044 -0.060230
v -0.103623 0.084225 -0.058312
v -0.103449 0.084707 -0.058906
v -0.103406 0.082617 -0.059733
v -0.103256 0.083183 -0.060285
v -0.103431 0.084341 -0.058381
v -0.103330 0.084619 -0.058724
v -0.103203 0.082599 -0.059606
v -0.103030 0.083252 -0.060243
v -0.103324 0.084485 -0.058532
v -0.102838 0.081530 -0.061424
v -0.102742 0.081717 -0.061552
v -0.102976 0.082669 -0.059564
v -0.102827 0.083234 -0.060116
v -0.102818 0.081360 -0.061247
v -0.102555 0.081870 -0.061596
v -0.102788 0.082807 -0.059619
v -0.102701 0.083133 -0.059938
v -0.102687 0.081252 -0.061069
v -0.102687 0.082977 -0.059756
v -0.102327 0.081949 -0.061547
v -0.102480 0.081235 -0.060938
v -0.102120 0.081932 -0.061415
v -0.102252 0.081313 -0.060888
v -0.102072 0.080255 -0.062797
v -0.102051 0.080079 -0.062618
v -0.101975 0.080449 -0.062925
v -0.101988 0.081824 -0.061237
v -0.102065 0.081467 -0.060933
v -0.101917 0.079968 -0.062436
v -0.101786 0.080609 -0.062967
v -0.101968 0.081653 -0.061061
v -0.101555 0.080693 -0.062913
v -0.101706 0.079953 -0.062299
v -0.101344 0.080677 -0.062776
v -0.101475 0.080036 -0.062245
v -0.101209 0.080567 -0.062594
v -0.101270 0.078924 -0.064180
v -0.101252 0.078751 -0.063990
v -0.101167 0.079116 -0.064317
v -0.100970 0.079276 -0.064365
v -0.101285 0.080197 -0.062287
v -0.101188 0.080391 -0.062415
v -0.101118 0.078644 -0.063798
v -0.100733 0.079361 -0.064310
v -0.100904 0.078630 -0.063655
v -0.100519 0.079348 -0.064168
v -0.100666 0.078715 -0.063601
v -0.100385 0.079240 -0.063976
v -0.100470 0.078875 -0.063648
v -0.100452 0.077416 -0.065539
v -0.100442 0.077254 -0.065331
v -0.100338 0.077597 -0.065693
v -0.100367 0.079067 -0.063786
v -0.100131 0.077748 -0.065752
v -0.100310 0.077155 -0.065125
v -0.099885 0.077830 -0.065701
v -0.100093 0.077144 -0.064977
v -0.099668 0.077819 -0.065552
v -0.099848 0.077226 -0.064926
v -0.099639 0.075465 -0.066613
v -0.099512 0.075378 -0.066392
v -0.099639 0.075608 -0.066841
v -0.099512 0.075768 -0.067016
v -0.099292 0.075904 -0.067090
v -0.099640 0.077377 -0.064985
v -0.099526 0.077558 -0.065139
v -0.099536 0.077720 -0.065347
v -0.099037 0.075978 -0.067044
v -0.099291 0.075371 -0.066238
v -0.098816 0.075971 -0.066890
v -0.099036 0.075445 -0.066192
v -0.098853 0.073375 -0.068055
v -0.098862 0.073256 -0.067807
v -0.098712 0.073509 -0.068250
v -0.098816 0.075580 -0.066266
v -0.098688 0.075884 -0.066669
v -0.098738 0.073186 -0.067572
v -0.098478 0.073623 -0.068339
v -0.098688 0.075741 -0.066441
v -0.098514 0.073182 -0.067413
v -0.098214 0.073687 -0.068298
v -0.098250 0.073246 -0.067372
v -0.097989 0.073683 -0.068139
v -0.098112 0.070594 -0.069149
v -0.098130 0.070502 -0.068884
v -0.097960 0.070699 -0.069361
v -0.098016 0.073360 -0.067461
v -0.097865 0.073612 -0.067904
v -0.098009 0.070449 -0.068637
v -0.097714 0.070790 -0.069462
v -0.097875 0.073494 -0.067656
v -0.097780 0.070448 -0.068473
v -0.097441 0.070841 -0.069426
v -0.097507 0.070499 -0.068437
v -0.097212 0.070840 -0.069262
v -0.097439 0.067140 -0.070090
v -0.097463 0.067074 -0.069812
v -0.097278 0.067217 -0.070314
v -0.097343 0.067038 -0.069555
v -0.097261 0.070590 -0.068538
v -0.097022 0.067284 -0.070424
v -0.097091 0.070787 -0.069014
v -0.097109 0.070695 -0.068749
v -0.097110 0.067039 -0.069386
v -0.096740 0.067324 -0.070391
v -0.096828 0.067079 -0.069353
v -0.096508 0.067326 -0.070223
v -0.096572 0.067147 -0.069463
v -0.096387 0.067289 -0.069965
v -0.096411 0.067223 -0.069687
v -0.111958 0.199460 -0.031352
v -0.111926 0.198705 -0.031537
v -0.111990 0.199463 -0.031545
v -0.111857 0.198706 -0.031720
v -0.111921 0.199469 -0.031727
v -0.111895 0.198716 -0.031345
v -0.111811 0.197992 -0.031489
v -0.111742 0.197988 -0.031671
v -0.111707 0.198720 -0.031844
v -0.111771 0.199478 -0.031851
v -0.111834 0.199463 -0.031201
v -0.111773 0.198737 -0.031194
v -0.111783 0.198016 -0.031298
v -0.111592 0.198005 -0.031795
v -0.111652 0.199469 -0.031133
v -0.111655 0.197322 -0.031406
v -0.111585 0.197313 -0.031588
v -0.111663 0.198053 -0.031148
v -0.111629 0.197357 -0.031216
v -0.111592 0.198761 -0.031126
v -0.111516 0.198742 -0.031876
v -0.111578 0.199488 -0.031883
v -0.111436 0.197334 -0.031712
v -0.111403 0.198040 -0.031828
v -0.111469 0.196693 -0.031297
v -0.111397 0.196680 -0.031478
v -0.111513 0.197410 -0.031069
v -0.111445 0.196737 -0.031108
v -0.111485 0.198095 -0.031081
v -0.111459 0.199478 -0.031164
v -0.111249 0.196704 -0.031602
v -0.111249 0.197379 -0.031746
v -0.111401 0.198783 -0.031158
v -0.111335 0.198767 -0.031807
v -0.111396 0.199494 -0.031814
v -0.111333 0.196802 -0.030963
v -0.111338 0.197466 -0.031003
v -0.111224 0.198081 -0.031760
v -0.111262 0.196102 -0.031167
v -0.111188 0.196086 -0.031347
v -0.111241 0.196154 -0.030980
v -0.111064 0.196756 -0.031638
v -0.111295 0.198129 -0.031113
v -0.111309 0.199488 -0.031288
v -0.111041 0.196111 -0.031472
v -0.111074 0.197435 -0.031681
v -0.111251 0.198797 -0.031282
v -0.111213 0.198787 -0.031656
v -0.111272 0.199497 -0.031663
v -0.111161 0.196870 -0.030899
v -0.111132 0.196228 -0.030837
v -0.111151 0.197510 -0.031037
v -0.111105 0.198119 -0.031611
v -0.111146 0.198146 -0.031237
v -0.111240 0.199494 -0.031471
v -0.111044 0.195546 -0.031024
v -0.110970 0.195527 -0.031204
v -0.111026 0.195603 -0.030839
v -0.110859 0.196170 -0.031509
v -0.110893 0.196824 -0.031574
v -0.111182 0.198798 -0.031464
v -0.110958 0.197487 -0.031533
v -0.111076 0.198143 -0.031419
v -0.110823 0.195553 -0.031329
v -0.110963 0.196305 -0.030775
v -0.110919 0.195684 -0.030697
v -0.110977 0.196923 -0.030934
v -0.111002 0.197531 -0.031161
v -0.110932 0.197523 -0.031343
v -0.110780 0.196889 -0.031429
v -0.110826 0.195022 -0.030876
v -0.110751 0.195001 -0.031055
v -0.110642 0.195615 -0.031367
v -0.110690 0.196247 -0.031447
v -0.110809 0.195083 -0.030691
v -0.110829 0.196946 -0.031059
v -0.110604 0.195026 -0.031180
v -0.110781 0.196364 -0.030812
v -0.110753 0.195768 -0.030637
v -0.110757 0.196934 -0.031240
v -0.110704 0.195167 -0.030551
v -0.110581 0.196321 -0.031304
v -0.110476 0.195699 -0.031307
v -0.110618 0.194527 -0.030728
v -0.110543 0.194505 -0.030907
v -0.110424 0.195091 -0.031218
v -0.110634 0.196389 -0.030937
v -0.110601 0.194589 -0.030544
v -0.110572 0.195830 -0.030675
v -0.110560 0.196373 -0.031117
v -0.110395 0.194529 -0.031032
v -0.110539 0.195254 -0.030491
v -0.110496 0.194674 -0.030403
v -0.110369 0.195780 -0.031165
v -0.110259 0.195177 -0.031159
v -0.110425 0.195856 -0.030800
v -0.110429 0.194060 -0.030589
v -0.110353 0.194037 -0.030767
v -0.110412 0.194120 -0.030404
v -0.110214 0.194592 -0.031069
v -0.110204 0.194058 -0.030891
v -0.110359 0.195318 -0.030529
v -0.110332 0.194760 -0.030344
v -0.110351 0.195837 -0.030980
v -0.110305 0.194202 -0.030262
v -0.110154 0.195262 -0.031018
v -0.110269 0.193617 -0.030463
v -0.110193 0.193595 -0.030642
v -0.110049 0.194678 -0.031010
v -0.110212 0.195343 -0.030655
v -0.110250 0.193673 -0.030277
v -0.110022 0.194117 -0.030928
v -0.110042 0.193612 -0.030765
v -0.110151 0.194823 -0.030382
v -0.110137 0.195322 -0.030834
v -0.110139 0.194283 -0.030202
v -0.110140 0.193747 -0.030134
v -0.110145 0.193199 -0.030359
v -0.110070 0.193178 -0.030537
v -0.110124 0.193247 -0.030171
v -0.109944 0.194763 -0.030869
v -0.109917 0.193189 -0.030659
v -0.109857 0.193663 -0.030799
v -0.109855 0.194199 -0.030867
v -0.110003 0.194847 -0.030507
v -0.110063 0.192785 -0.030277
v -0.109988 0.192767 -0.030456
v -0.109971 0.193820 -0.030071
v -0.110011 0.193307 -0.030024
v -0.109957 0.194343 -0.030238
v -0.109927 0.194825 -0.030685
v -0.110039 0.192823 -0.030087
v -0.109865 0.191723 -0.030108
v -0.109792 0.191712 -0.030288
v -0.109924 0.192872 -0.029938
v -0.109841 0.191759 -0.029917
v -0.109835 0.192775 -0.030577
v -0.109837 0.193365 -0.029957
v -0.109729 0.193228 -0.030690
v -0.109687 0.193736 -0.030736
v -0.109749 0.194281 -0.030725
v -0.109808 0.194364 -0.030362
v -0.109640 0.191727 -0.030411
v -0.109786 0.193871 -0.030105
v -0.109732 0.194341 -0.030541
v -0.109726 0.191810 -0.029767
v -0.109747 0.192918 -0.029869
v -0.109645 0.192806 -0.030607
v -0.109573 0.190661 -0.029938
v -0.109500 0.190654 -0.030121
v -0.109550 0.190701 -0.029748
v -0.109451 0.191766 -0.030442
v -0.109648 0.193405 -0.029989
v -0.109555 0.193286 -0.030624
v -0.109578 0.193810 -0.030592
v -0.109635 0.193888 -0.030228
v -0.109351 0.190681 -0.030245
v -0.109550 0.191862 -0.029699
v -0.109557 0.192950 -0.029899
v -0.109559 0.193866 -0.030406
v -0.109437 0.190762 -0.029599
v -0.109469 0.192853 -0.030538
v -0.109442 0.193346 -0.030477
v -0.109166 0.190735 -0.030279
v -0.109275 0.191818 -0.030374
v -0.109496 0.193415 -0.030110
v -0.109195 0.189625 -0.029756
v -0.109123 0.189619 -0.029939
v -0.109420 0.193394 -0.030288
v -0.109174 0.189670 -0.029566
v -0.109361 0.191900 -0.029730
v -0.109264 0.190828 -0.029533
v -0.109404 0.192958 -0.030019
v -0.109353 0.192902 -0.030389
v -0.108976 0.189655 -0.030066
v -0.109159 0.191868 -0.030224
v -0.109065 0.189743 -0.029419
v -0.108993 0.190801 -0.030213
v -0.109330 0.192940 -0.030199
v -0.109209 0.191916 -0.029852
v -0.108795 0.189722 -0.030102
v -0.109079 0.190882 -0.029567
v -0.109135 0.191904 -0.030033
v -0.108897 0.189825 -0.029355
v -0.108880 0.190862 -0.030065
v -0.108929 0.190909 -0.029691
v -0.108738 0.188622 -0.029543
v -0.108665 0.188615 -0.029727
v -0.108720 0.188676 -0.029354
v -0.108627 0.189803 -0.030038
v -0.108857 0.190902 -0.029874
v -0.108520 0.188657 -0.029855
v -0.108344 0.188736 -0.029894
v -0.108617 0.188763 -0.029210
v -0.108518 0.189876 -0.029892
v -0.108716 0.189892 -0.029391
v -0.108570 0.189928 -0.029518
v -0.108456 0.188859 -0.029149
v -0.108497 0.189922 -0.029701
v -0.108182 0.188833 -0.029833
v -0.108206 0.187661 -0.029284
v -0.108131 0.187650 -0.029467
v -0.107527 0.186734 -0.029143
v -0.107988 0.187696 -0.029597
v -0.107385 0.186782 -0.029274
v -0.108195 0.187726 -0.029097
v -0.107607 0.186751 -0.028962
v -0.107817 0.187787 -0.029639
v -0.107220 0.186882 -0.029319
v -0.108099 0.187828 -0.028957
v -0.107604 0.186829 -0.028779
v -0.107945 0.187939 -0.028900
v -0.107518 0.186946 -0.028643
v -0.107663 0.187898 -0.029582
v -0.108079 0.188919 -0.029689
v -0.107568 0.187999 -0.029441
v -0.108279 0.188939 -0.029188
v -0.108062 0.188974 -0.029500
v -0.107556 0.188065 -0.029254
v -0.108135 0.188981 -0.029317
v -0.107774 0.188030 -0.028942
v -0.107632 0.188076 -0.029072
v -0.107373 0.187072 -0.028591
v -0.106946 0.185901 -0.028560
v -0.106860 0.185875 -0.028738
v -0.106953 0.185992 -0.028383
v -0.107075 0.187008 -0.029267
v -0.106989 0.187125 -0.029132
v -0.107207 0.187172 -0.028637
v -0.107066 0.187220 -0.028768
v -0.106717 0.185923 -0.028869
v -0.106557 0.186031 -0.028918
v -0.106879 0.186125 -0.028254
v -0.106744 0.186265 -0.028208
v -0.106986 0.187202 -0.028949
v -0.106422 0.186171 -0.028873
v -0.106584 0.186373 -0.028258
v -0.106348 0.186304 -0.028744
v -0.106356 0.186395 -0.028567
v -0.106442 0.186421 -0.028389
v -0.106229 0.185118 -0.028062
v -0.106134 0.185083 -0.028235
v -0.106249 0.185223 -0.027893
v -0.105358 0.184368 -0.027618
v -0.105211 0.184412 -0.027746
v -0.104387 0.183779 -0.026997
v -0.105463 0.184411 -0.027452
v -0.104538 0.183737 -0.026871
v -0.105990 0.185130 -0.028365
v -0.105061 0.184532 -0.027804
v -0.104240 0.183902 -0.027058
v -0.105497 0.184530 -0.027294
v -0.104654 0.183789 -0.026715
v -0.105836 0.185245 -0.028419
v -0.104948 0.184695 -0.027775
v -0.104139 0.184075 -0.027040
v -0.106189 0.185372 -0.027774
v -0.105452 0.184693 -0.027186
v -0.104704 0.183920 -0.026570
v -0.105711 0.185397 -0.028381
v -0.104902 0.184858 -0.027668
v -0.104108 0.184250 -0.026946
v -0.106064 0.185524 -0.027736
v -0.105339 0.184856 -0.027158
v -0.104674 0.184095 -0.026476
v -0.105910 0.185638 -0.027789
v -0.105189 0.184976 -0.027215
v -0.104572 0.184268 -0.026458
v -0.105671 0.185651 -0.028093
v -0.104937 0.184977 -0.027510
v -0.105041 0.185020 -0.027344
v -0.104274 0.184433 -0.026645
v -0.105651 0.185545 -0.028261
v -0.104158 0.184381 -0.026801
v -0.105766 0.185685 -0.027920
v -0.104425 0.184391 -0.026520
v -0.103809 0.183260 -0.025834
v -0.103681 0.183201 -0.025979
v -0.103874 0.183401 -0.025705
v -0.103858 0.183586 -0.025627
v -0.103767 0.183766 -0.025619
v -0.103525 0.183240 -0.026101
v -0.103382 0.183366 -0.026166
v -0.103624 0.183892 -0.025685
v -0.103467 0.183931 -0.025806
v -0.103290 0.183545 -0.026159
v -0.103339 0.183871 -0.025951
v -0.103274 0.183730 -0.026080
v -0.103006 0.182977 -0.024676
v -0.102926 0.182829 -0.024787
v -0.103007 0.183171 -0.024616
v -0.102788 0.182765 -0.024920
v -0.102929 0.183357 -0.024624
v -0.102629 0.182802 -0.025040
v -0.102791 0.183486 -0.024697
v -0.102491 0.182932 -0.025113
v -0.102632 0.183524 -0.024816
v -0.102412 0.183118 -0.025121
v -0.102494 0.183460 -0.024950
v -0.102413 0.183312 -0.025061
v -0.102552 0.182869 -0.024126
v -0.102459 0.182721 -0.024215
v -0.102573 0.183061 -0.024091
v -0.102318 0.182657 -0.024336
v -0.102514 0.183246 -0.024121
v -0.102166 0.182694 -0.024455
v -0.102393 0.183374 -0.024207
v -0.102045 0.182822 -0.024541
v -0.102241 0.183412 -0.024326
v -0.102066 0.182882 -0.023545
v -0.101962 0.182739 -0.023616
v -0.102103 0.183068 -0.023534
v -0.101820 0.182677 -0.023726
v -0.101986 0.183008 -0.024570
v -0.102064 0.183248 -0.023584
v -0.102100 0.183348 -0.024446
v -0.102006 0.183200 -0.024536
v -0.101959 0.183372 -0.023682
v -0.101677 0.182713 -0.023847
v -0.101572 0.182837 -0.023945
v -0.101816 0.183408 -0.023803
v -0.101444 0.182866 -0.023000
v -0.101303 0.182807 -0.023102
v -0.101533 0.183017 -0.023996
v -0.101555 0.183002 -0.022943
v -0.101570 0.183203 -0.023984
v -0.101604 0.183180 -0.022948
v -0.101674 0.183346 -0.023914
v -0.101579 0.183351 -0.023012
v -0.101487 0.183469 -0.023119
v -0.101168 0.182841 -0.023223
v -0.101352 0.183503 -0.023240
v -0.101076 0.182959 -0.023330
v -0.101211 0.183444 -0.023342
v -0.101021 0.183213 -0.022320
v -0.101078 0.183381 -0.022336
v -0.101051 0.183130 -0.023394
v -0.100908 0.183084 -0.022366
v -0.101101 0.183308 -0.023399
v -0.101063 0.183543 -0.022409
v -0.100981 0.183655 -0.022521
v -0.100768 0.183028 -0.022462
v -0.100853 0.183687 -0.022640
v -0.100640 0.183060 -0.022581
v -0.100713 0.183631 -0.022736
v -0.100557 0.183172 -0.022693
v -0.100600 0.183502 -0.022782
v -0.100543 0.183334 -0.022766
v -0.100527 0.183658 -0.021698
v -0.100466 0.183499 -0.021675
v -0.100520 0.183812 -0.021777
v -0.100352 0.183377 -0.021714
v -0.100444 0.183917 -0.021890
v -0.100215 0.183323 -0.021804
v -0.100322 0.183948 -0.022007
v -0.100093 0.183354 -0.021922
v -0.100185 0.183895 -0.022097
v -0.100017 0.183460 -0.022035
v -0.100009 0.183613 -0.022113
v -0.100071 0.183772 -0.022136
v -0.099777 0.183729 -0.021043
v -0.099644 0.183679 -0.021129
v -0.099891 0.183846 -0.021009
v -0.099954 0.183997 -0.021036
v -0.099950 0.184142 -0.021117
v -0.099881 0.184243 -0.021229
v -0.099764 0.184272 -0.021343
v -0.099527 0.183708 -0.021243
v -0.099630 0.184221 -0.021429
v -0.099457 0.183808 -0.021355
v -0.099517 0.184104 -0.021463
v -0.099454 0.183953 -0.021436
v -0.099360 0.184383 -0.020351
v -0.099296 0.184239 -0.020322
v -0.099359 0.184521 -0.020431
v -0.099185 0.184127 -0.020353
v -0.099293 0.184617 -0.020541
v -0.099056 0.184079 -0.020434
v -0.099181 0.184644 -0.020652
v -0.098944 0.184107 -0.020545
v -0.099052 0.184596 -0.020733
v -0.098878 0.184202 -0.020655
v -0.098941 0.184485 -0.020764
v -0.098877 0.184341 -0.020735
v -0.098747 0.184801 -0.019644
v -0.098685 0.184663 -0.019615
v -0.098747 0.184933 -0.019722
v -0.098577 0.184557 -0.019643
v -0.098685 0.185025 -0.019829
v -0.098453 0.184511 -0.019721
v -0.098577 0.185051 -0.019935
v -0.098345 0.184537 -0.019827
v -0.098452 0.185005 -0.020013
v -0.098282 0.184629 -0.019934
v -0.098344 0.184899 -0.020041
v -0.098282 0.184761 -0.020012
v -0.098118 0.185238 -0.018915
v -0.098058 0.185105 -0.018887
v -0.098118 0.185365 -0.018990
v -0.097955 0.185003 -0.018914
v -0.098058 0.185453 -0.019092
v -0.097835 0.184959 -0.018989
v -0.097954 0.185479 -0.019195
v -0.097731 0.184984 -0.019091
v -0.097834 0.185434 -0.019269
v -0.097671 0.185073 -0.019193
v -0.097730 0.185332 -0.019296
v -0.097671 0.185200 -0.019269
v -0.097474 0.185679 -0.018166
v -0.097418 0.185551 -0.018140
v -0.097473 0.185802 -0.018237
v -0.097319 0.185453 -0.018167
v -0.097415 0.185887 -0.018334
v -0.097204 0.185410 -0.018239
v -0.097315 0.185911 -0.018432
v -0.097104 0.185435 -0.018336
v -0.097200 0.185869 -0.018504
v -0.097046 0.185520 -0.018434
v -0.097101 0.185770 -0.018530
v -0.097045 0.185643 -0.018505
v -0.096818 0.186110 -0.017398
v -0.096766 0.185986 -0.017375
v -0.096815 0.186228 -0.017464
v -0.096672 0.185892 -0.017402
v -0.096758 0.186311 -0.017555
v -0.096563 0.185851 -0.017471
v -0.096662 0.186335 -0.017648
v -0.096467 0.185875 -0.017564
v -0.096552 0.186294 -0.017717
v -0.096409 0.185957 -0.017656
v -0.096459 0.186199 -0.017744
v -0.096407 0.186076 -0.017722
v -0.096104 0.186397 -0.016593
v -0.096016 0.186305 -0.016621
v -0.096152 0.186516 -0.016612
v -0.096147 0.186631 -0.016672
v -0.096090 0.186711 -0.016757
v -0.095912 0.186266 -0.016688
v -0.095997 0.186734 -0.016845
v -0.095820 0.186289 -0.016775
v -0.095893 0.186695 -0.016912
v -0.095763 0.186369 -0.016861
v -0.095806 0.186603 -0.016939
v -0.095758 0.186484 -0.016921
v -0.119080 0.452386 -0.013802
v -0.119357 0.452868 -0.014214
v -0.119091 0.452383 -0.013800
v -0.119070 0.452393 -0.013799
v -0.119101 0.452383 -0.013793
v -0.119065 0.452401 -0.013792
v -0.119107 0.452387 -0.013783
v -0.119065 0.452408 -0.013782
v -0.119108 0.452394 -0.013773
v -0.119071 0.452413 -0.013772
v -0.119102 0.452402 -0.013765
v -0.119081 0.452413 -0.013765
v -0.119092 0.452409 -0.013762
v -0.118780 0.451675 -0.013412
v -0.118763 0.451684 -0.013406
v -0.118799 0.451669 -0.013408
v -0.118753 0.451695 -0.013392
v -0.118815 0.451669 -0.013396
v -0.118753 0.451704 -0.013374
v -0.118824 0.451674 -0.013379
v -0.118762 0.451709 -0.013356
v -0.118824 0.451683 -0.013361
v -0.118778 0.451709 -0.013344
v -0.118814 0.451694 -0.013347
v -0.118797 0.451703 -0.013341
v -0.118463 0.450773 -0.013049
v -0.118439 0.450784 -0.013040
v -0.118489 0.450766 -0.013044
v -0.118424 0.450797 -0.013020
v -0.118512 0.450765 -0.013027
v -0.118422 0.450807 -0.012993
v -0.118524 0.450770 -0.013002
v -0.118434 0.450813 -0.012969
v -0.118522 0.450781 -0.012976
v -0.118456 0.450812 -0.012952
v -0.118507 0.450793 -0.012956
v -0.118483 0.450805 -0.012947
v -0.118199 0.449717 -0.012688
v -0.118170 0.449719 -0.012710
v -0.118213 0.449723 -0.012656
v -0.118211 0.449734 -0.012622
v -0.118191 0.449748 -0.012595
v -0.118136 0.449728 -0.012716
v -0.118104 0.449741 -0.012704
v -0.118159 0.449761 -0.012583
v -0.118125 0.449770 -0.012589
v -0.118084 0.449755 -0.012677
v -0.118082 0.449766 -0.012643
v -0.118096 0.449771 -0.012611
v -0.117884 0.448573 -0.012381
v -0.117850 0.448575 -0.012408
v -0.117902 0.448578 -0.012341
v -0.117898 0.448590 -0.012299
v -0.117873 0.448605 -0.012266
v -0.117807 0.448585 -0.012415
v -0.117769 0.448600 -0.012400
v -0.117835 0.448620 -0.012251
v -0.117792 0.448630 -0.012257
v -0.117744 0.448615 -0.012367
v -0.117758 0.448633 -0.012284
v -0.117740 0.448627 -0.012324
v -0.117577 0.447379 -0.012107
v -0.117537 0.447382 -0.012139
v -0.117598 0.447384 -0.012060
v -0.117593 0.447396 -0.012010
v -0.117563 0.447413 -0.011971
v -0.117487 0.447393 -0.012147
v -0.117517 0.447429 -0.011952
v -0.117441 0.447409 -0.012129
v -0.117467 0.447440 -0.011960
v -0.117411 0.447426 -0.012090
v -0.117406 0.447438 -0.012040
v -0.117427 0.447444 -0.011992
v -0.117239 0.446186 -0.011907
v -0.117182 0.446199 -0.011916
v -0.117286 0.446182 -0.011870
v -0.117310 0.446187 -0.011815
v -0.117303 0.446200 -0.011757
v -0.117269 0.446217 -0.011711
v -0.117216 0.446234 -0.011690
v -0.117128 0.446216 -0.011895
v -0.117094 0.446234 -0.011849
v -0.117088 0.446246 -0.011791
v -0.117111 0.446251 -0.011736
v -0.117158 0.446247 -0.011699
v -0.117020 0.445030 -0.011670
v -0.116967 0.445035 -0.011712
v -0.117046 0.445034 -0.011608
v -0.117038 0.445047 -0.011542
v -0.116999 0.445065 -0.011490
v -0.116901 0.445049 -0.011723
v -0.116841 0.445067 -0.011698
v -0.116939 0.445084 -0.011466
v -0.116801 0.445086 -0.011646
v -0.116873 0.445098 -0.011476
v -0.116820 0.445103 -0.011518
v -0.116794 0.445099 -0.011580
v -0.116815 0.443973 -0.011441
v -0.116786 0.443969 -0.011511
v -0.116806 0.443986 -0.011367
v -0.116727 0.443976 -0.011558
v -0.116762 0.444005 -0.011309
v -0.116654 0.443991 -0.011569
v -0.116694 0.444024 -0.011281
v -0.116586 0.444010 -0.011542
v -0.116541 0.444029 -0.011484
v -0.116621 0.444039 -0.011293
v -0.116594 0.443048 -0.011394
v -0.116529 0.443056 -0.011445
v -0.116626 0.443051 -0.011316
v -0.116615 0.443063 -0.011234
v -0.116566 0.443082 -0.011169
v -0.116533 0.444042 -0.011410
v -0.116562 0.444046 -0.011340
v -0.116447 0.443072 -0.011458
v -0.116491 0.443102 -0.011139
v -0.116372 0.443092 -0.011428
v -0.116486 0.442316 -0.011236
v -0.116452 0.442315 -0.011321
v -0.116474 0.442327 -0.011146
v -0.116410 0.443118 -0.011152
v -0.116381 0.442324 -0.011377
v -0.116420 0.442344 -0.011074
v -0.116323 0.443111 -0.011363
v -0.116344 0.443126 -0.011204
v -0.116292 0.442341 -0.011391
v -0.116313 0.443123 -0.011281
v -0.116368 0.441813 -0.011294
v -0.116291 0.441824 -0.011355
v -0.116405 0.441813 -0.011201
v -0.116392 0.441822 -0.011103
v -0.116209 0.442360 -0.011358
v -0.116337 0.442364 -0.011041
v -0.115981 0.439734 -0.011166
v -0.115896 0.439746 -0.011234
v -0.116023 0.439736 -0.011064
v -0.116332 0.441839 -0.011025
v -0.116009 0.439750 -0.010955
v -0.116194 0.441842 -0.011370
v -0.116154 0.442378 -0.011286
v -0.116248 0.442381 -0.011055
v -0.116241 0.441859 -0.010989
v -0.115943 0.439772 -0.010869
v -0.116142 0.442389 -0.011196
v -0.116177 0.442390 -0.011111
v -0.115789 0.439767 -0.011251
v -0.116103 0.441862 -0.011334
v -0.116145 0.441877 -0.011004
v -0.115844 0.439797 -0.010829
v -0.115689 0.439792 -0.011211
v -0.116044 0.441879 -0.011256
v -0.116067 0.441887 -0.011066
v -0.115737 0.439819 -0.010846
v -0.116030 0.441888 -0.011158
v -0.115623 0.439815 -0.011125
v -0.115609 0.439829 -0.011016
v -0.115651 0.439830 -0.010914
v -0.115567 0.437697 -0.010795
v -0.115520 0.437691 -0.010906
v -0.115553 0.437720 -0.010676
v -0.115426 0.437702 -0.010981
v -0.115483 0.437753 -0.010583
v -0.115309 0.437729 -0.011000
v -0.115375 0.437788 -0.010540
v -0.115201 0.437763 -0.010957
v -0.115259 0.437815 -0.010559
v -0.115131 0.437797 -0.010864
v -0.115164 0.437826 -0.010634
v -0.115117 0.437820 -0.010745
v -0.115039 0.435702 -0.010402
v -0.114986 0.435690 -0.010523
v -0.115026 0.435735 -0.010275
v -0.114883 0.435701 -0.010604
v -0.114952 0.435780 -0.010175
v -0.114757 0.435734 -0.010625
v -0.114837 0.435824 -0.010129
v -0.114642 0.435779 -0.010580
v -0.114710 0.435857 -0.010150
v -0.114568 0.435823 -0.010480
v -0.114607 0.435869 -0.010232
v -0.114555 0.435856 -0.010353
v -0.114440 0.433750 -0.009894
v -0.114382 0.433732 -0.010023
v -0.114429 0.433793 -0.009758
v -0.114270 0.433744 -0.010111
v -0.114352 0.433851 -0.009653
v -0.114135 0.433783 -0.010135
v -0.114229 0.433906 -0.009605
v -0.114012 0.433838 -0.010088
v -0.114094 0.433945 -0.009629
v -0.113935 0.433896 -0.009982
v -0.113982 0.433957 -0.009717
v -0.113924 0.433939 -0.009846
v -0.113773 0.431842 -0.009278
v -0.113709 0.431818 -0.009416
v -0.113764 0.431896 -0.009135
v -0.113588 0.431830 -0.009511
v -0.113684 0.431967 -0.009024
v -0.113444 0.431876 -0.009537
v -0.113554 0.432034 -0.008975
v -0.113314 0.431943 -0.009489
v -0.113410 0.432079 -0.009002
v -0.113234 0.432013 -0.009378
v -0.113290 0.432092 -0.009097
v -0.113225 0.432068 -0.009234
v -0.113038 0.429979 -0.008563
v -0.112967 0.429948 -0.008709
v -0.113031 0.430044 -0.008413
v -0.112838 0.429962 -0.008810
v -0.112949 0.430128 -0.008297
v -0.112685 0.430015 -0.008840
v -0.112813 0.430206 -0.008248
v -0.112550 0.430094 -0.008791
v -0.112660 0.430259 -0.008278
v -0.112467 0.430177 -0.008675
v -0.112531 0.430273 -0.008379
v -0.112461 0.430243 -0.008525
v -0.112236 0.428160 -0.007757
v -0.112159 0.428124 -0.007910
v -0.112232 0.428237 -0.007599
v -0.112022 0.428138 -0.008018
v -0.112148 0.428334 -0.007479
v -0.111861 0.428199 -0.008052
v -0.112007 0.428425 -0.007430
v -0.111719 0.428290 -0.008002
v -0.111846 0.428485 -0.007464
v -0.111635 0.428387 -0.007883
v -0.111708 0.428500 -0.007572
v -0.111631 0.428463 -0.007725
v -0.111370 0.426386 -0.006866
v -0.111287 0.426344 -0.007027
v -0.111369 0.426474 -0.006702
v -0.111141 0.426360 -0.007142
v -0.111284 0.426585 -0.006579
v -0.110972 0.426428 -0.007180
v -0.111137 0.426688 -0.006530
v -0.110825 0.426532 -0.007131
v -0.110968 0.426757 -0.006568
v -0.110740 0.426642 -0.007008
v -0.110822 0.426772 -0.006683
v -0.110739 0.426730 -0.006844
v -0.110441 0.424658 -0.005901
v -0.110350 0.424611 -0.006069
v -0.110443 0.424757 -0.005730
v -0.110197 0.424628 -0.006191
v -0.110356 0.424882 -0.005604
v -0.110020 0.424704 -0.006234
v -0.110205 0.424998 -0.005556
v -0.109868 0.424821 -0.006186
v -0.110028 0.425075 -0.005598
v -0.109782 0.424945 -0.006059
v -0.109874 0.425092 -0.005720
v -0.109784 0.425044 -0.005889
v -0.109449 0.422976 -0.004868
v -0.109352 0.422923 -0.005044
v -0.109454 0.423086 -0.004691
v -0.109191 0.422942 -0.005173
v -0.109368 0.423224 -0.004562
v -0.109007 0.423027 -0.005221
v -0.109211 0.423353 -0.004515
v -0.108851 0.423156 -0.005174
v -0.109028 0.423438 -0.004563
v -0.108764 0.423294 -0.005045
v -0.108866 0.423457 -0.004692
v -0.108769 0.423404 -0.004868
v -0.108397 0.421340 -0.003775
v -0.108294 0.421282 -0.003959
v -0.108406 0.421461 -0.003593
v -0.108124 0.421303 -0.004096
v -0.108319 0.421612 -0.003462
v -0.108158 0.421754 -0.003416
v -0.107934 0.421397 -0.004149
v -0.107773 0.421539 -0.004103
v -0.107968 0.421848 -0.003469
v -0.107686 0.421690 -0.003972
v -0.107798 0.421869 -0.003606
v -0.107002 0.419716 -0.002971
v -0.107178 0.419691 -0.002825
v -0.106806 0.419819 -0.003029
v -0.107286 0.419751 -0.002632
v -0.107297 0.419880 -0.002442
v -0.107208 0.420043 -0.002307
v -0.107043 0.420197 -0.002263
v -0.106847 0.420300 -0.002321
v -0.107695 0.421811 -0.003790
v -0.106641 0.419972 -0.002985
v -0.106552 0.420135 -0.002850
v -0.106563 0.420264 -0.002660
v -0.106671 0.420324 -0.002467
v -0.106543 0.418866 -0.002226
v -0.106374 0.418896 -0.002373
v -0.106645 0.418920 -0.002031
v -0.106653 0.419044 -0.001842
v -0.106565 0.419204 -0.001709
v -0.106183 0.419002 -0.002434
v -0.106405 0.419358 -0.001667
v -0.105201 0.417464 -0.001459
v -0.105934 0.418111 -0.001724
v -0.105354 0.417421 -0.001307
v -0.104661 0.416843 -0.001120
v -0.106029 0.418157 -0.001527
v -0.105441 0.417458 -0.001109
v -0.104805 0.416794 -0.000966
v -0.105024 0.417577 -0.001525
v -0.105773 0.418148 -0.001874
v -0.104490 0.416959 -0.001186
v -0.106033 0.418273 -0.001337
v -0.105440 0.417567 -0.000918
v -0.104885 0.416825 -0.000767
v -0.105590 0.418257 -0.001937
v -0.104870 0.417729 -0.001486
v -0.104340 0.417110 -0.001149
v -0.105944 0.418428 -0.001204
v -0.105351 0.417718 -0.000786
v -0.104880 0.416926 -0.000577
v -0.105787 0.418581 -0.001164
v -0.105197 0.417870 -0.000747
v -0.104790 0.417073 -0.000445
v -0.105603 0.418691 -0.001227
v -0.105020 0.417983 -0.000812
v -0.104639 0.417224 -0.000407
v -0.105442 0.418728 -0.001377
v -0.104868 0.418026 -0.000964
v -0.104469 0.417340 -0.000474
v -0.105432 0.418410 -0.001897
v -0.105344 0.418566 -0.001764
v -0.106023 0.419156 -0.002393
v -0.104781 0.417879 -0.001353
v -0.105347 0.418682 -0.001574
v -0.105935 0.419317 -0.002259
v -0.104780 0.417988 -0.001162
v -0.106215 0.419464 -0.001728
v -0.105943 0.419440 -0.002070
v -0.106046 0.419494 -0.001875
v -0.104292 0.416230 -0.000691
v -0.104156 0.416285 -0.000845
v -0.104366 0.416254 -0.000492
v -0.103992 0.416404 -0.000913
v -0.104356 0.416349 -0.000302
v -0.104265 0.416491 -0.000171
v -0.104118 0.416641 -0.000135
v -0.104250 0.417257 -0.001017
v -0.104244 0.417359 -0.000826
v -0.104325 0.417389 -0.000627
v -0.103845 0.416554 -0.000877
v -0.103954 0.416759 -0.000203
v -0.103886 0.415745 -0.000274
v -0.103819 0.415728 -0.000473
v -0.103872 0.415834 -0.000085
v -0.103755 0.416696 -0.000746
v -0.103818 0.416814 -0.000357
v -0.103690 0.415787 -0.000627
v -0.103781 0.415972 0.000045
v -0.103744 0.416791 -0.000555
v -0.103532 0.415908 -0.000695
v -0.103638 0.416121 0.000080
v -0.103389 0.416057 -0.000660
v -0.103480 0.416242 0.000012
v -0.103450 0.415297 -0.000104
v -0.103389 0.415285 -0.000301
v -0.103433 0.415382 0.000084
v -0.103298 0.416195 -0.000530
v -0.103266 0.415349 -0.000454
v -0.103350 0.416301 -0.000142
v -0.103342 0.415516 0.000213
v -0.103284 0.416284 -0.000341
v -0.103115 0.415471 -0.000523
v -0.103202 0.415663 0.000247
v -0.102974 0.415618 -0.000488
v -0.103063 0.414910 0.000029
v -0.103007 0.414901 -0.000166
v -0.103044 0.414990 0.000215
v -0.103050 0.415785 0.000178
v -0.102889 0.414967 -0.000318
v -0.102883 0.415752 -0.000360
v -0.102953 0.415121 0.000342
v -0.102927 0.415849 0.000025
v -0.102742 0.415089 -0.000386
v -0.102866 0.415837 -0.000172
v -0.102816 0.415267 0.000375
v -0.102604 0.415236 -0.000353
v -0.102729 0.414582 0.000134
v -0.102674 0.414575 -0.000058
v -0.102709 0.414660 0.000317
v -0.102669 0.415389 0.000307
v -0.102560 0.414641 -0.000208
v -0.102619 0.414788 0.000442
v -0.102514 0.415366 -0.000226
v -0.102551 0.415455 0.000155
v -0.102416 0.414762 -0.000276
v -0.102494 0.415447 -0.000040
v -0.102485 0.414933 0.000475
v -0.102396 0.414304 0.000032
v -0.102282 0.414367 -0.000115
v -0.102452 0.414313 0.000221
v -0.102434 0.414391 0.000400
v -0.102282 0.414907 -0.000243
v -0.102341 0.415054 0.000407
v -0.102347 0.414519 0.000522
v -0.102192 0.415035 -0.000118
v -0.102139 0.414485 -0.000181
v -0.102226 0.415120 0.000257
v -0.102176 0.414087 0.000115
v -0.102239 0.414104 0.000297
v -0.102215 0.414661 0.000555
v -0.102172 0.415113 0.000065
v -0.102055 0.414141 -0.000027
v -0.102227 0.414189 0.000471
v -0.102007 0.414627 -0.000149
v -0.102145 0.414317 0.000589
v -0.102072 0.414779 0.000488
v -0.101910 0.414252 -0.000090
v -0.101920 0.414755 -0.000027
v -0.102011 0.413917 0.000202
v -0.101881 0.413957 0.000070
v -0.102088 0.413950 0.000373
v -0.102090 0.414047 0.000537
v -0.102014 0.414456 0.000622
v -0.102017 0.414182 0.000649
v -0.101779 0.414391 -0.000058
v -0.101902 0.414833 0.000153
v -0.101958 0.414842 0.000341
v -0.101403 0.413236 0.000688
v -0.101259 0.413267 0.000560
v -0.101497 0.413286 0.000852
v -0.101514 0.413401 0.001008
v -0.101731 0.414059 0.000012
v -0.101889 0.414319 0.000681
v -0.101450 0.413552 0.001115
v -0.101869 0.414567 0.000558
v -0.101697 0.414519 0.000061
v -0.101749 0.414621 0.000417
v -0.101603 0.414196 0.000043
v -0.101686 0.414604 0.000235
v -0.101102 0.413368 0.000502
v -0.101739 0.414420 0.000623
v -0.101323 0.413697 0.001144
v -0.101530 0.414331 0.000156
v -0.100975 0.413513 0.000531
v -0.101609 0.414460 0.000490
v -0.101167 0.413798 0.001086
v -0.101532 0.414427 0.000319
v -0.100912 0.413664 0.000638
v -0.101022 0.413828 0.000958
v -0.100929 0.413779 0.000794
v -0.100922 0.412701 0.001415
v -0.100952 0.412832 0.001564
v -0.100816 0.412640 0.001256
v -0.100898 0.412997 0.001663
v -0.100663 0.412665 0.001130
v -0.100774 0.413152 0.001686
v -0.100502 0.412769 0.001071
v -0.100613 0.413256 0.001627
v -0.100378 0.412925 0.001094
v -0.100459 0.413281 0.001501
v -0.100369 0.412183 0.002034
v -0.100408 0.412325 0.002177
v -0.100323 0.413090 0.001194
v -0.100252 0.412114 0.001880
v -0.100360 0.412502 0.002271
v -0.100353 0.413220 0.001343
v -0.100090 0.412135 0.001756
v -0.100238 0.412665 0.002289
v -0.099926 0.412242 0.001695
v -0.099832 0.411713 0.002689
v -0.099708 0.411638 0.002537
v -0.099878 0.411864 0.002829
v -0.099834 0.412049 0.002919
v -0.099803 0.412406 0.001714
v -0.099755 0.412582 0.001807
v -0.099795 0.412724 0.001950
v -0.099911 0.412794 0.002104
v -0.100073 0.412772 0.002229
v -0.099539 0.411657 0.002413
v -0.099711 0.412219 0.002935
v -0.099371 0.411767 0.002351
v -0.099543 0.412328 0.002872
v -0.099248 0.411937 0.002367
v -0.099374 0.412348 0.002749
v -0.099310 0.411271 0.003358
v -0.099359 0.411427 0.003498
v -0.099180 0.411192 0.003205
v -0.099315 0.411618 0.003588
v -0.099203 0.412122 0.002457
v -0.099250 0.412272 0.002596
v -0.099006 0.411211 0.003079
v -0.099191 0.411793 0.003603
v -0.098833 0.411323 0.003016
v -0.099018 0.411905 0.003539
v -0.098709 0.411498 0.003031
v -0.098844 0.411924 0.003414
v -0.098797 0.410837 0.004019
v -0.098847 0.410995 0.004164
v -0.098666 0.410757 0.003861
v -0.098801 0.411189 0.004258
v -0.098665 0.411689 0.003121
v -0.098714 0.411845 0.003261
v -0.098488 0.410777 0.003732
v -0.098672 0.411368 0.004275
v -0.098311 0.410891 0.003667
v -0.098495 0.411482 0.004210
v -0.098293 0.410392 0.004652
v -0.098163 0.410314 0.004484
v -0.098338 0.410549 0.004807
v -0.098286 0.410744 0.004909
v -0.098183 0.411069 0.003684
v -0.098317 0.411502 0.004081
v -0.098137 0.411264 0.003778
v -0.098186 0.411422 0.003923
v -0.097983 0.410336 0.004350
v -0.098151 0.410923 0.004929
v -0.097802 0.410453 0.004284
v -0.097969 0.411040 0.004864
v -0.097792 0.409918 0.005235
v -0.097828 0.410069 0.005404
v -0.097667 0.410633 0.004305
v -0.097790 0.411062 0.004730
v -0.097668 0.409846 0.005054
v -0.097767 0.410260 0.005519
v -0.097615 0.410827 0.004407
v -0.097660 0.410984 0.004562
v -0.097489 0.409872 0.004912
v -0.097623 0.410438 0.005546
v -0.097302 0.409991 0.004846
v -0.097437 0.410557 0.005480
v -0.097293 0.409395 0.005748
v -0.097315 0.409535 0.005936
v -0.097178 0.409334 0.005551
v -0.097159 0.410169 0.004873
v -0.097257 0.410584 0.005338
v -0.097239 0.409716 0.006066
v -0.097002 0.409368 0.005399
v -0.097097 0.410360 0.004988
v -0.097133 0.410512 0.005157
v -0.097084 0.409890 0.006102
v -0.096810 0.409489 0.005332
v -0.096893 0.410010 0.006036
v -0.096792 0.408806 0.006171
v -0.096795 0.408926 0.006379
v -0.096691 0.408762 0.005957
v -0.096655 0.409663 0.005369
v -0.096716 0.410044 0.005884
v -0.096699 0.409091 0.006526
v -0.096519 0.408807 0.005795
v -0.096579 0.409844 0.005499
v -0.096601 0.409983 0.005687
v -0.096530 0.409257 0.006572
v -0.096322 0.408929 0.005727
v -0.096334 0.409378 0.006505
v -0.096284 0.408131 0.006486
v -0.096199 0.408111 0.006256
v -0.096264 0.408224 0.006713
v -0.096153 0.409094 0.005773
v -0.096034 0.408170 0.006084
v -0.096146 0.408366 0.006875
v -0.096162 0.409423 0.006343
v -0.096058 0.409259 0.005920
v -0.096061 0.409380 0.006129
v -0.095832 0.408292 0.006016
v -0.095962 0.408519 0.006929
v -0.095759 0.408641 0.006862
v -0.095647 0.408445 0.006071
v -0.095768 0.407354 0.006672
v -0.095697 0.407356 0.006431
v -0.095729 0.407421 0.006910
v -0.095534 0.407425 0.006254
v -0.095589 0.407537 0.007083
v -0.095529 0.408587 0.006233
v -0.095594 0.408700 0.006690
v -0.095510 0.408680 0.006460
v -0.095323 0.407543 0.006186
v -0.095387 0.407672 0.007144
v -0.095121 0.407679 0.006247
v -0.094874 0.405747 0.006856
v -0.094807 0.405758 0.006612
v -0.095177 0.407791 0.007077
v -0.094824 0.405795 0.007100
v -0.094640 0.405823 0.006434
v -0.094982 0.407795 0.006420
v -0.094669 0.405887 0.007277
v -0.095014 0.407860 0.006899
v -0.094418 0.405926 0.006368
v -0.094942 0.407861 0.006659
v -0.094452 0.406000 0.007342
v -0.094201 0.406039 0.006432
v -0.094231 0.406103 0.007276
v -0.094047 0.406131 0.006610
v -0.094064 0.406168 0.007097
v -0.093997 0.406179 0.006854
v -0.094151 0.404047 0.006980
v -0.094084 0.404059 0.006734
v -0.094094 0.404081 0.007226
v -0.093911 0.404114 0.006554
v -0.093929 0.404154 0.007407
v -0.093679 0.404198 0.006489
v -0.093700 0.404244 0.007474
v -0.093450 0.404288 0.006556
v -0.093468 0.404328 0.007409
v -0.093285 0.404360 0.006737
v -0.093502 0.402273 0.006798
v -0.093569 0.402259 0.007046
v -0.093325 0.402320 0.006617
v -0.093508 0.402282 0.007295
v -0.093228 0.404395 0.006984
v -0.093295 0.404383 0.007230
v -0.093335 0.402336 0.007478
v -0.093085 0.402388 0.006552
v -0.093097 0.402406 0.007546
v -0.092847 0.402459 0.006620
v -0.093035 0.400415 0.006807
v -0.093102 0.400398 0.007057
v -0.092855 0.400457 0.006625
v -0.093038 0.400411 0.007309
v -0.092674 0.402513 0.006804
v -0.092857 0.402474 0.007481
v -0.092610 0.400513 0.006559
v -0.092859 0.400450 0.007494
v -0.092613 0.402536 0.007053
v -0.092680 0.402522 0.007301
v -0.092658 0.398502 0.006765
v -0.092725 0.398481 0.007017
v -0.092366 0.400568 0.006628
v -0.092615 0.400504 0.007562
v -0.092476 0.398541 0.006581
v -0.092658 0.398485 0.007270
v -0.092227 0.398588 0.006515
v -0.092476 0.398511 0.007457
v -0.092188 0.400606 0.006813
v -0.092370 0.400560 0.007497
v -0.092412 0.396524 0.006929
v -0.092345 0.396549 0.006674
v -0.092123 0.400619 0.007065
v -0.092190 0.400602 0.007315
v -0.092344 0.396520 0.007184
v -0.092161 0.396587 0.006489
v -0.091978 0.398630 0.006584
v -0.092227 0.398554 0.007526
v -0.092137 0.394543 0.006795
v -0.092070 0.394572 0.006538
v -0.092158 0.396538 0.007371
v -0.091910 0.396629 0.006422
v -0.092067 0.394532 0.007051
v -0.091885 0.394612 0.006352
v -0.091796 0.398657 0.006770
v -0.091978 0.398601 0.007460
v -0.091906 0.396572 0.007440
v -0.091657 0.396663 0.006491
v -0.091873 0.392554 0.006618
v -0.091806 0.392588 0.006361
v -0.091879 0.394544 0.007240
v -0.091631 0.394653 0.006284
v -0.091729 0.398661 0.007024
v -0.091796 0.398640 0.007276
v -0.091801 0.392538 0.006877
v -0.091620 0.392633 0.006173
v -0.091654 0.396614 0.007373
v -0.091472 0.396681 0.006679
v -0.091592 0.390573 0.006403
v -0.091612 0.392546 0.007066
v -0.091520 0.390553 0.006663
v -0.091526 0.390614 0.006144
v -0.091339 0.390665 0.005955
v -0.091624 0.394573 0.007309
v -0.091364 0.392675 0.006104
v -0.091376 0.394682 0.006354
v -0.091470 0.396652 0.007188
v -0.091404 0.396677 0.006934
v -0.091370 0.394614 0.007242
v -0.091188 0.394694 0.006542
v -0.091268 0.388615 0.006153
v -0.091202 0.388664 0.005892
v -0.091354 0.392575 0.007137
v -0.091328 0.390560 0.006855
v -0.091082 0.390713 0.005887
v -0.091106 0.392704 0.006175
v -0.091194 0.388593 0.006414
v -0.091015 0.388725 0.005703
v -0.091185 0.394654 0.007055
v -0.091118 0.394683 0.006799
v -0.091069 0.390592 0.006926
v -0.091002 0.388603 0.006607
v -0.090757 0.388783 0.005635
v -0.091098 0.392617 0.007069
v -0.090822 0.390745 0.005958
v -0.090917 0.392712 0.006364
v -0.090871 0.386698 0.005869
v -0.090797 0.386674 0.006133
v -0.090807 0.386754 0.005608
v -0.090622 0.386828 0.005419
v -0.090912 0.392662 0.006881
v -0.090845 0.392697 0.006623
v -0.090812 0.390641 0.006858
v -0.090631 0.390752 0.006149
v -0.090741 0.388642 0.006680
v -0.090604 0.386689 0.006328
v -0.090364 0.386900 0.005353
v -0.090497 0.388822 0.005708
v -0.090625 0.390692 0.006669
v -0.090559 0.390733 0.006409
v -0.090382 0.384857 0.005560
v -0.090318 0.384918 0.005297
v -0.090306 0.384832 0.005826
v -0.090132 0.384999 0.005108
v -0.090484 0.388700 0.006613
v -0.090305 0.388831 0.005901
v -0.090344 0.386739 0.006403
v -0.090105 0.386950 0.005428
v -0.090112 0.384849 0.006023
v -0.089875 0.385077 0.005042
v -0.090297 0.388761 0.006423
v -0.090231 0.388809 0.006163
v -0.090087 0.386811 0.006337
v -0.089912 0.386965 0.005623
v -0.090219 0.384209 0.005449
v -0.090143 0.384182 0.005716
v -0.090154 0.384268 0.005185
v -0.089966 0.384342 0.004994
v -0.089852 0.384904 0.006099
v -0.089614 0.385133 0.005119
v -0.089902 0.386885 0.006148
v -0.089837 0.386941 0.005887
v -0.090054 0.383362 0.005312
v -0.089978 0.383334 0.005579
v -0.089988 0.383416 0.005046
v -0.089883 0.382344 0.005154
v -0.089816 0.382395 0.004886
v -0.089947 0.384193 0.005913
v -0.089798 0.383482 0.004852
v -0.089705 0.384412 0.004926
v -0.089594 0.384983 0.006034
v -0.089420 0.385150 0.005316
v -0.089806 0.382315 0.005422
v -0.089705 0.381199 0.004982
v -0.089638 0.381249 0.004713
v -0.089779 0.383339 0.005776
v -0.089624 0.382457 0.004691
v -0.089683 0.384240 0.005988
v -0.089534 0.383542 0.004783
v -0.089442 0.384459 0.005001
v -0.089408 0.385063 0.005844
v -0.089345 0.385124 0.005581
v -0.089606 0.382318 0.005619
v -0.089628 0.381172 0.005251
v -0.089445 0.381308 0.004517
v -0.089512 0.383376 0.005850
v -0.089358 0.382511 0.004621
v -0.089519 0.379973 0.004804
v -0.089452 0.380021 0.004534
v -0.089267 0.383579 0.004857
v -0.089422 0.384310 0.005920
v -0.089428 0.381173 0.005449
v -0.089442 0.379946 0.005075
v -0.089258 0.380079 0.004337
v -0.089338 0.382350 0.005692
v -0.089177 0.381360 0.004446
v -0.089245 0.384470 0.005198
v -0.089325 0.378705 0.004627
v -0.089256 0.378753 0.004356
v -0.089248 0.383436 0.005781
v -0.089089 0.382544 0.004694
v -0.089241 0.379949 0.005273
v -0.089248 0.378680 0.004899
v -0.089062 0.378811 0.004158
v -0.088989 0.380131 0.004265
v -0.089068 0.383584 0.005054
v -0.089157 0.381205 0.005522
v -0.089234 0.384385 0.005729
v -0.089169 0.384443 0.005465
v -0.089072 0.382405 0.005622
v -0.088907 0.381391 0.004519
v -0.089119 0.377438 0.004459
v -0.089050 0.377485 0.004187
v -0.089046 0.378685 0.005099
v -0.089042 0.377416 0.004733
v -0.088855 0.377544 0.003988
v -0.088970 0.379980 0.005347
v -0.088792 0.378864 0.004087
v -0.089058 0.383501 0.005587
v -0.088890 0.382546 0.004891
v -0.088992 0.383556 0.005321
v -0.088890 0.381257 0.005451
v -0.088718 0.380162 0.004339
v -0.088900 0.376211 0.004307
v -0.088831 0.376257 0.004033
v -0.088707 0.381393 0.004717
v -0.088840 0.377425 0.004934
v -0.088824 0.376193 0.004582
v -0.088635 0.376318 0.003834
v -0.088774 0.378719 0.005173
v -0.088585 0.377599 0.003917
v -0.088880 0.382466 0.005427
v -0.088813 0.382518 0.005159
v -0.088702 0.380032 0.005276
v -0.088520 0.378897 0.004161
v -0.088666 0.375064 0.004177
v -0.088596 0.375109 0.003902
v -0.088697 0.381315 0.005255
v -0.088517 0.380165 0.004538
v -0.088630 0.381366 0.004986
v -0.088622 0.376208 0.004785
v -0.088591 0.375052 0.004454
v -0.088401 0.375174 0.003703
v -0.088568 0.377462 0.005009
v -0.088365 0.376379 0.003763
v -0.088312 0.377637 0.003992
v -0.088505 0.378772 0.005102
v -0.088507 0.380090 0.005078
v -0.088319 0.378902 0.004361
v -0.088440 0.380139 0.004808
v -0.088413 0.374034 0.004077
v -0.088343 0.374077 0.003800
v -0.088390 0.375076 0.004658
v -0.088350 0.376251 0.004860
v -0.088131 0.375243 0.003632
v -0.088340 0.374031 0.004355
v -0.088148 0.374149 0.003601
v -0.088298 0.377518 0.004937
v -0.088093 0.376422 0.003839
v -0.088310 0.378830 0.004904
v -0.088111 0.377645 0.004193
v -0.088242 0.378877 0.004633
v -0.088135 0.373151 0.004013
v -0.088063 0.373192 0.003735
v -0.088143 0.374069 0.004562
v -0.088119 0.375129 0.004735
v -0.087881 0.374230 0.003531
v -0.087860 0.375296 0.003709
v -0.088066 0.373163 0.004293
v -0.087871 0.373276 0.003536
v -0.088080 0.376312 0.004789
v -0.088102 0.377577 0.004739
v -0.087891 0.376437 0.004042
v -0.088034 0.377624 0.004466
v -0.087815 0.372446 0.003995
v -0.087742 0.372484 0.003717
v -0.087876 0.373226 0.004502
v -0.087758 0.372484 0.004278
v -0.087558 0.372587 0.003517
v -0.087874 0.374138 0.004641
v -0.087610 0.373380 0.003468
v -0.087849 0.375197 0.004665
v -0.087612 0.374299 0.003610
v -0.087884 0.376373 0.004590
v -0.087659 0.375320 0.003914
v -0.087815 0.376419 0.004317
v -0.087616 0.373322 0.004584
v -0.087587 0.372587 0.004488
v -0.087313 0.372728 0.003449
v -0.087607 0.374219 0.004571
v -0.087350 0.373476 0.003549
v -0.087654 0.375263 0.004465
v -0.087584 0.375308 0.004191
v -0.087415 0.374337 0.003817
v -0.087412 0.374291 0.004372
v -0.087341 0.374334 0.004095
v -0.087354 0.373426 0.004515
v -0.087347 0.372728 0.004570
v -0.087073 0.372869 0.003531
v -0.087160 0.373538 0.003758
v -0.087162 0.373510 0.004316
v -0.087091 0.373551 0.004038
v -0.087102 0.372869 0.004502
v -0.086902 0.372972 0.003742
v -0.086918 0.372972 0.004302
v -0.086845 0.373009 0.004024
v -0.120027 0.186790 -0.047962
v -0.120044 0.185415 -0.048855
v -0.120066 0.185573 -0.049121
v -0.119981 0.184055 -0.049947
v -0.119853 0.186631 -0.047759
v -0.119960 0.183917 -0.049671
v -0.119869 0.185286 -0.048633
v -0.120050 0.186973 -0.048211
v -0.119931 0.185718 -0.049360
v -0.119846 0.184190 -0.050192
v -0.119888 0.187983 -0.046989
v -0.119718 0.187786 -0.046818
v -0.119914 0.187132 -0.048441
v -0.119906 0.188198 -0.047212
v -0.119798 0.182353 -0.050408
v -0.119818 0.182477 -0.050692
v -0.119599 0.180896 -0.051356
v -0.119787 0.183811 -0.049436
v -0.119627 0.182266 -0.050165
v -0.119581 0.180783 -0.051067
v -0.119682 0.182604 -0.050940
v -0.119462 0.181017 -0.051606
v -0.119590 0.185222 -0.048514
v -0.119508 0.183768 -0.049306
v -0.119589 0.184285 -0.050338
v -0.119426 0.182700 -0.051086
v -0.119574 0.186540 -0.047658
v -0.119675 0.185812 -0.049507
v -0.119444 0.187661 -0.046745
v -0.119768 0.188375 -0.047428
v -0.119657 0.187224 -0.048589
v -0.119601 0.188931 -0.045940
v -0.119442 0.188700 -0.045806
v -0.119611 0.189174 -0.046133
v -0.119512 0.188465 -0.047578
v -0.119469 0.189365 -0.046333
v -0.119206 0.181114 -0.051752
v -0.119365 0.185829 -0.049524
v -0.119281 0.184315 -0.050348
v -0.119348 0.187225 -0.048617
v -0.119176 0.188544 -0.045767
v -0.119347 0.179369 -0.051939
v -0.119411 0.180709 -0.050819
v -0.119330 0.179265 -0.051647
v -0.119209 0.179486 -0.052191
v -0.119350 0.182238 -0.050027
v -0.119118 0.182740 -0.051091
v -0.119265 0.186541 -0.047685
v -0.119280 0.185239 -0.048530
v -0.119137 0.187641 -0.046790
v -0.119007 0.190074 -0.044341
v -0.118856 0.189826 -0.044229
v -0.119011 0.190329 -0.044517
v -0.119162 0.179201 -0.051394
v -0.119137 0.180694 -0.050676
v -0.118954 0.179585 -0.052335
v -0.118900 0.181161 -0.051753
v -0.119200 0.183797 -0.049315
v -0.118875 0.188504 -0.045832
v -0.119213 0.189452 -0.046486
v -0.119205 0.188445 -0.047622
v -0.118599 0.189653 -0.044212
v -0.118867 0.190525 -0.044711
v -0.119083 0.177956 -0.052440
v -0.119067 0.177857 -0.052146
v -0.118945 0.178070 -0.052693
v -0.119043 0.182277 -0.050032
v -0.119086 0.185764 -0.049405
v -0.119002 0.184271 -0.050217
v -0.119069 0.187133 -0.048515
v -0.118841 0.182712 -0.050953
v -0.119009 0.186633 -0.047834
v -0.119024 0.185332 -0.048678
v -0.118881 0.187732 -0.046939
v -0.118690 0.178170 -0.052837
v -0.118648 0.179638 -0.052335
v -0.118943 0.183892 -0.049462
v -0.118913 0.189412 -0.046552
v -0.118930 0.188320 -0.047549
v -0.118613 0.190608 -0.044870
v -0.118901 0.177801 -0.051891
v -0.118889 0.179196 -0.051248
v -0.118304 0.189601 -0.044294
v -0.118830 0.176714 -0.052858
v -0.118814 0.176619 -0.052563
v -0.118691 0.176827 -0.053111
v -0.118830 0.180741 -0.050677
v -0.118786 0.182373 -0.050178
v -0.118625 0.181146 -0.051610
v -0.118911 0.185636 -0.049183
v -0.118829 0.184165 -0.049983
v -0.118895 0.186975 -0.048313
v -0.118620 0.188592 -0.045985
v -0.118670 0.182624 -0.050710
v -0.118873 0.186792 -0.048063
v -0.118889 0.185478 -0.048916
v -0.118743 0.187908 -0.047155
v -0.118316 0.191159 -0.042735
v -0.118169 0.190905 -0.042633
v -0.118318 0.191418 -0.042906
v -0.118608 0.175703 -0.053192
v -0.118649 0.176568 -0.052306
v -0.118593 0.175607 -0.052897
v -0.118471 0.175819 -0.053444
v -0.118629 0.177803 -0.051741
v -0.118436 0.176929 -0.053254
v -0.118584 0.179249 -0.051247
v -0.118385 0.178228 -0.052834
v -0.118574 0.180838 -0.050822
v -0.118375 0.179632 -0.052188
v -0.118808 0.184027 -0.049706
v -0.118650 0.182500 -0.050426
v -0.118456 0.181072 -0.051361
v -0.118761 0.188123 -0.047378
v -0.118478 0.188783 -0.046185
v -0.118488 0.189026 -0.046378
v -0.118647 0.189256 -0.046512
v -0.118050 0.189684 -0.044454
v -0.118318 0.190556 -0.044952
v -0.117917 0.190724 -0.042627
v -0.118174 0.191613 -0.043101
v -0.118217 0.175924 -0.053586
v -0.118133 0.176992 -0.053250
v -0.118437 0.180959 -0.051073
v -0.118442 0.174986 -0.053438
v -0.118428 0.175557 -0.052640
v -0.118424 0.174878 -0.053148
v -0.118307 0.175114 -0.053686
v -0.118379 0.176575 -0.052155
v -0.118325 0.177861 -0.051739
v -0.118328 0.179347 -0.051392
v -0.118114 0.178230 -0.052685
v -0.118207 0.179568 -0.051935
v -0.117906 0.189879 -0.044647
v -0.118061 0.190383 -0.044935
v -0.117626 0.190665 -0.042720
v -0.117924 0.191691 -0.043267
v -0.118055 0.175228 -0.053825
v -0.118190 0.179464 -0.051644
v -0.117910 0.190135 -0.044823
v -0.118355 0.174629 -0.053592
v -0.118257 0.174819 -0.052894
v -0.118332 0.174502 -0.053310
v -0.118224 0.174773 -0.053833
v -0.118158 0.175567 -0.052488
v -0.117914 0.175990 -0.053581
v -0.118075 0.176637 -0.052151
v -0.117862 0.176998 -0.053099
v -0.117947 0.178174 -0.052429
v -0.118258 0.174283 -0.053764
v -0.118236 0.174157 -0.053495
v -0.118161 0.174426 -0.053064
v -0.118133 0.174422 -0.053995
v -0.117973 0.174894 -0.053969
v -0.118069 0.177961 -0.051883
v -0.117376 0.190743 -0.042886
v -0.117633 0.191632 -0.043359
v -0.117547 0.192207 -0.041130
v -0.117403 0.191949 -0.041034
v -0.117548 0.192467 -0.041298
v -0.118075 0.173559 -0.054092
v -0.117954 0.173690 -0.054315
v -0.117986 0.174826 -0.052743
v -0.118070 0.174079 -0.053260
v -0.118055 0.173444 -0.053831
v -0.117892 0.174538 -0.054126
v -0.117753 0.175297 -0.053818
v -0.117931 0.178076 -0.052136
v -0.117723 0.173803 -0.054440
v -0.117888 0.174420 -0.052919
v -0.117856 0.175633 -0.052482
v -0.117644 0.176000 -0.053429
v -0.117155 0.191762 -0.041037
v -0.117405 0.192661 -0.041495
v -0.117697 0.176948 -0.052842
v -0.117787 0.172516 -0.054565
v -0.117898 0.173377 -0.053602
v -0.117767 0.172406 -0.054315
v -0.117672 0.172646 -0.054777
v -0.117807 0.174070 -0.053122
v -0.117671 0.174961 -0.053964
v -0.117820 0.176739 -0.052294
v -0.117232 0.190938 -0.043081
v -0.117381 0.191451 -0.043354
v -0.117685 0.174895 -0.052737
v -0.117600 0.174599 -0.054122
v -0.117646 0.173374 -0.053466
v -0.117617 0.172344 -0.054094
v -0.117452 0.172761 -0.054894
v -0.117585 0.174487 -0.052913
v -0.117444 0.173866 -0.054434
v -0.117483 0.175303 -0.053668
v -0.117682 0.176853 -0.052547
v -0.117234 0.191197 -0.043252
v -0.116868 0.191698 -0.041138
v -0.117157 0.192735 -0.041667
v -0.117601 0.175739 -0.052625
v -0.117479 0.175950 -0.053171
v -0.117515 0.174131 -0.053118
v -0.117371 0.171198 -0.055179
v -0.117263 0.171328 -0.055379
v -0.117352 0.171090 -0.054941
v -0.117398 0.174955 -0.053818
v -0.117187 0.172830 -0.054884
v -0.117464 0.175855 -0.052877
v -0.117055 0.171447 -0.055486
v -0.117432 0.175009 -0.052876
v -0.117337 0.174590 -0.053984
v -0.117378 0.172349 -0.053961
v -0.117209 0.171034 -0.054728
v -0.117367 0.173438 -0.053460
v -0.117316 0.175244 -0.053414
v -0.116621 0.191772 -0.041310
v -0.116871 0.192670 -0.041768
v -0.117335 0.174608 -0.053049
v -0.117193 0.173864 -0.054299
v -0.116720 0.193235 -0.039535
v -0.116578 0.192975 -0.039442
v -0.116721 0.193496 -0.039704
v -0.117274 0.174247 -0.053249
v -0.116806 0.169646 -0.055931
v -0.116787 0.169540 -0.055704
v -0.116705 0.169777 -0.056118
v -0.117113 0.172418 -0.053951
v -0.116982 0.171045 -0.054597
v -0.116805 0.171521 -0.055473
v -0.117136 0.173550 -0.053586
v -0.116948 0.172834 -0.054751
v -0.117171 0.174512 -0.053749
v -0.117036 0.173796 -0.054070
v -0.117298 0.175137 -0.053124
v -0.117204 0.174751 -0.053290
v -0.117227 0.174878 -0.053572
v -0.116478 0.191965 -0.041506
v -0.116622 0.192484 -0.041771
v -0.116332 0.192785 -0.039451
v -0.116580 0.193687 -0.039903
v -0.116511 0.169900 -0.056216
v -0.117148 0.174386 -0.053480
v -0.116479 0.192226 -0.041675
v -0.116652 0.169489 -0.055500
v -0.116578 0.171532 -0.055343
v -0.116798 0.172773 -0.054530
v -0.117015 0.173682 -0.053809
v -0.116893 0.172533 -0.054068
v -0.116049 0.192717 -0.039558
v -0.116335 0.193758 -0.040080
v -0.116731 0.171120 -0.054584
v -0.116275 0.169981 -0.056199
v -0.116778 0.172663 -0.054280
v -0.116437 0.169507 -0.055372
v -0.116435 0.171477 -0.055130
v -0.116524 0.171239 -0.054692
v -0.115804 0.192788 -0.039735
v -0.116051 0.193690 -0.040187
v -0.116070 0.167902 -0.056817
v -0.116051 0.167799 -0.056603
v -0.115977 0.168035 -0.056991
v -0.116060 0.169998 -0.056071
v -0.116416 0.171369 -0.054892
v -0.115796 0.168162 -0.057079
v -0.116201 0.169588 -0.055355
v -0.115855 0.194262 -0.037961
v -0.115712 0.194001 -0.037868
v -0.115857 0.194521 -0.038132
v -0.115923 0.167753 -0.056407
v -0.115663 0.192979 -0.039934
v -0.115805 0.193500 -0.040196
v -0.115925 0.169947 -0.055867
v -0.115468 0.193810 -0.037878
v -0.115717 0.194710 -0.038335
v -0.115575 0.168249 -0.057058
v -0.116007 0.169710 -0.055453
v -0.115721 0.167776 -0.056282
v -0.115905 0.169842 -0.055640
v -0.115663 0.193240 -0.040103
v -0.115187 0.193739 -0.037989
v -0.115475 0.194778 -0.038517
v -0.115374 0.168272 -0.056933
v -0.115500 0.167863 -0.056260
v -0.115141 0.166010 -0.057833
v -0.115121 0.165908 -0.057632
v -0.115056 0.166144 -0.057995
v -0.115246 0.168226 -0.056737
v -0.114944 0.193807 -0.038171
v -0.115193 0.194707 -0.038627
v -0.115319 0.167990 -0.056349
v -0.115000 0.165866 -0.057445
v -0.114889 0.166274 -0.058074
v -0.115226 0.168123 -0.056523
v -0.114970 0.195304 -0.036416
v -0.114826 0.195046 -0.036320
v -0.114974 0.195561 -0.036592
v -0.114684 0.166366 -0.058048
v -0.114805 0.193996 -0.038374
v -0.114949 0.194516 -0.038638
v -0.114812 0.165895 -0.057322
v -0.114581 0.194856 -0.036330
v -0.114838 0.195746 -0.036800
v -0.114807 0.194256 -0.038545
v -0.114496 0.166395 -0.057925
v -0.114607 0.165988 -0.057296
v -0.114300 0.194783 -0.036443
v -0.114597 0.195812 -0.036985
v -0.114375 0.166354 -0.057738
v -0.114440 0.166118 -0.057375
v -0.114355 0.166252 -0.057537
v -0.114060 0.194849 -0.036628
v -0.114317 0.195740 -0.037098
v -0.113997 0.164009 -0.058978
v -0.113976 0.163910 -0.058789
v -0.113921 0.164144 -0.059127
v -0.113768 0.164278 -0.059195
v -0.113863 0.163872 -0.058611
v -0.113924 0.195035 -0.036836
v -0.114072 0.195549 -0.037107
v -0.114085 0.196381 -0.034911
v -0.113937 0.196127 -0.034809
v -0.114093 0.196632 -0.035093
v -0.113579 0.164375 -0.059166
v -0.113690 0.195939 -0.034815
v -0.113960 0.196814 -0.035307
v -0.113689 0.163906 -0.058490
v -0.113928 0.195291 -0.037012
v -0.113405 0.164409 -0.059045
v -0.113500 0.164004 -0.058460
v -0.113721 0.196877 -0.035495
v -0.113410 0.195867 -0.034928
v -0.113292 0.164371 -0.058867
v -0.113346 0.164137 -0.058529
v -0.113270 0.164272 -0.058678
v -0.113441 0.196805 -0.035608
v -0.113171 0.195930 -0.035116
v -0.113219 0.197509 -0.033455
v -0.113067 0.197262 -0.033344
v -0.113233 0.197753 -0.033646
v -0.113038 0.196112 -0.035330
v -0.113194 0.196617 -0.035614
v -0.112616 0.161943 -0.060247
v -0.112549 0.162078 -0.060383
v -0.112594 0.161846 -0.060070
v -0.113104 0.197930 -0.033866
v -0.112411 0.162214 -0.060441
v -0.113046 0.196363 -0.035512
v -0.112816 0.197079 -0.033344
v -0.112488 0.161812 -0.059900
v -0.112239 0.162315 -0.060407
v -0.112866 0.197991 -0.034057
v -0.112328 0.161851 -0.059783
v -0.112534 0.197009 -0.033454
v -0.112078 0.162354 -0.060290
v -0.112156 0.161952 -0.059749
v -0.111973 0.162321 -0.060120
v -0.112297 0.197070 -0.033645
v -0.112585 0.197921 -0.034167
v -0.112017 0.162089 -0.059808
v -0.111950 0.162223 -0.059944
v -0.112392 0.198705 -0.032057
v -0.112233 0.198468 -0.031935
v -0.112412 0.198940 -0.032259
v -0.112334 0.197738 -0.034167
v -0.112167 0.197247 -0.033865
v -0.112288 0.199111 -0.032487
v -0.111977 0.198293 -0.031926
v -0.112181 0.197491 -0.034056
v -0.112051 0.199170 -0.032680
v -0.111692 0.198226 -0.032032
v -0.110976 0.159854 -0.061636
v -0.110919 0.159988 -0.061759
v -0.110953 0.159759 -0.061472
v -0.110796 0.160125 -0.061809
v -0.111767 0.199104 -0.032785
v -0.111456 0.198286 -0.032224
v -0.110855 0.159729 -0.061311
v -0.110640 0.160229 -0.061771
v -0.111623 0.199988 -0.030728
v -0.111650 0.200210 -0.030942
v -0.111455 0.199764 -0.030592
v -0.110709 0.159772 -0.061196
v -0.111511 0.198928 -0.032776
v -0.111331 0.198456 -0.032452
v -0.111530 0.200373 -0.031178
v -0.110494 0.160272 -0.061656
v -0.111193 0.199600 -0.030571
v -0.110553 0.159876 -0.061158
v -0.111351 0.198691 -0.032654
v -0.110396 0.160242 -0.061495
v -0.111295 0.200431 -0.031372
v -0.110430 0.160014 -0.061208
v -0.110373 0.160148 -0.061331
v -0.110905 0.199539 -0.030671
v -0.111007 0.200370 -0.031472
v -0.110669 0.199598 -0.030865
v -0.110930 0.201373 -0.029476
v -0.110754 0.201168 -0.029324
v -0.110965 0.201580 -0.029705
v -0.110850 0.201733 -0.029949
v -0.110744 0.200206 -0.031451
v -0.110549 0.199760 -0.031101
v -0.110483 0.201018 -0.029290
v -0.110577 0.199983 -0.031315
v -0.110615 0.201791 -0.030144
v -0.110192 0.200966 -0.029382
v -0.110323 0.201738 -0.030236
v -0.109056 0.157782 -0.063143
v -0.109031 0.157691 -0.062992
v -0.109008 0.157915 -0.063254
v -0.110331 0.202884 -0.028307
v -0.110372 0.203076 -0.028548
v -0.110147 0.202695 -0.028142
v -0.108901 0.158052 -0.063294
v -0.109957 0.201023 -0.029577
v -0.108941 0.157664 -0.062839
v -0.110260 0.203219 -0.028800
v -0.108763 0.158158 -0.063252
v -0.110053 0.201589 -0.030202
v -0.109872 0.202560 -0.028097
v -0.108809 0.157710 -0.062727
v -0.109841 0.201176 -0.029821
v -0.108631 0.158204 -0.063140
v -0.110026 0.203275 -0.028996
v -0.108671 0.157816 -0.062686
v -0.109876 0.201383 -0.030050
v -0.108540 0.158178 -0.062988
v -0.109577 0.202514 -0.028184
v -0.108564 0.157954 -0.062726
v -0.108516 0.158086 -0.062836
v -0.110033 0.203743 -0.027713
v -0.110078 0.203925 -0.027960
v -0.109731 0.203230 -0.029082
v -0.109847 0.203562 -0.027542
v -0.109968 0.204062 -0.028217
v -0.109342 0.202571 -0.028379
v -0.109569 0.203433 -0.027492
v -0.109456 0.203094 -0.029037
v -0.109735 0.204115 -0.028414
v -0.109660 0.204828 -0.026992
v -0.109472 0.204651 -0.026819
v -0.109706 0.205006 -0.027242
v -0.109231 0.202714 -0.028631
v -0.109598 0.205139 -0.027501
v -0.109272 0.202905 -0.028872
v -0.109274 0.203389 -0.027578
v -0.109194 0.204523 -0.026768
v -0.109440 0.204071 -0.028500
v -0.109365 0.205190 -0.027701
v -0.109232 0.206094 -0.026179
v -0.109279 0.206269 -0.026431
v -0.109044 0.205920 -0.026003
v -0.109173 0.206399 -0.026692
v -0.109040 0.203442 -0.027776
v -0.108899 0.204478 -0.026854
v -0.108764 0.205795 -0.025951
v -0.109162 0.203942 -0.028451
v -0.109070 0.205146 -0.027787
v -0.108931 0.203579 -0.028033
v -0.108940 0.206448 -0.026892
v -0.108976 0.203762 -0.028280
v -0.108666 0.204529 -0.027054
v -0.108771 0.207500 -0.025303
v -0.108581 0.207330 -0.025125
v -0.108820 0.207671 -0.025558
v -0.108791 0.205018 -0.027736
v -0.108469 0.205751 -0.026037
v -0.108714 0.207798 -0.025820
v -0.106843 0.155780 -0.064757
v -0.106820 0.155694 -0.064615
v -0.106799 0.155904 -0.064859
v -0.106701 0.156035 -0.064895
v -0.108558 0.204662 -0.027313
v -0.108604 0.204841 -0.027563
v -0.108645 0.206404 -0.026978
v -0.108301 0.207207 -0.025072
v -0.106736 0.155670 -0.064473
v -0.108482 0.207847 -0.026021
v -0.106575 0.156136 -0.064854
v -0.108237 0.205800 -0.026237
v -0.106615 0.155715 -0.064367
v -0.108366 0.206279 -0.026926
v -0.108297 0.209005 -0.024397
v -0.108347 0.209172 -0.024654
v -0.106489 0.155816 -0.064326
v -0.106390 0.155947 -0.064362
v -0.106347 0.156071 -0.064464
v -0.106453 0.156181 -0.064748
v -0.106370 0.156157 -0.064605
v -0.108130 0.205930 -0.026499
v -0.108177 0.206105 -0.026751
v -0.107774 0.207213 -0.025358
v -0.108006 0.207164 -0.025157
v -0.107668 0.207340 -0.025621
v -0.107716 0.207511 -0.025875
v -0.107906 0.207681 -0.026053
v -0.108186 0.207804 -0.026107
v -0.107528 0.208679 -0.024245
v -0.107297 0.208727 -0.024446
v -0.107824 0.208720 -0.024161
v -0.108106 0.208839 -0.024216
v -0.108010 0.209344 -0.025120
v -0.107714 0.209303 -0.025204
v -0.108242 0.209296 -0.024919
v -0.107637 0.210406 -0.023308
v -0.107355 0.210291 -0.023249
v -0.107830 0.210566 -0.023491
v -0.107881 0.210728 -0.023751
v -0.107777 0.210849 -0.024018
v -0.107546 0.210896 -0.024219
v -0.107433 0.209183 -0.025148
v -0.107391 0.212141 -0.022618
v -0.107444 0.212297 -0.022881
v -0.107192 0.208851 -0.024711
v -0.107242 0.209018 -0.024968
v -0.107058 0.210252 -0.023332
v -0.107249 0.210858 -0.024302
v -0.107197 0.211988 -0.022430
v -0.106912 0.211880 -0.022369
v -0.107341 0.212414 -0.023150
v -0.106826 0.210300 -0.023534
v -0.106966 0.210743 -0.024244
v -0.106614 0.211844 -0.022450
v -0.107110 0.212462 -0.023352
v -0.107001 0.213689 -0.021808
v -0.106804 0.213546 -0.021616
v -0.107056 0.213836 -0.022076
v -0.106954 0.213949 -0.022347
v -0.106722 0.210421 -0.023800
v -0.106773 0.210583 -0.024060
v -0.106812 0.212426 -0.023432
v -0.106517 0.213445 -0.021550
v -0.106383 0.211892 -0.022651
v -0.106723 0.213996 -0.022549
v -0.106680 0.215166 -0.021094
v -0.106480 0.215036 -0.020895
v -0.106737 0.215302 -0.021367
v -0.106528 0.212318 -0.023371
v -0.106637 0.215408 -0.021641
v -0.106218 0.213415 -0.021628
v -0.105928 0.154902 -0.065074
v -0.105259 0.154038 -0.065610
v -0.105328 0.154057 -0.065729
v -0.104732 0.153100 -0.066211
v -0.105813 0.154939 -0.064980
v -0.105150 0.154066 -0.065527
v -0.104671 0.153084 -0.066103
v -0.106004 0.154923 -0.065206
v -0.105338 0.154118 -0.065854
v -0.104738 0.153150 -0.066326
v -0.105690 0.155024 -0.064948
v -0.105031 0.154133 -0.065505
v -0.104571 0.153105 -0.066031
v -0.106021 0.154997 -0.065339
v -0.105287 0.154204 -0.065951
v -0.104688 0.153219 -0.066417
v -0.105592 0.155135 -0.064987
v -0.104932 0.154222 -0.065547
v -0.104459 0.153159 -0.066014
v -0.105974 0.155103 -0.065438
v -0.105189 0.154293 -0.065993
v -0.104594 0.153291 -0.066460
v -0.105545 0.155241 -0.065087
v -0.104881 0.154308 -0.065644
v -0.104365 0.153231 -0.066056
v -0.105876 0.155214 -0.065477
v -0.105069 0.154360 -0.065971
v -0.104482 0.153345 -0.066442
v -0.105752 0.155299 -0.065445
v -0.104960 0.154388 -0.065888
v -0.104382 0.153366 -0.066370
v -0.105638 0.155336 -0.065351
v -0.104891 0.154369 -0.065769
v -0.104321 0.153350 -0.066262
v -0.105562 0.155315 -0.065220
v -0.106280 0.212009 -0.022920
v -0.106333 0.212165 -0.023183
v -0.105987 0.213462 -0.021830
v -0.105885 0.213574 -0.022101
v -0.105940 0.213722 -0.022369
v -0.106137 0.213865 -0.022561
v -0.106424 0.213965 -0.022627
v -0.105891 0.214924 -0.020898
v -0.105659 0.214971 -0.021100
v -0.106191 0.214948 -0.020823
v -0.105559 0.215077 -0.021374
v -0.105616 0.215213 -0.021647
v -0.105816 0.215343 -0.021846
v -0.106105 0.215431 -0.021918
v -0.106406 0.215455 -0.021843
v -0.105651 0.216336 -0.020290
v -0.105420 0.216384 -0.020491
v -0.105953 0.216349 -0.020219
v -0.105321 0.216480 -0.020770
v -0.106245 0.216420 -0.020299
v -0.105381 0.216599 -0.021050
v -0.106449 0.216529 -0.020507
v -0.105585 0.216708 -0.021258
v -0.106509 0.216647 -0.020787
v -0.105876 0.216778 -0.021337
v -0.106410 0.216743 -0.021066
v -0.106179 0.216791 -0.021267
v -0.105522 0.217622 -0.019833
v -0.105291 0.217671 -0.020034
v -0.105826 0.217617 -0.019769
v -0.105193 0.217751 -0.020318
v -0.106121 0.217657 -0.019858
v -0.105256 0.217840 -0.020609
v -0.106327 0.217732 -0.020078
v -0.105463 0.217915 -0.020828
v -0.106390 0.217821 -0.020369
v -0.105757 0.217955 -0.020918
v -0.106293 0.217901 -0.020653
v -0.106061 0.217950 -0.020854
v -0.105529 0.218696 -0.019574
v -0.105298 0.218748 -0.019775
v -0.105833 0.218676 -0.019514
v -0.106128 0.218693 -0.019610
v -0.105200 0.218818 -0.020061
v -0.106335 0.218742 -0.019836
v -0.105264 0.218886 -0.020357
v -0.106398 0.218811 -0.020133
v -0.105470 0.218936 -0.020584
v -0.106301 0.218881 -0.020419
v -0.105765 0.218953 -0.020680
v -0.106069 0.218933 -0.020619
v -0.105862 0.219564 -0.019309
v -0.105559 0.219580 -0.019371
v -0.106156 0.219593 -0.019402
v -0.105328 0.219636 -0.019569
v -0.106362 0.219659 -0.019623
v -0.105232 0.219717 -0.019852
v -0.106426 0.219744 -0.019914
v -0.105295 0.219802 -0.020143
v -0.106329 0.219825 -0.020197
v -0.105501 0.219868 -0.020364
v -0.106098 0.219881 -0.020395
v -0.105795 0.219897 -0.020456
v -0.105514 0.220557 -0.019031
v -0.105815 0.220554 -0.018966
v -0.105283 0.220616 -0.019228
v -0.106107 0.220607 -0.019050
v -0.105186 0.220715 -0.019504
v -0.106311 0.220702 -0.019261
v -0.105248 0.220827 -0.019784
v -0.106373 0.220814 -0.019542
v -0.105452 0.220923 -0.019995
v -0.106276 0.220913 -0.019817
v -0.105744 0.220976 -0.020079
v -0.106046 0.220972 -0.020014
v -0.105408 0.221666 -0.018567
v -0.105178 0.221727 -0.018762
v -0.105708 0.221670 -0.018499
v -0.105081 0.221836 -0.019032
v -0.105998 0.221736 -0.018577
v -0.106200 0.221848 -0.018780
v -0.105141 0.221963 -0.019306
v -0.106260 0.221975 -0.019054
v -0.105343 0.222075 -0.019509
v -0.106162 0.222083 -0.019324
v -0.105633 0.222141 -0.019587
v -0.105933 0.222144 -0.019519
v -0.105258 0.222887 -0.018004
v -0.105029 0.222949 -0.018198
v -0.105557 0.222893 -0.017935
v -0.104931 0.223062 -0.018465
v -0.105845 0.222965 -0.018010
v -0.104990 0.223197 -0.018734
v -0.106045 0.223085 -0.018209
v -0.105191 0.223317 -0.018932
v -0.106104 0.223220 -0.018477
v -0.105479 0.223389 -0.019007
v -0.106006 0.223333 -0.018745
v -0.105777 0.223395 -0.018938
v -0.105081 0.224201 -0.017371
v -0.104853 0.224263 -0.017564
v -0.105379 0.224208 -0.017302
v -0.104755 0.224379 -0.017829
v -0.105665 0.224282 -0.017376
v -0.104813 0.224516 -0.018096
v -0.105865 0.224404 -0.017573
v -0.105013 0.224638 -0.018292
v -0.105923 0.224541 -0.017839
v -0.105300 0.224712 -0.018366
v -0.105825 0.224656 -0.018104
v -0.105597 0.224719 -0.018297
v -0.104895 0.225595 -0.016696
v -0.104667 0.225658 -0.016888
v -0.105191 0.225601 -0.016628
v -0.105477 0.225673 -0.016702
v -0.105676 0.225793 -0.016899
v -0.105735 0.225928 -0.017165
v -0.105113 0.226100 -0.017690
v -0.104827 0.226027 -0.017615
v -0.105637 0.226043 -0.017430
v -0.105410 0.226105 -0.017622
v -0.105012 0.227060 -0.015940
v -0.104717 0.227058 -0.016006
v -0.105298 0.227127 -0.016016
v -0.105497 0.227241 -0.016215
v -0.105556 0.227371 -0.016482
v -0.105459 0.227482 -0.016747
v -0.105232 0.227544 -0.016939
v -0.104936 0.227542 -0.017005
v -0.104860 0.228574 -0.015265
v -0.104564 0.228576 -0.015329
v -0.105145 0.228632 -0.015345
v -0.105344 0.228736 -0.015547
v -0.105404 0.228857 -0.015817
v -0.105308 0.228962 -0.016084
v -0.105082 0.229025 -0.016274
v -0.104787 0.229027 -0.016338
v -0.104651 0.227475 -0.016929
v -0.105036 0.230177 -0.014715
v -0.104751 0.230131 -0.014631
v -0.105236 0.230266 -0.014922
v -0.105296 0.230374 -0.015197
v -0.105200 0.230472 -0.015465
v -0.104975 0.230534 -0.015655
v -0.104989 0.231750 -0.014155
v -0.104704 0.231720 -0.014065
v -0.105188 0.231820 -0.014368
v -0.105248 0.231911 -0.014647
v -0.105153 0.231999 -0.014918
v -0.104929 0.232060 -0.015108
v -0.104681 0.230543 -0.015717
v -0.105020 0.233340 -0.013691
v -0.104737 0.233331 -0.013596
v -0.105218 0.233386 -0.013910
v -0.105278 0.233455 -0.014195
v -0.105183 0.233529 -0.014469
v -0.104960 0.233588 -0.014658
v -0.104635 0.232077 -0.015166
v -0.105149 0.234936 -0.013351
v -0.104869 0.234952 -0.013251
v -0.105344 0.234952 -0.013576
v -0.105401 0.234994 -0.013866
v -0.105306 0.235052 -0.014142
v -0.105083 0.235110 -0.014331
v -0.104667 0.233617 -0.014713
v -0.104792 0.235152 -0.014382
v -0.104170 0.152067 -0.066668
v -0.104116 0.152054 -0.066571
v -0.104174 0.152108 -0.066771
v -0.104127 0.152166 -0.066854
v -0.104042 0.152226 -0.066893
v -0.104314 0.153300 -0.066147
v -0.104570 0.225773 -0.017153
v -0.104628 0.225908 -0.017419
v -0.104490 0.227120 -0.016197
v -0.104393 0.227232 -0.016462
v -0.104452 0.227361 -0.016730
v -0.104338 0.228638 -0.015520
v -0.104501 0.228968 -0.016259
v -0.104456 0.230139 -0.014692
v -0.104410 0.231737 -0.014123
v -0.104395 0.230496 -0.015632
v -0.104444 0.233360 -0.013650
v -0.104351 0.232047 -0.015076
v -0.104579 0.234994 -0.013302
v -0.104384 0.233608 -0.014617
v -0.104512 0.235168 -0.014282
v -0.104027 0.152072 -0.066507
v -0.103941 0.152271 -0.066879
v -0.104231 0.230201 -0.014882
v -0.104356 0.235052 -0.013491
v -0.104302 0.228865 -0.016056
v -0.104186 0.233562 -0.014398
v -0.104318 0.235152 -0.014057
v -0.103852 0.152290 -0.066815
v -0.104242 0.228744 -0.015786
v -0.103926 0.152118 -0.066493
v -0.103798 0.152277 -0.066719
v -0.104186 0.231798 -0.014313
v -0.104196 0.230407 -0.015425
v -0.104221 0.233419 -0.013839
v -0.104151 0.231977 -0.014863
v -0.103841 0.152177 -0.066533
v -0.104260 0.235110 -0.013767
v -0.103794 0.152236 -0.066615
v -0.104136 0.230299 -0.015150
v -0.104126 0.233493 -0.014113
v -0.104091 0.231886 -0.014584
v -0.103599 0.151013 -0.067205
v -0.103596 0.150978 -0.067114
v -0.103557 0.151063 -0.067277
v -0.103550 0.150968 -0.067029
v -0.103483 0.151115 -0.067312
v -0.103395 0.151156 -0.067299
v -0.103472 0.150986 -0.066972
v -0.103384 0.151026 -0.066960
v -0.103318 0.151174 -0.067243
v -0.103310 0.151079 -0.066994
v -0.103271 0.151164 -0.067157
v -0.103268 0.151129 -0.067066
v -0.102962 0.149854 -0.067565
v -0.102923 0.149847 -0.067491
v -0.102965 0.149884 -0.067643
v -0.102930 0.149928 -0.067704
v -0.102868 0.149976 -0.067733
v -0.102859 0.149865 -0.067442
v -0.102794 0.150014 -0.067721
v -0.102785 0.149902 -0.067430
v -0.102729 0.150031 -0.067671
v -0.102723 0.149950 -0.067458
v -0.102690 0.150024 -0.067598
v -0.102688 0.149995 -0.067520
v -0.102222 0.148715 -0.068037
v -0.102224 0.148740 -0.068102
v -0.102190 0.148710 -0.067975
v -0.102197 0.148780 -0.068152
v -0.102147 0.148824 -0.068174
v -0.102138 0.148728 -0.067933
v -0.102089 0.148859 -0.068162
v -0.102079 0.148764 -0.067921
v -0.102037 0.148877 -0.068120
v -0.102030 0.148807 -0.067943
v -0.102003 0.148847 -0.067993
v -0.102005 0.148873 -0.068058
v -0.101326 0.147581 -0.068547
v -0.101329 0.147602 -0.068598
v -0.101302 0.147578 -0.068497
v -0.101262 0.147595 -0.068461
v -0.101309 0.147637 -0.068637
v -0.101273 0.147676 -0.068653
v -0.101229 0.147708 -0.068641
v -0.101218 0.147628 -0.068450
v -0.101182 0.147666 -0.068466
v -0.101162 0.147701 -0.068505
v -0.101189 0.147725 -0.068606
v -0.101165 0.147723 -0.068556
v -0.100229 0.146471 -0.069110
v -0.100232 0.146488 -0.069148
v -0.100211 0.146470 -0.069072
v -0.100219 0.146517 -0.069176
v -0.100195 0.146549 -0.069186
v -0.100183 0.146485 -0.069044
v -0.100165 0.146576 -0.069176
v -0.100137 0.146591 -0.069149
v -0.100153 0.146512 -0.069035
v -0.100129 0.146544 -0.069045
v -0.100119 0.146590 -0.069111
v -0.100116 0.146573 -0.069073
v -0.098882 0.145404 -0.069743
v -0.098885 0.145416 -0.069768
v -0.098870 0.145403 -0.069718
v -0.098878 0.145436 -0.069786
v -0.098854 0.145415 -0.069699
v -0.098864 0.145459 -0.069792
v -0.098836 0.145434 -0.069691
v -0.098846 0.145479 -0.069784
v -0.098822 0.145458 -0.069697
v -0.098829 0.145491 -0.069765
v -0.098815 0.145478 -0.069715
v -0.098818 0.145490 -0.069740
v -0.097238 0.144395 -0.070464
v -0.097240 0.144402 -0.070477
v -0.097232 0.144395 -0.070452
v -0.097237 0.144412 -0.070485
v -0.097225 0.144401 -0.070442
v -0.097231 0.144425 -0.070488
v -0.097217 0.144412 -0.070437
v -0.097224 0.144435 -0.070483
v -0.097211 0.144424 -0.070440
v -0.097216 0.144442 -0.070473
v -0.097209 0.144435 -0.070448
v -0.097210 0.144441 -0.070461
v -0.120628 0.301156 -0.018226
v -0.120684 0.298862 -0.018999
v -0.120706 0.301227 -0.018656
v -0.120537 0.298915 -0.019402
v -0.120664 0.303654 -0.018222
v -0.120556 0.301292 -0.019068
v -0.120585 0.303566 -0.017784
v -0.120607 0.298811 -0.018577
v -0.120586 0.296604 -0.019226
v -0.120443 0.296640 -0.019620
v -0.120510 0.303729 -0.018642
v -0.120486 0.305993 -0.017273
v -0.120567 0.306095 -0.017720
v -0.120513 0.296578 -0.018812
v -0.120405 0.294497 -0.019313
v -0.120264 0.294513 -0.019698
v -0.120343 0.301098 -0.017893
v -0.120329 0.298776 -0.018249
v -0.120292 0.303490 -0.017445
v -0.120207 0.298954 -0.019678
v -0.120218 0.301334 -0.019350
v -0.120187 0.305901 -0.016929
v -0.120409 0.306179 -0.018149
v -0.120341 0.308390 -0.016718
v -0.120423 0.308504 -0.017172
v -0.120121 0.296677 -0.019889
v -0.120336 0.294504 -0.018909
v -0.120243 0.296570 -0.018490
v -0.120163 0.303772 -0.018932
v -0.120036 0.308284 -0.016368
v -0.119986 0.292572 -0.019607
v -0.120127 0.292585 -0.019234
v -0.119950 0.294546 -0.019960
v -0.120261 0.308595 -0.017611
v -0.120054 0.306222 -0.018445
v -0.120158 0.310711 -0.016141
v -0.120242 0.310835 -0.016604
v -0.119681 0.292600 -0.019862
v -0.120075 0.294531 -0.018594
v -0.120066 0.292635 -0.018843
v -0.119923 0.298765 -0.018102
v -0.119847 0.296581 -0.018345
v -0.119926 0.301069 -0.017745
v -0.119866 0.303445 -0.017297
v -0.119751 0.305843 -0.016780
v -0.119847 0.310592 -0.015786
v -0.120075 0.310931 -0.017052
v -0.119897 0.308639 -0.017915
v -0.119947 0.312907 -0.015566
v -0.120032 0.313041 -0.016038
v -0.119748 0.290938 -0.018965
v -0.119605 0.290902 -0.019324
v -0.119820 0.292709 -0.018539
v -0.119696 0.291025 -0.018591
v -0.119693 0.294571 -0.018452
v -0.119708 0.296705 -0.019961
v -0.119549 0.294588 -0.020029
v -0.119782 0.298971 -0.019752
v -0.119782 0.301341 -0.019428
v -0.119717 0.303771 -0.019013
v -0.119590 0.308214 -0.016218
v -0.119596 0.306214 -0.018530
v -0.119392 0.310510 -0.015634
v -0.119630 0.312776 -0.015205
v -0.119862 0.313141 -0.016495
v -0.119704 0.310974 -0.017363
v -0.119717 0.314933 -0.015015
v -0.119803 0.315074 -0.015496
v -0.119307 0.290925 -0.019571
v -0.119465 0.291138 -0.018301
v -0.119453 0.292787 -0.018403
v -0.119293 0.292661 -0.019930
v -0.119498 0.298781 -0.018177
v -0.119434 0.296609 -0.018417
v -0.119490 0.301076 -0.017823
v -0.119376 0.298960 -0.019606
v -0.119313 0.296716 -0.019816
v -0.119419 0.303444 -0.017378
v -0.119365 0.301312 -0.019281
v -0.119294 0.305834 -0.016864
v -0.119430 0.308623 -0.018003
v -0.119165 0.312683 -0.015052
v -0.119393 0.314791 -0.014649
v -0.119629 0.315177 -0.015963
v -0.119482 0.313182 -0.016814
v -0.119475 0.316742 -0.014512
v -0.119558 0.316916 -0.014995
v -0.119056 0.288300 -0.018350
v -0.118910 0.288257 -0.018714
v -0.119006 0.288397 -0.017970
v -0.118934 0.291002 -0.019640
v -0.119291 0.294613 -0.018521
v -0.119166 0.294628 -0.019887
v -0.119290 0.303726 -0.018865
v -0.119122 0.308198 -0.016306
v -0.119226 0.310951 -0.017455
v -0.119150 0.316563 -0.014148
v -0.118606 0.288280 -0.018965
v -0.119160 0.306156 -0.018381
v -0.118914 0.310487 -0.015726
v -0.118920 0.314686 -0.014495
v -0.119241 0.315214 -0.016291
v -0.119378 0.317037 -0.015467
v -0.119115 0.291248 -0.018174
v -0.118773 0.288522 -0.017678
v -0.119065 0.292848 -0.018471
v -0.118926 0.292739 -0.019794
v -0.119168 0.298821 -0.018453
v -0.119112 0.296646 -0.018686
v -0.119152 0.301118 -0.018106
v -0.119072 0.303487 -0.017668
v -0.118938 0.305878 -0.017161
v -0.118984 0.308553 -0.017852
v -0.118994 0.313151 -0.016910
v -0.119250 0.317747 -0.014124
v -0.118939 0.317506 -0.013785
v -0.119320 0.317979 -0.014585
v -0.119097 0.298924 -0.019278
v -0.119042 0.296708 -0.019494
v -0.119080 0.301254 -0.018948
v -0.118678 0.312653 -0.015148
v -0.118670 0.316427 -0.013999
v -0.119131 0.318139 -0.015042
v -0.118981 0.317074 -0.015802
v -0.118227 0.288363 -0.019036
v -0.118584 0.291112 -0.019513
v -0.118978 0.294646 -0.018783
v -0.118906 0.294655 -0.019572
v -0.118998 0.303650 -0.018526
v -0.118759 0.308242 -0.016610
v -0.118881 0.318892 -0.013500
v -0.118937 0.319171 -0.013935
v -0.118771 0.310870 -0.017304
v -0.118743 0.315174 -0.016392
v -0.118586 0.318601 -0.013187
v -0.118679 0.292813 -0.019489
v -0.119001 0.301183 -0.018517
v -0.119021 0.298873 -0.018856
v -0.118918 0.303563 -0.018088
v -0.118861 0.306064 -0.018037
v -0.118422 0.314646 -0.014596
v -0.118471 0.317319 -0.013656
v -0.118401 0.285654 -0.017799
v -0.118254 0.285618 -0.018171
v -0.118742 0.291325 -0.018243
v -0.118419 0.288642 -0.017550
v -0.118759 0.292876 -0.018726
v -0.118969 0.296682 -0.019080
v -0.118837 0.294661 -0.019168
v -0.118780 0.305962 -0.017590
v -0.118542 0.310530 -0.016038
v -0.118733 0.318184 -0.015373
v -0.118737 0.319364 -0.014376
v -0.118348 0.285744 -0.017411
v -0.118679 0.308447 -0.017503
v -0.118529 0.313058 -0.016758
v -0.118476 0.317017 -0.015910
v -0.117946 0.285643 -0.018427
v -0.118108 0.285862 -0.017112
v -0.117874 0.288483 -0.018908
v -0.118444 0.291348 -0.018490
v -0.118040 0.288725 -0.017621
v -0.118353 0.291225 -0.019223
v -0.118618 0.292863 -0.019098
v -0.118596 0.308333 -0.017048
v -0.118376 0.310626 -0.016485
v -0.118298 0.312693 -0.015468
v -0.118459 0.310751 -0.016948
v -0.118165 0.316369 -0.014107
v -0.118270 0.315070 -0.016238
v -0.118130 0.318375 -0.013079
v -0.118337 0.319417 -0.014703
v -0.118233 0.318103 -0.015491
v -0.118394 0.320147 -0.012683
v -0.118110 0.319827 -0.012388
v -0.118439 0.320453 -0.013101
v -0.118233 0.320663 -0.013530
v -0.118301 0.291312 -0.018849
v -0.118034 0.314683 -0.014923
v -0.117970 0.317238 -0.013773
v -0.117559 0.285724 -0.018498
v -0.117641 0.288609 -0.018616
v -0.117662 0.319578 -0.012294
v -0.118127 0.312794 -0.015925
v -0.118212 0.312927 -0.016397
v -0.117997 0.316881 -0.015762
v -0.117636 0.318275 -0.013206
v -0.117747 0.285977 -0.016980
v -0.117737 0.288748 -0.017872
v -0.117769 0.316407 -0.014442
v -0.117812 0.321480 -0.011715
v -0.117851 0.321803 -0.012121
v -0.117771 0.282979 -0.017307
v -0.117623 0.282948 -0.017686
v -0.117536 0.321143 -0.011433
v -0.117715 0.283060 -0.016911
v -0.117591 0.288706 -0.018236
v -0.117860 0.314786 -0.015390
v -0.117843 0.319318 -0.014830
v -0.117831 0.320721 -0.013854
v -0.117311 0.282977 -0.017947
v -0.117946 0.314927 -0.015872
v -0.117198 0.285839 -0.018367
v -0.117764 0.317917 -0.015362
v -0.117640 0.322024 -0.012542
v -0.117573 0.317284 -0.014105
v -0.117172 0.319469 -0.012428
v -0.117469 0.283171 -0.016605
v -0.117095 0.320880 -0.011350
v -0.117360 0.286058 -0.017052
v -0.117588 0.316528 -0.014914
v -0.117672 0.316702 -0.015397
v -0.117235 0.318329 -0.013533
v -0.116917 0.283057 -0.018020
v -0.116959 0.285957 -0.018067
v -0.117341 0.320611 -0.013988
v -0.117387 0.319092 -0.014722
v -0.117237 0.322084 -0.012865
v -0.117160 0.322861 -0.010640
v -0.117193 0.323195 -0.011037
v -0.116889 0.322511 -0.010366
v -0.117160 0.280272 -0.016874
v -0.117011 0.280248 -0.017260
v -0.117100 0.283281 -0.016470
v -0.117052 0.286083 -0.017308
v -0.117383 0.317444 -0.014562
v -0.117454 0.317675 -0.015022
v -0.117101 0.280346 -0.016470
v -0.116607 0.320763 -0.011488
v -0.116694 0.280280 -0.017526
v -0.116905 0.286047 -0.017679
v -0.116770 0.319526 -0.012753
v -0.116979 0.323422 -0.011453
v -0.116548 0.283167 -0.017885
v -0.117036 0.318521 -0.013973
v -0.116453 0.322239 -0.010291
v -0.116849 0.280450 -0.016157
v -0.116706 0.283361 -0.016542
v -0.117091 0.318801 -0.014409
v -0.116894 0.320363 -0.013895
v -0.116749 0.321967 -0.013004
v -0.116294 0.280360 -0.017600
v -0.116564 0.319736 -0.013181
v -0.116576 0.323483 -0.011775
v -0.116302 0.283278 -0.017578
v -0.116204 0.320823 -0.011811
v -0.116462 0.324257 -0.009499
v -0.116491 0.324597 -0.009891
v -0.116562 0.277535 -0.016497
v -0.116413 0.277518 -0.016891
v -0.116195 0.323899 -0.009233
v -0.116500 0.277601 -0.016085
v -0.116472 0.280556 -0.016019
v -0.116609 0.320042 -0.013599
v -0.115968 0.322117 -0.010434
v -0.116394 0.283390 -0.016803
v -0.116091 0.277554 -0.017162
v -0.116275 0.324829 -0.010304
v -0.116246 0.283359 -0.017182
v -0.115917 0.280466 -0.017461
v -0.116308 0.321704 -0.012921
v -0.115762 0.323620 -0.009163
v -0.116242 0.277698 -0.015766
v -0.115994 0.321044 -0.012232
v -0.116091 0.323361 -0.011918
v -0.115684 0.277635 -0.017236
v -0.116072 0.280636 -0.016092
v -0.116032 0.321366 -0.012639
v -0.115564 0.322178 -0.010756
v -0.115972 0.274767 -0.016177
v -0.115821 0.274757 -0.016578
v -0.115872 0.324890 -0.010626
v -0.115666 0.280570 -0.017148
v -0.115906 0.274825 -0.015757
v -0.115858 0.277801 -0.015625
v -0.115279 0.323494 -0.009309
v -0.115741 0.325635 -0.008338
v -0.115477 0.325272 -0.008076
v -0.115769 0.325980 -0.008726
v -0.115496 0.274798 -0.016853
v -0.115755 0.280668 -0.016358
v -0.115300 0.277737 -0.017095
v -0.115606 0.280644 -0.016744
v -0.115655 0.323089 -0.011843
v -0.115551 0.326214 -0.009137
v -0.115643 0.274917 -0.015432
v -0.115350 0.322406 -0.011172
v -0.115047 0.324987 -0.008010
v -0.115082 0.274880 -0.016929
v -0.115451 0.277882 -0.015700
v -0.115389 0.324764 -0.010772
v -0.115383 0.322739 -0.011569
v -0.115382 0.271968 -0.015912
v -0.115231 0.271966 -0.016320
v -0.115043 0.277835 -0.016776
v -0.114875 0.323555 -0.009631
v -0.115314 0.272019 -0.015485
v -0.115148 0.326274 -0.009459
v -0.115252 0.275017 -0.015288
v -0.114902 0.272013 -0.016600
v -0.115130 0.277918 -0.015970
v -0.114566 0.324858 -0.008159
v -0.115023 0.326964 -0.007197
v -0.115049 0.327311 -0.007584
v -0.114761 0.326597 -0.006938
v -0.114691 0.274980 -0.016785
v -0.115045 0.272105 -0.015154
v -0.114980 0.277901 -0.016364
v -0.114956 0.324485 -0.010702
v -0.114659 0.323786 -0.010044
v -0.114832 0.327545 -0.007994
v -0.114482 0.272097 -0.016677
v -0.114332 0.326309 -0.006876
v -0.114838 0.275098 -0.015364
v -0.114788 0.269139 -0.015701
v -0.114637 0.269144 -0.016116
v -0.114689 0.324127 -0.010436
v -0.114667 0.326145 -0.009608
v -0.114717 0.269182 -0.015267
v -0.114428 0.275072 -0.016460
v -0.114162 0.324918 -0.008482
v -0.114647 0.272203 -0.015007
v -0.114303 0.269198 -0.016401
v -0.114513 0.275140 -0.015639
v -0.114429 0.327604 -0.008318
v -0.114084 0.272195 -0.016531
v -0.114442 0.269263 -0.014930
v -0.114362 0.275130 -0.016040
v -0.113853 0.326176 -0.007027
v -0.114330 0.328211 -0.006120
v -0.114357 0.328557 -0.006507
v -0.114069 0.327842 -0.005863
v -0.114237 0.325860 -0.009543
v -0.113877 0.269284 -0.016479
v -0.113945 0.325152 -0.008892
v -0.114227 0.272287 -0.015084
v -0.114140 0.328790 -0.006919
v -0.114183 0.266279 -0.015544
v -0.114031 0.266292 -0.015966
v -0.113642 0.327551 -0.005803
v -0.114109 0.266315 -0.015102
v -0.113815 0.272281 -0.016200
v -0.113973 0.325497 -0.009281
v -0.113950 0.327471 -0.008469
v -0.113694 0.266353 -0.016255
v -0.114038 0.269360 -0.014781
v -0.113450 0.326235 -0.007351
v -0.113472 0.269381 -0.016330
v -0.113897 0.272334 -0.015365
v -0.113829 0.266392 -0.014760
v -0.113746 0.272332 -0.015773
v -0.113739 0.328846 -0.007245
v -0.113688 0.329344 -0.005150
v -0.113716 0.329688 -0.005539
v -0.113164 0.327416 -0.005957
v -0.113426 0.328977 -0.004892
v -0.113261 0.266443 -0.016335
v -0.113612 0.269447 -0.014860
v -0.113522 0.327183 -0.008407
v -0.113562 0.263388 -0.015439
v -0.113409 0.263410 -0.015867
v -0.113233 0.326469 -0.007762
v -0.113502 0.329916 -0.005955
v -0.113485 0.263417 -0.014991
v -0.113197 0.269462 -0.015994
v -0.113000 0.328684 -0.004833
v -0.113068 0.263478 -0.016162
v -0.113418 0.266488 -0.014609
v -0.113259 0.326816 -0.008148
v -0.113262 0.328710 -0.007399
v -0.113278 0.269500 -0.015144
v -0.112850 0.266540 -0.016184
v -0.112764 0.327472 -0.006283
v -0.113200 0.263491 -0.014643
v -0.113126 0.269506 -0.015560
v -0.113104 0.329968 -0.006285
v -0.113118 0.330334 -0.004328
v -0.113150 0.330670 -0.004723
v -0.112630 0.263573 -0.016243
v -0.112854 0.329971 -0.004066
v -0.112524 0.328545 -0.004990
v -0.112986 0.266579 -0.014689
v -0.112918 0.260467 -0.015386
v -0.112765 0.260498 -0.015821
v -0.112835 0.328419 -0.007339
v -0.112942 0.330889 -0.005146
v -0.112838 0.260490 -0.014931
v -0.112570 0.266616 -0.015841
v -0.112420 0.260574 -0.016120
v -0.112782 0.263588 -0.014489
v -0.112547 0.327704 -0.006695
v -0.112428 0.329678 -0.004007
v -0.112212 0.263670 -0.016089
v -0.112649 0.266639 -0.014978
v -0.112573 0.328051 -0.007082
v -0.112628 0.329828 -0.006442
v -0.112548 0.260560 -0.014578
v -0.112496 0.266653 -0.015400
v -0.112126 0.328596 -0.005321
v -0.112644 0.331151 -0.003695
v -0.112686 0.331470 -0.004103
v -0.112373 0.330799 -0.003425
v -0.112548 0.330933 -0.005483
v -0.111976 0.260674 -0.016202
v -0.112344 0.263683 -0.014571
v -0.111955 0.329534 -0.004169
v -0.112488 0.331671 -0.004540
v -0.112243 0.257509 -0.015383
v -0.112088 0.257542 -0.015825
v -0.111927 0.263743 -0.015742
v -0.111946 0.330509 -0.003364
v -0.112163 0.257533 -0.014922
v -0.112202 0.329536 -0.006384
v -0.112124 0.260658 -0.014422
v -0.111740 0.257624 -0.016128
v -0.111912 0.328824 -0.005736
v -0.111154 0.333755 -0.001942
v -0.111209 0.334051 -0.002365
v -0.112003 0.263750 -0.014865
v -0.110874 0.333419 -0.001660
v -0.111553 0.260773 -0.016046
v -0.112075 0.330788 -0.005645
v -0.111869 0.257609 -0.014564
v -0.111850 0.263773 -0.015294
v -0.111940 0.329168 -0.006125
v -0.112102 0.331701 -0.004888
v -0.111562 0.329577 -0.004506
v -0.111024 0.334229 -0.002818
v -0.111291 0.257732 -0.016212
v -0.111476 0.330358 -0.003530
v -0.110443 0.333135 -0.001596
v -0.111680 0.260759 -0.014504
v -0.111925 0.256375 -0.015358
v -0.111773 0.256401 -0.015785
v -0.111850 0.256409 -0.014911
v -0.111262 0.260843 -0.015693
v -0.111650 0.330496 -0.005586
v -0.111441 0.257715 -0.014406
v -0.111353 0.329796 -0.004929
v -0.111633 0.331550 -0.005054
v -0.110649 0.334241 -0.003177
v -0.111436 0.256480 -0.016079
v -0.111336 0.260835 -0.014803
v -0.110863 0.257838 -0.016053
v -0.111445 0.254711 -0.015281
v -0.111297 0.254730 -0.015694
v -0.111183 0.260865 -0.015238
v -0.111385 0.330132 -0.005324
v -0.111091 0.330388 -0.003878
v -0.109978 0.332977 -0.001767
v -0.111568 0.256494 -0.014565
v -0.111374 0.254752 -0.014849
v -0.110970 0.254806 -0.015978
v -0.111003 0.256591 -0.016160
v -0.110992 0.257823 -0.014489
v -0.111205 0.331260 -0.004993
v -0.110184 0.334083 -0.003348
v -0.111156 0.256607 -0.014412
v -0.111104 0.254842 -0.014515
v -0.110569 0.257914 -0.015696
v -0.110893 0.330589 -0.004314
v -0.110834 0.252622 -0.015162
v -0.110691 0.252639 -0.015561
v -0.110552 0.254916 -0.016057
v -0.109603 0.332989 -0.002126
v -0.110935 0.330908 -0.004723
v -0.110768 0.252665 -0.014745
v -0.110644 0.257905 -0.014793
v -0.110375 0.252711 -0.015835
v -0.110591 0.256704 -0.016007
v -0.110489 0.257938 -0.015234
v -0.109753 0.333799 -0.003284
v -0.109602 0.336509 -0.000346
v -0.109670 0.336782 -0.000783
v -0.110707 0.254959 -0.014367
v -0.110723 0.256718 -0.014493
v -0.109313 0.336188 -0.000055
v -0.110508 0.252757 -0.014422
v -0.109418 0.333167 -0.002578
v -0.109498 0.336936 -0.001249
v -0.110155 0.255033 -0.015909
v -0.109972 0.252819 -0.015911
v -0.109473 0.333463 -0.003002
v -0.108880 0.335907 0.000011
v -0.110309 0.256789 -0.015661
v -0.110126 0.250212 -0.015009
v -0.109987 0.250227 -0.015394
v -0.110062 0.250256 -0.014607
v -0.110290 0.255069 -0.014446
v -0.110386 0.256797 -0.014787
v -0.110125 0.252873 -0.014280
v -0.109682 0.250296 -0.015659
v -0.109134 0.336929 -0.001619
v -0.109590 0.252935 -0.015768
v -0.109886 0.255123 -0.015574
v -0.110234 0.256823 -0.015214
v -0.109812 0.250347 -0.014296
v -0.108420 0.335741 -0.000165
v -0.109963 0.255145 -0.014730
v -0.109293 0.250402 -0.015732
v -0.109815 0.255164 -0.015143
v -0.109722 0.252981 -0.014356
v -0.108673 0.336763 -0.001795
v -0.109330 0.253026 -0.015445
v -0.109349 0.247587 -0.014832
v -0.109215 0.247600 -0.015203
v -0.109443 0.250460 -0.014159
v -0.109288 0.247631 -0.014445
v -0.108922 0.247667 -0.015458
v -0.108925 0.250515 -0.015595
v -0.109407 0.253053 -0.014630
v -0.108055 0.335734 -0.000535
v -0.109263 0.253070 -0.015029
v -0.109048 0.247720 -0.014145
v -0.108241 0.336482 -0.001729
v -0.109055 0.250566 -0.014232
v -0.108547 0.247769 -0.015529
v -0.107971 0.339370 0.001082
v -0.108051 0.339623 0.000635
v -0.108675 0.250605 -0.015283
v -0.107884 0.335888 -0.001001
v -0.107675 0.339062 0.001379
v -0.107893 0.339753 0.000157
v -0.107952 0.336162 -0.001438
v -0.108693 0.247830 -0.014013
v -0.108750 0.250635 -0.014496
v -0.108409 0.244865 -0.014997
v -0.108538 0.244853 -0.014640
v -0.108611 0.250649 -0.014881
v -0.107243 0.338781 0.001445
v -0.108126 0.244928 -0.015242
v -0.108479 0.244896 -0.014268
v -0.108192 0.247879 -0.015396
v -0.107541 0.339725 -0.000224
v -0.108248 0.244982 -0.013979
v -0.108319 0.247932 -0.014084
v -0.107766 0.245027 -0.015310
v -0.107952 0.247968 -0.015096
v -0.106790 0.338602 0.001263
v -0.107598 0.242127 -0.014784
v -0.107722 0.242116 -0.014441
v -0.107327 0.242188 -0.015019
v -0.107666 0.242158 -0.014084
v -0.106981 0.242282 -0.015085
v -0.107907 0.245089 -0.013852
v -0.107445 0.242241 -0.013807
v -0.107425 0.245133 -0.015183
v -0.107194 0.245220 -0.014894
v -0.108025 0.247998 -0.014339
v -0.107547 0.245187 -0.013920
v -0.107891 0.248011 -0.014709
v -0.107264 0.245251 -0.014165
v -0.106437 0.338574 0.000882
v -0.106279 0.338704 0.000404
v -0.107087 0.339547 -0.000406
v -0.106655 0.339266 -0.000340
v -0.106248 0.342296 0.002331
v -0.105947 0.341996 0.002631
v -0.106339 0.342530 0.001876
v -0.107117 0.242344 -0.013684
v -0.107135 0.245263 -0.014522
v -0.106359 0.338957 -0.000044
v -0.106196 0.342635 0.001387
v -0.106816 0.239492 -0.014574
v -0.106935 0.239482 -0.014245
v -0.106556 0.239551 -0.014800
v -0.106882 0.239523 -0.013902
v -0.106653 0.242385 -0.014963
v -0.105517 0.341710 0.002695
v -0.106224 0.239641 -0.014862
v -0.106669 0.239604 -0.013637
v -0.106432 0.242469 -0.014685
v -0.106771 0.242439 -0.013750
v -0.105857 0.342584 0.000996
v -0.106375 0.242511 -0.014328
v -0.106500 0.242500 -0.013985
v -0.105073 0.341516 0.002507
v -0.105910 0.239740 -0.014745
v -0.106355 0.239703 -0.013519
v -0.105413 0.342389 0.000807
v -0.106208 0.237060 -0.014061
v -0.106094 0.237069 -0.014375
v -0.105573 0.234955 -0.013897
v -0.105062 0.233274 -0.013762
v -0.104957 0.233281 -0.014049
v -0.104610 0.232141 -0.013939
v -0.105464 0.234963 -0.014197
v -0.104730 0.233331 -0.014245
v -0.104393 0.232187 -0.014127
v -0.105524 0.234993 -0.013583
v -0.105016 0.233311 -0.013463
v -0.104709 0.232132 -0.013667
v -0.105330 0.235068 -0.013340
v -0.104831 0.233382 -0.013232
v -0.104663 0.232163 -0.013383
v -0.105225 0.235015 -0.014404
v -0.106157 0.237100 -0.013732
v -0.105954 0.237177 -0.013478
v -0.105844 0.237124 -0.014591
v -0.104922 0.235098 -0.014461
v -0.104440 0.233409 -0.014300
v -0.105653 0.237272 -0.013366
v -0.105043 0.235158 -0.013233
v -0.105527 0.237211 -0.014651
v -0.104635 0.235189 -0.014354
v -0.104167 0.233495 -0.014198
v -0.105336 0.237359 -0.013426
v -0.104740 0.235241 -0.013290
v -0.104557 0.233469 -0.013130
v -0.105226 0.237306 -0.014539
v -0.106023 0.239794 -0.013582
v -0.105023 0.237384 -0.014285
v -0.104441 0.235263 -0.014111
v -0.105763 0.239852 -0.013808
v -0.105086 0.237414 -0.013642
v -0.105697 0.239821 -0.014479
v -0.104972 0.237423 -0.013956
v -0.104392 0.235302 -0.013797
v -0.105644 0.239862 -0.014136
v -0.104501 0.235293 -0.013497
v -0.104734 0.341464 0.002115
v -0.104591 0.341569 0.001627
v -0.104682 0.341803 0.001171
v -0.104983 0.342103 0.000871
v -0.103256 0.344437 0.003556
v -0.102934 0.344359 0.003155
v -0.103688 0.344652 0.003752
v -0.104112 0.344946 0.003690
v -0.103637 0.345245 0.001833
v -0.103213 0.344951 0.001894
v -0.104416 0.345240 0.003388
v -0.104069 0.345459 0.002028
v -0.104518 0.345457 0.002927
v -0.104391 0.345537 0.002429
v -0.103701 0.228608 -0.013761
v -0.103489 0.228654 -0.013944
v -0.103795 0.228592 -0.013495
v -0.104486 0.232224 -0.013162
v -0.103748 0.228610 -0.013217
v -0.104117 0.232258 -0.014178
v -0.103982 0.233566 -0.013966
v -0.104267 0.233547 -0.013184
v -0.102807 0.344440 0.002657
v -0.102909 0.344656 0.002196
v -0.104224 0.232301 -0.013064
v -0.104040 0.233596 -0.013381
v -0.102461 0.348160 0.004242
v -0.102575 0.348360 0.003776
v -0.103571 0.228656 -0.013001
v -0.103218 0.228717 -0.013994
v -0.103855 0.232335 -0.014081
v -0.103935 0.233603 -0.013667
v -0.102156 0.347868 0.004545
v -0.102465 0.348414 0.003270
v -0.103948 0.232372 -0.013116
v -0.103313 0.228720 -0.012905
v -0.103678 0.232397 -0.013860
v -0.102960 0.228780 -0.013898
v -0.103731 0.232418 -0.013303
v -0.101740 0.347561 0.004602
v -0.102162 0.348307 0.002861
v -0.103632 0.232427 -0.013575
v -0.103041 0.228782 -0.012955
v -0.102783 0.228827 -0.013682
v -0.102904 0.224567 -0.013502
v -0.102814 0.224590 -0.013761
v -0.102855 0.224572 -0.013230
v -0.102830 0.228828 -0.013138
v -0.102608 0.224636 -0.013939
v -0.102736 0.228844 -0.013404
v -0.101325 0.347322 0.004399
v -0.102680 0.224604 -0.013020
v -0.101747 0.348069 0.002658
v -0.102343 0.224692 -0.013988
v -0.102426 0.224655 -0.012926
v -0.101022 0.347215 0.003990
v -0.102088 0.224742 -0.013895
v -0.101331 0.347762 0.002716
v -0.102160 0.224710 -0.012975
v -0.101913 0.224774 -0.013684
v -0.100913 0.347269 0.003485
v -0.102042 0.220189 -0.013657
v -0.101955 0.220217 -0.013910
v -0.101026 0.347469 0.003018
v -0.101993 0.220185 -0.013393
v -0.101755 0.220263 -0.014084
v -0.101954 0.224756 -0.013153
v -0.101864 0.224779 -0.013413
v -0.101820 0.220208 -0.013188
v -0.101495 0.220313 -0.014131
v -0.100368 0.351010 0.004881
v -0.100492 0.351195 0.004411
v -0.100063 0.350717 0.005183
v -0.100403 0.351222 0.003899
v -0.101571 0.220250 -0.013097
v -0.101245 0.220355 -0.014041
v -0.101311 0.220300 -0.013145
v -0.099660 0.350393 0.005237
v -0.100124 0.351083 0.003483
v -0.101215 0.215598 -0.013931
v -0.101131 0.215629 -0.014177
v -0.101166 0.215588 -0.013674
v -0.100936 0.215674 -0.014346
v -0.101073 0.220377 -0.013836
v -0.101111 0.220345 -0.013319
v -0.101023 0.220374 -0.013571
v -0.100997 0.215604 -0.013475
v -0.100683 0.215720 -0.014393
v -0.099266 0.350126 0.005027
v -0.099730 0.350816 0.003274
v -0.100753 0.215639 -0.013386
v -0.100439 0.215756 -0.014304
v -0.100500 0.215686 -0.013433
v -0.098987 0.349987 0.004611
v -0.099326 0.350492 0.003327
v -0.100269 0.215771 -0.014105
v -0.100430 0.210931 -0.014292
v -0.100349 0.210964 -0.014532
v -0.100382 0.210918 -0.014042
v -0.100159 0.211009 -0.014696
v -0.100305 0.215731 -0.013602
v -0.100220 0.215762 -0.013848
v -0.098897 0.350014 0.004100
v -0.099022 0.350199 0.003630
v -0.100217 0.210928 -0.013849
v -0.099912 0.211052 -0.014742
v -0.099978 0.210959 -0.013763
v -0.099674 0.211084 -0.014656
v -0.099694 0.206327 -0.014711
v -0.099647 0.206311 -0.014468
v -0.099615 0.206362 -0.014943
v -0.099431 0.206405 -0.015103
v -0.099731 0.211003 -0.013809
v -0.099542 0.211047 -0.013973
v -0.099509 0.211094 -0.014462
v -0.098120 0.353746 0.005291
v -0.097818 0.353449 0.005592
v -0.098256 0.353917 0.004819
v -0.098190 0.353915 0.004303
v -0.099460 0.211081 -0.014213
v -0.099485 0.206318 -0.014280
v -0.099191 0.206447 -0.015148
v -0.097940 0.353741 0.003882
v -0.097432 0.353104 0.005643
v -0.099253 0.206346 -0.014197
v -0.098959 0.206475 -0.015065
v -0.099013 0.206387 -0.014242
v -0.097572 0.353442 0.003667
v -0.099013 0.201923 -0.015156
v -0.098936 0.201958 -0.015382
v -0.098966 0.201905 -0.014920
v -0.098797 0.206481 -0.014877
v -0.097065 0.352804 0.005429
v -0.098757 0.202001 -0.015537
v -0.098829 0.206431 -0.014401
v -0.098750 0.206465 -0.014634
v -0.098809 0.201910 -0.014738
v -0.098524 0.202041 -0.015580
v -0.097186 0.353097 0.003718
v -0.096815 0.352630 0.005007
v -0.098583 0.201935 -0.014657
v -0.098298 0.202067 -0.015500
v -0.098393 0.197856 -0.015597
v -0.098319 0.197891 -0.015816
v -0.098350 0.201975 -0.014700
v -0.096885 0.352799 0.004020
v -0.096749 0.352629 0.004492
v -0.098347 0.197837 -0.015368
v -0.098145 0.197934 -0.015966
v -0.098141 0.202071 -0.015317
v -0.098195 0.197840 -0.015191
v -0.098171 0.202018 -0.014856
v -0.098094 0.202053 -0.015082
v -0.097918 0.197972 -0.016008
v -0.097975 0.197865 -0.015113
v -0.097699 0.197997 -0.015930
v -0.097840 0.194262 -0.016003
v -0.097769 0.194297 -0.016215
v -0.097796 0.194244 -0.015781
v -0.097749 0.197903 -0.015155
v -0.097600 0.194340 -0.016361
v -0.097546 0.198000 -0.015753
v -0.095848 0.356480 0.004986
v -0.095700 0.356322 0.005459
v -0.097648 0.194247 -0.015609
v -0.095810 0.356449 0.004469
v -0.097380 0.194378 -0.016402
v -0.097575 0.197946 -0.015306
v -0.097501 0.197981 -0.015525
v -0.095405 0.356017 0.005760
v -0.097435 0.194271 -0.015533
v -0.095595 0.356238 0.004045
v -0.097168 0.194402 -0.016326
v -0.097361 0.191278 -0.016343
v -0.097292 0.191313 -0.016549
v -0.095043 0.355648 0.005809
v -0.097319 0.191261 -0.016128
v -0.097129 0.191355 -0.016691
v -0.097215 0.194309 -0.015574
v -0.097019 0.194405 -0.016154
v -0.097175 0.191266 -0.015962
v -0.096916 0.191394 -0.016730
v -0.097047 0.194351 -0.015720
v -0.095261 0.355902 0.003828
v -0.096975 0.194387 -0.015932
v -0.096970 0.191291 -0.015888
v -0.094709 0.355312 0.005593
v -0.096710 0.191420 -0.016656
v -0.096961 0.189035 -0.016588
v -0.096894 0.189068 -0.016788
v -0.096920 0.189023 -0.016380
v -0.096736 0.189113 -0.016924
v -0.096757 0.191331 -0.015927
v -0.096783 0.189034 -0.016218
v -0.096531 0.189157 -0.016962
v -0.096567 0.191425 -0.016489
v -0.094899 0.355533 0.003877
v -0.094495 0.355101 0.005169
v -0.096594 0.191373 -0.016068
v -0.096524 0.191408 -0.016274
v -0.096643 0.187662 -0.016708
v -0.096577 0.187692 -0.016901
v -0.096585 0.189066 -0.016146
v -0.096606 0.187660 -0.016505
v -0.096334 0.189188 -0.016890
v -0.096426 0.187741 -0.017032
v -0.094604 0.355228 0.004179
v -0.096476 0.187687 -0.016347
v -0.096231 0.187797 -0.017067
v -0.096380 0.189110 -0.016183
v -0.094456 0.355070 0.004651
v -0.096196 0.189199 -0.016727
v -0.095959 0.185623 -0.016770
v -0.095894 0.185649 -0.016960
v -0.095927 0.185632 -0.016569
v -0.095747 0.185704 -0.017089
v -0.096289 0.187734 -0.016276
v -0.096223 0.189154 -0.016320
v -0.096155 0.189187 -0.016519
v -0.096044 0.187845 -0.016996
v -0.095804 0.185675 -0.016413
v -0.095559 0.185773 -0.017123
v -0.096094 0.187790 -0.016311
v -0.095915 0.187871 -0.016838
v -0.095625 0.185739 -0.016342
v -0.095380 0.185837 -0.017053
v -0.095943 0.187840 -0.016442
v -0.095878 0.187869 -0.016635
v -0.095437 0.185808 -0.016376
v -0.095258 0.185880 -0.016896
v -0.095175 0.183659 -0.016755
v -0.095109 0.183682 -0.016943
v -0.095291 0.185863 -0.016506
v -0.095146 0.183676 -0.016558
v -0.095225 0.185889 -0.016696
v -0.094966 0.183739 -0.017070
v -0.093254 0.358836 0.004900
v -0.093094 0.358689 0.005372
v -0.095029 0.183728 -0.016404
v -0.093247 0.358777 0.004383
v -0.094784 0.183815 -0.017104
v -0.092810 0.358375 0.005674
v -0.094856 0.183802 -0.016334
v -0.093075 0.358527 0.003961
v -0.094611 0.183889 -0.017034
v -0.094674 0.183877 -0.016367
v -0.092477 0.357978 0.005724
v -0.094495 0.183941 -0.016880
v -0.094531 0.183934 -0.016495
v -0.094465 0.183958 -0.016683
v -0.092784 0.358154 0.003746
v -0.094329 0.181754 -0.016684
v -0.094263 0.181775 -0.016869
v -0.094302 0.181776 -0.016489
v -0.094122 0.181833 -0.016995
v -0.092186 0.357605 0.005509
v -0.094190 0.181834 -0.016338
v -0.093945 0.181912 -0.017028
v -0.092452 0.357757 0.003796
v -0.094022 0.181913 -0.016269
v -0.093777 0.181991 -0.016959
v -0.092014 0.357355 0.005086
v -0.093845 0.181992 -0.016303
v -0.093665 0.182049 -0.016808
v -0.092167 0.357443 0.004098
v -0.093704 0.182049 -0.016428
v -0.093638 0.182070 -0.016613
v -0.092007 0.357296 0.004570
v -0.093460 0.179897 -0.016575
v -0.093394 0.179916 -0.016757
v -0.093435 0.179921 -0.016384
v -0.093256 0.179973 -0.016881
v -0.093326 0.179981 -0.016234
v -0.093081 0.180052 -0.016914
v -0.093162 0.180062 -0.016167
v -0.092917 0.180132 -0.016847
v -0.092987 0.180141 -0.016200
v -0.092808 0.180192 -0.016697
v -0.092849 0.180197 -0.016324
v -0.092783 0.180216 -0.016506
v -0.092608 0.178077 -0.016448
v -0.092543 0.178094 -0.016627
v -0.092584 0.178102 -0.016260
v -0.092405 0.178148 -0.016750
v -0.092476 0.178161 -0.016113
v -0.092233 0.178224 -0.016782
v -0.090460 0.360937 0.004546
v -0.090489 0.360851 0.004034
v -0.090287 0.360800 0.005017
v -0.092314 0.178238 -0.016046
v -0.092071 0.178302 -0.016715
v -0.090366 0.360564 0.003618
v -0.090017 0.360475 0.005320
v -0.092141 0.178314 -0.016078
v -0.092886 0.144389 -0.019090
v -0.092889 0.141326 -0.019548
v -0.092923 0.144410 -0.019317
v -0.092811 0.141340 -0.019756
v -0.092851 0.147422 -0.018762
v -0.092890 0.147453 -0.018996
v -0.092843 0.144429 -0.019533
v -0.091963 0.178361 -0.016568
v -0.092852 0.141313 -0.019329
v -0.092801 0.138267 -0.019702
v -0.092726 0.138277 -0.019902
v -0.092739 0.144373 -0.018913
v -0.092699 0.147395 -0.018580
v -0.092806 0.147478 -0.019219
v -0.092733 0.150344 -0.018330
v -0.092773 0.150388 -0.018571
v -0.092766 0.138259 -0.019491
v -0.092711 0.141304 -0.019157
v -0.092639 0.141352 -0.019897
v -0.092664 0.144442 -0.019679
v -0.092577 0.150302 -0.018143
v -0.092004 0.178368 -0.016200
v -0.092675 0.135300 -0.019794
v -0.092603 0.135308 -0.019987
v -0.092561 0.138288 -0.020038
v -0.092686 0.150421 -0.018800
v -0.092621 0.147492 -0.019370
v -0.091938 0.178385 -0.016380
v -0.089722 0.360050 0.005375
v -0.090126 0.360153 0.003409
v -0.092630 0.138257 -0.019325
v -0.092641 0.135296 -0.019591
v -0.092518 0.153094 -0.017779
v -0.092559 0.153141 -0.018027
v -0.092443 0.135317 -0.020118
v -0.092523 0.144364 -0.018832
v -0.092475 0.147377 -0.018497
v -0.092356 0.153045 -0.017587
v -0.092503 0.141302 -0.019079
v -0.092346 0.150273 -0.018060
v -0.092525 0.132492 -0.019838
v -0.092455 0.132498 -0.020023
v -0.092495 0.150436 -0.018956
v -0.092469 0.153173 -0.018265
v -0.092420 0.141357 -0.019933
v -0.092437 0.144444 -0.019717
v -0.092511 0.135298 -0.019432
v -0.092493 0.132492 -0.019643
v -0.092302 0.132507 -0.020148
v -0.092430 0.138259 -0.019250
v -0.092349 0.138296 -0.020073
v -0.092385 0.147489 -0.019410
v -0.091813 0.176284 -0.016322
v -0.091748 0.176300 -0.016498
v -0.092118 0.153008 -0.017502
v -0.091788 0.176306 -0.016136
v -0.092240 0.135327 -0.020151
v -0.092474 0.153381 -0.017743
v -0.092515 0.153416 -0.017986
v -0.092365 0.129911 -0.019848
v -0.092298 0.129915 -0.020025
v -0.092367 0.132497 -0.019490
v -0.092335 0.129913 -0.019661
v -0.092318 0.135305 -0.019359
v -0.092295 0.144367 -0.018870
v -0.092283 0.141308 -0.019115
v -0.092239 0.147375 -0.018537
v -0.092272 0.153182 -0.018428
v -0.092251 0.150428 -0.018998
v -0.092317 0.153340 -0.017555
v -0.092429 0.153435 -0.018218
v -0.092404 0.153896 -0.017695
v -0.092445 0.153923 -0.017932
v -0.091611 0.176349 -0.016618
v -0.092152 0.129923 -0.020145
v -0.092108 0.132517 -0.020181
v -0.092218 0.138267 -0.019285
v -0.092211 0.141355 -0.019855
v -0.092149 0.138299 -0.019998
v -0.092220 0.144436 -0.019636
v -0.092102 0.150264 -0.018102
v -0.092250 0.153860 -0.017512
v -0.092361 0.153936 -0.018159
v -0.092239 0.153434 -0.018378
v -0.092307 0.154614 -0.017635
v -0.092158 0.154579 -0.017457
v -0.092346 0.154639 -0.017865
v -0.091438 0.176418 -0.016650
v -0.091680 0.176361 -0.015991
v -0.089831 0.359728 0.003464
v -0.089481 0.359639 0.005166
v -0.092211 0.127624 -0.019836
v -0.092147 0.127627 -0.020006
v -0.092215 0.129920 -0.019514
v -0.092182 0.127627 -0.019658
v -0.092182 0.132506 -0.019420
v -0.092048 0.135333 -0.020078
v -0.092162 0.147472 -0.019327
v -0.091867 0.152991 -0.017547
v -0.092085 0.153304 -0.017472
v -0.092266 0.154650 -0.018085
v -0.092177 0.153930 -0.018314
v -0.092183 0.155508 -0.017560
v -0.092222 0.155532 -0.017783
v -0.092007 0.127635 -0.020121
v -0.091965 0.129934 -0.020176
v -0.092115 0.135314 -0.019392
v -0.092117 0.144379 -0.019017
v -0.092111 0.141319 -0.019256
v -0.092055 0.147389 -0.018688
v -0.092025 0.153826 -0.017432
v -0.092039 0.155474 -0.017388
v -0.091518 0.176432 -0.015925
v -0.092016 0.125702 -0.019981
v -0.092077 0.125700 -0.019819
v -0.092067 0.127635 -0.019517
v -0.092038 0.129930 -0.019447
v -0.091923 0.132526 -0.020111
v -0.092053 0.138278 -0.019420
v -0.092070 0.141347 -0.019683
v -0.092013 0.138296 -0.019832
v -0.092074 0.144419 -0.019459
v -0.091911 0.150279 -0.018258
v -0.092021 0.153165 -0.018472
v -0.092020 0.150398 -0.018915
v -0.091995 0.153413 -0.018423
v -0.091939 0.154546 -0.017379
v -0.092144 0.155542 -0.017997
v -0.092087 0.154642 -0.018236
v -0.092034 0.156548 -0.017472
v -0.092071 0.156573 -0.017688
v -0.091276 0.176490 -0.016584
v -0.091882 0.125709 -0.020090
v -0.092049 0.125703 -0.019648
v -0.091829 0.127646 -0.020150
v -0.091988 0.132516 -0.019452
v -0.091788 0.129945 -0.020109
v -0.091956 0.135324 -0.019523
v -0.091917 0.135335 -0.019919
v -0.092036 0.144398 -0.019232
v -0.092033 0.141333 -0.019464
v -0.091971 0.147414 -0.018911
v -0.092010 0.147445 -0.019145
v -0.091670 0.153000 -0.017710
v -0.091841 0.153283 -0.017517
v -0.091940 0.153907 -0.018358
v -0.091827 0.155440 -0.017312
v -0.091894 0.156514 -0.017305
v -0.091970 0.155533 -0.018144
v -0.091996 0.156582 -0.017895
v -0.091346 0.176502 -0.015957
v -0.089561 0.359404 0.003768
v -0.089359 0.359352 0.004750
v -0.091977 0.124207 -0.019808
v -0.091919 0.124210 -0.019962
v -0.091940 0.125710 -0.019514
v -0.091898 0.127646 -0.019453
v -0.091977 0.138289 -0.019621
v -0.091788 0.153803 -0.017475
v -0.091857 0.154618 -0.018279
v -0.091860 0.157706 -0.017370
v -0.091895 0.157731 -0.017579
v -0.091169 0.176544 -0.016439
v -0.091951 0.124208 -0.019646
v -0.091927 0.123217 -0.019818
v -0.091872 0.123223 -0.019965
v -0.091846 0.124212 -0.019518
v -0.091902 0.123211 -0.019664
v -0.091792 0.124216 -0.020067
v -0.091712 0.125719 -0.020118
v -0.091659 0.127656 -0.020086
v -0.091851 0.129941 -0.019478
v -0.091835 0.132525 -0.019578
v -0.091797 0.132531 -0.019958
v -0.091883 0.135332 -0.019716
v -0.091824 0.150312 -0.018487
v -0.091864 0.150356 -0.018728
v -0.091783 0.153128 -0.018387
v -0.091763 0.153377 -0.018340
v -0.091710 0.154522 -0.017421
v -0.091689 0.156479 -0.017232
v -0.091828 0.156572 -0.018038
v -0.091748 0.155508 -0.018185
v -0.091724 0.157671 -0.017208
v -0.091822 0.157740 -0.017779
v -0.091144 0.176566 -0.016253
v -0.091209 0.176551 -0.016077
v -0.089388 0.359266 0.004238
v -0.091778 0.125720 -0.019453
v -0.091715 0.153873 -0.018277
v -0.091604 0.155415 -0.017353
v -0.091751 0.123227 -0.020064
v -0.091597 0.123229 -0.020089
v -0.091802 0.123208 -0.019543
v -0.091692 0.124219 -0.019460
v -0.091656 0.123207 -0.019488
v -0.091630 0.124223 -0.020093
v -0.091719 0.127656 -0.019483
v -0.091608 0.125730 -0.019481
v -0.091550 0.125729 -0.020057
v -0.091668 0.129952 -0.019962
v -0.091545 0.127664 -0.019946
v -0.091704 0.129949 -0.019598
v -0.091765 0.132531 -0.019763
v -0.091638 0.129953 -0.019775
v -0.091580 0.153033 -0.017947
v -0.091621 0.153079 -0.018195
v -0.091651 0.153281 -0.017677
v -0.091604 0.153797 -0.017631
v -0.091606 0.153336 -0.018152
v -0.091531 0.154514 -0.017572
v -0.091639 0.154584 -0.018200
v -0.091474 0.156454 -0.017272
v -0.091612 0.156547 -0.018078
v -0.091536 0.155474 -0.018109
v -0.091526 0.157635 -0.017138
v -0.091660 0.157729 -0.017918
v -0.091660 0.158951 -0.017253
v -0.091530 0.158915 -0.017097
v -0.091695 0.158977 -0.017455
v -0.091624 0.158986 -0.017649
v -0.091048 0.174521 -0.016389
v -0.091112 0.174507 -0.016215
v -0.090911 0.174564 -0.016507
v -0.091086 0.174525 -0.016032
v -0.091530 0.124226 -0.019487
v -0.091502 0.123209 -0.019514
v -0.091476 0.124230 -0.020035
v -0.091441 0.125736 -0.019923
v -0.091579 0.127664 -0.019598
v -0.091515 0.127667 -0.019767
v -0.091565 0.153301 -0.017909
v -0.091521 0.153810 -0.017857
v -0.091561 0.153838 -0.018094
v -0.091431 0.155406 -0.017500
v -0.091318 0.157609 -0.017176
v -0.091339 0.158878 -0.017029
v -0.091451 0.157703 -0.017957
v -0.091467 0.158975 -0.017783
v -0.091437 0.160254 -0.017122
v -0.091312 0.160216 -0.016972
v -0.091470 0.160281 -0.017317
v -0.090977 0.174571 -0.015889
v -0.091450 0.123228 -0.020034
v -0.091474 0.125737 -0.019591
v -0.091450 0.154524 -0.017793
v -0.091490 0.154550 -0.018022
v -0.091306 0.156444 -0.017415
v -0.091407 0.156512 -0.018005
v -0.091402 0.160290 -0.017504
v -0.090737 0.174624 -0.016537
v -0.091403 0.124232 -0.019591
v -0.091381 0.123213 -0.019613
v -0.091371 0.124234 -0.019908
v -0.091413 0.125739 -0.019753
v -0.091353 0.155415 -0.017714
v -0.091391 0.155440 -0.017937
v -0.091137 0.158851 -0.017067
v -0.091127 0.160178 -0.016906
v -0.090814 0.174632 -0.015823
v -0.091351 0.123225 -0.019913
v -0.091155 0.157599 -0.017315
v -0.091266 0.158947 -0.017821
v -0.091250 0.160278 -0.017633
v -0.091191 0.161585 -0.016976
v -0.091222 0.161613 -0.017164
v -0.091326 0.123219 -0.019759
v -0.091345 0.124235 -0.019745
v -0.091230 0.156453 -0.017622
v -0.091267 0.156478 -0.017838
v -0.091082 0.157607 -0.017515
v -0.091253 0.157667 -0.017886
v -0.090980 0.158840 -0.017201
v -0.090933 0.160149 -0.016943
v -0.091070 0.161545 -0.016831
v -0.090893 0.161505 -0.016768
v -0.091156 0.161622 -0.017344
v -0.090574 0.174685 -0.016472
v -0.090641 0.174691 -0.015854
v -0.091118 0.157632 -0.017724
v -0.091074 0.158911 -0.017752
v -0.091056 0.160250 -0.017670
v -0.091010 0.161610 -0.017469
v -0.090921 0.162913 -0.016815
v -0.090806 0.162871 -0.016676
v -0.090951 0.162943 -0.016995
v -0.090465 0.174730 -0.016328
v -0.090504 0.174734 -0.015972
v -0.090439 0.174748 -0.016145
v -0.090910 0.158848 -0.017394
v -0.090944 0.158874 -0.017596
v -0.090782 0.160138 -0.017072
v -0.090706 0.161474 -0.016804
v -0.090887 0.162953 -0.017169
v -0.090481 0.172749 -0.016317
v -0.090544 0.172736 -0.016146
v -0.090872 0.160211 -0.017605
v -0.090823 0.161580 -0.017505
v -0.090636 0.162828 -0.016615
v -0.090747 0.162941 -0.017290
v -0.090343 0.172784 -0.016433
v -0.090517 0.172748 -0.015966
v -0.090713 0.160147 -0.017259
v -0.090746 0.160174 -0.017454
v -0.090560 0.161462 -0.016929
v -0.090630 0.164210 -0.016638
v -0.090520 0.164165 -0.016505
v -0.090657 0.164243 -0.016811
v -0.090169 0.172830 -0.016462
v -0.090406 0.172781 -0.015824
v -0.090646 0.161540 -0.017442
v -0.090456 0.162796 -0.016650
v -0.090596 0.164254 -0.016978
v -0.090567 0.162909 -0.017324
v -0.090357 0.164119 -0.016448
v -0.090241 0.172826 -0.015759
v -0.090494 0.161472 -0.017109
v -0.090525 0.161500 -0.017297
v -0.090461 0.164240 -0.017094
v -0.090004 0.172876 -0.016398
v -0.090316 0.162784 -0.016771
v -0.090252 0.162794 -0.016945
v -0.090397 0.162866 -0.017264
v -0.090185 0.164085 -0.016482
v -0.090289 0.164206 -0.017128
v -0.090319 0.165436 -0.016447
v -0.090213 0.165394 -0.016319
v -0.090345 0.165467 -0.016614
v -0.090286 0.165478 -0.016774
v -0.090084 0.170973 -0.016302
v -0.090146 0.170961 -0.016133
v -0.089893 0.172908 -0.016256
v -0.090066 0.172872 -0.015789
v -0.090282 0.162824 -0.017125
v -0.090050 0.164072 -0.016598
v -0.090126 0.164160 -0.017071
v -0.090056 0.165352 -0.016264
v -0.090156 0.165467 -0.016885
v -0.089946 0.170997 -0.016416
v -0.090117 0.170963 -0.015955
v -0.090005 0.170979 -0.015816
v -0.089865 0.172920 -0.016076
v -0.089929 0.172907 -0.015905
v -0.087459 0.362730 0.003913
v -0.087524 0.362622 0.003409
v -0.087276 0.362598 0.004382
v -0.089988 0.164083 -0.016765
v -0.090016 0.164115 -0.016938
v -0.089890 0.165322 -0.016296
v -0.089990 0.165437 -0.016918
v -0.089979 0.167326 -0.016177
v -0.089869 0.167299 -0.016045
v -0.090008 0.167348 -0.016347
v -0.089947 0.167360 -0.016510
v -0.089771 0.171026 -0.016444
v -0.087453 0.362304 0.003003
v -0.087024 0.362262 0.004689
v -0.089760 0.165311 -0.016407
v -0.089701 0.165323 -0.016568
v -0.089833 0.165395 -0.016862
v -0.089707 0.167275 -0.015986
v -0.089536 0.167261 -0.016017
v -0.089814 0.167359 -0.016622
v -0.089955 0.169170 -0.016194
v -0.089894 0.169182 -0.016360
v -0.089926 0.169160 -0.016020
v -0.089757 0.169193 -0.016473
v -0.089605 0.171052 -0.016381
v -0.089838 0.171005 -0.015752
v -0.089663 0.171034 -0.015781
v -0.087266 0.361861 0.002806
v -0.089727 0.165354 -0.016734
v -0.089402 0.167259 -0.016128
v -0.089643 0.167344 -0.016653
v -0.089480 0.167320 -0.016594
v -0.089813 0.169156 -0.015883
v -0.089647 0.169158 -0.015821
v -0.089583 0.169201 -0.016502
v -0.089492 0.171068 -0.016241
v -0.089463 0.171070 -0.016063
v -0.089525 0.171058 -0.015895
v -0.087012 0.361411 0.002869
v -0.086771 0.361813 0.004752
v -0.089417 0.169203 -0.016440
v -0.089341 0.167271 -0.016291
v -0.089370 0.167293 -0.016462
v -0.089472 0.169166 -0.015851
v -0.086583 0.361370 0.004555
v -0.089304 0.169199 -0.016303
v -0.086760 0.361076 0.003176
v -0.089336 0.169178 -0.015963
v -0.089274 0.169190 -0.016129
v -0.086513 0.361052 0.004150
v -0.086577 0.360944 0.003645
v -0.085427 0.363598 0.002842
v -0.085332 0.363720 0.003338
v -0.085403 0.363258 0.002449
v -0.085143 0.363591 0.003805
v -0.085266 0.362792 0.002265
v -0.084910 0.363247 0.004117
v -0.084696 0.362778 0.004191
v -0.085052 0.362323 0.002339
v -0.084820 0.361979 0.002651
v -0.084559 0.362312 0.004007
v -0.084630 0.361850 0.003118
v -0.084535 0.361972 0.003614
v -0.083423 0.364311 0.002211
v -0.083298 0.364443 0.002698
v -0.083442 0.363955 0.001832
v -0.083103 0.364317 0.003163
v -0.083353 0.363472 0.001663
v -0.082889 0.363965 0.003482
v -0.083177 0.362990 0.001749
v -0.082713 0.363484 0.003568
v -0.082963 0.362639 0.002067
v -0.082623 0.363000 0.003398
v -0.082768 0.362512 0.002532
v -0.082643 0.362645 0.003019
v -0.081498 0.364798 0.001517
v -0.081561 0.364431 0.001154
v -0.081344 0.364937 0.001994
v -0.081518 0.363936 0.001002
v -0.081140 0.364813 0.002456
v -0.081378 0.363445 0.001101
v -0.080942 0.364458 0.002780
v -0.081180 0.363089 0.001425
v -0.080803 0.363967 0.002879
v -0.080977 0.362965 0.001887
v -0.080759 0.363471 0.002726
v -0.080823 0.363105 0.002363
v -0.079748 0.364722 0.000414
v -0.079643 0.365095 0.000761
v -0.079745 0.364220 0.000279
v -0.079460 0.365240 0.001226
v -0.079637 0.363724 0.000390
v -0.079248 0.365117 0.001684
v -0.079451 0.363367 0.000719
v -0.079062 0.364760 0.002013
v -0.079239 0.363244 0.001178
v -0.078954 0.364264 0.002125
v -0.079056 0.363388 0.001643
v -0.078951 0.363762 0.001989
v -0.077989 0.364866 -0.000387
v -0.078021 0.364361 -0.000507
v -0.077850 0.365243 -0.000056
v -0.077936 0.363863 -0.000385
v -0.077640 0.365390 0.000396
v -0.077758 0.363505 -0.000052
v -0.077417 0.365268 0.000850
v -0.077535 0.363383 0.000401
v -0.077239 0.364910 0.001182
v -0.077325 0.363530 0.000854
v -0.077155 0.364411 0.001305
v -0.077186 0.363907 0.001185
v -0.076271 0.364901 -0.001251
v -0.076328 0.364395 -0.001359
v -0.076104 0.365278 -0.000934
v -0.076260 0.363897 -0.001228
v -0.075872 0.365425 -0.000493
v -0.076085 0.363538 -0.000894
v -0.075637 0.365304 -0.000046
v -0.075850 0.363417 -0.000446
v -0.075462 0.364946 0.000288
v -0.075618 0.363564 -0.000005
v -0.075394 0.364447 0.000419
v -0.075451 0.363941 0.000312
v -0.074654 0.364357 -0.002277
v -0.074581 0.364862 -0.002179
v -0.074594 0.363858 -0.002142
v -0.074394 0.365239 -0.001873
v -0.074143 0.365386 -0.001442
v -0.074416 0.363500 -0.001809
v -0.074169 0.363378 -0.001368
v -0.073896 0.365264 -0.001001
v -0.073719 0.364906 -0.000668
v -0.073919 0.363526 -0.000937
v -0.073732 0.363902 -0.000631
v -0.073658 0.364408 -0.000533
v -0.072984 0.364282 -0.003265
v -0.072904 0.364787 -0.003170
v -0.072924 0.363784 -0.003130
v -0.072705 0.365163 -0.002872
v -0.072740 0.363425 -0.002801
v -0.072440 0.365310 -0.002449
v -0.072480 0.363303 -0.002367
v -0.072181 0.365188 -0.002015
v -0.072215 0.363450 -0.001944
v -0.071996 0.364829 -0.001687
v -0.072016 0.363826 -0.001646
v -0.071936 0.364331 -0.001551
v -0.071306 0.364207 -0.004323
v -0.071227 0.364712 -0.004227
v -0.071238 0.363708 -0.004192
v -0.071022 0.365088 -0.003932
v -0.071042 0.363349 -0.003871
v -0.070748 0.365234 -0.003515
v -0.070771 0.363226 -0.003445
v -0.070476 0.365111 -0.003089
v -0.070496 0.363372 -0.003028
v -0.070281 0.364752 -0.002768
v -0.070292 0.363748 -0.002732
v -0.070213 0.364254 -0.002637
v -0.069604 0.364167 -0.005453
v -0.069534 0.364672 -0.005352
v -0.069523 0.363667 -0.005331
v -0.069332 0.365048 -0.005055
v -0.069313 0.363308 -0.005019
v -0.069051 0.365194 -0.004642
v -0.069029 0.363185 -0.004601
v -0.068768 0.365071 -0.004224
v -0.068749 0.363331 -0.004188
v -0.068558 0.364712 -0.003912
v -0.068547 0.363707 -0.003892
v -0.068477 0.364213 -0.003791
v -0.067813 0.364703 -0.006544
v -0.067867 0.364198 -0.006656
v -0.067618 0.365079 -0.006242
v -0.067767 0.363699 -0.006548
v -0.067336 0.365225 -0.005831
v -0.067539 0.363341 -0.006248
v -0.067244 0.363218 -0.005838
v -0.067041 0.365102 -0.005420
v -0.066962 0.363364 -0.005427
v -0.066813 0.364743 -0.005121
v -0.066767 0.363740 -0.005125
v -0.066712 0.364245 -0.005013
v -0.066045 0.364842 -0.007809
v -0.066097 0.364337 -0.007923
v -0.065846 0.365218 -0.007510
v -0.065987 0.363839 -0.007821
v -0.065552 0.365365 -0.007107
v -0.065746 0.363481 -0.007532
v -0.065243 0.365243 -0.006707
v -0.065437 0.363359 -0.007131
v -0.065002 0.364885 -0.006417
v -0.065143 0.363506 -0.006728
v -0.064892 0.364387 -0.006315
v -0.064944 0.363882 -0.006429
v -0.063405 0.364988 -0.009890
v -0.063483 0.364482 -0.009982
v -0.063172 0.365365 -0.009618
v -0.063386 0.363984 -0.009870
v -0.062848 0.365513 -0.009239
v -0.063141 0.363626 -0.009584
v -0.062519 0.365392 -0.008855
v -0.062812 0.363505 -0.009200
v -0.062273 0.365034 -0.008569
v -0.062487 0.363653 -0.008822
v -0.062176 0.364536 -0.008457
v -0.062255 0.364030 -0.008550
v -0.061054 0.364855 -0.012077
v -0.061166 0.364351 -0.012138
v -0.060780 0.365230 -0.011843
v -0.061087 0.363853 -0.012009
v -0.060419 0.365376 -0.011499
v -0.060838 0.363495 -0.011726
v -0.060066 0.365254 -0.011137
v -0.060485 0.363373 -0.011364
v -0.060124 0.363519 -0.011020
v -0.059817 0.364896 -0.010853
v -0.059738 0.364398 -0.010725
v -0.059850 0.363894 -0.010786
v -0.059094 0.364040 -0.014400
v -0.058960 0.364541 -0.014362
v -0.059023 0.363544 -0.014263
v -0.058657 0.364913 -0.014161
v -0.058765 0.363184 -0.013990
v -0.058265 0.365054 -0.013850
v -0.058390 0.363059 -0.013652
v -0.057890 0.364929 -0.013513
v -0.057998 0.363201 -0.013341
v -0.057632 0.364570 -0.013239
v -0.057694 0.363572 -0.013140
v -0.057560 0.364073 -0.013103
v -0.057232 0.363645 -0.016770
v -0.057089 0.364144 -0.016745
v -0.057159 0.363148 -0.016636
v -0.056766 0.364511 -0.016568
v -0.056888 0.362786 -0.016379
v -0.056351 0.364649 -0.016286
v -0.056491 0.362656 -0.016068
v -0.055955 0.364519 -0.015975
v -0.056076 0.362793 -0.015786
v -0.055684 0.364157 -0.015718
v -0.055754 0.363161 -0.015609
v -0.055610 0.363660 -0.015584
v -0.055546 0.363260 -0.019247
v -0.055403 0.363759 -0.019221
v -0.055462 0.362760 -0.019128
v -0.055071 0.364124 -0.019057
v -0.055174 0.362395 -0.018896
v -0.054640 0.364258 -0.018799
v -0.054759 0.362261 -0.018613
v -0.054225 0.364124 -0.018516
v -0.054327 0.362395 -0.018355
v -0.053936 0.363759 -0.018284
v -0.053996 0.362760 -0.018191
v -0.053853 0.363260 -0.018166
v -0.054002 0.362980 -0.021830
v -0.053869 0.363481 -0.021789
v -0.053902 0.362478 -0.021740
v -0.053537 0.363846 -0.021626
v -0.053594 0.362110 -0.021541
v -0.053095 0.363979 -0.021385
v -0.053161 0.361973 -0.021287
v -0.052662 0.363842 -0.021131
v -0.052719 0.362105 -0.021046
v -0.052354 0.363473 -0.020932
v -0.052387 0.362470 -0.020883
v -0.052567 0.362904 -0.024520
v -0.052450 0.363405 -0.024447
v -0.052253 0.362971 -0.020841
v -0.052444 0.362401 -0.024471
v -0.052125 0.363771 -0.024272
v -0.052114 0.362031 -0.024312
v -0.051678 0.363903 -0.024040
v -0.051666 0.361894 -0.024087
v -0.051230 0.363766 -0.023815
v -0.051219 0.362026 -0.023856
v -0.050900 0.363396 -0.023657
v -0.051207 0.363128 -0.027315
v -0.051113 0.363626 -0.027197
v -0.051058 0.362630 -0.027319
v -0.050800 0.363989 -0.026996
v -0.050894 0.362392 -0.023680
v -0.050777 0.362893 -0.023608
v -0.050352 0.364121 -0.026766
v -0.050706 0.362264 -0.027207
v -0.049891 0.363986 -0.026568
v -0.050244 0.362130 -0.027009
v -0.049538 0.363621 -0.026456
v -0.049797 0.362262 -0.026779
v -0.049820 0.364238 -0.030040
v -0.049889 0.363753 -0.030214
v -0.049523 0.364594 -0.029803
v -0.049712 0.363268 -0.030278
v -0.049484 0.362625 -0.026578
v -0.049389 0.363123 -0.026460
v -0.049079 0.364724 -0.029567
v -0.049337 0.362913 -0.030215
v -0.048606 0.364595 -0.029394
v -0.048864 0.362784 -0.030042
v -0.048536 0.365341 -0.032980
v -0.048579 0.364878 -0.033213
v -0.048231 0.364240 -0.029331
v -0.048258 0.365681 -0.032702
v -0.048420 0.362915 -0.029805
v -0.048375 0.364416 -0.033339
v -0.048054 0.363755 -0.029395
v -0.047819 0.365807 -0.032453
v -0.048123 0.363270 -0.029568
v -0.047979 0.364080 -0.033323
v -0.047337 0.365685 -0.032300
v -0.047497 0.363958 -0.033170
v -0.046941 0.365348 -0.032284
v -0.047226 0.367034 -0.036019
v -0.047244 0.366603 -0.036309
v -0.046966 0.367351 -0.035699
v -0.047059 0.364084 -0.032922
v -0.047016 0.366173 -0.036492
v -0.046534 0.367468 -0.035434
v -0.046737 0.364886 -0.032410
v -0.046780 0.364424 -0.032643
v -0.046602 0.365860 -0.036517
v -0.046045 0.367355 -0.035297
v -0.046114 0.365746 -0.036380
v -0.045631 0.367041 -0.035323
v -0.045856 0.369420 -0.039155
v -0.045852 0.369027 -0.039495
v -0.045612 0.369708 -0.038797
v -0.045681 0.365863 -0.036115
v -0.045602 0.368633 -0.039726
v -0.045187 0.369814 -0.038517
v -0.045403 0.366611 -0.035505
v -0.045421 0.366180 -0.035795
v -0.045174 0.368346 -0.039786
v -0.044694 0.369708 -0.038390
v -0.044680 0.368240 -0.039659
v -0.044265 0.369420 -0.038450
v -0.044255 0.368346 -0.039379
v -0.044015 0.369027 -0.038681
v -0.044012 0.368633 -0.039021
v -0.120752 0.187936 -0.055323
v -0.120818 0.188974 -0.056253
v -0.120803 0.188129 -0.055201
v -0.120747 0.189128 -0.056098
v -0.120671 0.187287 -0.053934
v -0.120733 0.188319 -0.055085
v -0.120725 0.187504 -0.053857
v -0.120769 0.188816 -0.056413
v -0.120782 0.189996 -0.057061
v -0.120714 0.190111 -0.056879
v -0.120734 0.189873 -0.057245
v -0.120595 0.187793 -0.055419
v -0.120614 0.188696 -0.056533
v -0.120712 0.191147 -0.057673
v -0.120646 0.191231 -0.057477
v -0.120508 0.187127 -0.054001
v -0.120577 0.189237 -0.055988
v -0.120548 0.190190 -0.056748
v -0.120657 0.187722 -0.053790
v -0.120510 0.186915 -0.052209
v -0.120569 0.187146 -0.052176
v -0.120561 0.188457 -0.055008
v -0.120662 0.191055 -0.057869
v -0.120581 0.189778 -0.057382
v -0.120484 0.191285 -0.057335
v -0.120620 0.192385 -0.058138
v -0.120557 0.192447 -0.057937
v -0.120342 0.186746 -0.052248
v -0.120505 0.187378 -0.052155
v -0.120484 0.187880 -0.053751
v -0.120511 0.190981 -0.058014
v -0.120570 0.192315 -0.058339
v -0.120258 0.186861 -0.050108
v -0.120323 0.187097 -0.050110
v -0.120372 0.187737 -0.055463
v -0.120282 0.187067 -0.054039
v -0.120353 0.189271 -0.055952
v -0.120333 0.188504 -0.054988
v -0.120395 0.188646 -0.056583
v -0.120327 0.190210 -0.056703
v -0.120365 0.189734 -0.057435
v -0.120267 0.191294 -0.057285
v -0.120398 0.192484 -0.057792
v -0.120520 0.193665 -0.058505
v -0.120420 0.192255 -0.058487
v -0.120471 0.193608 -0.058706
v -0.120459 0.193714 -0.058305
v -0.120304 0.193743 -0.058159
v -0.120085 0.186688 -0.050122
v -0.120112 0.186684 -0.052280
v -0.120333 0.187547 -0.052154
v -0.120262 0.187333 -0.050130
v -0.120254 0.187937 -0.053750
v -0.120299 0.190943 -0.058069
v -0.120186 0.192486 -0.057740
v -0.120427 0.194945 -0.058823
v -0.120368 0.194991 -0.058626
v -0.120323 0.193558 -0.058854
v -0.120378 0.194892 -0.059022
v -0.120215 0.195018 -0.058483
v -0.120144 0.187785 -0.055444
v -0.120170 0.188680 -0.056548
v -0.120211 0.192222 -0.058542
v -0.120095 0.193742 -0.058107
v -0.120355 0.196180 -0.059140
v -0.120296 0.196232 -0.058949
v -0.119850 0.186625 -0.050151
v -0.119902 0.187162 -0.047582
v -0.119723 0.186989 -0.047578
v -0.120051 0.187124 -0.054038
v -0.119879 0.186746 -0.052298
v -0.119972 0.187398 -0.047614
v -0.120092 0.187506 -0.050161
v -0.119914 0.187635 -0.047665
v -0.120101 0.187609 -0.052173
v -0.120110 0.188449 -0.055032
v -0.120027 0.187878 -0.053788
v -0.120134 0.189221 -0.056002
v -0.120111 0.190167 -0.056756
v -0.120145 0.189754 -0.057389
v -0.120055 0.191256 -0.057340
v -0.120082 0.190952 -0.058019
v -0.119977 0.192453 -0.057795
v -0.120233 0.194846 -0.059168
v -0.120117 0.193529 -0.058910
v -0.120010 0.195018 -0.058432
v -0.120307 0.196122 -0.059334
v -0.120164 0.196075 -0.059477
v -0.120031 0.194820 -0.059223
v -0.120145 0.196266 -0.058810
v -0.120316 0.197337 -0.059508
v -0.120269 0.197269 -0.059694
v -0.120257 0.197400 -0.059323
v -0.120109 0.197442 -0.059190
v -0.120243 0.198811 -0.060092
v -0.120197 0.198730 -0.060273
v -0.120129 0.197214 -0.059832
v -0.120184 0.198882 -0.059911
v -0.120036 0.198926 -0.059778
v -0.120065 0.200257 -0.060740
v -0.120005 0.200333 -0.060560
v -0.119616 0.186689 -0.050185
v -0.119484 0.186926 -0.047603
v -0.119879 0.187283 -0.053999
v -0.119708 0.186916 -0.052297
v -0.119858 0.187570 -0.050195
v -0.119745 0.187808 -0.047722
v -0.119870 0.187548 -0.052205
v -0.119972 0.187922 -0.055366
v -0.119952 0.188305 -0.055128
v -0.119865 0.187718 -0.053855
v -0.119979 0.189101 -0.056122
v -0.120000 0.188789 -0.056437
v -0.119978 0.189833 -0.057258
v -0.119902 0.188113 -0.055250
v -0.119930 0.188943 -0.056282
v -0.119959 0.190071 -0.056892
v -0.119904 0.191182 -0.057485
v -0.119999 0.192225 -0.058490
v -0.119920 0.191006 -0.057877
v -0.119827 0.192393 -0.057943
v -0.119909 0.193528 -0.058858
v -0.119840 0.192262 -0.058345
v -0.119890 0.193713 -0.058163
v -0.119807 0.194992 -0.058487
v -0.119965 0.196052 -0.059532
v -0.119826 0.194820 -0.059172
v -0.119943 0.196272 -0.058761
v -0.119745 0.196248 -0.058816
v -0.119911 0.197451 -0.059143
v -0.120058 0.198662 -0.060406
v -0.119934 0.197188 -0.059885
v -0.119838 0.198929 -0.059729
v -0.120020 0.200167 -0.060917
v -0.119882 0.200086 -0.061044
v -0.119864 0.198625 -0.060455
v -0.119857 0.200373 -0.060426
v -0.119660 0.200367 -0.060373
v -0.119795 0.201670 -0.061439
v -0.119751 0.201571 -0.061612
v -0.119735 0.201748 -0.061261
v -0.119587 0.201786 -0.061125
v -0.119249 0.186989 -0.047650
v -0.119446 0.186862 -0.050216
v -0.119811 0.187500 -0.053932
v -0.119643 0.187147 -0.052277
v -0.119703 0.187379 -0.052244
v -0.119623 0.187507 -0.050223
v -0.119510 0.187871 -0.047769
v -0.119910 0.189949 -0.057076
v -0.119854 0.191090 -0.057682
v -0.119777 0.192323 -0.058144
v -0.119753 0.193556 -0.058712
v -0.119692 0.193606 -0.058512
v -0.119742 0.193663 -0.058311
v -0.119662 0.194947 -0.058634
v -0.119764 0.196057 -0.059483
v -0.119673 0.194847 -0.059029
v -0.119602 0.196201 -0.058959
v -0.119736 0.197197 -0.059838
v -0.119613 0.196091 -0.059345
v -0.119716 0.197425 -0.059196
v -0.119644 0.198892 -0.059778
v -0.119690 0.200035 -0.061086
v -0.119666 0.198629 -0.060406
v -0.119468 0.200317 -0.060416
v -0.119616 0.201478 -0.061733
v -0.119392 0.201772 -0.061068
v -0.119449 0.203051 -0.062181
v -0.119388 0.203133 -0.062004
v -0.119385 0.187099 -0.050235
v -0.119450 0.187335 -0.050238
v -0.119613 0.194893 -0.058832
v -0.119554 0.196144 -0.059153
v -0.119576 0.197370 -0.059334
v -0.119588 0.197239 -0.059705
v -0.119505 0.198824 -0.059910
v -0.119493 0.200029 -0.061034
v -0.119518 0.198672 -0.060273
v -0.119330 0.200235 -0.060542
v -0.119426 0.201417 -0.061770
v -0.119201 0.201711 -0.061106
v -0.119407 0.202946 -0.062350
v -0.119241 0.203168 -0.061868
v -0.119079 0.187162 -0.047707
v -0.119270 0.187808 -0.047794
v -0.119529 0.197302 -0.059520
v -0.119459 0.198744 -0.060092
v -0.119274 0.202845 -0.062467
v -0.119048 0.203148 -0.061807
v -0.119022 0.187398 -0.047758
v -0.119092 0.187635 -0.047790
v -0.119345 0.200069 -0.060899
v -0.119286 0.200145 -0.060719
v -0.119230 0.201403 -0.061714
v -0.119066 0.201618 -0.061227
v -0.119086 0.202775 -0.062499
v -0.119042 0.204407 -0.062958
v -0.119002 0.204296 -0.063124
v -0.118981 0.204490 -0.062783
v -0.119083 0.201441 -0.061578
v -0.119023 0.201520 -0.061400
v -0.118859 0.203078 -0.061840
v -0.118834 0.204524 -0.062645
v -0.118871 0.204188 -0.063237
v -0.118892 0.202755 -0.062439
v -0.118642 0.204500 -0.062582
v -0.118726 0.202977 -0.061957
v -0.118745 0.202790 -0.062303
v -0.118684 0.202872 -0.062126
v -0.118685 0.204111 -0.063266
v -0.118455 0.204423 -0.062611
v -0.118589 0.205740 -0.063763
v -0.118527 0.205825 -0.063589
v -0.118550 0.205625 -0.063927
v -0.118381 0.205858 -0.063451
v -0.118492 0.204087 -0.063203
v -0.118346 0.204121 -0.063066
v -0.118324 0.204315 -0.062724
v -0.118284 0.204204 -0.062890
v -0.118421 0.205512 -0.064036
v -0.118190 0.205830 -0.063386
v -0.118236 0.205431 -0.064062
v -0.118005 0.205749 -0.063412
v -0.118105 0.207055 -0.064587
v -0.118042 0.207141 -0.064414
v -0.118067 0.206937 -0.064750
v -0.117896 0.207174 -0.064276
v -0.118045 0.205403 -0.063998
v -0.117876 0.205636 -0.063521
v -0.117939 0.206821 -0.064857
v -0.117706 0.207144 -0.064210
v -0.117899 0.205436 -0.063860
v -0.117837 0.205521 -0.063685
v -0.117755 0.206736 -0.064881
v -0.117522 0.207060 -0.064234
v -0.117604 0.208355 -0.065424
v -0.117541 0.208443 -0.065251
v -0.117565 0.206706 -0.064815
v -0.117566 0.208236 -0.065585
v -0.117395 0.208476 -0.065113
v -0.117394 0.206943 -0.064341
v -0.117419 0.206739 -0.064677
v -0.117356 0.206826 -0.064504
v -0.117439 0.208118 -0.065692
v -0.117204 0.208445 -0.065047
v -0.117256 0.208032 -0.065715
v -0.117021 0.208359 -0.065070
v -0.117066 0.208001 -0.065648
v -0.117100 0.209645 -0.066265
v -0.117063 0.209525 -0.066426
v -0.117037 0.209733 -0.066093
v -0.116891 0.209766 -0.065955
v -0.116894 0.208240 -0.065176
v -0.116920 0.208034 -0.065510
v -0.116857 0.208122 -0.065337
v -0.116936 0.209407 -0.066533
v -0.116700 0.209736 -0.065889
v -0.116753 0.209321 -0.066556
v -0.116517 0.209650 -0.065912
v -0.116609 0.210928 -0.067103
v -0.116546 0.211016 -0.066931
v -0.116562 0.209291 -0.066489
v -0.116572 0.210809 -0.067265
v -0.116399 0.211051 -0.066794
v -0.116390 0.209532 -0.066018
v -0.116444 0.210692 -0.067372
v -0.116416 0.209324 -0.066352
v -0.116353 0.209412 -0.066179
v -0.116208 0.211022 -0.066729
v -0.116260 0.210607 -0.067396
v -0.116024 0.210938 -0.066753
v -0.116144 0.212207 -0.067931
v -0.116081 0.212296 -0.067758
v -0.116069 0.210579 -0.067331
v -0.116106 0.212090 -0.068093
v -0.115896 0.210820 -0.066860
v -0.115934 0.212332 -0.067622
v -0.115978 0.211976 -0.068202
v -0.115922 0.210613 -0.067194
v -0.115859 0.210702 -0.067021
v -0.115742 0.212306 -0.067559
v -0.115792 0.211895 -0.068229
v -0.115557 0.212225 -0.067585
v -0.115720 0.213488 -0.068740
v -0.115657 0.213576 -0.068567
v -0.115681 0.213374 -0.068904
v -0.115601 0.211869 -0.068165
v -0.115509 0.213614 -0.068432
v -0.115428 0.212110 -0.067694
v -0.115453 0.211905 -0.068029
v -0.115551 0.213264 -0.069016
v -0.115316 0.213592 -0.068371
v -0.115390 0.211993 -0.067856
v -0.115365 0.213187 -0.069045
v -0.115130 0.213515 -0.068400
v -0.115116 0.215449 -0.069944
v -0.115058 0.215529 -0.069784
v -0.115079 0.215346 -0.070097
v -0.114921 0.215566 -0.069661
v -0.115172 0.213165 -0.068984
v -0.114999 0.213405 -0.068512
v -0.114958 0.215248 -0.070203
v -0.114741 0.215549 -0.069607
v -0.115024 0.213203 -0.068849
v -0.114961 0.213291 -0.068676
v -0.114784 0.215182 -0.070233
v -0.114568 0.215483 -0.069637
v -0.114605 0.215165 -0.070178
v -0.114446 0.215386 -0.069742
v -0.114540 0.217529 -0.071191
v -0.114487 0.217603 -0.071044
v -0.114506 0.217437 -0.071333
v -0.114361 0.217638 -0.070932
v -0.114468 0.215202 -0.070055
v -0.114410 0.215283 -0.069895
v -0.114394 0.217351 -0.071431
v -0.114196 0.217625 -0.070884
v -0.114234 0.217293 -0.071460
v -0.114036 0.217568 -0.070913
v -0.114069 0.217281 -0.071412
v -0.113924 0.217482 -0.071012
v -0.113997 0.219685 -0.072458
v -0.113949 0.219752 -0.072324
v -0.113943 0.217316 -0.071300
v -0.113966 0.219603 -0.072587
v -0.113834 0.219785 -0.072223
v -0.113890 0.217389 -0.071154
v -0.113864 0.219527 -0.072678
v -0.113684 0.219775 -0.072180
v -0.113718 0.219477 -0.072706
v -0.113538 0.219726 -0.072208
v -0.113567 0.219467 -0.072664
v -0.113436 0.219650 -0.072299
v -0.113490 0.221872 -0.073722
v -0.113446 0.221932 -0.073601
v -0.113461 0.221799 -0.073839
v -0.113452 0.219500 -0.072562
v -0.113404 0.219567 -0.072429
v -0.113343 0.221962 -0.073510
v -0.113369 0.221732 -0.073922
v -0.113207 0.221955 -0.073473
v -0.113237 0.221690 -0.073948
v -0.113075 0.221913 -0.073499
v -0.113101 0.221682 -0.073911
v -0.112983 0.221846 -0.073582
v -0.113020 0.224046 -0.074960
v -0.112982 0.224099 -0.074853
v -0.112998 0.221713 -0.073820
v -0.112954 0.221773 -0.073700
v -0.112995 0.223982 -0.075064
v -0.112890 0.224126 -0.074772
v -0.112913 0.223924 -0.075139
v -0.112769 0.224121 -0.074740
v -0.112795 0.223887 -0.075163
v -0.112652 0.224085 -0.074764
v -0.112674 0.223882 -0.075130
v -0.112569 0.224026 -0.074838
v -0.112592 0.226161 -0.076150
v -0.112559 0.226208 -0.076056
v -0.112582 0.223909 -0.075050
v -0.112544 0.223962 -0.074943
v -0.112570 0.226106 -0.076241
v -0.112478 0.226232 -0.075986
v -0.112498 0.226056 -0.076307
v -0.112372 0.226229 -0.075958
v -0.112395 0.226025 -0.076329
v -0.112269 0.226198 -0.075980
v -0.112289 0.226022 -0.076301
v -0.112197 0.226148 -0.076045
v -0.112208 0.226046 -0.076231
v -0.112175 0.226092 -0.076137
v -0.112209 0.228175 -0.077269
v -0.112189 0.228128 -0.077348
v -0.112180 0.228215 -0.077188
v -0.112111 0.228236 -0.077128
v -0.112127 0.228087 -0.077404
v -0.112020 0.228234 -0.077105
v -0.112039 0.228061 -0.077424
v -0.111931 0.228208 -0.077124
v -0.111948 0.228059 -0.077400
v -0.111869 0.228166 -0.077181
v -0.111879 0.228080 -0.077340
v -0.111850 0.228119 -0.077260
v -0.111872 0.230043 -0.078294
v -0.111856 0.230004 -0.078360
v -0.111848 0.230076 -0.078227
v -0.111790 0.230094 -0.078177
v -0.111804 0.229970 -0.078408
v -0.111714 0.230092 -0.078158
v -0.111730 0.229950 -0.078424
v -0.111641 0.230072 -0.078174
v -0.111654 0.229948 -0.078405
v -0.111589 0.230037 -0.078222
v -0.111597 0.229966 -0.078355
v -0.111573 0.229999 -0.078288
v -0.111585 0.231720 -0.079204
v -0.111572 0.231690 -0.079257
v -0.111566 0.231746 -0.079150
v -0.111520 0.231761 -0.079111
v -0.111531 0.231663 -0.079296
v -0.111459 0.231760 -0.079095
v -0.111472 0.231647 -0.079309
v -0.111400 0.231744 -0.079109
v -0.111411 0.231647 -0.079294
v -0.111359 0.231718 -0.079147
v -0.111365 0.231661 -0.079254
v -0.111346 0.231687 -0.079200
v -0.111351 0.233164 -0.079975
v -0.111341 0.233141 -0.080015
v -0.111337 0.233183 -0.079935
v -0.111302 0.233194 -0.079905
v -0.111310 0.233122 -0.080044
v -0.111257 0.233194 -0.079894
v -0.111266 0.233110 -0.080055
v -0.111212 0.233183 -0.079904
v -0.111220 0.233110 -0.080044
v -0.111181 0.233163 -0.079934
v -0.111186 0.233121 -0.080014
v -0.111171 0.233141 -0.079974
v -0.111173 0.234329 -0.080586
v -0.111167 0.234314 -0.080613
v -0.111164 0.234341 -0.080559
v -0.111140 0.234349 -0.080539
v -0.111146 0.234302 -0.080633
v -0.111110 0.234349 -0.080532
v -0.111116 0.234295 -0.080640
v -0.111081 0.234342 -0.080539
v -0.111086 0.234295 -0.080632
v -0.111060 0.234329 -0.080559
v -0.111063 0.234302 -0.080613
v -0.111053 0.234315 -0.080586
v -0.111050 0.235165 -0.081027
v -0.111040 0.235159 -0.081037
v -0.111053 0.235172 -0.081014
v -0.111049 0.235178 -0.081000
v -0.111037 0.235182 -0.080990
v -0.111022 0.235182 -0.080987
v -0.111025 0.235156 -0.081041
v -0.111007 0.235179 -0.080991
v -0.111010 0.235156 -0.081037
v -0.110997 0.235173 -0.081001
v -0.110998 0.235160 -0.081028
v -0.110994 0.235166 -0.081014
v -0.127708 0.408649 -0.035678
v -0.127653 0.410963 -0.036098
v -0.127700 0.408689 -0.035525
v -0.127621 0.406164 -0.035006
v -0.127636 0.408616 -0.035815
v -0.127660 0.410934 -0.036226
v -0.127537 0.406125 -0.035166
v -0.127581 0.410987 -0.035989
v -0.127612 0.406217 -0.034829
v -0.127614 0.408725 -0.035396
v -0.127600 0.410906 -0.036341
v -0.127503 0.408597 -0.035899
v -0.127382 0.406109 -0.035266
v -0.127510 0.413022 -0.036569
v -0.127515 0.413000 -0.036673
v -0.127453 0.413037 -0.036482
v -0.127360 0.403498 -0.034190
v -0.127264 0.403452 -0.034373
v -0.127512 0.406269 -0.034682
v -0.127351 0.403565 -0.033990
v -0.127464 0.410998 -0.035930
v -0.127473 0.408747 -0.035328
v -0.127489 0.410887 -0.036410
v -0.127467 0.412977 -0.036764
v -0.127359 0.413041 -0.036433
v -0.127087 0.403440 -0.034489
v -0.127348 0.406305 -0.034605
v -0.127238 0.403636 -0.033826
v -0.127344 0.408600 -0.035908
v -0.127198 0.406121 -0.035279
v -0.127309 0.414846 -0.036960
v -0.127313 0.414831 -0.037038
v -0.127267 0.414855 -0.036894
v -0.127332 0.410994 -0.035936
v -0.127314 0.408749 -0.035336
v -0.127379 0.412960 -0.036819
v -0.127357 0.410883 -0.036416
v -0.127254 0.413033 -0.036437
v -0.127277 0.414813 -0.037106
v -0.127196 0.414856 -0.036857
v -0.126878 0.403466 -0.034507
v -0.127273 0.412952 -0.036823
v -0.127211 0.414799 -0.037147
v -0.126886 0.400667 -0.033209
v -0.126777 0.400615 -0.033414
v -0.126877 0.400752 -0.032987
v -0.127164 0.406317 -0.034618
v -0.127052 0.403692 -0.033742
v -0.127203 0.408621 -0.035839
v -0.127034 0.406158 -0.035202
v -0.127239 0.410894 -0.036357
v -0.127118 0.414848 -0.036859
v -0.127221 0.410975 -0.036005
v -0.127165 0.413016 -0.036492
v -0.127181 0.408731 -0.035421
v -0.127089 0.416419 -0.037291
v -0.127092 0.416408 -0.037343
v -0.127061 0.416425 -0.037247
v -0.126580 0.400609 -0.033547
v -0.127179 0.412957 -0.036774
v -0.127132 0.414791 -0.037149
v -0.127051 0.414833 -0.036900
v -0.127068 0.416396 -0.037388
v -0.127014 0.416424 -0.037222
v -0.126753 0.400847 -0.032807
v -0.127117 0.408657 -0.035711
v -0.127167 0.410917 -0.036248
v -0.127161 0.410947 -0.036120
v -0.127117 0.412993 -0.036583
v -0.126693 0.403521 -0.034423
v -0.126934 0.406209 -0.035055
v -0.127024 0.416386 -0.037415
v -0.126962 0.416418 -0.037223
v -0.127009 0.406301 -0.034718
v -0.126843 0.403718 -0.033760
v -0.127109 0.408697 -0.035558
v -0.127122 0.412972 -0.036687
v -0.127062 0.414791 -0.037113
v -0.127015 0.414816 -0.036969
v -0.126925 0.406262 -0.034877
v -0.127019 0.414801 -0.037046
v -0.126971 0.416380 -0.037417
v -0.126918 0.416408 -0.037250
v -0.126348 0.400651 -0.033573
v -0.126547 0.400926 -0.032719
v -0.126925 0.416379 -0.037392
v -0.126894 0.416396 -0.037296
v -0.126889 0.417717 -0.037608
v -0.126878 0.417711 -0.037631
v -0.126888 0.417723 -0.037582
v -0.126874 0.417726 -0.037560
v -0.126850 0.417727 -0.037548
v -0.126580 0.403593 -0.034259
v -0.126667 0.403706 -0.033876
v -0.126896 0.416385 -0.037348
v -0.126855 0.417705 -0.037644
v -0.126824 0.417724 -0.037549
v -0.126829 0.417702 -0.037645
v -0.126802 0.417718 -0.037562
v -0.126570 0.403660 -0.034059
v -0.126806 0.417703 -0.037633
v -0.126790 0.417712 -0.037585
v -0.126159 0.397692 -0.032041
v -0.126038 0.397633 -0.032268
v -0.126152 0.397797 -0.031798
v -0.126142 0.400730 -0.033484
v -0.126791 0.417706 -0.037611
v -0.126314 0.400968 -0.032744
v -0.125822 0.397635 -0.032420
v -0.126019 0.397918 -0.031606
v -0.126018 0.400825 -0.033304
v -0.126117 0.400962 -0.032877
v -0.125567 0.397697 -0.032454
v -0.126009 0.400910 -0.033082
v -0.125795 0.398025 -0.031514
v -0.125343 0.397803 -0.032363
v -0.125540 0.398087 -0.031549
v -0.125142 0.394592 -0.030666
v -0.125008 0.394525 -0.030916
v -0.125137 0.394718 -0.030404
v -0.125210 0.397925 -0.032170
v -0.125323 0.398089 -0.031700
v -0.124773 0.394536 -0.031086
v -0.124997 0.394870 -0.030200
v -0.125202 0.398030 -0.031927
v -0.124499 0.394621 -0.031132
v -0.124757 0.395007 -0.030109
v -0.124259 0.394758 -0.031040
v -0.124483 0.395092 -0.030154
v -0.124119 0.394910 -0.030836
v -0.124248 0.395103 -0.030325
v -0.124115 0.395037 -0.030574
v -0.123798 0.391393 -0.029066
v -0.123646 0.391307 -0.029331
v -0.123803 0.391553 -0.028793
v -0.123389 0.391316 -0.029516
v -0.123660 0.391744 -0.028583
v -0.123094 0.391420 -0.029571
v -0.123407 0.391913 -0.028494
v -0.122841 0.391590 -0.029482
v -0.123113 0.392017 -0.028549
v -0.122698 0.391780 -0.029273
v -0.122855 0.392027 -0.028734
v -0.122703 0.391940 -0.028999
v -0.123585 0.390929 -0.028752
v -0.123418 0.390815 -0.029005
v -0.123604 0.391121 -0.028491
v -0.123148 0.390810 -0.029183
v -0.123469 0.391339 -0.028294
v -0.123317 0.390346 -0.028256
v -0.123344 0.390558 -0.028004
v -0.123139 0.390212 -0.028500
v -0.123217 0.391525 -0.028211
v -0.123212 0.390793 -0.027812
v -0.122856 0.390193 -0.028671
v -0.122846 0.390914 -0.029238
v -0.123001 0.389635 -0.027601
v -0.123032 0.389857 -0.027349
v -0.122816 0.389491 -0.027843
v -0.122957 0.390986 -0.027731
v -0.122898 0.390099 -0.027156
v -0.122915 0.391630 -0.028267
v -0.122525 0.389465 -0.028012
v -0.122546 0.390294 -0.028722
v -0.122594 0.391100 -0.029156
v -0.122648 0.388797 -0.026815
v -0.122679 0.389024 -0.026559
v -0.122457 0.388648 -0.027060
v -0.122646 0.391087 -0.027782
v -0.122637 0.390296 -0.027072
v -0.122645 0.391624 -0.028445
v -0.122542 0.389269 -0.026359
v -0.122206 0.389564 -0.028060
v -0.122290 0.390488 -0.028641
v -0.122460 0.391318 -0.028958
v -0.122158 0.388618 -0.027228
v -0.122478 0.391510 -0.028698
v -0.122267 0.387834 -0.025926
v -0.122297 0.388063 -0.025662
v -0.122073 0.387683 -0.026176
v -0.122318 0.390394 -0.027121
v -0.122274 0.389466 -0.026271
v -0.122364 0.391068 -0.027953
v -0.122159 0.390722 -0.028449
v -0.122156 0.388308 -0.025454
v -0.121945 0.389760 -0.027977
v -0.121831 0.388714 -0.027273
v -0.122185 0.390935 -0.028197
v -0.121767 0.387649 -0.026345
v -0.122027 0.390368 -0.027289
v -0.121947 0.389562 -0.026317
v -0.121870 0.386747 -0.024961
v -0.121673 0.386596 -0.025218
v -0.121899 0.386975 -0.024687
v -0.121880 0.388503 -0.025359
v -0.121811 0.390002 -0.027783
v -0.121563 0.388911 -0.027185
v -0.121841 0.390224 -0.027531
v -0.121752 0.387217 -0.024469
v -0.121432 0.387742 -0.026387
v -0.121361 0.386560 -0.025389
v -0.121648 0.389532 -0.026484
v -0.121545 0.388596 -0.025401
v -0.121427 0.389156 -0.026986
v -0.121469 0.385539 -0.023950
v -0.121270 0.385389 -0.024216
v -0.121495 0.385763 -0.023664
v -0.121469 0.387409 -0.024365
v -0.121156 0.387938 -0.026292
v -0.121457 0.389383 -0.026729
v -0.121018 0.386650 -0.025428
v -0.121342 0.386000 -0.023433
v -0.120952 0.385352 -0.024389
v -0.121239 0.388563 -0.025570
v -0.121015 0.388183 -0.026084
v -0.121125 0.387499 -0.024404
v -0.121074 0.384212 -0.022920
v -0.121097 0.384429 -0.022620
v -0.120873 0.384065 -0.023196
v -0.121050 0.386186 -0.023320
v -0.121045 0.388411 -0.025820
v -0.120734 0.386842 -0.025324
v -0.120937 0.384657 -0.022375
v -0.120600 0.385438 -0.024424
v -0.120549 0.384028 -0.023372
v -0.120813 0.387464 -0.024575
v -0.120587 0.387084 -0.025106
v -0.120698 0.386272 -0.023355
v -0.120696 0.382768 -0.021901
v -0.120716 0.382974 -0.021585
v -0.120494 0.382627 -0.022187
v -0.120637 0.384836 -0.022252
v -0.120616 0.387312 -0.024832
v -0.120308 0.385625 -0.024311
v -0.120188 0.384109 -0.023403
v -0.120549 0.383191 -0.021325
v -0.120164 0.382589 -0.022367
v -0.120380 0.386235 -0.023528
v -0.120346 0.381209 -0.020918
v -0.120143 0.381076 -0.021216
v -0.120363 0.381402 -0.020586
v -0.120276 0.384917 -0.022282
v -0.120155 0.385862 -0.024080
v -0.120239 0.383359 -0.021189
v -0.120188 0.381603 -0.020309
v -0.119795 0.382664 -0.022393
v -0.119888 0.384288 -0.023279
v -0.120181 0.386085 -0.023794
v -0.119807 0.381038 -0.021400
v -0.120036 0.379538 -0.020002
v -0.119832 0.379416 -0.020313
v -0.120048 0.379712 -0.019653
v -0.119870 0.383435 -0.021215
v -0.119869 0.381758 -0.020161
v -0.119952 0.384880 -0.022459
v -0.119728 0.384516 -0.023034
v -0.119768 0.377712 -0.019159
v -0.119561 0.377589 -0.019475
v -0.119866 0.379893 -0.019358
v -0.119781 0.377890 -0.018803
v -0.119491 0.379379 -0.020501
v -0.119430 0.381106 -0.021421
v -0.119485 0.382833 -0.022257
v -0.119751 0.384733 -0.022734
v -0.119584 0.376891 -0.018698
v -0.119370 0.376746 -0.019004
v -0.119597 0.378078 -0.018505
v -0.119608 0.377115 -0.018367
v -0.119215 0.377556 -0.019669
v -0.119538 0.380032 -0.019196
v -0.119104 0.379438 -0.020516
v -0.119491 0.381826 -0.020182
v -0.119111 0.381262 -0.021273
v -0.119540 0.383397 -0.021395
v -0.119318 0.383049 -0.021997
v -0.119338 0.383256 -0.021681
v -0.119266 0.376160 -0.018064
v -0.119040 0.375989 -0.018350
v -0.119436 0.377358 -0.018100
v -0.119312 0.376435 -0.017774
v -0.119264 0.378223 -0.018343
v -0.119165 0.376740 -0.017558
v -0.119114 0.377555 -0.017968
v -0.119023 0.376720 -0.019202
v -0.118823 0.377621 -0.019687
v -0.119152 0.380091 -0.019212
v -0.118776 0.379577 -0.020355
v -0.119156 0.381789 -0.020366
v -0.118936 0.381463 -0.020996
v -0.118694 0.375969 -0.018556
v -0.118953 0.381656 -0.020664
v -0.118848 0.375552 -0.017317
v -0.118611 0.375366 -0.017586
v -0.118916 0.375860 -0.017062
v -0.118872 0.378288 -0.018361
v -0.118637 0.376818 -0.019241
v -0.118866 0.376995 -0.017473
v -0.118795 0.376206 -0.016891
v -0.118811 0.380055 -0.019400
v -0.118266 0.375350 -0.017797
v -0.118728 0.377654 -0.018006
v -0.118490 0.377767 -0.019525
v -0.118594 0.379758 -0.020060
v -0.118322 0.376104 -0.018625
v -0.118351 0.375052 -0.016483
v -0.118103 0.374855 -0.016739
v -0.118437 0.375380 -0.016258
v -0.118518 0.376498 -0.016849
v -0.118338 0.375751 -0.016124
v -0.118493 0.377131 -0.017542
v -0.118315 0.377016 -0.019109
v -0.118526 0.378255 -0.018555
v -0.118382 0.377628 -0.018205
v -0.118305 0.377954 -0.019227
v -0.118607 0.379933 -0.019710
v -0.117907 0.375509 -0.017895
v -0.117760 0.374842 -0.016957
v -0.118022 0.376359 -0.018540
v -0.118318 0.378133 -0.018871
v -0.118159 0.376657 -0.016947
v -0.118081 0.376066 -0.016117
v -0.118148 0.377110 -0.017747
v -0.118144 0.377259 -0.018841
v -0.117791 0.374641 -0.015586
v -0.117893 0.374982 -0.015384
v -0.118168 0.377483 -0.018511
v -0.117535 0.374438 -0.015832
v -0.117812 0.375369 -0.015279
v -0.117630 0.375801 -0.017853
v -0.117876 0.376665 -0.018324
v -0.117413 0.375017 -0.017078
v -0.117814 0.376642 -0.017159
v -0.117734 0.376241 -0.016239
v -0.117922 0.376940 -0.018033
v -0.117192 0.374427 -0.016056
v -0.117571 0.375699 -0.015301
v -0.117509 0.376147 -0.017682
v -0.117296 0.374657 -0.014462
v -0.117182 0.374308 -0.014648
v -0.117156 0.375332 -0.017071
v -0.117576 0.376455 -0.017428
v -0.117231 0.375055 -0.014381
v -0.117391 0.376228 -0.016457
v -0.116919 0.374101 -0.014887
v -0.116856 0.374611 -0.016198
v -0.117234 0.375884 -0.015442
v -0.117057 0.375703 -0.016937
v -0.116578 0.374091 -0.015116
v -0.117003 0.375395 -0.014425
v -0.117143 0.376031 -0.016712
v -0.116615 0.374942 -0.016219
v -0.116892 0.375873 -0.015666
v -0.116664 0.374397 -0.013516
v -0.116540 0.374041 -0.013689
v -0.116611 0.374802 -0.013453
v -0.116675 0.375586 -0.014583
v -0.116271 0.373832 -0.013924
v -0.116249 0.374282 -0.015274
v -0.116534 0.375329 -0.016114
v -0.116636 0.375670 -0.015912
v -0.116394 0.375149 -0.013517
v -0.115931 0.373823 -0.014159
v -0.116334 0.375577 -0.014813
v -0.116022 0.374622 -0.015319
v -0.116073 0.375345 -0.013689
v -0.116009 0.374192 -0.012568
v -0.115877 0.373833 -0.012731
v -0.116071 0.375370 -0.015052
v -0.115966 0.374603 -0.012520
v -0.115957 0.375021 -0.015237
v -0.115610 0.374019 -0.014331
v -0.115605 0.373621 -0.012964
v -0.115760 0.374955 -0.012599
v -0.115733 0.375337 -0.013924
v -0.115266 0.373614 -0.013205
v -0.115393 0.374366 -0.014394
v -0.115445 0.375155 -0.012784
v -0.115464 0.375127 -0.014159
v -0.115340 0.374772 -0.014331
v -0.115348 0.374036 -0.011641
v -0.115210 0.373673 -0.011796
v -0.114951 0.373813 -0.013389
v -0.115314 0.374451 -0.011604
v -0.114935 0.373460 -0.012029
v -0.115115 0.374808 -0.011697
v -0.115106 0.375148 -0.013025
v -0.114598 0.373454 -0.012276
v -0.114744 0.374165 -0.013468
v -0.114834 0.374936 -0.013257
v -0.114806 0.375010 -0.011893
v -0.114701 0.374576 -0.013420
v -0.114695 0.373921 -0.010756
v -0.114552 0.373555 -0.010907
v -0.114667 0.374339 -0.010729
v -0.114289 0.373656 -0.012473
v -0.114276 0.373341 -0.011142
v -0.114476 0.374699 -0.010834
v -0.114469 0.375004 -0.012140
v -0.113941 0.373335 -0.011397
v -0.114090 0.374013 -0.012565
v -0.114194 0.374791 -0.012373
v -0.114173 0.374904 -0.011041
v -0.114056 0.374428 -0.012528
v -0.114063 0.373839 -0.009937
v -0.113917 0.373471 -0.010086
v -0.114042 0.374260 -0.009918
v -0.113638 0.373540 -0.011604
v -0.113642 0.373256 -0.010325
v -0.113858 0.374623 -0.010033
v -0.113839 0.374899 -0.011296
v -0.113447 0.373900 -0.011708
v -0.113312 0.373251 -0.010589
v -0.113563 0.374684 -0.011530
v -0.113561 0.374830 -0.010252
v -0.113419 0.374319 -0.011681
v -0.113460 0.373782 -0.009196
v -0.113315 0.373412 -0.009348
v -0.113443 0.374206 -0.009182
v -0.113015 0.373458 -0.010808
v -0.113046 0.373197 -0.009598
v -0.113269 0.374572 -0.009311
v -0.113231 0.374825 -0.010516
v -0.112727 0.373193 -0.009878
v -0.112831 0.373821 -0.010923
v -0.112956 0.374610 -0.010755
v -0.112984 0.374781 -0.009547
v -0.109153 0.373523 -0.004613
v -0.109018 0.373158 -0.004773
v -0.112810 0.374243 -0.010904
v -0.109141 0.373945 -0.004605
v -0.112442 0.373402 -0.010114
v -0.108772 0.372945 -0.005041
v -0.108986 0.374309 -0.004750
v -0.112665 0.374778 -0.009828
v -0.108481 0.372943 -0.005346
v -0.112268 0.373768 -0.010243
v -0.108728 0.374518 -0.005010
v -0.112396 0.374562 -0.010078
v -0.112251 0.374193 -0.010230
v -0.108223 0.373152 -0.005606
v -0.108437 0.374516 -0.005315
v -0.108067 0.373516 -0.005751
v -0.108191 0.374303 -0.005583
v -0.108055 0.373937 -0.005743
v -0.104884 0.373371 -0.000979
v -0.104766 0.373009 -0.001151
v -0.104875 0.373789 -0.000973
v -0.104554 0.372800 -0.001444
v -0.104743 0.374151 -0.001135
v -0.104304 0.372799 -0.001779
v -0.104083 0.373008 -0.002066
v -0.103951 0.373369 -0.002229
v -0.103942 0.373787 -0.002223
v -0.104060 0.374149 -0.002051
v -0.104272 0.374359 -0.001758
v -0.104522 0.374359 -0.001423
v -0.100573 0.372904 0.001566
v -0.100405 0.372698 0.001248
v -0.100665 0.373262 0.001753
v -0.100656 0.373676 0.001759
v -0.100549 0.374036 0.001582
v -0.100206 0.372698 0.000885
v -0.100372 0.374244 0.001270
v -0.100029 0.372906 0.000573
v -0.100173 0.374245 0.000907
v -0.099922 0.373266 0.000396
v -0.100005 0.374038 0.000589
v -0.099913 0.373680 0.000402
v -0.096505 0.373133 0.003633
v -0.096448 0.372779 0.003433
v -0.096491 0.373544 0.003642
v -0.096336 0.372576 0.003093
v -0.096197 0.372579 0.002706
v -0.096409 0.373901 0.003455
v -0.096282 0.374109 0.003125
v -0.096070 0.372787 0.002376
v -0.096144 0.374112 0.002738
v -0.095989 0.373144 0.002189
v -0.096031 0.373909 0.002398
v -0.095974 0.373555 0.002198
v -0.092419 0.372919 0.004715
v -0.092407 0.372571 0.004504
v -0.092392 0.373326 0.004726
v -0.092360 0.372374 0.004151
v -0.092333 0.373681 0.004536
v -0.092289 0.372381 0.003750
v -0.092258 0.373890 0.004195
v -0.092214 0.372590 0.003408
v -0.092187 0.373897 0.003793
v -0.092155 0.372945 0.003218
v -0.092140 0.373700 0.003440
v -0.092128 0.373351 0.003230
v -0.088465 0.372217 0.004839
v -0.088488 0.372028 0.004483
v -0.088424 0.372557 0.005052
v -0.088486 0.372042 0.004079
v -0.088376 0.372958 0.005066
v -0.088334 0.373312 0.004876
v -0.088461 0.372254 0.003736
v -0.088419 0.372607 0.003546
v -0.088309 0.373524 0.004533
v -0.088371 0.373008 0.003560
v -0.088330 0.373348 0.003773
v -0.088308 0.373537 0.004129
v -0.084791 0.371502 0.003758
v -0.084729 0.371479 0.004153
v -0.084808 0.371718 0.003422
v -0.084637 0.371656 0.004500
v -0.084775 0.372070 0.003234
v -0.084541 0.371985 0.004707
v -0.084700 0.372463 0.003245
v -0.084466 0.372377 0.004718
v -0.084603 0.372792 0.003452
v -0.084432 0.372729 0.004530
v -0.084512 0.372969 0.003799
v -0.084449 0.372946 0.004194
v -0.081252 0.370922 0.002520
v -0.081218 0.371271 0.002334
v -0.081204 0.370701 0.002846
v -0.081113 0.371653 0.002337
v -0.081088 0.370665 0.003223
v -0.080963 0.371967 0.002529
v -0.080935 0.370826 0.003552
v -0.080810 0.372127 0.002857
v -0.080785 0.371140 0.003743
v -0.080694 0.372092 0.003235
v -0.080679 0.371522 0.003746
v -0.080646 0.371871 0.003560
v -0.077752 0.370144 0.000897
v -0.077793 0.369801 0.001084
v -0.077615 0.370512 0.000887
v -0.077726 0.369575 0.001399
v -0.077418 0.370807 0.001056
v -0.077569 0.369526 0.001756
v -0.077214 0.370949 0.001361
v -0.077364 0.369668 0.002060
v -0.077057 0.370901 0.001718
v -0.077167 0.369963 0.002230
v -0.076990 0.370675 0.002032
v -0.077030 0.370331 0.002220
v -0.074384 0.368625 -0.001027
v -0.074436 0.368290 -0.000835
v -0.074218 0.368976 -0.001054
v -0.074359 0.368062 -0.000529
v -0.073981 0.369249 -0.000910
v -0.074174 0.368000 -0.000192
v -0.073737 0.369371 -0.000631
v -0.073930 0.368122 0.000086
v -0.073552 0.369310 -0.000294
v -0.073693 0.368395 0.000231
v -0.073475 0.369081 0.000011
v -0.073526 0.368746 0.000204
v -0.071124 0.366649 -0.003384
v -0.071190 0.366326 -0.003183
v -0.070931 0.366980 -0.003431
v -0.071110 0.366097 -0.002883
v -0.070663 0.367230 -0.003312
v -0.070907 0.366024 -0.002563
v -0.070390 0.367332 -0.003059
v -0.070634 0.366126 -0.002309
v -0.070187 0.367259 -0.002739
v -0.070365 0.366376 -0.002190
v -0.070107 0.367030 -0.002438
v -0.070172 0.366707 -0.002238
v -0.068066 0.363843 -0.005905
v -0.067987 0.364152 -0.006116
v -0.067988 0.363617 -0.005607
v -0.067771 0.364460 -0.006184
v -0.067477 0.364686 -0.006090
v -0.067773 0.363534 -0.005301
v -0.067480 0.363617 -0.005070
v -0.067184 0.364769 -0.005859
v -0.067186 0.363843 -0.004976
v -0.066969 0.364686 -0.005554
v -0.066971 0.364152 -0.005044
v -0.066891 0.364460 -0.005255
v -0.129307 0.238629 -0.050765
v -0.129303 0.237632 -0.051650
v -0.129310 0.237710 -0.051733
v -0.129215 0.236721 -0.052704
v -0.129236 0.238557 -0.050685
v -0.129240 0.237568 -0.051579
v -0.129208 0.236649 -0.052636
v -0.129315 0.238712 -0.050863
v -0.129259 0.237780 -0.051807
v -0.129171 0.236789 -0.052761
v -0.129254 0.239603 -0.049957
v -0.129174 0.239522 -0.049868
v -0.129258 0.238785 -0.050953
v -0.129263 0.239694 -0.050067
v -0.129164 0.237824 -0.051852
v -0.129089 0.236834 -0.052793
v -0.129199 0.239772 -0.050170
v -0.129150 0.238827 -0.051010
v -0.129175 0.240519 -0.049197
v -0.129088 0.240428 -0.049101
v -0.129185 0.240622 -0.049318
v -0.129121 0.238516 -0.050644
v -0.129154 0.236592 -0.052576
v -0.129138 0.237535 -0.051541
v -0.129046 0.239474 -0.049824
v -0.128998 0.235779 -0.053803
v -0.128992 0.235713 -0.053751
v -0.128962 0.235843 -0.053844
v -0.129079 0.239815 -0.050238
v -0.129114 0.240709 -0.049430
v -0.129065 0.236565 -0.052541
v -0.128945 0.235663 -0.053702
v -0.128894 0.235888 -0.053863
v -0.129050 0.237830 -0.051856
v -0.128991 0.236845 -0.052791
v -0.129022 0.238828 -0.051019
v -0.128946 0.240372 -0.049055
v -0.129103 0.241343 -0.048463
v -0.129008 0.241237 -0.048363
v -0.129113 0.241463 -0.048588
v -0.128992 0.238517 -0.050654
v -0.129024 0.237541 -0.051545
v -0.128903 0.239471 -0.049838
v -0.129034 0.241566 -0.048704
v -0.128982 0.240757 -0.049505
v -0.129068 0.242056 -0.047712
v -0.129077 0.242196 -0.047839
v -0.128966 0.241934 -0.047611
v -0.128967 0.236576 -0.052539
v -0.128870 0.235642 -0.053670
v -0.128811 0.235903 -0.053855
v -0.128936 0.239812 -0.050252
v -0.128853 0.241175 -0.048314
v -0.129012 0.242385 -0.047335
v -0.128910 0.242255 -0.047241
v -0.128992 0.242314 -0.047958
v -0.129021 0.242529 -0.047460
v -0.128902 0.236818 -0.052756
v -0.128948 0.237796 -0.051818
v -0.128788 0.240368 -0.049072
v -0.128890 0.241624 -0.048781
v -0.128629 0.234917 -0.055057
v -0.128622 0.234859 -0.055020
v -0.128601 0.234975 -0.055083
v -0.128737 0.235882 -0.053823
v -0.128885 0.238560 -0.050711
v -0.128929 0.237585 -0.051590
v -0.128783 0.239514 -0.049905
v -0.128906 0.238788 -0.050979
v -0.128824 0.240752 -0.049522
v -0.128798 0.241860 -0.047564
v -0.128935 0.242647 -0.047583
v -0.128834 0.242380 -0.048038
v -0.128874 0.242865 -0.046800
v -0.128772 0.242730 -0.046707
v -0.128883 0.243009 -0.046927
v -0.128547 0.235017 -0.055091
v -0.128885 0.236621 -0.052571
v -0.128788 0.235656 -0.053662
v -0.128743 0.242172 -0.047203
v -0.128583 0.234816 -0.054982
v -0.128878 0.237655 -0.051664
v -0.128827 0.238633 -0.050800
v -0.128847 0.236761 -0.052696
v -0.128885 0.237732 -0.051747
v -0.128808 0.239764 -0.050208
v -0.128680 0.241172 -0.048330
v -0.128798 0.243123 -0.047056
v -0.128777 0.242707 -0.047670
v -0.128522 0.234801 -0.054953
v -0.128481 0.235033 -0.055079
v -0.128841 0.236689 -0.052628
v -0.128719 0.235701 -0.053681
v -0.128690 0.235831 -0.053774
v -0.128835 0.238716 -0.050898
v -0.128719 0.239592 -0.050008
v -0.128656 0.240415 -0.049146
v -0.128716 0.241621 -0.048797
v -0.128604 0.242641 -0.046675
v -0.128669 0.243465 -0.046142
v -0.128566 0.243328 -0.046049
v -0.128679 0.243610 -0.046272
v -0.128683 0.235766 -0.053722
v -0.128728 0.239683 -0.050119
v -0.128682 0.240697 -0.049476
v -0.128611 0.241856 -0.047583
v -0.128646 0.242376 -0.048057
v -0.128455 0.234816 -0.054941
v -0.128420 0.235017 -0.055050
v -0.128586 0.240502 -0.049259
v -0.128535 0.241230 -0.048406
v -0.128554 0.242159 -0.047231
v -0.128639 0.243178 -0.047152
v -0.128588 0.242694 -0.047699
v -0.128398 0.243236 -0.046020
v -0.128593 0.243723 -0.046405
v -0.128401 0.234858 -0.054949
v -0.128381 0.234974 -0.055012
v -0.128595 0.240605 -0.049380
v -0.128562 0.241558 -0.048748
v -0.128416 0.242621 -0.046712
v -0.128374 0.234916 -0.054975
v -0.128453 0.241922 -0.047663
v -0.128411 0.244168 -0.045386
v -0.128307 0.244029 -0.045293
v -0.128421 0.244313 -0.045519
v -0.128075 0.234167 -0.056494
v -0.128068 0.234119 -0.056470
v -0.128056 0.234216 -0.056507
v -0.128457 0.241333 -0.048523
v -0.128479 0.242302 -0.048010
v -0.128451 0.243158 -0.047189
v -0.128435 0.243775 -0.046505
v -0.128037 0.234084 -0.056442
v -0.128016 0.234252 -0.056507
v -0.128467 0.241453 -0.048648
v -0.128396 0.242220 -0.047318
v -0.128209 0.243212 -0.046060
v -0.128421 0.242612 -0.047661
v -0.128335 0.244425 -0.045655
v -0.127966 0.234267 -0.056493
v -0.128367 0.242040 -0.047782
v -0.128258 0.242675 -0.046807
v -0.128137 0.243934 -0.045264
v -0.127990 0.234073 -0.056417
v -0.127919 0.234255 -0.056469
v -0.128377 0.242179 -0.047909
v -0.127939 0.234087 -0.056403
v -0.128310 0.242338 -0.047441
v -0.128246 0.243751 -0.046546
v -0.128284 0.243069 -0.047156
v -0.128176 0.244475 -0.045759
v -0.127899 0.234124 -0.056403
v -0.127887 0.234221 -0.056441
v -0.128172 0.242790 -0.046936
v -0.128319 0.242481 -0.047566
v -0.128050 0.243263 -0.046161
v -0.127947 0.243908 -0.045308
v -0.128112 0.244950 -0.044560
v -0.128006 0.244811 -0.044466
v -0.128123 0.245095 -0.044695
v -0.127880 0.234173 -0.056417
v -0.128036 0.245207 -0.044835
v -0.128181 0.242934 -0.047064
v -0.127835 0.244714 -0.044437
v -0.128077 0.243658 -0.046516
v -0.127964 0.243377 -0.046294
v -0.127986 0.244449 -0.045802
v -0.127788 0.243958 -0.045412
v -0.127974 0.243521 -0.046424
v -0.127876 0.245256 -0.044942
v -0.127644 0.244687 -0.044482
v -0.127784 0.245790 -0.043693
v -0.127796 0.245935 -0.043831
v -0.127678 0.245650 -0.043596
v -0.127307 0.233560 -0.058140
v -0.127300 0.233524 -0.058126
v -0.127295 0.233597 -0.058145
v -0.127816 0.244354 -0.045774
v -0.127277 0.233498 -0.058107
v -0.127268 0.233625 -0.058141
v -0.127702 0.244071 -0.045548
v -0.127710 0.246046 -0.043973
v -0.127233 0.233637 -0.058127
v -0.127505 0.245552 -0.043568
v -0.127243 0.233491 -0.058089
v -0.127685 0.245228 -0.044987
v -0.127208 0.233502 -0.058075
v -0.127199 0.233629 -0.058109
v -0.127712 0.244216 -0.045681
v -0.127483 0.244735 -0.044589
v -0.127176 0.233604 -0.058090
v -0.127181 0.233530 -0.058070
v -0.127169 0.233568 -0.058076
v -0.127548 0.246094 -0.044083
v -0.127312 0.245523 -0.043614
v -0.127513 0.245132 -0.044959
v -0.127397 0.244847 -0.044729
v -0.127442 0.246664 -0.042812
v -0.127334 0.246524 -0.042713
v -0.127455 0.246809 -0.042953
v -0.127408 0.244992 -0.044864
v -0.127368 0.246919 -0.043099
v -0.127355 0.246065 -0.044129
v -0.127159 0.246426 -0.042684
v -0.127150 0.245571 -0.043723
v -0.127206 0.246966 -0.043211
v -0.127182 0.245968 -0.044101
v -0.126964 0.246396 -0.042732
v -0.127064 0.245682 -0.043866
v -0.127099 0.247549 -0.041948
v -0.126989 0.247409 -0.041846
v -0.127112 0.247693 -0.042093
v -0.127075 0.245828 -0.044004
v -0.127011 0.246936 -0.043259
v -0.127026 0.247802 -0.042242
v -0.126812 0.247311 -0.041816
v -0.126293 0.233128 -0.060025
v -0.126287 0.233105 -0.060018
v -0.126287 0.233152 -0.060025
v -0.126271 0.233170 -0.060020
v -0.126802 0.246443 -0.042843
v -0.126273 0.233089 -0.060007
v -0.126251 0.233177 -0.060010
v -0.126252 0.233084 -0.059995
v -0.126230 0.233173 -0.059997
v -0.126231 0.233092 -0.059985
v -0.126215 0.233157 -0.059987
v -0.126862 0.247848 -0.042357
v -0.126216 0.233110 -0.059979
v -0.126210 0.233134 -0.059980
v -0.126715 0.246553 -0.042990
v -0.126836 0.246838 -0.043229
v -0.126615 0.247281 -0.041864
v -0.126767 0.248422 -0.041128
v -0.126781 0.248564 -0.041278
v -0.126728 0.246698 -0.043131
v -0.126654 0.248284 -0.041023
v -0.126666 0.247818 -0.042405
v -0.126695 0.248671 -0.041432
v -0.126475 0.248186 -0.040991
v -0.126452 0.247327 -0.041978
v -0.126489 0.247720 -0.042374
v -0.126531 0.248716 -0.041549
v -0.126365 0.247436 -0.042128
v -0.126276 0.248156 -0.041040
v -0.126459 0.249260 -0.040383
v -0.126476 0.249398 -0.040538
v -0.126344 0.249125 -0.040273
v -0.126379 0.247580 -0.042273
v -0.126390 0.249503 -0.040697
v -0.126332 0.248686 -0.041597
v -0.126162 0.249029 -0.040238
v -0.126112 0.248201 -0.041156
v -0.126225 0.249546 -0.040817
v -0.126153 0.248588 -0.041565
v -0.125962 0.248999 -0.040287
v -0.126190 0.250040 -0.039741
v -0.126209 0.250172 -0.039904
v -0.126026 0.248308 -0.041310
v -0.126071 0.249911 -0.039624
v -0.126041 0.248450 -0.041460
v -0.126125 0.250272 -0.040069
v -0.125886 0.249819 -0.039585
v -0.126025 0.249516 -0.040866
v -0.124985 0.232903 -0.062166
v -0.125797 0.249042 -0.040407
v -0.125959 0.250312 -0.040193
v -0.125971 0.250740 -0.039231
v -0.125850 0.250614 -0.039109
v -0.125993 0.250867 -0.039400
v -0.125843 0.249420 -0.040831
v -0.125683 0.249789 -0.039634
v -0.125711 0.249146 -0.040566
v -0.125910 0.250962 -0.039571
v -0.125662 0.250525 -0.039067
v -0.125728 0.249285 -0.040721
v -0.125756 0.250282 -0.040241
v -0.125826 0.251194 -0.038915
v -0.125847 0.251321 -0.039084
v -0.125518 0.249829 -0.039758
v -0.125743 0.250999 -0.039698
v -0.125705 0.251067 -0.038794
v -0.125764 0.251415 -0.039255
v -0.125457 0.250494 -0.039116
v -0.125571 0.250190 -0.040202
v -0.125517 0.250976 -0.038753
v -0.125619 0.251789 -0.038481
v -0.125640 0.251919 -0.038648
v -0.125499 0.251660 -0.038363
v -0.125433 0.249929 -0.039923
v -0.125453 0.250061 -0.040086
v -0.125539 0.250969 -0.039747
v -0.125599 0.251451 -0.039383
v -0.125556 0.252015 -0.038819
v -0.125312 0.251566 -0.038324
v -0.125291 0.250532 -0.039243
v -0.125313 0.250944 -0.038804
v -0.125365 0.252500 -0.037955
v -0.125386 0.252631 -0.038122
v -0.125245 0.252369 -0.037837
v -0.125390 0.252051 -0.038947
v -0.125395 0.251419 -0.039434
v -0.125351 0.250879 -0.039705
v -0.125302 0.252727 -0.038292
v -0.125208 0.250627 -0.039414
v -0.125109 0.251532 -0.038376
v -0.125059 0.252274 -0.037799
v -0.125229 0.250754 -0.039583
v -0.125147 0.250980 -0.038932
v -0.125187 0.252017 -0.038999
v -0.125207 0.251328 -0.039393
v -0.125136 0.252763 -0.038420
v -0.125078 0.253297 -0.037362
v -0.125098 0.253428 -0.037528
v -0.124958 0.253167 -0.037244
v -0.124943 0.251568 -0.038504
v -0.124856 0.252240 -0.037852
v -0.125015 0.253525 -0.037698
v -0.125064 0.251074 -0.039104
v -0.124772 0.253072 -0.037206
v -0.125086 0.251201 -0.039272
v -0.125000 0.251923 -0.038960
v -0.124933 0.252728 -0.038472
v -0.124860 0.251664 -0.038674
v -0.124849 0.253560 -0.037826
v -0.124881 0.251794 -0.038841
v -0.124690 0.252276 -0.037980
v -0.124771 0.254155 -0.036726
v -0.124652 0.254025 -0.036607
v -0.124792 0.254285 -0.036892
v -0.124569 0.253038 -0.037258
v -0.124746 0.252633 -0.038434
v -0.124708 0.254381 -0.037062
v -0.124606 0.252372 -0.038150
v -0.124646 0.253526 -0.037878
v -0.124465 0.253931 -0.036569
v -0.124627 0.252503 -0.038316
v -0.124403 0.253074 -0.037386
v -0.124543 0.254417 -0.037191
v -0.124460 0.255045 -0.036072
v -0.124481 0.255174 -0.036240
v -0.124262 0.253897 -0.036620
v -0.124340 0.254917 -0.035953
v -0.124459 0.253431 -0.037840
v -0.124397 0.255270 -0.036410
v -0.124319 0.253170 -0.037556
v -0.124340 0.253301 -0.037722
v -0.124339 0.254384 -0.037242
v -0.124153 0.254824 -0.035913
v -0.124096 0.253933 -0.036748
v -0.124232 0.255306 -0.036538
v -0.124157 0.255940 -0.035427
v -0.124179 0.256067 -0.035596
v -0.124153 0.254289 -0.037204
v -0.123949 0.254791 -0.035964
v -0.124036 0.255814 -0.035306
v -0.124012 0.254029 -0.036919
v -0.124096 0.256162 -0.035767
v -0.124033 0.254160 -0.037085
v -0.124028 0.255273 -0.036589
v -0.123849 0.255723 -0.035265
v -0.123783 0.254827 -0.036092
v -0.123930 0.256198 -0.035895
v -0.123878 0.256811 -0.034815
v -0.123900 0.256935 -0.034986
v -0.123841 0.255180 -0.036550
v -0.123644 0.255691 -0.035315
v -0.123756 0.256688 -0.034691
v -0.123700 0.254922 -0.036263
v -0.123818 0.257028 -0.035158
v -0.123721 0.255052 -0.036430
v -0.123726 0.256166 -0.035945
v -0.123567 0.256600 -0.034648
v -0.123478 0.255727 -0.035443
v -0.123652 0.257065 -0.035286
v -0.123636 0.257630 -0.034262
v -0.123660 0.257750 -0.034436
v -0.123512 0.257513 -0.034135
v -0.123538 0.256075 -0.035904
v -0.123362 0.256571 -0.034697
v -0.123577 0.257841 -0.034610
v -0.123395 0.255822 -0.035614
v -0.123322 0.257430 -0.034089
v -0.123417 0.255949 -0.035783
v -0.123447 0.257036 -0.035334
v -0.123196 0.256607 -0.034825
v -0.123411 0.257879 -0.034737
v -0.123445 0.258370 -0.033794
v -0.123319 0.258261 -0.033662
v -0.123471 0.258482 -0.033973
v -0.123116 0.257404 -0.034135
v -0.123390 0.258569 -0.034149
v -0.123258 0.256948 -0.035291
v -0.123127 0.258187 -0.033610
v -0.123113 0.256700 -0.034997
v -0.123320 0.258998 -0.033438
v -0.123349 0.259096 -0.033624
v -0.123206 0.257852 -0.034784
v -0.123191 0.258907 -0.033296
v -0.123136 0.256825 -0.035168
v -0.123223 0.258607 -0.034276
v -0.123269 0.259176 -0.033804
v -0.122950 0.257441 -0.034262
v -0.123274 0.259490 -0.033216
v -0.123304 0.259575 -0.033409
v -0.122920 0.258165 -0.033653
v -0.122996 0.258848 -0.033235
v -0.123143 0.259418 -0.033065
v -0.123225 0.259648 -0.033592
v -0.123211 0.261509 -0.032398
v -0.123242 0.261599 -0.032596
v -0.123102 0.259216 -0.033930
v -0.123075 0.261431 -0.032243
v -0.123015 0.257769 -0.034737
v -0.123159 0.261678 -0.032785
v -0.123032 0.263521 -0.031403
v -0.123063 0.263630 -0.031601
v -0.122868 0.257532 -0.034436
v -0.123016 0.258586 -0.034319
v -0.122946 0.259375 -0.032997
v -0.123058 0.259690 -0.033717
v -0.122894 0.263423 -0.031251
v -0.122986 0.261724 -0.032913
v -0.122977 0.263721 -0.031792
v -0.122892 0.257652 -0.034610
v -0.122787 0.258837 -0.033273
v -0.122871 0.261386 -0.032173
v -0.122753 0.258203 -0.033780
v -0.122893 0.259205 -0.033968
v -0.122847 0.259690 -0.033749
v -0.122684 0.263362 -0.031186
v -0.122748 0.265505 -0.030256
v -0.122777 0.265631 -0.030453
v -0.122607 0.265389 -0.030107
v -0.122824 0.258512 -0.034267
v -0.122736 0.259376 -0.033029
v -0.122798 0.263769 -0.031924
v -0.122769 0.261724 -0.032947
v -0.122687 0.265734 -0.030645
v -0.122672 0.258291 -0.033956
v -0.122654 0.261386 -0.032206
v -0.122620 0.258876 -0.033399
v -0.122698 0.258403 -0.034135
v -0.122698 0.259146 -0.033908
v -0.122392 0.265314 -0.030047
v -0.122459 0.263355 -0.031224
v -0.122651 0.259648 -0.033681
v -0.122569 0.259418 -0.033154
v -0.122573 0.263762 -0.031963
v -0.122565 0.261679 -0.032877
v -0.122502 0.265785 -0.030781
v -0.122366 0.267450 -0.028975
v -0.122394 0.267593 -0.029171
v -0.122540 0.258956 -0.033579
v -0.122223 0.267317 -0.028830
v -0.122480 0.261432 -0.032335
v -0.122569 0.259055 -0.033765
v -0.122160 0.265300 -0.030090
v -0.122299 0.267705 -0.029364
v -0.122520 0.259575 -0.033530
v -0.122280 0.263404 -0.031356
v -0.122490 0.259491 -0.033337
v -0.122003 0.267229 -0.028775
v -0.122398 0.261511 -0.032523
v -0.122363 0.263702 -0.031897
v -0.122429 0.261601 -0.032722
v -0.122270 0.265771 -0.030825
v -0.122108 0.267759 -0.029505
v -0.122194 0.263495 -0.031547
v -0.121975 0.265351 -0.030226
v -0.122225 0.263604 -0.031745
v -0.121765 0.267208 -0.028824
v -0.121895 0.269345 -0.027580
v -0.121921 0.269501 -0.027774
v -0.122056 0.265696 -0.030764
v -0.121750 0.269195 -0.027439
v -0.121885 0.265453 -0.030419
v -0.121870 0.267738 -0.029554
v -0.121822 0.269624 -0.027970
v -0.121914 0.265579 -0.030615
v -0.121526 0.269094 -0.027389
v -0.121574 0.267261 -0.028964
v -0.121624 0.269680 -0.028114
v -0.121650 0.267649 -0.029498
v -0.121283 0.269067 -0.027444
v -0.121479 0.267374 -0.029158
v -0.121507 0.267516 -0.029353
v -0.121345 0.271175 -0.026091
v -0.121369 0.271347 -0.026284
v -0.121381 0.269653 -0.028168
v -0.121199 0.271011 -0.025954
v -0.121265 0.271479 -0.026480
v -0.121085 0.269123 -0.027588
v -0.120971 0.270897 -0.025910
v -0.121157 0.269552 -0.028118
v -0.121061 0.271536 -0.026629
v -0.120986 0.269246 -0.027783
v -0.120721 0.270865 -0.025971
v -0.121012 0.269402 -0.027978
v -0.120811 0.271504 -0.026689
v -0.120723 0.272932 -0.024527
v -0.120577 0.272752 -0.024395
v -0.120745 0.273116 -0.024718
v -0.120517 0.270923 -0.026119
v -0.120636 0.273257 -0.024916
v -0.120345 0.272627 -0.024357
v -0.120583 0.271390 -0.026645
v -0.120413 0.271055 -0.026316
v -0.120426 0.273317 -0.025069
v -0.120437 0.271226 -0.026508
v -0.120089 0.272589 -0.024423
v -0.120171 0.273279 -0.025135
v -0.120039 0.274601 -0.022908
v -0.120058 0.274799 -0.023097
v -0.119879 0.272649 -0.024576
v -0.119892 0.274408 -0.022781
v -0.119939 0.273154 -0.025097
v -0.119657 0.274271 -0.022750
v -0.119945 0.274949 -0.023296
v -0.119770 0.272790 -0.024774
v -0.119792 0.272974 -0.024965
v -0.119728 0.275010 -0.023453
v -0.119396 0.274227 -0.022822
v -0.119180 0.274288 -0.022979
v -0.119468 0.274967 -0.023525
v -0.119302 0.276172 -0.021254
v -0.119155 0.275964 -0.021132
v -0.119318 0.276383 -0.021440
v -0.119066 0.274438 -0.023179
v -0.119085 0.274636 -0.023367
v -0.119232 0.274830 -0.023494
v -0.118917 0.275816 -0.021108
v -0.119199 0.276541 -0.021640
v -0.118651 0.275767 -0.021187
v -0.118977 0.276604 -0.021801
v -0.118711 0.276555 -0.021880
v -0.118429 0.275830 -0.021348
v -0.118520 0.277632 -0.019583
v -0.118374 0.277411 -0.019468
v -0.118532 0.277857 -0.019766
v -0.118473 0.276407 -0.021856
v -0.118408 0.278023 -0.019967
v -0.118310 0.275988 -0.021549
v -0.118133 0.277251 -0.019451
v -0.118326 0.276199 -0.021735
v -0.118180 0.278088 -0.020133
v -0.117862 0.277196 -0.019538
v -0.117909 0.278033 -0.020219
v -0.117634 0.277260 -0.019704
v -0.117701 0.278971 -0.017915
v -0.117557 0.278734 -0.017808
v -0.117710 0.279208 -0.018094
v -0.117668 0.277873 -0.020202
v -0.117509 0.277427 -0.019905
v -0.117314 0.278563 -0.017800
v -0.117580 0.279383 -0.018295
v -0.117522 0.277651 -0.020087
v -0.117039 0.278502 -0.017894
v -0.117346 0.279449 -0.018466
v -0.117070 0.279388 -0.018560
v -0.116805 0.278568 -0.018065
v -0.116856 0.280175 -0.016270
v -0.116713 0.279924 -0.016172
v -0.116859 0.280425 -0.016444
v -0.116828 0.279216 -0.018553
v -0.116675 0.278743 -0.018267
v -0.116470 0.279740 -0.016174
v -0.116723 0.280609 -0.016645
v -0.116683 0.278980 -0.018445
v -0.116483 0.280676 -0.016821
v -0.116191 0.279673 -0.016277
v -0.115951 0.279740 -0.016452
v -0.116204 0.280609 -0.016924
v -0.115814 0.279924 -0.016654
v -0.115960 0.280425 -0.016926
v -0.115818 0.280175 -0.016827
usemtl Tributary_veins_of_Great_and_small_saphenous_veins_rMaterial0
f 1 2 3
f 4 2 1
f 1 3 5
f 6 1 5
f 7 4 1
f 7 1 6
f 2 8 3
f 4 9 2
f 9 10 2
f 2 10 8
f 5 3 11
f 5 11 12
f 13 5 12
f 6 5 13
f 3 14 11
f 3 8 14
f 15 9 4
f 16 15 4
f 16 4 7
f 15 17 9
f 17 18 9
f 9 18 10
f 12 11 19
f 13 12 20
f 12 19 21
f 20 12 21
f 11 22 19
f 11 14 22
f 23 6 13
f 24 7 6
f 24 6 23
f 25 17 15
f 26 25 15
f 26 15 16
f 17 27 18
f 25 28 17
f 28 27 17
f 10 29 8
f 18 30 10
f 10 30 29
f 31 13 20
f 23 13 31
f 8 32 14
f 8 29 32
f 33 16 7
f 33 7 24
f 27 34 18
f 18 34 30
f 21 19 35
f 20 21 36
f 21 35 37
f 36 21 37
f 19 38 35
f 19 22 38
f 39 28 25
f 40 25 26
f 40 39 25
f 41 20 36
f 31 20 41
f 28 42 27
f 39 43 28
f 43 42 28
f 14 44 22
f 14 32 44
f 45 26 16
f 45 16 33
f 42 46 27
f 27 46 34
f 37 35 47
f 35 48 47
f 35 38 48
f 36 37 49
f 37 47 50
f 49 37 50
f 41 36 51
f 51 36 49
f 52 43 39
f 43 53 42
f 52 54 43
f 54 53 43
f 22 55 38
f 22 44 55
f 56 40 26
f 56 26 45
f 57 23 31
f 58 24 23
f 58 23 57
f 59 31 41
f 57 31 59
f 60 52 39
f 60 39 40
f 53 61 42
f 42 61 46
f 30 62 29
f 34 63 30
f 30 63 62
f 29 64 32
f 29 62 64
f 65 33 24
f 65 24 58
f 50 47 66
f 47 67 66
f 47 48 67
f 46 68 34
f 34 68 63
f 49 50 69
f 50 66 70
f 69 50 70
f 70 54 52
f 70 66 54
f 66 71 54
f 54 71 53
f 72 70 52
f 72 52 60
f 73 41 51
f 59 41 73
f 74 49 69
f 51 49 74
f 69 70 72
f 66 67 71
f 38 75 48
f 38 55 75
f 32 76 44
f 32 64 76
f 71 77 53
f 53 77 61
f 61 78 46
f 46 78 68
f 79 45 33
f 79 33 65
f 80 60 40
f 80 40 56
f 48 81 67
f 48 75 81
f 82 69 72
f 74 69 82
f 67 83 71
f 71 83 77
f 44 84 55
f 44 76 84
f 85 72 60
f 85 60 80
f 82 72 85
f 86 51 74
f 73 51 86
f 67 81 83
f 77 87 61
f 61 87 78
f 68 88 63
f 78 89 68
f 68 89 88
f 63 90 62
f 63 88 90
f 62 91 64
f 62 90 91
f 92 56 45
f 92 45 79
f 55 93 75
f 55 84 93
f 64 94 76
f 64 91 94
f 83 95 77
f 77 95 87
f 87 96 78
f 78 96 89
f 97 57 59
f 98 58 57
f 98 57 97
f 99 59 73
f 97 59 99
f 100 74 82
f 86 74 100
f 101 65 58
f 101 58 98
f 102 80 56
f 102 56 92
f 75 103 81
f 75 93 103
f 76 104 84
f 76 94 104
f 81 105 83
f 83 105 95
f 81 103 105
f 95 106 87
f 87 106 96
f 88 107 90
f 89 108 88
f 88 108 107
f 90 109 91
f 90 107 109
f 110 73 86
f 99 73 110
f 111 82 85
f 100 82 111
f 96 112 89
f 89 112 108
f 113 85 80
f 113 80 102
f 114 79 65
f 114 65 101
f 111 85 113
f 84 115 93
f 84 104 115
f 91 116 94
f 91 109 116
f 105 117 95
f 95 117 106
f 106 118 96
f 96 118 112
f 119 86 100
f 110 86 119
f 103 120 105
f 105 120 117
f 93 121 103
f 93 115 121
f 94 122 104
f 94 116 122
f 123 92 79
f 123 79 114
f 103 121 120
f 117 124 106
f 106 124 118
f 108 125 107
f 112 126 108
f 108 126 125
f 107 127 109
f 107 125 127
f 118 128 112
f 112 128 126
f 104 129 115
f 104 122 129
f 109 130 116
f 109 127 130
f 120 131 117
f 117 131 124
f 132 100 111
f 119 100 132
f 124 133 118
f 118 133 128
f 134 102 92
f 134 92 123
f 115 135 121
f 115 129 135
f 136 97 99
f 137 98 97
f 137 97 136
f 121 138 120
f 120 138 131
f 121 135 138
f 116 139 122
f 116 130 139
f 140 99 110
f 136 99 140
f 131 141 124
f 124 141 133
f 142 101 98
f 142 98 137
f 143 111 113
f 132 111 143
f 128 144 126
f 126 145 125
f 126 144 145
f 146 113 102
f 146 102 134
f 122 147 129
f 122 139 147
f 133 148 128
f 128 148 144
f 125 149 127
f 125 145 149
f 143 113 146
f 138 150 131
f 131 150 141
f 151 110 119
f 140 110 151
f 127 152 130
f 127 149 152
f 129 153 135
f 129 147 153
f 141 154 133
f 133 154 148
f 155 114 101
f 155 101 142
f 135 156 138
f 138 156 150
f 135 153 156
f 130 157 139
f 130 152 157
f 150 158 141
f 141 158 154
f 159 119 132
f 151 119 159
f 139 160 147
f 139 157 160
f 156 161 150
f 150 161 158
f 148 162 144
f 144 163 145
f 144 162 163
f 164 123 114
f 164 114 155
f 154 165 148
f 148 165 162
f 145 166 149
f 145 163 166
f 147 167 153
f 147 160 167
f 153 168 156
f 156 168 161
f 149 169 152
f 149 166 169
f 153 167 168
f 158 170 154
f 154 170 165
f 171 132 143
f 159 132 171
f 152 172 157
f 152 169 172
f 161 173 158
f 158 173 170
f 174 134 123
f 174 123 164
f 157 175 160
f 157 172 175
f 168 176 161
f 161 176 173
f 177 146 134
f 177 134 174
f 178 136 140
f 179 137 136
f 179 136 178
f 180 140 151
f 178 140 180
f 181 143 146
f 171 143 181
f 167 182 168
f 168 182 176
f 160 183 167
f 167 183 182
f 160 175 183
f 162 184 163
f 165 185 162
f 162 185 184
f 163 186 166
f 163 184 186
f 181 146 177
f 170 187 165
f 165 187 185
f 188 142 137
f 188 137 179
f 166 189 169
f 166 186 189
f 173 190 170
f 170 190 187
f 191 151 159
f 180 151 191
f 169 192 172
f 169 189 192
f 176 193 173
f 173 193 190
f 194 155 142
f 194 142 188
f 172 195 175
f 172 192 195
f 182 196 176
f 176 196 193
f 175 197 183
f 175 195 197
f 183 198 182
f 182 198 196
f 183 197 198
f 199 159 171
f 191 159 199
f 200 164 155
f 200 155 194
f 187 201 185
f 190 202 187
f 187 202 201
f 185 203 184
f 185 201 203
f 184 204 186
f 184 203 204
f 186 205 189
f 186 204 205
f 193 206 190
f 190 206 202
f 189 207 192
f 189 205 207
f 208 171 181
f 199 171 208
f 196 209 193
f 193 209 206
f 192 210 195
f 192 207 210
f 211 174 164
f 211 164 200
f 198 212 196
f 196 212 209
f 195 213 197
f 195 210 213
f 197 214 198
f 198 214 212
f 197 213 214
f 215 181 177
f 208 181 215
f 216 177 174
f 216 174 211
f 215 177 216
f 217 178 180
f 218 179 178
f 218 178 217
f 219 180 191
f 217 180 219
f 220 188 179
f 220 179 218
f 202 221 201
f 206 222 202
f 202 222 221
f 201 223 203
f 201 221 223
f 203 224 204
f 203 223 224
f 225 191 199
f 219 191 225
f 204 226 205
f 204 224 226
f 209 227 206
f 206 227 222
f 205 228 207
f 205 226 228
f 212 229 209
f 209 229 227
f 230 194 188
f 230 188 220
f 207 231 210
f 207 228 231
f 214 232 212
f 212 232 229
f 213 233 214
f 214 233 232
f 210 234 213
f 213 234 233
f 210 231 234
f 235 199 208
f 225 199 235
f 236 200 194
f 236 194 230
f 237 208 215
f 235 208 237
f 238 211 200
f 238 200 236
f 222 239 221
f 227 240 222
f 222 240 239
f 221 241 223
f 221 239 241
f 223 242 224
f 223 241 242
f 224 243 226
f 224 242 243
f 229 244 227
f 227 244 240
f 245 215 216
f 237 215 245
f 232 246 229
f 229 246 244
f 226 247 228
f 226 243 247
f 228 248 231
f 228 247 248
f 249 216 211
f 249 211 238
f 233 250 232
f 232 250 246
f 234 251 233
f 233 251 250
f 231 252 234
f 234 252 251
f 231 248 252
f 245 216 249
f 253 217 219
f 254 218 217
f 254 217 253
f 255 219 225
f 253 219 255
f 256 220 218
f 256 218 254
f 257 225 235
f 255 225 257
f 258 230 220
f 258 220 256
f 259 235 237
f 257 235 259
f 260 236 230
f 260 230 258
f 261 237 245
f 259 237 261
f 262 238 236
f 262 236 260
f 263 245 249
f 261 245 263
f 264 249 238
f 264 238 262
f 263 249 264
f 265 253 255
f 266 254 253
f 266 253 265
f 267 255 257
f 265 255 267
f 268 256 254
f 268 254 266
f 269 257 259
f 267 257 269
f 270 258 256
f 270 256 268
f 271 259 261
f 269 259 271
f 272 260 258
f 272 258 270
f 273 261 263
f 271 261 273
f 274 262 260
f 274 260 272
f 275 263 264
f 273 263 275
f 276 264 262
f 276 262 274
f 275 264 276
f 277 265 267
f 278 266 265
f 278 265 277
f 279 267 269
f 277 267 279
f 280 268 266
f 280 266 278
f 281 269 271
f 279 269 281
f 282 270 268
f 282 268 280
f 283 271 273
f 281 271 283
f 284 272 270
f 284 270 282
f 285 273 275
f 283 273 285
f 286 274 272
f 286 272 284
f 287 275 276
f 285 275 287
f 288 277 279
f 289 278 277
f 289 277 288
f 290 279 281
f 288 279 290
f 291 276 274
f 291 274 286
f 287 276 291
f 292 281 283
f 290 281 292
f 293 280 278
f 293 278 289
f 294 283 285
f 292 283 294
f 295 282 280
f 295 280 293
f 296 285 287
f 294 285 296
f 297 284 282
f 297 282 295
f 298 287 291
f 296 287 298
f 299 286 284
f 299 284 297
f 300 288 290
f 301 290 292
f 300 290 301
f 302 289 288
f 302 288 300
f 303 291 286
f 303 286 299
f 298 291 303
f 304 292 294
f 301 292 304
f 305 293 289
f 305 289 302
f 306 294 296
f 304 294 306
f 307 295 293
f 307 293 305
f 308 296 298
f 306 296 308
f 309 297 295
f 309 295 307
f 310 300 301
f 311 301 304
f 310 301 311
f 312 302 300
f 312 300 310
f 313 298 303
f 308 298 313
f 314 304 306
f 311 304 314
f 315 299 297
f 315 297 309
f 316 305 302
f 316 302 312
f 317 303 299
f 313 303 317
f 317 299 315
f 318 306 308
f 314 306 318
f 319 307 305
f 319 305 316
f 320 308 313
f 318 308 320
f 321 310 311
f 322 311 314
f 321 311 322
f 323 309 307
f 323 307 319
f 324 312 310
f 324 310 321
f 325 314 318
f 322 314 325
f 326 313 317
f 320 313 326
f 327 316 312
f 327 312 324
f 328 315 309
f 328 309 323
f 329 317 315
f 326 317 329
f 330 318 320
f 325 318 330
f 329 315 328
f 331 319 316
f 331 316 327
f 332 321 322
f 333 322 325
f 332 322 333
f 334 320 326
f 330 320 334
f 335 324 321
f 335 321 332
f 336 325 330
f 333 325 336
f 337 323 319
f 337 319 331
f 338 327 324
f 338 324 335
f 339 326 329
f 334 326 339
f 340 330 334
f 336 330 340
f 341 328 323
f 341 323 337
f 342 329 328
f 339 329 342
f 342 328 341
f 343 331 327
f 343 327 338
f 344 332 333
f 345 333 336
f 344 333 345
f 346 335 332
f 346 332 344
f 347 334 339
f 340 334 347
f 348 336 340
f 345 336 348
f 349 337 331
f 349 331 343
f 350 338 335
f 350 335 346
f 351 339 342
f 347 339 351
f 348 340 352
f 352 340 347
f 353 341 337
f 353 337 349
f 354 343 338
f 354 338 350
f 355 344 345
f 356 345 348
f 355 345 356
f 357 342 341
f 351 342 357
f 358 346 344
f 358 344 355
f 357 341 353
f 359 348 352
f 356 348 359
f 352 347 360
f 360 347 351
f 361 350 346
f 361 346 358
f 362 349 343
f 362 343 354
f 359 352 363
f 363 352 360
f 364 351 357
f 360 351 364
f 365 353 349
f 365 349 362
f 366 354 350
f 366 350 361
f 367 355 356
f 368 358 355
f 368 355 367
f 369 356 359
f 367 356 369
f 370 357 353
f 364 357 370
f 371 359 363
f 369 359 371
f 370 353 365
f 363 360 372
f 372 360 364
f 373 361 358
f 373 358 368
f 374 362 354
f 374 354 366
f 371 363 375
f 375 363 372
f 376 364 370
f 372 364 376
f 377 366 361
f 377 361 373
f 378 367 369
f 379 369 371
f 378 369 379
f 380 365 362
f 380 362 374
f 381 368 367
f 381 367 378
f 382 370 365
f 376 370 382
f 383 371 375
f 379 371 383
f 375 372 384
f 384 372 376
f 382 365 380
f 385 373 368
f 385 368 381
f 386 374 366
f 386 366 377
f 383 375 387
f 387 375 384
f 388 376 382
f 384 376 388
f 389 378 379
f 390 379 383
f 389 379 390
f 391 377 373
f 391 373 385
f 392 380 374
f 392 374 386
f 393 381 378
f 393 378 389
f 394 382 380
f 388 382 394
f 395 383 387
f 390 383 395
f 387 384 396
f 396 384 388
f 394 380 392
f 397 385 381
f 397 381 393
f 398 386 377
f 398 377 391
f 399 387 396
f 395 387 399
f 400 388 394
f 396 388 400
f 401 392 386
f 401 386 398
f 402 391 385
f 402 385 397
f 403 389 390
f 404 390 395
f 403 390 404
f 405 394 392
f 400 394 405
f 406 393 389
f 406 389 403
f 405 392 401
f 399 396 407
f 407 396 400
f 408 395 399
f 404 395 408
f 409 397 393
f 409 393 406
f 410 398 391
f 410 391 402
f 411 399 407
f 408 399 411
f 412 400 405
f 407 400 412
f 413 401 398
f 413 398 410
f 414 402 397
f 414 397 409
f 415 405 401
f 412 405 415
f 416 403 404
f 417 404 408
f 416 404 417
f 415 401 413
f 418 407 412
f 411 407 418
f 419 406 403
f 419 403 416
f 420 408 411
f 417 408 420
f 421 410 402
f 421 402 414
f 422 409 406
f 422 406 419
f 423 412 415
f 418 412 423
f 424 411 418
f 420 411 424
f 425 413 410
f 425 410 421
f 426 415 413
f 423 415 426
f 427 414 409
f 427 409 422
f 426 413 425
f 428 418 423
f 424 418 428
f 429 416 417
f 430 417 420
f 429 417 430
f 431 419 416
f 431 416 429
f 432 420 424
f 430 420 432
f 433 421 414
f 433 414 427
f 434 422 419
f 434 419 431
f 435 423 426
f 428 423 435
f 436 424 428
f 432 424 436
f 437 425 421
f 437 421 433
f 438 426 425
f 435 426 438
f 438 425 437
f 439 427 422
f 439 422 434
f 440 428 435
f 436 428 440
f 441 433 427
f 441 427 439
f 442 435 438
f 440 435 442
f 443 429 430
f 444 430 432
f 443 430 444
f 445 437 433
f 445 433 441
f 446 431 429
f 446 429 443
f 447 438 437
f 442 438 447
f 448 432 436
f 444 432 448
f 447 437 445
f 449 434 431
f 449 431 446
f 450 436 440
f 448 436 450
f 451 439 434
f 451 434 449
f 452 440 442
f 450 440 452
f 453 441 439
f 453 439 451
f 454 443 444
f 455 444 448
f 454 444 455
f 456 446 443
f 456 443 454
f 457 442 447
f 452 442 457
f 458 448 450
f 455 448 458
f 459 445 441
f 459 441 453
f 460 449 446
f 460 446 456
f 461 447 445
f 457 447 461
f 461 445 459
f 462 450 452
f 458 450 462
f 463 451 449
f 463 449 460
f 464 452 457
f 462 452 464
f 465 454 455
f 466 455 458
f 465 455 466
f 467 456 454
f 467 454 465
f 468 453 451
f 468 451 463
f 469 458 462
f 466 458 469
f 470 460 456
f 470 456 467
f 471 457 461
f 464 457 471
f 472 459 453
f 472 453 468
f 473 462 464
f 469 462 473
f 474 461 459
f 471 461 474
f 474 459 472
f 475 463 460
f 475 460 470
f 476 465 466
f 477 467 465
f 477 465 476
f 478 466 469
f 476 466 478
f 479 464 471
f 473 464 479
f 480 470 467
f 480 467 477
f 481 469 473
f 478 469 481
f 482 468 463
f 482 463 475
f 483 472 468
f 483 468 482
f 484 475 470
f 484 470 480
f 485 471 474
f 479 471 485
f 481 473 486
f 486 473 479
f 487 476 478
f 488 477 476
f 488 476 487
f 489 478 481
f 487 478 489
f 490 474 472
f 485 474 490
f 490 472 483
f 491 480 477
f 491 477 488
f 489 481 492
f 492 481 486
f 493 482 475
f 493 475 484
f 486 479 494
f 494 479 485
f 495 487 489
f 496 488 487
f 496 487 495
f 497 489 492
f 495 489 497
f 498 484 480
f 498 480 491
f 492 486 499
f 499 486 494
f 500 483 482
f 500 482 493
f 501 485 490
f 494 485 501
f 502 491 488
f 502 488 496
f 497 492 503
f 503 492 499
f 504 495 497
f 505 496 495
f 505 495 504
f 506 490 483
f 506 483 500
f 501 490 506
f 507 497 503
f 504 497 507
f 508 493 484
f 508 484 498
f 509 491 502
f 509 498 491
f 499 494 510
f 510 494 501
f 511 496 505
f 511 502 496
f 503 499 512
f 512 499 510
f 507 503 513
f 513 503 512
f 514 504 507
f 515 505 504
f 515 504 514
f 514 507 516
f 516 507 513
f 517 500 493
f 517 493 508
f 518 501 506
f 510 501 518
f 519 505 515
f 519 511 505
f 520 502 511
f 520 509 502
f 521 508 498
f 521 498 509
f 522 514 516
f 523 515 514
f 523 514 522
f 516 513 524
f 513 512 525
f 524 513 525
f 526 506 500
f 526 500 517
f 518 506 526
f 512 510 527
f 527 510 518
f 522 516 528
f 528 516 524
f 525 512 527
f 529 515 523
f 529 519 515
f 530 511 519
f 530 520 511
f 531 517 508
f 531 508 521
f 532 521 509
f 532 509 520
f 527 518 533
f 533 518 526
f 534 522 528
f 535 523 522
f 535 522 534
f 528 524 536
f 534 528 537
f 537 528 536
f 524 525 538
f 536 524 538
f 525 527 539
f 538 525 539
f 540 529 523
f 540 523 535
f 539 527 533
f 541 519 529
f 541 530 519
f 542 526 517
f 542 517 531
f 533 526 542
f 543 534 537
f 544 535 534
f 544 534 543
f 537 536 545
f 546 537 545
f 543 537 546
f 536 538 547
f 545 536 547
f 548 521 532
f 548 531 521
f 549 532 520
f 549 520 530
f 550 529 540
f 550 541 529
f 551 540 535
f 551 535 544
f 539 533 552
f 552 533 542
f 538 539 553
f 553 539 552
f 547 538 553
f 545 547 554
f 546 545 555
f 555 545 554
f 556 532 549
f 556 548 532
f 557 549 530
f 557 530 541
f 558 542 531
f 558 531 548
f 559 550 540
f 559 540 551
f 552 542 558
f 553 552 560
f 560 552 558
f 547 553 561
f 561 553 560
f 554 547 561
f 555 554 562
f 554 561 563
f 562 554 563
f 564 549 557
f 564 556 549
f 565 541 550
f 565 557 541
f 566 558 548
f 566 548 556
f 567 565 550
f 567 550 559
f 560 558 566
f 561 560 568
f 568 560 566
f 563 561 568
f 562 563 569
f 570 557 565
f 570 564 557
f 571 566 556
f 571 556 564
f 568 566 571
f 563 568 572
f 572 568 571
f 569 563 572
f 569 572 573
f 574 570 565
f 574 565 567
f 575 571 564
f 575 564 570
f 572 571 575
f 573 572 575
f 576 575 570
f 576 570 574
f 573 575 576
f 577 578 579
f 579 578 580
f 581 578 577
f 580 578 582
f 583 578 581
f 582 578 584
f 585 578 583
f 584 578 586
f 587 578 585
f 586 578 588
f 589 578 587
f 588 578 589
f 590 577 579
f 591 579 580
f 590 579 591
f 592 581 577
f 592 577 590
f 593 580 582
f 591 580 593
f 594 583 581
f 594 581 592
f 595 582 584
f 593 582 595
f 596 585 583
f 596 583 594
f 597 584 586
f 595 584 597
f 598 587 585
f 598 585 596
f 599 586 588
f 597 586 599
f 600 589 587
f 600 587 598
f 601 588 589
f 599 588 601
f 601 589 600
f 602 595 597
f 603 593 595
f 603 595 602
f 604 597 599
f 602 597 604
f 605 599 601
f 604 599 605
f 606 601 600
f 605 601 606
f 607 591 593
f 607 593 603
f 608 600 598
f 606 600 608
f 609 590 591
f 609 591 607
f 610 598 596
f 608 598 610
f 611 592 590
f 611 590 609
f 612 594 592
f 612 592 611
f 613 596 594
f 613 594 612
f 610 596 613
f 614 606 608
f 615 605 606
f 615 606 614
f 616 608 610
f 614 608 616
f 617 610 613
f 616 610 617
f 618 613 612
f 617 613 618
f 619 612 611
f 618 612 619
f 620 604 605
f 620 605 615
f 621 611 609
f 619 611 621
f 622 602 604
f 622 604 620
f 623 603 602
f 623 602 622
f 624 607 603
f 624 603 623
f 625 609 607
f 625 607 624
f 621 609 625
f 626 616 617
f 627 614 616
f 627 616 626
f 628 617 618
f 626 617 628
f 629 618 619
f 628 618 629
f 630 615 614
f 630 614 627
f 631 619 621
f 629 619 631
f 632 620 615
f 632 615 630
f 633 621 625
f 631 621 633
f 634 622 620
f 634 620 632
f 635 625 624
f 633 625 635
f 636 623 622
f 636 622 634
f 637 624 623
f 637 623 636
f 635 624 637
f 638 630 627
f 639 632 630
f 639 630 638
f 640 627 626
f 638 627 640
f 641 626 628
f 640 626 641
f 642 628 629
f 641 628 642
f 643 629 631
f 642 629 643
f 644 631 633
f 645 633 635
f 644 633 645
f 643 631 644
f 646 634 632
f 646 632 639
f 647 635 637
f 645 635 647
f 648 636 634
f 648 634 646
f 649 637 636
f 649 636 648
f 647 637 649
f 650 641 642
f 651 640 641
f 651 641 650
f 652 642 643
f 650 642 652
f 653 643 644
f 652 643 653
f 654 638 640
f 654 640 651
f 655 644 645
f 653 644 655
f 656 639 638
f 656 638 654
f 657 645 647
f 655 645 657
f 658 646 639
f 658 639 656
f 659 647 649
f 657 647 659
f 660 648 646
f 660 646 658
f 661 649 648
f 661 648 660
f 659 649 661
f 662 650 652
f 663 652 653
f 662 652 663
f 664 651 650
f 665 654 651
f 665 651 664
f 664 650 662
f 666 653 655
f 663 653 666
f 667 655 657
f 666 655 667
f 668 656 654
f 668 654 665
f 669 657 659
f 667 657 669
f 670 658 656
f 670 656 668
f 671 659 661
f 669 659 671
f 672 662 663
f 673 663 666
f 672 663 673
f 674 660 658
f 674 658 670
f 675 661 660
f 675 660 674
f 671 661 675
f 676 664 662
f 676 662 672
f 677 666 667
f 673 666 677
f 678 665 664
f 678 664 676
f 679 667 669
f 677 667 679
f 680 668 665
f 680 665 678
f 681 669 671
f 679 669 681
f 682 672 673
f 683 673 677
f 682 673 683
f 684 670 668
f 684 668 680
f 685 674 670
f 685 670 684
f 686 675 674
f 686 674 685
f 687 671 675
f 687 675 686
f 688 676 672
f 689 678 676
f 689 676 688
f 681 671 687
f 688 672 682
f 690 677 679
f 683 677 690
f 691 679 681
f 690 679 691
f 692 680 678
f 692 678 689
f 693 682 683
f 694 688 682
f 694 682 693
f 695 681 687
f 691 681 695
f 696 683 690
f 693 683 696
f 697 690 691
f 696 690 697
f 698 684 680
f 698 680 692
f 699 689 688
f 699 688 694
f 700 687 686
f 695 687 700
f 701 685 684
f 701 684 698
f 702 686 685
f 700 686 702
f 703 691 695
f 697 691 703
f 702 685 701
f 704 693 696
f 705 696 697
f 704 696 705
f 706 692 689
f 706 689 699
f 707 694 693
f 707 693 704
f 708 695 700
f 703 695 708
f 705 697 709
f 709 697 703
f 710 698 692
f 710 692 706
f 711 699 694
f 711 694 707
f 712 700 702
f 708 700 712
f 713 704 705
f 714 707 704
f 714 704 713
f 715 705 709
f 713 705 715
f 709 703 716
f 716 703 708
f 717 701 698
f 717 698 710
f 718 706 699
f 718 699 711
f 719 702 701
f 712 702 719
f 720 709 716
f 715 709 720
f 719 701 717
f 721 711 707
f 721 707 714
f 716 708 722
f 722 708 712
f 723 710 706
f 723 706 718
f 724 716 722
f 720 716 724
f 725 718 711
f 725 711 721
f 726 712 719
f 722 712 726
f 727 717 710
f 727 710 723
f 728 719 717
f 728 717 727
f 726 719 728
f 729 722 726
f 724 722 729
f 730 723 718
f 730 718 725
f 731 726 728
f 729 726 731
f 732 727 723
f 732 723 730
f 733 728 727
f 733 727 732
f 731 728 733
f 734 713 715
f 735 714 713
f 735 713 734
f 736 715 720
f 734 715 736
f 737 720 724
f 736 720 737
f 738 721 714
f 738 714 735
f 739 724 729
f 737 724 739
f 740 725 721
f 740 721 738
f 741 729 731
f 739 729 741
f 742 730 725
f 742 725 740
f 743 731 733
f 741 731 743
f 744 734 736
f 745 736 737
f 744 736 745
f 746 732 730
f 746 730 742
f 747 735 734
f 747 734 744
f 748 733 732
f 743 733 748
f 749 737 739
f 745 737 749
f 748 732 746
f 750 738 735
f 750 735 747
f 751 740 738
f 751 738 750
f 752 739 741
f 749 739 752
f 753 742 740
f 753 740 751
f 754 741 743
f 752 741 754
f 755 744 745
f 756 747 744
f 756 744 755
f 757 743 748
f 754 743 757
f 758 745 749
f 755 745 758
f 759 749 752
f 758 749 759
f 760 746 742
f 760 742 753
f 761 750 747
f 761 747 756
f 762 748 746
f 757 748 762
f 762 746 760
f 763 752 754
f 759 752 763
f 764 751 750
f 764 750 761
f 765 754 757
f 763 754 765
f 766 753 751
f 766 751 764
f 767 755 758
f 768 756 755
f 768 755 767
f 769 758 759
f 767 758 769
f 770 759 763
f 769 759 770
f 771 761 756
f 771 756 768
f 772 757 762
f 765 757 772
f 773 760 753
f 773 753 766
f 774 762 760
f 774 760 773
f 772 762 774
f 775 763 765
f 770 763 775
f 776 764 761
f 776 761 771
f 777 767 769
f 778 768 767
f 778 767 777
f 779 765 772
f 775 765 779
f 780 769 770
f 777 769 780
f 781 766 764
f 781 764 776
f 782 770 775
f 780 770 782
f 783 771 768
f 783 768 778
f 784 772 774
f 779 772 784
f 785 773 766
f 785 766 781
f 786 775 779
f 782 775 786
f 787 774 773
f 784 774 787
f 787 773 785
f 788 776 771
f 788 771 783
f 789 777 780
f 790 780 782
f 789 780 790
f 791 778 777
f 791 777 789
f 792 779 784
f 786 779 792
f 793 782 786
f 790 782 793
f 794 781 776
f 794 776 788
f 795 783 778
f 795 778 791
f 796 784 787
f 792 784 796
f 793 786 797
f 797 786 792
f 798 785 781
f 798 781 794
f 799 788 783
f 799 783 795
f 800 789 790
f 801 791 789
f 801 789 800
f 802 790 793
f 800 790 802
f 803 787 785
f 803 785 798
f 796 787 803
f 804 793 797
f 802 793 804
f 797 792 805
f 805 792 796
f 806 795 791
f 806 791 801
f 807 794 788
f 807 788 799
f 804 797 808
f 808 797 805
f 809 800 802
f 810 802 804
f 809 802 810
f 811 796 803
f 805 796 811
f 812 801 800
f 812 800 809
f 810 804 813
f 813 804 808
f 814 799 795
f 814 795 806
f 815 798 794
f 815 794 807
f 816 803 798
f 811 803 816
f 808 805 817
f 817 805 811
f 818 806 801
f 818 801 812
f 816 798 815
f 819 809 810
f 820 810 813
f 819 810 820
f 813 808 821
f 821 808 817
f 822 812 809
f 822 809 819
f 820 813 823
f 823 813 821
f 824 807 799
f 824 799 814
f 817 811 825
f 825 811 816
f 826 819 820
f 827 820 823
f 826 820 827
f 828 814 806
f 828 806 818
f 821 817 829
f 829 817 825
f 830 812 822
f 830 818 812
f 823 821 831
f 831 821 829
f 832 819 826
f 832 822 819
f 827 823 833
f 833 823 831
f 834 815 807
f 834 807 824
f 835 826 827
f 836 827 833
f 835 827 836
f 837 816 815
f 825 816 837
f 838 826 835
f 838 832 826
f 836 833 839
f 833 831 840
f 839 833 840
f 841 835 836
f 842 836 839
f 841 836 842
f 837 815 834
f 843 824 814
f 843 814 828
f 844 822 832
f 844 830 822
f 831 829 845
f 840 831 845
f 846 838 835
f 846 835 841
f 839 840 847
f 842 839 848
f 848 839 847
f 849 818 830
f 849 828 818
f 829 825 850
f 850 825 837
f 845 829 850
f 851 832 838
f 851 844 832
f 840 845 852
f 847 840 852
f 853 841 842
f 854 842 848
f 853 842 854
f 855 834 824
f 855 824 843
f 856 837 834
f 850 837 856
f 857 830 844
f 857 849 830
f 845 850 858
f 852 845 858
f 859 838 846
f 859 851 838
f 848 847 860
f 847 852 861
f 860 847 861
f 862 846 841
f 862 841 853
f 863 848 860
f 854 848 863
f 856 834 855
f 864 843 828
f 864 828 849
f 858 850 856
f 865 844 851
f 865 857 844
f 861 852 866
f 852 858 866
f 860 861 867
f 861 866 868
f 867 861 868
f 869 859 846
f 869 846 862
f 870 860 867
f 863 860 870
f 871 865 851
f 871 851 859
f 872 855 843
f 872 843 864
f 858 856 873
f 873 856 855
f 874 849 857
f 874 864 849
f 866 858 873
f 873 855 872
f 875 857 865
f 875 874 857
f 866 873 876
f 868 866 876
f 877 872 864
f 877 864 874
f 876 873 872
f 878 875 865
f 878 865 871
f 867 868 879
f 868 876 880
f 879 868 880
f 881 871 859
f 881 859 869
f 882 867 879
f 870 867 882
f 883 853 854
f 884 854 863
f 883 854 884
f 876 872 877
f 885 862 853
f 885 853 883
f 886 863 870
f 884 863 886
f 887 877 874
f 887 874 875
f 880 876 877
f 880 877 887
f 888 887 875
f 888 875 878
f 879 880 889
f 889 880 887
f 890 878 871
f 890 871 881
f 891 879 889
f 882 879 891
f 892 869 862
f 892 862 885
f 893 870 882
f 886 870 893
f 889 887 888
f 894 888 878
f 894 878 890
f 895 889 888
f 891 889 895
f 895 888 894
f 896 881 869
f 896 869 892
f 897 882 891
f 893 882 897
f 898 890 881
f 898 881 896
f 899 891 895
f 897 891 899
f 900 883 884
f 901 884 886
f 900 884 901
f 902 885 883
f 902 883 900
f 903 886 893
f 901 886 903
f 904 894 890
f 904 890 898
f 905 895 894
f 899 895 905
f 905 894 904
f 906 892 885
f 906 885 902
f 907 893 897
f 903 893 907
f 908 896 892
f 908 892 906
f 909 897 899
f 907 897 909
f 910 898 896
f 910 896 908
f 911 899 905
f 909 899 911
f 912 904 898
f 912 898 910
f 913 905 904
f 911 905 913
f 914 900 901
f 915 901 903
f 914 901 915
f 913 904 912
f 916 902 900
f 916 900 914
f 917 903 907
f 915 903 917
f 918 906 902
f 918 902 916
f 919 907 909
f 917 907 919
f 920 908 906
f 920 906 918
f 921 909 911
f 919 909 921
f 922 910 908
f 922 908 920
f 923 911 913
f 921 911 923
f 924 912 910
f 924 910 922
f 925 913 912
f 923 913 925
f 925 912 924
f 926 914 915
f 927 915 917
f 926 915 927
f 928 916 914
f 928 914 926
f 929 917 919
f 927 917 929
f 930 918 916
f 930 916 928
f 931 919 921
f 929 919 931
f 932 920 918
f 932 918 930
f 933 921 923
f 931 921 933
f 934 922 920
f 934 920 932
f 935 923 925
f 933 923 935
f 936 924 922
f 936 922 934
f 937 925 924
f 935 925 937
f 937 924 936
f 938 926 927
f 939 927 929
f 938 927 939
f 940 928 926
f 940 926 938
f 941 929 931
f 939 929 941
f 942 930 928
f 942 928 940
f 943 931 933
f 941 931 943
f 944 932 930
f 944 930 942
f 945 933 935
f 943 933 945
f 946 934 932
f 946 932 944
f 947 935 937
f 945 935 947
f 948 936 934
f 948 934 946
f 949 937 936
f 947 937 949
f 949 936 948
f 950 938 939
f 951 939 941
f 950 939 951
f 952 940 938
f 952 938 950
f 953 941 943
f 951 941 953
f 954 942 940
f 954 940 952
f 955 943 945
f 953 943 955
f 956 944 942
f 956 942 954
f 957 945 947
f 955 945 957
f 958 946 944
f 958 944 956
f 959 947 949
f 957 947 959
f 960 948 946
f 960 946 958
f 961 949 948
f 959 949 961
f 961 948 960
f 962 950 951
f 963 951 953
f 962 951 963
f 964 952 950
f 964 950 962
f 965 953 955
f 963 953 965
f 966 954 952
f 966 952 964
f 967 955 957
f 965 955 967
f 968 956 954
f 968 954 966
f 969 957 959
f 967 957 969
f 970 958 956
f 970 956 968
f 971 959 961
f 969 959 971
f 972 962 963
f 973 963 965
f 972 963 973
f 974 964 962
f 974 962 972
f 975 960 958
f 975 958 970
f 976 965 967
f 973 965 976
f 977 961 960
f 971 961 977
f 977 960 975
f 978 966 964
f 978 964 974
f 979 967 969
f 976 967 979
f 980 968 966
f 980 966 978
f 981 969 971
f 979 969 981
f 982 972 973
f 983 973 976
f 982 973 983
f 984 974 972
f 984 972 982
f 983 976 985
f 985 976 979
f 986 970 968
f 986 968 980
f 987 983 988
f 988 985 989
f 988 983 985
f 987 982 983
f 990 982 987
f 991 971 977
f 981 971 991
f 992 978 974
f 992 974 984
f 989 985 993
f 989 993 994
f 985 979 993
f 993 979 981
f 995 975 970
f 995 970 986
f 990 984 982
f 996 984 990
f 997 977 975
f 991 977 997
f 994 993 998
f 994 998 999
f 997 975 995
f 1000 980 978
f 1000 978 992
f 996 992 984
f 993 981 998
f 998 981 991
f 1001 992 996
f 999 998 1002
f 999 1002 1003
f 1004 986 980
f 1004 980 1000
f 1001 1000 992
f 998 991 1002
f 1002 991 997
f 1005 1000 1001
f 1003 1002 1006
f 1003 1006 1007
f 1008 995 986
f 1008 986 1004
f 1006 997 995
f 1002 997 1006
f 1005 1004 1000
f 1006 995 1008
f 1009 1004 1005
f 1007 1008 1009
f 1007 1006 1008
f 1009 1008 1004
f 1010 1011 1012
f 1012 1013 1014
f 1012 1011 1013
f 1015 1016 1010
f 1010 1016 1011
f 1014 1017 1018
f 1014 1013 1017
f 1015 1019 1016
f 1020 1019 1015
f 1016 1021 1011
f 1019 1022 1016
f 1016 1022 1021
f 1011 1023 1013
f 1011 1021 1023
f 1018 1024 1025
f 1018 1017 1024
f 1013 1026 1017
f 1013 1023 1026
f 1020 1027 1019
f 1028 1027 1020
f 1019 1029 1022
f 1027 1029 1019
f 1025 1030 1031
f 1025 1024 1030
f 1017 1032 1024
f 1017 1026 1032
f 1022 1033 1021
f 1021 1034 1023
f 1021 1033 1034
f 1028 1035 1027
f 1036 1035 1028
f 1029 1037 1022
f 1022 1037 1033
f 1027 1038 1029
f 1035 1038 1027
f 1023 1039 1026
f 1023 1034 1039
f 1031 1040 1041
f 1031 1030 1040
f 1024 1042 1030
f 1024 1032 1042
f 1038 1043 1029
f 1029 1043 1037
f 1036 1044 1035
f 1045 1044 1036
f 1026 1046 1032
f 1026 1039 1046
f 1035 1047 1038
f 1044 1047 1035
f 1041 1048 1045
f 1041 1040 1048
f 1045 1048 1044
f 1030 1049 1040
f 1030 1042 1049
f 1038 1050 1043
f 1047 1050 1038
f 1037 1051 1033
f 1033 1052 1034
f 1033 1051 1052
f 1048 1053 1044
f 1044 1053 1047
f 1043 1054 1037
f 1037 1054 1051
f 1032 1055 1042
f 1032 1046 1055
f 1040 1056 1048
f 1040 1049 1056
f 1034 1057 1039
f 1034 1052 1057
f 1048 1056 1053
f 1050 1058 1043
f 1043 1058 1054
f 1053 1059 1047
f 1047 1059 1050
f 1039 1060 1046
f 1039 1057 1060
f 1042 1061 1049
f 1042 1055 1061
f 1056 1062 1053
f 1053 1062 1059
f 1059 1063 1050
f 1050 1063 1058
f 1049 1064 1056
f 1049 1061 1064
f 1056 1064 1062
f 1046 1065 1055
f 1046 1060 1065
f 1054 1066 1051
f 1051 1067 1052
f 1051 1066 1067
f 1058 1068 1054
f 1054 1068 1066
f 1052 1069 1057
f 1052 1067 1069
f 1062 1070 1059
f 1059 1070 1063
f 1063 1071 1058
f 1058 1071 1068
f 1055 1072 1061
f 1055 1065 1072
f 1057 1073 1060
f 1057 1069 1073
f 1064 1074 1062
f 1062 1074 1070
f 1061 1075 1064
f 1061 1072 1075
f 1064 1075 1074
f 1070 1076 1063
f 1063 1076 1071
f 1060 1077 1065
f 1060 1073 1077
f 1068 1078 1066
f 1066 1079 1067
f 1066 1078 1079
f 1071 1080 1068
f 1068 1080 1078
f 1067 1081 1069
f 1067 1079 1081
f 1074 1082 1070
f 1070 1082 1076
f 1065 1083 1072
f 1065 1077 1083
f 1076 1084 1071
f 1071 1084 1080
f 1069 1085 1073
f 1069 1081 1085
f 1075 1086 1074
f 1074 1086 1082
f 1072 1087 1075
f 1072 1083 1087
f 1075 1087 1086
f 1082 1088 1076
f 1076 1088 1084
f 1073 1089 1077
f 1073 1085 1089
f 1080 1090 1078
f 1078 1091 1079
f 1078 1090 1091
f 1084 1092 1080
f 1080 1092 1090
f 1079 1093 1081
f 1079 1091 1093
f 1086 1094 1082
f 1082 1094 1088
f 1077 1095 1083
f 1077 1089 1095
f 1088 1096 1084
f 1084 1096 1092
f 1081 1097 1085
f 1081 1093 1097
f 1087 1098 1086
f 1086 1098 1094
f 1083 1099 1087
f 1083 1095 1099
f 1087 1099 1098
f 1094 1100 1088
f 1088 1100 1096
f 1085 1101 1089
f 1085 1097 1101
f 1092 1102 1090
f 1090 1103 1091
f 1090 1102 1103
f 1096 1104 1092
f 1092 1104 1102
f 1091 1105 1093
f 1091 1103 1105
f 1098 1106 1094
f 1094 1106 1100
f 1089 1107 1095
f 1089 1101 1107
f 1100 1108 1096
f 1096 1108 1104
f 1093 1109 1097
f 1093 1105 1109
f 1099 1110 1098
f 1098 1110 1106
f 1095 1111 1099
f 1095 1107 1111
f 1099 1111 1110
f 1106 1112 1100
f 1100 1112 1108
f 1104 1113 1102
f 1102 1114 1103
f 1102 1113 1114
f 1097 1115 1101
f 1097 1109 1115
f 1108 1116 1104
f 1104 1116 1113
f 1103 1117 1105
f 1103 1114 1117
f 1110 1118 1106
f 1106 1118 1112
f 1108 1119 1116
f 1112 1119 1108
f 1101 1120 1107
f 1101 1115 1120
f 1105 1121 1109
f 1105 1117 1121
f 1111 1122 1110
f 1110 1122 1118
f 1107 1123 1111
f 1107 1120 1123
f 1116 1124 1113
f 1113 1125 1114
f 1113 1124 1125
f 1119 1126 1116
f 1116 1126 1124
f 1114 1127 1117
f 1114 1125 1127
f 1112 1128 1119
f 1118 1128 1112
f 1111 1123 1122
f 1109 1129 1115
f 1109 1121 1129
f 1119 1130 1126
f 1128 1130 1119
f 1131 1132 1133
f 1133 1132 1134
f 1135 1131 1133
f 1135 1133 1136
f 1136 1133 1137
f 1133 1134 1137
f 1118 1138 1128
f 1122 1138 1118
f 1131 1139 1132
f 1139 1140 1132
f 1141 1139 1131
f 1139 1142 1140
f 1143 1142 1139
f 1141 1143 1139
f 1132 1140 1144
f 1132 1144 1134
f 1145 1131 1135
f 1145 1141 1131
f 1146 1135 1136
f 1147 1135 1146
f 1147 1145 1135
f 1136 1137 1148
f 1149 1136 1148
f 1146 1136 1149
f 1126 1150 1124
f 1124 1151 1125
f 1124 1150 1151
f 1117 1152 1121
f 1117 1127 1152
f 1115 1153 1120
f 1115 1129 1153
f 1142 1154 1140
f 1140 1155 1144
f 1140 1154 1155
f 1137 1134 1156
f 1148 1137 1157
f 1137 1156 1157
f 1149 1148 1158
f 1159 1146 1149
f 1160 1149 1158
f 1159 1149 1160
f 1126 1161 1150
f 1130 1161 1126
f 1143 1162 1142
f 1142 1163 1154
f 1162 1163 1142
f 1134 1144 1164
f 1134 1164 1156
f 1158 1148 1165
f 1148 1157 1165
f 1166 1146 1159
f 1166 1147 1146
f 1125 1151 1167
f 1125 1167 1127
f 1160 1158 1168
f 1169 1159 1160
f 1170 1160 1168
f 1169 1160 1170
f 1128 1171 1130
f 1138 1171 1128
f 1172 1143 1141
f 1173 1141 1145
f 1173 1172 1141
f 1168 1158 1174
f 1158 1165 1174
f 1123 1175 1122
f 1122 1175 1138
f 1144 1155 1176
f 1144 1176 1164
f 1177 1162 1143
f 1172 1177 1143
f 1178 1159 1169
f 1178 1166 1159
f 1179 1145 1147
f 1179 1173 1145
f 1120 1180 1123
f 1120 1153 1180
f 1163 1181 1154
f 1154 1182 1155
f 1154 1181 1182
f 1162 1183 1163
f 1184 1183 1162
f 1177 1184 1162
f 1185 1147 1166
f 1185 1179 1147
f 1170 1168 1186
f 1186 1168 1187
f 1168 1174 1187
f 1188 1169 1170
f 1189 1169 1188
f 1189 1178 1169
f 1190 1170 1186
f 1188 1170 1190
f 1161 1191 1150
f 1130 1192 1161
f 1161 1193 1191
f 1192 1193 1161
f 1150 1191 1194
f 1150 1194 1151
f 1171 1192 1130
f 1121 1195 1129
f 1121 1152 1195
f 1123 1180 1175
f 1183 1196 1163
f 1163 1196 1181
f 1155 1197 1176
f 1155 1182 1197
f 1157 1156 1198
f 1156 1164 1199
f 1156 1199 1198
f 1165 1157 1200
f 1157 1198 1200
f 1174 1165 1201
f 1165 1200 1201
f 1202 1166 1178
f 1202 1185 1166
f 1190 1186 1203
f 1203 1186 1204
f 1186 1187 1204
f 1193 1188 1190
f 1193 1190 1191
f 1191 1190 1203
f 1205 1188 1193
f 1205 1189 1188
f 1192 1205 1193
f 1191 1203 1194
f 1151 1194 1206
f 1151 1206 1167
f 1127 1167 1207
f 1127 1207 1152
f 1164 1176 1208
f 1164 1208 1199
f 1187 1174 1209
f 1174 1201 1209
f 1194 1203 1210
f 1203 1204 1210
f 1184 1211 1183
f 1183 1212 1196
f 1211 1212 1183
f 1213 1177 1172
f 1214 1184 1177
f 1213 1214 1177
f 1215 1172 1173
f 1215 1213 1172
f 1216 1173 1179
f 1216 1215 1173
f 1217 1178 1189
f 1217 1202 1178
f 1194 1210 1206
f 1171 1218 1192
f 1218 1205 1192
f 1138 1219 1171
f 1175 1219 1138
f 1204 1187 1220
f 1187 1209 1220
f 1219 1218 1171
f 1221 1189 1205
f 1221 1217 1189
f 1129 1222 1153
f 1129 1195 1222
f 1223 1211 1184
f 1214 1223 1184
f 1224 1179 1185
f 1224 1216 1179
f 1218 1221 1205
f 1196 1225 1181
f 1212 1226 1196
f 1196 1226 1225
f 1181 1227 1182
f 1181 1225 1227
f 1176 1228 1208
f 1176 1197 1228
f 1200 1198 1229
f 1198 1199 1230
f 1198 1230 1229
f 1201 1200 1231
f 1200 1229 1231
f 1210 1204 1232
f 1204 1220 1232
f 1167 1206 1233
f 1167 1233 1207
f 1209 1201 1234
f 1201 1231 1234
f 1235 1185 1202
f 1235 1224 1185
f 1152 1207 1236
f 1152 1236 1195
f 1180 1237 1175
f 1175 1237 1219
f 1182 1238 1197
f 1182 1227 1238
f 1206 1210 1239
f 1210 1232 1239
f 1206 1239 1233
f 1211 1240 1212
f 1223 1241 1211
f 1241 1240 1211
f 1199 1208 1242
f 1199 1242 1230
f 1243 1214 1213
f 1244 1223 1214
f 1243 1244 1214
f 1245 1213 1215
f 1245 1243 1213
f 1220 1209 1246
f 1209 1234 1246
f 1247 1202 1217
f 1247 1235 1202
f 1219 1248 1218
f 1248 1221 1218
f 1153 1249 1180
f 1180 1249 1237
f 1153 1222 1249
f 1250 1215 1216
f 1250 1245 1215
f 1212 1251 1226
f 1240 1251 1212
f 1232 1220 1252
f 1220 1246 1252
f 1253 1217 1221
f 1253 1247 1217
f 1237 1248 1219
f 1244 1254 1223
f 1254 1241 1223
f 1255 1216 1224
f 1255 1250 1216
f 1248 1253 1221
f 1231 1229 1256
f 1234 1231 1257
f 1231 1256 1257
f 1208 1258 1242
f 1208 1228 1258
f 1229 1230 1259
f 1229 1259 1256
f 1246 1234 1260
f 1234 1257 1260
f 1239 1232 1261
f 1232 1252 1261
f 1207 1233 1262
f 1207 1262 1236
f 1197 1263 1228
f 1197 1238 1263
f 1195 1264 1222
f 1195 1236 1264
f 1265 1224 1235
f 1265 1255 1224
f 1230 1266 1259
f 1230 1242 1266
f 1267 1244 1243
f 1268 1254 1244
f 1267 1268 1244
f 1269 1243 1245
f 1269 1267 1243
f 1233 1239 1270
f 1239 1261 1270
f 1246 1260 1271
f 1252 1246 1271
f 1233 1270 1262
f 1272 1245 1250
f 1272 1269 1245
f 1241 1273 1240
f 1254 1274 1241
f 1274 1273 1241
f 1226 1275 1225
f 1225 1276 1227
f 1225 1275 1276
f 1257 1256 1268
f 1257 1268 1267
f 1260 1257 1267
f 1277 1235 1247
f 1277 1265 1235
f 1237 1278 1248
f 1249 1278 1237
f 1251 1279 1226
f 1226 1279 1275
f 1240 1280 1251
f 1273 1280 1240
f 1268 1281 1254
f 1281 1274 1254
f 1256 1281 1268
f 1256 1259 1281
f 1260 1267 1269
f 1271 1260 1269
f 1282 1272 1250
f 1282 1250 1255
f 1252 1271 1283
f 1261 1252 1283
f 1284 1247 1253
f 1284 1277 1247
f 1278 1253 1248
f 1222 1285 1249
f 1222 1264 1285
f 1271 1269 1272
f 1227 1286 1238
f 1227 1276 1286
f 1259 1287 1281
f 1259 1266 1287
f 1278 1284 1253
f 1249 1285 1278
f 1242 1288 1266
f 1242 1258 1288
f 1283 1271 1272
f 1228 1289 1258
f 1228 1263 1289
f 1281 1287 1274
f 1283 1272 1282
f 1290 1282 1255
f 1290 1255 1265
f 1270 1261 1291
f 1261 1283 1291
f 1236 1262 1292
f 1236 1292 1264
f 1280 1293 1251
f 1251 1293 1279
f 1274 1294 1273
f 1287 1294 1274
f 1262 1270 1295
f 1270 1291 1295
f 1291 1283 1282
f 1291 1282 1290
f 1296 1265 1277
f 1296 1290 1265
f 1262 1295 1292
f 1285 1284 1278
f 1273 1297 1280
f 1294 1297 1273
f 1266 1298 1287
f 1266 1288 1298
f 1238 1299 1263
f 1238 1286 1299
f 1287 1298 1294
f 1295 1291 1290
f 1300 1277 1284
f 1300 1296 1277
f 1264 1300 1285
f 1264 1292 1300
f 1295 1290 1296
f 1285 1300 1284
f 1258 1301 1288
f 1258 1289 1301
f 1292 1295 1296
f 1292 1296 1300
f 1297 1302 1280
f 1280 1302 1293
f 1298 1303 1294
f 1294 1303 1297
f 1279 1304 1275
f 1275 1305 1276
f 1275 1304 1305
f 1263 1306 1289
f 1263 1299 1306
f 1288 1307 1298
f 1298 1307 1303
f 1288 1301 1307
f 1293 1308 1279
f 1279 1308 1304
f 1276 1309 1286
f 1276 1305 1309
f 1303 1310 1297
f 1297 1310 1302
f 1293 1311 1308
f 1302 1311 1293
f 1289 1312 1301
f 1289 1306 1312
f 1308 1313 1304
f 1304 1314 1305
f 1304 1313 1314
f 1311 1315 1308
f 1308 1315 1313
f 1286 1309 1316
f 1286 1316 1299
f 1307 1317 1303
f 1303 1317 1310
f 1305 1318 1309
f 1305 1314 1318
f 1301 1319 1307
f 1301 1312 1319
f 1302 1320 1311
f 1310 1320 1302
f 1307 1319 1317
f 1320 1321 1311
f 1311 1321 1315
f 1309 1322 1316
f 1309 1318 1322
f 1299 1316 1323
f 1299 1323 1306
f 1315 1324 1313
f 1313 1325 1314
f 1313 1324 1325
f 1310 1326 1320
f 1320 1327 1321
f 1326 1327 1320
f 1317 1326 1310
f 1321 1328 1315
f 1315 1328 1324
f 1314 1329 1318
f 1314 1325 1329
f 1316 1330 1323
f 1316 1322 1330
f 1306 1331 1312
f 1306 1323 1331
f 1327 1332 1321
f 1321 1332 1328
f 1317 1333 1326
f 1319 1333 1317
f 1318 1334 1322
f 1318 1329 1334
f 1326 1335 1327
f 1333 1335 1326
f 1312 1336 1319
f 1312 1331 1336
f 1323 1337 1331
f 1323 1330 1337
f 1319 1336 1333
f 1335 1338 1327
f 1327 1338 1332
f 1336 1339 1333
f 1333 1339 1335
f 1322 1340 1330
f 1322 1334 1340
f 1331 1341 1336
f 1331 1337 1341
f 1336 1341 1339
f 1328 1342 1324
f 1324 1343 1325
f 1324 1342 1343
f 1332 1344 1328
f 1328 1344 1342
f 1325 1345 1329
f 1325 1343 1345
f 1339 1346 1335
f 1335 1346 1338
f 1330 1347 1337
f 1330 1340 1347
f 1338 1348 1332
f 1332 1348 1344
f 1329 1349 1334
f 1329 1345 1349
f 1341 1350 1339
f 1339 1350 1346
f 1337 1351 1341
f 1337 1347 1351
f 1341 1351 1350
f 1346 1352 1338
f 1338 1352 1348
f 1334 1353 1340
f 1334 1349 1353
f 1342 1354 1343
f 1344 1355 1342
f 1342 1355 1354
f 1350 1356 1346
f 1346 1356 1352
f 1340 1357 1347
f 1340 1353 1357
f 1343 1358 1345
f 1343 1354 1358
f 1348 1359 1344
f 1344 1359 1355
f 1351 1360 1350
f 1350 1360 1356
f 1347 1361 1351
f 1347 1357 1361
f 1352 1362 1348
f 1348 1362 1359
f 1345 1363 1349
f 1345 1358 1363
f 1351 1361 1360
f 1356 1364 1352
f 1352 1364 1362
f 1349 1365 1353
f 1349 1363 1365
f 1360 1366 1356
f 1356 1366 1364
f 1353 1367 1357
f 1353 1365 1367
f 1355 1368 1354
f 1359 1369 1355
f 1355 1369 1368
f 1354 1370 1358
f 1354 1368 1370
f 1362 1371 1359
f 1359 1371 1369
f 1357 1372 1361
f 1357 1367 1372
f 1361 1373 1360
f 1360 1373 1366
f 1361 1372 1373
f 1358 1374 1363
f 1358 1370 1374
f 1364 1375 1362
f 1362 1375 1371
f 1363 1376 1365
f 1363 1374 1376
f 1366 1377 1364
f 1364 1377 1375
f 1365 1378 1367
f 1365 1376 1378
f 1373 1379 1366
f 1366 1379 1377
f 1369 1380 1368
f 1371 1381 1369
f 1369 1381 1380
f 1367 1382 1372
f 1367 1378 1382
f 1372 1383 1373
f 1373 1383 1379
f 1368 1384 1370
f 1368 1380 1384
f 1375 1385 1371
f 1371 1385 1381
f 1372 1382 1383
f 1370 1386 1374
f 1370 1384 1386
f 1377 1387 1375
f 1375 1387 1385
f 1374 1388 1376
f 1374 1386 1388
f 1379 1389 1377
f 1377 1389 1387
f 1376 1390 1378
f 1376 1388 1390
f 1383 1391 1379
f 1379 1391 1389
f 1381 1392 1380
f 1385 1393 1381
f 1381 1393 1392
f 1378 1394 1382
f 1378 1390 1394
f 1382 1395 1383
f 1383 1395 1391
f 1380 1396 1384
f 1380 1392 1396
f 1387 1397 1385
f 1385 1397 1393
f 1382 1394 1395
f 1384 1398 1386
f 1384 1396 1398
f 1389 1399 1387
f 1387 1399 1397
f 1386 1400 1388
f 1386 1398 1400
f 1391 1401 1389
f 1389 1401 1399
f 1388 1402 1390
f 1388 1400 1402
f 1395 1403 1391
f 1391 1403 1401
f 1393 1404 1392
f 1397 1405 1393
f 1393 1405 1404
f 1390 1406 1394
f 1390 1402 1406
f 1392 1407 1396
f 1392 1404 1407
f 1394 1408 1395
f 1395 1408 1403
f 1399 1409 1397
f 1397 1409 1405
f 1394 1406 1408
f 1396 1410 1398
f 1396 1407 1410
f 1401 1411 1399
f 1399 1411 1409
f 1398 1412 1400
f 1398 1410 1412
f 1403 1413 1401
f 1401 1413 1411
f 1400 1414 1402
f 1400 1412 1414
f 1408 1415 1403
f 1403 1415 1413
f 1405 1416 1404
f 1409 1417 1405
f 1405 1417 1416
f 1404 1418 1407
f 1404 1416 1418
f 1411 1419 1409
f 1409 1419 1417
f 1402 1420 1406
f 1402 1414 1420
f 1406 1421 1408
f 1408 1421 1415
f 1406 1420 1421
f 1407 1422 1410
f 1407 1418 1422
f 1413 1423 1411
f 1411 1423 1419
f 1410 1424 1412
f 1410 1422 1424
f 1415 1425 1413
f 1413 1425 1423
f 1417 1426 1416
f 1419 1427 1417
f 1417 1427 1426
f 1412 1428 1414
f 1412 1424 1428
f 1416 1429 1418
f 1416 1426 1429
f 1423 1430 1419
f 1419 1430 1427
f 1421 1431 1415
f 1415 1431 1425
f 1418 1432 1422
f 1418 1429 1432
f 1414 1433 1420
f 1414 1428 1433
f 1420 1434 1421
f 1421 1434 1431
f 1425 1435 1423
f 1423 1435 1430
f 1420 1433 1434
f 1422 1436 1424
f 1422 1432 1436
f 1427 1437 1426
f 1430 1438 1427
f 1427 1438 1437
f 1431 1439 1425
f 1425 1439 1435
f 1426 1440 1429
f 1426 1437 1440
f 1435 1441 1430
f 1430 1441 1438
f 1424 1442 1428
f 1424 1436 1442
f 1429 1443 1432
f 1429 1440 1443
f 1434 1444 1431
f 1431 1444 1439
f 1435 1445 1441
f 1439 1445 1435
f 1441 1446 1438
f 1438 1447 1437
f 1438 1446 1447
f 1445 1448 1441
f 1441 1448 1446
f 1437 1449 1440
f 1437 1447 1449
f 1428 1450 1433
f 1428 1442 1450
f 1433 1451 1434
f 1434 1451 1444
f 1433 1450 1451
f 1432 1452 1436
f 1432 1443 1452
f 1439 1453 1445
f 1444 1453 1439
f 1445 1454 1448
f 1453 1454 1445
f 1440 1455 1443
f 1440 1449 1455
f 1448 1456 1446
f 1446 1457 1447
f 1446 1456 1457
f 1454 1458 1448
f 1448 1458 1456
f 1447 1459 1449
f 1447 1457 1459
f 1436 1460 1442
f 1436 1452 1460
f 1444 1461 1453
f 1451 1461 1444
f 1453 1462 1454
f 1461 1462 1453
f 1443 1463 1452
f 1443 1455 1463
f 1454 1464 1458
f 1462 1464 1454
f 1449 1465 1455
f 1449 1459 1465
f 1442 1466 1450
f 1442 1460 1466
f 1450 1467 1451
f 1451 1467 1461
f 1450 1466 1467
f 1458 1468 1456
f 1456 1469 1457
f 1456 1468 1469
f 1461 1470 1462
f 1467 1470 1461
f 1452 1471 1460
f 1452 1463 1471
f 1464 1472 1458
f 1458 1472 1468
f 1462 1473 1464
f 1470 1473 1462
f 1457 1474 1459
f 1457 1469 1474
f 1455 1475 1463
f 1455 1465 1475
f 1466 1476 1467
f 1467 1476 1470
f 1460 1477 1466
f 1460 1471 1477
f 1473 1478 1464
f 1464 1478 1472
f 1459 1479 1465
f 1459 1474 1479
f 1466 1477 1476
f 1470 1480 1473
f 1476 1480 1470
f 1463 1481 1471
f 1463 1475 1481
f 1480 1482 1473
f 1473 1482 1478
f 1465 1483 1475
f 1465 1479 1483
f 1477 1484 1476
f 1476 1484 1480
f 1472 1485 1468
f 1468 1486 1469
f 1468 1485 1486
f 1471 1487 1477
f 1471 1481 1487
f 1478 1488 1472
f 1472 1488 1485
f 1469 1489 1474
f 1469 1486 1489
f 1477 1487 1484
f 1484 1490 1480
f 1480 1490 1482
f 1482 1491 1478
f 1478 1491 1488
f 1475 1492 1481
f 1475 1483 1492
f 1474 1493 1479
f 1474 1489 1493
f 1487 1494 1484
f 1484 1494 1490
f 1481 1495 1487
f 1481 1492 1495
f 1490 1496 1482
f 1482 1496 1491
f 1487 1495 1494
f 1479 1497 1483
f 1479 1493 1497
f 1488 1498 1485
f 1485 1499 1486
f 1485 1498 1499
f 1491 1500 1488
f 1488 1500 1498
f 1486 1501 1489
f 1486 1499 1501
f 1494 1502 1490
f 1490 1502 1496
f 1483 1503 1492
f 1483 1497 1503
f 1496 1504 1491
f 1491 1504 1500
f 1489 1505 1493
f 1489 1501 1505
f 1495 1506 1494
f 1494 1506 1502
f 1492 1507 1495
f 1492 1503 1507
f 1495 1507 1506
f 1502 1508 1496
f 1496 1508 1504
f 1493 1509 1497
f 1493 1505 1509
f 1506 1510 1502
f 1502 1510 1508
f 1500 1511 1498
f 1498 1512 1499
f 1498 1511 1512
f 1497 1513 1503
f 1497 1509 1513
f 1504 1514 1500
f 1500 1514 1511
f 1499 1515 1501
f 1499 1512 1515
f 1507 1516 1506
f 1506 1516 1510
f 1503 1517 1507
f 1503 1513 1517
f 1508 1518 1504
f 1504 1518 1514
f 1501 1519 1505
f 1501 1515 1519
f 1507 1517 1516
f 1510 1520 1508
f 1508 1520 1518
f 1505 1521 1509
f 1505 1519 1521
f 1516 1522 1510
f 1510 1522 1520
f 1509 1523 1513
f 1509 1521 1523
f 1514 1524 1511
f 1511 1525 1512
f 1511 1524 1525
f 1517 1526 1516
f 1516 1526 1522
f 1518 1527 1514
f 1514 1527 1524
f 1512 1528 1515
f 1512 1525 1528
f 1513 1529 1517
f 1513 1523 1529
f 1517 1529 1526
f 1520 1530 1518
f 1518 1530 1527
f 1515 1531 1519
f 1515 1528 1531
f 1522 1532 1520
f 1520 1532 1530
f 1519 1533 1521
f 1519 1531 1533
f 1526 1534 1522
f 1522 1534 1532
f 1521 1535 1523
f 1521 1533 1535
f 1529 1536 1526
f 1526 1536 1534
f 1523 1537 1529
f 1523 1535 1537
f 1527 1538 1524
f 1524 1539 1525
f 1524 1538 1539
f 1529 1537 1536
f 1530 1540 1527
f 1527 1540 1538
f 1525 1541 1528
f 1525 1539 1541
f 1532 1542 1530
f 1530 1542 1540
f 1528 1543 1531
f 1528 1541 1543
f 1534 1544 1532
f 1532 1544 1542
f 1531 1545 1533
f 1531 1543 1545
f 1536 1546 1534
f 1534 1546 1544
f 1533 1547 1535
f 1533 1545 1547
f 1537 1548 1536
f 1536 1548 1546
f 1535 1549 1537
f 1535 1547 1549
f 1537 1549 1548
f 1540 1550 1538
f 1538 1551 1539
f 1538 1550 1551
f 1542 1552 1540
f 1540 1552 1550
f 1539 1553 1541
f 1539 1551 1553
f 1544 1554 1542
f 1542 1554 1552
f 1541 1555 1543
f 1541 1553 1555
f 1546 1556 1544
f 1544 1556 1554
f 1543 1557 1545
f 1543 1555 1557
f 1548 1558 1546
f 1546 1558 1556
f 1545 1559 1547
f 1545 1557 1559
f 1549 1560 1548
f 1548 1560 1558
f 1547 1561 1549
f 1547 1559 1561
f 1549 1561 1560
f 1552 1562 1550
f 1550 1563 1551
f 1550 1562 1563
f 1554 1564 1552
f 1552 1564 1562
f 1551 1565 1553
f 1551 1563 1565
f 1556 1566 1554
f 1554 1566 1564
f 1553 1567 1555
f 1553 1565 1567
f 1558 1568 1556
f 1556 1568 1566
f 1555 1569 1557
f 1555 1567 1569
f 1560 1570 1558
f 1558 1570 1568
f 1557 1571 1559
f 1557 1569 1571
f 1561 1572 1560
f 1560 1572 1570
f 1559 1573 1561
f 1559 1571 1573
f 1561 1573 1572
f 1564 1574 1562
f 1562 1575 1563
f 1562 1574 1575
f 1566 1576 1564
f 1564 1576 1574
f 1563 1577 1565
f 1563 1575 1577
f 1568 1578 1566
f 1566 1578 1576
f 1565 1579 1567
f 1565 1577 1579
f 1570 1580 1568
f 1568 1580 1578
f 1567 1581 1569
f 1567 1579 1581
f 1572 1582 1570
f 1570 1582 1580
f 1569 1583 1571
f 1569 1581 1583
f 1573 1584 1572
f 1572 1584 1582
f 1571 1585 1573
f 1571 1583 1585
f 1573 1585 1584
f 1574 1586 1575
f 1576 1587 1574
f 1574 1587 1586
f 1575 1588 1577
f 1575 1586 1588
f 1578 1589 1576
f 1576 1589 1587
f 1577 1590 1579
f 1577 1588 1590
f 1580 1591 1578
f 1578 1591 1589
f 1579 1592 1581
f 1579 1590 1592
f 1582 1593 1580
f 1580 1593 1591
f 1581 1594 1583
f 1581 1592 1594
f 1584 1595 1582
f 1582 1595 1593
f 1583 1596 1585
f 1583 1594 1596
f 1585 1597 1584
f 1584 1597 1595
f 1585 1596 1597
f 1598 1599 1600
f 1601 1598 1600
f 1600 1599 1602
f 1600 1602 1603
f 1604 1600 1603
f 1601 1600 1604
f 1598 1605 1599
f 1606 1605 1598
f 1607 1606 1598
f 1607 1598 1601
f 1605 1608 1599
f 1599 1609 1602
f 1599 1608 1609
f 1606 1610 1605
f 1605 1611 1608
f 1610 1611 1605
f 1603 1602 1612
f 1602 1609 1613
f 1602 1613 1612
f 1604 1603 1614
f 1614 1603 1615
f 1603 1612 1615
f 1616 1606 1607
f 1617 1610 1606
f 1616 1617 1606
f 1618 1604 1614
f 1614 1615 1619
f 1620 1614 1619
f 1618 1614 1620
f 1621 1601 1604
f 1621 1604 1618
f 1622 1607 1601
f 1622 1601 1621
f 1623 1616 1607
f 1623 1607 1622
f 1611 1624 1608
f 1610 1625 1611
f 1625 1626 1611
f 1611 1626 1624
f 1608 1627 1609
f 1608 1624 1627
f 1617 1628 1610
f 1628 1625 1610
f 1619 1615 1629
f 1615 1612 1630
f 1615 1630 1629
f 1620 1619 1631
f 1619 1629 1632
f 1631 1619 1632
f 1633 1621 1618
f 1634 1618 1620
f 1633 1618 1634
f 1635 1622 1621
f 1635 1621 1633
f 1609 1636 1613
f 1609 1627 1636
f 1612 1613 1637
f 1612 1637 1630
f 1638 1628 1617
f 1639 1617 1616
f 1639 1638 1617
f 1640 1620 1631
f 1634 1620 1640
f 1628 1641 1625
f 1625 1642 1626
f 1641 1642 1625
f 1638 1643 1628
f 1643 1641 1628
f 1644 1639 1616
f 1644 1616 1623
f 1645 1623 1622
f 1645 1622 1635
f 1629 1630 1646
f 1632 1629 1647
f 1629 1646 1647
f 1626 1648 1624
f 1624 1649 1627
f 1624 1648 1649
f 1613 1650 1637
f 1613 1636 1650
f 1630 1637 1651
f 1630 1651 1646
f 1631 1632 1652
f 1632 1647 1653
f 1652 1632 1653
f 1654 1631 1652
f 1640 1631 1654
f 1642 1655 1626
f 1626 1655 1648
f 1656 1638 1639
f 1657 1643 1638
f 1656 1657 1638
f 1627 1658 1636
f 1627 1649 1658
f 1643 1659 1641
f 1641 1660 1642
f 1659 1660 1641
f 1661 1656 1639
f 1661 1639 1644
f 1662 1644 1623
f 1662 1623 1645
f 1657 1663 1643
f 1663 1659 1643
f 1647 1646 1664
f 1653 1647 1665
f 1647 1664 1665
f 1642 1666 1655
f 1660 1666 1642
f 1637 1667 1651
f 1637 1650 1667
f 1646 1668 1664
f 1646 1651 1668
f 1669 1663 1657
f 1670 1669 1657
f 1670 1657 1656
f 1652 1653 1671
f 1653 1665 1672
f 1671 1653 1672
f 1673 1652 1671
f 1654 1652 1673
f 1655 1674 1648
f 1666 1675 1655
f 1655 1675 1674
f 1648 1676 1649
f 1648 1674 1676
f 1659 1677 1660
f 1660 1678 1666
f 1677 1678 1660
f 1636 1679 1650
f 1636 1658 1679
f 1663 1680 1659
f 1680 1677 1659
f 1669 1681 1663
f 1681 1680 1663
f 1665 1664 1681
f 1664 1682 1681
f 1664 1668 1682
f 1665 1681 1669
f 1681 1682 1680
f 1672 1665 1669
f 1672 1669 1670
f 1683 1672 1670
f 1671 1672 1683
f 1684 1670 1656
f 1683 1670 1684
f 1684 1656 1661
f 1685 1661 1644
f 1685 1644 1662
f 1649 1686 1658
f 1649 1676 1686
f 1651 1687 1668
f 1651 1667 1687
f 1688 1671 1683
f 1673 1671 1688
f 1650 1689 1667
f 1650 1679 1689
f 1680 1690 1677
f 1682 1690 1680
f 1666 1691 1675
f 1678 1691 1666
f 1658 1692 1679
f 1658 1686 1692
f 1677 1693 1678
f 1690 1693 1677
f 1668 1694 1682
f 1682 1694 1690
f 1668 1687 1694
f 1695 1683 1684
f 1688 1683 1695
f 1696 1684 1661
f 1695 1684 1696
f 1696 1661 1685
f 1667 1697 1687
f 1667 1689 1697
f 1675 1698 1674
f 1691 1699 1675
f 1675 1699 1698
f 1674 1700 1676
f 1674 1698 1700
f 1678 1701 1691
f 1693 1701 1678
f 1676 1702 1686
f 1676 1700 1702
f 1679 1703 1689
f 1679 1692 1703
f 1694 1704 1690
f 1690 1704 1693
f 1687 1705 1694
f 1694 1705 1704
f 1687 1697 1705
f 1691 1706 1699
f 1701 1706 1691
f 1693 1707 1701
f 1704 1707 1693
f 1686 1708 1692
f 1686 1702 1708
f 1699 1709 1698
f 1706 1710 1699
f 1699 1710 1709
f 1698 1711 1700
f 1698 1709 1711
f 1701 1712 1706
f 1707 1712 1701
f 1705 1713 1704
f 1704 1713 1707
f 1689 1714 1697
f 1689 1703 1714
f 1700 1715 1702
f 1700 1711 1715
f 1692 1716 1703
f 1692 1708 1716
f 1697 1717 1705
f 1705 1717 1713
f 1697 1714 1717
f 1706 1718 1710
f 1712 1718 1706
f 1707 1719 1712
f 1713 1719 1707
f 1710 1720 1709
f 1709 1721 1711
f 1709 1720 1721
f 1702 1722 1708
f 1702 1715 1722
f 1703 1723 1714
f 1703 1716 1723
f 1718 1724 1710
f 1710 1724 1720
f 1711 1725 1715
f 1711 1721 1725
f 1712 1726 1718
f 1719 1726 1712
f 1717 1727 1713
f 1713 1727 1719
f 1718 1728 1724
f 1726 1728 1718
f 1708 1729 1716
f 1708 1722 1729
f 1714 1730 1717
f 1717 1730 1727
f 1714 1723 1730
f 1724 1731 1720
f 1724 1732 1731
f 1728 1732 1724
f 1720 1731 1733
f 1720 1733 1721
f 1715 1725 1734
f 1715 1734 1722
f 1719 1735 1726
f 1727 1735 1719
f 1728 1736 1732
f 1721 1733 1737
f 1721 1737 1725
f 1726 1738 1728
f 1735 1738 1726
f 1716 1739 1723
f 1716 1729 1739
f 1738 1736 1728
f 1730 1740 1727
f 1727 1740 1735
f 1738 1741 1736
f 1725 1737 1742
f 1725 1742 1734
f 1722 1743 1729
f 1722 1734 1743
f 1723 1744 1730
f 1723 1739 1744
f 1730 1744 1740
f 1735 1745 1738
f 1745 1741 1738
f 1740 1745 1735
f 1729 1743 1746
f 1729 1746 1739
f 1745 1747 1741
f 1734 1742 1748
f 1734 1748 1743
f 1740 1749 1745
f 1744 1749 1740
f 1749 1747 1745
f 1749 1750 1747
f 1743 1748 1751
f 1743 1751 1746
f 1739 1752 1744
f 1744 1752 1749
f 1739 1746 1752
f 1752 1750 1749
f 1752 1753 1750
f 1746 1753 1752
f 1746 1751 1753
f 1754 1755 1756
f 1757 1758 1755
f 1757 1755 1754
f 1759 1756 1760
f 1754 1756 1759
f 1761 1760 1762
f 1759 1760 1761
f 1763 1762 1764
f 1761 1762 1763
f 1765 1766 1758
f 1765 1758 1757
f 1767 1764 1768
f 1763 1764 1767
f 1769 1770 1766
f 1769 1766 1765
f 1771 1768 1772
f 1767 1768 1771
f 1773 1774 1770
f 1773 1770 1769
f 1775 1772 1776
f 1771 1772 1775
f 1777 1776 1774
f 1777 1774 1773
f 1775 1776 1777
f 1778 1759 1761
f 1779 1754 1759
f 1779 1759 1778
f 1780 1761 1763
f 1778 1761 1780
f 1781 1757 1754
f 1781 1754 1779
f 1782 1763 1767
f 1780 1763 1782
f 1783 1765 1757
f 1783 1757 1781
f 1784 1769 1765
f 1784 1765 1783
f 1785 1767 1771
f 1782 1767 1785
f 1786 1771 1775
f 1785 1771 1786
f 1787 1773 1769
f 1787 1769 1784
f 1788 1775 1777
f 1786 1775 1788
f 1789 1777 1773
f 1789 1773 1787
f 1788 1777 1789
f 1790 1778 1780
f 1791 1779 1778
f 1791 1778 1790
f 1792 1780 1782
f 1790 1780 1792
f 1793 1781 1779
f 1793 1779 1791
f 1794 1782 1785
f 1792 1782 1794
f 1795 1783 1781
f 1795 1781 1793
f 1796 1785 1786
f 1794 1785 1796
f 1797 1784 1783
f 1797 1783 1795
f 1798 1786 1788
f 1796 1786 1798
f 1799 1787 1784
f 1799 1784 1797
f 1800 1788 1789
f 1798 1788 1800
f 1801 1789 1787
f 1801 1787 1799
f 1800 1789 1801
f 1802 1791 1790
f 1803 1790 1792
f 1802 1790 1803
f 1804 1793 1791
f 1804 1791 1802
f 1805 1795 1793
f 1805 1793 1804
f 1806 1792 1794
f 1803 1792 1806
f 1807 1797 1795
f 1807 1795 1805
f 1808 1794 1796
f 1806 1794 1808
f 1809 1799 1797
f 1809 1797 1807
f 1810 1796 1798
f 1808 1796 1810
f 1811 1798 1800
f 1810 1798 1811
f 1812 1800 1801
f 1811 1800 1812
f 1813 1801 1799
f 1813 1799 1809
f 1812 1801 1813
f 1814 1802 1803
f 1815 1803 1806
f 1814 1803 1815
f 1816 1804 1802
f 1816 1802 1814
f 1817 1805 1804
f 1817 1804 1816
f 1818 1806 1808
f 1815 1806 1818
f 1819 1807 1805
f 1819 1805 1817
f 1820 1808 1810
f 1818 1808 1820
f 1821 1809 1807
f 1821 1807 1819
f 1822 1810 1811
f 1820 1810 1822
f 1823 1813 1809
f 1823 1809 1821
f 1824 1811 1812
f 1822 1811 1824
f 1825 1812 1813
f 1824 1812 1825
f 1825 1813 1823
f 1826 1814 1815
f 1827 1815 1818
f 1826 1815 1827
f 1828 1816 1814
f 1828 1814 1826
f 1829 1817 1816
f 1829 1816 1828
f 1830 1818 1820
f 1827 1818 1830
f 1831 1819 1817
f 1831 1817 1829
f 1832 1820 1822
f 1830 1820 1832
f 1833 1821 1819
f 1833 1819 1831
f 1834 1822 1824
f 1832 1822 1834
f 1835 1823 1821
f 1835 1821 1833
f 1836 1824 1825
f 1834 1824 1836
f 1837 1825 1823
f 1836 1825 1837
f 1837 1823 1835
f 1838 1826 1827
f 1839 1827 1830
f 1838 1827 1839
f 1840 1828 1826
f 1840 1826 1838
f 1841 1829 1828
f 1841 1828 1840
f 1842 1830 1832
f 1839 1830 1842
f 1843 1831 1829
f 1843 1829 1841
f 1844 1832 1834
f 1842 1832 1844
f 1845 1833 1831
f 1845 1831 1843
f 1846 1834 1836
f 1844 1834 1846
f 1847 1835 1833
f 1847 1833 1845
f 1848 1836 1837
f 1846 1836 1848
f 1849 1837 1835
f 1848 1837 1849
f 1849 1835 1847
f 1850 1838 1839
f 1851 1839 1842
f 1850 1839 1851
f 1852 1840 1838
f 1852 1838 1850
f 1853 1841 1840
f 1853 1840 1852
f 1854 1842 1844
f 1851 1842 1854
f 1855 1843 1841
f 1855 1841 1853
f 1856 1844 1846
f 1854 1844 1856
f 1857 1845 1843
f 1857 1843 1855
f 1858 1846 1848
f 1856 1846 1858
f 1859 1847 1845
f 1859 1845 1857
f 1860 1848 1849
f 1858 1848 1860
f 1861 1849 1847
f 1861 1847 1859
f 1860 1849 1861
f 1862 1850 1851
f 1863 1852 1850
f 1863 1850 1862
f 1864 1851 1854
f 1862 1851 1864
f 1865 1853 1852
f 1865 1852 1863
f 1866 1854 1856
f 1864 1854 1866
f 1867 1855 1853
f 1867 1853 1865
f 1868 1856 1858
f 1866 1856 1868
f 1869 1857 1855
f 1869 1855 1867
f 1870 1858 1860
f 1868 1858 1870
f 1871 1860 1861
f 1870 1860 1871
f 1872 1861 1859
f 1871 1861 1872
f 1873 1859 1857
f 1873 1857 1869
f 1872 1859 1873
f 1874 1862 1864
f 1875 1864 1866
f 1874 1864 1875
f 1876 1863 1862
f 1876 1862 1874
f 1877 1865 1863
f 1877 1863 1876
f 1878 1866 1868
f 1875 1866 1878
f 1879 1867 1865
f 1879 1865 1877
f 1880 1868 1870
f 1878 1868 1880
f 1881 1869 1867
f 1881 1867 1879
f 1882 1870 1871
f 1880 1870 1882
f 1883 1871 1872
f 1882 1871 1883
f 1884 1872 1873
f 1883 1872 1884
f 1885 1873 1869
f 1885 1869 1881
f 1884 1873 1885
f 1886 1874 1875
f 1887 1875 1878
f 1886 1875 1887
f 1888 1876 1874
f 1888 1874 1886
f 1889 1877 1876
f 1889 1876 1888
f 1890 1878 1880
f 1887 1878 1890
f 1891 1880 1882
f 1890 1880 1891
f 1892 1882 1883
f 1891 1882 1892
f 1893 1879 1877
f 1893 1877 1889
f 1894 1881 1879
f 1894 1879 1893
f 1895 1885 1881
f 1895 1881 1894
f 1896 1883 1884
f 1892 1883 1896
f 1897 1884 1885
f 1896 1884 1897
f 1897 1885 1895
f 1898 1886 1887
f 1899 1887 1890
f 1898 1887 1899
f 1900 1888 1886
f 1900 1886 1898
f 1901 1889 1888
f 1901 1888 1900
f 1902 1890 1891
f 1899 1890 1902
f 1903 1893 1889
f 1903 1889 1901
f 1904 1891 1892
f 1902 1891 1904
f 1905 1894 1893
f 1905 1893 1903
f 1906 1892 1896
f 1904 1892 1906
f 1907 1896 1897
f 1906 1896 1907
f 1908 1895 1894
f 1908 1894 1905
f 1909 1897 1895
f 1909 1895 1908
f 1907 1897 1909
f 1910 1898 1899
f 1911 1899 1902
f 1910 1899 1911
f 1912 1900 1898
f 1912 1898 1910
f 1913 1901 1900
f 1913 1900 1912
f 1914 1902 1904
f 1911 1902 1914
f 1915 1904 1906
f 1914 1904 1915
f 1916 1903 1901
f 1916 1901 1913
f 1917 1905 1903
f 1917 1903 1916
f 1918 1906 1907
f 1915 1906 1918
f 1919 1907 1909
f 1918 1907 1919
f 1920 1909 1908
f 1919 1909 1920
f 1921 1908 1905
f 1920 1908 1921
f 1921 1905 1917
f 1922 1910 1911
f 1923 1911 1914
f 1922 1911 1923
f 1924 1912 1910
f 1924 1910 1922
f 1925 1913 1912
f 1925 1912 1924
f 1926 1914 1915
f 1923 1914 1926
f 1927 1916 1913
f 1927 1913 1925
f 1928 1915 1918
f 1926 1915 1928
f 1929 1917 1916
f 1929 1916 1927
f 1930 1918 1919
f 1928 1918 1930
f 1931 1921 1917
f 1931 1917 1929
f 1932 1919 1920
f 1930 1919 1932
f 1933 1920 1921
f 1932 1920 1933
f 1933 1921 1931
f 1934 1922 1923
f 1935 1924 1922
f 1935 1922 1934
f 1936 1923 1926
f 1934 1923 1936
f 1937 1925 1924
f 1937 1924 1935
f 1938 1926 1928
f 1936 1926 1938
f 1939 1927 1925
f 1939 1925 1937
f 1940 1928 1930
f 1938 1928 1940
f 1941 1929 1927
f 1941 1927 1939
f 1942 1930 1932
f 1940 1930 1942
f 1943 1931 1929
f 1943 1929 1941
f 1944 1932 1933
f 1942 1932 1944
f 1945 1933 1931
f 1945 1931 1943
f 1944 1933 1945
f 1946 1934 1936
f 1947 1935 1934
f 1947 1934 1946
f 1948 1936 1938
f 1946 1936 1948
f 1949 1937 1935
f 1949 1935 1947
f 1950 1938 1940
f 1948 1938 1950
f 1951 1939 1937
f 1951 1937 1949
f 1952 1940 1942
f 1950 1940 1952
f 1953 1941 1939
f 1953 1939 1951
f 1954 1942 1944
f 1952 1942 1954
f 1955 1943 1941
f 1955 1941 1953
f 1956 1944 1945
f 1954 1944 1956
f 1957 1945 1943
f 1956 1945 1957
f 1957 1943 1955
f 1958 1946 1948
f 1959 1948 1950
f 1958 1948 1959
f 1960 1947 1946
f 1960 1946 1958
f 1961 1950 1952
f 1959 1950 1961
f 1962 1949 1947
f 1962 1947 1960
f 1963 1951 1949
f 1963 1949 1962
f 1964 1952 1954
f 1961 1952 1964
f 1965 1953 1951
f 1965 1951 1963
f 1966 1954 1956
f 1964 1954 1966
f 1967 1956 1957
f 1966 1956 1967
f 1968 1955 1953
f 1968 1953 1965
f 1969 1957 1955
f 1969 1955 1968
f 1967 1957 1969
f 1970 1958 1959
f 1971 1960 1958
f 1971 1958 1970
f 1972 1959 1961
f 1970 1959 1972
f 1973 1962 1960
f 1973 1960 1971
f 1974 1961 1964
f 1972 1961 1974
f 1975 1963 1962
f 1975 1962 1973
f 1976 1964 1966
f 1974 1964 1976
f 1977 1965 1963
f 1977 1963 1975
f 1978 1966 1967
f 1976 1966 1978
f 1979 1968 1965
f 1979 1965 1977
f 1980 1967 1969
f 1978 1967 1980
f 1981 1969 1968
f 1980 1969 1981
f 1981 1968 1979
f 1982 1970 1972
f 1983 1972 1974
f 1982 1972 1983
f 1984 1971 1970
f 1984 1970 1982
f 1985 1973 1971
f 1985 1971 1984
f 1986 1974 1976
f 1983 1974 1986
f 1987 1975 1973
f 1987 1973 1985
f 1988 1976 1978
f 1986 1976 1988
f 1989 1977 1975
f 1989 1975 1987
f 1990 1978 1980
f 1988 1978 1990
f 1991 1979 1977
f 1991 1977 1989
f 1992 1980 1981
f 1990 1980 1992
f 1993 1981 1979
f 1993 1979 1991
f 1992 1981 1993
f 1994 1982 1983
f 1995 1984 1982
f 1995 1982 1994
f 1996 1983 1986
f 1994 1983 1996
f 1997 1985 1984
f 1997 1984 1995
f 1998 1986 1988
f 1996 1986 1998
f 1999 1987 1985
f 1999 1985 1997
f 2000 1988 1990
f 1998 1988 2000
f 2001 1989 1987
f 2001 1987 1999
f 2002 1990 1992
f 2000 1990 2002
f 2003 1991 1989
f 2003 1989 2001
f 2004 1992 1993
f 2002 1992 2004
f 2005 1993 1991
f 2004 1993 2005
f 2005 1991 2003
f 2006 1994 1996
f 2007 1995 1994
f 2007 1994 2006
f 2008 1996 1998
f 2006 1996 2008
f 2009 1997 1995
f 2009 1995 2007
f 2010 1998 2000
f 2008 1998 2010
f 2011 1999 1997
f 2011 1997 2009
f 2012 2000 2002
f 2010 2000 2012
f 2013 2001 1999
f 2013 1999 2011
f 2014 2002 2004
f 2012 2002 2014
f 2015 2003 2001
f 2015 2001 2013
f 2016 2004 2005
f 2014 2004 2016
f 2017 2005 2003
f 2016 2005 2017
f 2017 2003 2015
f 2018 2006 2008
f 2019 2008 2010
f 2018 2008 2019
f 2020 2007 2006
f 2020 2006 2018
f 2021 2009 2007
f 2021 2007 2020
f 2022 2010 2012
f 2019 2010 2022
f 2023 2011 2009
f 2023 2009 2021
f 2024 2012 2014
f 2022 2012 2024
f 2025 2013 2011
f 2025 2011 2023
f 2026 2014 2016
f 2024 2014 2026
f 2027 2015 2013
f 2027 2013 2025
f 2028 2016 2017
f 2026 2016 2028
f 2029 2017 2015
f 2029 2015 2027
f 2028 2017 2029
f 2030 2018 2019
f 2031 2020 2018
f 2031 2018 2030
f 2032 2019 2022
f 2030 2019 2032
f 2033 2021 2020
f 2033 2020 2031
f 2034 2022 2024
f 2032 2022 2034
f 2035 2023 2021
f 2035 2021 2033
f 2036 2024 2026
f 2034 2024 2036
f 2037 2025 2023
f 2037 2023 2035
f 2038 2026 2028
f 2036 2026 2038
f 2039 2030 2032
f 2040 2032 2034
f 2039 2032 2040
f 2041 2031 2030
f 2041 2030 2039
f 2042 2028 2029
f 2038 2028 2042
f 2043 2027 2025
f 2043 2025 2037
f 2044 2029 2027
f 2044 2027 2043
f 2045 2033 2031
f 2045 2031 2041
f 2042 2029 2044
f 2046 2034 2036
f 2040 2034 2046
f 2047 2035 2033
f 2047 2033 2045
f 2048 2036 2038
f 2046 2036 2048
f 2049 2039 2040
f 2050 2041 2039
f 2050 2039 2049
f 2051 2037 2035
f 2051 2035 2047
f 2052 2040 2046
f 2049 2040 2052
f 2053 2038 2042
f 2048 2038 2053
f 2054 2045 2041
f 2054 2041 2050
f 2055 2046 2048
f 2052 2046 2055
f 2056 2043 2037
f 2056 2037 2051
f 2057 2042 2044
f 2053 2042 2057
f 2058 2047 2045
f 2058 2045 2054
f 2059 2044 2043
f 2059 2043 2056
f 2057 2044 2059
f 2060 2048 2053
f 2055 2048 2060
f 2061 2051 2047
f 2061 2047 2058
f 2062 2053 2057
f 2060 2053 2062
f 2063 2056 2051
f 2063 2051 2061
f 2064 2057 2059
f 2062 2057 2064
f 2065 2049 2052
f 2066 2050 2049
f 2066 2049 2065
f 2067 2052 2055
f 2065 2052 2067
f 2068 2059 2056
f 2068 2056 2063
f 2064 2059 2068
f 2069 2054 2050
f 2069 2050 2066
f 2070 2055 2060
f 2067 2055 2070
f 2071 2058 2054
f 2071 2054 2069
f 2072 2060 2062
f 2070 2060 2072
f 2073 2061 2058
f 2073 2058 2071
f 2074 2062 2064
f 2072 2062 2074
f 2075 2065 2067
f 2076 2067 2070
f 2075 2067 2076
f 2077 2066 2065
f 2077 2065 2075
f 2078 2064 2068
f 2074 2064 2078
f 2079 2063 2061
f 2079 2061 2073
f 2080 2069 2066
f 2080 2066 2077
f 2081 2068 2063
f 2081 2063 2079
f 2078 2068 2081
f 2082 2070 2072
f 2076 2070 2082
f 2083 2071 2069
f 2083 2069 2080
f 2084 2072 2074
f 2082 2072 2084
f 2085 2073 2071
f 2085 2071 2083
f 2086 2074 2078
f 2084 2074 2086
f 2087 2075 2076
f 2088 2077 2075
f 2088 2075 2087
f 2089 2076 2082
f 2087 2076 2089
f 2090 2079 2073
f 2090 2073 2085
f 2091 2080 2077
f 2091 2077 2088
f 2092 2078 2081
f 2086 2078 2092
f 2093 2082 2084
f 2089 2082 2093
f 2094 2081 2079
f 2092 2081 2094
f 2094 2079 2090
f 2095 2084 2086
f 2093 2084 2095
f 2096 2083 2080
f 2096 2080 2091
f 2097 2085 2083
f 2097 2083 2096
f 2098 2086 2092
f 2095 2086 2098
f 2099 2087 2089
f 2100 2089 2093
f 2099 2089 2100
f 2101 2088 2087
f 2101 2087 2099
f 2102 2091 2088
f 2102 2088 2101
f 2103 2090 2085
f 2103 2085 2097
f 2104 2093 2095
f 2100 2093 2104
f 2105 2092 2094
f 2098 2092 2105
f 2106 2095 2098
f 2104 2095 2106
f 2107 2096 2091
f 2107 2091 2102
f 2108 2094 2090
f 2105 2094 2108
f 2108 2090 2103
f 2109 2097 2096
f 2109 2096 2107
f 2110 2099 2100
f 2111 2100 2104
f 2110 2100 2111
f 2112 2101 2099
f 2112 2099 2110
f 2113 2098 2105
f 2106 2098 2113
f 2114 2102 2101
f 2114 2101 2112
f 2115 2104 2106
f 2111 2104 2115
f 2116 2105 2108
f 2113 2105 2116
f 2117 2103 2097
f 2117 2097 2109
f 2118 2106 2113
f 2115 2106 2118
f 2119 2107 2102
f 2119 2102 2114
f 2120 2108 2103
f 2116 2108 2120
f 2120 2103 2117
f 2121 2110 2111
f 2122 2111 2115
f 2121 2111 2122
f 2123 2112 2110
f 2123 2110 2121
f 2124 2113 2116
f 2118 2113 2124
f 2125 2109 2107
f 2125 2107 2119
f 2126 2114 2112
f 2126 2112 2123
f 2127 2115 2118
f 2122 2115 2127
f 2128 2117 2109
f 2128 2109 2125
f 2129 2116 2120
f 2124 2116 2129
f 2127 2118 2130
f 2130 2118 2124
f 2131 2119 2114
f 2131 2114 2126
f 2132 2120 2117
f 2129 2120 2132
f 2132 2117 2128
f 2133 2121 2122
f 2134 2122 2127
f 2133 2122 2134
f 2135 2123 2121
f 2135 2121 2133
f 2136 2127 2130
f 2134 2127 2136
f 2137 2126 2123
f 2137 2123 2135
f 2138 2124 2129
f 2130 2124 2138
f 2139 2125 2119
f 2139 2119 2131
f 2140 2128 2125
f 2140 2125 2139
f 2141 2131 2126
f 2141 2126 2137
f 2142 2129 2132
f 2138 2129 2142
f 2136 2130 2143
f 2143 2130 2138
f 2144 2133 2134
f 2145 2134 2136
f 2144 2134 2145
f 2146 2135 2133
f 2146 2133 2144
f 2147 2132 2128
f 2142 2132 2147
f 2147 2128 2140
f 2145 2136 2148
f 2148 2136 2143
f 2149 2137 2135
f 2149 2135 2146
f 2150 2139 2131
f 2150 2131 2141
f 2143 2138 2151
f 2151 2138 2142
f 2152 2144 2145
f 2153 2145 2148
f 2152 2145 2153
f 2154 2146 2144
f 2154 2144 2152
f 2148 2143 2155
f 2155 2143 2151
f 2156 2141 2137
f 2156 2137 2149
f 2157 2142 2147
f 2151 2142 2157
f 2158 2140 2139
f 2158 2139 2150
f 2159 2149 2146
f 2159 2146 2154
f 2160 2147 2140
f 2157 2147 2160
f 2160 2140 2158
f 2153 2148 2161
f 2161 2148 2155
f 2155 2151 2162
f 2162 2151 2157
f 2163 2150 2141
f 2163 2141 2156
f 2164 2152 2153
f 2165 2154 2152
f 2165 2152 2164
f 2166 2156 2149
f 2166 2149 2159
f 2167 2153 2161
f 2164 2153 2167
f 2161 2155 2168
f 2168 2155 2162
f 2169 2158 2150
f 2169 2150 2163
f 2170 2159 2154
f 2170 2154 2165
f 2171 2157 2160
f 2162 2157 2171
f 2167 2161 2172
f 2172 2161 2168
f 2173 2163 2156
f 2173 2156 2166
f 2174 2160 2158
f 2171 2160 2174
f 2174 2158 2169
f 2175 2164 2167
f 2176 2167 2172
f 2175 2167 2176
f 2177 2165 2164
f 2177 2164 2175
f 2178 2166 2159
f 2178 2159 2170
f 2168 2162 2179
f 2179 2162 2171
f 2180 2165 2177
f 2180 2170 2165
f 2172 2168 2181
f 2181 2168 2179
f 2176 2172 2182
f 2182 2172 2181
f 2183 2169 2163
f 2183 2163 2173
f 2184 2175 2176
f 2185 2176 2182
f 2184 2176 2185
f 2186 2177 2175
f 2186 2175 2184
f 2179 2171 2187
f 2187 2171 2174
f 2188 2166 2178
f 2188 2173 2166
f 2189 2177 2186
f 2189 2180 2177
f 2190 2170 2180
f 2190 2178 2170
f 2181 2179 2191
f 2191 2179 2187
f 2192 2174 2169
f 2187 2174 2192
f 2192 2169 2183
f 2182 2181 2193
f 2185 2182 2194
f 2194 2182 2193
f 2193 2181 2191
f 2195 2184 2185
f 2196 2185 2194
f 2195 2185 2196
f 2197 2186 2184
f 2197 2184 2195
f 2198 2199 2200
f 2200 2201 2202
f 2200 2199 2201
f 2203 2204 2198
f 2198 2204 2199
f 2194 2193 2205
f 2196 2194 2206
f 2206 2194 2205
f 2207 2189 2186
f 2207 2186 2197
f 2208 2180 2189
f 2208 2190 2180
f 2209 2178 2190
f 2209 2188 2178
f 2191 2187 2210
f 2210 2187 2192
f 2211 2183 2173
f 2211 2173 2188
f 2193 2191 2212
f 2205 2193 2212
f 2212 2191 2210
f 2213 2214 2203
f 2203 2214 2204
f 2215 2195 2196
f 2216 2196 2206
f 2215 2196 2216
f 2217 2197 2195
f 2217 2195 2215
f 2218 2192 2183
f 2210 2192 2218
f 2218 2183 2211
f 2202 2219 2220
f 2202 2201 2219
f 2221 2189 2207
f 2221 2208 2189
f 2206 2205 2222
f 2216 2206 2223
f 2223 2206 2222
f 2224 2207 2197
f 2224 2197 2217
f 2205 2212 2225
f 2222 2205 2225
f 2226 2190 2208
f 2226 2209 2190
f 2227 2211 2188
f 2227 2188 2209
f 2228 2229 2213
f 2213 2229 2214
f 2212 2210 2230
f 2225 2212 2230
f 2230 2210 2218
f 2220 2231 2232
f 2220 2219 2231
f 2233 2215 2216
f 2234 2216 2223
f 2233 2216 2234
f 2235 2217 2215
f 2235 2215 2233
f 2236 2218 2211
f 2236 2211 2227
f 2237 2207 2224
f 2237 2221 2207
f 2238 2226 2208
f 2238 2208 2221
f 2230 2218 2236
f 2239 2224 2217
f 2239 2217 2235
f 2222 2225 2240
f 2223 2222 2241
f 2241 2222 2240
f 2225 2230 2242
f 2240 2225 2242
f 2243 2209 2226
f 2243 2227 2209
f 2234 2223 2244
f 2244 2223 2241
f 2242 2230 2236
f 2245 2246 2228
f 2228 2246 2229
f 2232 2247 2248
f 2232 2231 2247
f 2204 2249 2199
f 2199 2250 2201
f 2199 2249 2250
f 2214 2251 2204
f 2204 2251 2249
f 2252 2233 2234
f 2253 2234 2244
f 2252 2234 2253
f 2254 2235 2233
f 2254 2233 2252
f 2255 2243 2226
f 2255 2226 2238
f 2256 2236 2227
f 2242 2236 2256
f 2256 2227 2243
f 2229 2257 2214
f 2214 2257 2251
f 2258 2237 2224
f 2258 2224 2239
f 2259 2221 2237
f 2259 2238 2221
f 2240 2242 2260
f 2260 2242 2256
f 2261 2262 2245
f 2245 2262 2246
f 2201 2263 2219
f 2201 2250 2263
f 2241 2240 2264
f 2244 2241 2265
f 2265 2241 2264
f 2264 2240 2260
f 2266 2239 2235
f 2266 2235 2254
f 2248 2267 2268
f 2248 2247 2267
f 2253 2244 2269
f 2269 2244 2265
f 2270 2256 2243
f 2260 2256 2270
f 2270 2243 2255
f 2268 2271 2261
f 2268 2267 2271
f 2261 2271 2262
f 2219 2272 2231
f 2219 2263 2272
f 2229 2273 2257
f 2246 2273 2229
f 2274 2252 2253
f 2275 2253 2269
f 2274 2253 2275
f 2276 2254 2252
f 2276 2252 2274
f 2277 2259 2237
f 2277 2237 2258
f 2264 2260 2278
f 2278 2260 2270
f 2279 2255 2238
f 2279 2238 2259
f 2251 2280 2249
f 2249 2281 2250
f 2249 2280 2281
f 2257 2282 2251
f 2251 2282 2280
f 2283 2239 2266
f 2283 2258 2239
f 2265 2264 2284
f 2284 2264 2278
f 2269 2265 2285
f 2275 2269 2286
f 2286 2269 2285
f 2287 2254 2276
f 2287 2266 2254
f 2285 2265 2284
f 2288 2270 2255
f 2278 2270 2288
f 2288 2255 2279
f 2250 2289 2263
f 2250 2281 2289
f 2273 2290 2257
f 2257 2290 2282
f 2291 2274 2275
f 2291 2275 2292
f 2292 2275 2286
f 2293 2274 2291
f 2293 2276 2274
f 2246 2294 2273
f 2262 2294 2246
f 2295 2279 2259
f 2295 2259 2277
f 2231 2296 2247
f 2231 2272 2296
f 2273 2297 2290
f 2294 2297 2273
f 2282 2298 2280
f 2280 2298 2299
f 2280 2299 2281
f 2290 2300 2282
f 2282 2300 2298
f 2290 2301 2300
f 2297 2301 2290
f 2300 2292 2298
f 2298 2292 2302
f 2298 2302 2299
f 2300 2291 2292
f 2301 2291 2300
f 2292 2286 2302
f 2301 2293 2291
f 2286 2285 2303
f 2302 2286 2303
f 2304 2276 2293
f 2304 2287 2276
f 2285 2284 2305
f 2303 2285 2305
f 2306 2266 2287
f 2306 2283 2266
f 2284 2278 2307
f 2305 2284 2307
f 2308 2258 2283
f 2308 2277 2258
f 2307 2278 2288
f 2309 2288 2279
f 2307 2288 2309
f 2309 2279 2295
f 2263 2310 2272
f 2263 2289 2310
f 2281 2299 2311
f 2281 2311 2289
f 2271 2312 2262
f 2262 2312 2294
f 2313 2293 2301
f 2313 2304 2293
f 2247 2314 2267
f 2267 2315 2271
f 2267 2314 2315
f 2247 2296 2314
f 2271 2315 2312
f 2299 2302 2316
f 2299 2316 2311
f 2297 2313 2301
f 2302 2303 2316
f 2303 2305 2317
f 2316 2303 2317
f 2318 2287 2304
f 2318 2306 2287
f 2305 2307 2319
f 2317 2305 2319
f 2320 2283 2306
f 2320 2308 2283
f 2319 2307 2309
f 2321 2295 2277
f 2321 2277 2308
f 2294 2322 2297
f 2322 2313 2297
f 2272 2323 2296
f 2272 2310 2323
f 2312 2322 2294
f 2289 2311 2324
f 2289 2324 2310
f 2311 2316 2325
f 2311 2325 2324
f 2326 2304 2313
f 2322 2326 2313
f 2316 2317 2325
f 2326 2318 2304
f 2327 2309 2295
f 2319 2309 2327
f 2327 2295 2321
f 2328 2306 2318
f 2328 2320 2306
f 2329 2321 2308
f 2329 2308 2320
f 2317 2319 2330
f 2325 2317 2330
f 2330 2319 2327
f 2296 2331 2314
f 2296 2323 2331
f 2312 2332 2322
f 2315 2332 2312
f 2310 2324 2333
f 2310 2333 2323
f 2332 2326 2322
f 2334 2318 2326
f 2334 2328 2318
f 2335 2327 2321
f 2330 2327 2335
f 2335 2321 2329
f 2332 2334 2326
f 2324 2325 2336
f 2325 2330 2336
f 2314 2337 2315
f 2314 2331 2337
f 2315 2337 2332
f 2324 2336 2333
f 2338 2320 2328
f 2338 2329 2320
f 2336 2330 2335
f 2323 2333 2339
f 2323 2339 2331
f 2337 2334 2332
f 2336 2335 2340
f 2333 2336 2340
f 2341 2328 2334
f 2341 2338 2328
f 2340 2335 2329
f 2340 2329 2338
f 2333 2340 2339
f 2337 2341 2334
f 2331 2341 2337
f 2331 2339 2341
f 2339 2340 2338
f 2339 2338 2341
f 2342 2343 2344
f 2343 2345 2344
f 2346 2343 2342
f 2347 2348 2343
f 2346 2347 2343
f 2343 2348 2345
f 2342 2344 2349
f 2349 2344 2350
f 2344 2345 2351
f 2344 2351 2350
f 2352 2342 2349
f 2353 2346 2342
f 2353 2342 2352
f 2347 2354 2348
f 2355 2347 2346
f 2356 2354 2347
f 2355 2356 2347
f 2348 2357 2345
f 2354 2358 2348
f 2348 2358 2357
f 2349 2350 2359
f 2360 2349 2359
f 2352 2349 2360
f 2345 2361 2351
f 2345 2357 2361
f 2362 2355 2346
f 2362 2346 2353
f 2359 2350 2363
f 2350 2351 2364
f 2350 2364 2363
f 2356 2365 2354
f 2365 2366 2354
f 2354 2366 2358
f 2367 2356 2355
f 2368 2365 2356
f 2367 2368 2356
f 2360 2359 2369
f 2359 2363 2370
f 2369 2359 2370
f 2351 2371 2364
f 2351 2361 2371
f 2372 2367 2355
f 2372 2355 2362
f 2373 2352 2360
f 2374 2353 2352
f 2374 2352 2373
f 2365 2375 2366
f 2368 2376 2365
f 2376 2375 2365
f 2358 2377 2357
f 2366 2378 2358
f 2358 2378 2377
f 2379 2360 2369
f 2373 2360 2379
f 2370 2363 2380
f 2363 2364 2381
f 2363 2381 2380
f 2357 2382 2361
f 2357 2377 2382
f 2383 2362 2353
f 2383 2353 2374
f 2375 2384 2366
f 2366 2384 2378
f 2369 2370 2385
f 2370 2380 2386
f 2385 2370 2386
f 2387 2368 2367
f 2388 2376 2368
f 2387 2388 2368
f 2364 2389 2381
f 2364 2371 2389
f 2390 2369 2385
f 2379 2369 2390
f 2361 2391 2371
f 2361 2382 2391
f 2392 2387 2367
f 2392 2367 2372
f 2376 2393 2375
f 2388 2394 2376
f 2394 2393 2376
f 2395 2372 2362
f 2395 2362 2383
f 2393 2396 2375
f 2375 2396 2384
f 2386 2380 2397
f 2380 2381 2398
f 2380 2398 2397
f 2385 2386 2399
f 2386 2397 2400
f 2399 2386 2400
f 2401 2388 2387
f 2402 2394 2388
f 2401 2402 2388
f 2381 2403 2398
f 2381 2389 2403
f 2404 2385 2399
f 2390 2385 2404
f 2371 2405 2389
f 2371 2391 2405
f 2378 2406 2377
f 2384 2407 2378
f 2378 2407 2406
f 2408 2401 2387
f 2408 2387 2392
f 2377 2409 2382
f 2377 2406 2409
f 2394 2410 2393
f 2402 2411 2394
f 2411 2410 2394
f 2412 2392 2372
f 2412 2372 2395
f 2400 2397 2413
f 2397 2414 2413
f 2397 2398 2414
f 2393 2415 2396
f 2410 2415 2393
f 2396 2416 2384
f 2384 2416 2407
f 2413 2411 2402
f 2417 2413 2402
f 2417 2402 2401
f 2400 2413 2417
f 2399 2400 2418
f 2418 2400 2417
f 2413 2414 2411
f 2398 2419 2414
f 2398 2403 2419
f 2420 2417 2401
f 2420 2401 2408
f 2382 2421 2391
f 2382 2409 2421
f 2414 2422 2411
f 2411 2422 2410
f 2423 2399 2418
f 2404 2399 2423
f 2418 2417 2420
f 2414 2419 2422
f 2389 2424 2403
f 2389 2405 2424
f 2415 2425 2396
f 2396 2425 2416
f 2426 2408 2392
f 2426 2392 2412
f 2422 2427 2410
f 2410 2427 2415
f 2428 2418 2420
f 2423 2418 2428
f 2403 2429 2419
f 2403 2424 2429
f 2391 2430 2405
f 2391 2421 2430
f 2431 2420 2408
f 2428 2420 2431
f 2431 2408 2426
f 2419 2432 2422
f 2419 2429 2432
f 2422 2432 2427
f 2427 2433 2415
f 2415 2433 2425
f 2407 2434 2406
f 2416 2435 2407
f 2407 2435 2434
f 2406 2436 2409
f 2406 2434 2436
f 2425 2437 2416
f 2416 2437 2435
f 2405 2438 2424
f 2405 2430 2438
f 2432 2439 2427
f 2427 2439 2433
f 2409 2440 2421
f 2409 2436 2440
f 2433 2441 2425
f 2425 2441 2437
f 2424 2442 2429
f 2424 2438 2442
f 2429 2443 2432
f 2432 2443 2439
f 2429 2442 2443
f 2421 2444 2430
f 2421 2440 2444
f 2439 2445 2433
f 2433 2445 2441
f 2430 2446 2438
f 2430 2444 2446
f 2435 2447 2434
f 2437 2448 2435
f 2435 2448 2447
f 2443 2449 2439
f 2439 2449 2445
f 2434 2450 2436
f 2434 2447 2450
f 2441 2451 2437
f 2437 2451 2448
f 2438 2452 2442
f 2438 2446 2452
f 2442 2453 2443
f 2443 2453 2449
f 2436 2454 2440
f 2436 2450 2454
f 2442 2452 2453
f 2445 2455 2441
f 2441 2455 2451
f 2440 2456 2444
f 2440 2454 2456
f 2449 2457 2445
f 2445 2457 2455
f 2444 2458 2446
f 2444 2456 2458
f 2453 2459 2449
f 2449 2459 2457
f 2451 2460 2448
f 2448 2461 2447
f 2448 2460 2461
f 2446 2462 2452
f 2446 2458 2462
f 2452 2463 2453
f 2453 2463 2459
f 2455 2464 2451
f 2451 2464 2460
f 2447 2465 2450
f 2447 2461 2465
f 2452 2462 2463
f 2450 2466 2454
f 2450 2465 2466
f 2457 2467 2455
f 2455 2467 2464
f 2454 2468 2456
f 2454 2466 2468
f 2459 2469 2457
f 2457 2469 2467
f 2456 2470 2458
f 2456 2468 2470
f 2463 2471 2459
f 2459 2471 2469
f 2458 2472 2462
f 2458 2470 2472
f 2462 2473 2463
f 2463 2473 2471
f 2462 2472 2473
f 2464 2474 2460
f 2460 2475 2461
f 2460 2474 2475
f 2467 2476 2464
f 2464 2476 2474
f 2461 2477 2465
f 2461 2475 2477
f 2469 2478 2467
f 2467 2478 2476
f 2465 2479 2466
f 2465 2477 2479
f 2471 2480 2469
f 2469 2480 2478
f 2466 2481 2468
f 2466 2479 2481
f 2473 2482 2471
f 2471 2482 2480
f 2468 2483 2470
f 2468 2481 2483
f 2472 2484 2473
f 2473 2484 2482
f 2470 2485 2472
f 2470 2483 2485
f 2472 2485 2484
f 2476 2486 2474
f 2474 2487 2475
f 2474 2486 2487
f 2478 2488 2476
f 2476 2488 2486
f 2475 2489 2477
f 2475 2487 2489
f 2480 2490 2478
f 2478 2490 2488
f 2477 2491 2479
f 2477 2489 2491
f 2482 2492 2480
f 2480 2492 2490
f 2479 2493 2481
f 2479 2491 2493
f 2484 2494 2482
f 2482 2494 2492
f 2481 2495 2483
f 2481 2493 2495
f 2485 2496 2484
f 2484 2496 2494
f 2483 2497 2485
f 2483 2495 2497
f 2485 2497 2496
f 2488 2498 2486
f 2486 2499 2487
f 2486 2498 2499
f 2490 2500 2488
f 2488 2500 2498
f 2487 2501 2489
f 2487 2499 2501
f 2492 2502 2490
f 2490 2502 2500
f 2489 2503 2491
f 2489 2501 2503
f 2494 2504 2492
f 2492 2504 2502
f 2491 2505 2493
f 2491 2503 2505
f 2496 2506 2494
f 2494 2506 2504
f 2493 2507 2495
f 2493 2505 2507
f 2500 2508 2498
f 2502 2509 2500
f 2500 2509 2508
f 2498 2510 2499
f 2498 2508 2510
f 2497 2511 2496
f 2496 2511 2506
f 2499 2512 2501
f 2499 2510 2512
f 2495 2513 2497
f 2495 2507 2513
f 2497 2513 2511
f 2504 2514 2502
f 2502 2514 2509
f 2501 2515 2503
f 2501 2512 2515
f 2506 2516 2504
f 2504 2516 2514
f 2503 2517 2505
f 2503 2515 2517
f 2511 2518 2506
f 2506 2518 2516
f 2505 2519 2507
f 2505 2517 2519
f 2513 2520 2511
f 2511 2520 2518
f 2507 2521 2513
f 2507 2519 2521
f 2513 2521 2520
f 2509 2522 2508
f 2514 2523 2509
f 2509 2523 2522
f 2508 2524 2510
f 2508 2522 2524
f 2516 2525 2514
f 2514 2525 2523
f 2510 2526 2512
f 2510 2524 2526
f 2518 2527 2516
f 2516 2527 2525
f 2512 2528 2515
f 2512 2526 2528
f 2520 2529 2518
f 2518 2529 2527
f 2515 2530 2517
f 2515 2528 2530
f 2521 2531 2520
f 2520 2531 2529
f 2517 2532 2519
f 2517 2530 2532
f 2519 2533 2521
f 2521 2533 2531
f 2519 2532 2533
f 2523 2534 2522
f 2525 2535 2523
f 2523 2535 2534
f 2522 2536 2524
f 2522 2534 2536
f 2527 2537 2525
f 2525 2537 2535
f 2524 2538 2526
f 2524 2536 2538
f 2529 2539 2527
f 2527 2539 2537
f 2526 2540 2528
f 2526 2538 2540
f 2531 2541 2529
f 2529 2541 2539
f 2528 2542 2530
f 2528 2540 2542
f 2533 2543 2531
f 2531 2543 2541
f 2530 2544 2532
f 2530 2542 2544
f 2532 2545 2533
f 2533 2545 2543
f 2532 2544 2545
f 2535 2546 2534
f 2537 2547 2535
f 2535 2547 2546
f 2534 2548 2536
f 2534 2546 2548
f 2539 2549 2537
f 2537 2549 2547
f 2536 2550 2538
f 2536 2548 2550
f 2541 2551 2539
f 2539 2551 2549
f 2538 2552 2540
f 2538 2550 2552
f 2543 2553 2541
f 2541 2553 2551
f 2540 2554 2542
f 2540 2552 2554
f 2545 2555 2543
f 2543 2555 2553
f 2542 2556 2544
f 2542 2554 2556
f 2544 2557 2545
f 2545 2557 2555
f 2544 2556 2557
f 2547 2558 2546
f 2549 2559 2547
f 2547 2559 2558
f 2546 2560 2548
f 2546 2558 2560
f 2551 2561 2549
f 2549 2561 2559
f 2548 2562 2550
f 2548 2560 2562
f 2553 2563 2551
f 2551 2563 2561
f 2550 2564 2552
f 2550 2562 2564
f 2555 2565 2553
f 2553 2565 2563
f 2552 2566 2554
f 2552 2564 2566
f 2557 2567 2555
f 2555 2567 2565
f 2554 2568 2556
f 2554 2566 2568
f 2556 2569 2557
f 2557 2569 2567
f 2556 2568 2569
f 2561 2570 2559
f 2563 2571 2561
f 2561 2571 2570
f 2559 2572 2558
f 2559 2570 2572
f 2558 2573 2560
f 2558 2572 2573
f 2560 2574 2562
f 2560 2573 2574
f 2565 2575 2563
f 2563 2575 2571
f 2562 2576 2564
f 2562 2574 2576
f 2567 2577 2565
f 2565 2577 2575
f 2564 2578 2566
f 2564 2576 2578
f 2569 2579 2567
f 2567 2579 2577
f 2566 2580 2568
f 2566 2578 2580
f 2568 2581 2569
f 2569 2581 2579
f 2568 2580 2581
f 2570 2582 2572
f 2571 2583 2570
f 2570 2583 2582
f 2572 2584 2573
f 2572 2582 2584
f 2575 2585 2571
f 2571 2585 2583
f 2573 2586 2574
f 2573 2584 2586
f 2577 2587 2575
f 2575 2587 2585
f 2574 2588 2576
f 2574 2586 2588
f 2579 2589 2577
f 2577 2589 2587
f 2576 2590 2578
f 2576 2588 2590
f 2581 2591 2579
f 2579 2591 2589
f 2578 2592 2580
f 2578 2590 2592
f 2580 2593 2581
f 2581 2593 2591
f 2580 2592 2593
f 2583 2594 2582
f 2585 2595 2583
f 2583 2595 2594
f 2582 2596 2584
f 2582 2594 2596
f 2587 2597 2585
f 2585 2597 2595
f 2584 2598 2586
f 2584 2596 2598
f 2589 2599 2587
f 2587 2599 2597
f 2586 2600 2588
f 2586 2598 2600
f 2591 2601 2589
f 2589 2601 2599
f 2588 2602 2590
f 2588 2600 2602
f 2593 2603 2591
f 2591 2603 2601
f 2590 2604 2592
f 2590 2602 2604
f 2592 2605 2593
f 2593 2605 2603
f 2592 2604 2605
f 2595 2606 2594
f 2597 2607 2595
f 2595 2607 2606
f 2594 2608 2596
f 2594 2606 2608
f 2599 2609 2597
f 2597 2609 2607
f 2596 2610 2598
f 2596 2608 2610
f 2601 2611 2599
f 2599 2611 2609
f 2598 2612 2600
f 2598 2610 2612
f 2603 2613 2601
f 2601 2613 2611
f 2600 2614 2602
f 2600 2612 2614
f 2605 2615 2603
f 2603 2615 2613
f 2602 2616 2604
f 2602 2614 2616
f 2604 2617 2605
f 2605 2617 2615
f 2604 2616 2617
f 2607 2618 2606
f 2609 2619 2607
f 2607 2619 2618
f 2606 2620 2608
f 2606 2618 2620
f 2611 2621 2609
f 2609 2621 2619
f 2608 2622 2610
f 2608 2620 2622
f 2613 2623 2611
f 2611 2623 2621
f 2610 2624 2612
f 2610 2622 2624
f 2615 2625 2613
f 2613 2625 2623
f 2612 2626 2614
f 2612 2624 2626
f 2617 2627 2615
f 2615 2627 2625
f 2614 2628 2616
f 2614 2626 2628
f 2616 2629 2617
f 2617 2629 2627
f 2616 2628 2629
f 2619 2630 2618
f 2618 2631 2620
f 2618 2630 2631
f 2621 2632 2619
f 2619 2632 2630
f 2620 2633 2622
f 2620 2631 2633
f 2623 2634 2621
f 2621 2634 2632
f 2622 2635 2624
f 2622 2633 2635
f 2625 2636 2623
f 2623 2636 2634
f 2624 2637 2626
f 2624 2635 2637
f 2627 2638 2625
f 2625 2638 2636
f 2626 2639 2628
f 2626 2637 2639
f 2632 2640 2630
f 2630 2641 2631
f 2630 2640 2641
f 2629 2642 2627
f 2627 2642 2638
f 2634 2643 2632
f 2632 2643 2640
f 2631 2644 2633
f 2631 2641 2644
f 2628 2645 2629
f 2628 2639 2645
f 2629 2645 2642
f 2636 2646 2634
f 2634 2646 2643
f 2633 2647 2635
f 2633 2644 2647
f 2638 2648 2636
f 2636 2648 2646
f 2635 2649 2637
f 2635 2647 2649
f 2642 2650 2638
f 2638 2650 2648
f 2637 2651 2639
f 2637 2649 2651
f 2645 2652 2642
f 2642 2652 2650
f 2639 2653 2645
f 2639 2651 2653
f 2645 2653 2652
f 2643 2654 2640
f 2640 2655 2641
f 2640 2654 2655
f 2646 2656 2643
f 2643 2656 2654
f 2641 2657 2644
f 2641 2655 2657
f 2648 2658 2646
f 2646 2658 2656
f 2644 2659 2647
f 2644 2657 2659
f 2650 2660 2648
f 2648 2660 2658
f 2647 2661 2649
f 2647 2659 2661
f 2652 2662 2650
f 2650 2662 2660
f 2649 2663 2651
f 2649 2661 2663
f 2653 2664 2652
f 2652 2664 2662
f 2651 2665 2653
f 2651 2663 2665
f 2653 2665 2664
f 2654 2666 2655
f 2656 2667 2654
f 2654 2667 2666
f 2655 2668 2657
f 2655 2666 2668
f 2658 2669 2656
f 2656 2669 2667
f 2657 2670 2659
f 2657 2668 2670
f 2660 2671 2658
f 2658 2671 2669
f 2659 2672 2661
f 2659 2670 2672
f 2662 2673 2660
f 2660 2673 2671
f 2674 2675 2676
f 2677 2674 2676
f 2674 2678 2675
f 2679 2678 2674
f 2680 2679 2674
f 2680 2674 2677
f 2676 2681 2682
f 2683 2676 2682
f 2676 2675 2681
f 2677 2676 2683
f 2682 2684 2685
f 2686 2682 2685
f 2682 2681 2684
f 2683 2682 2686
f 2685 2687 2688
f 2689 2685 2688
f 2685 2684 2687
f 2686 2685 2689
f 2688 2687 2690
f 2688 2690 2691
f 2692 2688 2691
f 2689 2688 2692
f 2679 2693 2678
f 2694 2695 2693
f 2694 2693 2679
f 2696 2697 2695
f 2696 2695 2694
f 2698 2699 2697
f 2698 2697 2696
f 2700 2701 2699
f 2700 2699 2698
f 2702 2703 2701
f 2702 2701 2700
f 2691 2690 2703
f 2691 2703 2702
f 2704 2691 2702
f 2692 2691 2704
f 2705 2694 2679
f 2705 2679 2680
f 2706 2702 2700
f 2707 2700 2698
f 2706 2700 2707
f 2704 2702 2706
f 2708 2696 2694
f 2708 2694 2705
f 2709 2698 2696
f 2709 2696 2708
f 2707 2698 2709
f 2661 2710 2663
f 2661 2672 2710
f 2664 2711 2662
f 2662 2711 2673
f 2712 2686 2689
f 2713 2689 2692
f 2712 2689 2713
f 2714 2683 2686
f 2714 2686 2712
f 2715 2677 2683
f 2715 2683 2714
f 2716 2692 2704
f 2713 2692 2716
f 2717 2680 2677
f 2717 2677 2715
f 2718 2704 2706
f 2716 2704 2718
f 2719 2705 2680
f 2719 2680 2717
f 2720 2706 2707
f 2718 2706 2720
f 2721 2707 2709
f 2720 2707 2721
f 2722 2709 2708
f 2721 2709 2722
f 2723 2708 2705
f 2723 2705 2719
f 2722 2708 2723
f 2663 2724 2665
f 2663 2710 2724
f 2665 2725 2664
f 2664 2725 2711
f 2665 2724 2725
f 2726 2712 2713
f 2727 2713 2716
f 2726 2713 2727
f 2728 2714 2712
f 2728 2712 2726
f 2729 2715 2714
f 2729 2714 2728
f 2730 2716 2718
f 2727 2716 2730
f 2731 2717 2715
f 2731 2715 2729
f 2732 2718 2720
f 2730 2718 2732
f 2733 2719 2717
f 2733 2717 2731
f 2734 2720 2721
f 2732 2720 2734
f 2735 2723 2719
f 2735 2719 2733
f 2736 2721 2722
f 2734 2721 2736
f 2737 2722 2723
f 2736 2722 2737
f 2737 2723 2735
f 2667 2738 2666
f 2669 2739 2667
f 2667 2739 2738
f 2666 2740 2668
f 2666 2738 2740
f 2671 2741 2669
f 2669 2741 2739
f 2742 2726 2727
f 2743 2727 2730
f 2742 2727 2743
f 2744 2728 2726
f 2744 2726 2742
f 2745 2729 2728
f 2745 2728 2744
f 2746 2730 2732
f 2743 2730 2746
f 2747 2731 2729
f 2747 2729 2745
f 2748 2732 2734
f 2746 2732 2748
f 2749 2733 2731
f 2749 2731 2747
f 2668 2750 2670
f 2668 2740 2750
f 2751 2734 2736
f 2748 2734 2751
f 2752 2735 2733
f 2752 2733 2749
f 2673 2753 2671
f 2671 2753 2741
f 2754 2736 2737
f 2751 2736 2754
f 2755 2737 2735
f 2754 2737 2755
f 2755 2735 2752
f 2670 2756 2672
f 2670 2750 2756
f 2711 2757 2673
f 2673 2757 2753
f 2758 2742 2743
f 2759 2743 2746
f 2758 2743 2759
f 2760 2744 2742
f 2760 2742 2758
f 2761 2745 2744
f 2761 2744 2760
f 2762 2746 2748
f 2759 2746 2762
f 2763 2747 2745
f 2763 2745 2761
f 2764 2748 2751
f 2762 2748 2764
f 2765 2749 2747
f 2765 2747 2763
f 2766 2751 2754
f 2764 2751 2766
f 2767 2752 2749
f 2767 2749 2765
f 2768 2754 2755
f 2766 2754 2768
f 2769 2755 2752
f 2768 2755 2769
f 2769 2752 2767
f 2672 2770 2710
f 2672 2756 2770
f 2725 2771 2711
f 2711 2771 2757
f 2724 2772 2725
f 2725 2772 2771
f 2710 2773 2724
f 2710 2770 2773
f 2774 2759 2762
f 2775 2762 2764
f 2774 2762 2775
f 2776 2758 2759
f 2776 2759 2774
f 2777 2760 2758
f 2777 2758 2776
f 2778 2761 2760
f 2778 2760 2777
f 2779 2763 2761
f 2779 2761 2778
f 2724 2773 2772
f 2780 2764 2766
f 2775 2764 2780
f 2781 2765 2763
f 2781 2763 2779
f 2741 2782 2739
f 2739 2783 2738
f 2739 2782 2783
f 2784 2766 2768
f 2780 2766 2784
f 2785 2767 2765
f 2785 2765 2781
f 2753 2786 2741
f 2741 2786 2782
f 2738 2787 2740
f 2738 2783 2787
f 2788 2768 2769
f 2784 2768 2788
f 2789 2769 2767
f 2788 2769 2789
f 2789 2767 2785
f 2740 2790 2750
f 2740 2787 2790
f 2757 2791 2753
f 2753 2791 2786
f 2792 2774 2775
f 2793 2775 2780
f 2792 2775 2793
f 2794 2776 2774
f 2794 2774 2792
f 2795 2777 2776
f 2795 2776 2794
f 2796 2778 2777
f 2796 2777 2795
f 2797 2779 2778
f 2797 2778 2796
f 2798 2780 2784
f 2793 2780 2798
f 2799 2781 2779
f 2799 2779 2797
f 2750 2800 2756
f 2750 2790 2800
f 2801 2784 2788
f 2798 2784 2801
f 2802 2785 2781
f 2802 2781 2799
f 2771 2803 2757
f 2757 2803 2791
f 2804 2788 2789
f 2801 2788 2804
f 2805 2789 2785
f 2804 2789 2805
f 2805 2785 2802
f 2756 2806 2770
f 2756 2800 2806
f 2807 2794 2792
f 2808 2795 2794
f 2808 2794 2807
f 2809 2792 2793
f 2807 2792 2809
f 2810 2796 2795
f 2810 2795 2808
f 2772 2811 2771
f 2771 2811 2803
f 2812 2793 2798
f 2809 2793 2812
f 2813 2797 2796
f 2813 2796 2810
f 2814 2798 2801
f 2812 2798 2814
f 2815 2799 2797
f 2815 2797 2813
f 2782 2816 2783
f 2786 2817 2782
f 2782 2817 2816
f 2770 2818 2773
f 2770 2806 2818
f 2783 2819 2787
f 2783 2816 2819
f 2820 2801 2804
f 2814 2801 2820
f 2821 2802 2799
f 2821 2799 2815
f 2773 2822 2772
f 2772 2822 2811
f 2791 2823 2786
f 2786 2823 2817
f 2824 2804 2805
f 2820 2804 2824
f 2825 2805 2802
f 2825 2802 2821
f 2824 2805 2825
f 2773 2818 2822
f 2787 2826 2790
f 2787 2819 2826
f 2827 2807 2809
f 2828 2809 2812
f 2827 2809 2828
f 2829 2808 2807
f 2829 2807 2827
f 2830 2810 2808
f 2830 2808 2829
f 2803 2831 2791
f 2791 2831 2823
f 2832 2812 2814
f 2828 2812 2832
f 2833 2813 2810
f 2833 2810 2830
f 2834 2814 2820
f 2832 2814 2834
f 2835 2815 2813
f 2835 2813 2833
f 2790 2836 2800
f 2790 2826 2836
f 2837 2820 2824
f 2834 2820 2837
f 2838 2821 2815
f 2838 2815 2835
f 2839 2824 2825
f 2837 2824 2839
f 2840 2825 2821
f 2840 2821 2838
f 2811 2841 2803
f 2803 2841 2831
f 2842 2827 2828
f 2843 2829 2827
f 2843 2827 2842
f 2839 2825 2840
f 2844 2828 2832
f 2842 2828 2844
f 2845 2830 2829
f 2845 2829 2843
f 2846 2832 2834
f 2844 2832 2846
f 2847 2833 2830
f 2847 2830 2845
f 2800 2848 2806
f 2800 2836 2848
f 2817 2849 2816
f 2823 2850 2817
f 2817 2850 2849
f 2851 2834 2837
f 2846 2834 2851
f 2816 2852 2819
f 2816 2849 2852
f 2853 2835 2833
f 2853 2833 2847
f 2822 2854 2811
f 2811 2854 2841
f 2831 2855 2823
f 2823 2855 2850
f 2856 2842 2844
f 2857 2843 2842
f 2857 2842 2856
f 2858 2837 2839
f 2851 2837 2858
f 2859 2844 2846
f 2856 2844 2859
f 2860 2845 2843
f 2860 2843 2857
f 2861 2838 2835
f 2861 2835 2853
f 2859 2846 2862
f 2862 2846 2851
f 2863 2839 2840
f 2858 2839 2863
f 2864 2840 2838
f 2864 2838 2861
f 2806 2865 2818
f 2806 2848 2865
f 2819 2866 2826
f 2819 2852 2866
f 2867 2847 2845
f 2867 2845 2860
f 2863 2840 2864
f 2818 2868 2822
f 2822 2868 2854
f 2841 2869 2831
f 2831 2869 2855
f 2870 2856 2859
f 2871 2859 2862
f 2870 2859 2871
f 2872 2857 2856
f 2872 2856 2870
f 2873 2860 2857
f 2873 2857 2872
f 2862 2851 2874
f 2874 2851 2858
f 2818 2865 2868
f 2875 2862 2874
f 2871 2862 2875
f 2876 2853 2847
f 2876 2847 2867
f 2877 2867 2860
f 2877 2860 2873
f 2874 2858 2878
f 2878 2858 2863
f 2879 2861 2853
f 2879 2853 2876
f 2880 2874 2878
f 2875 2874 2880
f 2826 2881 2836
f 2826 2866 2881
f 2882 2876 2867
f 2882 2867 2877
f 2883 2863 2864
f 2878 2863 2883
f 2884 2864 2861
f 2884 2861 2879
f 2883 2864 2884
f 2854 2885 2841
f 2841 2885 2869
f 2850 2886 2849
f 2855 2887 2850
f 2850 2887 2886
f 2888 2878 2883
f 2880 2878 2888
f 2849 2889 2852
f 2849 2886 2889
f 2890 2879 2876
f 2890 2876 2882
f 2869 2891 2855
f 2855 2891 2887
f 2892 2870 2871
f 2893 2872 2870
f 2893 2870 2892
f 2894 2883 2884
f 2888 2883 2894
f 2895 2884 2879
f 2895 2879 2890
f 2896 2871 2875
f 2892 2871 2896
f 2894 2884 2895
f 2836 2897 2848
f 2836 2881 2897
f 2898 2873 2872
f 2898 2872 2893
f 2852 2899 2866
f 2852 2889 2899
f 2896 2875 2900
f 2900 2875 2880
f 2868 2901 2854
f 2854 2901 2885
f 2869 2902 2891
f 2885 2902 2869
f 2903 2877 2873
f 2903 2873 2898
f 2887 2904 2886
f 2891 2905 2887
f 2887 2905 2904
f 2848 2906 2865
f 2848 2897 2906
f 2865 2907 2868
f 2868 2907 2901
f 2866 2908 2881
f 2866 2899 2908
f 2886 2909 2889
f 2886 2904 2909
f 2891 2910 2905
f 2902 2910 2891
f 2905 2892 2896
f 2905 2896 2904
f 2904 2896 2900
f 2910 2893 2892
f 2910 2892 2905
f 2911 2893 2910
f 2911 2898 2893
f 2900 2880 2912
f 2912 2880 2888
f 2913 2882 2877
f 2913 2877 2903
f 2865 2906 2907
f 2889 2909 2914
f 2889 2914 2899
f 2904 2900 2909
f 2909 2900 2912
f 2915 2888 2894
f 2912 2888 2915
f 2885 2916 2902
f 2901 2916 2885
f 2902 2911 2910
f 2917 2898 2911
f 2917 2903 2898
f 2918 2890 2882
f 2918 2882 2913
f 2916 2911 2902
f 2909 2912 2914
f 2919 2894 2895
f 2915 2894 2919
f 2920 2895 2890
f 2920 2890 2918
f 2881 2921 2897
f 2881 2908 2921
f 2916 2917 2911
f 2914 2912 2915
f 2919 2895 2920
f 2899 2914 2922
f 2899 2922 2908
f 2901 2923 2916
f 2907 2923 2901
f 2924 2903 2917
f 2924 2913 2903
f 2914 2915 2922
f 2923 2917 2916
f 2922 2915 2919
f 2897 2925 2906
f 2897 2921 2925
f 2923 2924 2917
f 2926 2918 2913
f 2926 2913 2924
f 2906 2927 2907
f 2907 2927 2923
f 2908 2922 2928
f 2908 2928 2921
f 2906 2925 2927
f 2922 2919 2928
f 2928 2919 2920
f 2927 2924 2923
f 2929 2920 2918
f 2929 2918 2926
f 2928 2920 2929
f 2927 2926 2924
f 2921 2928 2929
f 2921 2929 2925
f 2925 2926 2927
f 2925 2929 2926
f 2930 2931 2932
f 2933 2934 2931
f 2933 2931 2930
f 2935 2932 2936
f 2930 2932 2935
f 2937 2938 2934
f 2937 2934 2933
f 2939 2936 2940
f 2935 2936 2939
f 2941 2942 2938
f 2941 2938 2937
f 2943 2940 2944
f 2939 2940 2943
f 2945 2946 2942
f 2945 2942 2941
f 2947 2944 2948
f 2943 2944 2947
f 2949 2950 2946
f 2949 2946 2945
f 2951 2948 2952
f 2947 2948 2951
f 2953 2952 2950
f 2953 2950 2949
f 2951 2952 2953
f 2954 2930 2935
f 2955 2933 2930
f 2955 2930 2954
f 2956 2935 2939
f 2954 2935 2956
f 2957 2939 2943
f 2956 2939 2957
f 2958 2937 2933
f 2958 2933 2955
f 2959 2943 2947
f 2957 2943 2959
f 2960 2941 2937
f 2960 2937 2958
f 2961 2947 2951
f 2959 2947 2961
f 2962 2945 2941
f 2962 2941 2960
f 2963 2951 2953
f 2961 2951 2963
f 2964 2949 2945
f 2964 2945 2962
f 2965 2953 2949
f 2965 2949 2964
f 2963 2953 2965
f 2966 2954 2956
f 2967 2956 2957
f 2966 2956 2967
f 2968 2955 2954
f 2968 2954 2966
f 2969 2957 2959
f 2967 2957 2969
f 2970 2958 2955
f 2970 2955 2968
f 2971 2959 2961
f 2969 2959 2971
f 2972 2960 2958
f 2972 2958 2970
f 2973 2961 2963
f 2971 2961 2973
f 2974 2962 2960
f 2974 2960 2972
f 2975 2963 2965
f 2973 2963 2975
f 2976 2964 2962
f 2976 2962 2974
f 2977 2965 2964
f 2975 2965 2977
f 2977 2964 2976
f 2978 2967 2969
f 2979 2966 2967
f 2979 2967 2978
f 2980 2969 2971
f 2978 2969 2980
f 2981 2968 2966
f 2981 2966 2979
f 2982 2971 2973
f 2980 2971 2982
f 2983 2970 2968
f 2983 2968 2981
f 2984 2973 2975
f 2982 2973 2984
f 2985 2972 2970
f 2985 2970 2983
f 2986 2975 2977
f 2984 2975 2986
f 2987 2974 2972
f 2987 2972 2985
f 2988 2977 2976
f 2986 2977 2988
f 2989 2976 2974
f 2989 2974 2987
f 2988 2976 2989
f 2990 2978 2980
f 2991 2979 2978
f 2991 2978 2990
f 2992 2980 2982
f 2990 2980 2992
f 2993 2981 2979
f 2993 2979 2991
f 2994 2982 2984
f 2992 2982 2994
f 2995 2983 2981
f 2995 2981 2993
f 2996 2984 2986
f 2994 2984 2996
f 2997 2985 2983
f 2997 2983 2995
f 2998 2986 2988
f 2996 2986 2998
f 2999 2987 2985
f 2999 2985 2997
f 3000 2988 2989
f 2998 2988 3000
f 3001 2989 2987
f 3001 2987 2999
f 3000 2989 3001
f 3002 2990 2992
f 3003 2991 2990
f 3003 2990 3002
f 3004 2992 2994
f 3002 2992 3004
f 3005 2993 2991
f 3005 2991 3003
f 3006 2994 2996
f 3004 2994 3006
f 3007 2996 2998
f 3006 2996 3007
f 3008 2995 2993
f 3008 2993 3005
f 3009 2997 2995
f 3009 2995 3008
f 3010 2998 3000
f 3007 2998 3010
f 3011 3000 3001
f 3010 3000 3011
f 3012 2999 2997
f 3012 2997 3009
f 3013 3001 2999
f 3013 2999 3012
f 3011 3001 3013
f 3014 3002 3004
f 3015 3004 3006
f 3014 3004 3015
f 3016 3003 3002
f 3016 3002 3014
f 3017 3006 3007
f 3015 3006 3017
f 3018 3005 3003
f 3018 3003 3016
f 3019 3007 3010
f 3017 3007 3019
f 3020 3008 3005
f 3020 3005 3018
f 3021 3010 3011
f 3019 3010 3021
f 3022 3009 3008
f 3022 3008 3020
f 3023 3011 3013
f 3021 3011 3023
f 3024 3012 3009
f 3024 3009 3022
f 3025 3013 3012
f 3025 3012 3024
f 3023 3013 3025
f 3026 3014 3015
f 3027 3015 3017
f 3026 3015 3027
f 3028 3016 3014
f 3028 3014 3026
f 3029 3017 3019
f 3027 3017 3029
f 3030 3018 3016
f 3030 3016 3028
f 3031 3019 3021
f 3029 3019 3031
f 3032 3020 3018
f 3032 3018 3030
f 3033 3021 3023
f 3031 3021 3033
f 3034 3022 3020
f 3034 3020 3032
f 3035 3023 3025
f 3033 3023 3035
f 3036 3024 3022
f 3036 3022 3034
f 3037 3025 3024
f 3035 3025 3037
f 3037 3024 3036
f 3038 3026 3027
f 3039 3028 3026
f 3039 3026 3038
f 3040 3027 3029
f 3038 3027 3040
f 3041 3029 3031
f 3040 3029 3041
f 3042 3030 3028
f 3042 3028 3039
f 3043 3031 3033
f 3041 3031 3043
f 3044 3032 3030
f 3044 3030 3042
f 3045 3033 3035
f 3043 3033 3045
f 3046 3034 3032
f 3046 3032 3044
f 3047 3035 3037
f 3045 3035 3047
f 3048 3036 3034
f 3048 3034 3046
f 3049 3037 3036
f 3047 3037 3049
f 3049 3036 3048
f 3050 3038 3040
f 3051 3040 3041
f 3050 3040 3051
f 3052 3039 3038
f 3052 3038 3050
f 3053 3041 3043
f 3051 3041 3053
f 3054 3042 3039
f 3054 3039 3052
f 3055 3043 3045
f 3053 3043 3055
f 3056 3044 3042
f 3056 3042 3054
f 3057 3045 3047
f 3055 3045 3057
f 3058 3046 3044
f 3058 3044 3056
f 3059 3047 3049
f 3057 3047 3059
f 3060 3048 3046
f 3060 3046 3058
f 3061 3049 3048
f 3061 3048 3060
f 3059 3049 3061
f 3062 3050 3051
f 3063 3052 3050
f 3063 3050 3062
f 3064 3051 3053
f 3062 3051 3064
f 3065 3053 3055
f 3064 3053 3065
f 3066 3054 3052
f 3066 3052 3063
f 3067 3056 3054
f 3067 3054 3066
f 3068 3055 3057
f 3065 3055 3068
f 3069 3057 3059
f 3068 3057 3069
f 3070 3058 3056
f 3070 3056 3067
f 3071 3059 3061
f 3069 3059 3071
f 3072 3060 3058
f 3072 3058 3070
f 3073 3061 3060
f 3073 3060 3072
f 3071 3061 3073
f 3074 3063 3062
f 3075 3066 3063
f 3075 3063 3074
f 3076 3062 3064
f 3074 3062 3076
f 3077 3064 3065
f 3076 3064 3077
f 3078 3065 3068
f 3077 3065 3078
f 3079 3067 3066
f 3079 3066 3075
f 3080 3068 3069
f 3078 3068 3080
f 3081 3070 3067
f 3081 3067 3079
f 3082 3069 3071
f 3080 3069 3082
f 3083 3076 3077
f 3084 3074 3076
f 3084 3076 3083
f 3085 3077 3078
f 3083 3077 3085
f 3086 3072 3070
f 3086 3070 3081
f 3087 3071 3073
f 3082 3071 3087
f 3088 3073 3072
f 3088 3072 3086
f 3087 3073 3088
f 3089 3075 3074
f 3089 3074 3084
f 3090 3078 3080
f 3085 3078 3090
f 3091 3079 3075
f 3091 3075 3089
f 3092 3080 3082
f 3090 3080 3092
f 3093 3081 3079
f 3093 3079 3091
f 3094 3082 3087
f 3092 3082 3094
f 3095 3086 3081
f 3095 3081 3093
f 3096 3087 3088
f 3094 3087 3096
f 3097 3088 3086
f 3097 3086 3095
f 3096 3088 3097
f 3098 3083 3085
f 3099 3084 3083
f 3099 3083 3098
f 3100 3085 3090
f 3098 3085 3100
f 3101 3089 3084
f 3101 3084 3099
f 3102 3090 3092
f 3100 3090 3102
f 3103 3091 3089
f 3103 3089 3101
f 3104 3092 3094
f 3102 3092 3104
f 3105 3093 3091
f 3105 3091 3103
f 3106 3094 3096
f 3104 3094 3106
f 3107 3095 3093
f 3107 3093 3105
f 3108 3096 3097
f 3106 3096 3108
f 3109 3097 3095
f 3109 3095 3107
f 3108 3097 3109
f 3110 3098 3100
f 3111 3099 3098
f 3111 3098 3110
f 3112 3100 3102
f 3110 3100 3112
f 3113 3101 3099
f 3113 3099 3111
f 3114 3102 3104
f 3112 3102 3114
f 3115 3103 3101
f 3115 3101 3113
f 3116 3104 3106
f 3114 3104 3116
f 3117 3105 3103
f 3117 3103 3115
f 3118 3106 3108
f 3116 3106 3118
f 3119 3107 3105
f 3119 3105 3117
f 3120 3108 3109
f 3118 3108 3120
f 3121 3109 3107
f 3121 3107 3119
f 3120 3109 3121
f 3122 3110 3112
f 3123 3111 3110
f 3123 3110 3122
f 3124 3112 3114
f 3122 3112 3124
f 3125 3114 3116
f 3124 3114 3125
f 3126 3113 3111
f 3126 3111 3123
f 3127 3116 3118
f 3125 3116 3127
f 3128 3115 3113
f 3128 3113 3126
f 3129 3118 3120
f 3127 3118 3129
f 3130 3117 3115
f 3130 3115 3128
f 3131 3120 3121
f 3129 3120 3131
f 3132 3119 3117
f 3132 3117 3130
f 3133 3121 3119
f 3133 3119 3132
f 3131 3121 3133
f 3134 3122 3124
f 3135 3124 3125
f 3134 3124 3135
f 3136 3123 3122
f 3136 3122 3134
f 3137 3125 3127
f 3135 3125 3137
f 3138 3126 3123
f 3138 3123 3136
f 3139 3127 3129
f 3137 3127 3139
f 3140 3128 3126
f 3140 3126 3138
f 3141 3129 3131
f 3139 3129 3141
f 3142 3130 3128
f 3142 3128 3140
f 3143 3131 3133
f 3141 3131 3143
f 3144 3132 3130
f 3144 3130 3142
f 3145 3133 3132
f 3143 3133 3145
f 3145 3132 3144
f 3146 3134 3135
f 3147 3136 3134
f 3147 3134 3146
f 3148 3135 3137
f 3146 3135 3148
f 3149 3137 3139
f 3148 3137 3149
f 3150 3138 3136
f 3150 3136 3147
f 3151 3139 3141
f 3149 3139 3151
f 3152 3140 3138
f 3152 3138 3150
f 3153 3141 3143
f 3151 3141 3153
f 3154 3142 3140
f 3154 3140 3152
f 3155 3143 3145
f 3153 3143 3155
f 3156 3144 3142
f 3156 3142 3154
f 3157 3145 3144
f 3155 3145 3157
f 3157 3144 3156
f 3158 3146 3148
f 3159 3148 3149
f 3158 3148 3159
f 3160 3147 3146
f 3160 3146 3158
f 3161 3149 3151
f 3159 3149 3161
f 3162 3150 3147
f 3162 3147 3160
f 3163 3152 3150
f 3163 3150 3162
f 3164 3151 3153
f 3161 3151 3164
f 3165 3153 3155
f 3164 3153 3165
f 3166 3154 3152
f 3166 3152 3163
f 3167 3155 3157
f 3165 3155 3167
f 3168 3156 3154
f 3168 3154 3166
f 3169 3157 3156
f 3169 3156 3168
f 3167 3157 3169
f 3170 3158 3159
f 3171 3159 3161
f 3170 3159 3171
f 3172 3160 3158
f 3172 3158 3170
f 3173 3161 3164
f 3171 3161 3173
f 3174 3162 3160
f 3174 3160 3172
f 3175 3164 3165
f 3173 3164 3175
f 3176 3163 3162
f 3176 3162 3174
f 3177 3165 3167
f 3175 3165 3177
f 3178 3166 3163
f 3178 3163 3176
f 3179 3167 3169
f 3177 3167 3179
f 3180 3168 3166
f 3180 3166 3178
f 3181 3169 3168
f 3179 3169 3181
f 3181 3168 3180
f 3182 3170 3171
f 3183 3171 3173
f 3182 3171 3183
f 3184 3172 3170
f 3184 3170 3182
f 3185 3173 3175
f 3183 3173 3185
f 3186 3174 3172
f 3186 3172 3184
f 3187 3175 3177
f 3185 3175 3187
f 3188 3176 3174
f 3188 3174 3186
f 3189 3177 3179
f 3187 3177 3189
f 3190 3178 3176
f 3190 3176 3188
f 3191 3179 3181
f 3189 3179 3191
f 3192 3180 3178
f 3192 3178 3190
f 3193 3181 3180
f 3191 3181 3193
f 3193 3180 3192
f 3194 3182 3183
f 3195 3184 3182
f 3195 3182 3194
f 3196 3183 3185
f 3194 3183 3196
f 3197 3185 3187
f 3196 3185 3197
f 3198 3186 3184
f 3198 3184 3195
f 3199 3187 3189
f 3197 3187 3199
f 3200 3188 3186
f 3200 3186 3198
f 3201 3189 3191
f 3199 3189 3201
f 3202 3190 3188
f 3202 3188 3200
f 3203 3191 3193
f 3201 3191 3203
f 3204 3194 3196
f 3205 3196 3197
f 3204 3196 3205
f 3206 3192 3190
f 3206 3190 3202
f 3207 3193 3192
f 3203 3193 3207
f 3208 3195 3194
f 3208 3194 3204
f 3209 3197 3199
f 3205 3197 3209
f 3207 3192 3206
f 3210 3205 3211
f 3211 3209 3212
f 3211 3205 3209
f 3213 3204 3210
f 3210 3204 3205
f 3212 3214 3215
f 3212 3209 3214
f 3216 3198 3195
f 3216 3195 3208
f 3209 3199 3214
f 3214 3199 3201
f 3213 3208 3204
f 3217 3208 3213
f 3215 3218 3219
f 3215 3214 3218
f 3220 3200 3198
f 3220 3198 3216
f 3214 3201 3218
f 3218 3201 3203
f 3217 3216 3208
f 3221 3216 3217
f 3219 3222 3223
f 3219 3218 3222
f 3224 3202 3200
f 3224 3200 3220
f 3218 3203 3222
f 3222 3203 3207
f 3221 3220 3216
f 3225 3220 3221
f 3223 3226 3227
f 3223 3222 3226
f 3228 3206 3202
f 3228 3202 3224
f 3226 3207 3206
f 3222 3207 3226
f 3226 3206 3228
f 3229 3224 3225
f 3225 3224 3220
f 3227 3228 3229
f 3227 3226 3228
f 3229 3228 3224
f 3230 3231 3232
f 3233 3234 3231
f 3233 3231 3230
f 3235 3232 3236
f 3230 3232 3235
f 3237 3238 3234
f 3237 3234 3233
f 3239 3236 3240
f 3235 3236 3239
f 3241 3242 3238
f 3241 3238 3237
f 3243 3240 3244
f 3239 3240 3243
f 3245 3246 3242
f 3245 3242 3241
f 3247 3244 3248
f 3243 3244 3247
f 3249 3250 3246
f 3249 3246 3245
f 3251 3248 3252
f 3247 3248 3251
f 3253 3252 3250
f 3253 3250 3249
f 3251 3252 3253
f 3254 3230 3235
f 3255 3233 3230
f 3255 3230 3254
f 3256 3235 3239
f 3254 3235 3256
f 3257 3239 3243
f 3256 3239 3257
f 3258 3237 3233
f 3258 3233 3255
f 3259 3243 3247
f 3257 3243 3259
f 3260 3241 3237
f 3260 3237 3258
f 3261 3247 3251
f 3259 3247 3261
f 3262 3245 3241
f 3262 3241 3260
f 3263 3251 3253
f 3261 3251 3263
f 3264 3249 3245
f 3264 3245 3262
f 3265 3253 3249
f 3263 3253 3265
f 3265 3249 3264
f 3266 3254 3256
f 3267 3256 3257
f 3266 3256 3267
f 3268 3255 3254
f 3268 3254 3266
f 3269 3257 3259
f 3267 3257 3269
f 3270 3258 3255
f 3270 3255 3268
f 3271 3259 3261
f 3269 3259 3271
f 3272 3260 3258
f 3272 3258 3270
f 3273 3261 3263
f 3271 3261 3273
f 3274 3262 3260
f 3274 3260 3272
f 3275 3263 3265
f 3273 3263 3275
f 3276 3264 3262
f 3276 3262 3274
f 3277 3265 3264
f 3275 3265 3277
f 3277 3264 3276
f 3278 3266 3267
f 3279 3267 3269
f 3278 3267 3279
f 3280 3268 3266
f 3280 3266 3278
f 3281 3269 3271
f 3279 3269 3281
f 3282 3270 3268
f 3282 3268 3280
f 3283 3271 3273
f 3281 3271 3283
f 3284 3272 3270
f 3284 3270 3282
f 3285 3273 3275
f 3283 3273 3285
f 3286 3274 3272
f 3286 3272 3284
f 3287 3275 3277
f 3285 3275 3287
f 3288 3276 3274
f 3288 3274 3286
f 3289 3277 3276
f 3287 3277 3289
f 3289 3276 3288
f 3290 3278 3279
f 3291 3279 3281
f 3290 3279 3291
f 3292 3280 3278
f 3292 3278 3290
f 3293 3281 3283
f 3291 3281 3293
f 3294 3282 3280
f 3294 3280 3292
f 3295 3283 3285
f 3293 3283 3295
f 3296 3284 3282
f 3296 3282 3294
f 3297 3285 3287
f 3295 3285 3297
f 3298 3286 3284
f 3298 3284 3296
f 3299 3287 3289
f 3297 3287 3299
f 3300 3288 3286
f 3300 3286 3298
f 3301 3289 3288
f 3299 3289 3301
f 3301 3288 3300
f 3302 3291 3293
f 3303 3290 3291
f 3303 3291 3302
f 3304 3293 3295
f 3302 3293 3304
f 3305 3292 3290
f 3305 3290 3303
f 3306 3294 3292
f 3306 3292 3305
f 3307 3295 3297
f 3304 3295 3307
f 3308 3296 3294
f 3308 3294 3306
f 3309 3297 3299
f 3307 3297 3309
f 3310 3299 3301
f 3309 3299 3310
f 3311 3298 3296
f 3311 3296 3308
f 3312 3300 3298
f 3312 3298 3311
f 3313 3301 3300
f 3310 3301 3313
f 3313 3300 3312
f 3314 3303 3302
f 3315 3302 3304
f 3314 3302 3315
f 3316 3305 3303
f 3316 3303 3314
f 3317 3304 3307
f 3315 3304 3317
f 3318 3306 3305
f 3318 3305 3316
f 3319 3307 3309
f 3317 3307 3319
f 3320 3308 3306
f 3320 3306 3318
f 3321 3309 3310
f 3319 3309 3321
f 3322 3311 3308
f 3322 3308 3320
f 3323 3310 3313
f 3321 3310 3323
f 3324 3313 3312
f 3323 3313 3324
f 3325 3312 3311
f 3325 3311 3322
f 3324 3312 3325
f 3326 3315 3317
f 3327 3314 3315
f 3327 3315 3326
f 3328 3317 3319
f 3326 3317 3328
f 3329 3316 3314
f 3329 3314 3327
f 3330 3319 3321
f 3328 3319 3330
f 3331 3318 3316
f 3331 3316 3329
f 3332 3320 3318
f 3332 3318 3331
f 3333 3321 3323
f 3330 3321 3333
f 3334 3323 3324
f 3333 3323 3334
f 3335 3322 3320
f 3335 3320 3332
f 3336 3326 3328
f 3337 3327 3326
f 3337 3326 3336
f 3338 3324 3325
f 3334 3324 3338
f 3339 3325 3322
f 3339 3322 3335
f 3340 3328 3330
f 3336 3328 3340
f 3341 3329 3327
f 3341 3327 3337
f 3338 3325 3339
f 3342 3331 3329
f 3342 3329 3341
f 3343 3330 3333
f 3340 3330 3343
f 3344 3333 3334
f 3343 3333 3344
f 3345 3332 3331
f 3345 3331 3342
f 3346 3334 3338
f 3344 3334 3346
f 3347 3335 3332
f 3347 3332 3345
f 3348 3336 3340
f 3349 3337 3336
f 3349 3336 3348
f 3350 3340 3343
f 3348 3340 3350
f 3351 3341 3337
f 3351 3337 3349
f 3352 3338 3339
f 3346 3338 3352
f 3353 3339 3335
f 3353 3335 3347
f 3352 3339 3353
f 3354 3343 3344
f 3350 3343 3354
f 3355 3342 3341
f 3355 3341 3351
f 3356 3344 3346
f 3354 3344 3356
f 3357 3345 3342
f 3357 3342 3355
f 3358 3348 3350
f 3359 3349 3348
f 3359 3348 3358
f 3360 3350 3354
f 3358 3350 3360
f 3361 3351 3349
f 3361 3349 3359
f 3362 3346 3352
f 3356 3346 3362
f 3363 3347 3345
f 3363 3345 3357
f 3364 3354 3356
f 3360 3354 3364
f 3365 3355 3351
f 3365 3351 3361
f 3366 3352 3353
f 3362 3352 3366
f 3367 3353 3347
f 3367 3347 3363
f 3366 3353 3367
f 3368 3356 3362
f 3364 3356 3368
f 3369 3357 3355
f 3369 3355 3365
f 3370 3358 3360
f 3371 3359 3358
f 3371 3358 3370
f 3372 3360 3364
f 3370 3360 3372
f 3373 3361 3359
f 3373 3359 3371
f 3374 3362 3366
f 3368 3362 3374
f 3375 3363 3357
f 3375 3357 3369
f 3376 3364 3368
f 3372 3364 3376
f 3377 3365 3361
f 3377 3361 3373
f 3378 3366 3367
f 3374 3366 3378
f 3379 3367 3363
f 3379 3363 3375
f 3378 3367 3379
f 3380 3370 3372
f 3381 3371 3370
f 3381 3370 3380
f 3376 3368 3382
f 3382 3368 3374
f 3383 3369 3365
f 3383 3365 3377
f 3384 3372 3376
f 3380 3372 3384
f 3385 3373 3371
f 3385 3371 3381
f 3386 3376 3382
f 3384 3376 3386
f 3387 3377 3373
f 3387 3373 3385
f 3388 3374 3378
f 3382 3374 3388
f 3389 3375 3369
f 3389 3369 3383
f 3390 3378 3379
f 3388 3378 3390
f 3391 3379 3375
f 3391 3375 3389
f 3390 3379 3391
f 3392 3382 3388
f 3386 3382 3392
f 3393 3383 3377
f 3393 3377 3387
f 3394 3380 3384
f 3395 3381 3380
f 3395 3380 3394
f 3396 3388 3390
f 3392 3388 3396
f 3397 3389 3383
f 3397 3383 3393
f 3398 3384 3386
f 3394 3384 3398
f 3399 3385 3381
f 3399 3381 3395
f 3400 3390 3391
f 3396 3390 3400
f 3401 3391 3389
f 3401 3389 3397
f 3402 3386 3392
f 3398 3386 3402
f 3403 3387 3385
f 3403 3385 3399
f 3400 3391 3401
f 3404 3392 3396
f 3402 3392 3404
f 3405 3393 3387
f 3405 3387 3403
f 3406 3394 3398
f 3407 3395 3394
f 3407 3394 3406
f 3408 3398 3402
f 3406 3398 3408
f 3409 3399 3395
f 3409 3395 3407
f 3410 3396 3400
f 3404 3396 3410
f 3411 3397 3393
f 3411 3393 3405
f 3412 3402 3404
f 3408 3402 3412
f 3413 3403 3399
f 3413 3399 3409
f 3414 3400 3401
f 3410 3400 3414
f 3415 3401 3397
f 3415 3397 3411
f 3414 3401 3415
f 3416 3406 3408
f 3417 3407 3406
f 3417 3406 3416
f 3412 3404 3418
f 3418 3404 3410
f 3419 3405 3403
f 3419 3403 3413
f 3420 3408 3412
f 3416 3408 3420
f 3421 3409 3407
f 3421 3407 3417
f 3422 3413 3409
f 3422 3409 3421
f 3420 3412 3423
f 3423 3412 3418
f 3424 3410 3414
f 3418 3410 3424
f 3425 3411 3405
f 3425 3405 3419
f 3426 3416 3420
f 3427 3417 3416
f 3427 3416 3426
f 3428 3420 3423
f 3426 3420 3428
f 3429 3421 3417
f 3429 3417 3427
f 3430 3414 3415
f 3424 3414 3430
f 3431 3415 3411
f 3431 3411 3425
f 3432 3419 3413
f 3432 3413 3422
f 3423 3418 3433
f 3433 3418 3424
f 3430 3415 3431
f 3434 3422 3421
f 3434 3421 3429
f 3428 3423 3435
f 3435 3423 3433
f 3436 3427 3426
f 3437 3426 3428
f 3436 3426 3437
f 3438 3429 3427
f 3438 3427 3436
f 3437 3428 3439
f 3439 3428 3435
f 3440 3425 3419
f 3440 3419 3432
f 3433 3424 3441
f 3441 3424 3430
f 3442 3436 3437
f 3443 3437 3439
f 3442 3437 3443
f 3444 3432 3422
f 3444 3422 3434
f 3435 3433 3445
f 3445 3433 3441
f 3446 3429 3438
f 3446 3434 3429
f 3439 3435 3447
f 3447 3435 3445
f 3448 3436 3442
f 3448 3438 3436
f 3443 3439 3449
f 3449 3439 3447
f 3450 3430 3431
f 3441 3430 3450
f 3451 3431 3425
f 3451 3425 3440
f 3452 3442 3443
f 3453 3443 3449
f 3452 3443 3453
f 3450 3431 3451
f 3454 3442 3452
f 3454 3448 3442
f 3449 3447 3455
f 3447 3445 3456
f 3455 3447 3456
f 3457 3438 3448
f 3457 3446 3438
f 3453 3449 3458
f 3458 3449 3455
f 3459 3440 3432
f 3459 3432 3444
f 3445 3441 3460
f 3460 3441 3450
f 3461 3434 3446
f 3461 3444 3434
f 3456 3445 3460
f 3462 3452 3453
f 3463 3453 3458
f 3462 3453 3463
f 3464 3452 3462
f 3464 3454 3452
f 3458 3455 3465
f 3463 3458 3466
f 3466 3458 3465
f 3467 3448 3454
f 3467 3457 3448
f 3455 3456 3468
f 3465 3455 3468
f 3469 3451 3440
f 3469 3440 3459
f 3470 3450 3451
f 3460 3450 3470
f 3471 3446 3457
f 3471 3461 3446
f 3472 3463 3466
f 3473 3462 3463
f 3473 3463 3472
f 3456 3460 3474
f 3468 3456 3474
f 3470 3451 3469
f 3475 3459 3444
f 3475 3444 3461
f 3474 3460 3470
f 3466 3465 3476
f 3472 3466 3477
f 3477 3466 3476
f 3478 3464 3462
f 3478 3462 3473
f 3479 3454 3464
f 3479 3467 3454
f 3465 3468 3480
f 3476 3465 3480
f 3481 3457 3467
f 3481 3471 3457
f 3468 3474 3482
f 3480 3468 3482
f 3483 3473 3472
f 3484 3472 3477
f 3483 3472 3484
f 3485 3469 3459
f 3485 3459 3475
f 3474 3470 3486
f 3486 3470 3469
f 3487 3461 3471
f 3487 3475 3461
f 3488 3464 3478
f 3488 3479 3464
f 3489 3478 3473
f 3489 3473 3483
f 3482 3474 3486
f 3477 3476 3490
f 3476 3480 3491
f 3490 3476 3491
f 3484 3477 3492
f 3492 3477 3490
f 3486 3469 3485
f 3493 3467 3479
f 3493 3481 3467
f 3480 3482 3494
f 3491 3480 3494
f 3495 3483 3484
f 3496 3484 3492
f 3495 3484 3496
f 3497 3471 3481
f 3497 3487 3471
f 3498 3478 3489
f 3498 3488 3478
f 3482 3486 3499
f 3499 3486 3485
f 3500 3485 3475
f 3500 3475 3487
f 3494 3482 3499
f 3492 3490 3501
f 3490 3491 3502
f 3501 3490 3502
f 3503 3479 3488
f 3503 3493 3479
f 3504 3489 3483
f 3504 3483 3495
f 3505 3492 3501
f 3496 3492 3505
f 3499 3485 3500
f 3491 3494 3506
f 3502 3491 3506
f 3507 3481 3493
f 3507 3497 3481
f 3494 3499 3508
f 3506 3494 3508
f 3509 3500 3487
f 3509 3487 3497
f 3508 3499 3500
f 3510 3498 3489
f 3510 3489 3504
f 3508 3500 3509
f 3511 3488 3498
f 3511 3503 3488
f 3501 3502 3512
f 3505 3501 3513
f 3513 3501 3512
f 3502 3506 3514
f 3512 3502 3514
f 3515 3495 3496
f 3516 3496 3505
f 3515 3496 3516
f 3517 3507 3493
f 3517 3493 3503
f 3506 3508 3518
f 3514 3506 3518
f 3519 3495 3515
f 3519 3504 3495
f 3520 3509 3497
f 3520 3497 3507
f 3516 3505 3521
f 3521 3505 3513
f 3518 3508 3509
f 3522 3515 3516
f 3523 3516 3521
f 3522 3516 3523
f 3518 3509 3520
f 3524 3515 3522
f 3524 3519 3515
f 3523 3521 3525
f 3526 3522 3523
f 3527 3523 3525
f 3526 3523 3527
f 3525 3521 3528
f 3521 3513 3528
f 3529 3511 3498
f 3529 3498 3510
f 3530 3522 3526
f 3530 3524 3522
f 3527 3525 3531
f 3532 3526 3527
f 3533 3527 3531
f 3532 3527 3533
f 3514 3518 3534
f 3534 3518 3520
f 3535 3520 3507
f 3535 3507 3517
f 3512 3514 3536
f 3536 3514 3534
f 3537 3517 3503
f 3537 3503 3511
f 3513 3512 3538
f 3538 3512 3536
f 3539 3504 3519
f 3539 3510 3504
f 3531 3525 3540
f 3525 3528 3540
f 3528 3513 3538
f 3541 3526 3532
f 3541 3530 3526
f 3533 3531 3542
f 3543 3532 3533
f 3544 3533 3542
f 3543 3533 3544
f 3542 3531 3545
f 3531 3540 3545
f 3534 3520 3535
f 3546 3519 3524
f 3546 3539 3519
f 3547 3532 3543
f 3547 3541 3532
f 3544 3542 3548
f 3548 3542 3549
f 3542 3545 3549
f 3550 3543 3544
f 3551 3544 3548
f 3550 3544 3551
f 3540 3528 3552
f 3528 3538 3552
f 3553 3524 3530
f 3553 3546 3524
f 3554 3543 3550
f 3554 3547 3543
f 3555 3535 3517
f 3555 3517 3537
f 3551 3548 3556
f 3556 3548 3557
f 3548 3549 3557
f 3536 3534 3558
f 3558 3534 3535
f 3545 3540 3559
f 3540 3552 3559
f 3560 3537 3511
f 3560 3511 3529
f 3561 3530 3541
f 3561 3553 3530
f 3562 3550 3551
f 3563 3551 3556
f 3562 3551 3563
f 3538 3536 3564
f 3564 3536 3558
f 3549 3545 3565
f 3545 3559 3565
f 3558 3535 3555
f 3566 3510 3539
f 3566 3529 3510
f 3567 3541 3547
f 3567 3561 3541
f 3568 3550 3562
f 3568 3554 3550
f 3552 3538 3564
f 3556 3557 3569
f 3563 3556 3570
f 3570 3556 3569
f 3557 3549 3571
f 3549 3565 3571
f 3572 3547 3554
f 3572 3567 3547
f 3573 3539 3546
f 3573 3566 3539
f 3559 3552 3574
f 3552 3564 3574
f 3569 3557 3575
f 3557 3571 3575
f 3576 3562 3563
f 3577 3563 3570
f 3576 3563 3577
f 3578 3555 3537
f 3578 3537 3560
f 3579 3546 3553
f 3579 3573 3546
f 3580 3558 3555
f 3564 3558 3580
f 3581 3568 3562
f 3581 3562 3576
f 3565 3559 3582
f 3559 3574 3582
f 3583 3554 3568
f 3583 3572 3554
f 3570 3569 3584
f 3577 3570 3585
f 3585 3570 3584
f 3580 3555 3578
f 3586 3553 3561
f 3586 3579 3553
f 3569 3575 3587
f 3584 3569 3587
f 3571 3565 3588
f 3565 3582 3588
f 3589 3529 3566
f 3589 3560 3529
f 3574 3564 3580
f 3590 3561 3567
f 3590 3586 3561
f 3575 3571 3591
f 3571 3588 3591
f 3592 3567 3572
f 3592 3590 3567
f 3593 3566 3573
f 3593 3589 3566
f 3594 3568 3581
f 3594 3583 3568
f 3595 3576 3577
f 3596 3577 3585
f 3595 3577 3596
f 3574 3580 3597
f 3582 3574 3597
f 3587 3575 3598
f 3575 3591 3598
f 3585 3584 3599
f 3584 3587 3600
f 3599 3584 3600
f 3601 3573 3579
f 3601 3593 3573
f 3602 3581 3576
f 3602 3576 3595
f 3603 3585 3599
f 3596 3585 3603
f 3604 3578 3560
f 3604 3560 3589
f 3597 3580 3578
f 3582 3597 3605
f 3588 3582 3605
f 3606 3572 3583
f 3606 3592 3572
f 3607 3579 3586
f 3607 3601 3579
f 3587 3598 3608
f 3600 3587 3608
f 3597 3578 3604
f 3609 3589 3593
f 3609 3604 3589
f 3605 3597 3604
f 3591 3588 3610
f 3588 3605 3610
f 3611 3586 3590
f 3611 3607 3586
f 3598 3591 3612
f 3591 3610 3612
f 3613 3594 3581
f 3613 3581 3602
f 3614 3593 3601
f 3614 3609 3593
f 3615 3590 3592
f 3615 3611 3590
f 3616 3583 3594
f 3616 3606 3583
f 3599 3600 3617
f 3603 3599 3618
f 3618 3599 3617
f 3605 3604 3609
f 3610 3605 3609
f 3598 3612 3619
f 3608 3598 3619
f 3600 3608 3620
f 3617 3600 3620
f 3621 3614 3601
f 3621 3601 3607
f 3610 3609 3614
f 3612 3610 3614
f 3622 3595 3596
f 3623 3596 3603
f 3622 3596 3623
f 3624 3592 3606
f 3624 3615 3592
f 3612 3614 3621
f 3625 3621 3607
f 3625 3607 3611
f 3619 3612 3621
f 3608 3619 3626
f 3620 3608 3626
f 3627 3602 3595
f 3627 3595 3622
f 3628 3603 3618
f 3623 3603 3628
f 3619 3621 3625
f 3629 3625 3611
f 3629 3611 3615
f 3626 3619 3625
f 3630 3616 3594
f 3630 3594 3613
f 3631 3624 3606
f 3631 3606 3616
f 3617 3620 3632
f 3618 3617 3633
f 3633 3617 3632
f 3626 3625 3629
f 3634 3629 3615
f 3634 3615 3624
f 3620 3626 3635
f 3635 3626 3629
f 3632 3620 3635
f 3636 3613 3602
f 3636 3602 3627
f 3637 3618 3633
f 3628 3618 3637
f 3635 3629 3634
f 3638 3634 3624
f 3638 3624 3631
f 3632 3635 3639
f 3639 3635 3634
f 3640 3631 3616
f 3640 3616 3630
f 3633 3632 3641
f 3641 3632 3639
f 3639 3634 3638
f 3642 3630 3613
f 3642 3613 3636
f 3637 3633 3643
f 3643 3633 3641
f 3644 3622 3623
f 3645 3623 3628
f 3644 3623 3645
f 3646 3627 3622
f 3646 3622 3644
f 3647 3628 3637
f 3645 3628 3647
f 3648 3638 3631
f 3648 3631 3640
f 3649 3639 3638
f 3641 3639 3649
f 3649 3638 3648
f 3650 3636 3627
f 3650 3627 3646
f 3651 3637 3643
f 3647 3637 3651
f 3652 3640 3630
f 3652 3630 3642
f 3653 3641 3649
f 3643 3641 3653
f 3654 3648 3640
f 3654 3640 3652
f 3655 3649 3648
f 3653 3649 3655
f 3656 3642 3636
f 3656 3636 3650
f 3657 3643 3653
f 3651 3643 3657
f 3655 3648 3654
f 3658 3652 3642
f 3658 3642 3656
f 3659 3653 3655
f 3657 3653 3659
f 3660 3644 3645
f 3661 3645 3647
f 3660 3645 3661
f 3662 3646 3644
f 3662 3644 3660
f 3663 3647 3651
f 3661 3647 3663
f 3664 3654 3652
f 3664 3652 3658
f 3665 3655 3654
f 3659 3655 3665
f 3666 3651 3657
f 3663 3651 3666
f 3665 3654 3664
f 3667 3650 3646
f 3667 3646 3662
f 3668 3657 3659
f 3666 3657 3668
f 3669 3656 3650
f 3669 3650 3667
f 3670 3659 3665
f 3668 3659 3670
f 3671 3658 3656
f 3671 3656 3669
f 3672 3664 3658
f 3672 3658 3671
f 3673 3665 3664
f 3670 3665 3673
f 3673 3664 3672
f 3674 3675 3676
f 3677 3678 3674
f 3674 3678 3675
f 3679 3680 3677
f 3677 3680 3678
f 3679 3681 3680
f 3681 3682 3680
f 3680 3683 3678
f 3680 3682 3683
f 3676 3684 3685
f 3676 3675 3684
f 3686 3681 3679
f 3686 3687 3681
f 3687 3688 3681
f 3681 3688 3682
f 3685 3689 3690
f 3685 3684 3689
f 3690 3691 3692
f 3690 3689 3691
f 3693 3687 3686
f 3678 3694 3675
f 3678 3683 3694
f 3693 3695 3687
f 3695 3696 3687
f 3687 3696 3688
f 3697 3695 3693
f 3697 3698 3695
f 3698 3699 3695
f 3695 3699 3696
f 3692 3700 3701
f 3692 3691 3700
f 3701 3702 3703
f 3701 3700 3702
f 3703 3698 3697
f 3703 3702 3698
f 3675 3704 3684
f 3675 3694 3704
f 3698 3705 3699
f 3702 3705 3698
f 3682 3706 3683
f 3683 3707 3694
f 3683 3706 3707
f 3688 3708 3682
f 3682 3708 3706
f 3696 3709 3688
f 3688 3709 3708
f 3684 3710 3689
f 3684 3704 3710
f 3699 3711 3696
f 3696 3711 3709
f 3689 3712 3691
f 3689 3710 3712
f 3705 3713 3699
f 3699 3713 3711
f 3691 3714 3700
f 3691 3712 3714
f 3700 3715 3702
f 3700 3714 3715
f 3702 3715 3705
f 3694 3716 3704
f 3694 3707 3716
f 3704 3717 3710
f 3704 3716 3717
f 3715 3718 3705
f 3714 3719 3715
f 3715 3719 3718
f 3705 3718 3713
f 3710 3720 3712
f 3710 3717 3720
f 3709 3721 3708
f 3708 3722 3706
f 3708 3721 3722
f 3711 3723 3709
f 3709 3723 3721
f 3712 3724 3714
f 3712 3720 3724
f 3714 3724 3719
f 3713 3725 3711
f 3711 3725 3723
f 3706 3726 3707
f 3706 3722 3726
f 3718 3727 3713
f 3713 3727 3725
f 3707 3728 3716
f 3707 3726 3728
f 3719 3729 3718
f 3718 3729 3727
f 3716 3730 3717
f 3716 3728 3730
f 3724 3731 3719
f 3719 3731 3729
f 3717 3732 3720
f 3717 3730 3732
f 3720 3733 3724
f 3720 3732 3733
f 3724 3733 3731
f 3723 3734 3721
f 3721 3735 3722
f 3721 3734 3735
f 3725 3736 3723
f 3723 3736 3734
f 3727 3737 3725
f 3725 3737 3736
f 3722 3738 3726
f 3722 3735 3738
f 3729 3739 3727
f 3727 3739 3737
f 3726 3740 3728
f 3726 3738 3740
f 3728 3741 3730
f 3728 3740 3741
f 3731 3742 3729
f 3729 3742 3739
f 3733 3743 3731
f 3731 3743 3742
f 3730 3744 3732
f 3730 3741 3744
f 3732 3745 3733
f 3732 3744 3745
f 3733 3745 3743
f 3734 3746 3735
f 3735 3747 3738
f 3735 3746 3747
f 3736 3748 3734
f 3734 3748 3746
f 3737 3749 3736
f 3736 3749 3748
f 3739 3750 3737
f 3737 3750 3749
f 3742 3751 3739
f 3739 3751 3750
f 3738 3752 3740
f 3738 3747 3752
f 3743 3753 3742
f 3742 3753 3751
f 3740 3754 3741
f 3740 3752 3754
f 3741 3755 3744
f 3741 3754 3755
f 3745 3756 3743
f 3743 3756 3753
f 3744 3757 3745
f 3744 3755 3757
f 3745 3757 3756
f 3749 3758 3748
f 3748 3759 3746
f 3748 3758 3759
f 3750 3760 3749
f 3749 3760 3758
f 3746 3761 3747
f 3746 3759 3761
f 3751 3762 3750
f 3750 3762 3760
f 3747 3763 3752
f 3747 3761 3763
f 3753 3764 3751
f 3751 3764 3762
f 3752 3765 3754
f 3752 3763 3765
f 3756 3766 3753
f 3753 3766 3764
f 3754 3767 3755
f 3754 3765 3767
f 3757 3768 3756
f 3756 3768 3766
f 3755 3769 3757
f 3755 3767 3769
f 3757 3769 3768
f 3760 3770 3758
f 3758 3771 3759
f 3758 3770 3771
f 3762 3772 3760
f 3760 3772 3770
f 3759 3773 3761
f 3759 3771 3773
f 3764 3774 3762
f 3762 3774 3772
f 3761 3775 3763
f 3761 3773 3775
f 3766 3776 3764
f 3764 3776 3774
f 3763 3777 3765
f 3763 3775 3777
f 3768 3778 3766
f 3766 3778 3776
f 3765 3779 3767
f 3765 3777 3779
f 3769 3780 3768
f 3768 3780 3778
f 3767 3781 3769
f 3767 3779 3781
f 3769 3781 3780
f 3772 3782 3770
f 3770 3783 3771
f 3770 3782 3783
f 3774 3784 3772
f 3772 3784 3782
f 3771 3785 3773
f 3771 3783 3785
f 3776 3786 3774
f 3774 3786 3784
f 3773 3787 3775
f 3773 3785 3787
f 3778 3788 3776
f 3776 3788 3786
f 3775 3789 3777
f 3775 3787 3789
f 3780 3790 3778
f 3778 3790 3788
f 3777 3791 3779
f 3777 3789 3791
f 3781 3792 3780
f 3780 3792 3790
f 3779 3793 3781
f 3779 3791 3793
f 3781 3793 3792
f 3782 3794 3783
f 3784 3795 3782
f 3782 3795 3794
f 3783 3796 3785
f 3783 3794 3796
f 3786 3797 3784
f 3784 3797 3795
f 3785 3798 3787
f 3785 3796 3798
f 3788 3799 3786
f 3786 3799 3797
f 3790 3800 3788
f 3788 3800 3799
f 3787 3801 3789
f 3787 3798 3801
f 3792 3802 3790
f 3790 3802 3800
f 3789 3803 3791
f 3789 3801 3803
f 3791 3804 3793
f 3791 3803 3804
f 3793 3805 3792
f 3792 3805 3802
f 3793 3804 3805
f 3795 3806 3794
f 3797 3807 3795
f 3795 3807 3806
f 3794 3808 3796
f 3794 3806 3808
f 3799 3809 3797
f 3797 3809 3807
f 3796 3810 3798
f 3796 3808 3810
f 3800 3811 3799
f 3799 3811 3809
f 3798 3812 3801
f 3798 3810 3812
f 3802 3813 3800
f 3800 3813 3811
f 3801 3814 3803
f 3801 3812 3814
f 3805 3815 3802
f 3802 3815 3813
f 3803 3816 3804
f 3803 3814 3816
f 3804 3817 3805
f 3805 3817 3815
f 3804 3816 3817
f 3807 3818 3806
f 3806 3819 3808
f 3806 3818 3819
f 3809 3820 3807
f 3807 3820 3818
f 3808 3821 3810
f 3808 3819 3821
f 3811 3822 3809
f 3809 3822 3820
f 3813 3823 3811
f 3811 3823 3822
f 3810 3824 3812
f 3810 3821 3824
f 3812 3825 3814
f 3812 3824 3825
f 3815 3826 3813
f 3813 3826 3823
f 3814 3827 3816
f 3814 3825 3827
f 3817 3828 3815
f 3815 3828 3826
f 3816 3829 3817
f 3816 3827 3829
f 3817 3829 3828
f 3830 3831 3832
f 3833 3834 3831
f 3833 3831 3830
f 3835 3832 3836
f 3830 3832 3835
f 3837 3838 3834
f 3839 3840 3838
f 3839 3838 3837
f 3837 3834 3833
f 3841 3836 3842
f 3843 3842 3844
f 3841 3842 3843
f 3835 3836 3841
f 3845 3846 3840
f 3847 3848 3846
f 3847 3846 3845
f 3845 3840 3839
f 3849 3850 3848
f 3849 3848 3847
f 3851 3852 3850
f 3851 3850 3849
f 3853 3844 3852
f 3853 3852 3851
f 3843 3844 3853
f 3854 3833 3830
f 3855 3837 3833
f 3855 3833 3854
f 3856 3830 3835
f 3854 3830 3856
f 3857 3835 3841
f 3856 3835 3857
f 3858 3841 3843
f 3859 3843 3853
f 3858 3843 3859
f 3857 3841 3858
f 3860 3839 3837
f 3860 3837 3855
f 3861 3853 3851
f 3859 3853 3861
f 3862 3845 3839
f 3862 3839 3860
f 3863 3851 3849
f 3861 3851 3863
f 3864 3847 3845
f 3864 3845 3862
f 3865 3849 3847
f 3865 3847 3864
f 3863 3849 3865
f 3866 3856 3857
f 3867 3857 3858
f 3866 3857 3867
f 3868 3854 3856
f 3869 3855 3854
f 3869 3854 3868
f 3868 3856 3866
f 3870 3858 3859
f 3871 3859 3861
f 3870 3859 3871
f 3867 3858 3870
f 3872 3860 3855
f 3872 3855 3869
f 3873 3861 3863
f 3871 3861 3873
f 3874 3862 3860
f 3875 3864 3862
f 3875 3862 3874
f 3874 3860 3872
f 3876 3863 3865
f 3877 3865 3864
f 3876 3865 3877
f 3873 3863 3876
f 3877 3864 3875
f 3878 3866 3867
f 3879 3868 3866
f 3879 3866 3878
f 3880 3867 3870
f 3878 3867 3880
f 3881 3870 3871
f 3882 3871 3873
f 3881 3871 3882
f 3880 3870 3881
f 3883 3869 3868
f 3883 3868 3879
f 3884 3873 3876
f 3882 3873 3884
f 3885 3872 3869
f 3885 3869 3883
f 3886 3876 3877
f 3884 3876 3886
f 3887 3874 3872
f 3887 3872 3885
f 3888 3877 3875
f 3886 3877 3888
f 3889 3875 3874
f 3889 3874 3887
f 3888 3875 3889
f 3890 3880 3881
f 3891 3878 3880
f 3891 3880 3890
f 3892 3881 3882
f 3890 3881 3892
f 3893 3879 3878
f 3893 3878 3891
f 3894 3883 3879
f 3894 3879 3893
f 3895 3882 3884
f 3892 3882 3895
f 3896 3884 3886
f 3895 3884 3896
f 3897 3885 3883
f 3897 3883 3894
f 3898 3886 3888
f 3896 3886 3898
f 3899 3887 3885
f 3899 3885 3897
f 3900 3888 3889
f 3898 3888 3900
f 3901 3889 3887
f 3901 3887 3899
f 3900 3889 3901
f 3902 3890 3892
f 3903 3891 3890
f 3903 3890 3902
f 3904 3892 3895
f 3902 3892 3904
f 3905 3893 3891
f 3905 3891 3903
f 3906 3895 3896
f 3904 3895 3906
f 3907 3894 3893
f 3907 3893 3905
f 3908 3896 3898
f 3906 3896 3908
f 3909 3897 3894
f 3909 3894 3907
f 3910 3898 3900
f 3908 3898 3910
f 3911 3899 3897
f 3911 3897 3909
f 3912 3900 3901
f 3910 3900 3912
f 3913 3901 3899
f 3913 3899 3911
f 3912 3901 3913
f 3914 3902 3904
f 3915 3903 3902
f 3915 3902 3914
f 3916 3904 3906
f 3914 3904 3916
f 3917 3905 3903
f 3917 3903 3915
f 3918 3906 3908
f 3916 3906 3918
f 3919 3907 3905
f 3919 3905 3917
f 3920 3908 3910
f 3918 3908 3920
f 3921 3909 3907
f 3921 3907 3919
f 3922 3910 3912
f 3920 3910 3922
f 3923 3911 3909
f 3923 3909 3921
f 3924 3912 3913
f 3922 3912 3924
f 3925 3913 3911
f 3925 3911 3923
f 3924 3913 3925
f 3926 3914 3916
f 3927 3915 3914
f 3927 3914 3926
f 3928 3916 3918
f 3926 3916 3928
f 3929 3917 3915
f 3929 3915 3927
f 3930 3918 3920
f 3928 3918 3930
f 3931 3919 3917
f 3931 3917 3929
f 3932 3920 3922
f 3930 3920 3932
f 3933 3921 3919
f 3933 3919 3931
f 3934 3922 3924
f 3932 3922 3934
f 3935 3923 3921
f 3935 3921 3933
f 3936 3924 3925
f 3934 3924 3936
f 3937 3925 3923
f 3937 3923 3935
f 3936 3925 3937
f 3938 3926 3928
f 3939 3927 3926
f 3939 3926 3938
f 3940 3928 3930
f 3938 3928 3940
f 3941 3929 3927
f 3941 3927 3939
f 3942 3930 3932
f 3940 3930 3942
f 3943 3931 3929
f 3943 3929 3941
f 3944 3932 3934
f 3942 3932 3944
f 3945 3933 3931
f 3945 3931 3943
f 3946 3934 3936
f 3944 3934 3946
f 3947 3935 3933
f 3947 3933 3945
f 3948 3936 3937
f 3946 3936 3948
f 3949 3937 3935
f 3949 3935 3947
f 3948 3937 3949
f 3950 3938 3940
f 3951 3939 3938
f 3951 3938 3950
f 3952 3940 3942
f 3950 3940 3952
f 3953 3941 3939
f 3953 3939 3951
f 3954 3942 3944
f 3952 3942 3954
f 3955 3943 3941
f 3955 3941 3953
f 3956 3944 3946
f 3954 3944 3956
f 3957 3945 3943
f 3957 3943 3955
f 3958 3946 3948
f 3956 3946 3958
f 3959 3947 3945
f 3959 3945 3957
f 3960 3948 3949
f 3958 3948 3960
f 3961 3949 3947
f 3961 3947 3959
f 3960 3949 3961
f 3962 3950 3952
f 3963 3951 3950
f 3963 3950 3962
f 3964 3952 3954
f 3962 3952 3964
f 3965 3953 3951
f 3965 3951 3963
f 3966 3954 3956
f 3964 3954 3966
f 3967 3955 3953
f 3967 3953 3965
f 3968 3956 3958
f 3966 3956 3968
f 3969 3957 3955
f 3969 3955 3967
f 3970 3958 3960
f 3968 3958 3970
f 3971 3959 3957
f 3971 3957 3969
f 3972 3960 3961
f 3970 3960 3972
f 3973 3962 3964
f 3974 3963 3962
f 3974 3962 3973
f 3975 3964 3966
f 3973 3964 3975
f 3976 3965 3963
f 3976 3963 3974
f 3977 3961 3959
f 3977 3959 3971
f 3972 3961 3977
f 3978 3966 3968
f 3975 3966 3978
f 3979 3967 3965
f 3979 3965 3976
f 3980 3968 3970
f 3978 3968 3980
f 3981 3969 3967
f 3981 3967 3979
f 3982 3970 3972
f 3980 3970 3982
f 3983 3973 3975
f 3984 3974 3973
f 3984 3973 3983
f 3985 3975 3978
f 3983 3975 3985
f 3986 3976 3974
f 3986 3974 3984
f 3987 3978 3980
f 3985 3978 3987
f 3988 3971 3969
f 3988 3969 3981
f 3989 3972 3977
f 3982 3972 3989
f 3990 3977 3971
f 3990 3971 3988
f 3989 3977 3990
f 3991 3979 3976
f 3991 3976 3986
f 3992 3980 3982
f 3987 3980 3992
f 3993 3981 3979
f 3993 3979 3991
f 3994 3982 3989
f 3992 3982 3994
f 3995 3988 3981
f 3995 3981 3993
f 3996 3989 3990
f 3994 3989 3996
f 3997 3990 3988
f 3997 3988 3995
f 3996 3990 3997
f 3998 3983 3985
f 3999 3984 3983
f 3999 3983 3998
f 4000 3985 3987
f 3998 3985 4000
f 4001 3986 3984
f 4001 3984 3999
f 4002 3987 3992
f 4000 3987 4002
f 4003 3991 3986
f 4003 3986 4001
f 4004 3992 3994
f 4002 3992 4004
f 4005 3993 3991
f 4005 3991 4003
f 4006 3994 3996
f 4004 3994 4006
f 4007 3995 3993
f 4007 3993 4005
f 4008 3996 3997
f 4006 3996 4008
f 4009 3997 3995
f 4009 3995 4007
f 4008 3997 4009
f 4010 3998 4000
f 4011 4000 4002
f 4010 4000 4011
f 4012 3999 3998
f 4012 3998 4010
f 4013 4002 4004
f 4011 4002 4013
f 4014 4001 3999
f 4014 3999 4012
f 4015 4004 4006
f 4013 4004 4015
f 4016 4003 4001
f 4016 4001 4014
f 4017 4006 4008
f 4015 4006 4017
f 4018 4005 4003
f 4018 4003 4016
f 4019 4007 4005
f 4019 4005 4018
f 4020 4008 4009
f 4017 4008 4020
f 4021 4009 4007
f 4020 4009 4021
f 4021 4007 4019
f 4022 4010 4011
f 4023 4011 4013
f 4022 4011 4023
f 4024 4012 4010
f 4024 4010 4022
f 4025 4013 4015
f 4023 4013 4025
f 4026 4014 4012
f 4026 4012 4024
f 4027 4015 4017
f 4025 4015 4027
f 4028 4016 4014
f 4028 4014 4026
f 4029 4017 4020
f 4027 4017 4029
f 4030 4018 4016
f 4030 4016 4028
f 4031 4020 4021
f 4029 4020 4031
f 4032 4019 4018
f 4032 4018 4030
f 4033 4021 4019
f 4031 4021 4033
f 4033 4019 4032
f 4034 4022 4023
f 4035 4023 4025
f 4034 4023 4035
f 4036 4024 4022
f 4036 4022 4034
f 4037 4025 4027
f 4035 4025 4037
f 4038 4026 4024
f 4038 4024 4036
f 4039 4027 4029
f 4037 4027 4039
f 4040 4028 4026
f 4040 4026 4038
f 4041 4029 4031
f 4039 4029 4041
f 4042 4030 4028
f 4042 4028 4040
f 4043 4031 4033
f 4041 4031 4043
f 4044 4032 4030
f 4044 4030 4042
f 4045 4033 4032
f 4043 4033 4045
f 4045 4032 4044
f 4046 4035 4037
f 4047 4034 4035
f 4047 4035 4046
f 4048 4037 4039
f 4046 4037 4048
f 4049 4036 4034
f 4049 4034 4047
f 4050 4039 4041
f 4048 4039 4050
f 4051 4038 4036
f 4051 4036 4049
f 4052 4041 4043
f 4050 4041 4052
f 4053 4040 4038
f 4053 4038 4051
f 4054 4042 4040
f 4054 4040 4053
f 4055 4043 4045
f 4052 4043 4055
f 4056 4045 4044
f 4055 4045 4056
f 4057 4044 4042
f 4057 4042 4054
f 4056 4044 4057
f 4058 4046 4048
f 4059 4047 4046
f 4059 4046 4058
f 4060 4048 4050
f 4058 4048 4060
f 4061 4049 4047
f 4061 4047 4059
f 4062 4050 4052
f 4060 4050 4062
f 4063 4051 4049
f 4063 4049 4061
f 4064 4052 4055
f 4062 4052 4064
f 4065 4053 4051
f 4065 4051 4063
f 4066 4055 4056
f 4064 4055 4066
f 4067 4054 4053
f 4067 4053 4065
f 4068 4056 4057
f 4066 4056 4068
f 4069 4057 4054
f 4069 4054 4067
f 4068 4057 4069
f 4070 4058 4060
f 4071 4059 4058
f 4071 4058 4070
f 4072 4060 4062
f 4070 4060 4072
f 4073 4061 4059
f 4073 4059 4071
f 4074 4062 4064
f 4072 4062 4074
f 4075 4063 4061
f 4075 4061 4073
f 4076 4064 4066
f 4074 4064 4076
f 4077 4065 4063
f 4077 4063 4075
f 4078 4066 4068
f 4076 4066 4078
f 4079 4067 4065
f 4079 4065 4077
f 4080 4068 4069
f 4078 4068 4080
f 4081 4069 4067
f 4081 4067 4079
f 4080 4069 4081
f 4082 4070 4072
f 4083 4072 4074
f 4082 4072 4083
f 4084 4071 4070
f 4084 4070 4082
f 4085 4073 4071
f 4085 4071 4084
f 4086 4074 4076
f 4083 4074 4086
f 4087 4075 4073
f 4087 4073 4085
f 4088 4076 4078
f 4086 4076 4088
f 4089 4077 4075
f 4089 4075 4087
f 4090 4078 4080
f 4088 4078 4090
f 4091 4079 4077
f 4091 4077 4089
f 4092 4082 4083
f 4093 4084 4082
f 4093 4082 4092
f 4094 4083 4086
f 4092 4083 4094
f 4095 4080 4081
f 4090 4080 4095
f 4096 4081 4079
f 4096 4079 4091
f 4097 4085 4084
f 4097 4084 4093
f 4095 4081 4096
f 4098 4086 4088
f 4094 4086 4098
f 4099 4087 4085
f 4099 4085 4097
f 4100 4088 4090
f 4098 4088 4100
f 4101 4089 4087
f 4101 4087 4099
f 4102 4092 4094
f 4103 4093 4092
f 4103 4092 4102
f 4104 4094 4098
f 4102 4094 4104
f 4105 4097 4093
f 4105 4093 4103
f 4106 4090 4095
f 4100 4090 4106
f 4107 4091 4089
f 4107 4089 4101
f 4104 4098 4108
f 4108 4098 4100
f 4109 4099 4097
f 4109 4097 4105
f 4110 4095 4096
f 4106 4095 4110
f 4111 4096 4091
f 4111 4091 4107
f 4110 4096 4111
f 4112 4102 4104
f 4113 4103 4102
f 4113 4102 4112
f 4114 4104 4108
f 4112 4104 4114
f 4115 4105 4103
f 4115 4103 4113
f 4108 4100 4116
f 4116 4100 4106
f 4117 4101 4099
f 4117 4099 4109
f 4114 4108 4118
f 4118 4108 4116
f 4119 4109 4105
f 4119 4105 4115
f 4120 4112 4114
f 4121 4113 4112
f 4121 4112 4120
f 4120 4114 4122
f 4122 4114 4118
f 4123 4115 4113
f 4123 4113 4121
f 4124 4106 4110
f 4116 4106 4124
f 4125 4107 4101
f 4125 4101 4117
f 4126 4120 4122
f 4127 4121 4120
f 4127 4120 4126
f 4128 4110 4111
f 4124 4110 4128
f 4129 4111 4107
f 4129 4107 4125
f 4118 4116 4130
f 4130 4116 4124
f 4131 4109 4119
f 4131 4117 4109
f 4122 4118 4132
f 4132 4118 4130
f 4133 4115 4123
f 4133 4119 4115
f 4134 4122 4132
f 4126 4122 4134
f 4135 4123 4121
f 4135 4121 4127
f 4128 4111 4129
f 4136 4133 4123
f 4136 4123 4135
f 4132 4130 4137
f 4134 4132 4138
f 4138 4132 4137
f 4139 4119 4133
f 4139 4131 4119
f 4140 4126 4134
f 4141 4127 4126
f 4141 4126 4140
f 4130 4124 4142
f 4142 4124 4128
f 4143 4125 4117
f 4143 4117 4131
f 4137 4130 4142
f 4144 4134 4138
f 4140 4134 4144
f 4145 4135 4127
f 4145 4127 4141
f 4146 4139 4133
f 4146 4133 4136
f 4147 4128 4129
f 4142 4128 4147
f 4148 4129 4125
f 4148 4125 4143
f 4137 4142 4149
f 4138 4137 4150
f 4150 4137 4149
f 4151 4136 4135
f 4151 4135 4145
f 4147 4129 4148
f 4149 4142 4147
f 4152 4143 4131
f 4152 4131 4139
f 4144 4138 4153
f 4153 4138 4150
f 4154 4140 4144
f 4155 4141 4140
f 4155 4140 4154
f 4149 4147 4156
f 4156 4147 4148
f 4157 4148 4143
f 4157 4143 4152
f 4150 4149 4158
f 4158 4149 4156
f 4159 4152 4139
f 4159 4139 4146
f 4160 4144 4153
f 4154 4144 4160
f 4161 4145 4141
f 4161 4141 4155
f 4162 4146 4136
f 4162 4136 4151
f 4156 4148 4157
f 4153 4150 4163
f 4163 4150 4158
f 4164 4156 4157
f 4158 4156 4164
f 4165 4157 4152
f 4165 4152 4159
f 4166 4153 4163
f 4160 4153 4166
f 4167 4151 4145
f 4167 4145 4161
f 4164 4157 4165
f 4168 4159 4146
f 4168 4146 4162
f 4169 4158 4164
f 4163 4158 4169
f 4170 4154 4160
f 4171 4155 4154
f 4171 4154 4170
f 4172 4162 4151
f 4172 4151 4167
f 4173 4164 4165
f 4169 4164 4173
f 4174 4165 4159
f 4174 4159 4168
f 4166 4163 4175
f 4175 4163 4169
f 4176 4160 4166
f 4170 4160 4176
f 4177 4161 4155
f 4177 4155 4171
f 4173 4165 4174
f 4178 4167 4161
f 4178 4161 4177
f 4179 4166 4175
f 4176 4166 4179
f 4180 4168 4162
f 4180 4162 4172
f 4181 4169 4173
f 4175 4169 4181
f 4182 4173 4174
f 4181 4173 4182
f 4183 4174 4168
f 4182 4174 4183
f 4183 4168 4180
f 4184 4175 4181
f 4179 4175 4184
f 4185 4172 4167
f 4185 4167 4178
f 4186 4170 4176
f 4187 4171 4170
f 4187 4170 4186
f 4188 4176 4179
f 4186 4176 4188
f 4189 4177 4171
f 4189 4171 4187
f 4190 4181 4182
f 4184 4181 4190
f 4191 4180 4172
f 4191 4172 4185
f 4192 4179 4184
f 4188 4179 4192
f 4193 4178 4177
f 4193 4177 4189
f 4194 4182 4183
f 4190 4182 4194
f 4195 4183 4180
f 4195 4180 4191
f 4194 4183 4195
f 4196 4185 4178
f 4196 4178 4193
f 4197 4184 4190
f 4192 4184 4197
f 4198 4186 4188
f 4199 4187 4186
f 4199 4186 4198
f 4200 4188 4192
f 4198 4188 4200
f 4201 4189 4187
f 4201 4187 4199
f 4202 4190 4194
f 4197 4190 4202
f 4203 4191 4185
f 4203 4185 4196
f 4204 4192 4197
f 4200 4192 4204
f 4205 4193 4189
f 4205 4189 4201
f 4206 4194 4195
f 4202 4194 4206
f 4207 4195 4191
f 4207 4191 4203
f 4206 4195 4207
f 4208 4196 4193
f 4208 4193 4205
f 4209 4197 4202
f 4204 4197 4209
f 4210 4198 4200
f 4211 4199 4198
f 4211 4198 4210
f 4212 4200 4204
f 4210 4200 4212
f 4213 4201 4199
f 4213 4199 4211
f 4214 4202 4206
f 4209 4202 4214
f 4215 4203 4196
f 4215 4196 4208
f 4216 4204 4209
f 4212 4204 4216
f 4217 4205 4201
f 4217 4201 4213
f 4218 4206 4207
f 4214 4206 4218
f 4219 4207 4203
f 4219 4203 4215
f 4218 4207 4219
f 4220 4208 4205
f 4220 4205 4217
f 4221 4209 4214
f 4216 4209 4221
f 4222 4210 4212
f 4223 4211 4210
f 4223 4210 4222
f 4224 4212 4216
f 4222 4212 4224
f 4225 4213 4211
f 4225 4211 4223
f 4226 4214 4218
f 4221 4214 4226
f 4227 4215 4208
f 4227 4208 4220
f 4228 4216 4221
f 4224 4216 4228
f 4229 4217 4213
f 4229 4213 4225
f 4230 4218 4219
f 4226 4218 4230
f 4231 4219 4215
f 4231 4215 4227
f 4232 4222 4224
f 4233 4223 4222
f 4233 4222 4232
f 4230 4219 4231
f 4228 4221 4234
f 4234 4221 4226
f 4235 4220 4217
f 4235 4217 4229
f 4236 4224 4228
f 4232 4224 4236
f 4237 4225 4223
f 4237 4223 4233
f 4236 4228 4238
f 4238 4228 4234
f 4239 4229 4225
f 4239 4225 4237
f 4240 4226 4230
f 4234 4226 4240
f 4241 4227 4220
f 4241 4220 4235
f 4242 4232 4236
f 4243 4233 4232
f 4243 4232 4242
f 4244 4230 4231
f 4240 4230 4244
f 4245 4231 4227
f 4245 4227 4241
f 4246 4236 4238
f 4242 4236 4246
f 4247 4237 4233
f 4247 4233 4243
f 4244 4231 4245
f 4238 4234 4248
f 4248 4234 4240
f 4249 4235 4229
f 4249 4229 4239
f 4246 4238 4250
f 4250 4238 4248
f 4251 4239 4237
f 4251 4237 4247
f 4248 4240 4252
f 4252 4240 4244
f 4253 4241 4235
f 4253 4235 4249
f 4254 4242 4246
f 4254 4246 4255
f 4255 4246 4250
f 4256 4243 4242
f 4256 4242 4254
f 4257 4247 4243
f 4257 4243 4256
f 4250 4248 4258
f 4258 4248 4252
f 4259 4249 4239
f 4259 4239 4251
f 4260 4254 4255
f 4261 4256 4254
f 4261 4254 4260
f 4262 4244 4245
f 4252 4244 4262
f 4263 4245 4241
f 4262 4245 4263
f 4263 4241 4253
f 4255 4250 4264
f 4264 4250 4258
f 4265 4251 4247
f 4265 4247 4257
f 4266 4255 4264
f 4260 4255 4266
f 4267 4257 4256
f 4267 4256 4261
f 4258 4252 4268
f 4268 4252 4262
f 4269 4253 4249
f 4269 4249 4259
f 4264 4258 4270
f 4270 4258 4268
f 4271 4251 4265
f 4271 4259 4251
f 4266 4264 4272
f 4272 4264 4270
f 4273 4265 4257
f 4273 4257 4267
f 4274 4260 4266
f 4275 4261 4260
f 4275 4260 4274
f 4276 4262 4263
f 4268 4262 4276
f 4277 4263 4253
f 4277 4253 4269
f 4278 4266 4272
f 4274 4266 4278
f 4279 4267 4261
f 4279 4261 4275
f 4276 4263 4277
f 4270 4268 4280
f 4272 4270 4281
f 4281 4270 4280
f 4282 4271 4265
f 4282 4265 4273
f 4280 4268 4276
f 4283 4269 4259
f 4283 4259 4271
f 4284 4272 4281
f 4278 4272 4284
f 4285 4273 4267
f 4285 4267 4279
f 4280 4276 4286
f 4286 4276 4277
f 4287 4277 4269
f 4287 4269 4283
f 4288 4280 4286
f 4281 4280 4288
f 4289 4283 4271
f 4289 4271 4282
f 4286 4277 4287
f 4290 4286 4287
f 4288 4286 4290
f 4291 4287 4283
f 4291 4283 4289
f 4292 4281 4288
f 4284 4281 4292
f 4293 4282 4273
f 4293 4273 4285
f 4290 4287 4291
f 4294 4274 4278
f 4295 4275 4274
f 4295 4274 4294
f 4296 4278 4284
f 4294 4278 4296
f 4297 4279 4275
f 4297 4275 4295
f 4298 4288 4290
f 4292 4288 4298
f 4299 4289 4282
f 4299 4282 4293
f 4300 4284 4292
f 4296 4284 4300
f 4301 4285 4279
f 4301 4279 4297
f 4302 4290 4291
f 4298 4290 4302
f 4303 4291 4289
f 4302 4291 4303
f 4303 4289 4299
f 4304 4292 4298
f 4300 4292 4304
f 4305 4293 4285
f 4305 4285 4301
f 4306 4294 4296
f 4307 4295 4294
f 4307 4294 4306
f 4308 4298 4302
f 4304 4298 4308
f 4309 4299 4293
f 4309 4293 4305
f 4310 4296 4300
f 4306 4296 4310
f 4311 4297 4295
f 4311 4295 4307
f 4312 4302 4303
f 4308 4302 4312
f 4313 4303 4299
f 4313 4299 4309
f 4314 4300 4304
f 4310 4300 4314
f 4315 4301 4297
f 4315 4297 4311
f 4312 4303 4313
f 4316 4304 4308
f 4314 4304 4316
f 4317 4305 4301
f 4317 4301 4315
f 4318 4308 4312
f 4316 4308 4318
f 4319 4309 4305
f 4319 4305 4317
f 4320 4306 4310
f 4321 4307 4306
f 4321 4306 4320
f 4322 4310 4314
f 4320 4310 4322
f 4323 4311 4307
f 4323 4307 4321
f 4324 4312 4313
f 4318 4312 4324
f 4325 4313 4309
f 4325 4309 4319
f 4324 4313 4325
f 4326 4314 4316
f 4322 4314 4326
f 4327 4315 4311
f 4327 4311 4323
f 4328 4316 4318
f 4326 4316 4328
f 4329 4317 4315
f 4329 4315 4327
f 4330 4318 4324
f 4328 4318 4330
f 4331 4319 4317
f 4331 4317 4329
f 4332 4320 4322
f 4333 4321 4320
f 4333 4320 4332
f 4334 4322 4326
f 4332 4322 4334
f 4335 4324 4325
f 4330 4324 4335
f 4336 4323 4321
f 4336 4321 4333
f 4337 4325 4319
f 4335 4325 4337
f 4337 4319 4331
f 4338 4326 4328
f 4334 4326 4338
f 4339 4327 4323
f 4339 4323 4336
f 4340 4328 4330
f 4338 4328 4340
f 4341 4329 4327
f 4341 4327 4339
f 4342 4330 4335
f 4340 4330 4342
f 4343 4331 4329
f 4343 4329 4341
f 4344 4332 4334
f 4345 4333 4332
f 4345 4332 4344
f 4346 4334 4338
f 4344 4334 4346
f 4347 4335 4337
f 4342 4335 4347
f 4348 4336 4333
f 4348 4333 4345
f 4349 4337 4331
f 4349 4331 4343
f 4347 4337 4349
f 4350 4338 4340
f 4346 4338 4350
f 4351 4339 4336
f 4351 4336 4348
f 4352 4340 4342
f 4350 4340 4352
f 4353 4341 4339
f 4353 4339 4351
f 4354 4342 4347
f 4352 4342 4354
f 4355 4344 4346
f 4356 4345 4344
f 4356 4344 4355
f 4357 4343 4341
f 4357 4341 4353
f 4358 4346 4350
f 4355 4346 4358
f 4359 4348 4345
f 4359 4345 4356
f 4360 4347 4349
f 4354 4347 4360
f 4361 4349 4343
f 4361 4343 4357
f 4360 4349 4361
f 4362 4350 4352
f 4358 4350 4362
f 4363 4351 4348
f 4363 4348 4359
f 4364 4352 4354
f 4362 4352 4364
f 4365 4353 4351
f 4365 4351 4363
f 4366 4355 4358
f 4367 4356 4355
f 4367 4355 4366
f 4368 4354 4360
f 4364 4354 4368
f 4369 4358 4362
f 4366 4358 4369
f 4370 4359 4356
f 4370 4356 4367
f 4371 4357 4353
f 4371 4353 4365
f 4372 4360 4361
f 4368 4360 4372
f 4373 4362 4364
f 4369 4362 4373
f 4374 4363 4359
f 4374 4359 4370
f 4375 4361 4357
f 4375 4357 4371
f 4372 4361 4375
f 4376 4364 4368
f 4373 4364 4376
f 4377 4365 4363
f 4377 4363 4374
f 4378 4366 4369
f 4379 4367 4366
f 4379 4366 4378
f 4380 4369 4373
f 4378 4369 4380
f 4381 4370 4367
f 4381 4367 4379
f 4382 4368 4372
f 4376 4368 4382
f 4383 4371 4365
f 4383 4365 4377
f 4380 4373 4384
f 4384 4373 4376
f 4385 4374 4370
f 4385 4370 4381
f 4386 4372 4375
f 4382 4372 4386
f 4387 4375 4371
f 4387 4371 4383
f 4388 4378 4380
f 4388 4380 4389
f 4389 4380 4384
f 4390 4379 4378
f 4390 4378 4388
f 4391 4379 4390
f 4391 4381 4379
f 4392 4388 4393
f 4393 4388 4389
f 4393 4389 4394
f 4386 4375 4387
f 4384 4376 4395
f 4395 4376 4382
f 4396 4377 4374
f 4396 4374 4385
f 4392 4390 4388
f 4394 4389 4397
f 4394 4397 4398
f 4399 4390 4392
f 4389 4384 4397
f 4399 4391 4390
f 4397 4384 4395
f 4400 4381 4391
f 4400 4385 4381
f 4398 4397 4401
f 4398 4401 4402
f 4403 4391 4399
f 4395 4382 4404
f 4404 4382 4386
f 4405 4383 4377
f 4405 4377 4396
f 4397 4395 4401
f 4403 4400 4391
f 4401 4395 4404
f 4406 4385 4400
f 4406 4396 4385
f 4407 4386 4387
f 4404 4386 4407
f 4402 4401 4408
f 4402 4408 4409
f 4410 4400 4403
f 4411 4387 4383
f 4411 4383 4405
f 4407 4387 4411
f 4401 4404 4408
f 4410 4406 4400
f 4408 4404 4407
f 4412 4405 4396
f 4412 4396 4406
f 4409 4408 4413
f 4409 4413 4414
f 4415 4406 4410
f 4408 4407 4413
f 4413 4407 4411
f 4416 4411 4405
f 4416 4405 4412
f 4415 4412 4406
f 4413 4411 4416
f 4414 4413 4416
f 4414 4416 4417
f 4417 4412 4415
f 4417 4416 4412
f 4418 4419 4420
f 4421 4420 4422
f 4418 4420 4421
f 4423 4424 4419
f 4423 4419 4418
f 4425 4422 4426
f 4421 4422 4425
f 4427 4428 4424
f 4427 4424 4423
f 4429 4426 4430
f 4425 4426 4429
f 4431 4432 4428
f 4431 4428 4427
f 4433 4430 4434
f 4429 4430 4433
f 4435 4436 4432
f 4435 4432 4431
f 4437 4434 4438
f 4433 4434 4437
f 4439 4440 4436
f 4439 4436 4435
f 4441 4438 4440
f 4437 4438 4441
f 4441 4440 4439
f 4442 4418 4421
f 4443 4421 4425
f 4442 4421 4443
f 4444 4423 4418
f 4444 4418 4442
f 4445 4425 4429
f 4443 4425 4445
f 4446 4427 4423
f 4446 4423 4444
f 4447 4429 4433
f 4445 4429 4447
f 4448 4431 4427
f 4448 4427 4446
f 4449 4433 4437
f 4447 4433 4449
f 4450 4435 4431
f 4450 4431 4448
f 4451 4437 4441
f 4449 4437 4451
f 4452 4439 4435
f 4452 4435 4450
f 4453 4441 4439
f 4451 4441 4453
f 4453 4439 4452
f 4454 4442 4443
f 4455 4443 4445
f 4454 4443 4455
f 4456 4444 4442
f 4456 4442 4454
f 4457 4445 4447
f 4455 4445 4457
f 4458 4446 4444
f 4458 4444 4456
f 4459 4447 4449
f 4457 4447 4459
f 4460 4448 4446
f 4460 4446 4458
f 4461 4449 4451
f 4459 4449 4461
f 4462 4450 4448
f 4462 4448 4460
f 4463 4451 4453
f 4461 4451 4463
f 4464 4452 4450
f 4464 4450 4462
f 4465 4453 4452
f 4465 4452 4464
f 4463 4453 4465
f 4466 4454 4455
f 4467 4456 4454
f 4467 4454 4466
f 4468 4455 4457
f 4466 4455 4468
f 4469 4457 4459
f 4468 4457 4469
f 4470 4458 4456
f 4471 4460 4458
f 4471 4458 4470
f 4470 4456 4467
f 4472 4459 4461
f 4469 4459 4472
f 4473 4461 4463
f 4472 4461 4473
f 4474 4462 4460
f 4474 4460 4471
f 4475 4463 4465
f 4473 4463 4475
f 4476 4464 4462
f 4476 4462 4474
f 4477 4465 4464
f 4475 4465 4477
f 4477 4464 4476
f 4478 4466 4468
f 4479 4467 4466
f 4479 4466 4478
f 4480 4468 4469
f 4478 4468 4480
f 4481 4469 4472
f 4480 4469 4481
f 4482 4470 4467
f 4482 4467 4479
f 4483 4472 4473
f 4481 4472 4483
f 4484 4471 4470
f 4484 4470 4482
f 4485 4473 4475
f 4483 4473 4485
f 4486 4474 4471
f 4486 4471 4484
f 4487 4475 4477
f 4485 4475 4487
f 4488 4476 4474
f 4488 4474 4486
f 4489 4477 4476
f 4489 4476 4488
f 4487 4477 4489
f 4490 4478 4480
f 4491 4479 4478
f 4491 4478 4490
f 4492 4480 4481
f 4490 4480 4492
f 4493 4481 4483
f 4492 4481 4493
f 4494 4482 4479
f 4494 4479 4491
f 4495 4483 4485
f 4493 4483 4495
f 4496 4484 4482
f 4496 4482 4494
f 4497 4485 4487
f 4495 4485 4497
f 4498 4486 4484
f 4498 4484 4496
f 4499 4488 4486
f 4499 4486 4498
f 4500 4489 4488
f 4500 4488 4499
f 4501 4487 4489
f 4501 4489 4500
f 4497 4487 4501
f 4502 4491 4490
f 4503 4494 4491
f 4503 4491 4502
f 4504 4490 4492
f 4502 4490 4504
f 4505 4492 4493
f 4504 4492 4505
f 4506 4493 4495
f 4505 4493 4506
f 4507 4495 4497
f 4506 4495 4507
f 4508 4496 4494
f 4508 4494 4503
f 4509 4497 4501
f 4507 4497 4509
f 4510 4498 4496
f 4510 4496 4508
f 4511 4501 4500
f 4509 4501 4511
f 4512 4499 4498
f 4512 4498 4510
f 4513 4500 4499
f 4513 4499 4512
f 4511 4500 4513
f 4514 4504 4505
f 4515 4505 4506
f 4514 4505 4515
f 4516 4502 4504
f 4516 4504 4514
f 4517 4506 4507
f 4515 4506 4517
f 4518 4503 4502
f 4518 4502 4516
f 4519 4507 4509
f 4517 4507 4519
f 4520 4508 4503
f 4520 4503 4518
f 4521 4509 4511
f 4519 4509 4521
f 4522 4510 4508
f 4522 4508 4520
f 4523 4511 4513
f 4521 4511 4523
f 4524 4512 4510
f 4524 4510 4522
f 4525 4513 4512
f 4525 4512 4524
f 4523 4513 4525
f 4526 4514 4515
f 4527 4516 4514
f 4527 4514 4526
f 4528 4515 4517
f 4526 4515 4528
f 4529 4517 4519
f 4528 4517 4529
f 4530 4518 4516
f 4530 4516 4527
f 4531 4519 4521
f 4529 4519 4531
f 4532 4520 4518
f 4532 4518 4530
f 4533 4521 4523
f 4531 4521 4533
f 4534 4522 4520
f 4534 4520 4532
f 4535 4523 4525
f 4533 4523 4535
f 4536 4524 4522
f 4536 4522 4534
f 4537 4525 4524
f 4537 4524 4536
f 4535 4525 4537
f 4538 4526 4528
f 4539 4527 4526
f 4539 4526 4538
f 4540 4528 4529
f 4538 4528 4540
f 4541 4530 4527
f 4541 4527 4539
f 4542 4529 4531
f 4540 4529 4542
f 4543 4532 4530
f 4543 4530 4541
f 4544 4531 4533
f 4542 4531 4544
f 4545 4534 4532
f 4545 4532 4543
f 4546 4533 4535
f 4544 4533 4546
f 4547 4536 4534
f 4547 4534 4545
f 4548 4535 4537
f 4546 4535 4548
f 4549 4537 4536
f 4549 4536 4547
f 4548 4537 4549
f 4550 4538 4540
f 4551 4539 4538
f 4551 4538 4550
f 4552 4540 4542
f 4550 4540 4552
f 4553 4541 4539
f 4553 4539 4551
f 4554 4542 4544
f 4552 4542 4554
f 4555 4543 4541
f 4555 4541 4553
f 4556 4544 4546
f 4554 4544 4556
f 4557 4545 4543
f 4557 4543 4555
f 4558 4546 4548
f 4556 4546 4558
f 4559 4547 4545
f 4559 4545 4557
f 4560 4548 4549
f 4558 4548 4560
f 4561 4549 4547
f 4561 4547 4559
f 4560 4549 4561
f 4562 4551 4550
f 4563 4553 4551
f 4563 4551 4562
f 4564 4550 4552
f 4562 4550 4564
f 4565 4552 4554
f 4564 4552 4565
f 4566 4555 4553
f 4566 4553 4563
f 4567 4554 4556
f 4565 4554 4567
f 4568 4557 4555
f 4568 4555 4566
f 4569 4556 4558
f 4567 4556 4569
f 4570 4559 4557
f 4570 4557 4568
f 4571 4561 4559
f 4571 4559 4570
f 4572 4562 4564
f 4573 4563 4562
f 4573 4562 4572
f 4574 4564 4565
f 4572 4564 4574
f 4575 4558 4560
f 4569 4558 4575
f 4576 4566 4563
f 4576 4563 4573
f 4577 4560 4561
f 4575 4560 4577
f 4577 4561 4571
f 4578 4565 4567
f 4574 4565 4578
f 4579 4568 4566
f 4579 4566 4576
f 4580 4567 4569
f 4578 4567 4580
f 4581 4570 4568
f 4581 4568 4579
f 4582 4569 4575
f 4580 4569 4582
f 4583 4571 4570
f 4583 4570 4581
f 4584 4577 4571
f 4584 4571 4583
f 4585 4575 4577
f 4585 4577 4584
f 4582 4575 4585
f 4586 4572 4574
f 4587 4573 4572
f 4587 4572 4586
f 4588 4574 4578
f 4586 4574 4588
f 4589 4576 4573
f 4589 4573 4587
f 4590 4578 4580
f 4588 4578 4590
f 4591 4579 4576
f 4591 4576 4589
f 4592 4580 4582
f 4590 4580 4592
f 4593 4581 4579
f 4593 4579 4591
f 4594 4582 4585
f 4592 4582 4594
f 4595 4583 4581
f 4595 4581 4593
f 4596 4585 4584
f 4594 4585 4596
f 4597 4584 4583
f 4597 4583 4595
f 4596 4584 4597
f 4598 4588 4590
f 4599 4586 4588
f 4599 4588 4598
f 4600 4590 4592
f 4598 4590 4600
f 4601 4592 4594
f 4600 4592 4601
f 4602 4587 4586
f 4602 4586 4599
f 4603 4594 4596
f 4601 4594 4603
f 4604 4589 4587
f 4604 4587 4602
f 4605 4596 4597
f 4603 4596 4605
f 4606 4591 4589
f 4606 4589 4604
f 4607 4597 4595
f 4605 4597 4607
f 4608 4593 4591
f 4608 4591 4606
f 4609 4595 4593
f 4609 4593 4608
f 4607 4595 4609
f 4610 4600 4601
f 4611 4601 4603
f 4610 4601 4611
f 4612 4598 4600
f 4612 4600 4610
f 4613 4603 4605
f 4611 4603 4613
f 4614 4599 4598
f 4614 4598 4612
f 4615 4605 4607
f 4613 4605 4615
f 4616 4602 4599
f 4616 4599 4614
f 4617 4607 4609
f 4615 4607 4617
f 4618 4604 4602
f 4618 4602 4616
f 4619 4609 4608
f 4617 4609 4619
f 4620 4606 4604
f 4620 4604 4618
f 4621 4608 4606
f 4621 4606 4620
f 4619 4608 4621
f 4622 4611 4613
f 4623 4613 4615
f 4622 4613 4623
f 4624 4610 4611
f 4624 4611 4622
f 4625 4615 4617
f 4623 4615 4625
f 4626 4612 4610
f 4626 4610 4624
f 4627 4617 4619
f 4625 4617 4627
f 4628 4614 4612
f 4628 4612 4626
f 4629 4619 4621
f 4627 4619 4629
f 4630 4616 4614
f 4630 4614 4628
f 4631 4621 4620
f 4629 4621 4631
f 4632 4618 4616
f 4632 4616 4630
f 4633 4620 4618
f 4631 4620 4633
f 4633 4618 4632
f 4634 4622 4623
f 4635 4623 4625
f 4634 4623 4635
f 4636 4624 4622
f 4636 4622 4634
f 4637 4625 4627
f 4635 4625 4637
f 4638 4626 4624
f 4638 4624 4636
f 4639 4627 4629
f 4637 4627 4639
f 4640 4628 4626
f 4640 4626 4638
f 4641 4629 4631
f 4639 4629 4641
f 4642 4630 4628
f 4642 4628 4640
f 4643 4631 4633
f 4641 4631 4643
f 4644 4633 4632
f 4643 4633 4644
f 4645 4632 4630
f 4645 4630 4642
f 4644 4632 4645
f 4646 4635 4637
f 4647 4634 4635
f 4647 4635 4646
f 4648 4637 4639
f 4646 4637 4648
f 4649 4636 4634
f 4649 4634 4647
f 4650 4639 4641
f 4648 4639 4650
f 4651 4638 4636
f 4651 4636 4649
f 4652 4641 4643
f 4650 4641 4652
f 4653 4640 4638
f 4653 4638 4651
f 4654 4643 4644
f 4652 4643 4654
f 4655 4642 4640
f 4655 4640 4653
f 4656 4644 4645
f 4654 4644 4656
f 4657 4645 4642
f 4657 4642 4655
f 4656 4645 4657
f 4658 4646 4648
f 4659 4648 4650
f 4658 4648 4659
f 4660 4647 4646
f 4660 4646 4658
f 4661 4649 4647
f 4661 4647 4660
f 4662 4650 4652
f 4659 4650 4662
f 4663 4651 4649
f 4663 4649 4661
f 4664 4652 4654
f 4662 4652 4664
f 4665 4653 4651
f 4665 4651 4663
f 4666 4654 4656
f 4664 4654 4666
f 4667 4655 4653
f 4667 4653 4665
f 4668 4656 4657
f 4666 4656 4668
f 4669 4657 4655
f 4668 4657 4669
f 4669 4655 4667
f 4670 4658 4659
f 4671 4659 4662
f 4670 4659 4671
f 4672 4660 4658
f 4672 4658 4670
f 4673 4662 4664
f 4671 4662 4673
f 4674 4661 4660
f 4674 4660 4672
f 4675 4664 4666
f 4673 4664 4675
f 4676 4663 4661
f 4676 4661 4674
f 4677 4666 4668
f 4675 4666 4677
f 4678 4665 4663
f 4678 4663 4676
f 4679 4668 4669
f 4677 4668 4679
f 4680 4669 4667
f 4679 4669 4680
f 4681 4667 4665
f 4680 4667 4681
f 4681 4665 4678
f 4682 4670 4671
f 4683 4671 4673
f 4682 4671 4683
f 4684 4672 4670
f 4684 4670 4682
f 4685 4673 4675
f 4683 4673 4685
f 4686 4674 4672
f 4686 4672 4684
f 4687 4675 4677
f 4685 4675 4687
f 4688 4676 4674
f 4688 4674 4686
f 4689 4677 4679
f 4687 4677 4689
f 4690 4678 4676
f 4690 4676 4688
f 4691 4679 4680
f 4689 4679 4691
f 4692 4681 4678
f 4692 4678 4690
f 4693 4680 4681
f 4691 4680 4693
f 4693 4681 4692
f 4694 4683 4685
f 4695 4682 4683
f 4695 4683 4694
f 4696 4685 4687
f 4694 4685 4696
f 4697 4684 4682
f 4697 4682 4695
f 4698 4686 4684
f 4698 4684 4697
f 4699 4687 4689
f 4696 4687 4699
f 4700 4689 4691
f 4699 4689 4700
f 4701 4688 4686
f 4701 4686 4698
f 4702 4691 4693
f 4700 4691 4702
f 4703 4690 4688
f 4703 4688 4701
f 4704 4693 4692
f 4702 4693 4704
f 4705 4692 4690
f 4705 4690 4703
f 4704 4692 4705
f 4706 4694 4696
f 4707 4695 4694
f 4707 4694 4706
f 4708 4696 4699
f 4706 4696 4708
f 4709 4697 4695
f 4709 4695 4707
f 4710 4699 4700
f 4708 4699 4710
f 4711 4698 4697
f 4711 4697 4709
f 4712 4700 4702
f 4710 4700 4712
f 4713 4701 4698
f 4713 4698 4711
f 4714 4702 4704
f 4712 4702 4714
f 4715 4703 4701
f 4715 4701 4713
f 4716 4704 4705
f 4714 4704 4716
f 4717 4705 4703
f 4717 4703 4715
f 4716 4705 4717
f 4718 4706 4708
f 4719 4707 4706
f 4719 4706 4718
f 4720 4708 4710
f 4718 4708 4720
f 4721 4709 4707
f 4721 4707 4719
f 4722 4710 4712
f 4720 4710 4722
f 4723 4711 4709
f 4723 4709 4721
f 4724 4712 4714
f 4722 4712 4724
f 4725 4713 4711
f 4725 4711 4723
f 4726 4714 4716
f 4724 4714 4726
f 4727 4715 4713
f 4727 4713 4725
f 4728 4716 4717
f 4726 4716 4728
f 4729 4717 4715
f 4729 4715 4727
f 4728 4717 4729
f 4730 4718 4720
f 4731 4719 4718
f 4731 4718 4730
f 4732 4720 4722
f 4730 4720 4732
f 4733 4721 4719
f 4733 4719 4731
f 4734 4722 4724
f 4732 4722 4734
f 4735 4723 4721
f 4735 4721 4733
f 4736 4724 4726
f 4734 4724 4736
f 4737 4725 4723
f 4737 4723 4735
f 4738 4726 4728
f 4736 4726 4738
f 4739 4727 4725
f 4739 4725 4737
f 4740 4728 4729
f 4738 4728 4740
f 4741 4729 4727
f 4741 4727 4739
f 4740 4729 4741
f 4742 4730 4732
f 4743 4731 4730
f 4743 4730 4742
f 4744 4732 4734
f 4742 4732 4744
f 4745 4733 4731
f 4745 4731 4743
f 4746 4734 4736
f 4744 4734 4746
f 4747 4735 4733
f 4747 4733 4745
f 4748 4736 4738
f 4746 4736 4748
f 4749 4737 4735
f 4749 4735 4747
f 4750 4738 4740
f 4748 4738 4750
f 4751 4739 4737
f 4751 4737 4749
f 4752 4740 4741
f 4750 4740 4752
f 4753 4741 4739
f 4753 4739 4751
f 4752 4741 4753
f 4754 4743 4742
f 4755 4742 4744
f 4754 4742 4755
f 4756 4745 4743
f 4756 4743 4754
f 4757 4744 4746
f 4755 4744 4757
f 4758 4747 4745
f 4758 4745 4756
f 4759 4746 4748
f 4757 4746 4759
f 4760 4749 4747
f 4760 4747 4758
f 4761 4748 4750
f 4759 4748 4761
f 4762 4750 4752
f 4761 4750 4762
f 4763 4751 4749
f 4763 4749 4760
f 4764 4752 4753
f 4762 4752 4764
f 4765 4753 4751
f 4765 4751 4763
f 4766 4754 4755
f 4767 4755 4757
f 4766 4755 4767
f 4768 4756 4754
f 4768 4754 4766
f 4764 4753 4765
f 4769 4757 4759
f 4767 4757 4769
f 4770 4758 4756
f 4770 4756 4768
f 4771 4759 4761
f 4769 4759 4771
f 4772 4760 4758
f 4772 4758 4770
f 4773 4761 4762
f 4771 4761 4773
f 4774 4763 4760
f 4774 4760 4772
f 4775 4762 4764
f 4773 4762 4775
f 4776 4766 4767
f 4777 4767 4769
f 4776 4767 4777
f 4778 4768 4766
f 4778 4766 4776
f 4779 4765 4763
f 4779 4763 4774
f 4780 4769 4771
f 4777 4769 4780
f 4781 4764 4765
f 4775 4764 4781
f 4781 4765 4779
f 4782 4770 4768
f 4782 4768 4778
f 4783 4771 4773
f 4780 4771 4783
f 4784 4772 4770
f 4784 4770 4782
f 4785 4773 4775
f 4783 4773 4785
f 4786 4774 4772
f 4786 4772 4784
f 4787 4776 4777
f 4788 4777 4780
f 4787 4777 4788
f 4789 4778 4776
f 4789 4776 4787
f 4790 4775 4781
f 4785 4775 4790
f 4791 4780 4783
f 4788 4780 4791
f 4792 4779 4774
f 4792 4774 4786
f 4793 4782 4778
f 4793 4778 4789
f 4794 4781 4779
f 4790 4781 4794
f 4794 4779 4792
f 4795 4783 4785
f 4791 4783 4795
f 4796 4784 4782
f 4796 4782 4793
f 4797 4785 4790
f 4795 4785 4797
f 4798 4786 4784
f 4798 4784 4796
f 4799 4787 4788
f 4800 4788 4791
f 4799 4788 4800
f 4801 4789 4787
f 4801 4787 4799
f 4802 4791 4795
f 4800 4791 4802
f 4803 4793 4789
f 4803 4789 4801
f 4804 4790 4794
f 4797 4790 4804
f 4805 4792 4786
f 4805 4786 4798
f 4806 4794 4792
f 4804 4794 4806
f 4806 4792 4805
f 4807 4795 4797
f 4802 4795 4807
f 4808 4796 4793
f 4808 4793 4803
f 4809 4799 4800
f 4810 4800 4802
f 4809 4800 4810
f 4811 4801 4799
f 4811 4799 4809
f 4812 4797 4804
f 4807 4797 4812
f 4813 4798 4796
f 4813 4796 4808
f 4814 4802 4807
f 4810 4802 4814
f 4815 4803 4801
f 4815 4801 4811
f 4816 4804 4806
f 4812 4804 4816
f 4817 4805 4798
f 4817 4798 4813
f 4818 4808 4803
f 4818 4803 4815
f 4819 4807 4812
f 4814 4807 4819
f 4820 4806 4805
f 4816 4806 4820
f 4820 4805 4817
f 4821 4809 4810
f 4822 4810 4814
f 4821 4810 4822
f 4823 4811 4809
f 4823 4809 4821
f 4824 4813 4808
f 4824 4808 4818
f 4825 4815 4811
f 4825 4811 4823
f 4826 4812 4816
f 4819 4812 4826
f 4827 4814 4819
f 4822 4814 4827
f 4828 4818 4815
f 4828 4815 4825
f 4829 4816 4820
f 4826 4816 4829
f 4830 4817 4813
f 4830 4813 4824
f 4827 4819 4831
f 4831 4819 4826
f 4832 4821 4822
f 4833 4822 4827
f 4832 4822 4833
f 4834 4823 4821
f 4834 4821 4832
f 4835 4820 4817
f 4829 4820 4835
f 4835 4817 4830
f 4836 4824 4818
f 4836 4818 4828
f 4833 4827 4837
f 4837 4827 4831
f 4838 4825 4823
f 4838 4823 4834
f 4831 4826 4839
f 4839 4826 4829
f 4840 4828 4825
f 4840 4825 4838
f 4841 4832 4833
f 4842 4833 4837
f 4841 4833 4842
f 4843 4834 4832
f 4843 4832 4841
f 4837 4831 4844
f 4844 4831 4839
f 4845 4838 4834
f 4845 4834 4843
f 4846 4830 4824
f 4846 4824 4836
f 4847 4829 4835
f 4839 4829 4847
f 4842 4837 4848
f 4848 4837 4844
f 4849 4835 4830
f 4847 4835 4849
f 4849 4830 4846
f 4850 4836 4828
f 4850 4828 4840
f 4851 4840 4838
f 4851 4838 4845
f 4844 4839 4852
f 4852 4839 4847
f 4848 4844 4853
f 4853 4844 4852
f 4854 4847 4849
f 4852 4847 4854
f 4855 4846 4836
f 4855 4836 4850
f 4856 4840 4851
f 4856 4850 4840
f 4853 4852 4857
f 4858 4849 4846
f 4854 4849 4858
f 4858 4846 4855
f 4857 4852 4854
f 4859 4855 4850
f 4859 4850 4856
f 4857 4854 4860
f 4860 4854 4858
f 4861 4858 4855
f 4860 4858 4861
f 4861 4855 4859
f 4862 4863 4864
f 4865 4864 4866
f 4862 4864 4865
f 4867 4868 4863
f 4867 4863 4862
f 4869 4866 4870
f 4865 4866 4869
f 4871 4872 4868
f 4871 4868 4867
f 4873 4870 4874
f 4869 4870 4873
f 4875 4876 4872
f 4875 4872 4871
f 4877 4874 4878
f 4873 4874 4877
f 4879 4880 4876
f 4879 4876 4875
f 4881 4878 4882
f 4877 4878 4881
f 4883 4884 4880
f 4883 4880 4879
f 4885 4882 4884
f 4881 4882 4885
f 4885 4884 4883
f 4886 4862 4865
f 4887 4865 4869
f 4886 4865 4887
f 4888 4867 4862
f 4888 4862 4886
f 4889 4869 4873
f 4887 4869 4889
f 4890 4873 4877
f 4889 4873 4890
f 4891 4877 4881
f 4890 4877 4891
f 4892 4881 4885
f 4891 4881 4892
f 4893 4885 4883
f 4892 4885 4893
f 4894 4883 4879
f 4893 4883 4894
f 4895 4871 4867
f 4895 4867 4888
f 4896 4875 4871
f 4896 4871 4895
f 4897 4879 4875
f 4897 4875 4896
f 4894 4879 4897
f 4898 4889 4890
f 4899 4887 4889
f 4899 4889 4898
f 4900 4890 4891
f 4898 4890 4900
f 4901 4891 4892
f 4900 4891 4901
f 4902 4892 4893
f 4901 4892 4902
f 4903 4893 4894
f 4902 4893 4903
f 4904 4886 4887
f 4904 4887 4899
f 4905 4888 4886
f 4905 4886 4904
f 4906 4895 4888
f 4906 4888 4905
f 4907 4896 4895
f 4907 4895 4906
f 4908 4897 4896
f 4908 4896 4907
f 4909 4894 4897
f 4909 4897 4908
f 4903 4894 4909
f 4910 4900 4901
f 4911 4898 4900
f 4911 4900 4910
f 4912 4901 4902
f 4910 4901 4912
f 4913 4902 4903
f 4912 4902 4913
f 4914 4899 4898
f 4914 4898 4911
f 4915 4903 4909
f 4913 4903 4915
f 4916 4904 4899
f 4916 4899 4914
f 4917 4909 4908
f 4915 4909 4917
f 4918 4905 4904
f 4918 4904 4916
f 4919 4908 4907
f 4917 4908 4919
f 4920 4906 4905
f 4920 4905 4918
f 4921 4907 4906
f 4921 4906 4920
f 4919 4907 4921
f 4922 4910 4912
f 4923 4911 4910
f 4923 4910 4922
f 4924 4912 4913
f 4922 4912 4924
f 4925 4913 4915
f 4924 4913 4925
f 4926 4915 4917
f 4925 4915 4926
f 4927 4914 4911
f 4927 4911 4923
f 4928 4916 4914
f 4928 4914 4927
f 4929 4917 4919
f 4926 4917 4929
f 4930 4918 4916
f 4930 4916 4928
f 4931 4919 4921
f 4929 4919 4931
f 4932 4920 4918
f 4932 4918 4930
f 4933 4921 4920
f 4931 4921 4933
f 4933 4920 4932
f 4934 4922 4924
f 4935 4924 4925
f 4934 4924 4935
f 4936 4923 4922
f 4936 4922 4934
f 4937 4925 4926
f 4935 4925 4937
f 4938 4926 4929
f 4937 4926 4938
f 4939 4927 4923
f 4939 4923 4936
f 4940 4928 4927
f 4940 4927 4939
f 4941 4929 4931
f 4938 4929 4941
f 4942 4931 4933
f 4941 4931 4942
f 4943 4930 4928
f 4943 4928 4940
f 4944 4933 4932
f 4942 4933 4944
f 4945 4932 4930
f 4945 4930 4943
f 4944 4932 4945
f 4946 4934 4935
f 4947 4935 4937
f 4946 4935 4947
f 4948 4936 4934
f 4948 4934 4946
f 4949 4937 4938
f 4947 4937 4949
f 4950 4939 4936
f 4950 4936 4948
f 4951 4938 4941
f 4949 4938 4951
f 4952 4940 4939
f 4952 4939 4950
f 4953 4941 4942
f 4951 4941 4953
f 4954 4943 4940
f 4954 4940 4952
f 4955 4942 4944
f 4953 4942 4955
f 4956 4945 4943
f 4956 4943 4954
f 4957 4944 4945
f 4955 4944 4957
f 4957 4945 4956
f 4958 4946 4947
f 4959 4947 4949
f 4958 4947 4959
f 4960 4948 4946
f 4960 4946 4958
f 4961 4949 4951
f 4959 4949 4961
f 4962 4950 4948
f 4962 4948 4960
f 4963 4951 4953
f 4961 4951 4963
f 4964 4952 4950
f 4964 4950 4962
f 4965 4953 4955
f 4963 4953 4965
f 4966 4954 4952
f 4966 4952 4964
f 4967 4955 4957
f 4965 4955 4967
f 4968 4958 4959
f 4969 4959 4961
f 4968 4959 4969
f 4970 4960 4958
f 4970 4958 4968
f 4971 4956 4954
f 4971 4954 4966
f 4972 4961 4963
f 4969 4961 4972
f 4973 4957 4956
f 4967 4957 4973
f 4973 4956 4971
f 4974 4975 4976
f 4975 4977 4976
f 4974 4976 4978
f 4978 4976 4979
f 4976 4977 4980
f 4976 4980 4979
f 4981 4975 4974
f 4975 4982 4977
f 4983 4982 4975
f 4981 4983 4975
f 4984 4962 4960
f 4984 4960 4970
f 4985 4974 4978
f 4978 4979 4986
f 4987 4978 4986
f 4985 4978 4987
f 4988 4981 4974
f 4988 4974 4985
f 4982 4989 4977
f 4977 4990 4980
f 4977 4989 4990
f 4983 4991 4982
f 4982 4992 4989
f 4991 4992 4982
f 4993 4963 4965
f 4972 4963 4993
f 4979 4980 4994
f 4986 4979 4995
f 4979 4994 4995
f 4996 4964 4962
f 4996 4962 4984
f 4997 4991 4983
f 4998 4983 4981
f 4998 4997 4983
f 4980 4990 4999
f 4980 4999 4994
f 4992 5000 4989
f 4989 5001 4990
f 4989 5000 5001
f 4991 5002 4992
f 5002 5003 4992
f 4992 5003 5000
f 4987 4986 5004
f 4986 4995 5005
f 5004 4986 5005
f 4997 5006 4991
f 5006 5002 4991
f 5007 4981 4988
f 5007 4998 4981
f 4990 5008 4999
f 4990 5001 5008
f 5009 4968 4969
f 5010 4969 4972
f 5009 4969 5010
f 5011 4970 4968
f 5011 4968 5009
f 4993 4965 5012
f 5012 4965 4967
f 5013 4985 4987
f 5013 4987 5014
f 5014 4987 5004
f 5015 4985 5013
f 5015 4988 4985
f 4995 4994 5016
f 5005 4995 5017
f 4995 5016 5017
f 5018 4997 4998
f 5018 5019 4997
f 5019 5006 4997
f 4994 5020 5016
f 4994 4999 5020
f 5002 5021 5003
f 5006 5022 5002
f 5022 5021 5002
f 5003 5023 5000
f 5000 5024 5001
f 5000 5023 5024
f 5021 5025 5003
f 5003 5025 5023
f 5010 4972 5026
f 5026 4972 4993
f 5027 4970 5011
f 5027 4984 4970
f 5028 4964 4996
f 5028 4966 4964
f 5029 5013 5014
f 5014 5004 5030
f 5031 5014 5030
f 5029 5014 5031
f 5032 5015 5013
f 5032 5013 5029
f 5004 5005 5033
f 5030 5004 5033
f 5033 5005 5034
f 5033 5034 5035
f 5030 5033 5036
f 5036 5033 5035
f 5037 5007 4988
f 5037 4988 5015
f 5038 4998 5007
f 5039 5038 5007
f 5039 5007 5037
f 5005 5017 5034
f 5034 5017 5040
f 5034 5040 5041
f 5035 5034 5041
f 5038 5018 4998
f 5042 5019 5018
f 5043 5018 5038
f 5043 5042 5018
f 5017 5044 5040
f 5017 5016 5044
f 5040 5044 5045
f 5041 5040 5046
f 5040 5045 5046
f 5047 5048 5019
f 5042 5047 5019
f 5047 5049 5048
f 5050 5049 5047
f 5051 5047 5042
f 5051 5050 5047
f 5019 5048 5006
f 5016 5052 5044
f 5016 5020 5052
f 5044 5053 5045
f 5044 5052 5053
f 5048 5022 5006
f 5048 5054 5022
f 5049 5054 5048
f 4999 5055 5020
f 5020 5055 5056
f 5020 5056 5052
f 4999 5008 5055
f 5054 5057 5022
f 5054 5058 5057
f 5049 5059 5054
f 5059 5058 5054
f 5022 5057 5021
f 5001 5060 5008
f 5008 5060 5061
f 5008 5061 5055
f 5001 5024 5060
f 5057 5062 5021
f 5021 5062 5025
f 5057 5063 5062
f 5058 5063 5057
f 5024 5064 5060
f 5060 5064 5065
f 5060 5065 5061
f 5023 5066 5024
f 5024 5066 5064
f 5025 5067 5023
f 5023 5067 5066
f 5062 5068 5025
f 5025 5068 5067
f 5063 5069 5062
f 5062 5069 5068
f 5063 5070 5069
f 5058 5071 5063
f 5071 5070 5063
f 5067 5072 5066
f 5066 5072 5073
f 5066 5073 5064
f 5068 5074 5067
f 5067 5074 5072
f 5069 5075 5068
f 5068 5075 5074
f 5069 5076 5075
f 5070 5076 5069
f 5074 5026 5072
f 5072 5026 5077
f 5072 5077 5073
f 5075 5010 5074
f 5074 5010 5026
f 5076 5009 5075
f 5075 5009 5010
f 5076 5011 5009
f 5078 5011 5076
f 5070 5078 5076
f 5026 4993 5077
f 5077 4993 5012
f 5077 5012 5079
f 5073 5077 5079
f 5078 5027 5011
f 5080 4984 5027
f 5081 5027 5078
f 5081 5080 5027
f 5012 4967 5082
f 5079 5012 5082
f 5080 4996 4984
f 5083 4996 5080
f 5083 5028 4996
f 5082 4967 4973
f 5084 4973 4971
f 5082 4973 5084
f 5085 4971 4966
f 5085 4966 5028
f 5084 4971 5085
f 5086 5030 5036
f 5031 5030 5086
f 5035 5041 5087
f 5041 5046 5088
f 5087 5041 5088
f 5050 5089 5049
f 5089 5059 5049
f 5055 5090 5056
f 5055 5061 5090
f 5064 5073 5091
f 5064 5091 5065
f 5073 5079 5091
f 5079 5082 5092
f 5092 5082 5084
f 5036 5035 5093
f 5094 5036 5093
f 5086 5036 5094
f 5095 5037 5015
f 5095 5015 5032
f 5093 5035 5087
f 5096 5043 5038
f 5096 5038 5039
f 5088 5050 5051
f 5097 5088 5051
f 5088 5046 5050
f 5087 5088 5097
f 5098 5051 5042
f 5097 5051 5098
f 5098 5042 5043
f 5046 5089 5050
f 5046 5045 5089
f 5045 5099 5089
f 5045 5053 5099
f 5089 5099 5059
f 5052 5100 5053
f 5052 5056 5100
f 5053 5101 5099
f 5053 5100 5101
f 5099 5102 5059
f 5099 5101 5102
f 5059 5102 5058
f 5056 5103 5100
f 5056 5090 5103
f 5102 5071 5058
f 5061 5065 5104
f 5061 5104 5090
f 5071 5105 5070
f 5102 5106 5071
f 5106 5105 5071
f 5105 5078 5070
f 5105 5081 5078
f 5091 5079 5092
f 5107 5080 5081
f 5107 5083 5080
f 5108 5084 5085
f 5092 5084 5108
f 5109 5085 5028
f 5108 5085 5109
f 5109 5028 5083
f 5110 5087 5097
f 5093 5087 5110
f 5101 5106 5102
f 5065 5091 5111
f 5065 5111 5104
f 5091 5092 5111
f 5112 5039 5037
f 5112 5037 5095
f 5113 5098 5043
f 5113 5043 5096
f 5114 5081 5105
f 5106 5114 5105
f 5114 5107 5081
f 5111 5092 5108
f 5115 5097 5098
f 5110 5097 5115
f 5115 5098 5113
f 5100 5116 5101
f 5100 5103 5116
f 5101 5116 5106
f 5090 5117 5103
f 5090 5104 5117
f 5116 5114 5106
f 5118 5083 5107
f 5118 5109 5083
f 5119 5093 5110
f 5094 5093 5119
f 5103 5120 5116
f 5103 5117 5120
f 5116 5120 5114
f 5104 5111 5121
f 5104 5121 5117
f 5120 5107 5114
f 5111 5108 5121
f 5120 5118 5107
f 5121 5108 5109
f 5121 5109 5118
f 5122 5096 5039
f 5122 5039 5112
f 5123 5029 5031
f 5124 5031 5086
f 5123 5031 5124
f 5125 5032 5029
f 5125 5029 5123
f 5117 5118 5120
f 5117 5121 5118
f 5126 5086 5094
f 5124 5086 5126
f 5127 5095 5032
f 5127 5032 5125
f 5128 5110 5115
f 5119 5110 5128
f 5129 5113 5096
f 5129 5096 5122
f 5130 5094 5119
f 5126 5094 5130
f 5131 5115 5113
f 5128 5115 5131
f 5131 5113 5129
f 5132 5112 5095
f 5132 5095 5127
f 5133 5119 5128
f 5130 5119 5133
f 5134 5122 5112
f 5134 5112 5132
f 5135 5128 5131
f 5133 5128 5135
f 5136 5129 5122
f 5136 5122 5134
f 5137 5131 5129
f 5135 5131 5137
f 5138 5123 5124
f 5139 5124 5126
f 5138 5124 5139
f 5137 5129 5136
f 5140 5125 5123
f 5140 5123 5138
f 5141 5126 5130
f 5139 5126 5141
f 5142 5127 5125
f 5142 5125 5140
f 5143 5130 5133
f 5141 5130 5143
f 5144 5132 5127
f 5144 5127 5142
f 5145 5133 5135
f 5143 5133 5145
f 5146 5134 5132
f 5146 5132 5144
f 5147 5135 5137
f 5145 5135 5147
f 5148 5136 5134
f 5148 5134 5146
f 5149 5137 5136
f 5147 5137 5149
f 5149 5136 5148
f 5150 5151 5152
f 5151 5153 5152
f 5154 5152 5155
f 5152 5156 5155
f 5150 5152 5154
f 5152 5153 5156
f 5157 5151 5150
f 5157 5158 5151
f 5151 5159 5153
f 5158 5159 5151
f 5154 5155 5160
f 5160 5155 5161
f 5155 5156 5162
f 5155 5162 5161
f 5163 5150 5154
f 5164 5154 5160
f 5163 5154 5164
f 5165 5157 5150
f 5165 5150 5163
f 5166 5160 5167
f 5160 5161 5167
f 5164 5160 5166
f 5168 5157 5165
f 5168 5169 5157
f 5169 5158 5157
f 5166 5167 5170
f 5170 5167 5171
f 5167 5161 5172
f 5167 5172 5171
f 5173 5164 5166
f 5174 5166 5170
f 5173 5166 5174
f 5175 5163 5164
f 5175 5164 5173
f 5176 5165 5163
f 5176 5163 5175
f 5177 5168 5165
f 5177 5165 5176
f 5174 5170 5178
f 5178 5170 5179
f 5170 5171 5179
f 5180 5168 5177
f 5181 5169 5168
f 5180 5181 5168
f 5182 5174 5178
f 5182 5178 5183
f 5183 5178 5184
f 5178 5179 5184
f 5185 5173 5174
f 5185 5174 5182
f 5186 5175 5173
f 5186 5173 5185
f 5187 5176 5175
f 5187 5175 5186
f 5188 5177 5176
f 5188 5176 5187
f 5189 5177 5188
f 5189 5180 5177
f 5190 5182 5183
f 5190 5183 5191
f 5191 5183 5192
f 5183 5184 5192
f 5193 5187 5186
f 5194 5187 5193
f 5194 5188 5187
f 5195 5185 5182
f 5195 5182 5190
f 5196 5186 5185
f 5196 5185 5195
f 5193 5186 5196
f 5197 5190 5191
f 5197 5191 5198
f 5191 5192 5199
f 5198 5191 5199
f 5200 5193 5196
f 5201 5194 5193
f 5201 5193 5200
f 5202 5195 5190
f 5202 5190 5197
f 5203 5196 5195
f 5203 5195 5202
f 5200 5196 5203
f 5204 5202 5197
f 5205 5197 5198
f 5204 5197 5205
f 5206 5203 5202
f 5206 5202 5204
f 5207 5200 5203
f 5207 5203 5206
f 5208 5209 5210
f 5209 5211 5210
f 5208 5210 5212
f 5212 5210 5213
f 5210 5214 5213
f 5210 5211 5214
f 5215 5212 5216
f 5212 5213 5216
f 5215 5216 5217
f 5217 5216 5218
f 5216 5213 5219
f 5216 5219 5218
f 5220 5209 5208
f 5220 5221 5209
f 5209 5222 5211
f 5221 5222 5209
f 5223 5208 5212
f 5223 5212 5215
f 5224 5208 5223
f 5224 5220 5208
f 5225 5215 5217
f 5225 5217 5226
f 5226 5217 5227
f 5217 5218 5227
f 5228 5223 5215
f 5228 5215 5225
f 5229 5224 5223
f 5229 5223 5228
f 5230 5226 5231
f 5226 5227 5231
f 5230 5231 5232
f 5232 5231 5233
f 5231 5227 5234
f 5231 5234 5233
f 5235 5225 5226
f 5235 5226 5230
f 5236 5224 5229
f 5237 5220 5224
f 5236 5237 5224
f 5238 5228 5225
f 5238 5225 5235
f 5239 5229 5228
f 5239 5228 5238
f 5240 5230 5232
f 5240 5232 5241
f 5241 5232 5242
f 5232 5233 5242
f 5243 5229 5239
f 5243 5236 5229
f 5244 5235 5230
f 5244 5230 5240
f 5245 5238 5235
f 5245 5235 5244
f 5246 5239 5238
f 5246 5238 5245
f 5247 5243 5239
f 5247 5239 5246
f 5248 5240 5241
f 5248 5241 5249
f 5249 5241 5250
f 5241 5242 5250
f 5251 5243 5247
f 5252 5236 5243
f 5251 5252 5243
f 5253 5244 5240
f 5253 5240 5248
f 5254 5245 5244
f 5254 5244 5253
f 5255 5246 5245
f 5255 5245 5254
f 5256 5247 5246
f 5256 5246 5255
f 5257 5249 5258
f 5249 5250 5258
f 5257 5258 5259
f 5259 5258 5260
f 5258 5250 5261
f 5258 5261 5260
f 5262 5248 5249
f 5262 5249 5257
f 5263 5247 5256
f 5263 5251 5247
f 5264 5253 5248
f 5264 5248 5262
f 5265 5254 5253
f 5265 5253 5264
f 5266 5255 5254
f 5266 5254 5265
f 5267 5256 5255
f 5267 5255 5266
f 5268 5257 5259
f 5268 5259 5269
f 5269 5259 5270
f 5259 5260 5270
f 5271 5262 5257
f 5271 5257 5268
f 5272 5256 5267
f 5272 5263 5256
f 5273 5264 5262
f 5273 5262 5271
f 5274 5265 5264
f 5274 5264 5273
f 5275 5266 5265
f 5275 5265 5274
f 5276 5267 5266
f 5276 5266 5275
f 5277 5268 5269
f 5277 5269 5278
f 5278 5269 5279
f 5269 5270 5279
f 5280 5271 5268
f 5280 5268 5277
f 5281 5267 5276
f 5281 5272 5267
f 5282 5273 5271
f 5282 5271 5280
f 5283 5274 5273
f 5283 5273 5282
f 5284 5275 5274
f 5284 5274 5283
f 5285 5277 5278
f 5285 5278 5286
f 5286 5278 5287
f 5278 5279 5287
f 5288 5280 5277
f 5288 5277 5285
f 5289 5276 5275
f 5289 5275 5284
f 5290 5282 5280
f 5290 5280 5288
f 5291 5281 5276
f 5292 5281 5291
f 5293 5272 5281
f 5292 5293 5281
f 5291 5276 5289
f 5294 5283 5282
f 5294 5282 5290
f 5295 5285 5286
f 5296 5286 5297
f 5286 5287 5297
f 5295 5286 5296
f 5298 5288 5285
f 5298 5285 5295
f 5299 5284 5283
f 5299 5283 5294
f 5296 5297 5300
f 5300 5297 5301
f 5297 5287 5302
f 5297 5302 5301
f 5303 5290 5288
f 5303 5288 5298
f 5304 5289 5284
f 5304 5284 5299
f 5305 5291 5289
f 5306 5291 5305
f 5306 5292 5291
f 5305 5289 5304
f 5307 5294 5290
f 5307 5290 5303
f 5308 5295 5296
f 5309 5296 5300
f 5308 5296 5309
f 5310 5298 5295
f 5310 5295 5308
f 5309 5300 5311
f 5311 5300 5312
f 5300 5301 5312
f 5313 5298 5310
f 5313 5303 5298
f 5314 5299 5294
f 5314 5294 5307
f 5315 5303 5313
f 5315 5307 5303
f 5316 5304 5299
f 5316 5299 5314
f 5311 5312 5317
f 5318 5305 5304
f 5319 5305 5318
f 5319 5306 5305
f 5318 5304 5316
f 5320 5307 5315
f 5320 5314 5307
f 5317 5312 5321
f 5317 5321 5322
f 5323 5316 5314
f 5323 5314 5320
f 5324 5318 5316
f 5325 5318 5324
f 5325 5319 5318
f 5324 5316 5323
f 5322 5319 5325
f 5184 5179 5326
f 5179 5171 5327
f 5179 5327 5326
f 5184 5326 5328
f 5192 5184 5328
f 5329 5189 5188
f 5329 5188 5194
f 5213 5214 5330
f 5213 5330 5219
f 5227 5218 5331
f 5227 5331 5234
f 5332 5221 5220
f 5237 5332 5220
f 5333 5237 5236
f 5252 5333 5236
f 5250 5242 5334
f 5250 5334 5261
f 5335 5263 5272
f 5293 5335 5272
f 5287 5279 5336
f 5279 5270 5337
f 5279 5337 5336
f 5287 5336 5302
f 5312 5301 5338
f 5312 5338 5321
f 5321 5306 5319
f 5338 5292 5306
f 5321 5338 5306
f 5322 5321 5319
f 5159 5339 5153
f 5158 5340 5159
f 5159 5341 5339
f 5340 5341 5159
f 5153 5342 5156
f 5153 5339 5342
f 5156 5342 5343
f 5156 5343 5162
f 5169 5344 5158
f 5344 5340 5158
f 5161 5162 5345
f 5161 5345 5172
f 5181 5346 5169
f 5346 5344 5169
f 5171 5172 5347
f 5171 5347 5327
f 5348 5181 5180
f 5349 5346 5181
f 5348 5349 5181
f 5328 5326 5350
f 5326 5327 5351
f 5326 5351 5350
f 5192 5328 5352
f 5328 5350 5353
f 5352 5328 5353
f 5354 5180 5189
f 5354 5348 5180
f 5355 5354 5189
f 5355 5189 5329
f 5199 5192 5352
f 5198 5199 5356
f 5199 5352 5357
f 5356 5199 5357
f 5358 5329 5194
f 5358 5194 5201
f 5205 5198 5359
f 5359 5198 5356
f 5360 5201 5200
f 5360 5200 5207
f 5361 5204 5205
f 5362 5205 5359
f 5361 5205 5362
f 5363 5206 5204
f 5363 5204 5361
f 5364 5207 5206
f 5364 5206 5363
f 5211 5365 5214
f 5214 5366 5330
f 5214 5365 5366
f 5222 5367 5211
f 5211 5367 5365
f 5221 5368 5222
f 5222 5369 5367
f 5368 5369 5222
f 5218 5219 5370
f 5219 5330 5371
f 5219 5371 5370
f 5218 5370 5331
f 5234 5331 5372
f 5331 5370 5373
f 5331 5373 5372
f 5332 5374 5221
f 5374 5368 5221
f 5233 5234 5375
f 5234 5372 5375
f 5376 5374 5332
f 5374 5377 5368
f 5376 5378 5374
f 5378 5377 5374
f 5379 5332 5237
f 5379 5376 5332
f 5242 5233 5380
f 5233 5375 5380
f 5333 5379 5237
f 5242 5380 5334
f 5261 5334 5381
f 5334 5380 5382
f 5334 5382 5381
f 5383 5333 5252
f 5384 5379 5333
f 5383 5384 5333
f 5385 5252 5251
f 5385 5383 5252
f 5260 5261 5386
f 5261 5381 5386
f 5387 5385 5251
f 5388 5385 5387
f 5388 5389 5385
f 5389 5383 5385
f 5387 5251 5263
f 5270 5260 5390
f 5260 5386 5390
f 5337 5390 5388
f 5390 5389 5388
f 5270 5390 5337
f 5390 5386 5389
f 5391 5388 5387
f 5337 5388 5391
f 5335 5387 5263
f 5391 5387 5335
f 5336 5337 5391
f 5392 5391 5335
f 5336 5391 5392
f 5392 5335 5293
f 5302 5336 5392
f 5393 5392 5293
f 5302 5392 5393
f 5393 5293 5292
f 5301 5302 5393
f 5338 5393 5292
f 5301 5393 5338
f 5341 5394 5339
f 5341 5395 5394
f 5339 5394 5396
f 5395 5397 5394
f 5394 5397 5398
f 5394 5398 5396
f 5340 5399 5341
f 5399 5395 5341
f 5339 5396 5342
f 5342 5396 5400
f 5342 5400 5343
f 5344 5401 5340
f 5401 5399 5340
f 5162 5343 5402
f 5162 5402 5345
f 5346 5403 5344
f 5403 5401 5344
f 5172 5345 5404
f 5172 5404 5347
f 5349 5405 5346
f 5405 5403 5346
f 5327 5347 5406
f 5327 5406 5351
f 5407 5405 5349
f 5407 5408 5405
f 5405 5409 5403
f 5408 5409 5405
f 5353 5350 5407
f 5350 5408 5407
f 5350 5351 5408
f 5410 5407 5349
f 5353 5407 5410
f 5410 5349 5348
f 5411 5353 5410
f 5352 5353 5411
f 5412 5410 5348
f 5411 5410 5412
f 5412 5348 5354
f 5357 5352 5411
f 5357 5411 5413
f 5413 5411 5412
f 5414 5412 5354
f 5414 5354 5355
f 5356 5357 5415
f 5415 5357 5413
f 5416 5355 5329
f 5416 5329 5358
f 5359 5356 5417
f 5417 5356 5415
f 5418 5358 5201
f 5418 5201 5360
f 5362 5359 5419
f 5419 5359 5417
f 5420 5360 5207
f 5420 5207 5364
f 5421 5361 5362
f 5422 5362 5419
f 5421 5362 5422
f 5423 5363 5361
f 5423 5361 5421
f 5424 5364 5363
f 5424 5363 5423
f 5369 5425 5367
f 5367 5426 5365
f 5367 5425 5426
f 5368 5427 5369
f 5427 5428 5369
f 5369 5428 5425
f 5330 5429 5371
f 5330 5366 5429
f 5377 5427 5368
f 5370 5371 5430
f 5370 5430 5373
f 5375 5372 5431
f 5372 5373 5432
f 5372 5432 5431
f 5380 5375 5433
f 5375 5431 5433
f 5434 5378 5376
f 5378 5435 5377
f 5434 5436 5378
f 5436 5435 5378
f 5380 5433 5382
f 5382 5433 5437
f 5433 5431 5438
f 5433 5438 5437
f 5439 5376 5379
f 5439 5434 5376
f 5384 5439 5379
f 5440 5439 5384
f 5440 5437 5439
f 5437 5434 5439
f 5381 5382 5440
f 5382 5437 5440
f 5441 5440 5384
f 5381 5440 5441
f 5441 5384 5383
f 5386 5381 5441
f 5389 5441 5383
f 5386 5441 5389
f 5395 5442 5397
f 5442 5443 5397
f 5397 5443 5444
f 5397 5444 5398
f 5399 5445 5395
f 5445 5442 5395
f 5396 5398 5446
f 5396 5446 5400
f 5401 5447 5399
f 5447 5445 5399
f 5343 5400 5448
f 5343 5448 5402
f 5403 5449 5401
f 5449 5447 5401
f 5345 5402 5450
f 5345 5450 5404
f 5409 5449 5403
f 5347 5451 5406
f 5347 5404 5451
f 5351 5452 5408
f 5351 5406 5452
f 5408 5452 5409
f 5413 5412 5414
f 5415 5413 5453
f 5453 5413 5414
f 5454 5414 5355
f 5454 5355 5416
f 5417 5415 5455
f 5455 5415 5453
f 5456 5416 5358
f 5456 5358 5418
f 5419 5417 5457
f 5457 5417 5455
f 5458 5360 5420
f 5458 5418 5360
f 5422 5419 5459
f 5459 5419 5457
f 5460 5420 5364
f 5460 5364 5424
f 5461 5421 5422
f 5461 5422 5462
f 5462 5422 5459
f 5463 5423 5421
f 5463 5421 5461
f 5464 5424 5423
f 5464 5423 5463
f 5365 5426 5465
f 5365 5465 5366
f 5377 5466 5427
f 5427 5467 5428
f 5466 5467 5427
f 5371 5468 5430
f 5371 5429 5468
f 5435 5466 5377
f 5373 5469 5432
f 5373 5430 5469
f 5431 5432 5470
f 5432 5471 5470
f 5432 5469 5471
f 5431 5470 5438
f 5438 5436 5434
f 5438 5470 5436
f 5436 5472 5435
f 5470 5472 5436
f 5437 5438 5434
f 5442 5473 5443
f 5473 5474 5443
f 5443 5475 5444
f 5443 5474 5475
f 5445 5476 5442
f 5476 5473 5442
f 5398 5444 5477
f 5398 5477 5446
f 5447 5478 5445
f 5478 5476 5445
f 5400 5446 5479
f 5400 5479 5448
f 5449 5480 5447
f 5480 5478 5447
f 5409 5481 5449
f 5452 5481 5409
f 5406 5482 5452
f 5406 5451 5482
f 5453 5414 5454
f 5483 5454 5416
f 5483 5416 5456
f 5484 5458 5420
f 5484 5420 5460
f 5485 5460 5424
f 5485 5424 5464
f 5486 5461 5462
f 5487 5463 5461
f 5487 5461 5486
f 5425 5488 5426
f 5426 5488 5489
f 5426 5489 5465
f 5428 5490 5425
f 5425 5490 5488
f 5428 5491 5490
f 5467 5491 5428
f 5366 5465 5492
f 5366 5492 5429
f 5435 5493 5466
f 5472 5493 5435
f 5470 5471 5472
f 5473 5494 5474
f 5495 5494 5473
f 5476 5495 5473
f 5444 5475 5496
f 5444 5496 5477
f 5402 5448 5497
f 5402 5497 5450
f 5481 5480 5449
f 5452 5482 5481
f 5455 5453 5498
f 5498 5453 5454
f 5499 5456 5418
f 5499 5418 5458
f 5459 5457 5500
f 5457 5455 5501
f 5500 5457 5501
f 5462 5459 5502
f 5502 5459 5500
f 5503 5462 5502
f 5486 5462 5503
f 5504 5464 5463
f 5504 5463 5487
f 5466 5505 5467
f 5493 5505 5466
f 5430 5468 5506
f 5430 5506 5469
f 5474 5507 5508
f 5494 5507 5474
f 5474 5508 5475
f 5404 5450 5509
f 5404 5509 5451
f 5501 5455 5498
f 5490 5510 5511
f 5490 5511 5488
f 5491 5510 5490
f 5467 5512 5491
f 5505 5512 5467
f 5513 5514 5515
f 5516 5514 5513
f 5516 5517 5514
f 5518 5515 5519
f 5513 5515 5518
f 5520 5519 5521
f 5518 5519 5520
f 5520 5521 5522
f 5522 5521 5523
f 5524 5516 5513
f 5525 5516 5524
f 5525 5526 5516
f 5526 5517 5516
f 5527 5513 5518
f 5524 5513 5527
f 5528 5518 5520
f 5527 5518 5528
f 5529 5520 5522
f 5528 5520 5529
f 5529 5522 5530
f 5530 5522 5531
f 5522 5523 5531
f 5532 5525 5524
f 5533 5525 5532
f 5533 5534 5525
f 5534 5526 5525
f 5535 5524 5527
f 5532 5524 5535
f 5536 5527 5528
f 5535 5527 5536
f 5537 5528 5529
f 5536 5528 5537
f 5538 5529 5530
f 5537 5529 5538
f 5539 5530 5540
f 5530 5531 5540
f 5538 5530 5539
f 5539 5540 5541
f 5541 5540 5542
f 5540 5531 5543
f 5540 5543 5542
f 5544 5532 5535
f 5545 5533 5532
f 5545 5532 5544
f 5546 5535 5536
f 5544 5535 5546
f 5547 5533 5545
f 5547 5548 5533
f 5548 5534 5533
f 5549 5536 5537
f 5546 5536 5549
f 5550 5537 5538
f 5549 5537 5550
f 5551 5538 5539
f 5550 5538 5551
f 5552 5539 5541
f 5551 5539 5552
f 5553 5541 5554
f 5541 5542 5554
f 5553 5554 5555
f 5555 5554 5556
f 5554 5542 5557
f 5554 5557 5556
f 5552 5541 5553
f 5558 5544 5546
f 5559 5546 5549
f 5558 5546 5559
f 5560 5545 5544
f 5560 5544 5558
f 5561 5547 5545
f 5561 5545 5560
f 5562 5549 5550
f 5559 5549 5562
f 5563 5547 5561
f 5563 5564 5547
f 5564 5548 5547
f 5565 5550 5551
f 5562 5550 5565
f 5566 5551 5552
f 5565 5551 5566
f 5567 5555 5568
f 5555 5556 5568
f 5567 5568 5569
f 5569 5568 5564
f 5568 5556 5570
f 5568 5570 5564
f 5571 5552 5553
f 5566 5552 5571
f 5572 5553 5555
f 5571 5553 5572
f 5572 5555 5567
f 5573 5558 5559
f 5574 5559 5562
f 5573 5559 5574
f 5575 5560 5558
f 5575 5558 5573
f 5576 5561 5560
f 5576 5560 5575
f 5577 5562 5565
f 5574 5562 5577
f 5578 5563 5561
f 5578 5561 5576
f 5579 5565 5566
f 5577 5565 5579
f 5580 5569 5563
f 5569 5564 5563
f 5580 5563 5578
f 5581 5566 5571
f 5579 5566 5581
f 5582 5567 5569
f 5582 5569 5580
f 5583 5571 5572
f 5581 5571 5583
f 5584 5572 5567
f 5583 5572 5584
f 5584 5567 5582
f 5585 5573 5574
f 5586 5574 5577
f 5585 5574 5586
f 5587 5575 5573
f 5587 5573 5585
f 5588 5576 5575
f 5588 5575 5587
f 5589 5577 5579
f 5586 5577 5589
f 5590 5578 5576
f 5590 5576 5588
f 5591 5579 5581
f 5589 5579 5591
f 5592 5580 5578
f 5592 5578 5590
f 5593 5581 5583
f 5591 5581 5593
f 5594 5582 5580
f 5594 5580 5592
f 5595 5583 5584
f 5593 5583 5595
f 5596 5584 5582
f 5595 5584 5596
f 5596 5582 5594
f 5597 5585 5586
f 5598 5586 5589
f 5597 5586 5598
f 5599 5587 5585
f 5599 5585 5597
f 5600 5588 5587
f 5600 5587 5599
f 5601 5589 5591
f 5598 5589 5601
f 5602 5590 5588
f 5602 5588 5600
f 5603 5591 5593
f 5601 5591 5603
f 5604 5592 5590
f 5604 5590 5602
f 5605 5593 5595
f 5603 5593 5605
f 5606 5594 5592
f 5606 5592 5604
f 5607 5595 5596
f 5605 5595 5607
f 5608 5596 5594
f 5607 5596 5608
f 5608 5594 5606
f 5609 5597 5598
f 5610 5598 5601
f 5609 5598 5610
f 5611 5599 5597
f 5611 5597 5609
f 5612 5600 5599
f 5612 5599 5611
f 5613 5601 5603
f 5610 5601 5613
f 5614 5602 5600
f 5614 5600 5612
f 5615 5603 5605
f 5613 5603 5615
f 5616 5604 5602
f 5616 5602 5614
f 5617 5605 5607
f 5615 5605 5617
f 5618 5606 5604
f 5618 5604 5616
f 5619 5607 5608
f 5617 5607 5619
f 5620 5609 5610
f 5621 5610 5613
f 5620 5610 5621
f 5622 5611 5609
f 5622 5609 5620
f 5623 5608 5606
f 5619 5608 5623
f 5623 5606 5618
f 5624 5612 5611
f 5624 5611 5622
f 5625 5613 5615
f 5621 5613 5625
f 5626 5614 5612
f 5626 5612 5624
f 5627 5615 5617
f 5625 5615 5627
f 5628 5616 5614
f 5628 5614 5626
f 5629 5617 5619
f 5627 5617 5629
f 5630 5620 5621
f 5631 5622 5620
f 5631 5620 5630
f 5632 5621 5625
f 5630 5621 5632
f 5633 5618 5616
f 5633 5616 5628
f 5634 5624 5622
f 5634 5622 5631
f 5635 5619 5623
f 5629 5619 5635
f 5636 5625 5627
f 5632 5625 5636
f 5637 5623 5618
f 5635 5623 5637
f 5637 5618 5633
f 5638 5626 5624
f 5638 5624 5634
f 5639 5627 5629
f 5636 5627 5639
f 5640 5630 5632
f 5641 5631 5630
f 5641 5630 5640
f 5642 5628 5626
f 5642 5626 5638
f 5643 5632 5636
f 5640 5632 5643
f 5644 5634 5631
f 5644 5631 5641
f 5645 5629 5635
f 5639 5629 5645
f 5646 5636 5639
f 5643 5636 5646
f 5647 5633 5628
f 5647 5628 5642
f 5648 5638 5634
f 5648 5634 5644
f 5649 5635 5637
f 5645 5635 5649
f 5650 5640 5643
f 5651 5641 5640
f 5651 5640 5650
f 5652 5637 5633
f 5649 5637 5652
f 5652 5633 5647
f 5646 5639 5653
f 5653 5639 5645
f 5654 5643 5646
f 5650 5643 5654
f 5655 5644 5641
f 5655 5641 5651
f 5656 5642 5638
f 5656 5638 5648
f 5657 5646 5653
f 5654 5646 5657
f 5658 5648 5644
f 5658 5644 5655
f 5653 5645 5659
f 5659 5645 5649
f 5660 5647 5642
f 5660 5642 5656
f 5661 5653 5659
f 5657 5653 5661
f 5662 5656 5648
f 5662 5648 5658
f 5663 5649 5652
f 5659 5649 5663
f 5664 5652 5647
f 5664 5647 5660
f 5663 5652 5664
f 5665 5659 5663
f 5661 5659 5665
f 5666 5660 5656
f 5666 5656 5662
f 5667 5663 5664
f 5665 5663 5667
f 5668 5664 5660
f 5668 5660 5666
f 5667 5664 5668
f 5669 5651 5650
f 5670 5650 5654
f 5669 5650 5670
f 5671 5655 5651
f 5671 5651 5669
f 5672 5654 5657
f 5670 5654 5672
f 5673 5658 5655
f 5673 5655 5671
f 5674 5657 5661
f 5672 5657 5674
f 5675 5662 5658
f 5675 5658 5673
f 5676 5661 5665
f 5674 5661 5676
f 5677 5666 5662
f 5677 5662 5675
f 5678 5665 5667
f 5676 5665 5678
f 5679 5668 5666
f 5679 5666 5677
f 5680 5667 5668
f 5678 5667 5680
f 5680 5668 5679
f 5681 5670 5672
f 5682 5669 5670
f 5682 5670 5681
f 5683 5672 5674
f 5681 5672 5683
f 5684 5671 5669
f 5684 5669 5682
f 5685 5674 5676
f 5683 5674 5685
f 5686 5673 5671
f 5686 5671 5684
f 5687 5676 5678
f 5685 5676 5687
f 5688 5675 5673
f 5688 5673 5686
f 5689 5678 5680
f 5687 5678 5689
f 5690 5677 5675
f 5690 5675 5688
f 5691 5680 5679
f 5689 5680 5691
f 5692 5679 5677
f 5692 5677 5690
f 5691 5679 5692
f 5693 5681 5683
f 5694 5682 5681
f 5694 5681 5693
f 5695 5683 5685
f 5693 5683 5695
f 5696 5684 5682
f 5696 5682 5694
f 5697 5685 5687
f 5695 5685 5697
f 5698 5686 5684
f 5698 5684 5696
f 5507 5687 5689
f 5697 5687 5507
f 5699 5688 5686
f 5699 5686 5698
f 5508 5689 5691
f 5507 5689 5508
f 5700 5690 5688
f 5700 5688 5699
f 5701 5691 5692
f 5508 5691 5701
f 5702 5692 5690
f 5702 5690 5700
f 5701 5692 5702
f 5703 5693 5695
f 5704 5694 5693
f 5704 5693 5703
f 5705 5695 5697
f 5703 5695 5705
f 5706 5696 5694
f 5706 5694 5704
f 5494 5697 5507
f 5705 5697 5494
f 5707 5698 5696
f 5707 5696 5706
f 5708 5699 5698
f 5708 5698 5707
f 5475 5508 5701
f 5709 5700 5699
f 5709 5699 5708
f 5496 5701 5702
f 5475 5701 5496
f 5710 5702 5700
f 5710 5700 5709
f 5496 5702 5710
f 5711 5703 5705
f 5495 5705 5494
f 5711 5705 5495
f 5712 5704 5703
f 5712 5703 5711
f 5713 5706 5704
f 5713 5704 5712
f 5714 5707 5706
f 5714 5706 5713
f 5715 5708 5707
f 5715 5707 5714
f 5716 5709 5708
f 5716 5708 5715
f 5477 5496 5710
f 5717 5710 5709
f 5477 5710 5717
f 5717 5709 5716
f 5718 5711 5495
f 5718 5495 5476
f 5719 5712 5711
f 5719 5711 5718
f 5720 5713 5712
f 5720 5712 5719
f 5721 5714 5713
f 5721 5713 5720
f 5722 5715 5714
f 5722 5714 5721
f 5446 5477 5717
f 5723 5716 5715
f 5723 5715 5722
f 5479 5717 5716
f 5446 5717 5479
f 5479 5716 5723
f 5478 5718 5476
f 5724 5719 5718
f 5724 5718 5478
f 5725 5720 5719
f 5725 5719 5724
f 5726 5721 5720
f 5726 5720 5725
f 5727 5722 5721
f 5727 5721 5726
f 5497 5723 5722
f 5497 5722 5727
f 5448 5479 5723
f 5448 5723 5497
f 5480 5724 5478
f 5728 5725 5724
f 5728 5724 5480
f 5729 5726 5725
f 5729 5725 5728
f 5509 5727 5726
f 5509 5726 5729
f 5450 5497 5727
f 5450 5727 5509
f 5481 5728 5480
f 5482 5729 5728
f 5482 5728 5481
f 5451 5509 5729
f 5451 5729 5482
f 5498 5454 5483
f 5730 5498 5483
f 5501 5498 5730
f 5731 5483 5456
f 5730 5483 5731
f 5731 5456 5499
f 5732 5730 5731
f 5733 5501 5730
f 5733 5730 5732
f 5734 5731 5499
f 5732 5731 5734
f 5735 5499 5458
f 5734 5499 5735
f 5500 5501 5733
f 5735 5458 5484
f 5736 5732 5734
f 5737 5733 5732
f 5737 5732 5736
f 5738 5734 5735
f 5736 5734 5738
f 5739 5500 5733
f 5739 5733 5737
f 5740 5735 5484
f 5738 5735 5740
f 5741 5484 5460
f 5740 5484 5741
f 5502 5500 5739
f 5741 5460 5485
f 5742 5736 5738
f 5743 5737 5736
f 5743 5736 5742
f 5744 5738 5740
f 5742 5738 5744
f 5745 5739 5737
f 5745 5737 5743
f 5746 5740 5741
f 5744 5740 5746
f 5747 5502 5739
f 5747 5739 5745
f 5748 5741 5485
f 5746 5741 5748
f 5503 5502 5747
f 5749 5485 5464
f 5748 5485 5749
f 5749 5464 5504
f 5750 5742 5744
f 5751 5743 5742
f 5751 5742 5750
f 5752 5744 5746
f 5750 5744 5752
f 5753 5745 5743
f 5753 5743 5751
f 5754 5746 5748
f 5752 5746 5754
f 5755 5747 5745
f 5755 5745 5753
f 5756 5748 5749
f 5754 5748 5756
f 5757 5503 5747
f 5757 5747 5755
f 5758 5749 5504
f 5756 5749 5758
f 5759 5486 5503
f 5759 5503 5757
f 5760 5504 5487
f 5758 5504 5760
f 5761 5487 5486
f 5761 5486 5759
f 5760 5487 5761
f 5762 5751 5750
f 5763 5753 5751
f 5763 5751 5762
f 5764 5750 5752
f 5762 5750 5764
f 5765 5752 5754
f 5764 5752 5765
f 5766 5755 5753
f 5766 5753 5763
f 5767 5754 5756
f 5765 5754 5767
f 5768 5757 5755
f 5768 5755 5766
f 5769 5756 5758
f 5767 5756 5769
f 5770 5759 5757
f 5770 5757 5768
f 5771 5758 5760
f 5769 5758 5771
f 5772 5761 5759
f 5772 5759 5770
f 5773 5760 5761
f 5773 5761 5772
f 5771 5760 5773
f 5774 5763 5762
f 5775 5762 5764
f 5774 5762 5775
f 5776 5766 5763
f 5776 5763 5774
f 5777 5764 5765
f 5775 5764 5777
f 5778 5768 5766
f 5778 5766 5776
f 5779 5765 5767
f 5777 5765 5779
f 5780 5770 5768
f 5780 5768 5778
f 5781 5767 5769
f 5779 5767 5781
f 5782 5772 5770
f 5782 5770 5780
f 5783 5769 5771
f 5781 5769 5783
f 5784 5773 5772
f 5784 5772 5782
f 5785 5771 5773
f 5785 5773 5784
f 5783 5771 5785
f 5786 5774 5775
f 5787 5776 5774
f 5787 5774 5786
f 5788 5775 5777
f 5786 5775 5788
f 5789 5778 5776
f 5789 5776 5787
f 5790 5777 5779
f 5788 5777 5790
f 5791 5780 5778
f 5791 5778 5789
f 5792 5779 5781
f 5790 5779 5792
f 5793 5782 5780
f 5793 5780 5791
f 5794 5781 5783
f 5792 5781 5794
f 5795 5784 5782
f 5795 5782 5793
f 5796 5783 5785
f 5794 5783 5796
f 5797 5785 5784
f 5797 5784 5795
f 5796 5785 5797
f 5798 5787 5786
f 5799 5786 5788
f 5798 5786 5799
f 5800 5789 5787
f 5800 5787 5798
f 5801 5788 5790
f 5799 5788 5801
f 5802 5791 5789
f 5802 5789 5800
f 5803 5790 5792
f 5801 5790 5803
f 5804 5793 5791
f 5804 5791 5802
f 5805 5792 5794
f 5803 5792 5805
f 5806 5795 5793
f 5806 5793 5804
f 5807 5794 5796
f 5805 5794 5807
f 5808 5797 5795
f 5808 5795 5806
f 5809 5796 5797
f 5807 5796 5809
f 5809 5797 5808
f 5810 5798 5799
f 5811 5799 5801
f 5810 5799 5811
f 5812 5800 5798
f 5812 5798 5810
f 5813 5801 5803
f 5811 5801 5813
f 5814 5802 5800
f 5814 5800 5812
f 5815 5803 5805
f 5813 5803 5815
f 5816 5804 5802
f 5816 5802 5814
f 5817 5805 5807
f 5815 5805 5817
f 5818 5806 5804
f 5818 5804 5816
f 5819 5807 5809
f 5817 5807 5819
f 5820 5808 5806
f 5820 5806 5818
f 5821 5809 5808
f 5819 5809 5821
f 5821 5808 5820
f 5822 5810 5811
f 5823 5811 5813
f 5822 5811 5823
f 5824 5812 5810
f 5824 5810 5822
f 5825 5813 5815
f 5823 5813 5825
f 5826 5814 5812
f 5826 5812 5824
f 5827 5815 5817
f 5825 5815 5827
f 5828 5816 5814
f 5828 5814 5826
f 5829 5817 5819
f 5827 5817 5829
f 5830 5818 5816
f 5830 5816 5828
f 5831 5819 5821
f 5829 5819 5831
f 5832 5820 5818
f 5832 5818 5830
f 5833 5821 5820
f 5831 5821 5833
f 5833 5820 5832
f 5834 5822 5823
f 5835 5823 5825
f 5834 5823 5835
f 5836 5824 5822
f 5836 5822 5834
f 5837 5825 5827
f 5835 5825 5837
f 5838 5826 5824
f 5838 5824 5836
f 5839 5827 5829
f 5837 5827 5839
f 5840 5828 5826
f 5840 5826 5838
f 5841 5829 5831
f 5839 5829 5841
f 5842 5830 5828
f 5842 5828 5840
f 5843 5831 5833
f 5841 5831 5843
f 5844 5832 5830
f 5844 5830 5842
f 5845 5833 5832
f 5843 5833 5845
f 5845 5832 5844
f 5846 5834 5835
f 5847 5835 5837
f 5846 5835 5847
f 5511 5836 5834
f 5511 5834 5846
f 5848 5837 5839
f 5847 5837 5848
f 5510 5838 5836
f 5510 5836 5511
f 5849 5839 5841
f 5848 5839 5849
f 5850 5840 5838
f 5850 5838 5510
f 5851 5841 5843
f 5849 5841 5851
f 5852 5842 5840
f 5852 5840 5850
f 5853 5843 5845
f 5851 5843 5853
f 5854 5844 5842
f 5854 5842 5852
f 5855 5845 5844
f 5853 5845 5855
f 5855 5844 5854
f 5489 5846 5847
f 5856 5847 5848
f 5489 5847 5856
f 5488 5511 5846
f 5488 5846 5489
f 5857 5848 5849
f 5856 5848 5857
f 5858 5849 5851
f 5857 5849 5858
f 5491 5850 5510
f 5859 5851 5853
f 5858 5851 5859
f 5512 5852 5850
f 5512 5850 5491
f 5860 5853 5855
f 5859 5853 5860
f 5861 5854 5852
f 5861 5852 5512
f 5862 5855 5854
f 5860 5855 5862
f 5862 5854 5861
f 5465 5489 5856
f 5492 5856 5857
f 5465 5856 5492
f 5863 5857 5858
f 5492 5857 5863
f 5864 5858 5859
f 5863 5858 5864
f 5865 5859 5860
f 5864 5859 5865
f 5866 5860 5862
f 5865 5860 5866
f 5505 5861 5512
f 5867 5862 5861
f 5866 5862 5867
f 5867 5861 5505
f 5429 5492 5863
f 5468 5863 5864
f 5429 5863 5468
f 5506 5864 5865
f 5468 5864 5506
f 5868 5865 5866
f 5506 5865 5868
f 5869 5866 5867
f 5868 5866 5869
f 5493 5867 5505
f 5869 5867 5493
f 5469 5506 5868
f 5471 5868 5869
f 5469 5868 5471
f 5472 5869 5493
f 5471 5869 5472
f 5526 5870 5517
f 5871 5870 5526
f 5871 5872 5870
f 5534 5871 5526
f 5531 5523 5873
f 5531 5873 5543
f 5542 5543 5874
f 5543 5873 5875
f 5543 5875 5874
f 5548 5876 5534
f 5876 5871 5534
f 5542 5874 5557
f 5556 5557 5877
f 5557 5878 5877
f 5557 5874 5878
f 5564 5570 5548
f 5570 5876 5548
f 5556 5877 5570
f 5570 5877 5876
f 5876 5879 5871
f 5879 5872 5871
f 5877 5879 5876
f 5877 5878 5879
f 5879 5880 5872
f 5878 5880 5879
f 5874 5881 5878
f 5874 5875 5881
f 5878 5881 5880
f 5882 5883 5884
f 5885 5886 5882
f 5882 5886 5883
f 5884 5883 5887
f 5884 5887 5888
f 5885 5889 5886
f 5890 5889 5885
f 5891 5892 5893
f 5892 5894 5893
f 5891 5893 5895
f 5895 5893 5896
f 5893 5897 5896
f 5893 5894 5897
f 5898 5899 5892
f 5899 5900 5892
f 5898 5892 5891
f 5892 5900 5894
f 5901 5902 5899
f 5902 5903 5899
f 5901 5899 5898
f 5899 5903 5900
f 5904 5902 5901
f 5904 5905 5902
f 5902 5906 5903
f 5905 5906 5902
f 5887 5907 5908
f 5907 5909 5908
f 5883 5895 5907
f 5895 5896 5907
f 5883 5907 5887
f 5907 5896 5909
f 5887 5908 5910
f 5910 5908 5911
f 5908 5909 5912
f 5908 5912 5911
f 5886 5891 5895
f 5886 5895 5883
f 5889 5898 5891
f 5889 5891 5886
f 5913 5901 5898
f 5913 5898 5889
f 5914 5904 5901
f 5914 5901 5913
f 5915 5904 5914
f 5915 5916 5904
f 5916 5905 5904
f 5888 5887 5910
f 5917 5910 5918
f 5910 5911 5918
f 5888 5910 5917
f 5917 5918 5919
f 5919 5918 5920
f 5918 5921 5920
f 5918 5911 5921
f 5890 5913 5889
f 5922 5914 5913
f 5922 5913 5890
f 5923 5924 5915
f 5924 5916 5915
f 5925 5924 5923
f 5925 5926 5924
f 5924 5927 5916
f 5926 5927 5924
f 5928 5915 5914
f 5928 5914 5922
f 5923 5915 5928
f 5919 5920 5929
f 5929 5926 5925
f 5929 5920 5926
f 5900 5930 5894
f 5903 5931 5900
f 5900 5931 5930
f 5896 5897 5932
f 5896 5932 5909
f 5916 5933 5905
f 5927 5933 5916
f 5920 5934 5926
f 5920 5921 5934
f 5926 5934 5927
f 5894 5935 5897
f 5897 5936 5932
f 5897 5935 5936
f 5894 5930 5935
f 5906 5937 5903
f 5903 5937 5931
f 5905 5938 5906
f 5906 5939 5937
f 5938 5939 5906
f 5909 5932 5940
f 5909 5940 5912
f 5933 5938 5905
f 5927 5941 5933
f 5933 5942 5938
f 5941 5942 5933
f 5911 5943 5921
f 5911 5912 5943
f 5921 5944 5934
f 5921 5943 5944
f 5934 5941 5927
f 5934 5944 5941
f 5931 5945 5930
f 5930 5946 5935
f 5930 5945 5946
f 5937 5947 5931
f 5931 5947 5945
f 5939 5948 5937
f 5937 5948 5947
f 5938 5949 5939
f 5939 5950 5948
f 5949 5950 5939
f 5932 5951 5940
f 5932 5936 5951
f 5942 5949 5938
f 5941 5952 5942
f 5942 5953 5949
f 5952 5953 5942
f 5912 5954 5943
f 5912 5940 5954
f 5943 5955 5944
f 5943 5954 5955
f 5944 5952 5941
f 5944 5955 5952
f 5948 5956 5947
f 5947 5957 5945
f 5947 5956 5957
f 5950 5958 5948
f 5948 5958 5956
f 5935 5959 5936
f 5935 5946 5959
f 5949 5960 5950
f 5953 5960 5949
f 5940 5961 5954
f 5940 5951 5961
f 5952 5962 5953
f 5955 5962 5952
f 5945 5957 5963
f 5945 5963 5946
f 5950 5964 5958
f 5960 5964 5950
f 5936 5959 5965
f 5936 5965 5951
f 5953 5966 5960
f 5962 5966 5953
f 5954 5967 5955
f 5954 5961 5967
f 5955 5967 5962
f 5968 5969 5970
f 5969 5971 5970
f 5968 5970 5972
f 5972 5970 5973
f 5970 5974 5973
f 5970 5971 5974
f 5975 5976 5969
f 5976 5977 5969
f 5975 5969 5968
f 5969 5977 5971
f 5978 5979 5976
f 5979 5980 5976
f 5978 5976 5975
f 5976 5980 5977
f 5981 5982 5979
f 5982 5983 5979
f 5981 5979 5978
f 5979 5983 5980
f 5984 5982 5981
f 5984 5985 5982
f 5982 5986 5983
f 5985 5986 5982
f 5987 5972 5988
f 5972 5973 5988
f 5989 5968 5972
f 5989 5972 5987
f 5987 5988 5990
f 5990 5988 5991
f 5988 5973 5992
f 5988 5992 5991
f 5993 5975 5968
f 5993 5968 5989
f 5994 5978 5975
f 5994 5975 5993
f 5995 5981 5978
f 5995 5978 5994
f 5996 5984 5981
f 5996 5981 5995
f 5997 5987 5990
f 5998 5989 5987
f 5998 5987 5997
f 5999 5990 6000
f 5990 5991 6000
f 5997 5990 5999
f 6001 5993 5989
f 6001 5989 5998
f 6002 6003 5984
f 6003 5985 5984
f 6002 5984 5996
f 6004 6003 6002
f 6004 6005 6003
f 6003 6006 5985
f 6005 6006 6003
f 6007 6000 6008
f 6000 6009 6008
f 5999 6000 6007
f 6000 5991 6009
f 6010 5994 5993
f 6010 5993 6001
f 6011 6008 6012
f 6008 6013 6012
f 6007 6008 6011
f 6008 6009 6013
f 6014 5995 5994
f 6014 5994 6010
f 6015 6012 6004
f 6012 6005 6004
f 6011 6012 6015
f 6012 6013 6005
f 5963 5997 5999
f 5957 5998 5997
f 5957 5997 5963
f 6016 5996 5995
f 6016 5995 6014
f 6017 5999 6007
f 5963 5999 6017
f 5956 6001 5998
f 5956 5998 5957
f 6018 6004 6002
f 6015 6004 6018
f 6019 6002 5996
f 6019 5996 6016
f 6020 6007 6011
f 6017 6007 6020
f 6018 6002 6019
f 5958 6010 6001
f 5958 6001 5956
f 6021 6011 6015
f 6020 6011 6021
f 5964 6014 6010
f 5964 6010 5958
f 5946 5963 6017
f 6022 6015 6018
f 6021 6015 6022
f 6023 6016 6014
f 6023 6014 5964
f 5959 6017 6020
f 5946 6017 5959
f 6024 6018 6019
f 6022 6018 6024
f 6025 6019 6016
f 6025 6016 6023
f 5965 6020 6021
f 5959 6020 5965
f 6024 6019 6025
f 6026 6021 6022
f 5965 6021 6026
f 6027 6022 6024
f 6026 6022 6027
f 5960 6023 5964
f 6028 6024 6025
f 6027 6024 6028
f 5966 6025 6023
f 5966 6023 5960
f 5951 5965 6026
f 6028 6025 5966
f 5961 6026 6027
f 5951 6026 5961
f 5967 6027 6028
f 5961 6027 5967
f 5962 6028 5966
f 5967 6028 5962
f 5980 6029 5977
f 5977 6030 5971
f 5977 6029 6030
f 5983 6031 5980
f 5980 6031 6029
f 5986 6032 5983
f 5983 6032 6031
f 5985 6033 5986
f 6033 6034 5986
f 5986 6034 6032
f 5973 6035 5992
f 5973 5974 6035
f 6006 6033 5985
f 6005 6036 6006
f 6006 6037 6033
f 6036 6037 6006
f 5991 6038 6009
f 5991 5992 6038
f 6009 6039 6013
f 6009 6038 6039
f 6013 6036 6005
f 6013 6039 6036
f 5971 6040 5974
f 5971 6030 6040
f 5992 6041 6038
f 5992 6035 6041
f 6037 6042 6033
f 6033 6042 6034
f 6038 6043 6039
f 6038 6041 6043
f 6039 6044 6036
f 6036 6044 6037
f 5974 6045 6035
f 5974 6040 6045
f 6039 6043 6044
f 6044 6046 6037
f 6037 6046 6042
f 6035 6047 6041
f 6035 6045 6047
f 6032 6048 6031
f 6031 6049 6029
f 6031 6048 6049
f 6034 6050 6032
f 6032 6050 6048
f 6043 6051 6044
f 6044 6051 6046
f 6041 6052 6043
f 6041 6047 6052
f 6029 6053 6030
f 6029 6049 6053
f 6043 6052 6051
f 6042 6054 6034
f 6034 6054 6050
f 6030 6055 6040
f 6030 6053 6055
f 6046 6056 6042
f 6042 6056 6054
f 6040 6057 6045
f 6040 6055 6057
f 6051 6058 6046
f 6046 6058 6056
f 6045 6059 6047
f 6045 6057 6059
f 6052 6060 6051
f 6051 6060 6058
f 6047 6061 6052
f 6047 6059 6061
f 6052 6061 6060
f 6050 6062 6048
f 6048 6063 6049
f 6048 6062 6063
f 6054 6064 6050
f 6050 6064 6062
f 6049 6065 6053
f 6049 6063 6065
f 6056 6066 6054
f 6054 6066 6064
f 6053 6067 6055
f 6053 6065 6067
f 6058 6068 6056
f 6056 6068 6066
f 6055 6069 6057
f 6055 6067 6069
f 6060 6070 6058
f 6058 6070 6068
f 6057 6071 6059
f 6057 6069 6071
f 6061 6072 6060
f 6060 6072 6070
f 6059 6073 6061
f 6059 6071 6073
f 6061 6073 6072
f 6062 6074 6063
f 6063 6075 6065
f 6063 6074 6075
f 6064 6076 6062
f 6062 6076 6074
f 6066 6077 6064
f 6064 6077 6076
f 6068 6078 6066
f 6066 6078 6077
f 6065 6079 6067
f 6065 6075 6079
f 6070 6080 6068
f 6068 6080 6078
f 6067 6081 6069
f 6067 6079 6081
f 6072 6082 6070
f 6070 6082 6080
f 6069 6083 6071
f 6069 6081 6083
f 6073 6084 6072
f 6072 6084 6082
f 6071 6085 6073
f 6071 6083 6085
f 6073 6085 6084
f 6077 6086 6076
f 6076 6087 6074
f 6076 6086 6087
f 6078 6088 6077
f 6077 6088 6086
f 6074 6089 6075
f 6074 6087 6089
f 6080 6090 6078
f 6078 6090 6088
f 6075 6091 6079
f 6075 6089 6091
f 6082 6092 6080
f 6080 6092 6090
f 6079 6093 6081
f 6079 6091 6093
f 6081 6094 6083
f 6081 6093 6094
f 6084 6095 6082
f 6085 6096 6084
f 6084 6096 6095
f 6082 6095 6092
f 6083 6097 6085
f 6083 6094 6097
f 6085 6097 6096
f 6088 6098 6086
f 6086 6099 6087
f 6086 6098 6099
f 6090 6100 6088
f 6088 6100 6098
f 6087 6101 6089
f 6087 6099 6101
f 6092 6102 6090
f 6090 6102 6100
f 6095 6103 6092
f 6092 6103 6102
f 6089 6104 6091
f 6089 6101 6104
f 6096 6105 6095
f 6095 6105 6103
f 6091 6106 6093
f 6091 6104 6106
f 6097 6107 6096
f 6096 6107 6105
f 6093 6108 6094
f 6093 6106 6108
f 6094 6109 6097
f 6094 6108 6109
f 6097 6109 6107
f 6100 6110 6098
f 6098 6111 6099
f 6098 6110 6111
f 6102 6112 6100
f 6100 6112 6110
f 6103 6113 6102
f 6102 6113 6112
f 6099 6114 6101
f 6099 6111 6114
f 6105 6115 6103
f 6103 6115 6113
f 6101 6116 6104
f 6101 6114 6116
f 6107 6117 6105
f 6105 6117 6115
f 6104 6118 6106
f 6104 6116 6118
f 6109 6119 6107
f 6107 6119 6117
f 6106 6120 6108
f 6106 6118 6120
f 6108 6121 6109
f 6108 6120 6121
f 6109 6121 6119
f 6112 6122 6110
f 6110 6123 6111
f 6110 6122 6123
f 6113 6124 6112
f 6112 6124 6122
f 6111 6125 6114
f 6111 6123 6125
f 6115 6126 6113
f 6113 6126 6124
f 6117 6127 6115
f 6115 6127 6126
f 6114 6128 6116
f 6114 6125 6128
f 6116 6129 6118
f 6116 6128 6129
f 6119 6130 6117
f 6117 6130 6127
f 6121 6131 6119
f 6119 6131 6130
f 6118 6132 6120
f 6118 6129 6132
f 6120 6133 6121
f 6120 6132 6133
f 6121 6133 6131
f 6124 6134 6122
f 6122 6135 6123
f 6122 6134 6135
f 6126 6136 6124
f 6124 6136 6134
f 6123 6137 6125
f 6123 6135 6137
f 6127 6138 6126
f 6126 6138 6136
f 6125 6139 6128
f 6125 6137 6139
f 6130 6140 6127
f 6127 6140 6138
f 6128 6141 6129
f 6128 6139 6141
f 6131 6142 6130
f 6130 6142 6140
f 6129 6143 6132
f 6129 6141 6143
f 6133 6144 6131
f 6131 6144 6142
f 6132 6145 6133
f 6132 6143 6145
f 6133 6145 6144
f 6136 6146 6134
f 6134 6147 6135
f 6134 6146 6147
f 6138 6148 6136
f 6136 6148 6146
f 6135 6149 6137
f 6135 6147 6149
f 6140 6150 6138
f 6138 6150 6148
f 6137 6151 6139
f 6137 6149 6151
f 6142 6152 6140
f 6140 6152 6150
f 6139 6153 6141
f 6139 6151 6153
f 6144 6154 6142
f 6142 6154 6152
f 6141 6155 6143
f 6141 6153 6155
f 6145 6156 6144
f 6144 6156 6154
f 6143 6157 6145
f 6143 6155 6157
f 6145 6157 6156
f 6148 6158 6146
f 6146 6159 6147
f 6146 6158 6159
f 6150 6160 6148
f 6148 6160 6158
f 6147 6161 6149
f 6147 6159 6161
f 6152 6162 6150
f 6150 6162 6160
f 6149 6163 6151
f 6149 6161 6163
f 6154 6164 6152
f 6152 6164 6162
f 6151 6165 6153
f 6151 6163 6165
f 6156 6166 6154
f 6154 6166 6164
f 6153 6167 6155
f 6153 6165 6167
f 6157 6168 6156
f 6156 6168 6166
f 6155 6169 6157
f 6155 6167 6169
f 6157 6169 6168
f 6160 6170 6158
f 6158 6171 6159
f 6158 6170 6171
f 6162 6172 6160
f 6160 6172 6170
f 6159 6173 6161
f 6159 6171 6173
f 6164 6174 6162
f 6162 6174 6172
f 6161 6175 6163
f 6161 6173 6175
f 6166 6176 6164
f 6164 6176 6174
f 6163 6177 6165
f 6163 6175 6177
f 6165 6178 6167
f 6165 6177 6178
f 6168 6179 6166
f 6166 6179 6176
f 6167 6180 6169
f 6167 6178 6180
f 6169 6181 6168
f 6169 6180 6181
f 6168 6181 6179
f 6170 6182 6171
f 6172 6183 6170
f 6170 6183 6182
f 6171 6184 6173
f 6171 6182 6184
f 6174 6185 6172
f 6172 6185 6183
f 6173 6186 6175
f 6173 6184 6186
f 6174 6187 6185
f 6176 6187 6174
f 6183 6188 6182
f 6185 6189 6183
f 6183 6189 6188
f 6182 6190 6184
f 6182 6188 6190
f 6185 6191 6189
f 6187 6191 6185
f 6175 6192 6177
f 6175 6186 6192
f 6176 6193 6187
f 6179 6193 6176
f 6194 6195 6196
f 6197 6195 6194
f 6195 6198 6196
f 6197 6199 6195
f 6199 6200 6195
f 6195 6200 6198
f 6201 6194 6202
f 6194 6196 6202
f 6201 6202 6203
f 6203 6202 6204
f 6202 6196 6205
f 6202 6205 6204
f 6206 6194 6201
f 6206 6197 6194
f 6207 6201 6203
f 6207 6203 6208
f 6208 6203 6209
f 6203 6204 6209
f 6210 6201 6207
f 6210 6206 6201
f 6211 6207 6208
f 6212 6210 6207
f 6212 6207 6211
f 6189 6213 6188
f 6191 6214 6189
f 6189 6214 6213
f 6184 6215 6186
f 6184 6190 6215
f 6187 6216 6191
f 6193 6216 6187
f 6177 6217 6178
f 6177 6192 6217
f 6181 6218 6179
f 6179 6218 6193
f 6196 6198 6219
f 6196 6219 6205
f 6220 6199 6197
f 6199 6221 6200
f 6220 6222 6199
f 6222 6221 6199
f 6223 6197 6206
f 6223 6220 6197
f 6224 6206 6210
f 6224 6223 6206
f 6211 6208 6225
f 6208 6209 6226
f 6225 6208 6226
f 6227 6210 6212
f 6227 6224 6210
f 6228 6211 6225
f 6229 6212 6211
f 6229 6211 6228
f 6188 6213 6230
f 6188 6230 6190
f 6191 6231 6214
f 6216 6231 6191
f 6200 6232 6198
f 6221 6233 6200
f 6200 6233 6232
f 6209 6204 6234
f 6204 6205 6235
f 6204 6235 6234
f 6226 6209 6236
f 6209 6234 6236
f 6228 6225 6237
f 6225 6226 6238
f 6237 6225 6238
f 6239 6212 6229
f 6239 6227 6212
f 6240 6228 6237
f 6241 6229 6228
f 6241 6228 6240
f 6214 6242 6213
f 6231 6243 6214
f 6214 6243 6242
f 6186 6215 6244
f 6186 6244 6192
f 6178 6245 6180
f 6178 6217 6245
f 6180 6246 6181
f 6181 6246 6218
f 6198 6247 6219
f 6198 6232 6247
f 6205 6219 6248
f 6205 6248 6235
f 6249 6220 6223
f 6250 6222 6220
f 6249 6250 6220
f 6251 6223 6224
f 6251 6249 6223
f 6238 6226 6252
f 6226 6236 6252
f 6237 6238 6253
f 6240 6237 6254
f 6254 6237 6253
f 6213 6242 6255
f 6213 6255 6230
f 6190 6230 6256
f 6190 6256 6215
f 6193 6257 6216
f 6218 6257 6193
f 6180 6245 6246
f 6222 6258 6221
f 6221 6259 6233
f 6258 6259 6221
f 6260 6258 6222
f 6250 6260 6222
f 6261 6224 6227
f 6261 6251 6224
f 6238 6252 6262
f 6253 6238 6262
f 6263 6229 6241
f 6263 6239 6229
f 6264 6240 6254
f 6264 6254 6265
f 6265 6254 6266
f 6254 6253 6266
f 6267 6240 6264
f 6267 6241 6240
f 6243 6264 6265
f 6268 6264 6243
f 6268 6267 6264
f 6231 6268 6243
f 6243 6265 6242
f 6216 6269 6231
f 6269 6268 6231
f 6257 6269 6216
f 6270 6241 6267
f 6270 6263 6241
f 6242 6265 6271
f 6265 6266 6271
f 6242 6271 6255
f 6233 6272 6232
f 6259 6273 6233
f 6233 6273 6272
f 6219 6274 6248
f 6219 6247 6274
f 6258 6275 6259
f 6260 6276 6258
f 6276 6275 6258
f 6234 6235 6277
f 6235 6248 6278
f 6235 6278 6277
f 6236 6234 6279
f 6234 6277 6279
f 6280 6250 6249
f 6281 6260 6250
f 6280 6281 6250
f 6252 6236 6282
f 6236 6279 6282
f 6283 6249 6251
f 6283 6280 6249
f 6252 6282 6284
f 6262 6252 6284
f 6285 6227 6239
f 6285 6261 6227
f 6266 6253 6286
f 6253 6262 6286
f 6287 6239 6263
f 6287 6285 6239
f 6271 6266 6288
f 6266 6286 6288
f 6255 6271 6289
f 6271 6288 6289
f 6290 6267 6268
f 6290 6270 6267
f 6230 6255 6291
f 6255 6289 6291
f 6269 6290 6268
f 6230 6291 6256
f 6292 6290 6269
f 6257 6292 6269
f 6215 6256 6293
f 6215 6293 6244
f 6192 6294 6217
f 6192 6244 6294
f 6218 6295 6257
f 6246 6295 6218
f 6232 6296 6247
f 6232 6272 6296
f 6275 6297 6259
f 6259 6297 6273
f 6248 6274 6298
f 6248 6298 6278
f 6299 6276 6260
f 6281 6299 6260
f 6282 6279 6300
f 6279 6277 6301
f 6279 6301 6300
f 6284 6282 6302
f 6282 6300 6302
f 6303 6251 6261
f 6303 6283 6251
f 6286 6262 6304
f 6262 6284 6304
f 6305 6261 6285
f 6305 6303 6261
f 6286 6304 6306
f 6288 6286 6306
f 6307 6263 6270
f 6307 6287 6263
f 6308 6270 6290
f 6308 6307 6270
f 6292 6308 6290
f 6256 6291 6309
f 6256 6309 6293
f 6295 6292 6257
f 6217 6310 6245
f 6217 6294 6310
f 6245 6311 6246
f 6245 6310 6311
f 6246 6311 6295
f 6247 6312 6274
f 6247 6296 6312
f 6276 6313 6275
f 6275 6314 6297
f 6313 6314 6275
f 6299 6315 6276
f 6315 6313 6276
f 6277 6278 6316
f 6277 6316 6301
f 6317 6299 6281
f 6318 6315 6299
f 6317 6318 6299
f 6319 6281 6280
f 6319 6317 6281
f 6320 6280 6283
f 6320 6319 6280
f 6304 6284 6321
f 6284 6302 6321
f 6322 6320 6283
f 6322 6283 6303
f 6304 6321 6323
f 6306 6304 6323
f 6324 6285 6287
f 6324 6305 6285
f 6289 6288 6325
f 6288 6306 6325
f 6326 6324 6287
f 6326 6287 6307
f 6291 6289 6327
f 6289 6325 6327
f 6291 6327 6309
f 6295 6328 6292
f 6328 6308 6292
f 6244 6293 6329
f 6244 6329 6294
f 6311 6328 6295
f 6273 6330 6272
f 6272 6331 6296
f 6272 6330 6331
f 6297 6332 6273
f 6273 6332 6330
f 6314 6333 6297
f 6297 6333 6332
f 6274 6334 6298
f 6274 6312 6334
f 6315 6335 6313
f 6313 6336 6314
f 6335 6336 6313
f 6278 6337 6316
f 6278 6298 6337
f 6301 6316 6338
f 6316 6339 6338
f 6316 6337 6339
f 6318 6340 6315
f 6340 6335 6315
f 6300 6301 6341
f 6301 6338 6341
f 6342 6341 6318
f 6341 6340 6318
f 6300 6341 6342
f 6341 6338 6340
f 6342 6318 6317
f 6302 6300 6342
f 6343 6342 6317
f 6302 6342 6343
f 6343 6317 6319
f 6321 6302 6343
f 6344 6343 6319
f 6321 6343 6344
f 6344 6319 6320
f 6323 6321 6344
f 6345 6344 6320
f 6323 6344 6345
f 6345 6320 6322
f 6306 6323 6346
f 6346 6323 6345
f 6347 6322 6303
f 6348 6345 6322
f 6348 6322 6347
f 6347 6303 6305
f 6325 6306 6346
f 6349 6305 6324
f 6349 6347 6305
f 6327 6325 6350
f 6325 6346 6350
f 6351 6349 6324
f 6351 6324 6326
f 6309 6327 6352
f 6327 6350 6352
f 6353 6307 6308
f 6353 6326 6307
f 6293 6309 6354
f 6309 6352 6354
f 6328 6353 6308
f 6293 6354 6329
f 6311 6355 6328
f 6355 6353 6328
f 6294 6356 6310
f 6294 6329 6356
f 6310 6355 6311
f 6310 6356 6355
f 6296 6357 6312
f 6296 6331 6357
f 6336 6358 6314
f 6314 6358 6333
f 6298 6359 6337
f 6298 6334 6359
f 6340 6360 6335
f 6335 6361 6336
f 6360 6361 6335
f 6338 6360 6340
f 6338 6339 6360
f 6346 6345 6348
f 6350 6346 6348
f 6362 6348 6347
f 6350 6348 6362
f 6362 6347 6349
f 6352 6350 6362
f 6363 6362 6349
f 6352 6362 6363
f 6363 6349 6351
f 6354 6352 6363
f 6364 6351 6326
f 6365 6351 6364
f 6365 6363 6351
f 6364 6326 6353
f 6329 6354 6365
f 6354 6363 6365
f 6356 6365 6364
f 6329 6365 6356
f 6355 6364 6353
f 6356 6364 6355
f 6337 6366 6339
f 6337 6359 6366
f 6312 6367 6334
f 6312 6357 6367
f 6361 6368 6336
f 6336 6368 6358
f 6339 6369 6360
f 6339 6366 6369
f 6360 6369 6361
f 6332 6370 6330
f 6330 6371 6331
f 6330 6370 6371
f 6333 6372 6332
f 6332 6372 6370
f 6358 6373 6333
f 6333 6373 6372
f 6334 6374 6359
f 6334 6367 6374
f 6331 6375 6357
f 6331 6371 6375
f 6369 6376 6361
f 6361 6376 6368
f 6368 6377 6358
f 6358 6377 6373
f 6359 6378 6366
f 6359 6374 6378
f 6366 6379 6369
f 6369 6379 6376
f 6366 6378 6379
f 6357 6380 6367
f 6357 6375 6380
f 6376 6381 6368
f 6368 6381 6377
f 6372 6382 6370
f 6373 6383 6372
f 6372 6383 6382
f 6370 6384 6371
f 6370 6382 6384
f 6377 6385 6373
f 6373 6385 6383
f 6367 6386 6374
f 6367 6380 6386
f 6379 6387 6376
f 6376 6387 6381
f 6371 6388 6375
f 6371 6384 6388
f 6381 6389 6377
f 6377 6389 6385
f 6374 6390 6378
f 6374 6386 6390
f 6378 6391 6379
f 6379 6391 6387
f 6378 6390 6391
f 6375 6392 6380
f 6375 6388 6392
f 6387 6393 6381
f 6381 6393 6389
f 6383 6394 6382
f 6385 6395 6383
f 6383 6395 6394
f 6380 6396 6386
f 6380 6392 6396
f 6382 6397 6384
f 6382 6394 6397
f 6389 6398 6385
f 6385 6398 6395
f 6391 6399 6387
f 6387 6399 6393
f 6384 6400 6388
f 6384 6397 6400
f 6393 6401 6389
f 6389 6401 6398
f 6386 6402 6390
f 6386 6396 6402
f 6390 6403 6391
f 6390 6402 6403
f 6391 6403 6399
f 6388 6404 6392
f 6388 6400 6404
f 6399 6405 6393
f 6393 6405 6401
f 6395 6406 6394
f 6398 6407 6395
f 6395 6407 6406
f 6392 6408 6396
f 6392 6404 6408
f 6394 6409 6397
f 6394 6406 6409
f 6403 6410 6399
f 6399 6410 6405
f 6401 6411 6398
f 6398 6411 6407
f 6396 6412 6402
f 6396 6408 6412
f 6397 6413 6400
f 6397 6409 6413
f 6402 6414 6403
f 6403 6414 6410
f 6405 6415 6401
f 6401 6415 6411
f 6402 6412 6414
f 6400 6416 6404
f 6400 6413 6416
f 6410 6417 6405
f 6405 6417 6415
f 6407 6418 6406
f 6406 6419 6409
f 6406 6418 6419
f 6411 6420 6407
f 6407 6420 6418
f 6415 6421 6411
f 6411 6421 6420
f 6404 6422 6408
f 6404 6416 6422
f 6414 6423 6410
f 6410 6423 6417
f 6409 6424 6413
f 6409 6419 6424
f 6417 6425 6415
f 6415 6425 6421
f 6408 6426 6412
f 6408 6422 6426
f 6412 6427 6414
f 6414 6427 6423
f 6412 6426 6427
f 6413 6428 6416
f 6413 6424 6428
f 6423 6429 6417
f 6417 6429 6425
f 6420 6430 6418
f 6421 6431 6420
f 6420 6431 6430
f 6418 6432 6419
f 6418 6430 6432
f 6425 6433 6421
f 6421 6433 6431
f 6416 6434 6422
f 6416 6428 6434
f 6427 6435 6423
f 6423 6435 6429
f 6419 6436 6424
f 6419 6432 6436
f 6429 6437 6425
f 6425 6437 6433
f 6422 6438 6426
f 6422 6434 6438
f 6426 6439 6427
f 6427 6439 6435
f 6426 6438 6439
f 6424 6440 6428
f 6424 6436 6440
f 6435 6441 6429
f 6429 6441 6437
f 6431 6442 6430
f 6433 6443 6431
f 6431 6443 6442
f 6430 6444 6432
f 6430 6442 6444
f 6437 6445 6433
f 6433 6445 6443
f 6428 6446 6434
f 6428 6440 6446
f 6439 6447 6435
f 6435 6447 6441
f 6432 6448 6436
f 6432 6444 6448
f 6437 6449 6445
f 6441 6449 6437
f 6434 6450 6438
f 6434 6446 6450
f 6438 6451 6439
f 6439 6451 6447
f 6443 6452 6442
f 6445 6453 6443
f 6443 6453 6452
f 6438 6450 6451
f 6436 6454 6440
f 6436 6448 6454
f 6442 6455 6444
f 6442 6452 6455
f 6445 6456 6453
f 6449 6456 6445
f 6441 6457 6449
f 6447 6457 6441
f 6444 6458 6448
f 6444 6455 6458
f 6449 6459 6456
f 6457 6459 6449
f 6440 6460 6446
f 6440 6454 6460
f 6447 6461 6457
f 6451 6461 6447
f 6448 6462 6454
f 6448 6458 6462
f 6457 6463 6459
f 6461 6463 6457
f 6446 6464 6450
f 6446 6460 6464
f 6450 6465 6451
f 6451 6465 6461
f 6450 6464 6465
f 6454 6466 6460
f 6454 6462 6466
f 6461 6467 6463
f 6465 6467 6461
f 6460 6468 6464
f 6460 6466 6468
f 6465 6469 6467
f 6464 6469 6465
f 6464 6468 6469
f 6470 6471 6472
f 6472 6473 6474
f 6472 6471 6473
f 6475 6476 6470
f 6470 6476 6471
f 6474 6473 6477
f 6474 6477 6478
f 6475 6479 6476
f 6480 6479 6475
f 6471 6481 6473
f 6473 6482 6477
f 6473 6481 6482
f 6476 6483 6471
f 6471 6483 6481
f 6479 6484 6476
f 6476 6484 6483
f 6480 6485 6479
f 6485 6486 6479
f 6479 6486 6484
f 6478 6487 6488
f 6478 6477 6487
f 6488 6489 6490
f 6488 6487 6489
f 6490 6491 6492
f 6490 6489 6491
f 6492 6493 6494
f 6492 6491 6493
f 6494 6495 6496
f 6494 6493 6495
f 6496 6497 6498
f 6496 6495 6497
f 6498 6485 6480
f 6498 6497 6485
f 6477 6499 6487
f 6477 6482 6499
f 6497 6500 6485
f 6485 6500 6486
f 6487 6501 6489
f 6487 6499 6501
f 6495 6502 6497
f 6497 6502 6500
f 6489 6503 6491
f 6489 6501 6503
f 6491 6504 6493
f 6491 6503 6504
f 6493 6505 6495
f 6493 6504 6505
f 6495 6505 6502
f 6483 6506 6481
f 6481 6507 6482
f 6481 6506 6507
f 6484 6508 6483
f 6483 6508 6506
f 6486 6509 6484
f 6484 6509 6508
f 6500 6510 6486
f 6486 6510 6509
f 6482 6507 6511
f 6482 6511 6499
f 6500 6512 6510
f 6502 6512 6500
f 6507 6513 6514
f 6513 6515 6514
f 6506 6516 6513
f 6516 6517 6513
f 6506 6513 6507
f 6513 6517 6515
f 6507 6514 6511
f 6511 6514 6518
f 6514 6519 6518
f 6514 6515 6519
f 6508 6520 6516
f 6520 6521 6516
f 6508 6516 6506
f 6516 6521 6517
f 6509 6522 6520
f 6522 6523 6520
f 6509 6520 6508
f 6520 6523 6521
f 6510 6524 6522
f 6524 6525 6522
f 6510 6522 6509
f 6522 6525 6523
f 6512 6526 6524
f 6526 6527 6524
f 6512 6524 6510
f 6524 6527 6525
f 6528 6529 6526
f 6529 6530 6526
f 6528 6526 6512
f 6526 6530 6527
f 6531 6529 6528
f 6531 6532 6529
f 6532 6533 6529
f 6529 6533 6530
f 6499 6511 6534
f 6511 6518 6534
f 6501 6534 6535
f 6534 6536 6535
f 6499 6534 6501
f 6534 6518 6536
f 6503 6535 6537
f 6535 6538 6537
f 6501 6535 6503
f 6535 6536 6538
f 6504 6537 6531
f 6537 6532 6531
f 6503 6537 6504
f 6537 6538 6532
f 6502 6528 6512
f 6505 6531 6528
f 6504 6531 6505
f 6505 6528 6502
f 6525 6539 6523
f 6523 6540 6521
f 6523 6539 6540
f 6527 6541 6525
f 6525 6541 6539
f 6518 6542 6536
f 6518 6519 6542
f 6536 6543 6538
f 6536 6542 6543
f 6538 6544 6532
f 6538 6543 6544
f 6532 6544 6533
f 6521 6545 6517
f 6521 6540 6545
f 6530 6546 6527
f 6527 6546 6541
f 6517 6547 6515
f 6517 6545 6547
f 6533 6548 6530
f 6530 6548 6546
f 6515 6549 6519
f 6515 6547 6549
f 6544 6550 6533
f 6533 6550 6548
f 6519 6551 6542
f 6519 6549 6551
f 6543 6552 6544
f 6544 6552 6550
f 6541 6553 6539
f 6539 6554 6540
f 6539 6553 6554
f 6546 6555 6541
f 6541 6555 6553
f 6542 6556 6543
f 6542 6551 6556
f 6543 6556 6552
f 6540 6557 6545
f 6540 6554 6557
f 6548 6558 6546
f 6546 6558 6555
f 6545 6559 6547
f 6545 6557 6559
f 6550 6560 6548
f 6548 6560 6558
f 6547 6561 6549
f 6547 6559 6561
f 6552 6562 6550
f 6550 6562 6560
f 6555 6563 6553
f 6553 6564 6554
f 6553 6563 6564
f 6558 6565 6555
f 6555 6565 6563
f 6549 6566 6551
f 6549 6561 6566
f 6567 6568 6569
f 6570 6569 6571
f 6567 6569 6570
f 6572 6573 6568
f 6572 6568 6567
f 6556 6574 6552
f 6552 6574 6562
f 6554 6575 6557
f 6554 6564 6575
f 6576 6571 6577
f 6570 6571 6576
f 6560 6578 6558
f 6558 6578 6565
f 6551 6579 6556
f 6551 6566 6579
f 6556 6579 6574
f 6580 6581 6573
f 6580 6573 6572
f 6582 6577 6583
f 6576 6577 6582
f 6557 6584 6559
f 6557 6575 6584
f 6560 6585 6578
f 6562 6585 6560
f 6586 6587 6581
f 6586 6581 6580
f 6588 6583 6589
f 6582 6583 6588
f 6565 6590 6563
f 6563 6591 6564
f 6563 6590 6591
f 6578 6592 6565
f 6565 6592 6590
f 6559 6593 6561
f 6559 6584 6593
f 6594 6595 6587
f 6594 6587 6586
f 6596 6567 6570
f 6597 6570 6576
f 6596 6570 6597
f 6598 6572 6567
f 6598 6567 6596
f 6564 6599 6575
f 6564 6591 6599
f 6578 6600 6592
f 6585 6600 6578
f 6574 6601 6562
f 6562 6601 6585
f 6597 6576 6602
f 6602 6576 6582
f 6561 6603 6566
f 6561 6593 6603
f 6604 6589 6605
f 6588 6589 6604
f 6606 6607 6595
f 6606 6595 6594
f 6608 6580 6572
f 6608 6572 6598
f 6579 6609 6574
f 6574 6609 6601
f 6610 6605 6607
f 6604 6605 6610
f 6610 6607 6606
f 6592 6596 6597
f 6592 6597 6590
f 6590 6597 6602
f 6600 6596 6592
f 6600 6598 6596
f 6590 6602 6591
f 6575 6611 6584
f 6575 6599 6611
f 6585 6612 6600
f 6601 6612 6585
f 6566 6613 6579
f 6566 6603 6613
f 6579 6613 6609
f 6602 6582 6614
f 6614 6582 6588
f 6615 6586 6580
f 6615 6580 6608
f 6591 6602 6614
f 6591 6614 6599
f 6612 6598 6600
f 6612 6608 6598
f 6584 6616 6593
f 6584 6611 6616
f 6601 6617 6612
f 6609 6617 6601
f 6614 6588 6618
f 6618 6588 6604
f 6619 6594 6586
f 6619 6586 6615
f 6599 6614 6618
f 6617 6608 6612
f 6617 6615 6608
f 6599 6618 6611
f 6593 6620 6603
f 6593 6616 6620
f 6618 6604 6621
f 6621 6604 6610
f 6622 6606 6594
f 6622 6594 6619
f 6611 6618 6621
f 6623 6615 6617
f 6623 6619 6615
f 6611 6621 6616
f 6609 6623 6617
f 6603 6624 6613
f 6603 6620 6624
f 6613 6623 6609
f 6613 6624 6623
f 6625 6610 6606
f 6621 6610 6625
f 6625 6606 6622
f 6616 6621 6625
f 6616 6625 6620
f 6624 6619 6623
f 6624 6622 6619
f 6620 6622 6624
f 6620 6625 6622
f 6626 6627 6628
f 6629 6630 6627
f 6629 6627 6626
f 6626 6628 6631
f 6631 6628 6632
f 6633 6634 6630
f 6633 6630 6629
f 6635 6629 6626
f 6636 6626 6631
f 6635 6626 6636
f 6637 6634 6633
f 6637 6638 6634
f 6639 6633 6629
f 6639 6629 6635
f 6631 6632 6640
f 6640 6632 6641
f 6642 6631 6640
f 6636 6631 6642
f 6640 6641 6643
f 6644 6640 6643
f 6642 6640 6644
f 6645 6637 6633
f 6645 6633 6639
f 6643 6641 6646
f 6647 6635 6636
f 6648 6636 6642
f 6647 6636 6648
f 6649 6650 6638
f 6649 6638 6637
f 6651 6652 6650
f 6651 6650 6649
f 6653 6654 6652
f 6653 6652 6651
f 6655 6649 6637
f 6655 6637 6645
f 6656 6657 6654
f 6656 6654 6653
f 6658 6651 6649
f 6658 6649 6655
f 6659 6653 6651
f 6659 6651 6658
f 6660 6646 6657
f 6660 6657 6656
f 6661 6656 6653
f 6661 6653 6659
f 6643 6646 6660
f 6662 6655 6645
f 6663 6645 6639
f 6662 6645 6663
f 6664 6658 6655
f 6664 6655 6662
f 6665 6660 6656
f 6665 6656 6661
f 6666 6639 6635
f 6663 6639 6666
f 6667 6643 6660
f 6667 6660 6665
f 6666 6635 6647
f 6644 6643 6667
f 6668 6642 6644
f 6648 6642 6668
f 6669 6667 6665
f 6670 6665 6661
f 6669 6665 6670
f 6671 6644 6667
f 6668 6644 6671
f 6672 6666 6647
f 6673 6663 6666
f 6673 6666 6672
f 6671 6667 6669
f 6674 6647 6648
f 6672 6647 6674
f 6675 6648 6668
f 6674 6648 6675
f 6676 6668 6671
f 6675 6668 6676
f 6677 6671 6669
f 6676 6671 6677
f 6678 6661 6659
f 6670 6661 6678
f 6679 6669 6670
f 6677 6669 6679
f 6680 6659 6658
f 6680 6658 6664
f 6678 6659 6680
f 6681 6662 6663
f 6681 6663 6673
f 6682 6670 6678
f 6679 6670 6682
f 6683 6674 6675
f 6684 6672 6674
f 6684 6674 6683
f 6685 6675 6676
f 6683 6675 6685
f 6686 6676 6677
f 6685 6676 6686
f 6687 6664 6662
f 6687 6662 6681
f 6688 6680 6664
f 6688 6664 6687
f 6689 6678 6680
f 6689 6680 6688
f 6682 6678 6689
f 6690 6673 6672
f 6690 6672 6684
f 6691 6677 6679
f 6686 6677 6691
f 6692 6679 6682
f 6691 6679 6692
f 6693 6681 6673
f 6693 6673 6690
f 6694 6682 6689
f 6692 6682 6694
f 6695 6683 6685
f 6696 6684 6683
f 6696 6683 6695
f 6697 6685 6686
f 6695 6685 6697
f 6698 6686 6691
f 6697 6686 6698
f 6699 6687 6681
f 6699 6681 6693
f 6700 6691 6692
f 6698 6691 6700
f 6701 6689 6688
f 6694 6689 6701
f 6702 6688 6687
f 6702 6687 6699
f 6701 6688 6702
f 6703 6693 6690
f 6704 6699 6693
f 6704 6693 6703
f 6705 6690 6684
f 6703 6690 6705
f 6705 6684 6696
f 6706 6702 6699
f 6706 6699 6704
f 6707 6701 6702
f 6707 6702 6706
f 6708 6694 6701
f 6708 6701 6707
f 6709 6692 6694
f 6709 6694 6708
f 6700 6692 6709
f 6710 6703 6705
f 6711 6704 6703
f 6711 6703 6710
f 6712 6705 6696
f 6710 6705 6712
f 6713 6706 6704
f 6713 6704 6711
f 6714 6696 6695
f 6712 6696 6714
f 6715 6707 6706
f 6715 6706 6713
f 6716 6695 6697
f 6714 6695 6716
f 6717 6708 6707
f 6717 6707 6715
f 6718 6697 6698
f 6716 6697 6718
f 6719 6709 6708
f 6719 6708 6717
f 6720 6698 6700
f 6718 6698 6720
f 6721 6700 6709
f 6721 6709 6719
f 6720 6700 6721
f 6722 6710 6712
f 6723 6711 6710
f 6723 6710 6722
f 6724 6712 6714
f 6722 6712 6724
f 6725 6714 6716
f 6724 6714 6725
f 6726 6716 6718
f 6725 6716 6726
f 6727 6718 6720
f 6726 6718 6727
f 6728 6719 6717
f 6729 6717 6715
f 6728 6717 6729
f 6730 6720 6721
f 6727 6720 6730
f 6731 6721 6719
f 6731 6719 6728
f 6730 6721 6731
f 6732 6727 6730
f 6733 6726 6727
f 6733 6727 6732
f 6734 6730 6731
f 6732 6730 6734
f 6735 6713 6711
f 6735 6711 6723
f 6736 6715 6713
f 6736 6713 6735
f 6729 6715 6736
f 6737 6725 6726
f 6738 6724 6725
f 6738 6725 6737
f 6737 6726 6733
f 6739 6731 6728
f 6740 6728 6729
f 6739 6728 6740
f 6734 6731 6739
f 6741 6722 6724
f 6741 6724 6738
f 6742 6729 6736
f 6740 6729 6742
f 6743 6732 6734
f 6744 6733 6732
f 6744 6732 6743
f 6745 6734 6739
f 6743 6734 6745
f 6746 6723 6722
f 6746 6722 6741
f 6747 6736 6735
f 6742 6736 6747
f 6748 6737 6733
f 6748 6733 6744
f 6749 6739 6740
f 6745 6739 6749
f 6750 6735 6723
f 6750 6723 6746
f 6747 6735 6750
f 6751 6738 6737
f 6751 6737 6748
f 6752 6740 6742
f 6749 6740 6752
f 6753 6741 6738
f 6753 6738 6751
f 6754 6742 6747
f 6752 6742 6754
f 6755 6743 6745
f 6756 6744 6743
f 6756 6743 6755
f 6757 6745 6749
f 6755 6745 6757
f 6758 6746 6741
f 6758 6741 6753
f 6759 6747 6750
f 6754 6747 6759
f 6760 6748 6744
f 6760 6744 6756
f 6761 6749 6752
f 6757 6749 6761
f 6762 6750 6746
f 6762 6746 6758
f 6759 6750 6762
f 6763 6751 6748
f 6763 6748 6760
f 6764 6752 6754
f 6761 6752 6764
f 6765 6755 6757
f 6766 6756 6755
f 6766 6755 6765
f 6767 6757 6761
f 6765 6757 6767
f 6768 6753 6751
f 6768 6751 6763
f 6769 6754 6759
f 6764 6754 6769
f 6770 6760 6756
f 6770 6756 6766
f 6771 6761 6764
f 6767 6761 6771
f 6772 6758 6753
f 6772 6753 6768
f 6773 6759 6762
f 6769 6759 6773
f 6774 6763 6760
f 6774 6760 6770
f 6775 6764 6769
f 6771 6764 6775
f 6776 6762 6758
f 6776 6758 6772
f 6773 6762 6776
f 6777 6765 6767
f 6778 6766 6765
f 6778 6765 6777
f 6779 6767 6771
f 6777 6767 6779
f 6780 6770 6766
f 6780 6766 6778
f 6781 6768 6763
f 6781 6763 6774
f 6775 6769 6782
f 6782 6769 6773
f 6783 6771 6775
f 6779 6771 6783
f 6784 6774 6770
f 6784 6770 6780
f 6785 6772 6768
f 6785 6768 6781
f 6786 6775 6782
f 6783 6775 6786
f 6787 6773 6776
f 6782 6773 6787
f 6788 6776 6772
f 6788 6772 6785
f 6787 6776 6788
f 6789 6781 6774
f 6789 6774 6784
f 6790 6782 6787
f 6786 6782 6790
f 6791 6785 6781
f 6791 6781 6789
f 6792 6787 6788
f 6790 6787 6792
f 6793 6788 6785
f 6793 6785 6791
f 6792 6788 6793
f 6794 6778 6777
f 6795 6780 6778
f 6795 6778 6794
f 6796 6777 6779
f 6794 6777 6796
f 6797 6779 6783
f 6796 6779 6797
f 6798 6783 6786
f 6797 6783 6798
f 6799 6784 6780
f 6799 6780 6795
f 6800 6786 6790
f 6798 6786 6800
f 6801 6789 6784
f 6801 6784 6799
f 6802 6790 6792
f 6800 6790 6802
f 6803 6791 6789
f 6803 6789 6801
f 6804 6792 6793
f 6802 6792 6804
f 6805 6793 6791
f 6805 6791 6803
f 6804 6793 6805
f 6806 6796 6797
f 6807 6794 6796
f 6807 6796 6806
f 6808 6797 6798
f 6806 6797 6808
f 6809 6795 6794
f 6809 6794 6807
f 6810 6798 6800
f 6808 6798 6810
f 6811 6799 6795
f 6811 6795 6809
f 6812 6800 6802
f 6810 6800 6812
f 6813 6801 6799
f 6813 6799 6811
f 6814 6802 6804
f 6812 6802 6814
f 6815 6803 6801
f 6815 6801 6813
f 6816 6805 6803
f 6816 6803 6815
f 6817 6804 6805
f 6817 6805 6816
f 6814 6804 6817
f 6818 6807 6806
f 6819 6809 6807
f 6819 6807 6818
f 6820 6806 6808
f 6818 6806 6820
f 6821 6808 6810
f 6820 6808 6821
f 6822 6810 6812
f 6821 6810 6822
f 6823 6811 6809
f 6823 6809 6819
f 6824 6812 6814
f 6822 6812 6824
f 6825 6813 6811
f 6825 6811 6823
f 6826 6814 6817
f 6824 6814 6826
f 6827 6815 6813
f 6827 6813 6825
f 6828 6817 6816
f 6826 6817 6828
f 6829 6816 6815
f 6829 6815 6827
f 6828 6816 6829
f 6830 6820 6821
f 6831 6818 6820
f 6831 6820 6830
f 6832 6821 6822
f 6830 6821 6832
f 6833 6819 6818
f 6833 6818 6831
f 6834 6822 6824
f 6832 6822 6834
f 6835 6823 6819
f 6835 6819 6833
f 6836 6824 6826
f 6834 6824 6836
f 6837 6825 6823
f 6837 6823 6835
f 6838 6826 6828
f 6836 6826 6838
f 6839 6827 6825
f 6839 6825 6837
f 6840 6828 6829
f 6838 6828 6840
f 6841 6829 6827
f 6841 6827 6839
f 6840 6829 6841
f 6842 6830 6832
f 6843 6831 6830
f 6843 6830 6842
f 6844 6832 6834
f 6842 6832 6844
f 6845 6833 6831
f 6845 6831 6843
f 6846 6834 6836
f 6844 6834 6846
f 6847 6835 6833
f 6847 6833 6845
f 6848 6836 6838
f 6846 6836 6848
f 6849 6837 6835
f 6849 6835 6847
f 6850 6838 6840
f 6848 6838 6850
f 6851 6839 6837
f 6851 6837 6849
f 6852 6840 6841
f 6850 6840 6852
f 6853 6841 6839
f 6853 6839 6851
f 6852 6841 6853
f 6854 6842 6844
f 6855 6843 6842
f 6855 6842 6854
f 6856 6844 6846
f 6854 6844 6856
f 6857 6845 6843
f 6857 6843 6855
f 6858 6846 6848
f 6856 6846 6858
f 6859 6848 6850
f 6858 6848 6859
f 6860 6847 6845
f 6860 6845 6857
f 6861 6849 6847
f 6861 6847 6860
f 6862 6850 6852
f 6859 6850 6862
f 6863 6851 6849
f 6863 6849 6861
f 6864 6852 6853
f 6862 6852 6864
f 6865 6853 6851
f 6865 6851 6863
f 6864 6853 6865
f 6866 6854 6856
f 6867 6855 6854
f 6867 6854 6866
f 6868 6856 6858
f 6866 6856 6868
f 6869 6858 6859
f 6868 6858 6869
f 6870 6857 6855
f 6870 6855 6867
f 6871 6859 6862
f 6869 6859 6871
f 6872 6860 6857
f 6872 6857 6870
f 6873 6862 6864
f 6871 6862 6873
f 6874 6861 6860
f 6874 6860 6872
f 6875 6864 6865
f 6873 6864 6875
f 6876 6863 6861
f 6876 6861 6874
f 6877 6865 6863
f 6875 6865 6877
f 6877 6863 6876
f 6878 6866 6868
f 6879 6868 6869
f 6878 6868 6879
f 6880 6867 6866
f 6880 6866 6878
f 6881 6869 6871
f 6879 6869 6881
f 6882 6870 6867
f 6882 6867 6880
f 6883 6871 6873
f 6881 6871 6883
f 6884 6872 6870
f 6884 6870 6882
f 6885 6873 6875
f 6883 6873 6885
f 6886 6874 6872
f 6886 6872 6884
f 6887 6875 6877
f 6885 6875 6887
f 6888 6876 6874
f 6888 6874 6886
f 6889 6877 6876
f 6887 6877 6889
f 6889 6876 6888
f 6890 6878 6879
f 6891 6879 6881
f 6890 6879 6891
f 6892 6880 6878
f 6892 6878 6890
f 6893 6881 6883
f 6891 6881 6893
f 6894 6882 6880
f 6894 6880 6892
f 6895 6883 6885
f 6893 6883 6895
f 6896 6885 6887
f 6895 6885 6896
f 6897 6884 6882
f 6897 6882 6894
f 6898 6886 6884
f 6898 6884 6897
f 6899 6887 6889
f 6896 6887 6899
f 6900 6889 6888
f 6899 6889 6900
f 6901 6888 6886
f 6901 6886 6898
f 6900 6888 6901
f 6902 6891 6893
f 6903 6890 6891
f 6903 6891 6902
f 6904 6893 6895
f 6902 6893 6904
f 6905 6892 6890
f 6905 6890 6903
f 6906 6895 6896
f 6904 6895 6906
f 6907 6894 6892
f 6907 6892 6905
f 6908 6896 6899
f 6906 6896 6908
f 6909 6897 6894
f 6909 6894 6907
f 6910 6899 6900
f 6908 6899 6910
f 6911 6898 6897
f 6911 6897 6909
f 6912 6900 6901
f 6910 6900 6912
f 6913 6901 6898
f 6913 6898 6911
f 6912 6901 6913
f 6914 6902 6904
f 6915 6903 6902
f 6915 6902 6914
f 6916 6904 6906
f 6914 6904 6916
f 6917 6905 6903
f 6917 6903 6915
f 6918 6906 6908
f 6916 6906 6918
f 6919 6907 6905
f 6919 6905 6917
f 6920 6908 6910
f 6918 6908 6920
f 6921 6909 6907
f 6921 6907 6919
f 6922 6910 6912
f 6920 6910 6922
f 6923 6911 6909
f 6923 6909 6921
f 6924 6912 6913
f 6922 6912 6924
f 6925 6914 6916
f 6926 6915 6914
f 6926 6914 6925
f 6927 6916 6918
f 6925 6916 6927
f 6928 6913 6911
f 6928 6911 6923
f 6924 6913 6928
f 6929 6915 6926
f 6929 6917 6915
f 6927 6918 6930
f 6930 6918 6920
f 6931 6926 6925
f 6932 6929 6926
f 6932 6926 6931
f 6933 6925 6927
f 6931 6925 6933
f 6934 6927 6930
f 6933 6927 6934
f 6935 6917 6929
f 6935 6919 6917
f 6930 6920 6936
f 6936 6920 6922
f 6937 6929 6932
f 6937 6935 6929
f 6934 6930 6938
f 6938 6930 6936
f 6939 6931 6933
f 6940 6932 6931
f 6940 6931 6939
f 6941 6934 6938
f 6938 6936 6942
f 6941 6938 6943
f 6943 6938 6942
f 6944 6933 6934
f 6939 6933 6944
f 6944 6934 6941
f 6945 6921 6919
f 6945 6919 6935
f 6936 6922 6946
f 6942 6936 6946
f 6947 6944 6941
f 6948 6939 6944
f 6948 6944 6947
f 6949 6941 6943
f 6947 6941 6949
f 6946 6922 6924
f 6950 6937 6932
f 6950 6932 6940
f 6951 6923 6921
f 6951 6921 6945
f 6952 6945 6935
f 6952 6935 6937
f 6942 6946 6953
f 6946 6924 6954
f 6953 6946 6954
f 6943 6942 6955
f 6955 6942 6953
f 6956 6940 6939
f 6956 6939 6948
f 6957 6943 6955
f 6949 6943 6957
f 6958 6928 6923
f 6958 6923 6951
f 6954 6924 6928
f 6954 6928 6958
f 6959 6951 6945
f 6959 6945 6952
f 6953 6954 6960
f 6960 6954 6958
f 6961 6952 6937
f 6961 6937 6950
f 6955 6953 6962
f 6962 6953 6960
f 6963 6950 6940
f 6963 6940 6956
f 6957 6955 6964
f 6964 6955 6962
f 6965 6948 6947
f 6966 6956 6948
f 6966 6948 6965
f 6967 6949 6957
f 6968 6957 6964
f 6967 6957 6968
f 6969 6947 6949
f 6965 6947 6969
f 6969 6949 6967
f 6970 6958 6951
f 6970 6951 6959
f 6960 6958 6970
f 6971 6959 6952
f 6971 6952 6961
f 6962 6960 6972
f 6972 6960 6970
f 6973 6961 6950
f 6973 6950 6963
f 6964 6962 6974
f 6974 6962 6972
f 6975 6963 6956
f 6975 6956 6966
f 6968 6964 6976
f 6976 6964 6974
f 6977 6969 6967
f 6978 6967 6968
f 6977 6967 6978
f 6979 6965 6969
f 6979 6969 6977
f 6980 6970 6959
f 6980 6959 6971
f 6972 6970 6980
f 6981 6966 6965
f 6981 6965 6979
f 6982 6968 6976
f 6978 6968 6982
f 6983 6971 6961
f 6983 6961 6973
f 6984 6972 6980
f 6974 6972 6984
f 6985 6973 6963
f 6985 6963 6975
f 6986 6980 6971
f 6986 6971 6983
f 6984 6980 6986
f 6976 6974 6987
f 6987 6974 6984
f 6988 6975 6966
f 6988 6966 6981
f 6982 6976 6989
f 6989 6976 6987
f 6990 6977 6978
f 6991 6978 6982
f 6990 6978 6991
f 6992 6979 6977
f 6992 6977 6990
f 6993 6983 6973
f 6993 6973 6985
f 6994 6984 6986
f 6987 6984 6994
f 6995 6981 6979
f 6995 6979 6992
f 6996 6982 6989
f 6991 6982 6996
f 6997 6986 6983
f 6997 6983 6993
f 6994 6986 6997
f 6998 6985 6975
f 6998 6975 6988
f 6999 6987 6994
f 6989 6987 6999
f 7000 6993 6985
f 7000 6985 6998
f 7001 6994 6997
f 6999 6994 7001
f 7002 6988 6981
f 7002 6981 6995
f 7003 6989 6999
f 6996 6989 7003
f 7004 6990 6991
f 7005 6991 6996
f 7004 6991 7005
f 7006 6992 6990
f 7006 6990 7004
f 7007 6997 6993
f 7001 6997 7007
f 7007 6993 7000
f 7008 6998 6988
f 7008 6988 7002
f 7009 6999 7001
f 7003 6999 7009
f 7010 6996 7003
f 7005 6996 7010
f 7011 6995 6992
f 7011 6992 7006
f 7012 7000 6998
f 7012 6998 7008
f 7013 7001 7007
f 7009 7001 7013
f 7014 7003 7009
f 7010 7003 7014
f 7015 7002 6995
f 7015 6995 7011
f 7016 7004 7005
f 7017 7005 7010
f 7016 7005 7017
f 7018 7006 7004
f 7018 7004 7016
f 7019 7007 7000
f 7013 7007 7019
f 7019 7000 7012
f 7014 7009 7020
f 7020 7009 7013
f 7021 7008 7002
f 7021 7002 7015
f 7022 7010 7014
f 7017 7010 7022
f 7023 7011 7006
f 7023 7006 7018
f 7022 7014 7024
f 7024 7014 7020
f 7025 7015 7011
f 7025 7011 7023
f 7026 7013 7019
f 7020 7013 7026
f 7027 7012 7008
f 7027 7008 7021
f 7028 7016 7017
f 7029 7017 7022
f 7028 7017 7029
f 7030 7018 7016
f 7030 7016 7028
f 7031 7019 7012
f 7026 7019 7031
f 7031 7012 7027
f 7032 7022 7024
f 7029 7022 7032
f 7033 7023 7018
f 7033 7018 7030
f 7024 7020 7034
f 7034 7020 7026
f 7035 7021 7015
f 7035 7015 7025
f 7032 7024 7036
f 7036 7024 7034
f 7037 7025 7023
f 7037 7023 7033
f 7038 7026 7031
f 7034 7026 7038
f 7039 7027 7021
f 7039 7021 7035
f 7040 7028 7029
f 7041 7029 7032
f 7040 7029 7041
f 7042 7030 7028
f 7042 7028 7040
f 7043 7031 7027
f 7038 7031 7043
f 7043 7027 7039
f 7044 7032 7036
f 7041 7032 7044
f 7045 7033 7030
f 7045 7030 7042
f 7036 7034 7046
f 7046 7034 7038
f 7047 7035 7025
f 7047 7025 7037
f 7044 7036 7048
f 7048 7036 7046
f 7049 7037 7033
f 7049 7033 7045
f 7050 7038 7043
f 7046 7038 7050
f 7051 7040 7041
f 7052 7041 7044
f 7051 7041 7052
f 7053 7042 7040
f 7053 7040 7051
f 7054 7039 7035
f 7054 7035 7047
f 7055 7044 7048
f 7052 7044 7055
f 7056 7043 7039
f 7050 7043 7056
f 7056 7039 7054
f 7057 7045 7042
f 7057 7042 7053
f 7048 7046 7058
f 7058 7046 7050
f 7059 7047 7037
f 7059 7037 7049
f 7055 7048 7060
f 7060 7048 7058
f 7061 7049 7045
f 7061 7045 7057
f 7062 7051 7052
f 7063 7052 7055
f 7062 7052 7063
f 7064 7050 7056
f 7058 7050 7064
f 7065 7054 7047
f 7065 7047 7059
f 7066 7053 7051
f 7066 7051 7062
f 7067 7055 7060
f 7063 7055 7067
f 7068 7056 7054
f 7064 7056 7068
f 7068 7054 7065
f 7069 7057 7053
f 7069 7053 7066
f 7060 7058 7070
f 7070 7058 7064
f 7071 7059 7049
f 7071 7049 7061
f 7072 7060 7070
f 7067 7060 7072
f 7073 7061 7057
f 7073 7057 7069
f 7074 7064 7068
f 7070 7064 7074
f 7075 7065 7059
f 7075 7059 7071
f 7076 7068 7065
f 7074 7068 7076
f 7076 7065 7075
f 7077 7070 7074
f 7072 7070 7077
f 7078 7071 7061
f 7078 7061 7073
f 7079 7062 7063
f 7080 7063 7067
f 7079 7063 7080
f 7081 7066 7062
f 7081 7062 7079
f 7082 7074 7076
f 7077 7074 7082
f 7083 7067 7072
f 7080 7067 7083
f 7084 7075 7071
f 7084 7071 7078
f 7085 7069 7066
f 7085 7066 7081
f 7086 7076 7075
f 7082 7076 7086
f 7086 7075 7084
f 7087 7072 7077
f 7083 7072 7087
f 7088 7073 7069
f 7088 7069 7085
f 7089 7077 7082
f 7087 7077 7089
f 7090 7078 7073
f 7090 7073 7088
f 7091 7082 7086
f 7089 7082 7091
f 7092 7079 7080
f 7093 7080 7083
f 7092 7080 7093
f 7094 7081 7079
f 7094 7079 7092
f 7095 7084 7078
f 7095 7078 7090
f 7096 7083 7087
f 7093 7083 7096
f 7097 7085 7081
f 7097 7081 7094
f 7098 7086 7084
f 7091 7086 7098
f 7098 7084 7095
f 7099 7087 7089
f 7096 7087 7099
f 7100 7088 7085
f 7100 7085 7097
f 7101 7089 7091
f 7099 7089 7101
f 7102 7090 7088
f 7102 7088 7100
f 7103 7091 7098
f 7101 7091 7103
f 7104 7092 7093
f 7105 7093 7096
f 7104 7093 7105
f 7106 7095 7090
f 7106 7090 7102
f 7107 7094 7092
f 7107 7092 7104
f 7108 7096 7099
f 7105 7096 7108
f 7109 7098 7095
f 7103 7098 7109
f 7109 7095 7106
f 7110 7097 7094
f 7110 7094 7107
f 7111 7099 7101
f 7108 7099 7111
f 7112 7100 7097
f 7112 7097 7110
f 7113 7101 7103
f 7111 7101 7113
f 7114 7102 7100
f 7114 7100 7112
f 7115 7103 7109
f 7113 7103 7115
f 7116 7106 7102
f 7116 7102 7114
f 7117 7104 7105
f 7118 7105 7108
f 7117 7105 7118
f 7119 7107 7104
f 7119 7104 7117
f 7120 7109 7106
f 7115 7109 7120
f 7120 7106 7116
f 7121 7108 7111
f 7118 7108 7121
f 7122 7110 7107
f 7122 7107 7119
f 7123 7111 7113
f 7121 7111 7123
f 7124 7112 7110
f 7124 7110 7122
f 7125 7113 7115
f 7123 7113 7125
f 7126 7114 7112
f 7126 7112 7124
f 7127 7115 7120
f 7125 7115 7127
f 7128 7116 7114
f 7128 7114 7126
f 7129 7117 7118
f 7130 7118 7121
f 7129 7118 7130
f 7131 7120 7116
f 7127 7120 7131
f 7131 7116 7128
f 7132 7119 7117
f 7132 7117 7129
f 7133 7121 7123
f 7130 7121 7133
f 7134 7122 7119
f 7134 7119 7132
f 7135 7123 7125
f 7133 7123 7135
f 7136 7124 7122
f 7136 7122 7134
f 7137 7125 7127
f 7135 7125 7137
f 7138 7126 7124
f 7138 7124 7136
f 7139 7127 7131
f 7137 7127 7139
f 7140 7128 7126
f 7140 7126 7138
f 7141 7131 7128
f 7139 7131 7141
f 7141 7128 7140
f 7142 7129 7130
f 7143 7130 7133
f 7142 7130 7143
f 7144 7132 7129
f 7144 7129 7142
f 7145 7133 7135
f 7143 7133 7145
f 7146 7134 7132
f 7146 7132 7144
f 7147 7135 7137
f 7145 7135 7147
f 7148 7136 7134
f 7148 7134 7146
f 7149 7137 7139
f 7147 7137 7149
f 7150 7138 7136
f 7150 7136 7148
f 7151 7139 7141
f 7149 7139 7151
f 7152 7140 7138
f 7152 7138 7150
f 7153 7141 7140
f 7151 7141 7153
f 7153 7140 7152
f 7154 7142 7143
f 7155 7143 7145
f 7154 7143 7155
f 7156 7144 7142
f 7156 7142 7154
f 7157 7145 7147
f 7155 7145 7157
f 7158 7146 7144
f 7158 7144 7156
f 7159 7147 7149
f 7157 7147 7159
f 7160 7148 7146
f 7160 7146 7158
f 7161 7149 7151
f 7159 7149 7161
f 7162 7150 7148
f 7162 7148 7160
f 7163 7151 7153
f 7161 7151 7163
f 7164 7152 7150
f 7164 7150 7162
f 7165 7153 7152
f 7163 7153 7165
f 7165 7152 7164
f 7166 7154 7155
f 7167 7155 7157
f 7166 7155 7167
f 7168 7156 7154
f 7168 7154 7166
f 7169 7157 7159
f 7167 7157 7169
f 7170 7158 7156
f 7170 7156 7168
f 7171 7159 7161
f 7169 7159 7171
f 7172 7160 7158
f 7172 7158 7170
f 7173 7161 7163
f 7171 7161 7173
f 7174 7162 7160
f 7174 7160 7172
f 7175 7163 7165
f 7173 7163 7175
f 7176 7164 7162
f 7176 7162 7174
f 7177 7165 7164
f 7175 7165 7177
f 7177 7164 7176
f 7178 7166 7167
f 7179 7167 7169
f 7178 7167 7179
f 7180 7168 7166
f 7180 7166 7178
f 7181 7169 7171
f 7179 7169 7181
f 7182 7170 7168
f 7182 7168 7180
f 7183 7171 7173
f 7181 7171 7183
f 7184 7172 7170
f 7184 7170 7182
f 7185 7173 7175
f 7183 7173 7185
f 7186 7174 7172
f 7186 7172 7184
f 7187 7175 7177
f 7185 7175 7187
f 7188 7177 7176
f 7187 7177 7188
f 7189 7176 7174
f 7189 7174 7186
f 7188 7176 7189
f 7190 7179 7181
f 7191 7178 7179
f 7191 7179 7190
f 7192 7181 7183
f 7190 7181 7192
f 7193 7180 7178
f 7193 7178 7191
f 7194 7183 7185
f 7192 7183 7194
f 7195 7182 7180
f 7195 7180 7193
f 7196 7185 7187
f 7194 7185 7196
f 7197 7184 7182
f 7197 7182 7195
f 7198 7187 7188
f 7196 7187 7198
f 7199 7186 7184
f 7199 7184 7197
f 7200 7188 7189
f 7198 7188 7200
f 7201 7189 7186
f 7201 7186 7199
f 7200 7189 7201
f 7202 7190 7192
f 7203 7191 7190
f 7203 7190 7202
f 7204 7192 7194
f 7202 7192 7204
f 7205 7193 7191
f 7205 7191 7203
f 7206 7194 7196
f 7204 7194 7206
f 7207 7195 7193
f 7207 7193 7205
f 7208 7196 7198
f 7206 7196 7208
f 7209 7197 7195
f 7209 7195 7207
f 7210 7198 7200
f 7208 7198 7210
f 7211 7199 7197
f 7211 7197 7209
f 7212 7200 7201
f 7210 7200 7212
f 7213 7201 7199
f 7213 7199 7211
f 7214 7202 7204
f 7215 7203 7202
f 7215 7202 7214
f 7212 7201 7213
f 7216 7204 7206
f 7214 7204 7216
f 7217 7205 7203
f 7217 7203 7215
f 7218 7206 7208
f 7216 7206 7218
f 7219 7207 7205
f 7219 7205 7217
f 7220 7208 7210
f 7218 7208 7220
f 7221 7209 7207
f 7221 7207 7219
f 7222 7210 7212
f 7220 7210 7222
f 7223 7211 7209
f 7223 7209 7221
f 7224 7212 7213
f 7222 7212 7224
f 7225 7214 7216
f 7226 7216 7218
f 7225 7216 7226
f 7227 7215 7214
f 7227 7214 7225
f 7228 7213 7211
f 7228 7211 7223
f 7224 7213 7228
f 7229 7217 7215
f 7229 7215 7227
f 7230 7218 7220
f 7226 7218 7230
f 7231 7219 7217
f 7231 7217 7229
f 7232 7220 7222
f 7230 7220 7232
f 7233 7221 7219
f 7233 7219 7231
f 7234 7222 7224
f 7232 7222 7234
f 7235 7223 7221
f 7235 7221 7233
f 7236 7224 7228
f 7234 7224 7236
f 7237 7228 7223
f 7237 7223 7235
f 7236 7228 7237
f 7238 7225 7226
f 7239 7227 7225
f 7239 7225 7238
f 7240 7226 7230
f 7238 7226 7240
f 7241 7229 7227
f 7241 7227 7239
f 7242 7230 7232
f 7240 7230 7242
f 7243 7231 7229
f 7243 7229 7241
f 7244 7232 7234
f 7242 7232 7244
f 7245 7233 7231
f 7245 7231 7243
f 7246 7234 7236
f 7244 7234 7246
f 7247 7236 7237
f 7246 7236 7247
f 7248 7235 7233
f 7248 7233 7245
f 7249 7237 7235
f 7249 7235 7248
f 7247 7237 7249
f 7250 7238 7240
f 7251 7240 7242
f 7250 7240 7251
f 7252 7239 7238
f 7252 7238 7250
f 7253 7242 7244
f 7251 7242 7253
f 7254 7241 7239
f 7254 7239 7252
f 7255 7243 7241
f 7255 7241 7254
f 7256 7244 7246
f 7253 7244 7256
f 7257 7246 7247
f 7256 7246 7257
f 7258 7245 7243
f 7258 7243 7255
f 7259 7247 7249
f 7257 7247 7259
f 7260 7248 7245
f 7260 7245 7258
f 7261 7249 7248
f 7259 7249 7261
f 7261 7248 7260
f 7262 7250 7251
f 7263 7251 7253
f 7262 7251 7263
f 7264 7252 7250
f 7264 7250 7262
f 7265 7253 7256
f 7263 7253 7265
f 7266 7254 7252
f 7266 7252 7264
f 7267 7255 7254
f 7267 7254 7266
f 7268 7256 7257
f 7265 7256 7268
f 7269 7258 7255
f 7269 7255 7267
f 7270 7257 7259
f 7268 7257 7270
f 7271 7259 7261
f 7270 7259 7271
f 7272 7260 7258
f 7272 7258 7269
f 7273 7261 7260
f 7271 7261 7273
f 7273 7260 7272
f 7274 7262 7263
f 7275 7263 7265
f 7274 7263 7275
f 7276 7264 7262
f 7276 7262 7274
f 7277 7265 7268
f 7275 7265 7277
f 7278 7266 7264
f 7278 7264 7276
f 7279 7267 7266
f 7279 7266 7278
f 7280 7268 7270
f 7277 7268 7280
f 7281 7270 7271
f 7280 7270 7281
f 7282 7269 7267
f 7282 7267 7279
f 7283 7271 7273
f 7281 7271 7283
f 7284 7272 7269
f 7284 7269 7282
f 7285 7273 7272
f 7283 7273 7285
f 7285 7272 7284
f 7286 7274 7275
f 7287 7275 7277
f 7286 7275 7287
f 7288 7276 7274
f 7288 7274 7286
f 7289 7277 7280
f 7287 7277 7289
f 7290 7278 7276
f 7290 7276 7288
f 7291 7280 7281
f 7289 7280 7291
f 7292 7279 7278
f 7292 7278 7290
f 7293 7281 7283
f 7291 7281 7293
f 7294 7282 7279
f 7294 7279 7292
f 7295 7283 7285
f 7293 7283 7295
f 7296 7284 7282
f 7296 7282 7294
f 7297 7285 7284
f 7295 7285 7297
f 7297 7284 7296
f 7298 7286 7287
f 7299 7287 7289
f 7298 7287 7299
f 7300 7288 7286
f 7300 7286 7298
f 7301 7289 7291
f 7299 7289 7301
f 7302 7290 7288
f 7302 7288 7300
f 7303 7291 7293
f 7301 7291 7303
f 7304 7292 7290
f 7304 7290 7302
f 7305 7294 7292
f 7305 7292 7304
f 7306 7293 7295
f 7303 7293 7306
f 7307 7295 7297
f 7306 7295 7307
f 7308 7296 7294
f 7308 7294 7305
f 7309 7297 7296
f 7307 7297 7309
f 7309 7296 7308
f 7310 7298 7299
f 7311 7299 7301
f 7310 7299 7311
f 7312 7300 7298
f 7312 7298 7310
f 7313 7301 7303
f 7311 7301 7313
f 7314 7302 7300
f 7314 7300 7312
f 7315 7303 7306
f 7313 7303 7315
f 7316 7304 7302
f 7316 7302 7314
f 7317 7305 7304
f 7317 7304 7316
f 7318 7306 7307
f 7315 7306 7318
f 7319 7307 7309
f 7318 7307 7319
f 7320 7308 7305
f 7320 7305 7317
f 7321 7309 7308
f 7319 7309 7321
f 7321 7308 7320
f 7322 7310 7311
f 7323 7311 7313
f 7322 7311 7323
f 7324 7312 7310
f 7324 7310 7322
f 7325 7314 7312
f 7325 7312 7324
f 7326 7313 7315
f 7323 7313 7326
f 7327 7315 7318
f 7326 7315 7327
f 7328 7316 7314
f 7328 7314 7325
f 7329 7317 7316
f 7329 7316 7328
f 7330 7318 7319
f 7327 7318 7330
f 7331 7319 7321
f 7330 7319 7331
f 7332 7320 7317
f 7332 7317 7329
f 7333 7321 7320
f 7331 7321 7333
f 7333 7320 7332
f 7334 7322 7323
f 7335 7323 7326
f 7334 7323 7335
f 7336 7324 7322
f 7336 7322 7334
f 7337 7325 7324
f 7337 7324 7336
f 7338 7326 7327
f 7335 7326 7338
f 7339 7328 7325
f 7339 7325 7337
f 7340 7327 7330
f 7338 7327 7340
f 7341 7329 7328
f 7341 7328 7339
f 7342 7330 7331
f 7340 7330 7342
f 7343 7334 7335
f 7344 7335 7338
f 7343 7335 7344
f 7345 7336 7334
f 7345 7334 7343
f 7346 7331 7333
f 7342 7331 7346
f 7347 7332 7329
f 7347 7329 7341
f 7348 7337 7336
f 7348 7336 7345
f 7344 7338 7349
f 7349 7338 7340
f 7350 7333 7332
f 7346 7333 7350
f 7350 7332 7347
f 7351 7339 7337
f 7351 7337 7348
f 7349 7340 7352
f 7352 7340 7342
f 7353 7341 7339
f 7353 7339 7351
f 7352 7342 7354
f 7354 7342 7346
f 7355 7346 7350
f 7354 7346 7355
f 7356 7347 7341
f 7356 7341 7353
f 7357 7350 7347
f 7355 7350 7357
f 7357 7347 7356
f 7358 7359 7360
f 7361 7358 7360
f 7360 7359 7362
f 7363 7360 7364
f 7360 7362 7364
f 7361 7360 7363
f 7358 7365 7359
f 7366 7365 7358
f 7367 7366 7358
f 7367 7358 7361
f 7365 7368 7359
f 7366 7369 7365
f 7369 7370 7365
f 7365 7370 7368
f 7359 7371 7362
f 7359 7368 7371
f 7363 7364 7372
f 7364 7362 7373
f 7372 7364 7374
f 7364 7373 7374
f 7375 7361 7363
f 7376 7363 7372
f 7375 7363 7376
f 7377 7369 7366
f 7378 7366 7367
f 7378 7377 7366
f 7379 7367 7361
f 7379 7361 7375
f 7362 7371 7380
f 7362 7380 7373
f 7369 7381 7370
f 7382 7381 7369
f 7377 7382 7369
f 7372 7374 7383
f 7384 7372 7383
f 7376 7372 7384
f 7370 7385 7368
f 7370 7386 7385
f 7381 7386 7370
f 7368 7385 7387
f 7368 7387 7371
f 7374 7373 7388
f 7383 7374 7389
f 7374 7388 7389
f 7390 7378 7367
f 7390 7367 7379
f 7391 7392 7393
f 7392 7394 7393
f 7395 7392 7391
f 7392 7396 7394
f 7397 7396 7392
f 7395 7397 7392
f 7391 7393 7398
f 7398 7393 7399
f 7393 7394 7400
f 7393 7400 7399
f 7401 7391 7398
f 7402 7391 7401
f 7402 7395 7391
f 7401 7398 7403
f 7403 7398 7404
f 7398 7399 7404
f 7405 7401 7403
f 7406 7401 7405
f 7406 7402 7401
f 7405 7403 7407
f 7407 7403 7408
f 7403 7404 7408
f 7386 7409 7385
f 7381 7410 7386
f 7410 7411 7386
f 7386 7411 7409
f 7385 7412 7387
f 7385 7409 7412
f 7382 7413 7381
f 7413 7410 7381
f 7371 7387 7414
f 7371 7414 7380
f 7415 7382 7377
f 7416 7413 7382
f 7415 7416 7382
f 7373 7380 7417
f 7373 7417 7388
f 7418 7377 7378
f 7418 7415 7377
f 7384 7383 7419
f 7383 7389 7420
f 7419 7383 7420
f 7421 7375 7376
f 7422 7379 7375
f 7422 7375 7421
f 7423 7376 7384
f 7421 7376 7423
f 7396 7424 7394
f 7396 7425 7424
f 7426 7425 7396
f 7397 7426 7396
f 7394 7424 7427
f 7394 7427 7400
f 7428 7405 7407
f 7429 7405 7428
f 7429 7406 7405
f 7407 7408 7430
f 7428 7407 7431
f 7431 7407 7430
f 7432 7418 7378
f 7432 7378 7390
f 7433 7390 7379
f 7433 7379 7422
f 7434 7384 7419
f 7423 7384 7434
f 7404 7399 7435
f 7399 7400 7436
f 7399 7436 7435
f 7437 7395 7402
f 7438 7397 7395
f 7437 7438 7395
f 7408 7404 7439
f 7404 7435 7439
f 7440 7402 7406
f 7440 7437 7402
f 7430 7408 7441
f 7408 7439 7441
f 7442 7428 7431
f 7443 7429 7428
f 7443 7428 7442
f 7431 7430 7444
f 7445 7431 7444
f 7442 7431 7445
f 7410 7446 7411
f 7413 7447 7410
f 7447 7446 7410
f 7387 7412 7448
f 7387 7448 7414
f 7380 7414 7449
f 7380 7449 7417
f 7389 7388 7450
f 7420 7389 7451
f 7389 7450 7451
f 7425 7452 7424
f 7426 7453 7425
f 7453 7454 7425
f 7425 7454 7452
f 7424 7455 7427
f 7424 7452 7455
f 7456 7426 7397
f 7457 7453 7426
f 7456 7457 7426
f 7400 7427 7458
f 7400 7458 7436
f 7438 7456 7397
f 7459 7406 7429
f 7459 7440 7406
f 7444 7430 7460
f 7430 7441 7460
f 7461 7429 7443
f 7461 7459 7429
f 7445 7444 7462
f 7462 7444 7463
f 7444 7460 7463
f 7464 7442 7445
f 7465 7442 7464
f 7465 7443 7442
f 7464 7445 7466
f 7466 7445 7462
f 7411 7467 7409
f 7411 7468 7467
f 7446 7468 7411
f 7409 7469 7412
f 7409 7467 7469
f 7412 7469 7470
f 7412 7470 7448
f 7416 7471 7413
f 7471 7447 7413
f 7472 7416 7415
f 7472 7473 7416
f 7473 7471 7416
f 7388 7417 7474
f 7388 7474 7450
f 7475 7415 7418
f 7475 7472 7415
f 7476 7475 7418
f 7476 7418 7432
f 7419 7420 7477
f 7420 7451 7478
f 7477 7420 7478
f 7479 7432 7390
f 7479 7390 7433
f 7480 7419 7477
f 7434 7419 7480
f 7481 7464 7466
f 7482 7465 7464
f 7482 7464 7481
f 7466 7462 7483
f 7484 7466 7483
f 7481 7466 7484
f 7468 7485 7467
f 7467 7485 7486
f 7467 7486 7469
f 7446 7487 7468
f 7468 7488 7485
f 7487 7488 7468
f 7447 7489 7446
f 7489 7487 7446
f 7414 7448 7490
f 7414 7490 7449
f 7451 7450 7491
f 7478 7451 7492
f 7451 7491 7492
f 7493 7421 7423
f 7494 7422 7421
f 7494 7421 7493
f 7495 7423 7434
f 7493 7423 7495
f 7453 7496 7454
f 7497 7496 7453
f 7457 7497 7453
f 7427 7455 7498
f 7427 7498 7458
f 7439 7435 7499
f 7435 7436 7500
f 7435 7500 7499
f 7501 7438 7437
f 7502 7456 7438
f 7501 7502 7438
f 7441 7439 7503
f 7439 7499 7503
f 7504 7437 7440
f 7504 7501 7437
f 7460 7441 7505
f 7441 7503 7505
f 7506 7443 7465
f 7506 7461 7443
f 7483 7462 7507
f 7462 7463 7507
f 7471 7508 7447
f 7508 7489 7447
f 7417 7449 7509
f 7417 7509 7474
f 7450 7474 7510
f 7450 7510 7491
f 7511 7473 7472
f 7512 7511 7472
f 7512 7472 7475
f 7513 7457 7456
f 7502 7513 7456
f 7514 7504 7440
f 7514 7440 7459
f 7460 7505 7515
f 7463 7460 7515
f 7516 7506 7465
f 7516 7465 7482
f 7484 7483 7517
f 7483 7507 7518
f 7517 7483 7518
f 7519 7481 7484
f 7520 7482 7481
f 7520 7481 7519
f 7521 7484 7517
f 7519 7484 7521
f 7488 7522 7485
f 7485 7522 7523
f 7485 7523 7486
f 7487 7524 7488
f 7488 7525 7522
f 7524 7525 7488
f 7526 7524 7487
f 7489 7526 7487
f 7469 7486 7527
f 7469 7527 7470
f 7448 7470 7528
f 7448 7528 7490
f 7473 7529 7471
f 7529 7508 7471
f 7511 7530 7473
f 7530 7529 7473
f 7492 7530 7511
f 7531 7492 7511
f 7531 7511 7512
f 7478 7492 7531
f 7492 7491 7530
f 7532 7512 7475
f 7532 7475 7476
f 7477 7478 7533
f 7533 7478 7531
f 7534 7477 7533
f 7480 7477 7534
f 7535 7433 7422
f 7535 7422 7494
f 7536 7434 7480
f 7495 7434 7536
f 7454 7537 7538
f 7537 7539 7538
f 7496 7537 7454
f 7496 7540 7537
f 7540 7541 7537
f 7537 7541 7539
f 7454 7538 7452
f 7452 7538 7542
f 7538 7543 7542
f 7538 7539 7543
f 7497 7544 7496
f 7544 7540 7496
f 7545 7544 7497
f 7545 7546 7544
f 7544 7547 7540
f 7546 7547 7544
f 7452 7542 7455
f 7455 7548 7498
f 7455 7542 7548
f 7458 7498 7549
f 7498 7548 7550
f 7498 7550 7549
f 7551 7545 7497
f 7551 7497 7457
f 7552 7553 7545
f 7553 7546 7545
f 7552 7545 7551
f 7554 7553 7552
f 7554 7555 7553
f 7555 7556 7553
f 7553 7556 7546
f 7436 7458 7557
f 7458 7549 7557
f 7500 7557 7558
f 7557 7559 7558
f 7500 7558 7560
f 7560 7558 7561
f 7558 7562 7561
f 7558 7559 7562
f 7436 7557 7500
f 7557 7549 7559
f 7513 7551 7457
f 7563 7552 7551
f 7563 7551 7513
f 7564 7554 7552
f 7564 7552 7563
f 7565 7566 7554
f 7566 7555 7554
f 7565 7554 7564
f 7567 7560 7566
f 7560 7561 7566
f 7567 7566 7565
f 7566 7561 7555
f 7499 7500 7560
f 7499 7560 7567
f 7568 7563 7513
f 7568 7513 7502
f 7569 7564 7563
f 7569 7563 7568
f 7570 7565 7564
f 7570 7564 7569
f 7571 7567 7565
f 7571 7565 7570
f 7503 7499 7567
f 7503 7567 7571
f 7572 7568 7502
f 7572 7502 7501
f 7573 7569 7568
f 7573 7568 7572
f 7574 7570 7569
f 7574 7569 7573
f 7575 7571 7570
f 7575 7570 7574
f 7505 7503 7571
f 7505 7571 7575
f 7576 7572 7501
f 7576 7501 7504
f 7577 7573 7572
f 7577 7572 7576
f 7578 7574 7573
f 7578 7573 7577
f 7579 7575 7574
f 7579 7574 7578
f 7515 7505 7575
f 7515 7575 7579
f 7580 7576 7504
f 7580 7504 7514
f 7581 7577 7576
f 7581 7576 7580
f 7582 7578 7577
f 7582 7577 7581
f 7583 7579 7578
f 7583 7578 7582
f 7584 7515 7579
f 7584 7579 7583
f 7463 7515 7584
f 7585 7514 7459
f 7586 7580 7514
f 7586 7514 7585
f 7585 7459 7461
f 7587 7581 7580
f 7587 7580 7586
f 7588 7582 7581
f 7588 7581 7587
f 7589 7583 7582
f 7589 7582 7588
f 7590 7584 7583
f 7590 7583 7589
f 7507 7463 7584
f 7507 7584 7590
f 7591 7585 7461
f 7592 7586 7585
f 7592 7585 7591
f 7591 7461 7506
f 7593 7587 7586
f 7593 7586 7592
f 7594 7588 7587
f 7594 7587 7593
f 7595 7589 7588
f 7595 7588 7594
f 7596 7590 7589
f 7596 7589 7595
f 7518 7507 7590
f 7518 7590 7596
f 7597 7591 7506
f 7598 7592 7591
f 7598 7591 7597
f 7597 7506 7516
f 7599 7593 7592
f 7599 7592 7598
f 7600 7594 7593
f 7600 7593 7599
f 7601 7595 7594
f 7601 7594 7600
f 7602 7596 7595
f 7602 7595 7601
f 7603 7518 7596
f 7603 7596 7602
f 7517 7518 7603
f 7604 7597 7516
f 7605 7598 7597
f 7605 7597 7604
f 7606 7516 7482
f 7604 7516 7606
f 7607 7599 7598
f 7607 7598 7605
f 7606 7482 7520
f 7608 7602 7601
f 7608 7601 7609
f 7609 7601 7600
f 7610 7517 7603
f 7521 7517 7610
f 7611 7603 7602
f 7611 7602 7608
f 7610 7603 7611
f 7612 7604 7606
f 7613 7604 7612
f 7613 7605 7604
f 7614 7606 7520
f 7612 7606 7614
f 7615 7520 7519
f 7614 7520 7615
f 7616 7519 7521
f 7615 7519 7616
f 7617 7521 7610
f 7616 7521 7617
f 7618 7608 7609
f 7618 7609 7619
f 7609 7600 7620
f 7619 7609 7620
f 7621 7610 7611
f 7617 7610 7621
f 7622 7611 7608
f 7622 7608 7618
f 7621 7611 7622
f 7623 7612 7614
f 7624 7612 7623
f 7624 7613 7612
f 7625 7614 7615
f 7623 7614 7625
f 7626 7615 7616
f 7625 7615 7626
f 7627 7616 7617
f 7626 7616 7627
f 7628 7617 7621
f 7627 7617 7628
f 7629 7621 7622
f 7628 7621 7629
f 7630 7622 7618
f 7630 7618 7631
f 7631 7618 7619
f 7629 7622 7630
f 7632 7623 7625
f 7633 7623 7632
f 7633 7624 7623
f 7634 7625 7626
f 7632 7625 7634
f 7635 7626 7627
f 7634 7626 7635
f 7636 7627 7628
f 7635 7627 7636
f 7637 7628 7629
f 7636 7628 7637
f 7638 7629 7630
f 7637 7629 7638
f 7639 7630 7631
f 7639 7631 7640
f 7640 7631 7641
f 7631 7619 7641
f 7638 7630 7639
f 7642 7632 7634
f 7643 7632 7642
f 7643 7633 7632
f 7644 7634 7635
f 7642 7634 7644
f 7645 7635 7636
f 7644 7635 7645
f 7646 7636 7637
f 7645 7636 7646
f 7647 7637 7638
f 7646 7637 7647
f 7648 7638 7639
f 7647 7638 7648
f 7649 7639 7640
f 7649 7640 7650
f 7650 7640 7651
f 7640 7641 7651
f 7648 7639 7649
f 7652 7644 7645
f 7653 7645 7646
f 7652 7645 7653
f 7654 7642 7644
f 7655 7642 7654
f 7655 7643 7642
f 7654 7644 7652
f 7656 7646 7647
f 7653 7646 7656
f 7657 7647 7648
f 7656 7647 7657
f 7658 7649 7650
f 7658 7650 7659
f 7659 7650 7660
f 7650 7651 7660
f 7661 7648 7649
f 7661 7649 7658
f 7657 7648 7661
f 7662 7658 7659
f 7662 7659 7663
f 7663 7659 7664
f 7659 7660 7664
f 7665 7661 7658
f 7665 7658 7662
f 7666 7657 7661
f 7666 7661 7665
f 7667 7656 7657
f 7667 7657 7666
f 7668 7653 7656
f 7668 7656 7667
f 7669 7652 7653
f 7669 7653 7668
f 7670 7654 7652
f 7671 7654 7670
f 7671 7655 7654
f 7670 7652 7669
f 7672 7662 7663
f 7672 7663 7673
f 7673 7663 7674
f 7663 7664 7674
f 7675 7665 7662
f 7675 7662 7672
f 7676 7666 7665
f 7676 7665 7675
f 7677 7667 7666
f 7677 7666 7676
f 7678 7668 7667
f 7678 7667 7677
f 7679 7669 7668
f 7679 7668 7678
f 7680 7670 7669
f 7681 7670 7680
f 7681 7671 7670
f 7680 7669 7679
f 7682 7672 7673
f 7682 7673 7683
f 7683 7673 7684
f 7673 7674 7684
f 7523 7675 7672
f 7523 7672 7682
f 7522 7676 7675
f 7522 7675 7523
f 7525 7677 7676
f 7525 7676 7522
f 7685 7678 7677
f 7685 7677 7525
f 7686 7679 7678
f 7686 7678 7685
f 7687 7680 7679
f 7688 7680 7687
f 7688 7681 7680
f 7687 7679 7686
f 7527 7682 7683
f 7689 7683 7690
f 7683 7684 7690
f 7527 7683 7689
f 7486 7523 7682
f 7486 7682 7527
f 7689 7690 7691
f 7691 7690 7692
f 7690 7684 7693
f 7690 7693 7692
f 7524 7685 7525
f 7694 7688 7687
f 7695 7688 7694
f 7695 7696 7688
f 7696 7681 7688
f 7697 7686 7685
f 7697 7685 7524
f 7698 7687 7686
f 7694 7687 7698
f 7698 7686 7697
f 7470 7527 7689
f 7528 7689 7691
f 7470 7689 7528
f 7699 7691 7700
f 7691 7692 7700
f 7528 7691 7699
f 7701 7700 7695
f 7700 7696 7695
f 7699 7700 7701
f 7700 7692 7696
f 7702 7695 7694
f 7701 7695 7702
f 7703 7694 7698
f 7702 7694 7703
f 7526 7697 7524
f 7704 7698 7697
f 7703 7698 7704
f 7704 7697 7526
f 7705 7704 7526
f 7705 7526 7489
f 7706 7703 7704
f 7706 7704 7705
f 7490 7528 7699
f 7707 7699 7701
f 7490 7699 7707
f 7708 7701 7702
f 7707 7701 7708
f 7709 7702 7703
f 7708 7702 7709
f 7709 7703 7706
f 7508 7705 7489
f 7710 7706 7705
f 7710 7705 7508
f 7711 7709 7706
f 7711 7706 7710
f 7712 7708 7709
f 7712 7709 7711
f 7449 7490 7707
f 7509 7707 7708
f 7449 7707 7509
f 7509 7708 7712
f 7529 7710 7508
f 7713 7711 7710
f 7713 7710 7529
f 7510 7712 7711
f 7510 7711 7713
f 7474 7509 7712
f 7474 7712 7510
f 7530 7713 7529
f 7491 7510 7713
f 7491 7713 7530
f 7714 7531 7512
f 7714 7512 7532
f 7533 7531 7714
f 7715 7476 7432
f 7715 7432 7479
f 7716 7532 7476
f 7716 7476 7715
f 7717 7714 7532
f 7717 7532 7716
f 7718 7533 7714
f 7718 7714 7717
f 7534 7533 7718
f 7719 7715 7479
f 7720 7479 7433
f 7719 7479 7720
f 7721 7716 7715
f 7721 7715 7719
f 7720 7433 7535
f 7722 7717 7716
f 7722 7716 7721
f 7723 7718 7717
f 7723 7717 7722
f 7724 7534 7718
f 7724 7718 7723
f 7725 7480 7534
f 7725 7534 7724
f 7536 7480 7725
f 7726 7720 7535
f 7727 7719 7720
f 7727 7720 7726
f 7728 7535 7494
f 7726 7535 7728
f 7729 7494 7493
f 7728 7494 7729
f 7730 7493 7495
f 7729 7493 7730
f 7731 7495 7536
f 7730 7495 7731
f 7732 7725 7724
f 7733 7724 7723
f 7732 7724 7733
f 7734 7536 7725
f 7731 7536 7734
f 7734 7725 7732
f 7735 7730 7731
f 7736 7729 7730
f 7736 7730 7735
f 7737 7731 7734
f 7735 7731 7737
f 7540 7738 7541
f 7547 7738 7540
f 7542 7739 7548
f 7542 7543 7739
f 7561 7740 7555
f 7555 7740 7556
f 7561 7562 7740
f 7620 7600 7599
f 7620 7599 7607
f 7741 7605 7613
f 7741 7607 7605
f 7742 7741 7613
f 7742 7613 7624
f 7619 7620 7743
f 7641 7619 7743
f 7684 7674 7744
f 7684 7744 7693
f 7696 7745 7681
f 7745 7671 7681
f 7692 7745 7696
f 7692 7693 7745
f 7746 7728 7729
f 7746 7729 7736
f 7747 7734 7732
f 7737 7734 7747
f 7541 7748 7539
f 7738 7749 7541
f 7541 7749 7748
f 7539 7750 7543
f 7539 7748 7750
f 7546 7751 7547
f 7547 7752 7738
f 7751 7752 7547
f 7548 7753 7550
f 7548 7739 7753
f 7556 7751 7546
f 7556 7754 7751
f 7740 7754 7556
f 7549 7755 7559
f 7549 7550 7755
f 7559 7756 7562
f 7559 7755 7756
f 7743 7620 7607
f 7743 7607 7741
f 7757 7743 7741
f 7757 7741 7742
f 7641 7743 7757
f 7758 7742 7624
f 7758 7624 7633
f 7759 7757 7742
f 7759 7742 7758
f 7651 7641 7757
f 7651 7757 7759
f 7760 7758 7633
f 7760 7633 7643
f 7761 7759 7758
f 7761 7758 7760
f 7660 7651 7759
f 7660 7759 7761
f 7762 7760 7643
f 7762 7643 7655
f 7763 7761 7760
f 7763 7760 7762
f 7664 7660 7761
f 7664 7761 7763
f 7674 7664 7763
f 7744 7763 7762
f 7674 7763 7744
f 7764 7762 7655
f 7744 7762 7764
f 7764 7655 7671
f 7693 7744 7764
f 7745 7764 7671
f 7693 7764 7745
f 7765 7721 7719
f 7765 7719 7727
f 7766 7722 7721
f 7766 7721 7765
f 7767 7723 7722
f 7767 7722 7766
f 7733 7723 7767
f 7768 7726 7728
f 7768 7728 7746
f 7769 7732 7733
f 7747 7732 7769
f 7738 7770 7749
f 7752 7770 7738
f 7543 7771 7739
f 7543 7750 7771
f 7751 7772 7752
f 7754 7772 7751
f 7550 7773 7755
f 7550 7753 7773
f 7562 7774 7740
f 7740 7774 7754
f 7562 7756 7774
f 7775 7727 7726
f 7775 7726 7768
f 7776 7765 7727
f 7776 7727 7775
f 7777 7733 7767
f 7778 7767 7766
f 7777 7767 7778
f 7769 7733 7777
f 7779 7736 7735
f 7780 7746 7736
f 7780 7736 7779
f 7781 7735 7737
f 7779 7735 7781
f 7782 7737 7747
f 7781 7737 7782
f 7783 7747 7769
f 7782 7747 7783
f 7749 7784 7748
f 7770 7785 7749
f 7749 7785 7784
f 7748 7786 7750
f 7748 7784 7786
f 7752 7787 7770
f 7772 7787 7752
f 7739 7788 7753
f 7739 7771 7788
f 7754 7789 7772
f 7774 7789 7754
f 7755 7790 7756
f 7755 7773 7790
f 7791 7766 7765
f 7791 7765 7776
f 7778 7766 7791
f 7792 7768 7746
f 7792 7746 7780
f 7793 7769 7777
f 7783 7769 7793
f 7770 7794 7785
f 7787 7794 7770
f 7750 7786 7795
f 7750 7795 7771
f 7772 7796 7787
f 7789 7796 7772
f 7756 7797 7774
f 7774 7797 7789
f 7756 7790 7797
f 7798 7775 7768
f 7798 7768 7792
f 7799 7777 7778
f 7793 7777 7799
f 7800 7781 7782
f 7801 7779 7781
f 7801 7781 7800
f 7802 7782 7783
f 7800 7782 7802
f 7753 7788 7803
f 7753 7803 7773
f 7804 7780 7779
f 7804 7779 7801
f 7805 7783 7793
f 7802 7783 7805
f 7806 7807 7808
f 7807 7809 7808
f 7810 7807 7806
f 7810 7811 7807
f 7807 7812 7809
f 7811 7812 7807
f 7813 7808 7814
f 7808 7815 7814
f 7806 7808 7813
f 7808 7809 7815
f 7816 7814 7817
f 7814 7818 7817
f 7813 7814 7816
f 7814 7815 7818
f 7816 7817 7819
f 7819 7817 7820
f 7817 7821 7820
f 7817 7818 7821
f 7822 7810 7806
f 7823 7806 7813
f 7822 7806 7823
f 7824 7810 7822
f 7825 7811 7810
f 7824 7825 7810
f 7826 7813 7816
f 7823 7813 7826
f 7827 7816 7819
f 7826 7816 7827
f 7828 7819 7829
f 7819 7820 7829
f 7827 7819 7828
f 7828 7829 7830
f 7830 7829 7831
f 7829 7820 7832
f 7829 7832 7831
f 7833 7822 7823
f 7834 7823 7826
f 7833 7823 7834
f 7835 7822 7833
f 7835 7824 7822
f 7836 7826 7827
f 7834 7826 7836
f 7837 7827 7828
f 7836 7827 7837
f 7838 7828 7830
f 7837 7828 7838
f 7838 7830 7839
f 7839 7830 7840
f 7830 7831 7840
f 7841 7834 7836
f 7842 7836 7837
f 7841 7836 7842
f 7843 7833 7834
f 7843 7834 7841
f 7844 7835 7833
f 7844 7833 7843
f 7845 7835 7844
f 7845 7846 7835
f 7846 7824 7835
f 7847 7837 7838
f 7842 7837 7847
f 7848 7838 7839
f 7847 7838 7848
f 7849 7839 7850
f 7839 7840 7850
f 7848 7839 7849
f 7849 7850 7851
f 7851 7850 7852
f 7850 7840 7853
f 7850 7853 7852
f 7854 7841 7842
f 7855 7842 7847
f 7854 7842 7855
f 7856 7843 7841
f 7856 7841 7854
f 7857 7844 7843
f 7857 7843 7856
f 7858 7845 7844
f 7858 7844 7857
f 7859 7847 7848
f 7855 7847 7859
f 7860 7845 7858
f 7860 7861 7845
f 7861 7846 7845
f 7862 7848 7849
f 7859 7848 7862
f 7863 7849 7851
f 7862 7849 7863
f 7864 7851 7865
f 7851 7852 7865
f 7863 7851 7864
f 7864 7865 7866
f 7866 7865 7867
f 7865 7852 7868
f 7865 7868 7867
f 7869 7854 7855
f 7870 7855 7859
f 7869 7855 7870
f 7871 7856 7854
f 7871 7854 7869
f 7872 7857 7856
f 7872 7856 7871
f 7873 7858 7857
f 7873 7857 7872
f 7874 7859 7862
f 7870 7859 7874
f 7875 7860 7858
f 7875 7858 7873
f 7876 7862 7863
f 7874 7862 7876
f 7877 7878 7860
f 7878 7861 7860
f 7877 7860 7875
f 7879 7863 7864
f 7876 7863 7879
f 7880 7864 7866
f 7879 7864 7880
f 7881 7866 7878
f 7866 7867 7878
f 7880 7866 7881
f 7881 7878 7877
f 7878 7867 7861
f 7882 7869 7870
f 7883 7870 7874
f 7882 7870 7883
f 7884 7871 7869
f 7884 7869 7882
f 7885 7872 7871
f 7885 7871 7884
f 7886 7873 7872
f 7886 7872 7885
f 7887 7874 7876
f 7883 7874 7887
f 7888 7875 7873
f 7888 7873 7886
f 7889 7876 7879
f 7887 7876 7889
f 7890 7877 7875
f 7890 7875 7888
f 7891 7879 7880
f 7889 7879 7891
f 7892 7880 7881
f 7891 7880 7892
f 7893 7881 7877
f 7892 7881 7893
f 7893 7877 7890
f 7894 7884 7882
f 7794 7882 7883
f 7894 7882 7794
f 7895 7885 7884
f 7895 7884 7894
f 7785 7883 7887
f 7794 7883 7785
f 7896 7886 7885
f 7896 7885 7895
f 7784 7887 7889
f 7785 7887 7784
f 7897 7888 7886
f 7897 7886 7896
f 7786 7889 7891
f 7784 7889 7786
f 7898 7890 7888
f 7898 7888 7897
f 7795 7891 7892
f 7786 7891 7795
f 7899 7893 7890
f 7899 7890 7898
f 7900 7892 7893
f 7795 7892 7900
f 7900 7893 7899
f 7787 7894 7794
f 7796 7895 7894
f 7796 7894 7787
f 7901 7896 7895
f 7901 7895 7796
f 7902 7897 7896
f 7902 7896 7901
f 7903 7898 7897
f 7903 7897 7902
f 7771 7795 7900
f 7803 7899 7898
f 7803 7898 7903
f 7788 7900 7899
f 7771 7900 7788
f 7788 7899 7803
f 7789 7901 7796
f 7797 7902 7901
f 7797 7901 7789
f 7790 7903 7902
f 7790 7902 7797
f 7773 7803 7903
f 7773 7903 7790
f 7904 7776 7775
f 7904 7775 7798
f 7905 7791 7776
f 7905 7776 7904
f 7906 7778 7791
f 7906 7791 7905
f 7799 7778 7906
f 7907 7798 7792
f 7908 7792 7780
f 7907 7792 7908
f 7909 7904 7798
f 7909 7798 7907
f 7908 7780 7804
f 7910 7905 7904
f 7910 7904 7909
f 7911 7906 7905
f 7911 7905 7910
f 7912 7799 7906
f 7912 7906 7911
f 7913 7793 7799
f 7913 7799 7912
f 7805 7793 7913
f 7914 7907 7908
f 7915 7908 7804
f 7914 7908 7915
f 7916 7909 7907
f 7916 7907 7914
f 7917 7804 7801
f 7915 7804 7917
f 7918 7910 7909
f 7918 7909 7916
f 7919 7801 7800
f 7917 7801 7919
f 7920 7911 7910
f 7920 7910 7918
f 7921 7800 7802
f 7919 7800 7921
f 7922 7912 7911
f 7922 7911 7920
f 7923 7802 7805
f 7921 7802 7923
f 7924 7913 7912
f 7924 7912 7922
f 7925 7805 7913
f 7923 7805 7925
f 7925 7913 7924
f 7926 7914 7915
f 7927 7915 7917
f 7926 7915 7927
f 7928 7916 7914
f 7928 7914 7926
f 7929 7917 7919
f 7927 7917 7929
f 7930 7918 7916
f 7930 7916 7928
f 7931 7919 7921
f 7929 7919 7931
f 7932 7920 7918
f 7932 7918 7930
f 7933 7921 7923
f 7931 7921 7933
f 7934 7922 7920
f 7934 7920 7932
f 7935 7923 7925
f 7933 7923 7935
f 7936 7924 7922
f 7936 7922 7934
f 7937 7925 7924
f 7935 7925 7937
f 7937 7924 7936
f 7938 7926 7927
f 7939 7927 7929
f 7938 7927 7939
f 7940 7928 7926
f 7940 7926 7938
f 7941 7929 7931
f 7939 7929 7941
f 7942 7930 7928
f 7942 7928 7940
f 7943 7931 7933
f 7941 7931 7943
f 7944 7932 7930
f 7944 7930 7942
f 7945 7933 7935
f 7943 7933 7945
f 7946 7934 7932
f 7946 7932 7944
f 7947 7935 7937
f 7945 7935 7947
f 7948 7936 7934
f 7948 7934 7946
f 7949 7937 7936
f 7947 7937 7949
f 7949 7936 7948
f 7950 7939 7941
f 7951 7938 7939
f 7951 7939 7950
f 7952 7941 7943
f 7950 7941 7952
f 7953 7940 7938
f 7953 7938 7951
f 7954 7943 7945
f 7952 7943 7954
f 7955 7942 7940
f 7955 7940 7953
f 7956 7945 7947
f 7954 7945 7956
f 7957 7944 7942
f 7957 7942 7955
f 7958 7947 7949
f 7956 7947 7958
f 7959 7946 7944
f 7959 7944 7957
f 7960 7949 7948
f 7958 7949 7960
f 7961 7948 7946
f 7961 7946 7959
f 7960 7948 7961
f 7962 7950 7952
f 7963 7951 7950
f 7963 7950 7962
f 7964 7952 7954
f 7962 7952 7964
f 7965 7953 7951
f 7965 7951 7963
f 7966 7954 7956
f 7964 7954 7966
f 7967 7955 7953
f 7967 7953 7965
f 7968 7956 7958
f 7966 7956 7968
f 7969 7957 7955
f 7969 7955 7967
f 7970 7958 7960
f 7968 7958 7970
f 7971 7959 7957
f 7971 7957 7969
f 7972 7960 7961
f 7970 7960 7972
f 7973 7961 7959
f 7973 7959 7971
f 7972 7961 7973
f 7974 7962 7964
f 7975 7963 7962
f 7975 7962 7974
f 7976 7964 7966
f 7974 7964 7976
f 7977 7965 7963
f 7977 7963 7975
f 7978 7966 7968
f 7976 7966 7978
f 7979 7967 7965
f 7979 7965 7977
f 7980 7968 7970
f 7978 7968 7980
f 7981 7969 7967
f 7981 7967 7979
f 7982 7970 7972
f 7980 7970 7982
f 7983 7971 7969
f 7983 7969 7981
f 7984 7972 7973
f 7982 7972 7984
f 7985 7973 7971
f 7985 7971 7983
f 7984 7973 7985
f 7986 7974 7976
f 7987 7975 7974
f 7987 7974 7986
f 7988 7976 7978
f 7986 7976 7988
f 7989 7977 7975
f 7989 7975 7987
f 7990 7978 7980
f 7988 7978 7990
f 7991 7979 7977
f 7991 7977 7989
f 7992 7980 7982
f 7990 7980 7992
f 7993 7981 7979
f 7993 7979 7991
f 7994 7982 7984
f 7992 7982 7994
f 7995 7983 7981
f 7995 7981 7993
f 7996 7984 7985
f 7994 7984 7996
f 7997 7985 7983
f 7997 7983 7995
f 7996 7985 7997
f 7998 7986 7988
f 7999 7987 7986
f 7999 7986 7998
f 8000 7988 7990
f 7998 7988 8000
f 8001 7989 7987
f 8001 7987 7999
f 8002 7990 7992
f 8000 7990 8002
f 8003 7991 7989
f 8003 7989 8001
f 8004 7992 7994
f 8002 7992 8004
f 8005 7993 7991
f 8005 7991 8003
f 8006 7994 7996
f 8004 7994 8006
f 8007 7995 7993
f 8007 7993 8005
f 8008 7996 7997
f 8006 7996 8008
f 8009 7997 7995
f 8009 7995 8007
f 8008 7997 8009
f 8010 7998 8000
f 8011 7999 7998
f 8011 7998 8010
f 8012 8000 8002
f 8010 8000 8012
f 8013 8001 7999
f 8013 7999 8011
f 8014 8002 8004
f 8012 8002 8014
f 8015 8003 8001
f 8015 8001 8013
f 8016 8004 8006
f 8014 8004 8016
f 8017 8005 8003
f 8017 8003 8015
f 8018 8006 8008
f 8016 8006 8018
f 8019 8007 8005
f 8019 8005 8017
f 8020 8008 8009
f 8018 8008 8020
f 8021 8009 8007
f 8021 8007 8019
f 8020 8009 8021
f 8022 8010 8012
f 8023 8011 8010
f 8023 8010 8022
f 8024 8012 8014
f 8022 8012 8024
f 8025 8013 8011
f 8025 8011 8023
f 8026 8014 8016
f 8024 8014 8026
f 8027 8015 8013
f 8027 8013 8025
f 8028 8016 8018
f 8026 8016 8028
f 8029 8017 8015
f 8029 8015 8027
f 8030 8018 8020
f 8028 8018 8030
f 8031 8019 8017
f 8031 8017 8029
f 8032 8020 8021
f 8030 8020 8032
f 8033 8021 8019
f 8033 8019 8031
f 8032 8021 8033
f 8034 8022 8024
f 8035 8023 8022
f 8035 8022 8034
f 8036 8024 8026
f 8034 8024 8036
f 8037 8025 8023
f 8037 8023 8035
f 8038 8026 8028
f 8036 8026 8038
f 8039 8027 8025
f 8039 8025 8037
f 8040 8028 8030
f 8038 8028 8040
f 8041 8029 8027
f 8041 8027 8039
f 8042 8030 8032
f 8040 8030 8042
f 8043 8031 8029
f 8043 8029 8041
f 8044 8032 8033
f 8042 8032 8044
f 8045 8033 8031
f 8045 8031 8043
f 8044 8033 8045
f 8046 8034 8036
f 8047 8035 8034
f 8047 8034 8046
f 8048 8036 8038
f 8046 8036 8048
f 8049 8037 8035
f 8049 8035 8047
f 8050 8038 8040
f 8048 8038 8050
f 8051 8039 8037
f 8051 8037 8049
f 8052 8040 8042
f 8050 8040 8052
f 8053 8041 8039
f 8053 8039 8051
f 8054 8042 8044
f 8052 8042 8054
f 8055 8043 8041
f 8055 8041 8053
f 8056 8044 8045
f 8054 8044 8056
f 8057 8045 8043
f 8057 8043 8055
f 8056 8045 8057
f 8058 8046 8048
f 8059 8047 8046
f 8059 8046 8058
f 8060 8048 8050
f 8058 8048 8060
f 8061 8049 8047
f 8061 8047 8059
f 8062 8050 8052
f 8060 8050 8062
f 8063 8051 8049
f 8063 8049 8061
f 8064 8052 8054
f 8062 8052 8064
f 8065 8053 8051
f 8065 8051 8063
f 8066 8054 8056
f 8064 8054 8066
f 8067 8055 8053
f 8067 8053 8065
f 8068 8056 8057
f 8066 8056 8068
f 8069 8057 8055
f 8069 8055 8067
f 8068 8057 8069
f 8070 8059 8058
f 8071 8061 8059
f 8071 8059 8070
f 8072 8058 8060
f 8070 8058 8072
f 8073 8060 8062
f 8072 8060 8073
f 8074 8062 8064
f 8073 8062 8074
f 8075 8063 8061
f 8075 8061 8071
f 8076 8064 8066
f 8074 8064 8076
f 8077 8065 8063
f 8077 8063 8075
f 8078 8066 8068
f 8076 8066 8078
f 8079 8067 8065
f 8079 8065 8077
f 8080 8069 8067
f 8080 8067 8079
f 8081 8068 8069
f 8081 8069 8080
f 8078 8068 8081
f 8082 8070 8072
f 8083 8072 8073
f 8082 8072 8083
f 8084 8071 8070
f 8084 8070 8082
f 8085 8073 8074
f 8083 8073 8085
f 8086 8075 8071
f 8086 8071 8084
f 8087 8074 8076
f 8085 8074 8087
f 8088 8077 8075
f 8088 8075 8086
f 8089 8076 8078
f 8087 8076 8089
f 8090 8079 8077
f 8090 8077 8088
f 8091 8078 8081
f 8089 8078 8091
f 8092 8080 8079
f 8092 8079 8090
f 8093 8081 8080
f 8091 8081 8093
f 8093 8080 8092
f 7809 8094 7815
f 7812 8095 7809
f 7809 8095 8094
f 7815 8096 7818
f 7815 8094 8096
f 7825 8097 7811
f 7811 8098 7812
f 8097 8098 7811
f 7820 8099 7832
f 7820 7821 8099
f 8100 8101 7825
f 8101 8097 7825
f 8100 7825 7824
f 8102 8101 8100
f 8101 8103 8097
f 8102 8104 8101
f 8104 8103 8101
f 7840 7831 8105
f 7831 8106 8105
f 7840 8105 7853
f 7853 8105 8107
f 8105 8108 8107
f 8105 8106 8108
f 7831 7832 8106
f 7846 8100 7824
f 8109 8100 7846
f 8109 8102 8100
f 7852 7853 8110
f 7853 8107 8110
f 7861 8109 7846
f 7867 7868 8109
f 7868 8102 8109
f 7867 8109 7861
f 7852 8110 7868
f 7868 8110 8102
f 8098 8111 7812
f 7812 8111 8095
f 7818 8112 7821
f 7818 8096 8112
f 8097 8113 8098
f 8103 8113 8097
f 7832 8114 8106
f 7832 8099 8114
f 8110 8104 8102
f 8110 8107 8104
f 8107 8115 8104
f 8104 8115 8103
f 8107 8108 8115
f 8113 8116 8098
f 8098 8116 8111
f 7821 8117 8099
f 7821 8112 8117
f 8115 8118 8103
f 8103 8118 8113
f 8106 8119 8108
f 8106 8114 8119
f 8108 8120 8115
f 8115 8120 8118
f 8108 8119 8120
f 8095 8121 8094
f 8111 8122 8095
f 8095 8122 8121
f 8094 8123 8096
f 8094 8121 8123
f 8118 8124 8113
f 8113 8124 8116
f 8099 8125 8114
f 8099 8117 8125
f 8116 8126 8111
f 8111 8126 8122
f 8096 8127 8112
f 8096 8123 8127
f 8120 8128 8118
f 8118 8128 8124
f 8114 8129 8119
f 8114 8125 8129
f 8124 8130 8116
f 8116 8130 8126
f 8112 8131 8117
f 8112 8127 8131
f 8119 8132 8120
f 8120 8132 8128
f 8119 8129 8132
f 8122 8133 8121
f 8121 8134 8123
f 8121 8133 8134
f 8128 8135 8124
f 8124 8135 8130
f 8117 8136 8125
f 8117 8131 8136
f 8126 8137 8122
f 8122 8137 8133
f 8123 8138 8127
f 8123 8134 8138
f 8132 8139 8128
f 8128 8139 8135
f 8125 8140 8129
f 8125 8136 8140
f 8130 8141 8126
f 8126 8141 8137
f 8129 8142 8132
f 8132 8142 8139
f 8129 8140 8142
f 8127 8143 8131
f 8127 8138 8143
f 8135 8144 8130
f 8130 8144 8141
f 8131 8145 8136
f 8131 8143 8145
f 8139 8146 8135
f 8135 8146 8144
f 8137 8147 8133
f 8141 8148 8137
f 8137 8148 8147
f 8133 8149 8134
f 8133 8147 8149
f 8136 8150 8140
f 8136 8145 8150
f 8142 8151 8139
f 8139 8151 8146
f 8144 8152 8141
f 8141 8152 8148
f 8134 8153 8138
f 8134 8149 8153
f 8140 8154 8142
f 8142 8154 8151
f 8140 8150 8154
f 8138 8155 8143
f 8138 8153 8155
f 8146 8156 8144
f 8144 8156 8152
f 8143 8157 8145
f 8143 8155 8157
f 8151 8158 8146
f 8146 8158 8156
f 8145 8159 8150
f 8145 8157 8159
f 8148 8160 8147
f 8152 8161 8148
f 8148 8161 8160
f 8147 8162 8149
f 8147 8160 8162
f 8149 8163 8153
f 8149 8162 8163
f 8154 8164 8151
f 8151 8164 8158
f 8150 8165 8154
f 8154 8165 8164
f 8150 8159 8165
f 8156 8166 8152
f 8152 8166 8161
f 8153 8167 8155
f 8153 8163 8167
f 8158 8168 8156
f 8156 8168 8166
f 8155 8169 8157
f 8155 8167 8169
f 8164 8170 8158
f 8158 8170 8168
f 8157 8171 8159
f 8157 8169 8171
f 8165 8172 8164
f 8164 8172 8170
f 8161 8173 8160
f 8166 8174 8161
f 8161 8174 8173
f 8160 8175 8162
f 8160 8173 8175
f 8159 8176 8165
f 8159 8171 8176
f 8165 8176 8172
f 8162 8177 8163
f 8162 8175 8177
f 8168 8178 8166
f 8166 8178 8174
f 8163 8179 8167
f 8163 8177 8179
f 8170 8180 8168
f 8168 8180 8178
f 8167 8181 8169
f 8167 8179 8181
f 8172 8182 8170
f 8170 8182 8180
f 8178 8183 8174
f 8180 8184 8178
f 8178 8184 8183
f 8174 8185 8173
f 8174 8183 8185
f 8173 8186 8175
f 8173 8185 8186
f 8175 8187 8177
f 8175 8186 8187
f 8176 8188 8172
f 8172 8188 8182
f 8171 8189 8176
f 8176 8189 8188
f 8169 8190 8171
f 8171 8190 8189
f 8169 8181 8190
f 8177 8191 8179
f 8177 8187 8191
f 8182 8192 8180
f 8180 8192 8184
f 8179 8193 8181
f 8179 8191 8193
f 8188 8194 8182
f 8182 8194 8192
f 8183 8195 8185
f 8184 8196 8183
f 8183 8196 8195
f 8185 8197 8186
f 8185 8195 8197
f 8189 8198 8188
f 8188 8198 8194
f 8181 8199 8190
f 8181 8193 8199
f 8192 8200 8184
f 8184 8200 8196
f 8186 8201 8187
f 8186 8197 8201
f 8190 8202 8189
f 8189 8202 8198
f 8190 8199 8202
f 8194 8203 8192
f 8192 8203 8200
f 8187 8204 8191
f 8187 8201 8204
f 8198 8205 8194
f 8194 8205 8203
f 8191 8206 8193
f 8191 8204 8206
f 8196 8207 8195
f 8200 8208 8196
f 8196 8208 8207
f 8195 8209 8197
f 8195 8207 8209
f 8202 8210 8198
f 8198 8210 8205
f 8193 8211 8199
f 8193 8206 8211
f 8203 8212 8200
f 8200 8212 8208
f 8197 8213 8201
f 8197 8209 8213
f 8199 8214 8202
f 8202 8214 8210
f 8199 8211 8214
f 8205 8215 8203
f 8203 8215 8212
f 8201 8216 8204
f 8201 8213 8216
f 8210 8217 8205
f 8205 8217 8215
f 8204 8218 8206
f 8204 8216 8218
f 8208 8219 8207
f 8212 8220 8208
f 8208 8220 8219
f 8207 8221 8209
f 8207 8219 8221
f 8215 8222 8212
f 8212 8222 8220
f 8214 8223 8210
f 8210 8223 8217
f 8209 8224 8213
f 8209 8221 8224
f 8206 8225 8211
f 8206 8218 8225
f 8211 8226 8214
f 8214 8226 8223
f 8211 8225 8226
f 8217 8227 8215
f 8215 8227 8222
f 8213 8228 8216
f 8213 8224 8228
f 8223 8229 8217
f 8217 8229 8227
f 8216 8230 8218
f 8216 8228 8230
f 8226 8231 8223
f 8223 8231 8229
f 8218 8232 8225
f 8218 8230 8232
f 8225 8233 8226
f 8226 8233 8231
f 8225 8232 8233
f 8234 8235 8236
f 8236 8235 8237
f 8236 8237 8238
f 8234 8239 8235
f 8239 8240 8235
f 8235 8241 8237
f 8235 8240 8241
f 8238 8237 8242
f 8238 8242 8243
f 8244 8239 8234
f 8244 8245 8239
f 8239 8246 8240
f 8245 8246 8239
f 8237 8241 8247
f 8237 8247 8242
f 8248 8245 8244
f 8246 8249 8240
f 8240 8250 8241
f 8240 8249 8250
f 8245 8251 8246
f 8246 8252 8249
f 8251 8252 8246
f 8253 8251 8245
f 8248 8253 8245
f 8243 8242 8254
f 8243 8254 8255
f 8241 8250 8256
f 8241 8256 8247
f 8242 8247 8257
f 8242 8257 8254
f 8252 8258 8249
f 8249 8259 8250
f 8249 8258 8259
f 8251 8260 8252
f 8260 8261 8252
f 8252 8261 8258
f 8253 8262 8251
f 8262 8260 8251
f 8263 8253 8248
f 8250 8264 8256
f 8250 8259 8264
f 8247 8256 8265
f 8247 8265 8257
f 8266 8262 8253
f 8263 8266 8253
f 8255 8254 8267
f 8255 8267 8268
f 8260 8269 8261
f 8262 8270 8260
f 8270 8269 8260
f 8254 8257 8271
f 8254 8271 8267
f 8261 8272 8258
f 8258 8273 8259
f 8258 8272 8273
f 8269 8274 8261
f 8261 8274 8272
f 8256 8264 8275
f 8256 8275 8265
f 8266 8276 8262
f 8276 8270 8262
f 8277 8266 8263
f 8259 8278 8264
f 8259 8273 8278
f 8257 8265 8279
f 8257 8279 8271
f 8280 8276 8266
f 8277 8280 8266
f 8268 8267 8281
f 8268 8281 8282
f 8270 8283 8269
f 8269 8284 8274
f 8283 8284 8269
f 8276 8285 8270
f 8285 8283 8270
f 8267 8271 8286
f 8267 8286 8281
f 8280 8287 8276
f 8287 8285 8276
f 8288 8280 8277
f 8274 8289 8272
f 8272 8290 8273
f 8272 8289 8290
f 8284 8291 8274
f 8274 8291 8289
f 8264 8278 8292
f 8264 8292 8275
f 8265 8293 8279
f 8265 8275 8293
f 8288 8294 8280
f 8294 8287 8280
f 8282 8294 8288
f 8282 8281 8294
f 8271 8295 8286
f 8271 8279 8295
f 8281 8296 8294
f 8281 8286 8296
f 8273 8297 8278
f 8273 8290 8297
f 8283 8298 8284
f 8284 8299 8291
f 8298 8299 8284
f 8285 8300 8283
f 8300 8298 8283
f 8287 8301 8285
f 8301 8300 8285
f 8294 8296 8287
f 8296 8301 8287
f 8286 8302 8296
f 8286 8295 8302
f 8279 8303 8295
f 8279 8293 8303
f 8296 8302 8301
f 8291 8304 8289
f 8289 8305 8290
f 8289 8304 8305
f 8278 8306 8292
f 8278 8297 8306
f 8275 8307 8293
f 8275 8292 8307
f 8299 8308 8291
f 8291 8308 8304
f 8301 8309 8300
f 8302 8309 8301
f 8290 8310 8297
f 8290 8305 8310
f 8300 8311 8298
f 8298 8312 8299
f 8311 8312 8298
f 8309 8311 8300
f 8295 8313 8302
f 8295 8303 8313
f 8302 8313 8309
f 8299 8314 8308
f 8312 8314 8299
f 8293 8315 8303
f 8293 8307 8315
f 8292 8316 8307
f 8292 8306 8316
f 8308 8317 8304
f 8304 8318 8305
f 8304 8317 8318
f 8297 8319 8306
f 8297 8310 8319
f 8309 8320 8311
f 8313 8320 8309
f 8314 8321 8308
f 8308 8321 8317
f 8311 8322 8312
f 8320 8322 8311
f 8303 8323 8313
f 8303 8315 8323
f 8305 8324 8310
f 8305 8318 8324
f 8312 8325 8314
f 8322 8325 8312
f 8313 8323 8320
f 8314 8326 8321
f 8325 8326 8314
f 8307 8327 8315
f 8307 8316 8327
f 8306 8328 8316
f 8306 8319 8328
f 8320 8329 8322
f 8323 8329 8320
f 8321 8330 8317
f 8317 8331 8318
f 8317 8330 8331
f 8326 8332 8321
f 8321 8332 8330
f 8310 8333 8319
f 8310 8324 8333
f 8318 8334 8324
f 8318 8331 8334
f 8322 8335 8325
f 8325 8336 8326
f 8335 8336 8325
f 8329 8335 8322
f 8315 8337 8323
f 8315 8327 8337
f 8323 8337 8329
f 8326 8338 8332
f 8336 8338 8326
f 8316 8339 8327
f 8316 8328 8339
f 8332 8340 8330
f 8330 8341 8331
f 8330 8340 8341
f 8319 8342 8328
f 8319 8333 8342
f 8329 8343 8335
f 8337 8343 8329
f 8338 8344 8332
f 8332 8344 8340
f 8324 8334 8345
f 8324 8345 8333
f 8331 8341 8346
f 8331 8346 8334
f 8335 8347 8336
f 8343 8347 8335
f 8327 8348 8337
f 8327 8339 8348
f 8337 8348 8343
f 8336 8349 8338
f 8347 8349 8336
f 8338 8350 8344
f 8349 8350 8338
f 8344 8351 8340
f 8340 8352 8341
f 8340 8351 8352
f 8344 8353 8351
f 8350 8353 8344
f 8328 8354 8339
f 8328 8342 8354
f 8341 8352 8355
f 8341 8355 8346
f 8334 8346 8356
f 8334 8356 8345
f 8333 8345 8357
f 8333 8357 8342
f 8343 8358 8347
f 8348 8358 8343
f 8353 8359 8351
f 8351 8359 8360
f 8351 8360 8352
f 8349 8361 8350
f 8350 8362 8353
f 8361 8362 8350
f 8347 8363 8349
f 8363 8361 8349
f 8358 8363 8347
f 8339 8364 8348
f 8339 8354 8364
f 8348 8364 8358
f 8353 8365 8359
f 8362 8365 8353
f 8365 8366 8359
f 8359 8367 8360
f 8359 8366 8367
f 8362 8368 8365
f 8368 8369 8365
f 8365 8369 8366
f 8352 8360 8370
f 8352 8370 8355
f 8361 8371 8362
f 8371 8368 8362
f 8346 8355 8372
f 8346 8372 8356
f 8345 8356 8373
f 8345 8373 8357
f 8342 8374 8354
f 8342 8357 8374
f 8358 8375 8363
f 8364 8375 8358
f 8360 8376 8370
f 8360 8367 8376
f 8363 8377 8361
f 8377 8371 8361
f 8375 8377 8363
f 8354 8378 8364
f 8354 8374 8378
f 8368 8379 8369
f 8371 8380 8368
f 8380 8379 8368
f 8355 8370 8381
f 8355 8381 8372
f 8364 8378 8375
f 8369 8382 8366
f 8366 8383 8367
f 8366 8382 8383
f 8379 8384 8369
f 8369 8384 8382
f 8370 8376 8385
f 8370 8385 8381
f 8377 8386 8371
f 8386 8380 8371
f 8356 8372 8387
f 8356 8387 8373
f 8357 8388 8374
f 8357 8373 8388
f 8375 8389 8377
f 8378 8389 8375
f 8367 8390 8376
f 8367 8383 8390
f 8389 8386 8377
f 8380 8391 8379
f 8386 8392 8380
f 8392 8391 8380
f 8374 8393 8378
f 8374 8388 8393
f 8379 8394 8384
f 8391 8394 8379
f 8372 8381 8395
f 8372 8395 8387
f 8378 8393 8389
f 8373 8396 8388
f 8373 8387 8396
f 8376 8397 8385
f 8376 8390 8397
f 8381 8398 8395
f 8381 8385 8398
f 8389 8399 8386
f 8399 8392 8386
f 8393 8399 8389
f 8384 8400 8382
f 8382 8401 8383
f 8382 8400 8401
f 8388 8402 8393
f 8388 8396 8402
f 8394 8403 8384
f 8384 8403 8400
f 8392 8404 8391
f 8391 8405 8394
f 8404 8405 8391
f 8399 8406 8392
f 8406 8404 8392
f 8387 8395 8407
f 8387 8407 8396
f 8393 8402 8399
f 8383 8408 8390
f 8383 8401 8408
f 8402 8406 8399
f 8395 8409 8407
f 8395 8398 8409
f 8405 8410 8394
f 8394 8410 8403
f 8385 8411 8398
f 8385 8397 8411
f 8396 8412 8402
f 8396 8407 8412
f 8402 8412 8406
f 8406 8413 8404
f 8412 8413 8406
f 8390 8414 8397
f 8390 8408 8414
f 8404 8415 8405
f 8413 8415 8404
f 8407 8416 8412
f 8407 8409 8416
f 8412 8416 8413
f 8405 8417 8410
f 8415 8417 8405
f 8398 8418 8409
f 8398 8411 8418
f 8416 8419 8413
f 8413 8419 8415
f 8403 8420 8400
f 8400 8421 8401
f 8400 8420 8421
f 8410 8422 8403
f 8403 8422 8420
f 8397 8423 8411
f 8397 8414 8423
f 8409 8424 8416
f 8409 8418 8424
f 8416 8424 8419
f 8401 8425 8408
f 8401 8421 8425
f 8408 8426 8414
f 8408 8425 8426
f 8417 8427 8410
f 8410 8427 8422
f 8411 8428 8418
f 8411 8423 8428
f 8419 8429 8415
f 8415 8429 8417
f 8424 8430 8419
f 8419 8430 8429
f 8417 8431 8427
f 8429 8431 8417
f 8418 8432 8424
f 8418 8428 8432
f 8424 8432 8430
f 8414 8426 8433
f 8414 8433 8423
f 8420 8434 8435
f 8434 8436 8435
f 8421 8435 8437
f 8435 8438 8437
f 8420 8435 8421
f 8435 8436 8438
f 8422 8439 8434
f 8439 8440 8434
f 8422 8434 8420
f 8434 8440 8436
f 8421 8437 8425
f 8425 8437 8441
f 8437 8442 8441
f 8437 8438 8442
f 8427 8443 8439
f 8443 8444 8439
f 8427 8439 8422
f 8439 8444 8440
f 8431 8443 8427
f 8431 8445 8443
f 8445 8446 8443
f 8443 8446 8444
f 8425 8441 8426
f 8426 8447 8433
f 8426 8441 8447
f 8423 8433 8448
f 8433 8449 8448
f 8433 8447 8449
f 8429 8450 8431
f 8450 8445 8431
f 8428 8448 8451
f 8448 8452 8451
f 8423 8448 8428
f 8448 8449 8452
f 8430 8453 8450
f 8453 8454 8450
f 8430 8450 8429
f 8450 8454 8445
f 8432 8451 8453
f 8451 8455 8453
f 8428 8451 8432
f 8451 8452 8455
f 8432 8453 8430
f 8453 8455 8454
f 8454 8456 8445
f 8445 8456 8446
f 8444 8457 8440
f 8440 8458 8436
f 8440 8457 8458
f 8446 8459 8444
f 8444 8459 8457
f 8441 8460 8447
f 8441 8442 8460
f 8447 8461 8449
f 8447 8460 8461
f 8455 8462 8454
f 8454 8462 8456
f 8452 8463 8455
f 8455 8463 8462
f 8436 8464 8438
f 8436 8458 8464
f 8438 8465 8442
f 8438 8464 8465
f 8456 8466 8446
f 8446 8466 8459
f 8462 8467 8456
f 8456 8467 8466
f 8449 8468 8452
f 8449 8461 8468
f 8452 8468 8463
f 8442 8469 8460
f 8442 8465 8469
f 8463 8470 8462
f 8462 8470 8467
f 8460 8471 8461
f 8460 8469 8471
f 8461 8472 8468
f 8461 8471 8472
f 8468 8473 8463
f 8468 8472 8473
f 8463 8473 8470
f 8459 8474 8457
f 8457 8474 8475
f 8457 8475 8458
f 8459 8476 8474
f 8466 8476 8459
f 8475 8477 8478
f 8477 8479 8478
f 8474 8480 8477
f 8480 8481 8477
f 8474 8477 8475
f 8477 8481 8479
f 8482 8478 8483
f 8478 8484 8483
f 8475 8478 8482
f 8478 8479 8484
f 8476 8485 8480
f 8485 8486 8480
f 8476 8480 8474
f 8480 8486 8481
f 8487 8483 8488
f 8483 8489 8488
f 8482 8483 8487
f 8483 8484 8489
f 8490 8491 8485
f 8491 8492 8485
f 8490 8485 8476
f 8485 8492 8486
f 8487 8488 8493
f 8493 8488 8494
f 8488 8495 8494
f 8488 8489 8495
f 8496 8497 8491
f 8497 8498 8491
f 8496 8491 8490
f 8491 8498 8492
f 8499 8500 8497
f 8500 8501 8497
f 8499 8497 8496
f 8497 8501 8498
f 8502 8503 8504
f 8503 8505 8504
f 8506 8503 8502
f 8506 8494 8503
f 8494 8507 8503
f 8503 8507 8505
f 8508 8504 8500
f 8504 8509 8500
f 8508 8500 8499
f 8500 8509 8501
f 8502 8504 8508
f 8504 8505 8509
f 8458 8475 8482
f 8464 8482 8487
f 8458 8482 8464
f 8466 8490 8476
f 8465 8487 8493
f 8464 8487 8465
f 8467 8496 8490
f 8467 8490 8466
f 8469 8493 8506
f 8493 8494 8506
f 8465 8493 8469
f 8470 8499 8496
f 8470 8496 8467
f 8471 8506 8502
f 8469 8506 8471
f 8473 8508 8499
f 8473 8499 8470
f 8472 8502 8508
f 8471 8502 8472
f 8472 8508 8473
f 8492 8510 8486
f 8486 8511 8481
f 8486 8510 8511
f 8498 8512 8492
f 8492 8512 8510
f 8501 8513 8498
f 8498 8513 8512
f 8494 8495 8507
f 8509 8514 8501
f 8501 8514 8513
f 8481 8515 8479
f 8481 8511 8515
f 8479 8516 8484
f 8479 8515 8516
f 8505 8517 8509
f 8509 8517 8514
f 8507 8518 8505
f 8505 8518 8517
f 8484 8519 8489
f 8484 8516 8519
f 8495 8520 8507
f 8507 8520 8518
f 8489 8521 8495
f 8489 8519 8521
f 8495 8521 8520
f 8513 8522 8512
f 8512 8523 8510
f 8512 8522 8523
f 8514 8524 8513
f 8513 8524 8522
f 8510 8525 8511
f 8510 8523 8525
f 8517 8526 8514
f 8514 8526 8524
f 8511 8527 8515
f 8511 8525 8527
f 8518 8528 8517
f 8517 8528 8526
f 8515 8529 8516
f 8515 8527 8529
f 8520 8530 8518
f 8518 8530 8528
f 8516 8531 8519
f 8516 8529 8531
f 8521 8532 8520
f 8520 8532 8530
f 8519 8533 8521
f 8519 8531 8533
f 8521 8533 8532
f 8524 8534 8522
f 8522 8535 8523
f 8522 8534 8535
f 8526 8536 8524
f 8524 8536 8534
f 8523 8537 8525
f 8523 8535 8537
f 8528 8538 8526
f 8526 8538 8536
f 8525 8539 8527
f 8525 8537 8539
f 8530 8540 8528
f 8528 8540 8538
f 8527 8541 8529
f 8527 8539 8541
f 8532 8542 8530
f 8530 8542 8540
f 8536 8543 8534
f 8534 8544 8535
f 8534 8543 8544
f 8538 8545 8536
f 8536 8545 8543
f 8535 8546 8537
f 8535 8544 8546
f 8529 8547 8531
f 8529 8541 8547
f 8540 8548 8538
f 8538 8548 8545
f 8533 8549 8532
f 8532 8549 8542
f 8531 8550 8533
f 8531 8547 8550
f 8533 8550 8549
f 8542 8551 8540
f 8540 8551 8548
f 8537 8552 8539
f 8537 8546 8552
f 8539 8553 8541
f 8539 8552 8553
f 8549 8554 8542
f 8542 8554 8551
f 8543 8555 8544
f 8544 8556 8546
f 8544 8555 8556
f 8541 8557 8547
f 8541 8553 8557
f 8545 8558 8543
f 8543 8558 8555
f 8547 8559 8550
f 8547 8557 8559
f 8548 8560 8545
f 8545 8560 8558
f 8550 8561 8549
f 8550 8559 8561
f 8551 8562 8548
f 8548 8562 8560
f 8549 8561 8554
f 8554 8563 8551
f 8551 8563 8562
f 8546 8564 8552
f 8546 8556 8564
f 8561 8565 8554
f 8554 8565 8563
f 8552 8566 8553
f 8552 8564 8566
f 8559 8567 8561
f 8561 8567 8565
f 8560 8568 8558
f 8562 8569 8560
f 8560 8569 8568
f 8553 8570 8557
f 8553 8566 8570
f 8558 8571 8555
f 8558 8568 8571
f 8557 8572 8559
f 8559 8572 8567
f 8563 8573 8562
f 8562 8573 8569
f 8557 8570 8572
f 8565 8574 8563
f 8563 8574 8573
f 8555 8575 8556
f 8555 8571 8575
f 8567 8576 8565
f 8565 8576 8574
f 8556 8577 8564
f 8556 8575 8577
f 8572 8578 8567
f 8567 8578 8576
f 8564 8579 8566
f 8564 8577 8579
f 8570 8580 8572
f 8572 8580 8578
f 8566 8581 8570
f 8566 8579 8581
f 8573 8582 8569
f 8569 8583 8568
f 8569 8582 8583
f 8574 8584 8573
f 8573 8584 8582
f 8570 8581 8580
f 8568 8585 8571
f 8568 8583 8585
f 8576 8586 8574
f 8574 8586 8584
f 8571 8587 8575
f 8571 8585 8587
f 8578 8588 8576
f 8576 8588 8586
f 8575 8589 8577
f 8575 8587 8589
f 8580 8590 8578
f 8578 8590 8588
f 8577 8591 8579
f 8577 8589 8591
f 8579 8592 8581
f 8579 8591 8592
f 8581 8593 8580
f 8581 8592 8593
f 8583 8594 8585
f 8585 8595 8587
f 8585 8594 8595
f 8580 8593 8590
f 8582 8596 8583
f 8583 8596 8594
f 8584 8597 8582
f 8582 8597 8596
f 8586 8598 8584
f 8584 8598 8597
f 8588 8599 8586
f 8586 8599 8598
f 8590 8600 8588
f 8588 8600 8599
f 8587 8601 8589
f 8587 8595 8601
f 8593 8602 8590
f 8590 8602 8600
f 8589 8603 8591
f 8589 8601 8603
f 8592 8604 8593
f 8593 8604 8602
f 8591 8605 8592
f 8591 8603 8605
f 8592 8605 8604
f 8598 8606 8597
f 8597 8607 8596
f 8597 8606 8607
f 8599 8608 8598
f 8598 8608 8606
f 8596 8609 8594
f 8596 8607 8609
f 8600 8610 8599
f 8599 8610 8608
f 8594 8611 8595
f 8594 8609 8611
f 8602 8612 8600
f 8600 8612 8610
f 8595 8613 8601
f 8595 8611 8613
f 8604 8614 8602
f 8602 8614 8612
f 8601 8615 8603
f 8601 8613 8615
f 8605 8616 8604
f 8604 8616 8614
f 8603 8617 8605
f 8603 8615 8617
f 8605 8617 8616
f 8608 8618 8606
f 8606 8619 8607
f 8606 8618 8619
f 8610 8620 8608
f 8608 8620 8618
f 8607 8621 8609
f 8607 8619 8621
f 8612 8622 8610
f 8610 8622 8620
f 8609 8623 8611
f 8609 8621 8623
f 8614 8624 8612
f 8612 8624 8622
f 8611 8625 8613
f 8611 8623 8625
f 8616 8626 8614
f 8614 8626 8624
f 8613 8627 8615
f 8613 8625 8627
f 8617 8628 8616
f 8616 8628 8626
f 8615 8629 8617
f 8615 8627 8629
f 8617 8629 8628
f 8620 8630 8618
f 8618 8631 8619
f 8618 8630 8631
f 8622 8632 8620
f 8620 8632 8630
f 8619 8633 8621
f 8619 8631 8633
f 8624 8634 8622
f 8622 8634 8632
f 8621 8635 8623
f 8621 8633 8635
f 8626 8636 8624
f 8624 8636 8634
f 8623 8637 8625
f 8623 8635 8637
f 8628 8638 8626
f 8626 8638 8636
f 8625 8639 8627
f 8625 8637 8639
f 8629 8640 8628
f 8628 8640 8638
f 8627 8641 8629
f 8627 8639 8641
f 8629 8641 8640
f 8632 8642 8630
f 8630 8643 8631
f 8630 8642 8643
f 8634 8644 8632
f 8632 8644 8642
f 8631 8645 8633
f 8631 8643 8645
f 8636 8646 8634
f 8634 8646 8644
f 8633 8647 8635
f 8633 8645 8647
f 8638 8648 8636
f 8636 8648 8646
f 8635 8649 8637
f 8635 8647 8649
f 8640 8650 8638
f 8638 8650 8648
f 8637 8651 8639
f 8637 8649 8651
f 8641 8652 8640
f 8640 8652 8650
f 8639 8653 8641
f 8639 8651 8653
f 8641 8653 8652
f 8644 8654 8642
f 8642 8655 8643
f 8642 8654 8655
f 8646 8656 8644
f 8644 8656 8654
f 8643 8657 8645
f 8643 8655 8657
f 8648 8658 8646
f 8646 8658 8656
f 8645 8659 8647
f 8645 8657 8659
f 8650 8660 8648
f 8648 8660 8658
f 8647 8661 8649
f 8647 8659 8661
f 8652 8662 8650
f 8650 8662 8660
f 8649 8663 8651
f 8649 8661 8663
f 8653 8664 8652
f 8652 8664 8662
f 8651 8665 8653
f 8651 8663 8665
f 8653 8665 8664
f 8654 8666 8655
f 8655 8667 8657
f 8655 8666 8667
f 8656 8668 8654
f 8654 8668 8666
f 8658 8669 8656
f 8656 8669 8668
f 8660 8670 8658
f 8658 8670 8669
f 8657 8671 8659
f 8657 8667 8671
f 8662 8672 8660
f 8660 8672 8670
f 8659 8673 8661
f 8659 8671 8673
f 8664 8674 8662
f 8662 8674 8672
f 8661 8675 8663
f 8661 8673 8675
f 8665 8676 8664
f 8664 8676 8674
f 8663 8677 8665
f 8663 8675 8677
f 8665 8677 8676
f 8678 8679 8680
f 8681 8679 8678
f 8680 8679 8682
f 8683 8679 8681
f 8682 8679 8684
f 8685 8679 8683
f 8684 8679 8686
f 8687 8679 8685
f 8686 8679 8688
f 8689 8679 8687
f 8688 8679 8690
f 8690 8679 8689
f 8691 8678 8680
f 8692 8681 8678
f 8692 8678 8691
f 8693 8680 8682
f 8691 8680 8693
f 8694 8683 8681
f 8694 8681 8692
f 8695 8682 8684
f 8693 8682 8695
f 8696 8685 8683
f 8696 8683 8694
f 8697 8684 8686
f 8695 8684 8697
f 8698 8687 8685
f 8698 8685 8696
f 8699 8686 8688
f 8697 8686 8699
f 8700 8689 8687
f 8700 8687 8698
f 8701 8688 8690
f 8699 8688 8701
f 8702 8690 8689
f 8702 8689 8700
f 8701 8690 8702
f 8703 8691 8693
f 8704 8692 8691
f 8704 8691 8703
f 8705 8693 8695
f 8703 8693 8705
f 8706 8694 8692
f 8706 8692 8704
f 8707 8695 8697
f 8705 8695 8707
f 8708 8696 8694
f 8708 8694 8706
f 8709 8697 8699
f 8707 8697 8709
f 8710 8698 8696
f 8710 8696 8708
f 8711 8699 8701
f 8709 8699 8711
f 8712 8700 8698
f 8712 8698 8710
f 8713 8701 8702
f 8711 8701 8713
f 8714 8702 8700
f 8714 8700 8712
f 8713 8702 8714
f 8715 8707 8709
f 8716 8705 8707
f 8716 8707 8715
f 8717 8709 8711
f 8715 8709 8717
f 8718 8711 8713
f 8717 8711 8718
f 8719 8713 8714
f 8718 8713 8719
f 8720 8703 8705
f 8721 8704 8703
f 8721 8703 8720
f 8720 8705 8716
f 8722 8714 8712
f 8723 8712 8710
f 8722 8712 8723
f 8719 8714 8722
f 8724 8706 8704
f 8724 8704 8721
f 8725 8708 8706
f 8725 8706 8724
f 8726 8710 8708
f 8726 8708 8725
f 8723 8710 8726
f 8727 8715 8717
f 8728 8716 8715
f 8728 8715 8727
f 8729 8717 8718
f 8727 8717 8729
f 8730 8718 8719
f 8729 8718 8730
f 8731 8719 8722
f 8730 8719 8731
f 8732 8720 8716
f 8733 8721 8720
f 8733 8720 8732
f 8732 8716 8728
f 8734 8722 8723
f 8735 8723 8726
f 8734 8723 8735
f 8731 8722 8734
f 8736 8724 8721
f 8736 8721 8733
f 8737 8726 8725
f 8735 8726 8737
f 8738 8725 8724
f 8738 8724 8736
f 8737 8725 8738
f 8739 8727 8729
f 8740 8728 8727
f 8740 8727 8739
f 8741 8729 8730
f 8739 8729 8741
f 8742 8730 8731
f 8741 8730 8742
f 8743 8731 8734
f 8742 8731 8743
f 8744 8732 8728
f 8744 8728 8740
f 8745 8734 8735
f 8743 8734 8745
f 8746 8733 8732
f 8746 8732 8744
f 8747 8735 8737
f 8745 8735 8747
f 8748 8736 8733
f 8748 8733 8746
f 8749 8738 8736
f 8749 8736 8748
f 8750 8737 8738
f 8750 8738 8749
f 8747 8737 8750
f 8751 8740 8739
f 8752 8744 8740
f 8752 8740 8751
f 8753 8739 8741
f 8751 8739 8753
f 8754 8741 8742
f 8753 8741 8754
f 8755 8742 8743
f 8754 8742 8755
f 8756 8743 8745
f 8755 8743 8756
f 8757 8745 8747
f 8756 8745 8757
f 8758 8746 8744
f 8758 8744 8752
f 8759 8748 8746
f 8759 8746 8758
f 8760 8749 8748
f 8760 8748 8759
f 8761 8750 8749
f 8761 8749 8760
f 8762 8747 8750
f 8762 8750 8761
f 8757 8747 8762
f 8763 8753 8754
f 8764 8751 8753
f 8764 8753 8763
f 8765 8754 8755
f 8763 8754 8765
f 8766 8755 8756
f 8765 8755 8766
f 8767 8756 8757
f 8766 8756 8767
f 8768 8752 8751
f 8768 8751 8764
f 8769 8758 8752
f 8769 8752 8768
f 8770 8757 8762
f 8767 8757 8770
f 8771 8759 8758
f 8771 8758 8769
f 8772 8762 8761
f 8770 8762 8772
f 8773 8761 8760
f 8772 8761 8773
f 8774 8760 8759
f 8774 8759 8771
f 8773 8760 8774
f 8775 8765 8766
f 8776 8763 8765
f 8776 8765 8775
f 8777 8766 8767
f 8775 8766 8777
f 8778 8764 8763
f 8778 8763 8776
f 8779 8767 8770
f 8777 8767 8779
f 8780 8768 8764
f 8780 8764 8778
f 8781 8770 8772
f 8779 8770 8781
f 8782 8769 8768
f 8782 8768 8780
f 8783 8771 8769
f 8783 8769 8782
f 8784 8772 8773
f 8781 8772 8784
f 8785 8776 8775
f 8786 8778 8776
f 8786 8776 8785
f 8787 8775 8777
f 8785 8775 8787
f 8788 8777 8779
f 8787 8777 8788
f 8789 8779 8781
f 8788 8779 8789
f 8790 8774 8771
f 8790 8771 8783
f 8791 8773 8774
f 8791 8774 8790
f 8784 8773 8791
f 8792 8780 8778
f 8792 8778 8786
f 8793 8781 8784
f 8789 8781 8793
f 8794 8782 8780
f 8794 8780 8792
f 8795 8787 8788
f 8796 8785 8787
f 8796 8787 8795
f 8797 8788 8789
f 8795 8788 8797
f 8798 8784 8791
f 8793 8784 8798
f 8799 8786 8785
f 8799 8785 8796
f 8797 8789 8800
f 8800 8789 8793
f 8801 8783 8782
f 8801 8782 8794
f 8802 8791 8790
f 8798 8791 8802
f 8803 8792 8786
f 8803 8786 8799
f 8804 8790 8783
f 8804 8783 8801
f 8802 8790 8804
f 8805 8796 8795
f 8806 8796 8805
f 8806 8799 8796
f 8807 8795 8797
f 8805 8795 8807
f 8807 8797 8808
f 8808 8797 8800
f 8809 8794 8792
f 8809 8792 8803
f 8800 8793 8810
f 8810 8793 8798
f 8811 8805 8807
f 8812 8806 8805
f 8812 8805 8811
f 8813 8807 8808
f 8811 8807 8813
f 8808 8800 8814
f 8815 8808 8814
f 8813 8808 8815
f 8816 8799 8806
f 8816 8803 8799
f 8814 8800 8810
f 8817 8801 8794
f 8817 8794 8809
f 8810 8798 8818
f 8818 8798 8802
f 8814 8810 8819
f 8820 8814 8819
f 8815 8814 8820
f 8819 8810 8818
f 8821 8804 8801
f 8821 8801 8817
f 8822 8802 8804
f 8818 8802 8822
f 8823 8816 8806
f 8823 8806 8812
f 8824 8803 8816
f 8824 8809 8803
f 8822 8804 8821
f 8819 8818 8825
f 8826 8819 8825
f 8820 8819 8826
f 8825 8818 8822
f 8827 8824 8816
f 8827 8816 8823
f 8828 8817 8809
f 8828 8809 8824
f 8825 8822 8829
f 8829 8822 8821
f 8830 8825 8829
f 8826 8825 8830
f 8831 8821 8817
f 8831 8817 8828
f 8829 8821 8831
f 8832 8828 8824
f 8832 8824 8827
f 8833 8831 8828
f 8833 8828 8832
f 8834 8829 8831
f 8830 8829 8834
f 8835 8813 8815
f 8836 8811 8813
f 8836 8813 8835
f 8834 8831 8833
f 8837 8815 8820
f 8835 8815 8837
f 8838 8812 8811
f 8838 8811 8836
f 8839 8820 8826
f 8837 8820 8839
f 8840 8823 8812
f 8840 8812 8838
f 8841 8826 8830
f 8839 8826 8841
f 8842 8827 8823
f 8842 8823 8840
f 8843 8830 8834
f 8841 8830 8843
f 8844 8832 8827
f 8844 8827 8842
f 8845 8834 8833
f 8843 8834 8845
f 8846 8833 8832
f 8846 8832 8844
f 8845 8833 8846
f 8847 8835 8837
f 8848 8836 8835
f 8848 8835 8847
f 8849 8837 8839
f 8847 8837 8849
f 8850 8838 8836
f 8850 8836 8848
f 8851 8839 8841
f 8849 8839 8851
f 8852 8840 8838
f 8852 8838 8850
f 8853 8841 8843
f 8851 8841 8853
f 8854 8842 8840
f 8854 8840 8852
f 8855 8843 8845
f 8853 8843 8855
f 8856 8844 8842
f 8856 8842 8854
f 8857 8845 8846
f 8855 8845 8857
f 8858 8846 8844
f 8858 8844 8856
f 8857 8846 8858
f 8859 8847 8849
f 8860 8848 8847
f 8860 8847 8859
f 8861 8849 8851
f 8859 8849 8861
f 8862 8850 8848
f 8862 8848 8860
f 8863 8851 8853
f 8861 8851 8863
f 8864 8852 8850
f 8864 8850 8862
f 8865 8853 8855
f 8863 8853 8865
f 8866 8854 8852
f 8866 8852 8864
f 8867 8855 8857
f 8865 8855 8867
f 8868 8856 8854
f 8868 8854 8866
f 8869 8857 8858
f 8867 8857 8869
f 8870 8858 8856
f 8870 8856 8868
f 8869 8858 8870
f 8871 8859 8861
f 8872 8860 8859
f 8872 8859 8871
f 8873 8861 8863
f 8871 8861 8873
f 8874 8862 8860
f 8874 8860 8872
f 8875 8863 8865
f 8873 8863 8875
f 8876 8864 8862
f 8876 8862 8874
f 8877 8865 8867
f 8875 8865 8877
f 8878 8866 8864
f 8878 8864 8876
f 8879 8867 8869
f 8877 8867 8879
f 8880 8868 8866
f 8880 8866 8878
f 8881 8869 8870
f 8879 8869 8881
f 8882 8870 8868
f 8882 8868 8880
f 8881 8870 8882
f 8883 8871 8873
f 8884 8872 8871
f 8884 8871 8883
f 8885 8873 8875
f 8883 8873 8885
f 8886 8874 8872
f 8886 8872 8884
f 8887 8875 8877
f 8885 8875 8887
f 8888 8876 8874
f 8888 8874 8886
f 8889 8877 8879
f 8887 8877 8889
f 8890 8878 8876
f 8890 8876 8888
f 8891 8879 8881
f 8889 8879 8891
f 8892 8880 8878
f 8892 8878 8890
f 8893 8881 8882
f 8891 8881 8893
f 8894 8882 8880
f 8894 8880 8892
f 8893 8882 8894
f 8895 8883 8885
f 8896 8884 8883
f 8896 8883 8895
f 8897 8885 8887
f 8895 8885 8897
f 8898 8886 8884
f 8898 8884 8896
f 8899 8887 8889
f 8897 8887 8899
f 8900 8888 8886
f 8900 8886 8898
f 8901 8889 8891
f 8899 8889 8901
f 8902 8890 8888
f 8902 8888 8900
f 8903 8891 8893
f 8901 8891 8903
f 8904 8892 8890
f 8904 8890 8902
f 8905 8893 8894
f 8903 8893 8905
f 8906 8894 8892
f 8906 8892 8904
f 8905 8894 8906
f 8907 8895 8897
f 8908 8896 8895
f 8908 8895 8907
f 8909 8897 8899
f 8907 8897 8909
f 8910 8898 8896
f 8910 8896 8908
f 8911 8899 8901
f 8909 8899 8911
f 8912 8900 8898
f 8912 8898 8910
f 8913 8901 8903
f 8911 8901 8913
f 8914 8902 8900
f 8914 8900 8912
f 8915 8903 8905
f 8913 8903 8915
f 8916 8904 8902
f 8916 8902 8914
f 8917 8905 8906
f 8915 8905 8917
f 8918 8906 8904
f 8918 8904 8916
f 8917 8906 8918
f 8919 8907 8909
f 8920 8908 8907
f 8920 8907 8919
f 8921 8909 8911
f 8919 8909 8921
f 8922 8910 8908
f 8922 8908 8920
f 8923 8911 8913
f 8921 8911 8923
f 8924 8912 8910
f 8924 8910 8922
f 8925 8913 8915
f 8923 8913 8925
f 8926 8914 8912
f 8926 8912 8924
f 8927 8915 8917
f 8925 8915 8927
f 8928 8916 8914
f 8928 8914 8926
f 8929 8917 8918
f 8927 8917 8929
f 8930 8918 8916
f 8930 8916 8928
f 8929 8918 8930
f 8931 8919 8921
f 8932 8920 8919
f 8932 8919 8931
f 8933 8921 8923
f 8931 8921 8933
f 8934 8922 8920
f 8934 8920 8932
f 8935 8923 8925
f 8933 8923 8935
f 8936 8924 8922
f 8936 8922 8934
f 8937 8925 8927
f 8935 8925 8937
f 8938 8926 8924
f 8938 8924 8936
f 8939 8927 8929
f 8937 8927 8939
f 8940 8928 8926
f 8940 8926 8938
f 8941 8929 8930
f 8939 8929 8941
f 8942 8930 8928
f 8942 8928 8940
f 8941 8930 8942
f 8943 8931 8933
f 8944 8932 8931
f 8944 8931 8943
f 8945 8933 8935
f 8943 8933 8945
f 8946 8934 8932
f 8946 8932 8944
f 8947 8935 8937
f 8945 8935 8947
f 8948 8937 8939
f 8947 8937 8948
f 8949 8936 8934
f 8949 8934 8946
f 8950 8938 8936
f 8950 8936 8949
f 8951 8939 8941
f 8948 8939 8951
f 8952 8940 8938
f 8952 8938 8950
f 8951 8941 8953
f 8953 8941 8942
f 8954 8946 8944
f 8955 8944 8943
f 8954 8944 8955
f 8956 8949 8946
f 8956 8946 8954
f 8957 8943 8945
f 8955 8943 8957
f 8958 8945 8947
f 8957 8945 8958
f 8959 8947 8948
f 8958 8947 8959
f 8960 8948 8951
f 8959 8948 8960
f 8961 8951 8953
f 8960 8951 8961
f 8962 8942 8940
f 8962 8940 8952
f 8953 8942 8962
f 8963 8950 8949
f 8963 8949 8956
f 8964 8952 8950
f 8964 8950 8963
f 8965 8962 8952
f 8965 8952 8964
f 8966 8953 8962
f 8966 8962 8965
f 8961 8953 8966
f 8967 8955 8957
f 8968 8954 8955
f 8968 8955 8967
f 8969 8957 8958
f 8967 8957 8969
f 8970 8958 8959
f 8969 8958 8970
f 8971 8959 8960
f 8970 8959 8971
f 8972 8954 8968
f 8972 8956 8954
f 8971 8960 8973
f 8973 8960 8961
f 8974 8975 8976
f 8977 8974 8976
f 8976 8978 8979
f 8980 8976 8979
f 8976 8975 8978
f 8977 8976 8980
f 8981 8982 8974
f 8983 8981 8974
f 8974 8982 8975
f 8983 8974 8977
f 8979 8984 8985
f 8986 8979 8985
f 8979 8978 8984
f 8980 8979 8986
f 8981 8987 8982
f 8988 8987 8981
f 8989 8988 8981
f 8989 8981 8983
f 8985 8990 8991
f 8992 8985 8991
f 8985 8984 8990
f 8986 8985 8992
f 8991 8993 8994
f 8995 8991 8994
f 8991 8990 8993
f 8992 8991 8995
f 8994 8996 8997
f 8998 8994 8997
f 8994 8993 8996
f 8995 8994 8998
f 8997 8996 8999
f 8997 8999 9000
f 8998 8997 9001
f 9001 8997 9000
f 8982 8967 8975
f 8975 8969 8978
f 8975 8967 8969
f 8987 8968 8982
f 8982 8968 8967
f 8978 8970 8984
f 8978 8969 8970
f 9002 8972 8987
f 8988 9002 8987
f 8987 8972 8968
f 8984 8971 8990
f 8984 8970 8971
f 9003 9004 9002
f 9005 9003 9002
f 9002 9004 8972
f 9005 9002 8988
f 8990 8973 8993
f 8990 8971 8973
f 9006 9007 9003
f 9008 9006 9003
f 9003 9007 9004
f 9008 9003 9005
f 8993 9009 8996
f 8993 8973 9009
f 8999 9010 9006
f 9000 8999 9006
f 9006 9010 9007
f 9000 9006 9008
f 8996 9011 8999
f 8996 9009 9011
f 8999 9011 9010
f 9004 8956 8972
f 9007 8963 9004
f 9004 8963 8956
f 9010 8964 9007
f 9007 8964 8963
f 8973 8961 9009
f 9011 8965 9010
f 9010 8965 8964
f 9009 8966 9011
f 9009 8961 8966
f 9011 8966 8965
f 9012 8980 8986
f 9013 8977 8980
f 9013 8980 9012
f 9014 8986 8992
f 9012 8986 9014
f 9015 8983 8977
f 9015 8977 9013
f 9016 8992 8995
f 9014 8992 9016
f 9017 8995 8998
f 9016 8995 9017
f 9018 8998 9001
f 9017 8998 9018
f 9019 9005 8988
f 9019 8988 8989
f 9020 9008 9005
f 9020 9005 9019
f 9021 9000 9008
f 9021 9008 9020
f 9001 9000 9021
f 9022 8989 8983
f 9022 8983 9015
f 9023 9001 9021
f 9018 9001 9023
f 9024 9014 9016
f 9025 9012 9014
f 9025 9014 9024
f 9026 9016 9017
f 9024 9016 9026
f 9027 9019 8989
f 9027 8989 9022
f 9028 9021 9020
f 9023 9021 9028
f 9029 9013 9012
f 9029 9012 9025
f 9030 9017 9018
f 9026 9017 9030
f 9031 9020 9019
f 9031 9019 9027
f 9028 9020 9031
f 9032 9015 9013
f 9032 9013 9029
f 9033 9018 9023
f 9030 9018 9033
f 9034 9022 9015
f 9034 9015 9032
f 9035 9023 9028
f 9033 9023 9035
f 9036 9024 9026
f 9037 9025 9024
f 9037 9024 9036
f 9038 9026 9030
f 9036 9026 9038
f 9039 9027 9022
f 9039 9022 9034
f 9040 9029 9025
f 9040 9025 9037
f 9041 9028 9031
f 9035 9028 9041
f 9042 9030 9033
f 9038 9030 9042
f 9043 9031 9027
f 9043 9027 9039
f 9041 9031 9043
f 9044 9032 9029
f 9044 9029 9040
f 9045 9033 9035
f 9042 9033 9045
f 9046 9034 9032
f 9046 9032 9044
f 9047 9036 9038
f 9048 9037 9036
f 9048 9036 9047
f 9049 9038 9042
f 9047 9038 9049
f 9050 9035 9041
f 9045 9035 9050
f 9051 9040 9037
f 9051 9037 9048
f 9052 9039 9034
f 9052 9034 9046
f 9053 9042 9045
f 9049 9042 9053
f 9054 9041 9043
f 9050 9041 9054
f 9055 9044 9040
f 9055 9040 9051
f 9056 9043 9039
f 9056 9039 9052
f 9054 9043 9056
f 9057 9045 9050
f 9053 9045 9057
f 9058 9046 9044
f 9058 9044 9055
f 9059 9047 9049
f 9060 9048 9047
f 9060 9047 9059
f 9061 9049 9053
f 9059 9049 9061
f 9062 9050 9054
f 9057 9050 9062
f 9063 9051 9048
f 9063 9048 9060
f 9064 9053 9057
f 9061 9053 9064
f 9065 9052 9046
f 9065 9046 9058
f 9066 9054 9056
f 9062 9054 9066
f 9067 9055 9051
f 9067 9051 9063
f 9068 9056 9052
f 9068 9052 9065
f 9066 9056 9068
f 9069 9057 9062
f 9064 9057 9069
f 9070 9060 9059
f 9071 9063 9060
f 9071 9060 9070
f 9072 9059 9061
f 9070 9059 9072
f 9073 9061 9064
f 9072 9061 9073
f 9074 9058 9055
f 9074 9055 9067
f 9075 9062 9066
f 9069 9062 9075
f 9076 9064 9069
f 9073 9064 9076
f 9077 9065 9058
f 9077 9058 9074
f 9078 9067 9063
f 9078 9063 9071
f 9079 9066 9068
f 9075 9066 9079
f 9080 9070 9072
f 9081 9072 9073
f 9080 9072 9081
f 9076 9069 9082
f 9082 9069 9075
f 9083 9068 9065
f 9083 9065 9077
f 9079 9068 9083
f 9084 9071 9070
f 9084 9070 9080
f 9085 9073 9076
f 9081 9073 9085
f 9086 9074 9067
f 9086 9067 9078
f 9085 9076 9087
f 9087 9076 9082
f 9082 9075 9088
f 9088 9075 9079
f 9089 9078 9071
f 9089 9071 9084
f 9090 9077 9074
f 9090 9074 9086
f 9091 9080 9081
f 9092 9080 9091
f 9092 9084 9080
f 9093 9081 9085
f 9091 9081 9093
f 9094 9085 9087
f 9093 9085 9094
f 9087 9082 9095
f 9094 9087 9096
f 9096 9087 9095
f 9097 9086 9078
f 9097 9078 9089
f 9095 9082 9088
f 9098 9083 9077
f 9098 9077 9090
f 9099 9079 9083
f 9099 9083 9098
f 9088 9079 9099
f 9100 9091 9093
f 9101 9092 9091
f 9101 9091 9100
f 9102 9093 9094
f 9100 9093 9102
f 9103 9094 9096
f 9102 9094 9103
f 9104 9089 9084
f 9104 9084 9092
f 9096 9095 9105
f 9106 9096 9105
f 9103 9096 9106
f 9095 9088 9107
f 9105 9095 9107
f 9108 9090 9086
f 9108 9086 9097
f 9107 9088 9099
f 9109 9099 9098
f 9107 9099 9109
f 9110 9097 9089
f 9110 9089 9104
f 9111 9098 9090
f 9111 9090 9108
f 9109 9098 9111
f 9112 9104 9092
f 9112 9092 9101
f 9105 9107 9113
f 9114 9105 9113
f 9106 9105 9114
f 9113 9107 9109
f 9115 9108 9097
f 9115 9097 9110
f 9116 9110 9104
f 9116 9104 9112
f 9113 9109 9117
f 9118 9113 9117
f 9114 9113 9118
f 9117 9109 9111
f 9119 9111 9108
f 9119 9108 9115
f 9117 9111 9119
f 9120 9115 9110
f 9120 9110 9116
f 9121 9117 9119
f 9118 9117 9121
f 9122 9119 9115
f 9122 9115 9120
f 9121 9119 9122
f 9123 9102 9103
f 9124 9103 9106
f 9123 9103 9124
f 9125 9100 9102
f 9125 9102 9123
f 9126 9106 9114
f 9124 9106 9126
f 9127 9101 9100
f 9127 9100 9125
f 9128 9114 9118
f 9126 9114 9128
f 9129 9112 9101
f 9129 9101 9127
f 9130 9118 9121
f 9128 9118 9130
f 9131 9116 9112
f 9131 9112 9129
f 9132 9121 9122
f 9130 9121 9132
f 9133 9123 9124
f 9134 9124 9126
f 9133 9124 9134
f 9135 9120 9116
f 9135 9116 9131
f 9136 9125 9123
f 9136 9123 9133
f 9137 9126 9128
f 9134 9126 9137
f 9138 9122 9120
f 9138 9120 9135
f 9132 9122 9138
f 9139 9127 9125
f 9139 9125 9136
f 9137 9128 9140
f 9140 9128 9130
f 9141 9129 9127
f 9141 9127 9139
f 9142 9133 9134
f 9143 9136 9133
f 9143 9133 9142
f 9144 9134 9137
f 9142 9134 9144
f 9145 9137 9140
f 9144 9137 9145
f 9146 9131 9129
f 9146 9129 9141
f 9147 9135 9131
f 9147 9131 9146
f 9148 9138 9135
f 9148 9135 9147
f 9149 9132 9138
f 9149 9138 9148
f 9150 9130 9132
f 9140 9130 9150
f 9150 9132 9149
f 9151 9139 9136
f 9151 9136 9143
f 9152 9140 9150
f 9145 9140 9152
f 9153 9141 9139
f 9153 9139 9151
f 9154 9150 9149
f 9152 9150 9154
f 9155 9146 9141
f 9155 9141 9153
f 9156 9149 9148
f 9154 9149 9156
f 9157 9142 9144
f 9158 9144 9145
f 9157 9144 9158
f 9159 9143 9142
f 9159 9142 9157
f 9160 9145 9152
f 9158 9145 9160
f 9161 9147 9146
f 9161 9146 9155
f 9162 9148 9147
f 9156 9148 9162
f 9162 9147 9161
f 9163 9151 9143
f 9163 9143 9159
f 9164 9152 9154
f 9160 9152 9164
f 9165 9153 9151
f 9165 9151 9163
f 9166 9154 9156
f 9164 9154 9166
f 9167 9155 9153
f 9167 9153 9165
f 9168 9156 9162
f 9166 9156 9168
f 9169 9157 9158
f 9170 9158 9160
f 9169 9158 9170
f 9171 9159 9157
f 9171 9157 9169
f 9172 9160 9164
f 9170 9160 9172
f 9173 9161 9155
f 9173 9155 9167
f 9174 9162 9161
f 9168 9162 9174
f 9174 9161 9173
f 9175 9163 9159
f 9175 9159 9171
f 9176 9164 9166
f 9172 9164 9176
f 9177 9165 9163
f 9177 9163 9175
f 9178 9166 9168
f 9176 9166 9178
f 9179 9169 9170
f 9180 9171 9169
f 9180 9169 9179
f 9181 9170 9172
f 9179 9170 9181
f 9182 9172 9176
f 9181 9172 9182
f 9183 9167 9165
f 9183 9165 9177
f 9184 9168 9174
f 9178 9168 9184
f 9185 9173 9167
f 9185 9167 9183
f 9186 9174 9173
f 9184 9174 9186
f 9187 9175 9171
f 9187 9171 9180
f 9188 9176 9178
f 9182 9176 9188
f 9186 9173 9185
f 9189 9177 9175
f 9189 9175 9187
f 9190 9178 9184
f 9188 9178 9190
f 9191 9179 9181
f 9192 9181 9182
f 9191 9181 9192
f 9193 9183 9177
f 9193 9177 9189
f 9194 9184 9186
f 9190 9184 9194
f 9195 9180 9179
f 9195 9179 9191
f 9196 9182 9188
f 9192 9182 9196
f 9197 9185 9183
f 9197 9183 9193
f 9198 9186 9185
f 9194 9186 9198
f 9199 9187 9180
f 9199 9180 9195
f 9200 9188 9190
f 9196 9188 9200
f 9198 9185 9197
f 9201 9189 9187
f 9201 9187 9199
f 9202 9190 9194
f 9200 9190 9202
f 9203 9191 9192
f 9204 9192 9196
f 9203 9192 9204
f 9205 9195 9191
f 9205 9191 9203
f 9206 9193 9189
f 9206 9189 9201
f 9207 9194 9198
f 9202 9194 9207
f 9208 9196 9200
f 9204 9196 9208
f 9209 9199 9195
f 9209 9195 9205
f 9210 9197 9193
f 9210 9193 9206
f 9211 9198 9197
f 9207 9198 9211
f 9212 9200 9202
f 9208 9200 9212
f 9211 9197 9210
f 9213 9201 9199
f 9213 9199 9209
f 9214 9202 9207
f 9212 9202 9214
f 9215 9203 9204
f 9216 9204 9208
f 9215 9204 9216
f 9217 9205 9203
f 9217 9203 9215
f 9218 9206 9201
f 9218 9201 9213
f 9219 9207 9211
f 9214 9207 9219
f 9220 9208 9212
f 9216 9208 9220
f 9221 9209 9205
f 9221 9205 9217
f 9222 9210 9206
f 9222 9206 9218
f 9223 9211 9210
f 9219 9211 9223
f 9224 9212 9214
f 9220 9212 9224
f 9223 9210 9222
f 9225 9213 9209
f 9225 9209 9221
f 9226 9214 9219
f 9224 9214 9226
f 9227 9215 9216
f 9228 9217 9215
f 9228 9215 9227
f 9229 9216 9220
f 9227 9216 9229
f 9230 9218 9213
f 9230 9213 9225
f 9231 9221 9217
f 9231 9217 9228
f 9232 9220 9224
f 9229 9220 9232
f 9233 9219 9223
f 9226 9219 9233
f 9234 9222 9218
f 9234 9218 9230
f 9235 9223 9222
f 9235 9222 9234
f 9233 9223 9235
f 9236 9225 9221
f 9236 9221 9231
f 9237 9224 9226
f 9232 9224 9237
f 9238 9226 9233
f 9237 9226 9238
f 9239 9230 9225
f 9239 9225 9236
f 9240 9227 9229
f 9241 9228 9227
f 9241 9227 9240
f 9242 9229 9232
f 9240 9229 9242
f 9243 9231 9228
f 9243 9228 9241
f 9244 9232 9237
f 9242 9232 9244
f 9245 9234 9230
f 9245 9230 9239
f 9246 9233 9235
f 9238 9233 9246
f 9247 9235 9234
f 9247 9234 9245
f 9246 9235 9247
f 9248 9236 9231
f 9248 9231 9243
f 9249 9237 9238
f 9244 9237 9249
f 9250 9239 9236
f 9250 9236 9248
f 9251 9240 9242
f 9252 9241 9240
f 9252 9240 9251
f 9253 9238 9246
f 9249 9238 9253
f 9254 9242 9244
f 9251 9242 9254
f 9255 9243 9241
f 9255 9241 9252
f 9256 9245 9239
f 9256 9239 9250
f 9257 9244 9249
f 9254 9244 9257
f 9258 9246 9247
f 9253 9246 9258
f 9259 9248 9243
f 9259 9243 9255
f 9260 9247 9245
f 9260 9245 9256
f 9258 9247 9260
f 9261 9249 9253
f 9257 9249 9261
f 9262 9250 9248
f 9262 9248 9259
f 9263 9253 9258
f 9261 9253 9263
f 9264 9256 9250
f 9264 9250 9262
f 9265 9258 9260
f 9263 9258 9265
f 9266 9260 9256
f 9266 9256 9264
f 9265 9260 9266
f 9267 9251 9254
f 9268 9252 9251
f 9268 9251 9267
f 9269 9254 9257
f 9267 9254 9269
f 9270 9255 9252
f 9270 9252 9268
f 9271 9257 9261
f 9269 9257 9271
f 9272 9259 9255
f 9272 9255 9270
f 9273 9261 9263
f 9271 9261 9273
f 9274 9262 9259
f 9274 9259 9272
f 9275 9263 9265
f 9273 9263 9275
f 9276 9264 9262
f 9276 9262 9274
f 9277 9268 9267
f 9278 9267 9269
f 9277 9267 9278
f 9279 9270 9268
f 9279 9268 9277
f 9280 9269 9271
f 9278 9269 9280
f 9281 9266 9264
f 9281 9264 9276
f 9282 9265 9266
f 9275 9265 9282
f 9282 9266 9281
f 9283 9271 9273
f 9280 9271 9283
f 9284 9272 9270
f 9284 9270 9279
f 9285 9273 9275
f 9283 9273 9285
f 9286 9274 9272
f 9286 9272 9284
f 9287 9277 9278
f 9288 9278 9280
f 9287 9278 9288
f 9289 9279 9277
f 9289 9277 9287
f 9290 9280 9283
f 9288 9280 9290
f 9291 9276 9274
f 9291 9274 9286
f 9292 9275 9282
f 9285 9275 9292
f 9293 9284 9279
f 9293 9279 9289
f 9294 9283 9285
f 9290 9283 9294
f 9295 9281 9276
f 9295 9276 9291
f 9296 9282 9281
f 9292 9282 9296
f 9296 9281 9295
f 9297 9287 9288
f 9298 9288 9290
f 9297 9288 9298
f 9299 9286 9284
f 9299 9284 9293
f 9294 9285 9300
f 9300 9285 9292
f 9301 9289 9287
f 9301 9287 9297
f 9302 9290 9294
f 9298 9290 9302
f 9303 9293 9289
f 9303 9289 9301
f 9302 9294 9304
f 9304 9294 9300
f 9305 9291 9286
f 9305 9286 9299
f 9306 9292 9296
f 9300 9292 9306
f 9307 9298 9302
f 9308 9297 9298
f 9308 9298 9307
f 9309 9295 9291
f 9309 9291 9305
f 9310 9296 9295
f 9306 9296 9310
f 9307 9302 9311
f 9311 9302 9304
f 9312 9301 9297
f 9312 9297 9308
f 9313 9299 9293
f 9313 9293 9303
f 9304 9300 9314
f 9314 9300 9306
f 9310 9295 9309
f 9315 9307 9311
f 9316 9308 9307
f 9316 9307 9315
f 9311 9304 9317
f 9317 9304 9314
f 9318 9303 9301
f 9318 9301 9312
f 9315 9311 9319
f 9319 9311 9317
f 9320 9312 9308
f 9320 9308 9316
f 9321 9305 9299
f 9321 9299 9313
f 9314 9306 9322
f 9322 9306 9310
f 9317 9314 9323
f 9323 9314 9322
f 9324 9313 9303
f 9324 9303 9318
f 9325 9315 9319
f 9326 9316 9315
f 9326 9315 9325
f 9319 9317 9327
f 9327 9317 9323
f 9328 9312 9320
f 9328 9318 9312
f 9329 9309 9305
f 9329 9305 9321
f 9330 9310 9309
f 9322 9310 9330
f 9330 9309 9329
f 9325 9319 9331
f 9331 9319 9327
f 9332 9316 9326
f 9332 9320 9316
f 9323 9322 9333
f 9333 9322 9330
f 9334 9321 9313
f 9334 9313 9324
f 9335 9325 9331
f 9331 9327 9336
f 9335 9331 9337
f 9337 9331 9336
f 9338 9326 9325
f 9338 9325 9335
f 9339 9332 9326
f 9339 9326 9338
f 9327 9323 9340
f 9336 9327 9340
f 9341 9320 9332
f 9341 9328 9320
f 9340 9323 9333
f 9342 9324 9318
f 9342 9318 9328
f 9333 9330 9343
f 9343 9330 9329
f 9344 9329 9321
f 9344 9321 9334
f 9340 9333 9345
f 9345 9333 9343
f 9346 9334 9324
f 9346 9324 9342
f 9343 9329 9344
f 9347 9335 9337
f 9348 9338 9335
f 9348 9335 9347
f 9336 9340 9349
f 9337 9336 9350
f 9350 9336 9349
f 9351 9332 9339
f 9351 9341 9332
f 9349 9340 9345
f 9352 9328 9341
f 9352 9342 9328
f 9353 9337 9350
f 9347 9337 9353
f 9354 9339 9338
f 9354 9338 9348
f 9345 9343 9355
f 9355 9343 9344
f 9356 9344 9334
f 9356 9334 9346
f 9350 9349 9357
f 9353 9350 9358
f 9358 9350 9357
f 9359 9339 9354
f 9359 9351 9339
f 9349 9345 9360
f 9357 9349 9360
f 9361 9352 9341
f 9361 9341 9351
f 9360 9345 9355
f 9362 9346 9342
f 9362 9342 9352
f 9355 9344 9356
f 9363 9347 9353
f 9364 9353 9358
f 9363 9353 9364
f 9365 9348 9347
f 9365 9347 9363
f 9366 9354 9348
f 9366 9348 9365
f 9360 9355 9367
f 9367 9355 9356
f 9368 9356 9346
f 9368 9346 9362
f 9357 9360 9369
f 9369 9360 9367
f 9370 9362 9352
f 9370 9352 9361
f 9367 9356 9368
f 9358 9357 9371
f 9364 9358 9372
f 9372 9358 9371
f 9373 9359 9354
f 9373 9354 9366
f 9371 9357 9369
f 9374 9361 9351
f 9374 9351 9359
f 9375 9367 9368
f 9369 9367 9375
f 9376 9368 9362
f 9376 9362 9370
f 9377 9363 9364
f 9378 9365 9363
f 9378 9363 9377
f 9375 9368 9376
f 9379 9364 9372
f 9377 9364 9379
f 9380 9366 9365
f 9380 9365 9378
f 9371 9369 9381
f 9381 9369 9375
f 9382 9370 9361
f 9382 9361 9374
f 9372 9371 9383
f 9383 9371 9381
f 9384 9374 9359
f 9384 9359 9373
f 9379 9372 9385
f 9385 9372 9383
f 9386 9373 9366
f 9386 9366 9380
f 9387 9375 9376
f 9381 9375 9387
f 9388 9376 9370
f 9387 9376 9388
f 9388 9370 9382
f 9383 9381 9389
f 9389 9381 9387
f 9390 9382 9374
f 9390 9374 9384
f 9391 9377 9379
f 9391 9379 9392
f 9392 9379 9385
f 9393 9378 9377
f 9393 9377 9391
f 9394 9378 9393
f 9394 9380 9378
f 9385 9383 9395
f 9395 9383 9389
f 9396 9384 9373
f 9396 9373 9386
f 9389 9387 9397
f 9397 9387 9388
f 9398 9388 9382
f 9398 9382 9390
f 9399 9391 9392
f 9399 9392 9400
f 9401 9391 9399
f 9402 9399 9400
f 9403 9399 9402
f 9403 9401 9399
f 9392 9385 9404
f 9400 9392 9404
f 9401 9393 9391
f 9405 9393 9401
f 9405 9394 9393
f 9404 9385 9395
f 9406 9380 9394
f 9406 9386 9380
f 9395 9389 9407
f 9407 9389 9397
f 9408 9390 9384
f 9408 9384 9396
f 9397 9388 9398
f 9402 9400 9409
f 9410 9402 9409
f 9411 9403 9402
f 9411 9402 9410
f 9400 9404 9412
f 9409 9400 9412
f 9413 9401 9403
f 9413 9405 9401
f 9404 9395 9414
f 9412 9404 9414
f 9415 9394 9405
f 9415 9406 9394
f 9414 9395 9407
f 9416 9386 9406
f 9416 9396 9386
f 9417 9397 9398
f 9407 9397 9417
f 9418 9398 9390
f 9417 9398 9418
f 9418 9390 9408
f 9409 9412 9419
f 9410 9409 9420
f 9420 9409 9419
f 9421 9403 9411
f 9421 9413 9403
f 9412 9414 9422
f 9419 9412 9422
f 9423 9405 9413
f 9423 9415 9405
f 9424 9410 9420
f 9425 9411 9410
f 9425 9410 9424
f 9426 9406 9415
f 9426 9416 9406
f 9414 9407 9427
f 9422 9414 9427
f 9420 9419 9428
f 9424 9420 9429
f 9429 9420 9428
f 9430 9411 9425
f 9430 9421 9411
f 9419 9422 9431
f 9428 9419 9431
f 9432 9413 9421
f 9432 9423 9413
f 9427 9407 9417
f 9433 9396 9416
f 9433 9408 9396
f 9434 9424 9429
f 9435 9425 9424
f 9435 9424 9434
f 9422 9427 9436
f 9431 9422 9436
f 9437 9415 9423
f 9437 9426 9415
f 9429 9428 9438
f 9434 9429 9439
f 9439 9429 9438
f 9440 9425 9435
f 9440 9430 9425
f 9441 9421 9430
f 9441 9432 9421
f 9442 9416 9426
f 9442 9433 9416
f 9428 9431 9443
f 9438 9428 9443
f 9427 9417 9444
f 9436 9427 9444
f 9444 9417 9418
f 9445 9418 9408
f 9445 9408 9433
f 9431 9436 9446
f 9443 9431 9446
f 9447 9423 9432
f 9447 9437 9423
f 9444 9418 9445
f 9448 9434 9439
f 9449 9435 9434
f 9449 9434 9448
f 9439 9438 9450
f 9448 9439 9451
f 9451 9439 9450
f 9452 9435 9449
f 9452 9440 9435
f 9438 9443 9453
f 9450 9438 9453
f 9454 9430 9440
f 9454 9441 9430
f 9436 9444 9455
f 9446 9436 9455
f 9456 9426 9437
f 9456 9442 9426
f 9455 9444 9445
f 9457 9445 9433
f 9457 9433 9442
f 9443 9446 9458
f 9453 9443 9458
f 9459 9432 9441
f 9459 9447 9432
f 9455 9445 9457
f 9460 9448 9451
f 9461 9449 9448
f 9461 9448 9460
f 9462 9437 9447
f 9462 9456 9437
f 9451 9450 9463
f 9460 9451 9464
f 9464 9451 9463
f 9465 9449 9461
f 9465 9452 9449
f 9450 9453 9466
f 9463 9450 9466
f 9467 9440 9452
f 9467 9454 9440
f 9446 9455 9468
f 9458 9446 9468
f 9468 9455 9457
f 9469 9457 9442
f 9469 9442 9456
f 9453 9458 9470
f 9466 9453 9470
f 9471 9441 9454
f 9471 9459 9441
f 9468 9457 9469
f 9472 9460 9464
f 9473 9461 9460
f 9473 9460 9472
f 9458 9468 9474
f 9470 9458 9474
f 9475 9447 9459
f 9475 9462 9447
f 9474 9468 9469
f 9476 9469 9456
f 9476 9456 9462
f 9464 9463 9477
f 9472 9464 9478
f 9478 9464 9477
f 9479 9465 9461
f 9479 9461 9473
f 9463 9466 9480
f 9477 9463 9480
f 9481 9452 9465
f 9481 9467 9452
f 9474 9469 9476
f 9482 9454 9467
f 9482 9471 9454
f 9466 9470 9483
f 9480 9466 9483
f 9470 9474 9484
f 9483 9470 9484
f 9485 9459 9471
f 9485 9475 9459
f 9484 9474 9476
f 9486 9476 9462
f 9486 9462 9475
f 9487 9472 9478
f 9488 9473 9472
f 9488 9472 9487
f 9478 9477 9489
f 9477 9480 9490
f 9489 9477 9490
f 9491 9465 9479
f 9491 9481 9465
f 9484 9476 9486
f 9487 9478 9492
f 9492 9478 9489
f 9493 9479 9473
f 9493 9473 9488
f 9480 9483 9494
f 9490 9480 9494
f 9495 9467 9481
f 9495 9482 9467
f 9483 9484 9496
f 9494 9483 9496
f 9497 9471 9482
f 9497 9485 9471
f 9496 9484 9486
f 9498 9486 9475
f 9498 9475 9485
f 9496 9486 9498
f 9499 9487 9492
f 9500 9488 9487
f 9500 9487 9499
f 9492 9489 9501
f 9489 9490 9502
f 9501 9489 9502
f 9503 9479 9493
f 9503 9491 9479
f 9504 9481 9491
f 9504 9495 9481
f 9499 9492 9505
f 9505 9492 9501
f 9506 9488 9500
f 9506 9493 9488
f 9490 9494 9507
f 9502 9490 9507
f 9494 9496 9508
f 9507 9494 9508
f 9509 9482 9495
f 9509 9497 9482
f 9508 9496 9498
f 9510 9498 9485
f 9510 9485 9497
f 9508 9498 9510
f 9511 9499 9505
f 9512 9500 9499
f 9512 9499 9511
f 9505 9501 9513
f 9514 9505 9513
f 9511 9505 9514
f 9515 9506 9500
f 9515 9500 9512
f 9501 9502 9516
f 9513 9501 9516
f 9517 9493 9506
f 9517 9503 9493
f 9502 9507 9518
f 9516 9502 9518
f 9519 9491 9503
f 9519 9504 9491
f 9507 9508 9520
f 9518 9507 9520
f 9521 9509 9495
f 9521 9495 9504
f 9520 9508 9510
f 9522 9510 9497
f 9522 9497 9509
f 9520 9510 9522
f 9513 9516 9523
f 9514 9513 9524
f 9524 9513 9523
f 9525 9517 9506
f 9525 9506 9515
f 9516 9518 9526
f 9523 9516 9526
f 9527 9503 9517
f 9527 9519 9503
f 9518 9520 9528
f 9528 9520 9522
f 9529 9522 9509
f 9529 9509 9521
f 9526 9518 9528
f 9530 9521 9504
f 9530 9504 9519
f 9528 9522 9529
f 9526 9528 9531
f 9531 9528 9529
f 9532 9529 9521
f 9532 9521 9530
f 9523 9526 9533
f 9524 9523 9534
f 9534 9523 9533
f 9535 9517 9525
f 9535 9527 9517
f 9533 9526 9531
f 9536 9530 9519
f 9536 9519 9527
f 9531 9529 9532
f 9533 9531 9537
f 9537 9531 9532
f 9538 9532 9530
f 9538 9530 9536
f 9534 9533 9539
f 9539 9533 9537
f 9540 9536 9527
f 9540 9527 9535
f 9537 9532 9538
f 9539 9537 9541
f 9541 9537 9538
f 9542 9538 9536
f 9542 9536 9540
f 9541 9538 9542
f 9543 9544 9545
f 9544 9546 9545
f 9547 9544 9543
f 9544 9548 9546
f 9549 9548 9544
f 9547 9549 9544
f 9543 9545 9550
f 9550 9545 9551
f 9545 9546 9552
f 9545 9552 9551
f 9553 9543 9550
f 9554 9547 9543
f 9554 9543 9553
f 9550 9551 9555
f 9556 9550 9555
f 9553 9550 9556
f 9548 9557 9558
f 9557 9559 9558
f 9560 9557 9548
f 9560 9561 9557
f 9557 9562 9559
f 9561 9562 9557
f 9548 9558 9546
f 9546 9558 9563
f 9558 9564 9563
f 9558 9559 9564
f 9549 9560 9548
f 9565 9560 9549
f 9566 9561 9560
f 9565 9566 9560
f 9546 9563 9552
f 9551 9552 9567
f 9552 9563 9568
f 9552 9568 9567
f 9569 9549 9547
f 9569 9565 9549
f 9555 9551 9570
f 9551 9567 9570
f 9571 9547 9554
f 9571 9569 9547
f 9556 9555 9572
f 9572 9555 9573
f 9555 9570 9573
f 9574 9553 9556
f 9575 9554 9553
f 9575 9553 9574
f 9576 9556 9572
f 9574 9556 9576
f 9572 9573 9577
f 9576 9572 9578
f 9578 9572 9577
f 9563 9564 9579
f 9563 9579 9568
f 9573 9570 9580
f 9570 9567 9581
f 9570 9581 9580
f 9577 9573 9582
f 9573 9580 9582
f 9583 9571 9554
f 9583 9554 9575
f 9562 9584 9559
f 9561 9585 9562
f 9585 9586 9562
f 9562 9586 9584
f 9559 9587 9564
f 9559 9584 9587
f 9588 9585 9561
f 9566 9588 9561
f 9567 9568 9589
f 9567 9589 9581
f 9590 9565 9569
f 9591 9566 9565
f 9590 9591 9565
f 9592 9569 9571
f 9592 9590 9569
f 9593 9574 9576
f 9594 9575 9574
f 9594 9574 9593
f 9595 9576 9578
f 9593 9576 9595
f 9585 9596 9586
f 9588 9597 9585
f 9597 9596 9585
f 9564 9587 9598
f 9564 9598 9579
f 9568 9579 9599
f 9568 9599 9589
f 9600 9588 9566
f 9591 9600 9566
f 9601 9571 9583
f 9601 9592 9571
f 9578 9577 9602
f 9577 9582 9603
f 9602 9577 9603
f 9604 9583 9575
f 9604 9575 9594
f 9605 9578 9602
f 9595 9578 9605
f 9586 9606 9584
f 9596 9607 9586
f 9586 9607 9606
f 9584 9608 9587
f 9584 9606 9608
f 9600 9609 9588
f 9609 9597 9588
f 9582 9580 9610
f 9580 9581 9611
f 9580 9611 9610
f 9603 9582 9612
f 9582 9610 9612
f 9581 9589 9613
f 9581 9613 9611
f 9614 9591 9590
f 9615 9600 9591
f 9614 9615 9591
f 9616 9590 9592
f 9616 9614 9590
f 9587 9608 9617
f 9587 9617 9598
f 9579 9598 9618
f 9579 9618 9599
f 9619 9609 9600
f 9615 9619 9600
f 9602 9603 9620
f 9603 9612 9621
f 9620 9603 9621
f 9622 9602 9620
f 9605 9602 9622
f 9596 9623 9607
f 9597 9624 9596
f 9624 9623 9596
f 9625 9601 9583
f 9625 9583 9604
f 9607 9626 9606
f 9607 9627 9626
f 9623 9627 9607
f 9606 9626 9628
f 9606 9628 9608
f 9609 9629 9597
f 9629 9624 9597
f 9630 9629 9609
f 9619 9630 9609
f 9589 9599 9631
f 9589 9631 9613
f 9612 9610 9632
f 9610 9611 9633
f 9610 9633 9632
f 9612 9632 9634
f 9621 9612 9634
f 9635 9616 9592
f 9635 9592 9601
f 9611 9613 9636
f 9611 9636 9633
f 9637 9615 9614
f 9638 9619 9615
f 9637 9638 9615
f 9639 9637 9614
f 9639 9614 9616
f 9640 9593 9595
f 9641 9594 9593
f 9641 9593 9640
f 9642 9595 9605
f 9640 9595 9642
f 9627 9643 9626
f 9623 9644 9627
f 9627 9645 9643
f 9644 9645 9627
f 9626 9646 9628
f 9626 9643 9646
f 9624 9647 9623
f 9647 9644 9623
f 9608 9628 9648
f 9608 9648 9617
f 9629 9649 9624
f 9649 9647 9624
f 9598 9617 9650
f 9598 9650 9618
f 9630 9651 9629
f 9651 9649 9629
f 9599 9618 9652
f 9599 9652 9631
f 9653 9630 9619
f 9653 9654 9630
f 9654 9651 9630
f 9613 9655 9636
f 9613 9631 9655
f 9638 9653 9619
f 9632 9633 9653
f 9633 9654 9653
f 9632 9653 9638
f 9633 9636 9654
f 9634 9632 9638
f 9634 9638 9637
f 9656 9634 9637
f 9656 9637 9639
f 9621 9634 9656
f 9657 9639 9616
f 9657 9616 9635
f 9658 9656 9639
f 9658 9639 9657
f 9659 9621 9656
f 9659 9656 9658
f 9620 9621 9659
f 9660 9635 9601
f 9660 9601 9625
f 9661 9620 9659
f 9622 9620 9661
f 9662 9604 9594
f 9662 9594 9641
f 9663 9605 9622
f 9642 9605 9663
f 9628 9646 9664
f 9628 9664 9648
f 9617 9648 9665
f 9617 9665 9650
f 9636 9666 9654
f 9636 9655 9666
f 9645 9667 9643
f 9644 9668 9645
f 9645 9669 9667
f 9668 9669 9645
f 9643 9670 9646
f 9643 9667 9670
f 9647 9671 9644
f 9671 9668 9644
f 9649 9672 9647
f 9672 9671 9647
f 9651 9673 9649
f 9673 9672 9649
f 9618 9650 9674
f 9618 9674 9652
f 9654 9666 9651
f 9666 9673 9651
f 9631 9675 9655
f 9631 9652 9675
f 9676 9657 9635
f 9676 9635 9660
f 9677 9659 9658
f 9661 9659 9677
f 9678 9625 9604
f 9678 9604 9662
f 9679 9622 9661
f 9663 9622 9679
f 9646 9670 9680
f 9646 9680 9664
f 9655 9681 9666
f 9655 9675 9681
f 9682 9658 9657
f 9682 9657 9676
f 9677 9658 9682
f 9669 9683 9667
f 9668 9684 9669
f 9669 9685 9683
f 9684 9685 9669
f 9667 9683 9686
f 9667 9686 9670
f 9671 9687 9668
f 9687 9684 9668
f 9648 9664 9688
f 9648 9688 9665
f 9666 9681 9673
f 9672 9689 9671
f 9689 9687 9671
f 9650 9665 9690
f 9650 9690 9674
f 9652 9691 9675
f 9652 9674 9691
f 9685 9692 9683
f 9685 9693 9692
f 9684 9694 9685
f 9694 9693 9685
f 9683 9692 9695
f 9683 9695 9686
f 9670 9686 9696
f 9670 9696 9680
f 9673 9697 9672
f 9697 9689 9672
f 9681 9697 9673
f 9698 9660 9625
f 9698 9625 9678
f 9699 9661 9677
f 9679 9661 9699
f 9700 9640 9642
f 9701 9641 9640
f 9701 9640 9700
f 9702 9642 9663
f 9700 9642 9702
f 9693 9703 9692
f 9692 9704 9695
f 9692 9703 9704
f 9705 9694 9684
f 9687 9705 9684
f 9694 9706 9693
f 9693 9707 9703
f 9706 9707 9693
f 9686 9695 9708
f 9686 9708 9696
f 9664 9680 9709
f 9664 9709 9688
f 9675 9710 9681
f 9681 9710 9697
f 9675 9691 9710
f 9695 9704 9711
f 9695 9711 9708
f 9712 9706 9694
f 9705 9712 9694
f 9689 9713 9687
f 9713 9705 9687
f 9665 9688 9714
f 9665 9714 9690
f 9715 9662 9641
f 9715 9641 9701
f 9716 9663 9679
f 9702 9663 9716
f 9674 9717 9691
f 9674 9690 9717
f 9707 9718 9703
f 9706 9719 9707
f 9719 9720 9707
f 9707 9720 9718
f 9703 9721 9704
f 9703 9718 9721
f 9722 9719 9706
f 9712 9722 9706
f 9680 9696 9723
f 9680 9723 9709
f 9697 9724 9689
f 9724 9713 9689
f 9710 9724 9697
f 9725 9676 9660
f 9725 9660 9698
f 9726 9677 9682
f 9699 9677 9726
f 9727 9712 9705
f 9713 9727 9705
f 9696 9708 9728
f 9696 9728 9723
f 9722 9729 9719
f 9719 9730 9720
f 9729 9730 9719
f 9704 9731 9711
f 9704 9721 9731
f 9732 9722 9712
f 9727 9732 9712
f 9708 9711 9733
f 9708 9733 9728
f 9688 9709 9734
f 9688 9734 9714
f 9691 9735 9710
f 9710 9735 9724
f 9691 9717 9735
f 9736 9682 9676
f 9736 9676 9725
f 9726 9682 9736
f 9737 9678 9662
f 9737 9662 9715
f 9738 9679 9699
f 9716 9679 9738
f 9724 9739 9713
f 9739 9727 9713
f 9690 9740 9717
f 9690 9714 9740
f 9741 9729 9722
f 9732 9741 9722
f 9735 9739 9724
f 9720 9742 9718
f 9718 9743 9721
f 9718 9742 9743
f 9730 9744 9720
f 9720 9744 9742
f 9709 9723 9745
f 9709 9745 9734
f 9711 9731 9746
f 9711 9746 9733
f 9717 9747 9735
f 9717 9740 9747
f 9721 9748 9731
f 9721 9743 9748
f 9749 9732 9727
f 9739 9749 9727
f 9723 9728 9750
f 9723 9750 9745
f 9735 9747 9739
f 9729 9751 9730
f 9730 9752 9744
f 9751 9752 9730
f 9741 9753 9729
f 9753 9751 9729
f 9714 9734 9754
f 9714 9754 9740
f 9755 9698 9678
f 9755 9678 9737
f 9756 9699 9726
f 9738 9699 9756
f 9757 9741 9732
f 9749 9757 9732
f 9728 9733 9758
f 9728 9758 9750
f 9747 9749 9739
f 9759 9700 9702
f 9760 9701 9700
f 9760 9700 9759
f 9761 9702 9716
f 9759 9702 9761
f 9762 9753 9741
f 9757 9762 9741
f 9744 9763 9742
f 9752 9764 9744
f 9744 9764 9763
f 9742 9765 9743
f 9742 9763 9765
f 9753 9766 9751
f 9751 9767 9752
f 9766 9767 9751
f 9731 9768 9746
f 9731 9748 9768
f 9762 9769 9753
f 9769 9766 9753
f 9733 9746 9770
f 9733 9770 9758
f 9745 9750 9771
f 9750 9758 9772
f 9750 9772 9771
f 9773 9757 9749
f 9773 9774 9757
f 9774 9762 9757
f 9734 9745 9775
f 9745 9771 9775
f 9747 9773 9749
f 9734 9775 9754
f 9740 9773 9747
f 9740 9754 9773
f 9776 9725 9698
f 9776 9698 9755
f 9777 9726 9736
f 9756 9726 9777
f 9778 9715 9701
f 9778 9701 9760
f 9779 9716 9738
f 9761 9716 9779
f 9754 9774 9773
f 9754 9775 9774
f 9743 9780 9748
f 9743 9765 9780
f 9774 9781 9762
f 9781 9769 9762
f 9775 9771 9781
f 9775 9781 9774
f 9782 9736 9725
f 9782 9725 9776
f 9777 9736 9782
f 9767 9783 9752
f 9752 9783 9764
f 9746 9784 9770
f 9746 9768 9784
f 9758 9785 9772
f 9758 9770 9785
f 9771 9786 9781
f 9771 9772 9786
f 9781 9786 9769
f 9769 9787 9766
f 9786 9787 9769
f 9788 9737 9715
f 9788 9715 9778
f 9789 9738 9756
f 9779 9738 9789
f 9766 9790 9767
f 9787 9790 9766
f 9748 9791 9768
f 9748 9780 9791
f 9772 9792 9786
f 9772 9785 9792
f 9786 9792 9787
f 9790 9793 9767
f 9767 9793 9783
f 9770 9794 9785
f 9770 9784 9794
f 9792 9795 9787
f 9787 9795 9790
f 9796 9755 9737
f 9796 9737 9788
f 9797 9756 9777
f 9789 9756 9797
f 9764 9798 9763
f 9783 9799 9764
f 9764 9799 9798
f 9763 9800 9765
f 9763 9798 9800
f 9768 9801 9784
f 9768 9791 9801
f 9785 9802 9792
f 9792 9802 9795
f 9785 9794 9802
f 9765 9803 9780
f 9765 9800 9803
f 9795 9804 9790
f 9790 9804 9793
f 9805 9759 9761
f 9806 9760 9759
f 9806 9759 9805
f 9807 9761 9779
f 9805 9761 9807
f 9793 9808 9783
f 9783 9808 9799
f 9809 9776 9755
f 9809 9755 9796
f 9810 9777 9782
f 9797 9777 9810
f 9784 9811 9794
f 9784 9801 9811
f 9812 9778 9760
f 9812 9760 9806
f 9813 9779 9789
f 9807 9779 9813
f 9780 9814 9791
f 9780 9803 9814
f 9802 9815 9795
f 9795 9815 9804
f 9804 9816 9793
f 9793 9816 9808
f 9794 9817 9802
f 9794 9811 9817
f 9818 9782 9776
f 9818 9776 9809
f 9810 9782 9818
f 9802 9817 9815
f 9819 9788 9778
f 9819 9778 9812
f 9820 9789 9797
f 9813 9789 9820
f 9791 9821 9801
f 9791 9814 9821
f 9815 9822 9804
f 9804 9822 9816
f 9799 9823 9798
f 9808 9824 9799
f 9799 9824 9823
f 9798 9825 9800
f 9798 9823 9825
f 9801 9826 9811
f 9801 9821 9826
f 9827 9796 9788
f 9827 9788 9819
f 9828 9797 9810
f 9820 9797 9828
f 9817 9829 9815
f 9815 9829 9822
f 9816 9830 9808
f 9808 9830 9824
f 9800 9831 9803
f 9800 9825 9831
f 9811 9832 9817
f 9811 9826 9832
f 9817 9832 9829
f 9833 9805 9807
f 9834 9806 9805
f 9834 9805 9833
f 9835 9807 9813
f 9833 9807 9835
f 9803 9836 9814
f 9803 9831 9836
f 9837 9809 9796
f 9837 9796 9827
f 9838 9810 9818
f 9828 9810 9838
f 9822 9839 9816
f 9816 9839 9830
f 9840 9812 9806
f 9840 9806 9834
f 9841 9813 9820
f 9835 9813 9841
f 9842 9818 9809
f 9842 9809 9837
f 9838 9818 9842
f 9814 9843 9821
f 9814 9836 9843
f 9829 9844 9822
f 9822 9844 9839
f 9845 9819 9812
f 9845 9812 9840
f 9846 9820 9828
f 9841 9820 9846
f 9821 9847 9826
f 9821 9843 9847
f 9832 9848 9829
f 9829 9848 9844
f 9826 9849 9832
f 9826 9847 9849
f 9832 9849 9848
f 9850 9827 9819
f 9850 9819 9845
f 9851 9828 9838
f 9846 9828 9851
f 9824 9852 9823
f 9830 9853 9824
f 9824 9853 9852
f 9823 9854 9825
f 9823 9852 9854
f 9825 9855 9831
f 9825 9854 9855
f 9839 9856 9830
f 9830 9856 9853
f 9857 9837 9827
f 9857 9827 9850
f 9858 9838 9842
f 9851 9838 9858
f 9859 9833 9835
f 9860 9834 9833
f 9860 9833 9859
f 9861 9835 9841
f 9859 9835 9861
f 9831 9862 9836
f 9831 9855 9862
f 9863 9840 9834
f 9863 9834 9860
f 9864 9841 9846
f 9861 9841 9864
f 9844 9865 9839
f 9839 9865 9856
f 9866 9842 9837
f 9866 9837 9857
f 9858 9842 9866
f 9836 9867 9843
f 9836 9862 9867
f 9848 9868 9844
f 9844 9868 9865
f 9869 9846 9851
f 9864 9846 9869
f 9870 9845 9840
f 9870 9840 9863
f 9843 9871 9847
f 9843 9867 9871
f 9849 9872 9848
f 9848 9872 9868
f 9847 9873 9849
f 9847 9871 9873
f 9849 9873 9872
f 9874 9851 9858
f 9869 9851 9874
f 9875 9850 9845
f 9875 9845 9870
f 9876 9859 9861
f 9877 9860 9859
f 9877 9859 9876
f 9878 9861 9864
f 9876 9861 9878
f 9879 9857 9850
f 9879 9850 9875
f 9880 9858 9866
f 9874 9858 9880
f 9853 9881 9852
f 9852 9882 9854
f 9852 9881 9882
f 9856 9883 9853
f 9853 9883 9881
f 9884 9864 9869
f 9878 9864 9884
f 9854 9885 9855
f 9854 9882 9885
f 9886 9866 9857
f 9886 9857 9879
f 9880 9866 9886
f 9887 9863 9860
f 9887 9860 9877
f 9865 9888 9856
f 9856 9888 9883
f 9855 9889 9862
f 9855 9885 9889
f 9890 9869 9874
f 9884 9869 9890
f 9868 9891 9865
f 9865 9891 9888
f 9892 9870 9863
f 9892 9863 9887
f 9862 9893 9867
f 9862 9889 9893
f 9872 9894 9868
f 9868 9894 9891
f 9867 9895 9871
f 9867 9893 9895
f 9896 9875 9870
f 9896 9870 9892
f 9897 9874 9880
f 9890 9874 9897
f 9873 9898 9872
f 9872 9898 9894
f 9871 9899 9873
f 9871 9895 9899
f 9873 9899 9898
f 9900 9876 9878
f 9901 9877 9876
f 9901 9876 9900
f 9902 9878 9884
f 9900 9878 9902
f 9903 9880 9886
f 9897 9880 9903
f 9904 9879 9875
f 9904 9875 9896
f 9905 9884 9890
f 9902 9884 9905
f 9906 9887 9877
f 9906 9877 9901
f 9907 9886 9879
f 9907 9879 9904
f 9903 9886 9907
f 9908 9890 9897
f 9905 9890 9908
f 9909 9892 9887
f 9909 9887 9906
f 9883 9910 9881
f 9881 9911 9882
f 9881 9910 9911
f 9888 9912 9883
f 9883 9912 9910
f 9882 9913 9885
f 9882 9911 9913
f 9914 9897 9903
f 9908 9897 9914
f 9915 9896 9892
f 9915 9892 9909
f 9891 9916 9888
f 9888 9916 9912
f 9885 9917 9889
f 9885 9913 9917
f 9918 9900 9902
f 9919 9902 9905
f 9918 9902 9919
f 9920 9901 9900
f 9920 9900 9918
f 9894 9921 9891
f 9891 9921 9916
f 9922 9903 9907
f 9914 9903 9922
f 9923 9904 9896
f 9923 9896 9915
f 9924 9905 9908
f 9919 9905 9924
f 9889 9925 9893
f 9889 9917 9925
f 9926 9906 9901
f 9926 9901 9920
f 9898 9927 9894
f 9894 9927 9921
f 9928 9907 9904
f 9928 9904 9923
f 9922 9907 9928
f 9893 9929 9895
f 9893 9925 9929
f 9930 9908 9914
f 9924 9908 9930
f 9899 9931 9898
f 9898 9931 9927
f 9895 9932 9899
f 9895 9929 9932
f 9933 9909 9906
f 9933 9906 9926
f 9899 9932 9931
f 9934 9914 9922
f 9930 9914 9934
f 9935 9915 9909
f 9935 9909 9933
f 9936 9918 9919
f 9937 9920 9918
f 9937 9918 9936
f 9938 9919 9924
f 9936 9919 9938
f 9939 9924 9930
f 9938 9924 9939
f 9940 9922 9928
f 9934 9922 9940
f 9941 9923 9915
f 9941 9915 9935
f 9942 9926 9920
f 9942 9920 9937
f 9943 9928 9923
f 9943 9923 9941
f 9940 9928 9943
f 9944 9930 9934
f 9939 9930 9944
f 9945 9933 9926
f 9945 9926 9942
f 9946 9934 9940
f 9944 9934 9946
f 9912 9947 9910
f 9916 9948 9912
f 9912 9948 9947
f 9910 9949 9911
f 9910 9947 9949
f 9950 9936 9938
f 9951 9938 9939
f 9950 9938 9951
f 9952 9937 9936
f 9952 9936 9950
f 9911 9953 9913
f 9911 9949 9953
f 9954 9935 9933
f 9954 9933 9945
f 9921 9955 9916
f 9916 9955 9948
f 9956 9939 9944
f 9951 9939 9956
f 9913 9957 9917
f 9913 9953 9957
f 9958 9940 9943
f 9946 9940 9958
f 9959 9942 9937
f 9959 9937 9952
f 9927 9960 9921
f 9921 9960 9955
f 9961 9941 9935
f 9961 9935 9954
f 9917 9962 9925
f 9917 9957 9962
f 9963 9944 9946
f 9956 9944 9963
f 9931 9964 9927
f 9927 9964 9960
f 9965 9943 9941
f 9965 9941 9961
f 9958 9943 9965
f 9925 9966 9929
f 9925 9962 9966
f 9967 9945 9942
f 9967 9942 9959
f 9932 9968 9931
f 9931 9968 9964
f 9929 9969 9932
f 9929 9966 9969
f 9932 9969 9968
f 9970 9950 9951
f 9971 9951 9956
f 9970 9951 9971
f 9972 9946 9958
f 9963 9946 9972
f 9973 9952 9950
f 9973 9950 9970
f 9974 9956 9963
f 9971 9956 9974
f 9975 9954 9945
f 9975 9945 9967
f 9976 9959 9952
f 9976 9952 9973
f 9977 9958 9965
f 9972 9958 9977
f 9974 9963 9978
f 9978 9963 9972
f 9979 9970 9971
f 9980 9973 9970
f 9980 9970 9979
f 9981 9971 9974
f 9979 9971 9981
f 9982 9961 9954
f 9982 9954 9975
f 9983 9974 9978
f 9981 9974 9983
f 9984 9965 9961
f 9984 9961 9982
f 9977 9965 9984
f 9985 9967 9959
f 9985 9959 9976
f 9986 9976 9973
f 9986 9973 9980
f 9978 9972 9987
f 9987 9972 9977
f 9983 9978 9988
f 9988 9978 9987
f 9989 9979 9981
f 9990 9981 9983
f 9989 9981 9990
f 9991 9980 9979
f 9991 9979 9989
f 9992 9983 9988
f 9990 9983 9992
f 9993 9975 9967
f 9993 9967 9985
f 9994 9985 9976
f 9994 9976 9986
f 9995 9986 9980
f 9995 9980 9991
f 9987 9977 9996
f 9996 9977 9984
f 9988 9987 9997
f 9997 9987 9996
f 9998 9982 9975
f 9998 9975 9993
f 9992 9988 9999
f 9999 9988 9997
f 10000 9984 9982
f 10000 9982 9998
f 9996 9984 10000
f 10001 9993 9985
f 10001 9985 9994
f 10002 9989 9990
f 10003 9991 9989
f 10003 9989 10002
f 10004 9990 9992
f 10002 9990 10004
f 10005 9996 10000
f 9997 9996 10005
f 10006 9994 9986
f 10006 9986 9995
f 10007 9992 9999
f 10004 9992 10007
f 9948 10008 9947
f 9955 10009 9948
f 9948 10009 10008
f 9947 10010 9949
f 9947 10008 10010
f 9949 10011 9953
f 9949 10010 10011
f 10012 9998 9993
f 10012 9993 10001
f 10013 10000 9998
f 10005 10000 10013
f 9999 9997 10014
f 10014 9997 10005
f 10015 9995 9991
f 10015 9991 10003
f 9960 10016 9955
f 9955 10016 10009
f 10013 9998 10012
f 10017 9999 10014
f 10007 9999 10017
f 9953 10018 9957
f 9953 10011 10018
f 10019 10001 9994
f 10019 9994 10006
f 9964 10020 9960
f 9960 10020 10016
f 10021 10005 10013
f 10014 10005 10021
f 10022 10002 10004
f 10023 10004 10007
f 10022 10004 10023
f 9968 10024 9964
f 9964 10024 10020
f 9969 10025 9968
f 9968 10025 10024
f 9966 10026 9969
f 9969 10026 10025
f 9957 10027 9962
f 9957 10018 10027
f 9962 10028 9966
f 9966 10028 10026
f 9962 10027 10028
f 10029 10012 10001
f 10029 10001 10019
f 10030 10013 10012
f 10030 10012 10029
f 10021 10013 10030
f 10031 10019 10006
f 10032 10006 9995
f 10031 10006 10032
f 10033 10029 10019
f 10033 10019 10031
f 10032 9995 10015
f 10034 10030 10029
f 10034 10029 10033
f 10035 10021 10030
f 10035 10030 10034
f 10036 10014 10021
f 10036 10021 10035
f 10017 10014 10036
f 10037 10032 10015
f 10038 10031 10032
f 10038 10032 10037
f 10039 10015 10003
f 10037 10015 10039
f 10040 10003 10002
f 10039 10003 10040
f 10040 10002 10022
f 10041 10017 10036
f 10041 10036 10042
f 10042 10036 10035
f 10043 10007 10017
f 10023 10007 10043
f 10043 10017 10041
f 10044 10040 10022
f 10045 10039 10040
f 10045 10040 10044
f 10046 10022 10023
f 10044 10022 10046
f 10047 10023 10043
f 10046 10023 10047
f 10048 10043 10041
f 10047 10043 10048
f 10049 10041 10042
f 10048 10041 10049
f 10050 10035 10034
f 10042 10035 10050
f 10051 10046 10047
f 10052 10047 10048
f 10051 10047 10052
f 10053 10033 10031
f 10053 10031 10038
f 10054 10034 10033
f 10054 10033 10053
f 10050 10034 10054
f 10055 10037 10039
f 10055 10039 10045
f 10056 10042 10050
f 10049 10042 10056
f 10057 10044 10046
f 10058 10045 10044
f 10058 10044 10057
f 10057 10046 10051
f 10059 10048 10049
f 10052 10048 10059
f 10060 10038 10037
f 10060 10037 10055
f 10061 10050 10054
f 10056 10050 10061
f 10062 10055 10045
f 10062 10045 10058
f 10059 10049 10063
f 10063 10049 10056
f 10064 10051 10052
f 10065 10057 10051
f 10065 10051 10064
f 10066 10052 10059
f 10064 10052 10066
f 10067 10059 10063
f 10066 10059 10067
f 10068 10053 10038
f 10068 10038 10060
f 10069 10054 10053
f 10069 10053 10068
f 10061 10054 10069
f 10063 10056 10070
f 10070 10056 10061
f 10071 10058 10057
f 10071 10057 10065
f 10072 10060 10055
f 10072 10055 10062
f 10067 10063 10073
f 10073 10063 10070
f 10074 10064 10066
f 10075 10065 10064
f 10075 10064 10074
f 10076 10066 10067
f 10074 10066 10076
f 10077 10061 10069
f 10070 10061 10077
f 10078 10067 10073
f 10076 10067 10078
f 10079 10062 10058
f 10079 10058 10071
f 10080 10081 10082
f 10081 10083 10082
f 10084 10085 10081
f 10085 10086 10081
f 10084 10081 10080
f 10081 10086 10083
f 10087 10082 10088
f 10082 10089 10088
f 10080 10082 10087
f 10082 10083 10089
f 10090 10091 10085
f 10091 10092 10085
f 10090 10085 10084
f 10085 10092 10086
f 10093 10088 10094
f 10088 10095 10094
f 10087 10088 10093
f 10088 10089 10095
f 10096 10097 10091
f 10097 10098 10091
f 10096 10091 10090
f 10091 10098 10092
f 10099 10094 10100
f 10094 10101 10100
f 10093 10094 10099
f 10094 10095 10101
f 10102 10097 10096
f 10102 10103 10097
f 10103 10104 10097
f 10097 10104 10098
f 10105 10100 10106
f 10100 10107 10106
f 10099 10100 10105
f 10100 10101 10107
f 10108 10106 10109
f 10106 10110 10109
f 10105 10106 10108
f 10106 10107 10110
f 10108 10109 10111
f 10111 10109 10112
f 10109 10113 10112
f 10109 10110 10113
f 10016 10080 10087
f 10020 10084 10080
f 10020 10080 10016
f 10009 10087 10093
f 10016 10087 10009
f 10024 10090 10084
f 10024 10084 10020
f 10008 10093 10099
f 10009 10093 10008
f 10025 10096 10090
f 10025 10090 10024
f 10010 10099 10105
f 10008 10099 10010
f 10026 10102 10096
f 10026 10096 10025
f 10011 10105 10108
f 10010 10105 10011
f 10028 10114 10102
f 10114 10103 10102
f 10028 10102 10026
f 10018 10108 10111
f 10011 10108 10018
f 10027 10111 10114
f 10111 10112 10114
f 10027 10114 10028
f 10114 10112 10103
f 10018 10111 10027
f 10115 10068 10060
f 10115 10060 10072
f 10116 10069 10068
f 10116 10068 10115
f 10077 10069 10116
f 10117 10072 10062
f 10117 10062 10079
f 10118 10115 10072
f 10118 10072 10117
f 10119 10116 10115
f 10119 10115 10118
f 10120 10077 10116
f 10120 10116 10119
f 10121 10070 10077
f 10121 10077 10120
f 10073 10070 10121
f 10122 10079 10071
f 10123 10117 10079
f 10123 10079 10122
f 10124 10071 10065
f 10122 10071 10124
f 10125 10118 10117
f 10125 10117 10123
f 10124 10065 10075
f 10126 10119 10118
f 10126 10118 10125
f 10127 10120 10119
f 10127 10119 10126
f 10128 10121 10120
f 10128 10120 10127
f 10129 10073 10121
f 10129 10121 10128
f 10078 10073 10129
f 10130 10122 10124
f 10131 10123 10122
f 10131 10122 10130
f 10132 10124 10075
f 10130 10124 10132
f 10133 10125 10123
f 10133 10123 10131
f 10134 10075 10074
f 10132 10075 10134
f 10135 10126 10125
f 10135 10125 10133
f 10136 10074 10076
f 10134 10074 10136
f 10137 10127 10126
f 10137 10126 10135
f 10138 10076 10078
f 10136 10076 10138
f 10139 10128 10127
f 10139 10127 10137
f 10140 10078 10129
f 10138 10078 10140
f 10141 10129 10128
f 10141 10128 10139
f 10140 10129 10141
f 10142 10130 10132
f 10143 10131 10130
f 10143 10130 10142
f 10144 10132 10134
f 10142 10132 10144
f 10145 10133 10131
f 10145 10131 10143
f 10146 10134 10136
f 10144 10134 10146
f 10147 10135 10133
f 10147 10133 10145
f 10148 10136 10138
f 10146 10136 10148
f 10149 10137 10135
f 10149 10135 10147
f 10150 10138 10140
f 10148 10138 10150
f 10151 10139 10137
f 10151 10137 10149
f 10152 10140 10141
f 10150 10140 10152
f 10153 10141 10139
f 10153 10139 10151
f 10152 10141 10153
f 10154 10142 10144
f 10155 10143 10142
f 10155 10142 10154
f 10156 10144 10146
f 10154 10144 10156
f 10157 10146 10148
f 10156 10146 10157
f 10158 10145 10143
f 10158 10143 10155
f 10159 10148 10150
f 10157 10148 10159
f 10160 10147 10145
f 10160 10145 10158
f 10161 10150 10152
f 10159 10150 10161
f 10162 10149 10147
f 10162 10147 10160
f 10163 10152 10153
f 10161 10152 10163
f 10164 10151 10149
f 10164 10149 10162
f 10165 10153 10151
f 10165 10151 10164
f 10163 10153 10165
f 10166 10156 10157
f 10167 10154 10156
f 10167 10156 10166
f 10168 10157 10159
f 10166 10157 10168
f 10169 10155 10154
f 10169 10154 10167
f 10170 10159 10161
f 10168 10159 10170
f 10171 10158 10155
f 10171 10155 10169
f 10172 10161 10163
f 10170 10161 10172
f 10173 10160 10158
f 10173 10158 10171
f 10174 10163 10165
f 10172 10163 10174
f 10175 10162 10160
f 10175 10160 10173
f 10176 10165 10164
f 10174 10165 10176
f 10177 10164 10162
f 10177 10162 10175
f 10176 10164 10177
f 10178 10167 10166
f 10179 10166 10168
f 10178 10166 10179
f 10180 10169 10167
f 10180 10167 10178
f 10181 10168 10170
f 10179 10168 10181
f 10182 10171 10169
f 10182 10169 10180
f 10183 10170 10172
f 10181 10170 10183
f 10184 10173 10171
f 10184 10171 10182
f 10185 10172 10174
f 10183 10172 10185
f 10186 10175 10173
f 10186 10173 10184
f 10187 10174 10176
f 10185 10174 10187
f 10188 10177 10175
f 10188 10175 10186
f 10189 10176 10177
f 10187 10176 10189
f 10189 10177 10188
f 10190 10178 10179
f 10191 10180 10178
f 10191 10178 10190
f 10192 10179 10181
f 10190 10179 10192
f 10193 10182 10180
f 10193 10180 10191
f 10194 10181 10183
f 10192 10181 10194
f 10195 10183 10185
f 10194 10183 10195
f 10196 10184 10182
f 10196 10182 10193
f 10197 10185 10187
f 10195 10185 10197
f 10198 10186 10184
f 10198 10184 10196
f 10199 10187 10189
f 10197 10187 10199
f 10200 10188 10186
f 10200 10186 10198
f 10201 10189 10188
f 10201 10188 10200
f 10199 10189 10201
f 10202 10190 10192
f 10203 10191 10190
f 10203 10190 10202
f 10204 10192 10194
f 10202 10192 10204
f 10205 10193 10191
f 10205 10191 10203
f 10206 10194 10195
f 10204 10194 10206
f 10207 10196 10193
f 10207 10193 10205
f 10208 10195 10197
f 10206 10195 10208
f 10209 10198 10196
f 10209 10196 10207
f 10210 10197 10199
f 10208 10197 10210
f 10211 10200 10198
f 10211 10198 10209
f 10212 10199 10201
f 10210 10199 10212
f 10213 10201 10200
f 10213 10200 10211
f 10212 10201 10213
f 10214 10202 10204
f 10215 10203 10202
f 10215 10202 10214
f 10216 10204 10206
f 10214 10204 10216
f 10217 10205 10203
f 10217 10203 10215
f 10218 10206 10208
f 10216 10206 10218
f 10219 10207 10205
f 10219 10205 10217
f 10220 10208 10210
f 10218 10208 10220
f 10221 10209 10207
f 10221 10207 10219
f 10222 10210 10212
f 10220 10210 10222
f 10223 10211 10209
f 10223 10209 10221
f 10224 10212 10213
f 10222 10212 10224
f 10225 10213 10211
f 10225 10211 10223
f 10224 10213 10225
f 10226 10214 10216
f 10227 10215 10214
f 10227 10214 10226
f 10228 10216 10218
f 10226 10216 10228
f 10229 10218 10220
f 10228 10218 10229
f 10230 10220 10222
f 10229 10220 10230
f 10231 10222 10224
f 10230 10222 10231
f 10232 10223 10221
f 10232 10221 10233
f 10233 10221 10219
f 10234 10224 10225
f 10231 10224 10234
f 10235 10225 10223
f 10235 10223 10232
f 10234 10225 10235
f 10236 10228 10229
f 10237 10228 10236
f 10237 10226 10228
f 10238 10229 10230
f 10236 10229 10238
f 10239 10230 10231
f 10238 10230 10239
f 10240 10231 10234
f 10239 10231 10240
f 10241 10234 10235
f 10240 10234 10241
f 10242 10235 10232
f 10242 10232 10243
f 10243 10232 10233
f 10241 10235 10242
f 10244 10236 10238
f 10245 10237 10236
f 10245 10236 10244
f 10246 10238 10239
f 10244 10238 10246
f 10247 10239 10240
f 10246 10239 10247
f 10248 10240 10241
f 10247 10240 10248
f 10249 10241 10242
f 10248 10241 10249
f 10250 10242 10243
f 10250 10243 10251
f 10243 10233 10252
f 10251 10243 10252
f 10249 10242 10250
f 10253 10246 10247
f 10254 10246 10253
f 10254 10244 10246
f 10255 10247 10248
f 10253 10247 10255
f 10256 10248 10249
f 10255 10248 10256
f 10257 10249 10250
f 10256 10249 10257
f 10257 10250 10258
f 10258 10250 10251
f 10259 10253 10255
f 10260 10253 10259
f 10260 10254 10253
f 10261 10255 10256
f 10259 10255 10261
f 10262 10256 10257
f 10261 10256 10262
f 10263 10257 10258
f 10262 10257 10263
f 10263 10258 10264
f 10264 10258 10265
f 10258 10251 10265
f 10266 10259 10261
f 10267 10259 10266
f 10267 10260 10259
f 10268 10261 10262
f 10266 10261 10268
f 10269 10262 10263
f 10268 10262 10269
f 10270 10263 10264
f 10269 10263 10270
f 10270 10264 10271
f 10271 10264 10272
f 10264 10265 10272
f 10273 10266 10268
f 10274 10266 10273
f 10274 10267 10266
f 10275 10268 10269
f 10273 10268 10275
f 10276 10269 10270
f 10275 10269 10276
f 10277 10270 10271
f 10276 10270 10277
f 10277 10271 10278
f 10278 10271 10279
f 10271 10272 10279
f 10278 10279 10280
f 10086 10281 10083
f 10092 10282 10086
f 10086 10282 10281
f 10083 10283 10089
f 10083 10281 10283
f 10089 10284 10095
f 10089 10283 10284
f 10095 10285 10101
f 10095 10284 10285
f 10112 10286 10103
f 10103 10286 10104
f 10112 10113 10286
f 10287 10217 10215
f 10287 10215 10227
f 10288 10219 10217
f 10288 10217 10287
f 10233 10219 10288
f 10289 10227 10226
f 10289 10226 10237
f 10290 10287 10227
f 10290 10227 10289
f 10252 10233 10288
f 10252 10288 10291
f 10291 10288 10287
f 10292 10237 10245
f 10292 10289 10237
f 10251 10252 10293
f 10293 10252 10291
f 10294 10244 10254
f 10294 10245 10244
f 10265 10251 10293
f 10295 10254 10260
f 10295 10294 10254
f 10272 10265 10296
f 10265 10293 10296
f 10297 10260 10267
f 10297 10295 10260
f 10279 10272 10298
f 10272 10296 10298
f 10299 10267 10274
f 10299 10297 10267
f 10280 10279 10300
f 10279 10298 10300
f 10280 10300 10301
f 10098 10302 10092
f 10092 10302 10282
f 10101 10303 10107
f 10101 10285 10303
f 10291 10287 10290
f 10304 10245 10294
f 10304 10292 10245
f 10305 10297 10299
f 10293 10291 10306
f 10296 10293 10306
f 10301 10300 10307
f 10301 10307 10308
f 10107 10309 10110
f 10107 10303 10309
f 10310 10290 10289
f 10310 10289 10292
f 10104 10311 10098
f 10098 10311 10302
f 10110 10312 10113
f 10110 10309 10312
f 10306 10291 10290
f 10306 10290 10310
f 10313 10294 10295
f 10313 10304 10294
f 10298 10296 10314
f 10296 10306 10314
f 10315 10295 10297
f 10315 10313 10295
f 10305 10315 10297
f 10300 10298 10316
f 10300 10316 10307
f 10286 10317 10104
f 10104 10317 10311
f 10298 10314 10316
f 10318 10315 10305
f 10113 10319 10286
f 10286 10319 10317
f 10113 10312 10319
f 10320 10310 10292
f 10320 10292 10304
f 10308 10321 10318
f 10308 10307 10321
f 10314 10306 10310
f 10318 10321 10315
f 10314 10310 10320
f 10322 10304 10313
f 10322 10320 10304
f 10321 10313 10315
f 10316 10314 10320
f 10321 10322 10313
f 10307 10316 10322
f 10307 10322 10321
f 10281 10323 10283
f 10282 10324 10281
f 10281 10324 10323
f 10283 10325 10284
f 10283 10323 10325
f 10316 10320 10322
f 10302 10326 10282
f 10282 10326 10324
f 10284 10327 10285
f 10284 10325 10327
f 10285 10328 10303
f 10285 10327 10328
f 10311 10329 10302
f 10302 10329 10326
f 10317 10330 10311
f 10311 10330 10329
f 10303 10331 10309
f 10303 10328 10331
f 10319 10332 10317
f 10317 10332 10330
f 10309 10333 10312
f 10309 10331 10333
f 10312 10334 10319
f 10319 10334 10332
f 10312 10333 10334
f 10326 10335 10324
f 10329 10336 10326
f 10326 10336 10335
f 10324 10337 10323
f 10324 10335 10337
f 10323 10338 10325
f 10323 10337 10338
f 10325 10339 10327
f 10325 10338 10339
f 10330 10340 10329
f 10329 10340 10336
f 10327 10341 10328
f 10327 10339 10341
f 10332 10342 10330
f 10330 10342 10340
f 10328 10343 10331
f 10328 10341 10343
f 10334 10344 10332
f 10332 10344 10342
f 10331 10345 10333
f 10331 10343 10345
f 10333 10346 10334
f 10334 10346 10344
f 10333 10345 10346
f 10336 10347 10335
f 10335 10348 10337
f 10335 10347 10348
f 10340 10349 10336
f 10336 10349 10347
f 10337 10350 10338
f 10337 10348 10350
f 10338 10351 10339
f 10338 10350 10351
f 10342 10352 10340
f 10340 10352 10349
f 10339 10353 10341
f 10339 10351 10353
f 10344 10354 10342
f 10342 10354 10352
f 10341 10355 10343
f 10341 10353 10355
f 10346 10356 10344
f 10344 10356 10354
f 10345 10357 10346
f 10346 10357 10356
f 10343 10358 10345
f 10343 10355 10358
f 10345 10358 10357
f 10349 10359 10347
f 10347 10360 10348
f 10347 10359 10360
f 10352 10361 10349
f 10349 10361 10359
f 10354 10362 10352
f 10352 10362 10361
f 10348 10363 10350
f 10348 10360 10363
f 10350 10364 10351
f 10350 10363 10364
f 10351 10365 10353
f 10351 10364 10365
f 10356 10366 10354
f 10354 10366 10362
f 10357 10367 10356
f 10356 10367 10366
f 10358 10368 10357
f 10357 10368 10367
f 10353 10369 10355
f 10353 10365 10369
f 10355 10370 10358
f 10355 10369 10370
f 10358 10370 10368
f 10361 10371 10359
f 10359 10372 10360
f 10359 10371 10372
f 10362 10373 10361
f 10361 10373 10371
f 10360 10374 10363
f 10360 10372 10374
f 10363 10375 10364
f 10363 10374 10375
f 10366 10376 10362
f 10362 10376 10373
f 10364 10377 10365
f 10364 10375 10377
f 10365 10378 10369
f 10365 10377 10378
f 10367 10379 10366
f 10366 10379 10376
f 10368 10380 10367
f 10367 10380 10379
f 10369 10381 10370
f 10369 10378 10381
f 10370 10382 10368
f 10368 10382 10380
f 10370 10381 10382
f 10373 10383 10371
f 10371 10384 10372
f 10371 10383 10384
f 10376 10385 10373
f 10373 10385 10383
f 10372 10386 10374
f 10372 10384 10386
f 10379 10387 10376
f 10376 10387 10385
f 10374 10388 10375
f 10374 10386 10388
f 10380 10389 10379
f 10379 10389 10387
f 10375 10390 10377
f 10375 10388 10390
f 10382 10391 10380
f 10380 10391 10389
f 10377 10392 10378
f 10377 10390 10392
f 10381 10393 10382
f 10382 10393 10391
f 10378 10394 10381
f 10378 10392 10394
f 10381 10394 10393
f 10385 10395 10383
f 10383 10396 10384
f 10383 10395 10396
f 10387 10397 10385
f 10385 10397 10395
f 10384 10398 10386
f 10384 10396 10398
f 10389 10399 10387
f 10387 10399 10397
f 10386 10400 10388
f 10386 10398 10400
f 10391 10401 10389
f 10389 10401 10399
f 10388 10402 10390
f 10388 10400 10402
f 10393 10403 10391
f 10391 10403 10401
f 10390 10404 10392
f 10390 10402 10404
f 10394 10405 10393
f 10393 10405 10403
f 10392 10406 10394
f 10392 10404 10406
f 10394 10406 10405
f 10407 10408 10409
f 10409 10408 10410
f 10411 10409 10412
f 10413 10409 10411
f 10413 10407 10409
f 10409 10410 10412
f 10414 10415 10408
f 10408 10415 10416
f 10407 10414 10408
f 10408 10416 10410
f 10411 10412 10417
f 10418 10413 10411
f 10419 10411 10417
f 10418 10411 10419
f 10414 10420 10415
f 10420 10421 10415
f 10415 10421 10422
f 10415 10422 10416
f 10423 10414 10407
f 10424 10420 10414
f 10423 10424 10414
f 10425 10407 10413
f 10425 10423 10407
f 10412 10410 10426
f 10417 10412 10427
f 10412 10426 10427
f 10428 10413 10418
f 10428 10425 10413
f 10419 10417 10429
f 10430 10418 10419
f 10431 10419 10429
f 10430 10419 10431
f 10410 10416 10432
f 10410 10432 10426
f 10420 10433 10421
f 10434 10433 10420
f 10424 10434 10420
f 10429 10417 10435
f 10417 10427 10435
f 10436 10418 10430
f 10436 10428 10418
f 10421 10437 10422
f 10433 10438 10421
f 10421 10438 10437
f 10416 10422 10439
f 10416 10439 10432
f 10431 10429 10440
f 10440 10429 10441
f 10429 10435 10441
f 10442 10430 10431
f 10443 10431 10440
f 10442 10431 10443
f 10422 10437 10444
f 10422 10444 10439
f 10434 10445 10433
f 10433 10446 10438
f 10445 10446 10433
f 10447 10434 10424
f 10448 10445 10434
f 10447 10448 10434
f 10449 10424 10423
f 10449 10447 10424
f 10450 10423 10425
f 10450 10449 10423
f 10451 10425 10428
f 10451 10450 10425
f 10452 10436 10430
f 10452 10430 10442
f 10443 10440 10453
f 10440 10441 10454
f 10453 10440 10454
f 10455 10442 10443
f 10456 10443 10453
f 10455 10443 10456
f 10446 10457 10438
f 10438 10458 10437
f 10438 10457 10458
f 10445 10459 10446
f 10459 10460 10446
f 10446 10460 10457
f 10461 10459 10445
f 10448 10461 10445
f 10426 10432 10462
f 10432 10439 10463
f 10432 10463 10462
f 10427 10426 10464
f 10426 10462 10464
f 10435 10427 10465
f 10427 10464 10465
f 10441 10435 10466
f 10435 10465 10466
f 10467 10428 10436
f 10467 10451 10428
f 10454 10441 10468
f 10441 10466 10468
f 10469 10436 10452
f 10469 10467 10436
f 10470 10452 10442
f 10470 10442 10455
f 10456 10453 10471
f 10453 10454 10472
f 10471 10453 10472
f 10473 10455 10456
f 10474 10456 10471
f 10473 10456 10474
f 10437 10475 10444
f 10437 10458 10475
f 10459 10476 10460
f 10461 10477 10459
f 10477 10476 10459
f 10439 10444 10478
f 10439 10478 10463
f 10479 10448 10447
f 10480 10461 10448
f 10479 10480 10448
f 10481 10447 10449
f 10481 10479 10447
f 10465 10464 10482
f 10464 10462 10483
f 10464 10483 10482
f 10484 10449 10450
f 10484 10481 10449
f 10466 10465 10485
f 10465 10482 10485
f 10486 10450 10451
f 10486 10484 10450
f 10472 10454 10487
f 10454 10468 10487
f 10488 10452 10470
f 10488 10469 10452
f 10489 10455 10473
f 10489 10470 10455
f 10474 10471 10490
f 10471 10472 10491
f 10490 10471 10491
f 10492 10473 10474
f 10493 10474 10490
f 10492 10474 10493
f 10460 10494 10457
f 10457 10495 10458
f 10457 10494 10495
f 10476 10496 10460
f 10460 10496 10494
f 10444 10475 10497
f 10444 10497 10478
f 10498 10477 10461
f 10480 10498 10461
f 10462 10463 10499
f 10462 10499 10483
f 10468 10466 10500
f 10466 10485 10500
f 10501 10451 10467
f 10501 10486 10451
f 10472 10487 10502
f 10491 10472 10502
f 10503 10473 10492
f 10503 10489 10473
f 10458 10504 10475
f 10458 10495 10504
f 10487 10468 10505
f 10468 10500 10505
f 10506 10467 10469
f 10506 10501 10467
f 10507 10470 10489
f 10507 10488 10470
f 10490 10491 10508
f 10493 10490 10509
f 10509 10490 10508
f 10477 10510 10476
f 10510 10511 10476
f 10476 10511 10496
f 10498 10512 10477
f 10512 10510 10477
f 10463 10478 10513
f 10463 10513 10499
f 10514 10480 10479
f 10515 10498 10480
f 10514 10515 10480
f 10516 10479 10481
f 10516 10514 10479
f 10517 10481 10484
f 10517 10516 10481
f 10518 10484 10486
f 10518 10517 10484
f 10502 10487 10519
f 10487 10505 10519
f 10491 10502 10520
f 10508 10491 10520
f 10521 10492 10493
f 10522 10492 10521
f 10522 10503 10492
f 10523 10493 10509
f 10521 10493 10523
f 10485 10482 10524
f 10482 10483 10525
f 10482 10525 10524
f 10500 10485 10526
f 10485 10524 10526
f 10527 10469 10488
f 10527 10506 10469
f 10528 10489 10503
f 10528 10507 10489
f 10523 10509 10529
f 10509 10508 10530
f 10529 10509 10530
f 10475 10531 10497
f 10475 10504 10531
f 10478 10497 10532
f 10478 10532 10513
f 10533 10512 10498
f 10515 10533 10498
f 10483 10499 10534
f 10483 10534 10525
f 10505 10500 10535
f 10500 10526 10535
f 10536 10486 10501
f 10536 10518 10486
f 10537 10521 10523
f 10538 10523 10529
f 10537 10523 10538
f 10502 10519 10539
f 10520 10502 10539
f 10508 10520 10540
f 10530 10508 10540
f 10541 10522 10521
f 10541 10521 10537
f 10499 10513 10542
f 10499 10542 10534
f 10543 10514 10516
f 10544 10515 10514
f 10543 10544 10514
f 10545 10516 10517
f 10545 10543 10516
f 10505 10535 10546
f 10519 10505 10546
f 10547 10488 10507
f 10547 10527 10488
f 10548 10503 10522
f 10548 10528 10503
f 10496 10549 10494
f 10494 10550 10495
f 10494 10549 10550
f 10512 10551 10510
f 10510 10552 10511
f 10551 10552 10510
f 10533 10553 10512
f 10553 10551 10512
f 10554 10533 10515
f 10544 10554 10515
f 10524 10525 10554
f 10525 10555 10554
f 10525 10534 10555
f 10526 10524 10544
f 10524 10554 10544
f 10526 10544 10543
f 10535 10526 10543
f 10556 10545 10517
f 10556 10517 10518
f 10557 10536 10501
f 10557 10501 10506
f 10529 10530 10558
f 10559 10529 10558
f 10538 10529 10559
f 10511 10560 10496
f 10496 10560 10549
f 10554 10555 10533
f 10555 10553 10533
f 10535 10543 10545
f 10546 10535 10545
f 10519 10546 10561
f 10539 10519 10561
f 10520 10539 10562
f 10540 10520 10562
f 10530 10540 10563
f 10558 10530 10563
f 10495 10564 10504
f 10495 10550 10564
f 10552 10565 10511
f 10511 10565 10560
f 10497 10566 10532
f 10497 10531 10566
f 10553 10567 10551
f 10551 10568 10552
f 10567 10568 10551
f 10513 10569 10542
f 10513 10532 10569
f 10555 10570 10553
f 10570 10567 10553
f 10534 10570 10555
f 10534 10542 10570
f 10546 10545 10556
f 10571 10556 10518
f 10571 10518 10536
f 10561 10546 10556
f 10561 10556 10571
f 10572 10571 10536
f 10572 10536 10557
f 10573 10506 10527
f 10573 10557 10506
f 10539 10561 10574
f 10562 10539 10574
f 10575 10507 10528
f 10575 10547 10507
f 10540 10562 10576
f 10563 10540 10576
f 10577 10522 10541
f 10577 10548 10522
f 10559 10558 10578
f 10558 10563 10579
f 10578 10558 10579
f 10580 10537 10538
f 10581 10541 10537
f 10581 10537 10580
f 10582 10538 10559
f 10580 10538 10582
f 10582 10559 10583
f 10583 10559 10578
f 10542 10584 10570
f 10542 10569 10584
f 10574 10561 10571
f 10585 10527 10547
f 10585 10573 10527
f 10586 10528 10548
f 10586 10575 10528
f 10504 10587 10531
f 10504 10564 10587
f 10532 10588 10569
f 10532 10566 10588
f 10570 10584 10567
f 10574 10571 10572
f 10589 10577 10541
f 10589 10541 10581
f 10590 10572 10557
f 10590 10557 10573
f 10562 10574 10591
f 10576 10562 10591
f 10591 10574 10572
f 10563 10576 10592
f 10579 10563 10592
f 10593 10548 10577
f 10593 10586 10548
f 10552 10594 10565
f 10568 10594 10552
f 10584 10595 10567
f 10567 10595 10568
f 10596 10547 10575
f 10596 10585 10547
f 10597 10580 10582
f 10598 10582 10583
f 10597 10582 10598
f 10560 10599 10549
f 10549 10600 10550
f 10549 10599 10600
f 10591 10572 10590
f 10601 10581 10580
f 10601 10580 10597
f 10565 10602 10560
f 10560 10602 10599
f 10569 10603 10584
f 10569 10588 10603
f 10584 10603 10595
f 10604 10590 10573
f 10604 10573 10585
f 10578 10579 10605
f 10583 10578 10606
f 10606 10578 10605
f 10550 10607 10564
f 10550 10600 10607
f 10576 10591 10608
f 10592 10576 10608
f 10531 10609 10566
f 10531 10587 10609
f 10608 10591 10590
f 10579 10592 10610
f 10605 10579 10610
f 10611 10583 10606
f 10598 10583 10611
f 10608 10590 10604
f 10612 10575 10586
f 10612 10596 10575
f 10613 10577 10589
f 10613 10593 10577
f 10594 10614 10565
f 10565 10614 10602
f 10615 10589 10581
f 10615 10581 10601
f 10568 10616 10594
f 10595 10616 10568
f 10617 10604 10585
f 10617 10585 10596
f 10592 10608 10618
f 10610 10592 10618
f 10619 10586 10593
f 10619 10612 10586
f 10564 10620 10587
f 10564 10607 10620
f 10566 10621 10588
f 10566 10609 10621
f 10618 10608 10604
f 10618 10604 10617
f 10606 10605 10622
f 10605 10610 10623
f 10622 10605 10623
f 10611 10606 10624
f 10624 10606 10622
f 10625 10597 10598
f 10626 10598 10611
f 10625 10598 10626
f 10627 10601 10597
f 10627 10597 10625
f 10602 10628 10599
f 10599 10629 10600
f 10599 10628 10629
f 10594 10630 10614
f 10616 10630 10594
f 10603 10631 10595
f 10595 10631 10616
f 10632 10617 10596
f 10632 10596 10612
f 10610 10618 10633
f 10623 10610 10633
f 10614 10634 10602
f 10602 10634 10628
f 10633 10618 10617
f 10635 10613 10589
f 10635 10589 10615
f 10600 10636 10607
f 10600 10629 10636
f 10588 10637 10603
f 10588 10621 10637
f 10638 10619 10593
f 10638 10593 10613
f 10639 10611 10624
f 10626 10611 10639
f 10587 10640 10609
f 10587 10620 10640
f 10603 10637 10631
f 10633 10617 10632
f 10641 10632 10612
f 10641 10612 10619
f 10642 10615 10601
f 10642 10601 10627
f 10614 10643 10634
f 10630 10643 10614
f 10616 10644 10630
f 10631 10644 10616
f 10645 10633 10632
f 10645 10632 10641
f 10623 10633 10645
f 10622 10623 10646
f 10646 10623 10645
f 10624 10622 10647
f 10647 10622 10646
f 10607 10648 10620
f 10607 10636 10648
f 10649 10641 10619
f 10649 10619 10638
f 10639 10624 10650
f 10650 10624 10647
f 10609 10651 10621
f 10609 10640 10651
f 10652 10638 10613
f 10652 10613 10635
f 10653 10625 10626
f 10654 10626 10639
f 10653 10626 10654
f 10634 10655 10628
f 10628 10656 10629
f 10628 10655 10656
f 10657 10627 10625
f 10657 10625 10653
f 10643 10658 10634
f 10634 10658 10655
f 10630 10659 10643
f 10644 10659 10630
f 10660 10645 10641
f 10646 10645 10660
f 10661 10635 10615
f 10661 10615 10642
f 10637 10662 10631
f 10631 10662 10644
f 10660 10641 10649
f 10629 10663 10636
f 10629 10656 10663
f 10664 10639 10650
f 10654 10639 10664
f 10621 10665 10637
f 10621 10651 10665
f 10620 10666 10640
f 10620 10648 10666
f 10637 10665 10662
f 10647 10646 10667
f 10667 10646 10660
f 10668 10642 10627
f 10668 10627 10657
f 10643 10669 10658
f 10659 10669 10643
f 10670 10649 10638
f 10670 10638 10652
f 10650 10647 10671
f 10671 10647 10667
f 10636 10672 10648
f 10636 10663 10672
f 10644 10673 10659
f 10662 10673 10644
f 10674 10660 10649
f 10667 10660 10674
f 10675 10652 10635
f 10675 10635 10661
f 10658 10676 10655
f 10655 10677 10656
f 10655 10676 10677
f 10674 10649 10670
f 10664 10650 10678
f 10678 10650 10671
f 10640 10679 10651
f 10640 10666 10679
f 10669 10680 10658
f 10658 10680 10676
f 10659 10681 10669
f 10673 10681 10659
f 10682 10661 10642
f 10682 10642 10668
f 10683 10653 10654
f 10684 10657 10653
f 10684 10653 10683
f 10685 10654 10664
f 10683 10654 10685
f 10656 10686 10663
f 10656 10677 10686
f 10665 10687 10662
f 10662 10687 10673
f 10648 10688 10666
f 10648 10672 10688
f 10651 10689 10665
f 10651 10679 10689
f 10671 10667 10690
f 10690 10667 10674
f 10691 10664 10678
f 10685 10664 10691
f 10669 10692 10680
f 10681 10692 10669
f 10665 10689 10687
f 10693 10670 10652
f 10693 10652 10675
f 10694 10668 10657
f 10694 10657 10684
f 10663 10695 10672
f 10663 10686 10695
f 10673 10696 10681
f 10687 10696 10673
f 10678 10671 10697
f 10697 10671 10690
f 10698 10674 10670
f 10690 10674 10698
f 10698 10670 10693
f 10680 10699 10676
f 10676 10700 10677
f 10676 10699 10700
f 10666 10701 10679
f 10666 10688 10701
f 10702 10675 10661
f 10702 10661 10682
f 10692 10703 10680
f 10680 10703 10699
f 10691 10678 10704
f 10704 10678 10697
f 10681 10705 10692
f 10696 10705 10681
f 10677 10706 10686
f 10677 10700 10706
f 10689 10707 10687
f 10687 10707 10696
f 10708 10682 10668
f 10708 10668 10694
f 10709 10683 10685
f 10710 10685 10691
f 10709 10685 10710
f 10711 10684 10683
f 10711 10683 10709
f 10672 10712 10688
f 10672 10695 10712
f 10692 10713 10703
f 10705 10713 10692
f 10679 10714 10689
f 10679 10701 10714
f 10715 10690 10698
f 10697 10690 10715
f 10689 10714 10707
f 10716 10693 10675
f 10716 10675 10702
f 10717 10691 10704
f 10710 10691 10717
f 10686 10718 10695
f 10686 10706 10718
f 10719 10694 10684
f 10719 10684 10711
f 10696 10720 10705
f 10707 10720 10696
f 10703 10721 10699
f 10699 10722 10700
f 10699 10721 10722
f 10723 10698 10693
f 10715 10698 10723
f 10704 10697 10724
f 10724 10697 10715
f 10723 10693 10716
f 10713 10725 10703
f 10703 10725 10721
f 10688 10726 10701
f 10688 10712 10726
f 10727 10702 10682
f 10727 10682 10708
f 10705 10728 10713
f 10720 10728 10705
f 10700 10729 10706
f 10700 10722 10729
f 10714 10730 10707
f 10707 10730 10720
f 10717 10704 10731
f 10731 10704 10724
f 10695 10732 10712
f 10695 10718 10732
f 10713 10733 10725
f 10728 10733 10713
f 10701 10734 10714
f 10701 10726 10734
f 10735 10708 10694
f 10735 10694 10719
f 10736 10709 10710
f 10737 10710 10717
f 10736 10710 10737
f 10738 10711 10709
f 10738 10709 10736
f 10714 10734 10730
f 10739 10715 10723
f 10724 10715 10739
f 10706 10740 10718
f 10706 10729 10740
f 10741 10716 10702
f 10741 10702 10727
f 10720 10742 10728
f 10730 10742 10720
f 10743 10717 10731
f 10737 10717 10743
f 10725 10744 10721
f 10721 10745 10722
f 10721 10744 10745
f 10746 10719 10711
f 10746 10711 10738
f 10733 10747 10725
f 10725 10747 10744
f 10712 10748 10726
f 10712 10732 10748
f 10749 10723 10716
f 10739 10723 10749
f 10749 10716 10741
f 10731 10724 10750
f 10750 10724 10739
f 10722 10751 10729
f 10722 10745 10751
f 10728 10752 10733
f 10742 10752 10728
f 10753 10727 10708
f 10753 10708 10735
f 10718 10754 10732
f 10718 10740 10754
f 10734 10755 10730
f 10730 10755 10742
f 10733 10756 10747
f 10752 10756 10733
f 10726 10757 10734
f 10726 10748 10757
f 10743 10731 10758
f 10758 10731 10750
f 10734 10757 10755
f 10759 10736 10737
f 10760 10737 10743
f 10759 10737 10760
f 10761 10735 10719
f 10761 10719 10746
f 10762 10738 10736
f 10762 10736 10759
f 10729 10763 10740
f 10729 10751 10763
f 10742 10764 10752
f 10755 10764 10742
f 10765 10739 10749
f 10750 10739 10765
f 10747 10766 10744
f 10744 10767 10745
f 10744 10766 10767
f 10768 10741 10727
f 10768 10727 10753
f 10769 10743 10758
f 10760 10743 10769
f 10756 10770 10747
f 10747 10770 10766
f 10732 10771 10748
f 10732 10754 10771
f 10772 10746 10738
f 10772 10738 10762
f 10745 10773 10751
f 10745 10767 10773
f 10752 10774 10756
f 10764 10774 10752
f 10775 10749 10741
f 10765 10749 10775
f 10775 10741 10768
f 10758 10750 10776
f 10776 10750 10765
f 10757 10777 10755
f 10755 10777 10764
f 10740 10778 10754
f 10740 10763 10778
f 10779 10753 10735
f 10779 10735 10761
f 10756 10780 10770
f 10774 10780 10756
f 10748 10781 10757
f 10748 10771 10781
f 10757 10781 10777
f 10769 10758 10782
f 10782 10758 10776
f 10783 10759 10760
f 10784 10760 10769
f 10783 10760 10784
f 10751 10785 10763
f 10751 10773 10785
f 10786 10762 10759
f 10786 10759 10783
f 10787 10761 10746
f 10787 10746 10772
f 10764 10788 10774
f 10777 10788 10764
f 10770 10789 10766
f 10766 10790 10767
f 10766 10789 10790
f 10791 10765 10775
f 10776 10765 10791
f 10784 10769 10792
f 10792 10769 10782
f 10780 10793 10770
f 10770 10793 10789
f 10754 10794 10771
f 10754 10778 10794
f 10767 10795 10773
f 10767 10790 10795
f 10774 10796 10780
f 10788 10796 10774
f 10797 10768 10753
f 10797 10753 10779
f 10798 10772 10762
f 10798 10762 10786
f 10763 10799 10778
f 10763 10785 10799
f 10781 10800 10777
f 10777 10800 10788
f 10801 10775 10768
f 10791 10775 10801
f 10782 10776 10802
f 10802 10776 10791
f 10801 10768 10797
f 10780 10803 10793
f 10796 10803 10780
f 10771 10804 10781
f 10771 10794 10804
f 10805 10779 10761
f 10805 10761 10787
f 10806 10783 10784
f 10807 10784 10792
f 10806 10784 10807
f 10781 10804 10800
f 10808 10786 10783
f 10808 10783 10806
f 10792 10782 10809
f 10809 10782 10802
f 10773 10810 10785
f 10773 10795 10810
f 10788 10811 10796
f 10800 10811 10788
f 10812 10787 10772
f 10812 10772 10798
f 10807 10792 10813
f 10813 10792 10809
f 10793 10814 10789
f 10789 10815 10790
f 10789 10814 10815
f 10778 10816 10794
f 10778 10799 10816
f 10817 10798 10786
f 10817 10786 10808
f 10803 10818 10793
f 10793 10818 10814
f 10802 10791 10819
f 10819 10791 10801
f 10796 10820 10803
f 10811 10820 10796
f 10790 10821 10795
f 10790 10815 10821
f 10822 10797 10779
f 10822 10779 10805
f 10823 10806 10807
f 10824 10807 10813
f 10823 10807 10824
f 10804 10825 10800
f 10800 10825 10811
f 10826 10808 10806
f 10826 10806 10823
f 10785 10827 10799
f 10785 10810 10827
f 10809 10802 10828
f 10828 10802 10819
f 10803 10829 10818
f 10820 10829 10803
f 10794 10830 10804
f 10794 10816 10830
f 10831 10801 10797
f 10831 10797 10822
f 10819 10801 10831
f 10813 10809 10832
f 10832 10809 10828
f 10833 10805 10787
f 10833 10787 10812
f 10804 10830 10825
f 10834 10813 10832
f 10824 10813 10834
f 10795 10835 10810
f 10795 10821 10835
f 10836 10812 10798
f 10836 10798 10817
f 10837 10817 10808
f 10837 10808 10826
f 10811 10838 10820
f 10825 10838 10811
f 10818 10839 10814
f 10814 10840 10815
f 10814 10839 10840
f 10818 10841 10839
f 10829 10841 10818
f 10799 10842 10816
f 10799 10827 10842
f 10828 10819 10843
f 10843 10819 10831
f 10820 10844 10829
f 10838 10844 10820
f 10845 10822 10805
f 10845 10805 10833
f 10832 10828 10846
f 10847 10832 10846
f 10834 10832 10847
f 10815 10840 10848
f 10815 10848 10821
f 10846 10828 10843
f 10830 10849 10825
f 10825 10849 10838
f 10810 10850 10827
f 10810 10835 10850
f 10841 10851 10839
f 10839 10852 10840
f 10839 10851 10852
f 10816 10853 10830
f 10816 10842 10853
f 10854 10831 10822
f 10854 10822 10845
f 10843 10831 10854
f 10855 10833 10812
f 10855 10812 10836
f 10856 10836 10817
f 10856 10817 10837
f 10829 10857 10841
f 10857 10858 10841
f 10841 10858 10851
f 10844 10857 10829
f 10830 10853 10849
f 10840 10859 10848
f 10840 10852 10859
f 10821 10848 10860
f 10821 10860 10835
f 10838 10861 10844
f 10849 10861 10838
f 10846 10843 10862
f 10862 10843 10854
f 10863 10846 10862
f 10847 10846 10863
f 10844 10864 10857
f 10857 10865 10858
f 10864 10865 10857
f 10827 10866 10842
f 10827 10850 10866
f 10867 10845 10833
f 10867 10833 10855
f 10858 10868 10851
f 10851 10869 10852
f 10851 10868 10869
f 10848 10870 10860
f 10848 10859 10870
f 10861 10864 10844
f 10871 10855 10836
f 10871 10836 10856
f 10872 10854 10845
f 10862 10854 10872
f 10865 10873 10858
f 10858 10873 10868
f 10853 10874 10849
f 10849 10874 10861
f 10872 10845 10867
f 10852 10875 10859
f 10852 10869 10875
f 10835 10860 10876
f 10835 10876 10850
f 10842 10877 10853
f 10842 10866 10877
f 10878 10862 10872
f 10863 10862 10878
f 10879 10823 10824
f 10880 10824 10834
f 10879 10824 10880
f 10864 10881 10865
f 10861 10882 10864
f 10882 10881 10864
f 10853 10877 10874
f 10883 10826 10823
f 10883 10823 10879
f 10865 10884 10873
f 10881 10884 10865
f 10885 10867 10855
f 10885 10855 10871
f 10886 10834 10847
f 10880 10834 10886
f 10860 10870 10887
f 10860 10887 10876
f 10874 10882 10861
f 10859 10888 10870
f 10859 10875 10888
f 10889 10872 10867
f 10878 10872 10889
f 10889 10867 10885
f 10890 10837 10826
f 10890 10826 10883
f 10850 10876 10891
f 10850 10891 10866
f 10873 10892 10868
f 10868 10893 10869
f 10868 10892 10893
f 10884 10894 10873
f 10873 10894 10892
f 10882 10895 10881
f 10874 10896 10882
f 10896 10895 10882
f 10881 10897 10884
f 10895 10897 10881
f 10869 10898 10875
f 10869 10893 10898
f 10877 10896 10874
f 10899 10847 10863
f 10886 10847 10899
f 10870 10900 10887
f 10870 10888 10900
f 10876 10901 10891
f 10876 10887 10901
f 10866 10902 10877
f 10866 10891 10902
f 10897 10903 10884
f 10884 10903 10894
f 10877 10902 10896
f 10904 10856 10837
f 10904 10837 10890
f 10896 10905 10895
f 10902 10905 10896
f 10875 10906 10888
f 10875 10898 10906
f 10891 10907 10902
f 10891 10901 10907
f 10895 10908 10897
f 10905 10908 10895
f 10902 10907 10905
f 10909 10863 10878
f 10899 10863 10909
f 10887 10910 10901
f 10887 10900 10910
f 10894 10911 10892
f 10892 10912 10893
f 10892 10911 10912
f 10897 10913 10903
f 10908 10913 10897
f 10903 10914 10894
f 10894 10914 10911
f 10893 10915 10898
f 10893 10912 10915
f 10888 10916 10900
f 10888 10906 10916
f 10907 10917 10905
f 10905 10917 10908
f 10918 10871 10856
f 10918 10856 10904
f 10901 10919 10907
f 10901 10910 10919
f 10913 10920 10903
f 10903 10920 10914
f 10907 10919 10917
f 10921 10878 10889
f 10909 10878 10921
f 10908 10922 10913
f 10917 10922 10908
f 10898 10923 10906
f 10898 10915 10923
f 10924 10879 10880
f 10925 10880 10886
f 10924 10880 10925
f 10900 10926 10910
f 10900 10916 10926
f 10927 10885 10871
f 10927 10871 10918
f 10928 10883 10879
f 10928 10879 10924
f 10929 10886 10899
f 10925 10886 10929
f 10930 10889 10885
f 10921 10889 10930
f 10913 10931 10920
f 10922 10931 10913
f 10930 10885 10927
f 10919 10932 10917
f 10917 10932 10922
f 10911 10933 10912
f 10914 10934 10911
f 10911 10934 10933
f 10910 10935 10919
f 10910 10926 10935
f 10936 10890 10883
f 10936 10883 10928
f 10912 10937 10915
f 10912 10933 10937
f 10920 10938 10914
f 10914 10938 10934
f 10906 10939 10916
f 10906 10923 10939
f 10919 10935 10932
f 10940 10899 10909
f 10929 10899 10940
f 10920 10941 10938
f 10931 10941 10920
f 10922 10942 10931
f 10932 10942 10922
f 10915 10937 10943
f 10915 10943 10923
f 10916 10939 10944
f 10916 10944 10926
f 10945 10904 10890
f 10945 10890 10936
f 10934 10946 10933
f 10938 10947 10934
f 10934 10947 10946
f 10933 10948 10937
f 10933 10946 10948
f 10941 10949 10938
f 10938 10949 10947
f 10937 10950 10943
f 10937 10948 10950
f 10931 10951 10941
f 10951 10952 10941
f 10941 10952 10949
f 10923 10953 10939
f 10923 10943 10953
f 10942 10951 10931
f 10939 10954 10944
f 10939 10953 10954
f 10932 10955 10942
f 10955 10956 10942
f 10942 10956 10951
f 10935 10955 10932
f 10935 10957 10955
f 10957 10958 10955
f 10955 10958 10956
f 10926 10957 10935
f 10926 10944 10957
f 10959 10918 10904
f 10960 10927 10918
f 10960 10918 10959
f 10959 10904 10945
f 10961 10909 10921
f 10962 10921 10930
f 10961 10921 10962
f 10940 10909 10961
f 10963 10924 10925
f 10964 10928 10924
f 10964 10924 10963
f 10965 10925 10929
f 10963 10925 10965
f 10951 10966 10952
f 10956 10966 10951
f 10944 10967 10957
f 10944 10954 10967
f 10957 10967 10958
f 10968 10930 10927
f 10968 10927 10960
f 10962 10930 10968
f 10969 10929 10940
f 10965 10929 10969
f 10947 10970 10946
f 10949 10971 10947
f 10947 10971 10970
f 10946 10972 10948
f 10946 10970 10972
f 10952 10973 10949
f 10949 10973 10971
f 10943 10974 10953
f 10943 10950 10974
f 10975 10936 10928
f 10975 10928 10964
f 10948 10976 10950
f 10948 10972 10976
f 10966 10977 10952
f 10952 10977 10973
f 10953 10978 10954
f 10953 10974 10978
f 10958 10979 10956
f 10956 10979 10966
f 10980 10940 10961
f 10969 10940 10980
f 10954 10981 10967
f 10954 10978 10981
f 10967 10982 10958
f 10958 10982 10979
f 10983 10945 10936
f 10983 10936 10975
f 10950 10976 10984
f 10950 10984 10974
f 10966 10985 10977
f 10979 10985 10966
f 10967 10981 10982
f 10986 10961 10962
f 10980 10961 10986
f 10971 10987 10988
f 10971 10988 10970
f 10973 10987 10971
f 10989 10990 10991
f 10990 10992 10991
f 10989 10991 10993
f 10993 10991 10994
f 10991 10992 10995
f 10991 10995 10994
f 10996 10997 10990
f 10997 10998 10990
f 10996 10990 10989
f 10990 10998 10992
f 10999 10997 10996
f 10999 11000 10997
f 10997 11001 10998
f 11000 11001 10997
f 10987 10989 10993
f 10988 10993 11002
f 10993 10994 11002
f 10987 10993 10988
f 11003 10996 10989
f 11003 10989 10987
f 11004 10999 10996
f 11004 10996 11003
f 11005 11002 11006
f 11002 11007 11006
f 10988 11002 11005
f 11002 10994 11007
f 11008 11009 10999
f 11009 11000 10999
f 11008 10999 11004
f 11005 11006 11010
f 11010 11006 11011
f 11006 11012 11011
f 11006 11007 11012
f 11013 11009 11008
f 11013 11014 11009
f 11009 11015 11000
f 11014 11015 11009
f 10970 10988 11005
f 10973 11003 10987
f 10977 11004 11003
f 10977 11003 10973
f 10972 11005 11010
f 10970 11005 10972
f 10985 11008 11004
f 10985 11004 10977
f 10976 11010 11016
f 11010 11011 11016
f 10972 11010 10976
f 11017 11013 11008
f 11017 11008 10985
f 10984 11016 11018
f 11016 11019 11018
f 10976 11016 10984
f 11016 11011 11019
f 11020 11021 11013
f 11021 11014 11013
f 11020 11013 11017
f 11022 11018 11023
f 11018 11024 11023
f 10984 11018 11022
f 11018 11019 11024
f 11025 11023 11021
f 11023 11026 11021
f 11022 11023 11025
f 11023 11024 11026
f 11025 11021 11020
f 11021 11026 11014
f 10979 11017 10985
f 10974 10984 11022
f 10982 11020 11017
f 10982 11017 10979
f 10978 11022 11025
f 10974 11022 10978
f 10981 11025 11020
f 10978 11025 10981
f 10981 11020 10982
f 11027 10959 10945
f 11028 10960 10959
f 11028 10959 11027
f 11027 10945 10983
f 11029 10968 10960
f 11029 10960 11028
f 11030 10962 10968
f 11030 10968 11029
f 10986 10962 11030
f 11031 10983 10975
f 11032 11027 10983
f 11032 10983 11031
f 11033 10975 10964
f 11031 10975 11033
f 11034 10964 10963
f 11033 10964 11034
f 11035 10986 11030
f 11036 11030 11029
f 11035 11030 11036
f 11037 10963 10965
f 11034 10963 11037
f 11038 10980 10986
f 11038 10986 11035
f 11039 10965 10969
f 11037 10965 11039
f 11040 10969 10980
f 11040 10980 11038
f 11039 10969 11040
f 10998 11041 10992
f 10992 11042 10995
f 10992 11041 11042
f 11001 11043 10998
f 10998 11043 11041
f 11000 11044 11001
f 11044 11045 11001
f 11001 11045 11043
f 10994 10995 11046
f 10994 11046 11007
f 11015 11044 11000
f 11011 11047 11019
f 11011 11012 11047
f 11014 11048 11015
f 11026 11048 11014
f 11049 11028 11027
f 11049 11027 11032
f 11050 11029 11028
f 11036 11029 11050
f 11015 11051 11044
f 11048 11051 11015
f 11050 11028 11049
f 11024 11052 11026
f 11026 11052 11048
f 11053 11037 11039
f 11054 11039 11040
f 11053 11039 11054
f 11051 11055 11044
f 11044 11055 11045
f 10995 11056 11046
f 10995 11042 11056
f 11007 11057 11012
f 11007 11046 11057
f 11019 11058 11024
f 11019 11047 11058
f 11024 11058 11052
f 11059 11034 11037
f 11059 11037 11053
f 11060 11040 11038
f 11054 11040 11060
f 11048 11061 11051
f 11052 11061 11048
f 11061 11062 11051
f 11051 11062 11055
f 11012 11063 11047
f 11012 11057 11063
f 11046 11064 11057
f 11046 11056 11064
f 11052 11065 11061
f 11058 11065 11052
f 11066 11033 11034
f 11066 11034 11059
f 11067 11038 11035
f 11060 11038 11067
f 11047 11068 11058
f 11047 11063 11068
f 11065 11069 11061
f 11061 11069 11062
f 11058 11068 11065
f 11057 11070 11063
f 11057 11064 11070
f 11045 11071 11043
f 11043 11072 11041
f 11043 11071 11072
f 11055 11073 11045
f 11045 11073 11071
f 11068 11074 11065
f 11065 11074 11069
f 11041 11075 11042
f 11041 11072 11075
f 11063 11076 11068
f 11063 11070 11076
f 11077 11031 11033
f 11077 11033 11066
f 11062 11078 11055
f 11055 11078 11073
f 11068 11076 11074
f 11079 11035 11036
f 11067 11035 11079
f 11042 11080 11056
f 11042 11075 11080
f 11069 11081 11062
f 11062 11081 11078
f 11082 11032 11031
f 11082 11031 11077
f 11056 11083 11064
f 11056 11080 11083
f 11084 11036 11050
f 11079 11036 11084
f 11074 11085 11069
f 11069 11085 11081
f 11064 11086 11070
f 11064 11083 11086
f 11087 11049 11032
f 11087 11032 11082
f 11073 11088 11071
f 11071 11089 11072
f 11071 11088 11089
f 11090 11050 11049
f 11084 11050 11090
f 11078 11091 11073
f 11073 11091 11088
f 11072 11092 11075
f 11072 11089 11092
f 11076 11093 11074
f 11074 11093 11085
f 11090 11049 11087
f 11070 11094 11076
f 11070 11086 11094
f 11081 11095 11078
f 11078 11095 11091
f 11076 11094 11093
f 11075 11096 11080
f 11075 11092 11096
f 11097 11053 11054
f 11098 11054 11060
f 11097 11054 11098
f 11099 11059 11053
f 11099 11053 11097
f 11100 11060 11067
f 11098 11060 11100
f 11085 11101 11081
f 11081 11101 11095
f 11080 11102 11083
f 11080 11096 11102
f 11093 11103 11085
f 11085 11103 11101
f 11104 11066 11059
f 11104 11059 11099
f 11105 11067 11079
f 11100 11067 11105
f 11091 11106 11088
f 11088 11107 11089
f 11088 11106 11107
f 11095 11108 11091
f 11091 11108 11106
f 11089 11109 11092
f 11089 11107 11109
f 11083 11110 11086
f 11083 11102 11110
f 11094 11111 11093
f 11093 11111 11103
f 11086 11112 11094
f 11086 11110 11112
f 11094 11112 11111
f 11101 11113 11095
f 11095 11113 11108
f 11092 11114 11096
f 11092 11109 11114
f 11115 11077 11066
f 11115 11066 11104
f 11116 11079 11084
f 11105 11079 11116
f 11103 11117 11101
f 11101 11117 11113
f 11096 11118 11102
f 11096 11114 11118
f 11111 11119 11103
f 11103 11119 11117
f 11120 11082 11077
f 11120 11077 11115
f 11121 11084 11090
f 11116 11084 11121
f 11102 11122 11110
f 11102 11118 11122
f 11108 11123 11106
f 11106 11124 11107
f 11106 11123 11124
f 11113 11125 11108
f 11108 11125 11123
f 11107 11126 11109
f 11107 11124 11126
f 11112 11127 11111
f 11111 11127 11119
f 11110 11128 11112
f 11110 11122 11128
f 11112 11128 11127
f 11129 11087 11082
f 11129 11082 11120
f 11130 11090 11087
f 11121 11090 11130
f 11117 11131 11113
f 11113 11131 11125
f 11109 11132 11114
f 11109 11126 11132
f 11130 11087 11129
f 11119 11133 11117
f 11117 11133 11131
f 11114 11134 11118
f 11114 11132 11134
f 11125 11135 11123
f 11131 11136 11125
f 11125 11136 11135
f 11123 11137 11124
f 11123 11135 11137
f 11124 11138 11126
f 11124 11137 11138
f 11127 11139 11119
f 11119 11139 11133
f 11128 11140 11127
f 11127 11140 11139
f 11118 11141 11122
f 11118 11134 11141
f 11142 11097 11098
f 11143 11099 11097
f 11143 11097 11142
f 11144 11098 11100
f 11142 11098 11144
f 11145 11100 11105
f 11144 11100 11145
f 11122 11146 11128
f 11122 11141 11146
f 11133 11147 11131
f 11131 11147 11136
f 11126 11148 11132
f 11126 11138 11148
f 11128 11146 11140
f 11149 11105 11116
f 11145 11105 11149
f 11150 11104 11099
f 11150 11099 11143
f 11139 11151 11133
f 11133 11151 11147
f 11132 11152 11134
f 11132 11148 11152
f 11140 11153 11139
f 11139 11153 11151
f 11154 11116 11121
f 11149 11116 11154
f 11136 11155 11135
f 11135 11156 11137
f 11135 11155 11156
f 11147 11157 11136
f 11136 11157 11155
f 11134 11158 11141
f 11134 11152 11158
f 11159 11115 11104
f 11159 11104 11150
f 11137 11160 11138
f 11137 11156 11160
f 11146 11161 11140
f 11140 11161 11153
f 11141 11162 11146
f 11141 11158 11162
f 11151 11163 11147
f 11147 11163 11157
f 11146 11162 11161
f 11138 11164 11148
f 11138 11160 11164
f 11165 11121 11130
f 11154 11121 11165
f 11166 11120 11115
f 11166 11115 11159
f 11153 11167 11151
f 11151 11167 11163
f 11148 11168 11152
f 11148 11164 11168
f 11157 11169 11155
f 11155 11170 11156
f 11155 11169 11170
f 11161 11171 11153
f 11153 11171 11167
f 11172 11130 11129
f 11165 11130 11172
f 11173 11129 11120
f 11173 11120 11166
f 11163 11174 11157
f 11157 11174 11169
f 11156 11175 11160
f 11156 11170 11175
f 11152 11176 11158
f 11152 11168 11176
f 11172 11129 11173
f 11167 11177 11163
f 11163 11177 11174
f 11162 11178 11161
f 11161 11178 11171
f 11158 11179 11162
f 11158 11176 11179
f 11160 11180 11164
f 11160 11175 11180
f 11162 11179 11178
f 11171 11181 11167
f 11167 11181 11177
f 11164 11182 11168
f 11164 11180 11182
f 11174 11183 11169
f 11169 11184 11170
f 11169 11183 11184
f 11177 11185 11174
f 11174 11185 11183
f 11178 11186 11171
f 11171 11186 11181
f 11170 11187 11175
f 11170 11184 11187
f 11168 11188 11176
f 11168 11182 11188
f 11189 11144 11145
f 11190 11142 11144
f 11190 11144 11189
f 11181 11191 11177
f 11177 11191 11185
f 11192 11145 11149
f 11189 11145 11192
f 11175 11193 11180
f 11175 11187 11193
f 11179 11194 11178
f 11178 11194 11186
f 11176 11195 11179
f 11176 11188 11195
f 11196 11143 11142
f 11196 11142 11190
f 11179 11195 11194
f 11186 11197 11181
f 11181 11197 11191
f 11198 11149 11154
f 11192 11149 11198
f 11180 11199 11182
f 11180 11193 11199
f 11185 11200 11183
f 11183 11201 11184
f 11183 11200 11201
f 11202 11150 11143
f 11202 11143 11196
f 11191 11203 11185
f 11185 11203 11200
f 11184 11204 11187
f 11184 11201 11204
f 11194 11205 11186
f 11186 11205 11197
f 11182 11206 11188
f 11182 11199 11206
f 11197 11207 11191
f 11191 11207 11203
f 11187 11208 11193
f 11187 11204 11208
f 11195 11209 11194
f 11194 11209 11205
f 11210 11154 11165
f 11198 11154 11210
f 11188 11211 11195
f 11188 11206 11211
f 11195 11211 11209
f 11205 11212 11197
f 11197 11212 11207
f 11213 11159 11150
f 11213 11150 11202
f 11193 11214 11199
f 11193 11208 11214
f 11203 11215 11200
f 11200 11216 11201
f 11200 11215 11216
f 11207 11217 11203
f 11203 11217 11215
f 11201 11218 11204
f 11201 11216 11218
f 11209 11219 11205
f 11205 11219 11212
f 11212 11220 11207
f 11207 11220 11217
f 11204 11221 11208
f 11204 11218 11221
f 11199 11222 11206
f 11199 11214 11222
f 11223 11165 11172
f 11210 11165 11223
f 11224 11166 11159
f 11224 11159 11213
f 11211 11225 11209
f 11209 11225 11219
f 11206 11226 11211
f 11206 11222 11226
f 11217 11227 11215
f 11215 11228 11216
f 11215 11227 11228
f 11212 11229 11220
f 11219 11229 11212
f 11211 11226 11225
f 11220 11230 11217
f 11217 11230 11227
f 11208 11231 11214
f 11208 11221 11231
f 11216 11232 11218
f 11216 11228 11232
f 11233 11172 11173
f 11223 11172 11233
f 11220 11234 11230
f 11229 11234 11220
f 11218 11235 11221
f 11218 11232 11235
f 11219 11236 11229
f 11225 11236 11219
f 11237 11173 11166
f 11233 11173 11237
f 11237 11166 11224
f 11214 11238 11222
f 11214 11231 11238
f 11230 11239 11227
f 11227 11240 11228
f 11227 11239 11240
f 11234 11241 11230
f 11230 11241 11239
f 11228 11242 11232
f 11228 11240 11242
f 11229 11243 11234
f 11236 11243 11229
f 11226 11244 11225
f 11225 11244 11236
f 11222 11245 11226
f 11222 11238 11245
f 11221 11246 11231
f 11221 11235 11246
f 11226 11245 11244
f 11243 11247 11234
f 11234 11247 11241
f 11232 11248 11235
f 11232 11242 11248
f 11236 11249 11243
f 11244 11249 11236
f 11231 11250 11238
f 11231 11246 11250
f 11249 11251 11243
f 11243 11251 11247
f 11235 11252 11246
f 11235 11248 11252
f 11245 11253 11244
f 11244 11253 11249
f 11238 11254 11245
f 11238 11250 11254
f 11245 11254 11253
f 11253 11255 11249
f 11249 11255 11251
f 11246 11256 11250
f 11246 11252 11256
f 11241 11257 11239
f 11239 11258 11240
f 11239 11257 11258
f 11254 11259 11253
f 11253 11259 11255
f 11247 11260 11241
f 11241 11260 11257
f 11250 11261 11254
f 11250 11256 11261
f 11240 11262 11242
f 11240 11258 11262
f 11254 11261 11259
f 11263 11189 11192
f 11264 11190 11189
f 11264 11189 11263
f 11251 11265 11247
f 11247 11265 11260
f 11266 11192 11198
f 11263 11192 11266
f 11242 11267 11248
f 11242 11262 11267
f 11268 11196 11190
f 11268 11190 11264
f 11255 11269 11251
f 11251 11269 11265
f 11270 11198 11210
f 11266 11198 11270
f 11248 11271 11252
f 11248 11267 11271
f 11259 11272 11255
f 11255 11272 11269
f 11273 11202 11196
f 11273 11196 11268
f 11252 11274 11256
f 11252 11271 11274
f 11261 11275 11259
f 11259 11275 11272
f 11256 11276 11261
f 11256 11274 11276
f 11277 11210 11223
f 11270 11210 11277
f 11261 11276 11275
f 11260 11278 11257
f 11257 11279 11258
f 11257 11278 11279
f 11265 11280 11260
f 11260 11280 11278
f 11258 11281 11262
f 11258 11279 11281
f 11282 11213 11202
f 11282 11202 11273
f 11269 11283 11265
f 11265 11283 11280
f 11262 11284 11267
f 11262 11281 11284
f 11285 11223 11233
f 11277 11223 11285
f 11272 11286 11269
f 11269 11286 11283
f 11267 11287 11271
f 11267 11284 11287
f 11288 11224 11213
f 11288 11213 11282
f 11275 11289 11272
f 11272 11289 11286
f 11271 11290 11274
f 11271 11287 11290
f 11291 11233 11237
f 11285 11233 11291
f 11276 11292 11275
f 11275 11292 11289
f 11274 11293 11276
f 11274 11290 11293
f 11294 11237 11224
f 11294 11224 11288
f 11276 11293 11292
f 11291 11237 11294
f 11280 11295 11278
f 11278 11296 11279
f 11278 11295 11296
f 11283 11297 11280
f 11280 11297 11295
f 11279 11298 11281
f 11279 11296 11298
f 11286 11299 11283
f 11283 11299 11297
f 11281 11300 11284
f 11281 11298 11300
f 11289 11301 11286
f 11286 11301 11299
f 11284 11302 11287
f 11284 11300 11302
f 11292 11303 11289
f 11289 11303 11301
f 11287 11304 11290
f 11287 11302 11304
f 11293 11305 11292
f 11292 11305 11303
f 11290 11306 11293
f 11290 11304 11306
f 11293 11306 11305
f 11297 11307 11295
f 11295 11308 11296
f 11295 11307 11308
f 11299 11309 11297
f 11297 11309 11307
f 11296 11310 11298
f 11296 11308 11310
f 11301 11311 11299
f 11299 11311 11309
f 11298 11312 11300
f 11298 11310 11312
f 11313 11263 11266
f 11314 11266 11270
f 11313 11266 11314
f 11315 11264 11263
f 11315 11263 11313
f 11303 11316 11301
f 11301 11316 11311
f 11300 11317 11302
f 11300 11312 11317
f 11318 11270 11277
f 11314 11270 11318
f 11319 11268 11264
f 11319 11264 11315
f 11305 11320 11303
f 11303 11320 11316
f 11321 11322 11323
f 11323 11322 11324
f 11325 11321 11323
f 11326 11323 11327
f 11325 11323 11326
f 11323 11324 11327
f 11302 11328 11304
f 11302 11317 11328
f 11321 11329 11322
f 11329 11330 11322
f 11322 11330 11331
f 11322 11331 11324
f 11332 11329 11321
f 11333 11321 11325
f 11333 11332 11321
f 11326 11327 11334
f 11335 11325 11326
f 11336 11326 11334
f 11335 11326 11336
f 11329 11337 11330
f 11338 11337 11329
f 11332 11338 11329
f 11327 11324 11339
f 11334 11327 11340
f 11327 11339 11340
f 11341 11325 11335
f 11341 11333 11325
f 11306 11342 11305
f 11305 11342 11320
f 11337 11343 11330
f 11330 11344 11331
f 11330 11343 11344
f 11324 11331 11345
f 11324 11345 11339
f 11336 11334 11346
f 11346 11334 11347
f 11334 11340 11347
f 11304 11348 11306
f 11304 11328 11348
f 11349 11273 11268
f 11349 11268 11319
f 11306 11348 11342
f 11350 11277 11285
f 11318 11277 11350
f 11338 11351 11337
f 11337 11352 11343
f 11351 11352 11337
f 11353 11335 11336
f 11354 11336 11346
f 11353 11336 11354
f 11331 11344 11355
f 11331 11355 11345
f 11356 11338 11332
f 11357 11332 11333
f 11357 11356 11332
f 11358 11341 11335
f 11358 11335 11353
f 11359 11351 11338
f 11356 11359 11338
f 11360 11333 11341
f 11360 11357 11333
f 11352 11361 11343
f 11343 11362 11344
f 11343 11361 11362
f 11346 11347 11363
f 11354 11346 11364
f 11364 11346 11363
f 11340 11339 11365
f 11347 11340 11366
f 11340 11365 11366
f 11351 11367 11352
f 11352 11368 11361
f 11367 11368 11352
f 11344 11362 11369
f 11344 11369 11355
f 11370 11367 11351
f 11359 11370 11351
f 11339 11345 11371
f 11339 11371 11365
f 11363 11347 11372
f 11347 11366 11372
f 11309 11373 11307
f 11307 11374 11308
f 11307 11373 11374
f 11375 11360 11341
f 11375 11341 11358
f 11311 11376 11309
f 11309 11376 11373
f 11345 11355 11377
f 11345 11377 11371
f 11378 11353 11354
f 11379 11354 11364
f 11378 11354 11379
f 11368 11380 11361
f 11361 11381 11362
f 11361 11380 11381
f 11367 11382 11368
f 11368 11383 11380
f 11382 11383 11368
f 11370 11384 11367
f 11384 11382 11367
f 11385 11359 11356
f 11386 11370 11359
f 11385 11386 11359
f 11387 11356 11357
f 11387 11385 11356
f 11364 11363 11388
f 11363 11372 11389
f 11388 11363 11389
f 11390 11353 11378
f 11390 11358 11353
f 11379 11364 11391
f 11392 11378 11379
f 11393 11379 11391
f 11392 11379 11393
f 11308 11394 11310
f 11308 11374 11394
f 11362 11381 11395
f 11362 11395 11369
f 11355 11369 11396
f 11355 11396 11377
f 11397 11384 11370
f 11386 11397 11370
f 11366 11365 11398
f 11365 11371 11399
f 11365 11399 11398
f 11372 11366 11400
f 11366 11398 11400
f 11401 11357 11360
f 11401 11387 11357
f 11391 11364 11388
f 11402 11378 11392
f 11402 11390 11378
f 11393 11391 11403
f 11403 11391 11404
f 11391 11388 11404
f 11405 11392 11393
f 11406 11392 11405
f 11406 11402 11392
f 11407 11393 11403
f 11405 11393 11407
f 11310 11408 11312
f 11310 11394 11408
f 11316 11409 11311
f 11311 11409 11376
f 11410 11285 11291
f 11350 11285 11410
f 11411 11282 11273
f 11411 11273 11349
f 11383 11412 11380
f 11380 11413 11381
f 11380 11412 11413
f 11382 11414 11383
f 11383 11415 11412
f 11414 11415 11383
f 11384 11416 11382
f 11416 11414 11382
f 11371 11377 11417
f 11371 11417 11399
f 11372 11400 11418
f 11389 11372 11418
f 11419 11401 11360
f 11419 11360 11375
f 11420 11358 11390
f 11420 11375 11358
f 11407 11403 11421
f 11403 11404 11422
f 11421 11403 11422
f 11423 11405 11407
f 11424 11407 11421
f 11423 11407 11424
f 11381 11413 11425
f 11381 11425 11395
f 11369 11395 11426
f 11369 11426 11396
f 11397 11427 11384
f 11427 11416 11384
f 11428 11386 11385
f 11429 11397 11386
f 11428 11429 11386
f 11430 11385 11387
f 11430 11428 11385
f 11431 11390 11402
f 11431 11420 11390
f 11432 11406 11405
f 11432 11405 11423
f 11320 11433 11316
f 11316 11433 11409
f 11412 11434 11413
f 11415 11435 11412
f 11412 11435 11434
f 11414 11436 11415
f 11416 11437 11414
f 11437 11436 11414
f 11377 11396 11438
f 11377 11438 11417
f 11439 11427 11397
f 11429 11439 11397
f 11400 11398 11440
f 11398 11399 11441
f 11398 11441 11440
f 11418 11400 11442
f 11400 11440 11442
f 11443 11387 11401
f 11443 11430 11387
f 11388 11389 11444
f 11389 11418 11445
f 11444 11389 11445
f 11404 11388 11444
f 11422 11404 11446
f 11404 11444 11446
f 11447 11402 11406
f 11447 11431 11402
f 11424 11421 11448
f 11421 11422 11449
f 11448 11421 11449
f 11450 11423 11424
f 11451 11424 11448
f 11450 11424 11451
f 11312 11452 11317
f 11312 11408 11452
f 11413 11434 11453
f 11413 11453 11425
f 11415 11454 11435
f 11436 11454 11415
f 11395 11425 11455
f 11395 11455 11426
f 11427 11456 11416
f 11456 11437 11416
f 11396 11426 11457
f 11396 11457 11438
f 11458 11456 11427
f 11439 11458 11427
f 11399 11417 11459
f 11399 11459 11441
f 11460 11429 11428
f 11461 11439 11429
f 11460 11461 11429
f 11462 11460 11428
f 11462 11428 11430
f 11418 11442 11463
f 11445 11418 11463
f 11464 11443 11401
f 11464 11401 11419
f 11465 11375 11420
f 11465 11419 11375
f 11449 11422 11466
f 11422 11446 11466
f 11467 11406 11432
f 11467 11447 11406
f 11468 11432 11423
f 11468 11423 11450
f 11448 11449 11469
f 11451 11448 11470
f 11470 11448 11469
f 11342 11471 11320
f 11320 11471 11433
f 11472 11291 11294
f 11410 11291 11472
f 11473 11288 11282
f 11473 11282 11411
f 11454 11474 11435
f 11435 11474 11475
f 11435 11475 11434
f 11436 11476 11454
f 11437 11477 11436
f 11477 11476 11436
f 11442 11440 11461
f 11440 11441 11478
f 11440 11478 11461
f 11442 11461 11460
f 11463 11442 11460
f 11479 11420 11431
f 11479 11465 11420
f 11469 11449 11480
f 11449 11466 11480
f 11481 11450 11451
f 11482 11451 11470
f 11481 11451 11482
f 11317 11483 11328
f 11317 11452 11483
f 11454 11484 11474
f 11484 11485 11474
f 11474 11485 11486
f 11474 11486 11475
f 11476 11484 11454
f 11476 11487 11484
f 11484 11488 11485
f 11487 11488 11484
f 11434 11475 11489
f 11434 11489 11453
f 11425 11453 11490
f 11425 11490 11455
f 11426 11455 11491
f 11426 11491 11457
f 11456 11492 11437
f 11492 11477 11437
f 11458 11493 11456
f 11493 11492 11456
f 11417 11438 11494
f 11417 11494 11459
f 11478 11458 11439
f 11478 11495 11458
f 11495 11493 11458
f 11461 11478 11439
f 11441 11495 11478
f 11441 11459 11495
f 11463 11460 11462
f 11496 11462 11430
f 11496 11430 11443
f 11497 11463 11462
f 11497 11462 11496
f 11445 11463 11497
f 11444 11445 11498
f 11498 11445 11497
f 11446 11444 11498
f 11466 11446 11499
f 11446 11498 11499
f 11500 11431 11447
f 11500 11479 11431
f 11501 11467 11432
f 11501 11432 11468
f 11470 11469 11502
f 11469 11480 11503
f 11502 11469 11503
f 11504 11468 11450
f 11504 11450 11481
f 11505 11470 11502
f 11482 11470 11505
f 11328 11506 11348
f 11328 11483 11506
f 11348 11507 11342
f 11342 11507 11471
f 11508 11294 11288
f 11472 11294 11508
f 11508 11288 11473
f 11509 11487 11476
f 11477 11509 11476
f 11466 11499 11510
f 11480 11466 11510
f 11511 11447 11467
f 11511 11500 11447
f 11348 11506 11507
f 11475 11486 11512
f 11475 11512 11489
f 11489 11512 11513
f 11487 11514 11488
f 11515 11514 11487
f 11515 11516 11514
f 11453 11489 11517
f 11489 11513 11517
f 11509 11515 11487
f 11453 11517 11490
f 11518 11509 11477
f 11519 11515 11509
f 11518 11519 11509
f 11455 11490 11520
f 11455 11520 11491
f 11492 11518 11477
f 11438 11457 11521
f 11457 11491 11522
f 11457 11522 11521
f 11493 11523 11492
f 11523 11518 11492
f 11438 11521 11494
f 11459 11494 11524
f 11494 11525 11524
f 11494 11521 11525
f 11495 11524 11493
f 11524 11523 11493
f 11459 11524 11495
f 11524 11525 11523
f 11526 11496 11443
f 11526 11443 11464
f 11527 11497 11496
f 11527 11496 11526
f 11498 11497 11527
f 11528 11419 11465
f 11528 11464 11419
f 11499 11498 11527
f 11529 11465 11479
f 11529 11528 11465
f 11510 11499 11530
f 11499 11527 11530
f 11531 11479 11500
f 11531 11529 11479
f 11503 11480 11532
f 11480 11510 11532
f 11533 11467 11501
f 11533 11511 11467
f 11502 11503 11534
f 11503 11532 11535
f 11534 11503 11535
f 11536 11501 11468
f 11536 11468 11504
f 11505 11502 11537
f 11537 11502 11534
f 11538 11481 11482
f 11539 11504 11481
f 11539 11481 11538
f 11540 11482 11505
f 11541 11505 11537
f 11540 11505 11541
f 11538 11482 11540
f 11373 11542 11374
f 11376 11543 11373
f 11373 11543 11542
f 11374 11544 11394
f 11374 11542 11544
f 11409 11545 11376
f 11376 11545 11543
f 11546 11516 11515
f 11546 11547 11516
f 11519 11546 11515
f 11490 11517 11548
f 11490 11548 11520
f 11491 11520 11549
f 11491 11549 11522
f 11523 11550 11518
f 11550 11519 11518
f 11521 11551 11525
f 11521 11522 11551
f 11525 11550 11523
f 11552 11464 11528
f 11552 11526 11464
f 11553 11528 11529
f 11553 11552 11528
f 11510 11530 11554
f 11532 11510 11554
f 11555 11500 11511
f 11555 11531 11500
f 11556 11501 11536
f 11556 11533 11501
f 11557 11536 11504
f 11557 11504 11539
f 11537 11534 11558
f 11541 11537 11559
f 11559 11537 11558
f 11560 11538 11540
f 11561 11539 11538
f 11561 11538 11560
f 11562 11540 11541
f 11560 11540 11562
f 11433 11563 11409
f 11409 11563 11545
f 11517 11513 11564
f 11517 11564 11548
f 11565 11546 11519
f 11550 11565 11519
f 11525 11551 11550
f 11530 11527 11526
f 11530 11526 11552
f 11554 11530 11552
f 11566 11553 11529
f 11566 11529 11531
f 11532 11554 11567
f 11535 11532 11567
f 11568 11511 11533
f 11568 11555 11511
f 11534 11535 11569
f 11558 11534 11569
f 11570 11541 11559
f 11562 11541 11570
f 11394 11571 11408
f 11394 11544 11571
f 11572 11547 11546
f 11572 11573 11547
f 11565 11572 11546
f 11520 11548 11574
f 11520 11574 11549
f 11522 11575 11551
f 11522 11549 11575
f 11551 11565 11550
f 11551 11575 11565
f 11554 11552 11553
f 11567 11554 11553
f 11567 11553 11566
f 11576 11566 11531
f 11576 11531 11555
f 11535 11567 11577
f 11577 11567 11566
f 11569 11535 11577
f 11578 11556 11536
f 11578 11536 11557
f 11579 11557 11539
f 11579 11539 11561
f 11471 11580 11433
f 11433 11580 11563
f 11548 11564 11581
f 11548 11581 11574
f 11575 11572 11565
f 11582 11568 11533
f 11582 11533 11556
f 11559 11558 11583
f 11570 11559 11584
f 11584 11559 11583
f 11585 11560 11562
f 11586 11562 11570
f 11585 11562 11586
f 11574 11581 11587
f 11588 11587 11573
f 11574 11587 11588
f 11588 11573 11572
f 11549 11574 11588
f 11575 11588 11572
f 11549 11588 11575
f 11577 11566 11576
f 11589 11576 11555
f 11590 11577 11576
f 11590 11576 11589
f 11589 11555 11568
f 11569 11577 11590
f 11591 11589 11568
f 11591 11568 11582
f 11558 11569 11592
f 11592 11569 11590
f 11593 11582 11556
f 11593 11556 11578
f 11583 11558 11592
f 11594 11578 11557
f 11594 11557 11579
f 11595 11561 11560
f 11596 11579 11561
f 11596 11561 11595
f 11595 11560 11585
f 11597 11570 11584
f 11586 11570 11597
f 11408 11598 11452
f 11408 11571 11598
f 11507 11599 11471
f 11471 11599 11580
f 11600 11590 11589
f 11600 11589 11591
f 11592 11590 11600
f 11583 11592 11601
f 11601 11592 11600
f 11584 11583 11602
f 11602 11583 11601
f 11597 11584 11603
f 11603 11584 11602
f 11604 11585 11586
f 11605 11595 11585
f 11605 11585 11604
f 11606 11586 11597
f 11604 11586 11606
f 11452 11607 11483
f 11452 11598 11607
f 11506 11608 11507
f 11507 11608 11599
f 11483 11609 11506
f 11483 11607 11609
f 11610 11591 11582
f 11610 11582 11593
f 11611 11600 11591
f 11601 11600 11611
f 11612 11593 11578
f 11612 11578 11594
f 11613 11594 11579
f 11613 11579 11596
f 11614 11597 11603
f 11606 11597 11614
f 11543 11615 11542
f 11545 11616 11543
f 11543 11616 11615
f 11506 11609 11608
f 11611 11591 11610
f 11602 11601 11617
f 11617 11601 11611
f 11603 11602 11618
f 11618 11602 11617
f 11619 11596 11595
f 11619 11595 11605
f 11614 11603 11620
f 11620 11603 11618
f 11542 11621 11544
f 11542 11615 11621
f 11563 11622 11545
f 11545 11622 11616
f 11623 11610 11593
f 11624 11611 11610
f 11624 11610 11623
f 11623 11593 11612
f 11617 11611 11624
f 11625 11612 11594
f 11625 11594 11613
f 11626 11604 11606
f 11627 11605 11604
f 11627 11604 11626
f 11628 11606 11614
f 11626 11606 11628
f 11544 11629 11571
f 11544 11621 11629
f 11580 11630 11563
f 11563 11630 11622
f 11618 11617 11631
f 11631 11617 11624
f 11632 11613 11596
f 11632 11596 11619
f 11633 11614 11620
f 11628 11614 11633
f 11620 11618 11634
f 11634 11618 11631
f 11635 11619 11605
f 11635 11605 11627
f 11599 11636 11580
f 11580 11636 11630
f 11637 11623 11612
f 11637 11612 11625
f 11638 11624 11623
f 11631 11624 11638
f 11639 11620 11634
f 11633 11620 11639
f 11571 11640 11598
f 11571 11629 11640
f 11638 11623 11637
f 11641 11625 11613
f 11641 11613 11632
f 11642 11637 11625
f 11642 11625 11641
f 11634 11631 11643
f 11643 11631 11638
f 11644 11632 11619
f 11644 11619 11635
f 11645 11634 11643
f 11639 11634 11645
f 11646 11626 11628
f 11647 11627 11626
f 11647 11626 11646
f 11648 11628 11633
f 11646 11628 11648
f 11649 11633 11639
f 11648 11633 11649
f 11616 11650 11615
f 11622 11651 11616
f 11616 11651 11650
f 11598 11652 11607
f 11598 11640 11652
f 11608 11653 11599
f 11599 11653 11636
f 11654 11638 11637
f 11654 11637 11642
f 11643 11638 11654
f 11655 11641 11632
f 11655 11632 11644
f 11656 11643 11654
f 11645 11643 11656
f 11657 11635 11627
f 11657 11627 11647
f 11658 11639 11645
f 11649 11639 11658
f 11615 11659 11621
f 11615 11650 11659
f 11630 11660 11622
f 11622 11660 11651
f 11630 11661 11660
f 11636 11661 11630
f 11607 11662 11609
f 11607 11652 11662
f 11609 11663 11608
f 11608 11663 11653
f 11609 11662 11663
f 11664 11313 11314
f 11665 11314 11318
f 11664 11314 11665
f 11666 11315 11313
f 11666 11313 11664
f 11667 11642 11641
f 11667 11641 11655
f 11668 11654 11642
f 11656 11654 11668
f 11669 11644 11635
f 11669 11635 11657
f 11670 11645 11656
f 11658 11645 11670
f 11671 11646 11648
f 11672 11647 11646
f 11672 11646 11671
f 11673 11648 11649
f 11671 11648 11673
f 11674 11649 11658
f 11673 11649 11674
f 11621 11675 11629
f 11621 11659 11675
f 11676 11318 11350
f 11665 11318 11676
f 11677 11319 11315
f 11677 11315 11666
f 11668 11642 11667
f 11678 11655 11644
f 11679 11667 11655
f 11679 11655 11678
f 11678 11644 11669
f 11680 11656 11668
f 11670 11656 11680
f 11681 11657 11647
f 11682 11669 11657
f 11682 11657 11681
f 11681 11647 11672
f 11683 11658 11670
f 11674 11658 11683
f 11660 11684 11651
f 11651 11685 11650
f 11651 11684 11685
f 11660 11686 11684
f 11661 11686 11660
f 11650 11685 11687
f 11650 11687 11659
f 11629 11688 11640
f 11629 11675 11688
f 11653 11689 11636
f 11636 11689 11661
f 11653 11690 11689
f 11663 11690 11653
f 11691 11350 11410
f 11676 11350 11691
f 11692 11668 11667
f 11692 11667 11679
f 11680 11668 11692
f 11693 11678 11669
f 11693 11669 11682
f 11694 11670 11680
f 11695 11680 11692
f 11694 11680 11695
f 11683 11670 11694
f 11696 11672 11671
f 11697 11672 11696
f 11697 11681 11672
f 11686 11671 11673
f 11696 11671 11686
f 11684 11673 11674
f 11686 11673 11684
f 11684 11674 11685
f 11685 11674 11683
f 11661 11696 11686
f 11685 11683 11687
f 11689 11696 11661
f 11659 11698 11675
f 11659 11687 11698
f 11689 11697 11696
f 11690 11697 11689
f 11640 11699 11652
f 11640 11688 11699
f 11652 11700 11662
f 11652 11699 11700
f 11662 11701 11663
f 11663 11701 11690
f 11662 11700 11701
f 11702 11410 11472
f 11691 11410 11702
f 11703 11349 11319
f 11703 11319 11677
f 11687 11683 11694
f 11675 11698 11704
f 11675 11704 11688
f 11705 11679 11678
f 11705 11678 11693
f 11706 11692 11679
f 11706 11679 11705
f 11695 11692 11706
f 11707 11681 11697
f 11707 11682 11681
f 11687 11694 11698
f 11708 11411 11349
f 11708 11349 11703
f 11690 11707 11697
f 11701 11707 11690
f 11698 11694 11695
f 11698 11695 11704
f 11688 11709 11699
f 11688 11704 11709
f 11710 11472 11508
f 11702 11472 11710
f 11711 11682 11707
f 11711 11693 11682
f 11701 11711 11707
f 11700 11711 11701
f 11704 11695 11706
f 11699 11712 11700
f 11699 11709 11712
f 11700 11712 11711
f 11713 11473 11411
f 11713 11411 11708
f 11712 11705 11693
f 11712 11693 11711
f 11704 11706 11709
f 11709 11706 11705
f 11709 11705 11712
f 11714 11508 11473
f 11710 11508 11714
f 11714 11473 11713
f 11715 11665 11676
f 11716 11664 11665
f 11716 11665 11715
f 11717 11676 11691
f 11715 11676 11717
f 11718 11666 11664
f 11718 11664 11716
f 11719 11691 11702
f 11717 11691 11719
f 11720 11677 11666
f 11720 11666 11718
f 11721 11703 11677
f 11721 11677 11720
f 11722 11702 11710
f 11719 11702 11722
f 11723 11710 11714
f 11722 11710 11723
f 11724 11708 11703
f 11724 11703 11721
f 11725 11714 11713
f 11723 11714 11725
f 11726 11713 11708
f 11726 11708 11724
f 11725 11713 11726
f 11727 11715 11717
f 11728 11716 11715
f 11728 11715 11727
f 11729 11717 11719
f 11727 11717 11729
f 11730 11718 11716
f 11730 11716 11728
f 11731 11719 11722
f 11729 11719 11731
f 11732 11720 11718
f 11732 11718 11730
f 11733 11722 11723
f 11731 11722 11733
f 11734 11721 11720
f 11734 11720 11732
f 11735 11723 11725
f 11733 11723 11735
f 11736 11724 11721
f 11736 11721 11734
f 11737 11725 11726
f 11735 11725 11737
f 11738 11726 11724
f 11738 11724 11736
f 11737 11726 11738
f 11739 11727 11729
f 11740 11729 11731
f 11739 11729 11740
f 11741 11728 11727
f 11741 11727 11739
f 11742 11731 11733
f 11740 11731 11742
f 11743 11730 11728
f 11743 11728 11741
f 11744 11733 11735
f 11742 11733 11744
f 11745 11732 11730
f 11745 11730 11743
f 11746 11735 11737
f 11744 11735 11746
f 11747 11734 11732
f 11747 11732 11745
f 11748 11737 11738
f 11746 11737 11748
f 11749 11736 11734
f 11749 11734 11747
f 11750 11738 11736
f 11748 11738 11750
f 11750 11736 11749
f 11751 11740 11742
f 11752 11739 11740
f 11752 11740 11751
f 11753 11742 11744
f 11751 11742 11753
f 11754 11741 11739
f 11754 11739 11752
f 11755 11744 11746
f 11753 11744 11755
f 11756 11743 11741
f 11756 11741 11754
f 11757 11746 11748
f 11755 11746 11757
f 11758 11745 11743
f 11758 11743 11756
f 11759 11748 11750
f 11757 11748 11759
f 11760 11747 11745
f 11760 11745 11758
f 11761 11750 11749
f 11759 11750 11761
f 11762 11749 11747
f 11762 11747 11760
f 11761 11749 11762
f 11763 11751 11753
f 11764 11753 11755
f 11763 11753 11764
f 11765 11752 11751
f 11765 11751 11763
f 11766 11755 11757
f 11764 11755 11766
f 11767 11754 11752
f 11767 11752 11765
f 11768 11757 11759
f 11766 11757 11768
f 11769 11756 11754
f 11769 11754 11767
f 11770 11759 11761
f 11768 11759 11770
f 11771 11758 11756
f 11771 11756 11769
f 11772 11761 11762
f 11770 11761 11772
f 11773 11760 11758
f 11773 11758 11771
f 11774 11762 11760
f 11772 11762 11774
f 11774 11760 11773
f 11775 11763 11764
f 11776 11764 11766
f 11775 11764 11776
f 11777 11765 11763
f 11777 11763 11775
f 11778 11766 11768
f 11776 11766 11778
f 11779 11767 11765
f 11779 11765 11777
f 11780 11768 11770
f 11778 11768 11780
f 11781 11769 11767
f 11781 11767 11779
f 11782 11770 11772
f 11780 11770 11782
f 11783 11771 11769
f 11783 11769 11781
f 11784 11772 11774
f 11782 11772 11784
f 11785 11773 11771
f 11785 11771 11783
f 11786 11774 11773
f 11784 11774 11786
f 11786 11773 11785
f 11787 11776 11778
f 11788 11775 11776
f 11788 11776 11787
f 11789 11778 11780
f 11787 11778 11789
f 11790 11777 11775
f 11790 11775 11788
f 11791 11779 11777
f 11791 11777 11790
f 11792 11780 11782
f 11789 11780 11792
f 11793 11782 11784
f 11792 11782 11793
f 11794 11781 11779
f 11794 11779 11791
f 11795 11783 11781
f 11795 11781 11794
f 11796 11784 11786
f 11793 11784 11796
f 11797 11786 11785
f 11796 11786 11797
f 11798 11785 11783
f 11798 11783 11795
f 11797 11785 11798
f 11799 11787 11789
f 11800 11788 11787
f 11800 11787 11799
f 11801 11789 11792
f 11799 11789 11801
f 11802 11790 11788
f 11802 11788 11800
f 11803 11792 11793
f 11801 11792 11803
f 11804 11791 11790
f 11804 11790 11802
f 11805 11793 11796
f 11803 11793 11805
f 11806 11794 11791
f 11806 11791 11804
f 11807 11796 11797
f 11805 11796 11807
f 11808 11795 11794
f 11808 11794 11806
f 11809 11797 11798
f 11807 11797 11809
f 11810 11798 11795
f 11810 11795 11808
f 11809 11798 11810
f 11811 11799 11801
f 11812 11800 11799
f 11812 11799 11811
f 11813 11801 11803
f 11811 11801 11813
f 11814 11802 11800
f 11814 11800 11812
f 11815 11803 11805
f 11813 11803 11815
f 11816 11804 11802
f 11816 11802 11814
f 11817 11805 11807
f 11815 11805 11817
f 11818 11806 11804
f 11818 11804 11816
f 11819 11807 11809
f 11817 11807 11819
f 11820 11808 11806
f 11820 11806 11818
f 11821 11809 11810
f 11819 11809 11821
f 11822 11810 11808
f 11822 11808 11820
f 11821 11810 11822
f 11823 11811 11813
f 11824 11812 11811
f 11824 11811 11823
f 11825 11813 11815
f 11823 11813 11825
f 11826 11814 11812
f 11826 11812 11824
f 11827 11815 11817
f 11825 11815 11827
f 11828 11816 11814
f 11828 11814 11826
f 11829 11817 11819
f 11827 11817 11829
f 11830 11818 11816
f 11830 11816 11828
f 11831 11819 11821
f 11829 11819 11831
f 11832 11820 11818
f 11832 11818 11830
f 11833 11821 11822
f 11831 11821 11833
f 11834 11822 11820
f 11834 11820 11832
f 11833 11822 11834
f 11835 11824 11823
f 11836 11823 11825
f 11835 11823 11836
f 11837 11826 11824
f 11837 11824 11835
f 11838 11825 11827
f 11836 11825 11838
f 11839 11828 11826
f 11839 11826 11837
f 11840 11827 11829
f 11838 11827 11840
f 11841 11829 11831
f 11840 11829 11841
f 11842 11830 11828
f 11842 11828 11839
f 11843 11831 11833
f 11841 11831 11843
f 11844 11832 11830
f 11844 11830 11842
f 11845 11833 11834
f 11843 11833 11845
f 11846 11834 11832
f 11846 11832 11844
f 11845 11834 11846
f 11847 11835 11836
f 11848 11836 11838
f 11847 11836 11848
f 11849 11837 11835
f 11849 11835 11847
f 11850 11838 11840
f 11848 11838 11850
f 11851 11839 11837
f 11851 11837 11849
f 11852 11840 11841
f 11850 11840 11852
f 11853 11842 11839
f 11853 11839 11851
f 11854 11841 11843
f 11852 11841 11854
f 11855 11844 11842
f 11855 11842 11853
f 11856 11843 11845
f 11854 11843 11856
f 11857 11846 11844
f 11857 11844 11855
f 11858 11845 11846
f 11856 11845 11858
f 11858 11846 11857
f 11859 11847 11848
f 11860 11848 11850
f 11859 11848 11860
f 11861 11849 11847
f 11861 11847 11859
f 11862 11850 11852
f 11860 11850 11862
f 11863 11851 11849
f 11863 11849 11861
f 11864 11852 11854
f 11862 11852 11864
f 11865 11853 11851
f 11865 11851 11863
f 11866 11854 11856
f 11864 11854 11866
f 11867 11855 11853
f 11867 11853 11865
f 11868 11856 11858
f 11866 11856 11868
f 11869 11857 11855
f 11869 11855 11867
f 11870 11858 11857
f 11868 11858 11870
f 11870 11857 11869
f 11871 11859 11860
f 11872 11860 11862
f 11871 11860 11872
f 11873 11861 11859
f 11873 11859 11871
f 11874 11862 11864
f 11872 11862 11874
f 11875 11863 11861
f 11875 11861 11873
f 11876 11864 11866
f 11874 11864 11876
f 11877 11865 11863
f 11877 11863 11875
f 11878 11866 11868
f 11876 11866 11878
f 11879 11868 11870
f 11878 11868 11879
f 11880 11867 11865
f 11880 11865 11877
f 11881 11869 11867
f 11881 11867 11880
f 11882 11870 11869
f 11879 11870 11882
f 11882 11869 11881
f 11883 11872 11874
f 11884 11871 11872
f 11884 11872 11883
f 11885 11874 11876
f 11883 11874 11885
f 11886 11873 11871
f 11886 11871 11884
f 11887 11876 11878
f 11885 11876 11887
f 11888 11875 11873
f 11888 11873 11886
f 11889 11878 11879
f 11887 11878 11889
f 11890 11877 11875
f 11890 11875 11888
f 11891 11879 11882
f 11889 11879 11891
f 11892 11880 11877
f 11892 11877 11890
f 11893 11882 11881
f 11891 11882 11893
f 11894 11881 11880
f 11894 11880 11892
f 11893 11881 11894
f 11895 11883 11885
f 11896 11884 11883
f 11896 11883 11895
f 11897 11885 11887
f 11895 11885 11897
f 11898 11886 11884
f 11898 11884 11896
f 11899 11887 11889
f 11897 11887 11899
f 11900 11888 11886
f 11900 11886 11898
f 11901 11889 11891
f 11899 11889 11901
f 11902 11890 11888
f 11902 11888 11900
f 11903 11891 11893
f 11901 11891 11903
f 11904 11892 11890
f 11904 11890 11902
f 11905 11893 11894
f 11903 11893 11905
f 11906 11894 11892
f 11906 11892 11904
f 11905 11894 11906
f 11907 11895 11897
f 11908 11896 11895
f 11908 11895 11907
f 11909 11897 11899
f 11907 11897 11909
f 11910 11898 11896
f 11910 11896 11908
f 11911 11899 11901
f 11909 11899 11911
f 11912 11900 11898
f 11912 11898 11910
f 11913 11901 11903
f 11911 11901 11913
f 11914 11902 11900
f 11914 11900 11912
f 11915 11903 11905
f 11913 11903 11915
f 11916 11904 11902
f 11916 11902 11914
f 11917 11905 11906
f 11915 11905 11917
f 11918 11906 11904
f 11918 11904 11916
f 11917 11906 11918
f 11919 11907 11909
f 11920 11908 11907
f 11920 11907 11919
f 11921 11909 11911
f 11919 11909 11921
f 11922 11910 11908
f 11922 11908 11920
f 11923 11911 11913
f 11921 11911 11923
f 11924 11912 11910
f 11924 11910 11922
f 11925 11913 11915
f 11923 11913 11925
f 11926 11914 11912
f 11926 11912 11924
f 11927 11915 11917
f 11925 11915 11927
f 11928 11916 11914
f 11928 11914 11926
f 11929 11917 11918
f 11927 11917 11929
f 11930 11919 11921
f 11931 11920 11919
f 11931 11919 11930
f 11932 11918 11916
f 11932 11916 11928
f 11933 11921 11923
f 11930 11921 11933
f 11934 11922 11920
f 11934 11920 11931
f 11929 11918 11932
f 11935 11923 11925
f 11933 11923 11935
f 11936 11924 11922
f 11936 11922 11934
f 11937 11925 11927
f 11935 11925 11937
f 11938 11926 11924
f 11938 11924 11936
f 11939 11927 11929
f 11937 11927 11939
f 11940 11928 11926
f 11940 11926 11938
f 11941 11930 11933
f 11942 11931 11930
f 11942 11930 11941
f 11943 11933 11935
f 11941 11933 11943
f 11944 11934 11931
f 11944 11931 11942
f 11945 11929 11932
f 11939 11929 11945
f 11946 11932 11928
f 11946 11928 11940
f 11945 11932 11946
f 11947 11936 11934
f 11947 11934 11944
f 11948 11935 11937
f 11943 11935 11948
f 11949 11938 11936
f 11949 11936 11947
f 11950 11937 11939
f 11948 11937 11950
f 11951 11940 11938
f 11951 11938 11949
f 11952 11939 11945
f 11950 11939 11952
f 11953 11942 11941
f 11954 11941 11943
f 11953 11941 11954
f 11955 11944 11942
f 11955 11942 11953
f 11956 11943 11948
f 11954 11943 11956
f 11957 11945 11946
f 11952 11945 11957
f 11958 11946 11940
f 11958 11940 11951
f 11959 11947 11944
f 11959 11944 11955
f 11957 11946 11958
f 11960 11948 11950
f 11956 11948 11960
f 11961 11949 11947
f 11961 11947 11959
f 11962 11950 11952
f 11960 11950 11962
f 11963 11953 11954
f 11964 11954 11956
f 11963 11954 11964
f 11965 11951 11949
f 11965 11949 11961
f 11966 11955 11953
f 11966 11953 11963
f 11967 11952 11957
f 11962 11952 11967
f 11968 11956 11960
f 11964 11956 11968
f 11969 11958 11951
f 11969 11951 11965
f 11970 11959 11955
f 11970 11955 11966
f 11971 11957 11958
f 11967 11957 11971
f 11971 11958 11969
f 11972 11960 11962
f 11968 11960 11972
f 11973 11961 11959
f 11973 11959 11970
f 11974 11962 11967
f 11972 11962 11974
f 11975 11965 11961
f 11975 11961 11973
f 11976 11963 11964
f 11977 11964 11968
f 11976 11964 11977
f 11978 11966 11963
f 11978 11963 11976
f 11979 11967 11971
f 11974 11967 11979
f 11980 11968 11972
f 11977 11968 11980
f 11981 11970 11966
f 11981 11966 11978
f 11982 11969 11965
f 11982 11965 11975
f 11983 11971 11969
f 11979 11971 11983
f 11983 11969 11982
f 11984 11972 11974
f 11980 11972 11984
f 11985 11973 11970
f 11985 11970 11981
f 11986 11974 11979
f 11984 11974 11986
f 11987 11975 11973
f 11987 11973 11985
f 11988 11976 11977
f 11989 11977 11980
f 11988 11977 11989
f 11990 11978 11976
f 11990 11976 11988
f 11991 11979 11983
f 11986 11979 11991
f 11992 11980 11984
f 11989 11980 11992
f 11993 11981 11978
f 11993 11978 11990
f 11994 11982 11975
f 11994 11975 11987
f 11995 11983 11982
f 11991 11983 11995
f 11995 11982 11994
f 11996 11984 11986
f 11992 11984 11996
f 11997 11985 11981
f 11997 11981 11993
f 11998 11986 11991
f 11996 11986 11998
f 11999 11987 11985
f 11999 11985 11997
f 12000 11991 11995
f 11998 11991 12000
f 12001 11994 11987
f 12001 11987 11999
f 12002 11995 11994
f 12000 11995 12002
f 12002 11994 12001
f 12003 12004 12005
f 12005 12004 12006
f 12007 12003 12005
f 12005 12006 12008
f 12009 12005 12008
f 12007 12005 12009
f 12010 12011 12004
f 12003 12010 12004
f 12004 12011 12012
f 12004 12012 12006
f 12010 12013 12011
f 12014 12010 12003
f 12015 12013 12010
f 12014 12015 12010
f 12013 12016 12011
f 12011 12017 12012
f 12011 12016 12017
f 12018 12003 12007
f 12018 12014 12003
f 12008 12006 12019
f 12006 12012 12020
f 12006 12020 12019
f 12009 12008 12021
f 12022 12007 12009
f 12023 12009 12021
f 12022 12009 12023
f 12021 12008 12024
f 12008 12019 12024
f 12013 12025 12016
f 12026 12025 12013
f 12015 12026 12013
f 12012 12027 12020
f 12012 12017 12027
f 12025 12028 12016
f 12016 12029 12017
f 12016 12028 12029
f 12030 12007 12022
f 12030 12018 12007
f 12023 12021 12031
f 12021 12024 12032
f 12031 12021 12032
f 12026 12033 12025
f 12025 12034 12028
f 12033 12034 12025
f 12035 12022 12023
f 12036 12023 12031
f 12035 12023 12036
f 12037 12015 12014
f 12038 12014 12018
f 12038 12037 12014
f 12024 12019 12039
f 12032 12024 12040
f 12024 12039 12040
f 12041 12026 12015
f 12037 12041 12015
f 12019 12020 12042
f 12019 12042 12039
f 12043 12033 12026
f 12041 12043 12026
f 12020 12027 12044
f 12020 12044 12042
f 12017 12029 12045
f 12017 12045 12027
f 12034 12046 12028
f 12033 12047 12034
f 12034 12048 12046
f 12047 12048 12034
f 12028 12049 12029
f 12028 12046 12049
f 12029 12049 12050
f 12029 12050 12045
f 12051 12030 12022
f 12051 12022 12035
f 12052 12018 12030
f 12052 12038 12018
f 12031 12032 12053
f 12036 12031 12054
f 12054 12031 12053
f 12053 12032 12055
f 12032 12040 12055
f 12056 12047 12033
f 12043 12056 12033
f 12027 12045 12057
f 12027 12057 12044
f 12048 12058 12046
f 12046 12059 12049
f 12046 12058 12059
f 12047 12060 12048
f 12048 12061 12058
f 12060 12061 12048
f 12049 12062 12050
f 12049 12059 12062
f 12063 12041 12037
f 12064 12043 12041
f 12063 12064 12041
f 12056 12065 12047
f 12065 12060 12047
f 12045 12050 12066
f 12045 12066 12057
f 12061 12067 12058
f 12058 12068 12059
f 12058 12067 12068
f 12069 12052 12030
f 12069 12030 12051
f 12070 12035 12036
f 12071 12051 12035
f 12071 12035 12070
f 12072 12037 12038
f 12073 12038 12052
f 12073 12072 12038
f 12074 12036 12054
f 12070 12036 12074
f 12054 12053 12075
f 12076 12054 12075
f 12074 12054 12076
f 12053 12055 12077
f 12075 12053 12077
f 12072 12063 12037
f 12055 12040 12078
f 12077 12055 12079
f 12055 12078 12079
f 12040 12039 12080
f 12040 12080 12078
f 12039 12042 12081
f 12039 12081 12080
f 12082 12056 12043
f 12064 12082 12043
f 12042 12044 12083
f 12042 12083 12081
f 12082 12084 12056
f 12084 12065 12056
f 12044 12085 12083
f 12044 12057 12085
f 12060 12086 12061
f 12087 12086 12060
f 12065 12087 12060
f 12050 12088 12066
f 12050 12062 12088
f 12086 12089 12061
f 12086 12090 12089
f 12087 12091 12086
f 12091 12090 12086
f 12061 12089 12067
f 12059 12068 12092
f 12059 12092 12062
f 12089 12093 12067
f 12089 12094 12093
f 12090 12094 12089
f 12067 12095 12068
f 12067 12093 12095
f 12068 12095 12096
f 12068 12096 12092
f 12094 12097 12093
f 12094 12098 12097
f 12090 12099 12094
f 12099 12098 12094
f 12093 12100 12095
f 12093 12097 12100
f 12095 12101 12096
f 12095 12100 12101
f 12098 12102 12097
f 12097 12103 12100
f 12097 12102 12103
f 12104 12052 12069
f 12104 12073 12052
f 12105 12069 12051
f 12105 12051 12071
f 12106 12063 12072
f 12107 12072 12073
f 12107 12106 12072
f 12075 12077 12108
f 12109 12075 12108
f 12076 12075 12109
f 12077 12079 12110
f 12108 12077 12110
f 12111 12064 12063
f 12106 12111 12063
f 12079 12078 12112
f 12110 12079 12113
f 12079 12112 12113
f 12078 12080 12114
f 12078 12114 12112
f 12115 12082 12064
f 12111 12115 12064
f 12115 12116 12082
f 12117 12115 12111
f 12117 12118 12115
f 12118 12116 12115
f 12080 12081 12119
f 12080 12119 12114
f 12116 12084 12082
f 12081 12083 12120
f 12081 12120 12119
f 12084 12121 12065
f 12122 12121 12084
f 12116 12122 12084
f 12083 12123 12120
f 12083 12085 12123
f 12121 12087 12065
f 12121 12124 12087
f 12122 12125 12121
f 12125 12124 12121
f 12057 12066 12126
f 12057 12126 12085
f 12124 12091 12087
f 12066 12088 12127
f 12066 12127 12126
f 12091 12128 12090
f 12124 12129 12091
f 12129 12128 12091
f 12062 12130 12088
f 12062 12092 12130
f 12088 12131 12127
f 12088 12130 12131
f 12128 12099 12090
f 12092 12096 12132
f 12092 12132 12130
f 12099 12133 12098
f 12134 12133 12099
f 12128 12134 12099
f 12096 12101 12135
f 12096 12135 12132
f 12133 12136 12098
f 12133 12137 12136
f 12134 12138 12133
f 12138 12137 12133
f 12098 12136 12102
f 12100 12139 12101
f 12100 12103 12139
f 12101 12140 12135
f 12101 12139 12140
f 12136 12141 12102
f 12137 12142 12136
f 12136 12142 12141
f 12102 12143 12103
f 12102 12141 12143
f 12103 12144 12139
f 12103 12143 12144
f 12145 12104 12069
f 12145 12069 12105
f 12146 12107 12073
f 12146 12073 12104
f 12147 12111 12106
f 12148 12147 12106
f 12148 12106 12107
f 12113 12117 12147
f 12149 12113 12147
f 12147 12117 12111
f 12149 12147 12148
f 12108 12110 12150
f 12110 12113 12149
f 12150 12110 12149
f 12109 12108 12151
f 12151 12108 12150
f 12113 12112 12117
f 12112 12118 12117
f 12112 12114 12118
f 12114 12152 12118
f 12118 12152 12116
f 12114 12119 12152
f 12152 12122 12116
f 12119 12153 12152
f 12152 12153 12122
f 12119 12120 12153
f 12153 12125 12122
f 12120 12154 12153
f 12153 12154 12125
f 12120 12123 12154
f 12154 12155 12125
f 12125 12155 12124
f 12123 12156 12154
f 12154 12156 12155
f 12085 12157 12123
f 12123 12157 12156
f 12085 12126 12157
f 12155 12129 12124
f 12126 12127 12158
f 12126 12158 12157
f 12129 12159 12128
f 12160 12159 12129
f 12155 12160 12129
f 12127 12161 12158
f 12127 12131 12161
f 12159 12134 12128
f 12159 12162 12134
f 12160 12163 12159
f 12163 12162 12159
f 12130 12132 12164
f 12130 12164 12131
f 12162 12138 12134
f 12132 12135 12165
f 12132 12165 12164
f 12138 12166 12137
f 12162 12167 12138
f 12167 12166 12138
f 12135 12168 12165
f 12135 12140 12168
f 12166 12169 12137
f 12137 12169 12142
f 12139 12170 12140
f 12139 12144 12170
f 12142 12171 12141
f 12141 12172 12143
f 12141 12171 12172
f 12173 12148 12107
f 12173 12107 12146
f 12174 12149 12148
f 12174 12148 12173
f 12150 12149 12174
f 12156 12160 12155
f 12157 12175 12156
f 12156 12175 12160
f 12157 12158 12175
f 12175 12163 12160
f 12158 12176 12175
f 12158 12161 12176
f 12131 12164 12177
f 12131 12177 12161
f 12178 12167 12162
f 12163 12178 12162
f 12164 12165 12179
f 12164 12179 12177
f 12167 12180 12166
f 12178 12181 12167
f 12181 12180 12167
f 12165 12182 12179
f 12165 12168 12182
f 12166 12183 12169
f 12180 12183 12166
f 12140 12184 12168
f 12140 12170 12184
f 12169 12185 12142
f 12142 12185 12171
f 12143 12186 12144
f 12143 12172 12186
f 12187 12146 12104
f 12187 12104 12145
f 12188 12150 12174
f 12151 12150 12188
f 12175 12176 12163
f 12176 12178 12163
f 12161 12177 12189
f 12161 12189 12176
f 12176 12189 12178
f 12189 12181 12178
f 12177 12190 12189
f 12177 12179 12190
f 12183 12191 12169
f 12169 12191 12185
f 12144 12192 12170
f 12144 12186 12192
f 12193 12173 12146
f 12193 12146 12187
f 12194 12174 12173
f 12188 12174 12194
f 12189 12190 12181
f 12190 12195 12181
f 12181 12195 12180
f 12179 12196 12190
f 12190 12196 12195
f 12179 12182 12196
f 12180 12197 12183
f 12195 12197 12180
f 12168 12198 12182
f 12168 12184 12198
f 12183 12199 12191
f 12197 12199 12183
f 12185 12200 12171
f 12191 12201 12185
f 12185 12201 12200
f 12171 12202 12172
f 12171 12200 12202
f 12194 12173 12193
f 12196 12203 12195
f 12195 12203 12197
f 12182 12204 12196
f 12182 12198 12204
f 12170 12205 12184
f 12170 12192 12205
f 12172 12206 12186
f 12172 12202 12206
f 12196 12204 12203
f 12199 12207 12191
f 12191 12207 12201
f 12203 12208 12197
f 12197 12208 12199
f 12186 12209 12192
f 12186 12206 12209
f 12184 12210 12198
f 12184 12205 12210
f 12204 12211 12203
f 12203 12211 12208
f 12198 12212 12204
f 12198 12210 12212
f 12208 12213 12199
f 12199 12213 12207
f 12192 12214 12205
f 12192 12209 12214
f 12201 12215 12200
f 12200 12216 12202
f 12200 12215 12216
f 12204 12212 12211
f 12207 12217 12201
f 12201 12217 12215
f 12202 12218 12206
f 12202 12216 12218
f 12211 12219 12208
f 12208 12219 12213
f 12212 12220 12211
f 12211 12220 12219
f 12205 12221 12210
f 12210 12222 12212
f 12210 12221 12222
f 12205 12214 12221
f 12213 12223 12207
f 12207 12223 12217
f 12206 12224 12209
f 12206 12218 12224
f 12212 12222 12220
f 12219 12225 12213
f 12213 12225 12223
f 12209 12226 12214
f 12209 12224 12226
f 12217 12227 12215
f 12215 12228 12216
f 12215 12227 12228
f 12223 12229 12217
f 12217 12229 12227
f 12216 12230 12218
f 12216 12228 12230
f 12220 12231 12219
f 12219 12231 12225
f 12214 12232 12221
f 12214 12226 12232
f 12225 12233 12223
f 12223 12233 12229
f 12218 12234 12224
f 12218 12230 12234
f 12222 12235 12220
f 12220 12235 12231
f 12221 12236 12222
f 12221 12232 12236
f 12222 12236 12235
f 12231 12237 12225
f 12225 12237 12233
f 12224 12238 12226
f 12224 12234 12238
f 12229 12239 12227
f 12227 12240 12228
f 12227 12239 12240
f 12235 12241 12231
f 12231 12241 12237
f 12233 12242 12229
f 12229 12242 12239
f 12228 12243 12230
f 12228 12240 12243
f 12226 12244 12232
f 12226 12238 12244
f 12236 12245 12235
f 12235 12245 12241
f 12232 12246 12236
f 12232 12244 12246
f 12237 12247 12233
f 12233 12247 12242
f 12230 12248 12234
f 12230 12243 12248
f 12236 12246 12245
f 12241 12249 12237
f 12237 12249 12247
f 12234 12250 12238
f 12234 12248 12250
f 12245 12251 12241
f 12241 12251 12249
f 12242 12252 12239
f 12247 12253 12242
f 12242 12253 12252
f 12239 12254 12240
f 12239 12252 12254
f 12240 12255 12243
f 12240 12254 12255
f 12238 12256 12244
f 12238 12250 12256
f 12246 12257 12245
f 12245 12257 12251
f 12244 12258 12246
f 12246 12258 12257
f 12244 12256 12258
f 12249 12259 12247
f 12247 12259 12253
f 12243 12260 12248
f 12243 12255 12260
f 12251 12261 12249
f 12249 12261 12259
f 12248 12262 12250
f 12248 12260 12262
f 12253 12263 12252
f 12252 12264 12254
f 12252 12263 12264
f 12257 12265 12251
f 12251 12265 12261
f 12259 12266 12253
f 12253 12266 12263
f 12254 12267 12255
f 12254 12264 12267
f 12250 12268 12256
f 12250 12262 12268
f 12261 12269 12259
f 12259 12269 12266
f 12258 12270 12257
f 12257 12270 12265
f 12256 12271 12258
f 12256 12268 12271
f 12255 12272 12260
f 12255 12267 12272
f 12258 12271 12270
f 12265 12273 12261
f 12261 12273 12269
f 12260 12274 12262
f 12260 12272 12274
f 12266 12275 12263
f 12263 12276 12264
f 12263 12275 12276
f 12270 12277 12265
f 12265 12277 12273
f 12269 12278 12266
f 12266 12278 12275
f 12262 12279 12268
f 12262 12274 12279
f 12264 12280 12267
f 12264 12276 12280
f 12273 12281 12269
f 12269 12281 12278
f 12271 12282 12270
f 12270 12282 12277
f 12268 12283 12271
f 12268 12279 12283
f 12267 12284 12272
f 12267 12280 12284
f 12271 12283 12282
f 12277 12285 12273
f 12273 12285 12281
f 12272 12286 12274
f 12272 12284 12286
f 12278 12287 12275
f 12275 12288 12276
f 12275 12287 12288
f 12281 12289 12278
f 12278 12289 12287
f 12282 12290 12277
f 12277 12290 12285
f 12276 12291 12280
f 12276 12288 12291
f 12274 12292 12279
f 12274 12286 12292
f 12283 12293 12282
f 12282 12293 12290
f 12285 12294 12281
f 12281 12294 12289
f 12280 12295 12284
f 12280 12291 12295
f 12279 12296 12283
f 12279 12292 12296
f 12283 12296 12293
f 12290 12297 12285
f 12285 12297 12294
f 12284 12298 12286
f 12284 12295 12298
f 12289 12299 12287
f 12287 12300 12288
f 12287 12299 12300
f 12294 12301 12289
f 12289 12301 12299
f 12288 12302 12291
f 12288 12300 12302
f 12293 12303 12290
f 12290 12303 12297
f 12286 12304 12292
f 12286 12298 12304
f 12297 12305 12294
f 12294 12305 12301
f 12291 12306 12295
f 12291 12302 12306
f 12296 12307 12293
f 12293 12307 12303
f 12292 12308 12296
f 12292 12304 12308
f 12296 12308 12307
f 12303 12309 12297
f 12297 12309 12305
f 12295 12310 12298
f 12295 12306 12310
f 12307 12311 12303
f 12303 12311 12309
f 12298 12312 12304
f 12298 12310 12312
f 12301 12313 12299
f 12299 12314 12300
f 12299 12313 12314
f 12305 12315 12301
f 12301 12315 12313
f 12300 12316 12302
f 12300 12314 12316
f 12308 12317 12307
f 12307 12317 12311
f 12304 12318 12308
f 12304 12312 12318
f 12308 12318 12317
f 12309 12319 12305
f 12305 12319 12315
f 12302 12320 12306
f 12302 12316 12320
f 12311 12321 12309
f 12309 12321 12319
f 12306 12322 12310
f 12306 12320 12322
f 12317 12323 12311
f 12311 12323 12321
f 12310 12324 12312
f 12310 12322 12324
f 12315 12325 12313
f 12313 12326 12314
f 12313 12325 12326
f 12318 12327 12317
f 12317 12327 12323
f 12319 12328 12315
f 12315 12328 12325
f 12314 12329 12316
f 12314 12326 12329
f 12312 12330 12318
f 12312 12324 12330
f 12318 12330 12327
f 12321 12331 12319
f 12319 12331 12328
f 12316 12332 12320
f 12316 12329 12332
f 12323 12333 12321
f 12321 12333 12331
f 12320 12334 12322
f 12320 12332 12334
f 12327 12335 12323
f 12323 12335 12333
f 12322 12336 12324
f 12322 12334 12336
f 12328 12337 12325
f 12325 12338 12326
f 12325 12337 12338
f 12331 12339 12328
f 12328 12339 12337
f 12330 12340 12327
f 12327 12340 12335
f 12324 12341 12330
f 12324 12336 12341
f 12326 12342 12329
f 12326 12338 12342
f 12330 12341 12340
f 12333 12343 12331
f 12331 12343 12339
f 12329 12344 12332
f 12329 12342 12344
f 12335 12345 12333
f 12333 12345 12343
f 12332 12346 12334
f 12332 12344 12346
f 12340 12347 12335
f 12335 12347 12345
f 12334 12348 12336
f 12334 12346 12348
f 12339 12349 12337
f 12337 12350 12338
f 12337 12349 12350
f 12341 12351 12340
f 12340 12351 12347
f 12336 12352 12341
f 12341 12352 12351
f 12336 12348 12352
f 12343 12353 12339
f 12339 12353 12349
f 12338 12354 12342
f 12338 12350 12354
f 12345 12355 12343
f 12343 12355 12353
f 12342 12356 12344
f 12342 12354 12356
f 12347 12357 12345
f 12345 12357 12355
f 12344 12358 12346
f 12344 12356 12358
f 12351 12359 12347
f 12347 12359 12357
f 12346 12360 12348
f 12346 12358 12360
f 12353 12361 12349
f 12349 12362 12350
f 12349 12361 12362
f 12352 12363 12351
f 12351 12363 12359
f 12348 12364 12352
f 12348 12360 12364
f 12355 12365 12353
f 12353 12365 12361
f 12350 12366 12354
f 12350 12362 12366
f 12352 12364 12363
f 12357 12367 12355
f 12355 12367 12365
f 12354 12368 12356
f 12354 12366 12368
f 12359 12369 12357
f 12357 12369 12367
f 12356 12370 12358
f 12356 12368 12370
f 12363 12371 12359
f 12359 12371 12369
f 12358 12372 12360
f 12358 12370 12372
f 12364 12373 12363
f 12363 12373 12371
f 12360 12374 12364
f 12364 12374 12373
f 12360 12372 12374
f 12365 12375 12361
f 12367 12376 12365
f 12365 12376 12375
f 12361 12377 12362
f 12361 12375 12377
f 12362 12378 12366
f 12362 12377 12378
f 12369 12379 12367
f 12367 12379 12376
f 12366 12380 12368
f 12366 12378 12380
f 12371 12381 12369
f 12369 12381 12379
f 12368 12382 12370
f 12368 12380 12382
f 12373 12383 12371
f 12371 12383 12381
f 12370 12384 12372
f 12370 12382 12384
f 12374 12385 12373
f 12373 12385 12383
f 12372 12386 12374
f 12374 12386 12385
f 12372 12384 12386
f 12376 12387 12375
f 12379 12388 12376
f 12376 12388 12387
f 12375 12389 12377
f 12375 12387 12389
f 12377 12390 12378
f 12377 12389 12390
f 12381 12391 12379
f 12379 12391 12388
f 12378 12392 12380
f 12378 12390 12392
f 12383 12393 12381
f 12381 12393 12391
f 12380 12394 12382
f 12380 12392 12394
f 12385 12395 12383
f 12383 12395 12393
f 12382 12396 12384
f 12382 12394 12396
f 12386 12397 12385
f 12385 12397 12395
f 12384 12398 12386
f 12386 12398 12397
f 12384 12396 12398
f 12388 12399 12387
f 12391 12400 12388
f 12388 12400 12399
f 12387 12401 12389
f 12387 12399 12401
f 12389 12402 12390
f 12389 12401 12402
f 12393 12403 12391
f 12391 12403 12400
f 12390 12404 12392
f 12390 12402 12404
f 12395 12405 12393
f 12393 12405 12403
f 12392 12406 12394
f 12392 12404 12406
f 12397 12407 12395
f 12395 12407 12405
f 12394 12408 12396
f 12394 12406 12408
f 12398 12409 12397
f 12397 12409 12407
f 12396 12410 12398
f 12398 12410 12409
f 12396 12408 12410
f 12400 12411 12399
f 12403 12412 12400
f 12400 12412 12411
f 12399 12413 12401
f 12399 12411 12413
f 12401 12414 12402
f 12401 12413 12414
f 12405 12415 12403
f 12403 12415 12412
f 12402 12416 12404
f 12402 12414 12416
f 12407 12417 12405
f 12405 12417 12415
f 12404 12418 12406
f 12404 12416 12418
f 12409 12419 12407
f 12407 12419 12417
f 12406 12420 12408
f 12406 12418 12420
f 12410 12421 12409
f 12409 12421 12419
f 12408 12422 12410
f 12410 12422 12421
f 12408 12420 12422
f 12412 12423 12411
f 12415 12424 12412
f 12412 12424 12423
f 12411 12425 12413
f 12411 12423 12425
f 12413 12426 12414
f 12413 12425 12426
f 12417 12427 12415
f 12415 12427 12424
f 12414 12428 12416
f 12414 12426 12428
f 12419 12429 12417
f 12417 12429 12427
f 12416 12430 12418
f 12416 12428 12430
f 12421 12431 12419
f 12419 12431 12429
f 12418 12432 12420
f 12418 12430 12432
f 12422 12433 12421
f 12421 12433 12431
f 12420 12434 12422
f 12422 12434 12433
f 12420 12432 12434
f 12427 12435 12424
f 12429 12436 12427
f 12427 12436 12435
f 12424 12437 12423
f 12424 12435 12437
f 12423 12438 12425
f 12423 12437 12438
f 12425 12439 12426
f 12425 12438 12439
f 12426 12440 12428
f 12426 12439 12440
f 12431 12441 12429
f 12429 12441 12436
f 12428 12442 12430
f 12428 12440 12442
f 12433 12443 12431
f 12431 12443 12441
f 12430 12444 12432
f 12430 12442 12444
f 12434 12445 12433
f 12433 12445 12443
f 12432 12446 12434
f 12434 12446 12445
f 12432 12444 12446
f 12447 12448 12449
f 12450 12447 12449
f 12451 12452 12447
f 12453 12451 12447
f 12447 12452 12448
f 12453 12447 12450
f 12449 12448 12454
f 12450 12449 12455
f 12455 12449 12456
f 12449 12454 12456
f 12451 12457 12452
f 12458 12457 12451
f 12459 12451 12453
f 12459 12458 12451
f 12452 12460 12448
f 12457 12461 12452
f 12452 12461 12460
f 12448 12462 12454
f 12448 12460 12462
f 12463 12450 12455
f 12464 12453 12450
f 12464 12450 12463
f 12455 12456 12465
f 12466 12455 12465
f 12463 12455 12466
f 12456 12454 12467
f 12465 12456 12468
f 12456 12467 12468
f 12458 12469 12457
f 12457 12470 12461
f 12469 12470 12457
f 12454 12471 12467
f 12454 12462 12471
f 12472 12459 12453
f 12472 12453 12464
f 12465 12468 12473
f 12466 12465 12474
f 12474 12465 12473
f 12475 12469 12458
f 12476 12458 12459
f 12476 12475 12458
f 12461 12477 12460
f 12470 12478 12461
f 12461 12478 12477
f 12460 12479 12462
f 12460 12477 12479
f 12468 12467 12480
f 12473 12468 12481
f 12468 12480 12481
f 12469 12482 12470
f 12483 12482 12469
f 12475 12483 12469
f 12467 12471 12484
f 12467 12484 12480
f 12482 12485 12470
f 12470 12485 12478
f 12462 12486 12471
f 12462 12479 12486
f 12487 12476 12459
f 12487 12459 12472
f 12483 12488 12482
f 12488 12489 12482
f 12482 12489 12485
f 12490 12463 12466
f 12491 12464 12463
f 12491 12463 12490
f 12492 12466 12474
f 12490 12466 12492
f 12473 12481 12493
f 12474 12473 12494
f 12494 12473 12493
f 12495 12483 12475
f 12496 12475 12476
f 12496 12495 12475
f 12497 12488 12483
f 12495 12497 12483
f 12471 12498 12484
f 12471 12486 12498
f 12481 12480 12499
f 12480 12484 12500
f 12480 12500 12499
f 12481 12499 12501
f 12493 12481 12501
f 12478 12502 12477
f 12485 12503 12478
f 12478 12503 12502
f 12477 12504 12479
f 12477 12502 12504
f 12505 12472 12464
f 12505 12464 12491
f 12497 12506 12488
f 12488 12507 12489
f 12506 12507 12488
f 12484 12508 12500
f 12484 12498 12508
f 12489 12509 12485
f 12485 12509 12503
f 12479 12510 12486
f 12479 12504 12510
f 12511 12474 12494
f 12492 12474 12511
f 12512 12497 12495
f 12513 12506 12497
f 12512 12513 12497
f 12501 12499 12514
f 12499 12515 12514
f 12499 12500 12515
f 12516 12496 12476
f 12516 12476 12487
f 12517 12512 12495
f 12517 12495 12496
f 12507 12518 12489
f 12489 12518 12509
f 12486 12519 12498
f 12486 12510 12519
f 12493 12501 12520
f 12494 12493 12521
f 12521 12493 12520
f 12501 12514 12522
f 12520 12501 12522
f 12522 12514 12513
f 12514 12523 12513
f 12513 12523 12506
f 12522 12513 12512
f 12514 12515 12523
f 12523 12524 12506
f 12506 12524 12507
f 12500 12525 12515
f 12500 12508 12525
f 12526 12522 12512
f 12526 12512 12517
f 12520 12522 12526
f 12515 12527 12523
f 12523 12527 12524
f 12515 12525 12527
f 12524 12528 12507
f 12507 12528 12518
f 12498 12529 12508
f 12498 12519 12529
f 12530 12487 12472
f 12530 12472 12505
f 12531 12494 12521
f 12511 12494 12531
f 12527 12532 12524
f 12524 12532 12528
f 12508 12533 12525
f 12508 12529 12533
f 12509 12534 12503
f 12518 12535 12509
f 12509 12535 12534
f 12503 12536 12502
f 12503 12534 12536
f 12502 12537 12504
f 12502 12536 12537
f 12504 12538 12510
f 12504 12537 12538
f 12539 12517 12496
f 12539 12496 12516
f 12540 12520 12526
f 12521 12520 12540
f 12525 12541 12527
f 12527 12541 12532
f 12525 12533 12541
f 12528 12542 12518
f 12518 12542 12535
f 12510 12543 12519
f 12510 12538 12543
f 12532 12544 12528
f 12528 12544 12542
f 12519 12545 12529
f 12519 12543 12545
f 12546 12526 12517
f 12546 12517 12539
f 12540 12526 12546
f 12541 12547 12532
f 12532 12547 12544
f 12529 12548 12533
f 12529 12545 12548
f 12549 12490 12492
f 12550 12491 12490
f 12550 12490 12549
f 12551 12492 12511
f 12549 12492 12551
f 12552 12516 12487
f 12552 12487 12530
f 12533 12553 12541
f 12541 12553 12547
f 12533 12548 12553
f 12554 12521 12540
f 12531 12521 12554
f 12555 12505 12491
f 12555 12491 12550
f 12556 12511 12531
f 12551 12511 12556
f 12557 12539 12516
f 12557 12516 12552
f 12558 12540 12546
f 12554 12540 12558
f 12559 12530 12505
f 12559 12505 12555
f 12560 12546 12539
f 12560 12539 12557
f 12558 12546 12560
f 12561 12531 12554
f 12556 12531 12561
f 12562 12552 12530
f 12562 12530 12559
f 12563 12554 12558
f 12561 12554 12563
f 12564 12549 12551
f 12565 12550 12549
f 12565 12549 12564
f 12566 12551 12556
f 12564 12551 12566
f 12567 12557 12552
f 12567 12552 12562
f 12568 12558 12560
f 12563 12558 12568
f 12569 12555 12550
f 12569 12550 12565
f 12570 12556 12561
f 12566 12556 12570
f 12571 12560 12557
f 12571 12557 12567
f 12568 12560 12571
f 12572 12559 12555
f 12572 12555 12569
f 12573 12561 12563
f 12570 12561 12573
f 12574 12562 12559
f 12574 12559 12572
f 12575 12563 12568
f 12573 12563 12575
f 12576 12567 12562
f 12576 12562 12574
f 12577 12568 12571
f 12575 12568 12577
f 12578 12571 12567
f 12578 12567 12576
f 12577 12571 12578
f 12579 12564 12566
f 12580 12565 12564
f 12580 12564 12579
f 12581 12566 12570
f 12579 12566 12581
f 12582 12569 12565
f 12582 12565 12580
f 12583 12570 12573
f 12581 12570 12583
f 12584 12572 12569
f 12584 12569 12582
f 12585 12573 12575
f 12583 12573 12585
f 12586 12574 12572
f 12586 12572 12584
f 12587 12575 12577
f 12585 12575 12587
f 12588 12576 12574
f 12588 12574 12586
f 12589 12577 12578
f 12587 12577 12589
f 12590 12578 12576
f 12590 12576 12588
f 12589 12578 12590
f 12591 12579 12581
f 12592 12580 12579
f 12592 12579 12591
f 12593 12581 12583
f 12591 12581 12593
f 12594 12580 12592
f 12594 12582 12580
f 12593 12583 12595
f 12595 12583 12585
f 12596 12591 12593
f 12597 12593 12595
f 12596 12593 12597
f 12598 12592 12591
f 12598 12591 12596
f 12595 12585 12599
f 12597 12595 12600
f 12600 12595 12599
f 12601 12592 12598
f 12601 12594 12592
f 12599 12585 12587
f 12602 12582 12594
f 12602 12584 12582
f 12603 12596 12597
f 12604 12597 12600
f 12603 12597 12604
f 12605 12598 12596
f 12605 12596 12603
f 12600 12599 12606
f 12604 12600 12607
f 12607 12600 12606
f 12599 12587 12608
f 12606 12599 12608
f 12609 12601 12598
f 12609 12598 12605
f 12610 12594 12601
f 12610 12602 12594
f 12608 12587 12589
f 12611 12584 12602
f 12611 12586 12584
f 12612 12603 12604
f 12613 12604 12607
f 12612 12604 12613
f 12614 12605 12603
f 12614 12603 12612
f 12606 12608 12615
f 12607 12606 12616
f 12616 12606 12615
f 12608 12589 12617
f 12615 12608 12617
f 12613 12607 12618
f 12618 12607 12616
f 12619 12610 12601
f 12619 12601 12609
f 12620 12611 12602
f 12620 12602 12610
f 12621 12588 12586
f 12621 12586 12611
f 12617 12589 12590
f 12622 12609 12605
f 12622 12605 12614
f 12623 12590 12588
f 12623 12588 12621
f 12617 12590 12623
f 12624 12612 12613
f 12625 12613 12618
f 12624 12613 12625
f 12626 12614 12612
f 12626 12612 12624
f 12616 12615 12627
f 12618 12616 12628
f 12628 12616 12627
f 12615 12617 12629
f 12627 12615 12629
f 12629 12617 12623
f 12630 12621 12611
f 12630 12611 12620
f 12625 12618 12631
f 12631 12618 12628
f 12632 12620 12610
f 12632 12610 12619
f 12633 12619 12609
f 12633 12609 12622
f 12634 12623 12621
f 12629 12623 12634
f 12635 12622 12614
f 12635 12614 12626
f 12634 12621 12630
f 12627 12629 12636
f 12636 12629 12634
f 12628 12627 12637
f 12637 12627 12636
f 12638 12624 12625
f 12639 12626 12624
f 12639 12624 12638
f 12640 12625 12631
f 12638 12625 12640
f 12631 12628 12641
f 12641 12628 12637
f 12642 12630 12620
f 12642 12620 12632
f 12643 12632 12619
f 12643 12619 12633
f 12644 12634 12630
f 12636 12634 12644
f 12640 12631 12645
f 12645 12631 12641
f 12646 12633 12622
f 12646 12622 12635
f 12644 12630 12642
f 12647 12635 12626
f 12647 12626 12639
f 12637 12636 12648
f 12648 12636 12644
f 12641 12637 12649
f 12649 12637 12648
f 12650 12642 12632
f 12650 12632 12643
f 12651 12638 12640
f 12652 12639 12638
f 12652 12638 12651
f 12653 12640 12645
f 12651 12640 12653
f 12645 12641 12654
f 12654 12641 12649
f 12655 12643 12633
f 12655 12633 12646
f 12656 12644 12642
f 12648 12644 12656
f 12656 12642 12650
f 12657 12646 12635
f 12657 12635 12647
f 12653 12645 12658
f 12658 12645 12654
f 12659 12647 12639
f 12659 12639 12652
f 12649 12648 12660
f 12660 12648 12656
f 12661 12650 12643
f 12661 12643 12655
f 12654 12649 12662
f 12662 12649 12660
f 12663 12651 12653
f 12664 12653 12658
f 12663 12653 12664
f 12665 12652 12651
f 12665 12651 12663
f 12658 12654 12666
f 12666 12654 12662
f 12667 12656 12650
f 12660 12656 12667
f 12668 12655 12646
f 12668 12646 12657
f 12667 12650 12661
f 12664 12658 12669
f 12669 12658 12666
f 12670 12657 12647
f 12670 12647 12659
f 12671 12659 12652
f 12671 12652 12665
f 12662 12660 12672
f 12672 12660 12667
f 12673 12661 12655
f 12673 12655 12668
f 12666 12662 12674
f 12674 12662 12672
f 12675 12663 12664
f 12676 12664 12669
f 12675 12664 12676
f 12677 12665 12663
f 12677 12663 12675
f 12669 12666 12678
f 12678 12666 12674
f 12679 12667 12661
f 12672 12667 12679
f 12680 12668 12657
f 12680 12657 12670
f 12679 12661 12673
f 12681 12659 12671
f 12681 12670 12659
f 12676 12669 12682
f 12682 12669 12678
f 12683 12671 12665
f 12683 12665 12677
f 12674 12672 12684
f 12684 12672 12679
f 12685 12675 12676
f 12686 12677 12675
f 12686 12675 12685
f 12687 12676 12682
f 12685 12676 12687
f 12678 12674 12688
f 12688 12674 12684
f 12689 12673 12668
f 12689 12668 12680
f 12682 12678 12690
f 12687 12682 12691
f 12691 12682 12690
f 12692 12671 12683
f 12692 12681 12671
f 12690 12678 12688
f 12693 12680 12670
f 12693 12670 12681
f 12694 12679 12673
f 12694 12673 12689
f 12684 12679 12694
f 12695 12677 12686
f 12695 12683 12677
f 12696 12685 12687
f 12697 12685 12696
f 12697 12686 12685
f 12696 12687 12698
f 12698 12687 12691
f 12690 12688 12699
f 12691 12690 12700
f 12700 12690 12699
f 12688 12684 12701
f 12699 12688 12701
f 12702 12689 12680
f 12702 12680 12693
f 12701 12684 12694
f 12703 12696 12698
f 12704 12696 12703
f 12704 12697 12696
f 12698 12691 12705
f 12703 12698 12706
f 12706 12698 12705
f 12707 12686 12697
f 12707 12695 12686
f 12705 12691 12700
f 12708 12683 12695
f 12708 12692 12683
f 12709 12681 12692
f 12709 12693 12681
f 12710 12694 12689
f 12710 12689 12702
f 12701 12694 12710
f 12711 12703 12706
f 12712 12703 12711
f 12712 12704 12703
f 12706 12705 12713
f 12711 12706 12714
f 12714 12706 12713
f 12715 12697 12704
f 12715 12707 12697
f 12705 12700 12716
f 12713 12705 12716
f 12717 12695 12707
f 12717 12708 12695
f 12700 12699 12718
f 12716 12700 12718
f 12719 12692 12708
f 12719 12709 12692
f 12699 12701 12720
f 12718 12699 12720
f 12721 12702 12693
f 12721 12693 12709
f 12720 12701 12710
f 12722 12710 12702
f 12722 12702 12721
f 12720 12710 12722
f 12723 12711 12714
f 12724 12712 12711
f 12724 12711 12723
f 12714 12713 12725
f 12726 12714 12725
f 12723 12714 12726
f 12725 12713 12727
f 12713 12716 12727
f 12726 12725 12728
f 12725 12727 12729
f 12728 12725 12729
f 12730 12704 12712
f 12730 12715 12704
f 12731 12707 12715
f 12731 12717 12707
f 12716 12718 12732
f 12727 12716 12732
f 12733 12708 12717
f 12733 12719 12708
f 12718 12720 12734
f 12732 12718 12734
f 12735 12721 12709
f 12735 12709 12719
f 12734 12720 12722
f 12736 12712 12724
f 12736 12730 12712
f 12737 12722 12721
f 12734 12722 12737
f 12738 12723 12726
f 12739 12724 12723
f 12739 12723 12738
f 12740 12726 12728
f 12738 12726 12740
f 12727 12732 12741
f 12729 12727 12741
f 12737 12721 12735
f 12742 12715 12730
f 12742 12731 12715
f 12728 12729 12743
f 12740 12728 12744
f 12744 12728 12743
f 12732 12734 12745
f 12741 12732 12745
f 12745 12734 12737
f 12746 12736 12724
f 12746 12724 12739
f 12743 12729 12747
f 12729 12741 12747
f 12748 12717 12731
f 12748 12733 12717
f 12749 12719 12733
f 12749 12735 12719
f 12750 12730 12736
f 12750 12742 12730
f 12751 12738 12740
f 12752 12739 12738
f 12752 12738 12751
f 12753 12740 12744
f 12751 12740 12753
f 12744 12743 12754
f 12755 12744 12754
f 12753 12744 12755
f 12743 12747 12756
f 12754 12743 12756
f 12757 12731 12742
f 12757 12748 12731
f 12747 12741 12758
f 12747 12758 12759
f 12756 12747 12759
f 12741 12745 12758
f 12760 12749 12733
f 12760 12733 12748
f 12745 12737 12761
f 12758 12745 12761
f 12761 12737 12735
f 12761 12735 12749
f 12762 12750 12736
f 12762 12736 12746
f 12763 12746 12739
f 12763 12739 12752
f 12764 12742 12750
f 12764 12757 12742
f 12765 12761 12749
f 12765 12749 12760
f 12758 12761 12765
f 12754 12756 12766
f 12755 12754 12767
f 12767 12754 12766
f 12759 12758 12765
f 12756 12759 12768
f 12766 12756 12768
f 12769 12748 12757
f 12769 12760 12748
f 12770 12751 12753
f 12771 12753 12755
f 12770 12753 12771
f 12759 12765 12772
f 12768 12759 12772
f 12773 12752 12751
f 12773 12751 12770
f 12774 12755 12767
f 12771 12755 12774
f 12775 12764 12750
f 12775 12750 12762
f 12776 12769 12757
f 12776 12757 12764
f 12772 12765 12760
f 12772 12760 12769
f 12777 12762 12746
f 12777 12746 12763
f 12766 12768 12778
f 12767 12766 12779
f 12779 12766 12778
f 12768 12772 12780
f 12778 12768 12780
f 12780 12772 12769
f 12780 12769 12776
f 12781 12763 12752
f 12781 12752 12773
f 12774 12767 12782
f 12782 12767 12779
f 12783 12776 12764
f 12783 12764 12775
f 12784 12771 12774
f 12785 12770 12771
f 12785 12771 12784
f 12786 12775 12762
f 12786 12762 12777
f 12787 12780 12776
f 12787 12776 12783
f 12778 12780 12787
f 12788 12774 12782
f 12784 12774 12788
f 12779 12778 12789
f 12789 12778 12787
f 12790 12773 12770
f 12790 12770 12785
f 12791 12777 12763
f 12791 12763 12781
f 12782 12779 12792
f 12792 12779 12789
f 12793 12783 12775
f 12793 12775 12786
f 12794 12781 12773
f 12794 12773 12790
f 12788 12782 12795
f 12795 12782 12792
f 12796 12787 12783
f 12789 12787 12796
f 12796 12783 12793
f 12797 12786 12777
f 12797 12777 12791
f 12792 12789 12798
f 12798 12789 12796
f 12799 12784 12788
f 12800 12785 12784
f 12800 12784 12799
f 12801 12788 12795
f 12799 12788 12801
f 12795 12792 12802
f 12802 12792 12798
f 12803 12790 12785
f 12803 12785 12800
f 12804 12791 12781
f 12804 12781 12794
f 12805 12793 12786
f 12805 12786 12797
f 12806 12796 12793
f 12798 12796 12806
f 12806 12793 12805
f 12807 12795 12802
f 12801 12795 12807
f 12808 12794 12790
f 12808 12790 12803
f 12802 12798 12809
f 12809 12798 12806
f 12810 12797 12791
f 12810 12791 12804
f 12807 12802 12811
f 12811 12802 12809
f 12812 12799 12801
f 12813 12800 12799
f 12813 12799 12812
f 12814 12806 12805
f 12809 12806 12814
f 12815 12801 12807
f 12812 12801 12815
f 12816 12805 12797
f 12816 12797 12810
f 12817 12804 12794
f 12817 12794 12808
f 12818 12803 12800
f 12818 12800 12813
f 12814 12805 12816
f 12819 12807 12811
f 12815 12807 12819
f 12811 12809 12820
f 12820 12809 12814
f 12821 12808 12803
f 12821 12803 12818
f 12822 12810 12804
f 12822 12804 12817
f 12819 12811 12823
f 12823 12811 12820
f 12824 12814 12816
f 12820 12814 12824
f 12825 12816 12810
f 12825 12810 12822
f 12826 12812 12815
f 12827 12813 12812
f 12827 12812 12826
f 12828 12817 12808
f 12828 12808 12821
f 12829 12815 12819
f 12826 12815 12829
f 12824 12816 12825
f 12830 12818 12813
f 12830 12813 12827
f 12831 12819 12823
f 12829 12819 12831
f 12832 12820 12824
f 12823 12820 12832
f 12833 12821 12818
f 12833 12818 12830
f 12834 12822 12817
f 12834 12817 12828
f 12835 12824 12825
f 12832 12824 12835
f 12831 12823 12836
f 12836 12823 12832
f 12837 12825 12822
f 12837 12822 12834
f 12838 12826 12829
f 12839 12827 12826
f 12839 12826 12838
f 12835 12825 12837
f 12840 12829 12831
f 12838 12829 12840
f 12841 12828 12821
f 12841 12821 12833
f 12842 12830 12827
f 12842 12827 12839
f 12843 12831 12836
f 12840 12831 12843
f 12844 12832 12835
f 12836 12832 12844
f 12845 12833 12830
f 12845 12830 12842
f 12846 12834 12828
f 12846 12828 12841
f 12847 12835 12837
f 12844 12835 12847
f 12843 12836 12848
f 12848 12836 12844
f 12849 12837 12834
f 12849 12834 12846
f 12850 12838 12840
f 12851 12839 12838
f 12851 12838 12850
f 12847 12837 12849
f 12852 12840 12843
f 12850 12840 12852
f 12853 12841 12833
f 12853 12833 12845
f 12854 12842 12839
f 12854 12839 12851
f 12855 12843 12848
f 12852 12843 12855
f 12856 12844 12847
f 12848 12844 12856
f 12857 12846 12841
f 12857 12841 12853
f 12858 12845 12842
f 12858 12842 12854
f 12859 12847 12849
f 12856 12847 12859
f 12855 12848 12860
f 12860 12848 12856
f 12861 12849 12846
f 12861 12846 12857
f 12862 12850 12852
f 12863 12851 12850
f 12863 12850 12862
f 12859 12849 12861
f 12864 12852 12855
f 12862 12852 12864
f 12865 12853 12845
f 12865 12845 12858
f 12866 12854 12851
f 12866 12851 12863
f 12867 12855 12860
f 12864 12855 12867
f 12868 12856 12859
f 12860 12856 12868
f 12869 12858 12854
f 12869 12854 12866
f 12870 12857 12853
f 12870 12853 12865
f 12871 12859 12861
f 12868 12859 12871
f 12867 12860 12872
f 12872 12860 12868
f 12873 12862 12864
f 12874 12863 12862
f 12874 12862 12873
f 12875 12861 12857
f 12875 12857 12870
f 12876 12864 12867
f 12873 12864 12876
f 12871 12861 12875
f 12877 12865 12858
f 12877 12858 12869
f 12878 12866 12863
f 12878 12863 12874
f 12879 12867 12872
f 12876 12867 12879
f 12872 12868 12880
f 12880 12868 12871
f 12881 12869 12866
f 12881 12866 12878
f 12882 12870 12865
f 12882 12865 12877
f 12883 12872 12880
f 12879 12872 12883
f 12884 12871 12875
f 12880 12871 12884
f 12885 12875 12870
f 12885 12870 12882
f 12884 12875 12885
f 12886 12877 12869
f 12886 12869 12881
f 12887 12880 12884
f 12883 12880 12887
f 12888 12882 12877
f 12888 12877 12886
f 12889 12884 12885
f 12887 12884 12889
f 12890 12885 12882
f 12890 12882 12888
f 12889 12885 12890
f 12891 12873 12876
f 12892 12874 12873
f 12892 12873 12891
f 12893 12876 12879
f 12891 12876 12893
f 12894 12878 12874
f 12894 12874 12892
f 12895 12879 12883
f 12893 12879 12895
f 12896 12881 12878
f 12897 12886 12881
f 12897 12881 12896
f 12896 12878 12894
f 12898 12888 12886
f 12898 12886 12897
f 12899 12890 12888
f 12899 12888 12898
f 12900 12889 12890
f 12900 12890 12899
f 12901 12887 12889
f 12901 12889 12900
f 12902 12883 12887
f 12902 12887 12901
f 12895 12883 12902
f 12903 12892 12891
f 12904 12894 12892
f 12904 12892 12903
f 12905 12891 12893
f 12903 12891 12905
f 12906 12893 12895
f 12905 12893 12906
f 12907 12895 12902
f 12906 12895 12907
f 12908 12896 12894
f 12908 12894 12904
f 12909 12902 12901
f 12907 12902 12909
f 12910 12897 12896
f 12910 12896 12908
f 12911 12901 12900
f 12909 12901 12911
f 12912 12898 12897
f 12912 12897 12910
f 12913 12900 12899
f 12911 12900 12913
f 12914 12899 12898
f 12914 12898 12912
f 12913 12899 12914
f 12915 12905 12906
f 12916 12903 12905
f 12916 12905 12915
f 12917 12906 12907
f 12915 12906 12917
f 12918 12904 12903
f 12919 12908 12904
f 12919 12904 12918
f 12918 12903 12916
f 12920 12907 12909
f 12917 12907 12920
f 12921 12909 12911
f 12920 12909 12921
f 12922 12910 12908
f 12922 12908 12919
f 12923 12911 12913
f 12921 12911 12923
f 12924 12912 12910
f 12924 12910 12922
f 12925 12913 12914
f 12923 12913 12925
f 12926 12914 12912
f 12926 12912 12924
f 12925 12914 12926
f 12927 12915 12917
f 12928 12916 12915
f 12928 12915 12927
f 12929 12917 12920
f 12927 12917 12929
f 12930 12918 12916
f 12930 12916 12928
f 12931 12920 12921
f 12929 12920 12931
f 12932 12919 12918
f 12932 12918 12930
f 12933 12921 12923
f 12931 12921 12933
f 12934 12922 12919
f 12934 12919 12932
f 12935 12923 12925
f 12933 12923 12935
f 12936 12924 12922
f 12936 12922 12934
f 12937 12925 12926
f 12935 12925 12937
f 12938 12926 12924
f 12938 12924 12936
f 12937 12926 12938
f 12939 12928 12927
f 12940 12930 12928
f 12940 12928 12939
f 12941 12927 12929
f 12939 12927 12941
f 12942 12932 12930
f 12942 12930 12940
f 12943 12929 12931
f 12941 12929 12943
f 12944 12931 12933
f 12943 12931 12944
f 12945 12934 12932
f 12945 12932 12942
f 12946 12936 12934
f 12946 12934 12945
f 12947 12933 12935
f 12944 12933 12947
f 12948 12938 12936
f 12948 12936 12946
f 12949 12937 12938
f 12949 12938 12948
f 12950 12935 12937
f 12950 12937 12949
f 12947 12935 12950
f 12951 12942 12940
f 12952 12940 12939
f 12951 12940 12952
f 12953 12945 12942
f 12953 12942 12951
f 12954 12939 12941
f 12952 12939 12954
f 12955 12946 12945
f 12955 12945 12953
f 12956 12941 12943
f 12954 12941 12956
f 12957 12948 12946
f 12957 12946 12955
f 12958 12943 12944
f 12956 12943 12958
f 12959 12949 12948
f 12959 12948 12957
f 12960 12944 12947
f 12958 12944 12960
f 12961 12950 12949
f 12961 12949 12959
f 12962 12947 12950
f 12960 12947 12962
f 12962 12950 12961
f 12963 12953 12951
f 12964 12955 12953
f 12964 12953 12963
f 12965 12951 12952
f 12963 12951 12965
f 12966 12957 12955
f 12966 12955 12964
f 12967 12952 12954
f 12965 12952 12967
f 12968 12959 12957
f 12968 12957 12966
f 12969 12954 12956
f 12967 12954 12969
f 12970 12961 12959
f 12970 12959 12968
f 12971 12956 12958
f 12969 12956 12971
f 12972 12962 12961
f 12972 12961 12970
f 12973 12958 12960
f 12971 12958 12973
f 12974 12960 12962
f 12974 12962 12972
f 12973 12960 12974
f 12975 12964 12963
f 12976 12963 12965
f 12975 12963 12976
f 12977 12966 12964
f 12977 12964 12975
f 12978 12965 12967
f 12976 12965 12978
f 12979 12968 12966
f 12979 12966 12977
f 12980 12967 12969
f 12978 12967 12980
f 12981 12970 12968
f 12981 12968 12979
f 12982 12969 12971
f 12980 12969 12982
f 12983 12972 12970
f 12983 12970 12981
f 12984 12971 12973
f 12982 12971 12984
f 12985 12974 12972
f 12985 12972 12983
f 12986 12973 12974
f 12984 12973 12986
f 12986 12974 12985
f 12987 12975 12976
f 12988 12976 12978
f 12987 12976 12988
f 12989 12977 12975
f 12989 12975 12987
f 12990 12978 12980
f 12988 12978 12990
f 12991 12979 12977
f 12991 12977 12989
f 12992 12980 12982
f 12990 12980 12992
f 12993 12981 12979
f 12993 12979 12991
f 12994 12982 12984
f 12992 12982 12994
f 12995 12983 12981
f 12995 12981 12993
f 12996 12984 12986
f 12994 12984 12996
f 12997 12985 12983
f 12997 12983 12995
f 12998 12986 12985
f 12996 12986 12998
f 12998 12985 12997
f 12999 12987 12988
f 13000 12988 12990
f 12999 12988 13000
f 13001 12989 12987
f 13001 12987 12999
f 13002 12990 12992
f 13000 12990 13002
f 13003 12991 12989
f 13003 12989 13001
f 13004 12992 12994
f 13002 12992 13004
f 13005 12993 12991
f 13005 12991 13003
f 13006 12994 12996
f 13004 12994 13006
f 13007 12995 12993
f 13007 12993 13005
f 13008 12996 12998
f 13006 12996 13008
f 13009 12997 12995
f 13009 12995 13007
f 13010 12998 12997
f 13008 12998 13010
f 13010 12997 13009
f 13011 13000 13002
f 13012 12999 13000
f 13012 13000 13011
f 13013 13002 13004
f 13011 13002 13013
f 13014 13001 12999
f 13014 12999 13012
f 13015 13003 13001
f 13015 13001 13014
f 13016 13004 13006
f 13013 13004 13016
f 13017 13006 13008
f 13016 13006 13017
f 13018 13005 13003
f 13018 13003 13015
f 13019 13008 13010
f 13017 13008 13019
f 13020 13007 13005
f 13020 13005 13018
f 13021 13010 13009
f 13019 13010 13021
f 13022 13009 13007
f 13022 13007 13020
f 13021 13009 13022
f 13023 13024 13025
f 13024 13026 13025
f 13027 13024 13023
f 13027 13028 13024
f 13028 13029 13024
f 13024 13029 13026
f 13023 13025 13030
f 13030 13025 13031
f 13025 13032 13031
f 13025 13026 13032
f 13033 13023 13030
f 13034 13023 13033
f 13034 13027 13023
f 13030 13031 13035
f 13036 13030 13035
f 13033 13030 13036
f 13035 13031 13037
f 13031 13032 13038
f 13031 13038 13037
f 13036 13035 13039
f 13039 13035 13040
f 13035 13037 13040
f 13041 13033 13036
f 13042 13034 13033
f 13042 13033 13041
f 13043 13036 13039
f 13041 13036 13043
f 13044 13028 13027
f 13028 13045 13029
f 13046 13045 13028
f 13044 13046 13028
f 13047 13027 13034
f 13047 13044 13027
f 13029 13048 13026
f 13045 13049 13029
f 13029 13049 13048
f 13026 13050 13032
f 13026 13048 13050
f 13039 13040 13051
f 13043 13039 13052
f 13052 13039 13051
f 13046 13053 13045
f 13053 13054 13045
f 13045 13054 13049
f 13032 13055 13038
f 13032 13050 13055
f 13040 13037 13056
f 13037 13038 13057
f 13037 13057 13056
f 13051 13040 13058
f 13040 13056 13058
f 13059 13034 13042
f 13059 13047 13034
f 13060 13041 13043
f 13061 13041 13060
f 13061 13042 13041
f 13062 13043 13052
f 13060 13043 13062
f 13063 13046 13044
f 13064 13053 13046
f 13063 13064 13046
f 13065 13044 13047
f 13065 13063 13044
f 13062 13052 13066
f 13052 13051 13067
f 13066 13052 13067
f 13068 13060 13062
f 13068 13062 13069
f 13069 13062 13066
f 13070 13060 13068
f 13070 13061 13060
f 13064 13071 13053
f 13071 13072 13053
f 13053 13072 13054
f 13038 13073 13057
f 13038 13055 13073
f 13051 13058 13074
f 13067 13051 13074
f 13075 13042 13061
f 13075 13059 13042
f 13076 13068 13069
f 13077 13068 13076
f 13077 13070 13068
f 13069 13066 13078
f 13079 13069 13078
f 13076 13069 13079
f 13056 13057 13080
f 13058 13056 13081
f 13056 13080 13081
f 13082 13047 13059
f 13082 13065 13047
f 13066 13067 13083
f 13078 13066 13083
f 13049 13084 13048
f 13054 13085 13049
f 13049 13085 13084
f 13048 13086 13050
f 13048 13084 13086
f 13057 13087 13080
f 13057 13073 13087
f 13088 13064 13063
f 13089 13071 13064
f 13088 13089 13064
f 13090 13088 13063
f 13090 13063 13065
f 13058 13081 13091
f 13074 13058 13091
f 13067 13074 13092
f 13083 13067 13092
f 13093 13061 13070
f 13093 13075 13061
f 13079 13078 13094
f 13094 13078 13095
f 13078 13083 13095
f 13096 13076 13079
f 13097 13077 13076
f 13097 13076 13096
f 13098 13079 13094
f 13096 13079 13098
f 13050 13099 13055
f 13050 13086 13099
f 13089 13100 13071
f 13071 13101 13072
f 13100 13101 13071
f 13102 13070 13077
f 13102 13093 13070
f 13072 13103 13054
f 13054 13103 13085
f 13104 13100 13089
f 13105 13104 13089
f 13105 13089 13088
f 13081 13080 13106
f 13091 13081 13107
f 13081 13106 13107
f 13074 13091 13108
f 13092 13074 13108
f 13109 13059 13075
f 13109 13082 13059
f 13098 13094 13110
f 13094 13095 13111
f 13110 13094 13111
f 13101 13112 13072
f 13072 13112 13103
f 13055 13113 13073
f 13055 13099 13113
f 13104 13114 13100
f 13114 13115 13100
f 13100 13115 13101
f 13080 13116 13106
f 13080 13087 13116
f 13107 13114 13104
f 13117 13107 13104
f 13117 13104 13105
f 13091 13107 13117
f 13107 13106 13114
f 13118 13105 13088
f 13118 13088 13090
f 13108 13091 13117
f 13119 13090 13065
f 13119 13065 13082
f 13083 13092 13120
f 13095 13083 13120
f 13121 13077 13097
f 13121 13102 13077
f 13122 13096 13098
f 13123 13097 13096
f 13123 13096 13122
f 13124 13098 13110
f 13122 13098 13124
f 13106 13125 13114
f 13114 13125 13115
f 13106 13116 13125
f 13126 13117 13105
f 13126 13105 13118
f 13108 13117 13126
f 13092 13108 13127
f 13120 13092 13127
f 13128 13075 13093
f 13128 13109 13075
f 13111 13095 13129
f 13095 13120 13129
f 13115 13130 13101
f 13101 13130 13112
f 13073 13131 13087
f 13073 13113 13131
f 13132 13118 13090
f 13132 13090 13119
f 13127 13108 13126
f 13133 13082 13109
f 13133 13119 13082
f 13134 13093 13102
f 13134 13128 13093
f 13110 13111 13135
f 13111 13129 13136
f 13135 13111 13136
f 13137 13121 13097
f 13137 13097 13123
f 13124 13110 13138
f 13138 13110 13135
f 13125 13139 13115
f 13115 13139 13130
f 13087 13140 13116
f 13087 13131 13140
f 13141 13126 13118
f 13141 13118 13132
f 13127 13126 13141
f 13120 13127 13142
f 13129 13120 13142
f 13143 13102 13121
f 13143 13134 13102
f 13116 13144 13125
f 13125 13144 13139
f 13116 13140 13144
f 13142 13127 13141
f 13145 13109 13128
f 13145 13133 13109
f 13146 13122 13124
f 13147 13123 13122
f 13147 13122 13146
f 13148 13124 13138
f 13146 13124 13148
f 13085 13149 13084
f 13103 13150 13085
f 13085 13150 13149
f 13084 13151 13086
f 13084 13149 13151
f 13152 13132 13119
f 13152 13119 13133
f 13136 13129 13153
f 13129 13142 13153
f 13135 13136 13154
f 13138 13135 13155
f 13155 13135 13154
f 13112 13156 13103
f 13103 13156 13150
f 13086 13157 13099
f 13086 13151 13157
f 13158 13141 13132
f 13158 13132 13152
f 13142 13141 13158
f 13159 13128 13134
f 13159 13145 13128
f 13160 13143 13121
f 13160 13121 13137
f 13136 13153 13161
f 13154 13136 13161
f 13162 13138 13155
f 13148 13138 13162
f 13099 13163 13113
f 13099 13157 13163
f 13164 13152 13133
f 13164 13133 13145
f 13153 13142 13158
f 13165 13159 13134
f 13165 13134 13143
f 13166 13137 13123
f 13166 13123 13147
f 13130 13167 13112
f 13112 13167 13156
f 13113 13168 13131
f 13113 13163 13168
f 13153 13158 13169
f 13161 13153 13169
f 13139 13170 13130
f 13130 13170 13167
f 13169 13158 13152
f 13169 13152 13164
f 13171 13145 13159
f 13171 13164 13145
f 13155 13154 13172
f 13154 13161 13173
f 13172 13154 13173
f 13162 13155 13174
f 13174 13155 13172
f 13144 13175 13139
f 13139 13175 13170
f 13131 13176 13140
f 13131 13168 13176
f 13177 13171 13159
f 13177 13159 13165
f 13161 13169 13178
f 13173 13161 13178
f 13179 13165 13143
f 13179 13143 13160
f 13180 13160 13137
f 13180 13137 13166
f 13181 13146 13148
f 13182 13147 13146
f 13182 13146 13181
f 13183 13148 13162
f 13181 13148 13183
f 13140 13184 13144
f 13144 13184 13175
f 13140 13176 13184
f 13178 13169 13164
f 13178 13164 13171
f 13185 13162 13174
f 13183 13162 13185
f 13186 13178 13171
f 13186 13171 13177
f 13173 13178 13186
f 13187 13166 13147
f 13187 13147 13182
f 13172 13173 13188
f 13188 13173 13186
f 13189 13177 13165
f 13189 13165 13179
f 13174 13172 13190
f 13190 13172 13188
f 13191 13179 13160
f 13191 13160 13180
f 13192 13186 13177
f 13192 13177 13189
f 13188 13186 13192
f 13185 13174 13193
f 13193 13174 13190
f 13194 13180 13166
f 13194 13166 13187
f 13195 13181 13183
f 13196 13183 13185
f 13195 13183 13196
f 13197 13182 13181
f 13197 13181 13195
f 13150 13198 13149
f 13156 13199 13150
f 13150 13199 13198
f 13149 13200 13151
f 13149 13198 13200
f 13190 13188 13201
f 13201 13188 13192
f 13167 13202 13156
f 13156 13202 13199
f 13151 13203 13157
f 13151 13200 13203
f 13204 13189 13179
f 13204 13179 13191
f 13205 13185 13193
f 13196 13185 13205
f 13157 13206 13163
f 13157 13203 13206
f 13207 13187 13182
f 13207 13182 13197
f 13170 13208 13167
f 13167 13208 13202
f 13193 13190 13209
f 13209 13190 13201
f 13175 13210 13170
f 13170 13210 13208
f 13163 13211 13168
f 13163 13206 13211
f 13212 13192 13189
f 13212 13189 13204
f 13201 13192 13212
f 13213 13191 13180
f 13213 13180 13194
f 13168 13214 13176
f 13168 13211 13214
f 13184 13215 13175
f 13175 13215 13210
f 13176 13216 13184
f 13184 13216 13215
f 13176 13214 13216
f 13205 13193 13217
f 13217 13193 13209
f 13218 13194 13187
f 13218 13187 13207
f 13219 13201 13212
f 13209 13201 13219
f 13220 13204 13191
f 13220 13191 13213
f 13221 13195 13196
f 13222 13197 13195
f 13222 13195 13221
f 13223 13196 13205
f 13221 13196 13223
f 13224 13212 13204
f 13224 13204 13220
f 13219 13212 13224
f 13225 13205 13217
f 13223 13205 13225
f 13217 13209 13226
f 13226 13209 13219
f 13227 13207 13197
f 13227 13197 13222
f 13228 13213 13194
f 13228 13194 13218
f 13229 13217 13226
f 13225 13217 13229
f 13230 13219 13224
f 13226 13219 13230
f 13231 13218 13207
f 13231 13207 13227
f 13232 13220 13213
f 13232 13213 13228
f 13233 13221 13223
f 13234 13222 13221
f 13234 13221 13233
f 13235 13223 13225
f 13233 13223 13235
f 13236 13224 13220
f 13230 13224 13236
f 13236 13220 13232
f 13229 13226 13237
f 13237 13226 13230
f 13238 13225 13229
f 13235 13225 13238
f 13239 13227 13222
f 13239 13222 13234
f 13199 13240 13198
f 13202 13241 13199
f 13199 13241 13240
f 13198 13242 13200
f 13198 13240 13242
f 13200 13243 13203
f 13200 13242 13243
f 13244 13228 13218
f 13244 13218 13231
f 13208 13245 13202
f 13202 13245 13241
f 13203 13246 13206
f 13203 13243 13246
f 13210 13247 13208
f 13208 13247 13245
f 13206 13248 13211
f 13206 13246 13248
f 13215 13249 13210
f 13210 13249 13247
f 13211 13250 13214
f 13211 13248 13250
f 13251 13229 13237
f 13238 13229 13251
f 13216 13252 13215
f 13215 13252 13249
f 13214 13253 13216
f 13216 13253 13252
f 13214 13250 13253
f 13254 13232 13228
f 13254 13228 13244
f 13255 13230 13236
f 13237 13230 13255
f 13256 13231 13227
f 13256 13227 13239
f 13257 13233 13235
f 13258 13235 13238
f 13257 13235 13258
f 13259 13236 13232
f 13259 13232 13254
f 13255 13236 13259
f 13260 13234 13233
f 13260 13233 13257
f 13261 13237 13255
f 13251 13237 13261
f 13262 13238 13251
f 13258 13238 13262
f 13263 13239 13234
f 13263 13234 13260
f 13264 13244 13231
f 13264 13231 13256
f 13265 13255 13259
f 13261 13255 13265
f 13262 13251 13266
f 13266 13251 13261
f 13267 13254 13244
f 13267 13244 13264
f 13268 13256 13239
f 13268 13239 13263
f 13269 13257 13258
f 13270 13258 13262
f 13269 13258 13270
f 13271 13260 13257
f 13271 13257 13269
f 13272 13259 13254
f 13265 13259 13272
f 13272 13254 13267
f 13273 13262 13266
f 13270 13262 13273
f 13266 13261 13274
f 13274 13261 13265
f 13275 13263 13260
f 13275 13260 13271
f 13276 13264 13256
f 13276 13256 13268
f 13273 13266 13277
f 13277 13266 13274
f 13278 13265 13272
f 13274 13265 13278
f 13279 13268 13263
f 13279 13263 13275
f 13280 13269 13270
f 13281 13270 13273
f 13280 13270 13281
f 13282 13267 13264
f 13282 13264 13276
f 13283 13271 13269
f 13283 13269 13280
f 13284 13272 13267
f 13278 13272 13284
f 13285 13273 13277
f 13281 13273 13285
f 13284 13267 13282
f 13286 13275 13271
f 13286 13271 13283
f 13277 13274 13287
f 13287 13274 13278
f 13241 13288 13240
f 13245 13288 13241
f 13240 13288 13242
f 13242 13288 13243
f 13247 13288 13245
f 13243 13288 13246
f 13289 13276 13268
f 13289 13268 13279
f 13249 13288 13247
f 13246 13288 13248
f 13252 13288 13249
f 13253 13288 13252
f 13250 13288 13253
f 13248 13288 13250
f 13285 13277 13290
f 13290 13277 13287
f 13291 13280 13281
f 13292 13283 13280
f 13292 13280 13291
f 13293 13281 13285
f 13291 13281 13293
f 13294 13278 13284
f 13287 13278 13294
f 13295 13279 13275
f 13295 13275 13286
f 13296 13282 13276
f 13296 13276 13289
f 13293 13285 13297
f 13297 13285 13290
f 13298 13286 13283
f 13298 13283 13292
f 13299 13284 13282
f 13294 13284 13299
f 13299 13282 13296
f 13290 13287 13300
f 13300 13287 13294
f 13301 13291 13293
f 13302 13293 13297
f 13301 13293 13302
f 13303 13289 13279
f 13303 13279 13295
f 13297 13290 13304
f 13304 13290 13300
f 13305 13292 13291
f 13305 13291 13301
f 13302 13297 13306
f 13306 13297 13304
f 13307 13295 13286
f 13307 13286 13298
f 13308 13294 13299
f 13300 13294 13308
f 13309 13292 13305
f 13309 13298 13292
f 13310 13301 13302
f 13311 13302 13306
f 13310 13302 13311
f 13312 13305 13301
f 13312 13301 13310
f 13313 13296 13289
f 13313 13289 13303
f 13314 13299 13296
f 13308 13299 13314
f 13304 13300 13315
f 13315 13300 13308
f 13306 13304 13316
f 13316 13304 13315
f 13311 13306 13317
f 13317 13306 13316
f 13314 13296 13313
f 13318 13309 13305
f 13318 13305 13312
f 13319 13303 13295
f 13319 13295 13307
f 13320 13298 13309
f 13320 13307 13298
f 13321 13310 13311
f 13322 13311 13317
f 13321 13311 13322
f 13323 13312 13310
f 13323 13310 13321
f 13317 13316 13324
f 13316 13315 13325
f 13324 13316 13325
f 13315 13308 13326
f 13326 13308 13314
f 13327 13317 13324
f 13322 13317 13327
f 13325 13315 13326
f 13328 13313 13303
f 13328 13303 13319
f 13329 13320 13309
f 13329 13309 13318
f 13330 13318 13312
f 13330 13312 13323
f 13331 13314 13313
f 13326 13314 13331
f 13332 13307 13320
f 13332 13319 13307
f 13331 13313 13328
f 13324 13325 13333
f 13325 13326 13334
f 13333 13325 13334
f 13327 13324 13335
f 13335 13324 13333
f 13336 13321 13322
f 13337 13322 13327
f 13336 13322 13337
f 13338 13323 13321
f 13338 13321 13336
f 13334 13326 13331
f 13339 13332 13320
f 13339 13320 13329
f 13340 13329 13318
f 13340 13318 13330
f 13341 13327 13335
f 13337 13327 13341
f 13342 13328 13319
f 13342 13319 13332
f 13343 13330 13323
f 13343 13323 13338
f 13344 13331 13328
f 13334 13331 13344
f 13344 13328 13342
f 13333 13334 13345
f 13345 13334 13344
f 13335 13333 13346
f 13346 13333 13345
f 13347 13342 13332
f 13347 13332 13339
f 13341 13335 13348
f 13348 13335 13346
f 13349 13344 13342
f 13345 13344 13349
f 13350 13339 13329
f 13350 13329 13340
f 13351 13336 13337
f 13352 13338 13336
f 13352 13336 13351
f 13353 13337 13341
f 13351 13337 13353
f 13349 13342 13347
f 13354 13340 13330
f 13354 13330 13343
f 13346 13345 13355
f 13355 13345 13349
f 13356 13341 13348
f 13353 13341 13356
f 13357 13347 13339
f 13357 13339 13350
f 13348 13346 13358
f 13358 13346 13355
f 13359 13343 13338
f 13359 13338 13352
f 13360 13349 13347
f 13355 13349 13360
f 13360 13347 13357
f 13361 13350 13340
f 13361 13340 13354
f 13356 13348 13362
f 13362 13348 13358
f 13363 13351 13353
f 13364 13353 13356
f 13363 13353 13364
f 13365 13354 13343
f 13365 13343 13359
f 13366 13352 13351
f 13366 13351 13363
f 13367 13355 13360
f 13358 13355 13367
f 13368 13356 13362
f 13364 13356 13368
f 13369 13357 13350
f 13369 13350 13361
f 13370 13360 13357
f 13367 13360 13370
f 13362 13358 13371
f 13371 13358 13367
f 13372 13359 13352
f 13372 13352 13366
f 13370 13357 13369
f 13373 13361 13354
f 13373 13354 13365
f 13368 13362 13374
f 13374 13362 13371
f 13375 13363 13364
f 13376 13364 13368
f 13375 13364 13376
f 13377 13367 13370
f 13371 13367 13377
f 13378 13365 13359
f 13378 13359 13372
f 13379 13366 13363
f 13379 13363 13375
f 13380 13369 13361
f 13380 13361 13373
f 13381 13368 13374
f 13376 13368 13381
f 13382 13370 13369
f 13377 13370 13382
f 13374 13371 13383
f 13383 13371 13377
f 13384 13372 13366
f 13384 13366 13379
f 13382 13369 13380
f 13385 13373 13365
f 13385 13365 13378
f 13381 13374 13386
f 13386 13374 13383
f 13387 13375 13376
f 13388 13376 13381
f 13387 13376 13388
f 13389 13377 13382
f 13383 13377 13389
f 13390 13378 13372
f 13390 13372 13384
f 13391 13379 13375
f 13391 13375 13387
f 13392 13380 13373
f 13392 13373 13385
f 13393 13381 13386
f 13388 13381 13393
f 13394 13382 13380
f 13389 13382 13394
f 13386 13383 13395
f 13395 13383 13389
f 13396 13384 13379
f 13396 13379 13391
f 13394 13380 13392
f 13397 13385 13378
f 13397 13378 13390
f 13393 13386 13398
f 13398 13386 13395
f 13399 13387 13388
f 13400 13388 13393
f 13399 13388 13400
f 13401 13391 13387
f 13401 13387 13399
f 13402 13389 13394
f 13395 13389 13402
f 13403 13390 13384
f 13403 13384 13396
f 13404 13393 13398
f 13400 13393 13404
f 13405 13392 13385
f 13405 13385 13397
f 13406 13396 13391
f 13406 13391 13401
f 13407 13394 13392
f 13402 13394 13407
f 13398 13395 13408
f 13408 13395 13402
f 13407 13392 13405
f 13409 13397 13390
f 13409 13390 13403
f 13404 13398 13410
f 13410 13398 13408
f 13411 13399 13400
f 13412 13401 13399
f 13412 13399 13411
f 13413 13400 13404
f 13411 13400 13413
f 13414 13403 13396
f 13414 13396 13406
f 13413 13404 13415
f 13415 13404 13410
f 13408 13402 13416
f 13416 13402 13407
f 13417 13406 13401
f 13417 13401 13412
f 13418 13405 13397
f 13418 13397 13409
f 13419 13411 13413
f 13420 13413 13415
f 13419 13413 13420
f 13410 13408 13421
f 13421 13408 13416
f 13422 13412 13411
f 13422 13411 13419
f 13423 13407 13405
f 13416 13407 13423
f 13415 13410 13424
f 13424 13410 13421
f 13423 13405 13418
f 13420 13415 13425
f 13425 13415 13424
f 13426 13409 13403
f 13426 13403 13414
f 13427 13419 13420
f 13428 13420 13425
f 13427 13420 13428
f 13429 13406 13417
f 13429 13414 13406
f 13430 13412 13422
f 13430 13417 13412
f 13431 13419 13427
f 13431 13422 13419
f 13428 13425 13432
f 13433 13427 13428
f 13434 13428 13432
f 13433 13428 13434
f 13425 13424 13435
f 13432 13425 13435
f 13436 13427 13433
f 13436 13431 13427
f 13421 13416 13437
f 13437 13416 13423
f 13434 13432 13438
f 13439 13433 13434
f 13440 13434 13438
f 13439 13434 13440
f 13441 13418 13409
f 13441 13409 13426
f 13424 13421 13442
f 13442 13421 13437
f 13435 13424 13442
f 13443 13422 13431
f 13443 13430 13422
f 13438 13432 13444
f 13432 13435 13444
f 13445 13436 13433
f 13445 13433 13439
f 13438 13444 13446
f 13440 13438 13447
f 13447 13438 13446
f 13448 13423 13418
f 13437 13423 13448
f 13449 13417 13430
f 13449 13429 13417
f 13450 13431 13436
f 13450 13443 13431
f 13448 13418 13441
f 13451 13426 13414
f 13451 13414 13429
f 13444 13435 13452
f 13435 13442 13452
f 13446 13444 13453
f 13444 13452 13453
f 13454 13436 13445
f 13454 13450 13436
f 13455 13439 13440
f 13456 13440 13447
f 13455 13440 13456
f 13457 13445 13439
f 13457 13439 13455
f 13442 13437 13458
f 13458 13437 13448
f 13452 13442 13458
f 13459 13430 13443
f 13459 13449 13430
f 13447 13446 13460
f 13446 13453 13461
f 13460 13446 13461
f 13462 13447 13460
f 13456 13447 13462
f 13463 13441 13426
f 13463 13426 13451
f 13464 13443 13450
f 13464 13459 13443
f 13465 13429 13449
f 13465 13451 13429
f 13466 13448 13441
f 13458 13448 13466
f 13453 13452 13467
f 13452 13458 13467
f 13468 13454 13445
f 13468 13445 13457
f 13466 13441 13463
f 13469 13450 13454
f 13469 13464 13450
f 13461 13453 13470
f 13453 13467 13470
f 13467 13458 13466
f 13471 13449 13459
f 13471 13465 13449
f 13460 13461 13472
f 13461 13470 13473
f 13472 13461 13473
f 13462 13460 13474
f 13474 13460 13472
f 13475 13455 13456
f 13476 13456 13462
f 13475 13456 13476
f 13477 13463 13451
f 13477 13451 13465
f 13478 13457 13455
f 13478 13455 13475
f 13479 13459 13464
f 13479 13471 13459
f 13467 13466 13480
f 13480 13466 13463
f 13470 13467 13480
f 13480 13463 13477
f 13481 13469 13454
f 13481 13454 13468
f 13482 13462 13474
f 13476 13462 13482
f 13470 13480 13483
f 13473 13470 13483
f 13484 13479 13464
f 13484 13464 13469
f 13485 13465 13471
f 13485 13477 13465
f 13486 13468 13457
f 13486 13457 13478
f 13483 13480 13477
f 13487 13485 13471
f 13487 13471 13479
f 13472 13473 13488
f 13473 13483 13489
f 13488 13473 13489
f 13474 13472 13490
f 13490 13472 13488
f 13483 13477 13485
f 13489 13483 13485
f 13491 13474 13490
f 13482 13474 13491
f 13489 13485 13487
f 13492 13487 13479
f 13492 13479 13484
f 13493 13484 13469
f 13493 13469 13481
f 13494 13489 13487
f 13488 13489 13494
f 13494 13487 13492
f 13495 13481 13468
f 13495 13468 13486
f 13496 13475 13476
f 13497 13476 13482
f 13496 13476 13497
f 13490 13488 13498
f 13498 13488 13494
f 13499 13478 13475
f 13499 13475 13496
f 13500 13492 13484
f 13500 13484 13493
f 13491 13490 13501
f 13501 13490 13498
f 13502 13482 13491
f 13497 13482 13502
f 13503 13494 13492
f 13498 13494 13503
f 13504 13486 13478
f 13504 13478 13499
f 13503 13492 13500
f 13505 13493 13481
f 13505 13481 13495
f 13506 13491 13501
f 13502 13491 13506
f 13507 13498 13503
f 13501 13498 13507
f 13508 13495 13486
f 13508 13486 13504
f 13509 13500 13493
f 13509 13493 13505
f 13510 13503 13500
f 13507 13503 13510
f 13511 13496 13497
f 13512 13497 13502
f 13511 13497 13512
f 13510 13500 13509
f 13513 13501 13507
f 13506 13501 13513
f 13514 13499 13496
f 13514 13496 13511
f 13515 13502 13506
f 13512 13502 13515
f 13516 13505 13495
f 13516 13495 13508
f 13517 13504 13499
f 13517 13499 13514
f 13518 13507 13510
f 13513 13507 13518
f 13519 13506 13513
f 13515 13506 13519
f 13520 13509 13505
f 13520 13505 13516
f 13521 13508 13504
f 13521 13504 13517
f 13522 13510 13509
f 13518 13510 13522
f 13522 13509 13520
f 13523 13513 13518
f 13519 13513 13523
f 13524 13511 13512
f 13525 13514 13511
f 13525 13511 13524
f 13526 13512 13515
f 13524 13512 13526
f 13527 13516 13508
f 13527 13508 13521
f 13528 13515 13519
f 13526 13515 13528
f 13529 13517 13514
f 13529 13514 13525
f 13530 13518 13522
f 13523 13518 13530
f 13531 13520 13516
f 13531 13516 13527
f 13532 13519 13523
f 13528 13519 13532
f 13533 13522 13520
f 13530 13522 13533
f 13533 13520 13531
f 13534 13521 13517
f 13534 13517 13529
f 13535 13523 13530
f 13532 13523 13535
f 13536 13524 13526
f 13537 13526 13528
f 13536 13526 13537
f 13538 13527 13521
f 13538 13521 13534
f 13539 13525 13524
f 13539 13524 13536
f 13540 13530 13533
f 13535 13530 13540
f 13541 13529 13525
f 13541 13525 13539
f 13542 13528 13532
f 13537 13528 13542
f 13543 13531 13527
f 13543 13527 13538
f 13544 13533 13531
f 13544 13531 13543
f 13540 13533 13544
f 13545 13532 13535
f 13542 13532 13545
f 13546 13534 13529
f 13546 13529 13541
f 13547 13538 13534
f 13547 13534 13546
f 13548 13535 13540
f 13545 13535 13548
f 13549 13536 13537
f 13550 13539 13536
f 13550 13536 13549
f 13551 13537 13542
f 13549 13537 13551
f 13552 13543 13538
f 13552 13538 13547
f 13553 13544 13543
f 13553 13543 13552
f 13554 13540 13544
f 13554 13544 13553
f 13548 13540 13554
f 13555 13541 13539
f 13555 13539 13550
f 13556 13542 13545
f 13551 13542 13556
f 13557 13546 13541
f 13557 13541 13555
f 13558 13545 13548
f 13556 13545 13558
f 13559 13548 13554
f 13558 13548 13559
f 13560 13547 13546
f 13560 13546 13557
f 13561 13549 13551
f 13562 13550 13549
f 13562 13549 13561
f 13563 13551 13556
f 13561 13551 13563
f 13564 13554 13553
f 13559 13554 13564
f 13565 13556 13558
f 13563 13556 13565
f 13566 13552 13547
f 13566 13547 13560
f 13567 13555 13550
f 13567 13550 13562
f 13568 13553 13552
f 13568 13552 13566
f 13564 13553 13568
f 13569 13558 13559
f 13565 13558 13569
f 13570 13557 13555
f 13570 13555 13567
f 13571 13559 13564
f 13569 13559 13571
f 13572 13560 13557
f 13572 13557 13570
f 13573 13561 13563
f 13574 13562 13561
f 13574 13561 13573
f 13575 13563 13565
f 13573 13563 13575
f 13576 13564 13568
f 13571 13564 13576
f 13577 13566 13560
f 13577 13560 13572
f 13578 13567 13562
f 13578 13562 13574
f 13579 13565 13569
f 13575 13565 13579
f 13580 13568 13566
f 13580 13566 13577
f 13576 13568 13580
f 13581 13570 13567
f 13581 13567 13578
f 13582 13569 13571
f 13579 13569 13582
f 13583 13571 13576
f 13582 13571 13583
f 13584 13572 13570
f 13584 13570 13581
f 13585 13573 13575
f 13586 13574 13573
f 13586 13573 13585
f 13587 13575 13579
f 13585 13575 13587
f 13588 13576 13580
f 13583 13576 13588
f 13589 13577 13572
f 13589 13572 13584
f 13590 13578 13574
f 13590 13574 13586
f 13591 13579 13582
f 13587 13579 13591
f 13592 13580 13577
f 13592 13577 13589
f 13588 13580 13592
f 13593 13582 13583
f 13591 13582 13593
f 13594 13581 13578
f 13594 13578 13590
f 13595 13584 13581
f 13595 13581 13594
f 13596 13583 13588
f 13593 13583 13596
f 13597 13589 13584
f 13597 13584 13595
f 13598 13588 13592
f 13596 13588 13598
f 13599 13592 13589
f 13599 13589 13597
f 13598 13592 13599
